timestamp_ms,acc_x,acc_y,acc_z,gyro_x,gyro_y,gyro_z
1773774673665,0.0893555,-0.215332,0.989746,0.00106526,0.000532632,0.000532632
1773774673736,0.0893555,-0.214844,0.98877,0.00106526,-0.000532632,0
1773774673817,0.0893555,-0.216309,0.991211,-0.000532632,-0.000532632,0.000532632
1773774673887,0.0893555,-0.216309,0.990234,0,0.000532632,0.000532632
1773774673970,0.0893555,-0.214355,0.98877,0,-0.000532632,-0.000532632
1773774674050,0.0908203,-0.21582,0.98877,0,0.000532632,-0.000532632
1773774674122,0.0893555,-0.213379,0.989746,0.000532632,0.000532632,0.0015979
1773774674199,0.0878906,-0.21582,0.988281,0,0,0
1773774674280,0.0893555,-0.214355,0.989746,-0.000532632,0,0
1773774674351,0.0883789,-0.213379,0.991211,-0.000532632,0.000532632,0
1773774674430,0.09375,-0.216309,0.991211,0.000532632,0,0.000532632
1773774674511,0.0913086,-0.215332,0.990234,0.000532632,0,-0.000532632
1773774674582,0.0888672,-0.214355,0.990234,0.000532632,0,0.000532632
1773774674662,0.0893555,-0.214844,0.992188,0,0,-0.000532632
1773774674743,0.0898438,-0.214355,0.989258,0,-0.000532632,0.000532632
1773774674813,0.0893555,-0.215332,0.993164,0,0,-0.00106526
1773774674896,0.0874023,-0.214844,0.991211,0.000532632,0,-0.00106526
1773774674974,0.090332,-0.214844,0.989746,0.000532632,0,0
1773774675045,0.0878906,-0.217285,0.990234,0,0,-0.000532632
1773774675125,0.0893555,-0.214844,0.990723,0.000532632,0,-0.000532632
1773774675196,0.0874023,-0.216797,0.988281,0.000532632,-0.00106526,-0.000532632
1773774675276,0.0874023,-0.214844,0.990723,0.000532632,-0.000532632,0.000532632
1773774675357,0.0883789,-0.216309,0.989258,0.000532632,0,0
1773774675429,0.0869141,-0.217285,0.990723,0,-0.000532632,-0.0015979
1773774675508,0.090332,-0.216309,0.991699,0.0015979,-0.000532632,-0.000532632
1773774675589,0.0888672,-0.21582,0.990723,-0.000532632,0.000532632,0
1773774675660,0.0874023,-0.217285,0.989258,0,0.000532632,-0.000532632
1773774675740,0.0878906,-0.216309,0.990234,0.000532632,-0.0015979,0.000532632
1773774675820,0.0888672,-0.215332,0.990723,0,-0.000532632,0.000532632
1773774675891,0.0874023,-0.214844,0.990234,0,0,0
1773774675971,0.0893555,-0.21582,0.991211,-0.000532632,-0.000532632,0.00106526
1773774676052,0.0908203,-0.213867,0.991699,0.00106526,-0.000532632,0.000532632
1773774676122,0.0893555,-0.214844,0.990234,-0.000532632,-0.00106526,0.000532632
1773774676203,0.0874023,-0.215332,0.991699,0.000532632,-0.000532632,-0.000532632
1773774676273,0.0893555,-0.216797,0.990723,0.000532632,0.000532632,0.00106526
1773774676354,0.0874023,-0.214844,0.990723,0,0,0
1773774676434,0.0883789,-0.214844,0.989746,-0.000532632,-0.000532632,0
1773774676505,0.0898438,-0.216797,0.990234,-0.000532632,0,0.000532632
1773774676585,0.0893555,-0.214844,0.989746,0.000532632,0,0.00106526
1773774676666,0.0893555,-0.213379,0.991211,0.00106526,0.000532632,0
1773774676736,0.0874023,-0.215332,0.992188,0,0,0.00106526
1773774676817,0.0869141,-0.217285,0.990723,0.000532632,0.000532632,0.00106526
1773774676898,0.0888672,-0.21582,0.989746,0,-0.000532632,0
1773774676968,0.0883789,-0.213867,0.990234,0,-0.000532632,0
1773774677049,0.0869141,-0.217285,0.990723,0,0,0
1773774677129,0.0878906,-0.216309,0.987793,0,0,-0.000532632
1773774677200,0.0883789,-0.215332,0.991699,0,-0.000532632,0
1773774677280,0.0874023,-0.216309,0.991211,0.000532632,-0.00106526,0.0015979
1773774677361,0.0893555,-0.216309,0.990234,0.00106526,0,-0.000532632
1773774677431,0.0878906,-0.21582,0.990723,0.000532632,0,-0.00106526
1773774677514,0.0893555,-0.217285,0.991211,0,0,0.000532632
1773774677582,0.0893555,-0.218262,0.990234,0,-0.000532632,0
1773774677663,0.0888672,-0.213867,0.990234,0.000532632,0,0.00106526
1773774677733,0.0883789,-0.215332,0.989746,-0.000532632,0.000532632,0.000532632
1773774677815,0.0869141,-0.21582,0.990723,0,-0.000532632,0
1773774677895,0.0893555,-0.21582,0.989258,-0.000532632,-0.00106526,0.000532632
1773774677975,0.090332,-0.21582,0.990234,0.000532632,0,0
1773774678046,0.0898438,-0.214844,0.991211,0,-0.00106526,0
1773774678126,0.0883789,-0.213379,0.991211,-0.000532632,-0.000532632,0
1773774678206,0.0893555,-0.216309,0.989746,0.000532632,-0.000532632,0.00106526
1773774678277,0.0883789,-0.215332,0.989258,0.000532632,-0.0015979,0
1773774678357,0.0878906,-0.21582,0.989258,0,-0.000532632,0.000532632
1773774678438,0.0888672,-0.216309,0.990234,-0.000532632,-0.000532632,0.000532632
1773774678508,0.0888672,-0.215332,0.989258,0,0,-0.000532632
1773774678589,0.0908203,-0.213867,0.989258,0.000532632,-0.000532632,0.000532632
1773774678660,0.0878906,-0.214355,0.991211,0,-0.000532632,-0.000532632
1773774678740,0.0898438,-0.215332,0.989258,-0.000532632,-0.00106526,0.00106526
1773774678820,0.0893555,-0.214355,0.989746,0,0,0
1773774678901,0.090332,-0.21582,0.990723,0.00106526,0.000532632,0
1773774678971,0.0883789,-0.215332,0.989746,0,-0.000532632,-0.000532632
1773774679052,0.0888672,-0.216309,0.989746,0.00106526,0.000532632,-0.0015979
1773774679124,0.0878906,-0.214844,0.990723,0.00106526,0,0
1773774679203,0.0893555,-0.217285,0.989258,0,0.00106526,0
1773774679284,0.0883789,-0.216309,0.989258,-0.000532632,-0.00106526,0.000532632
1773774679354,0.0908203,-0.217285,0.991211,0,0.000532632,-0.000532632
1773774679434,0.0888672,-0.215332,0.989258,0,0,0
1773774679515,0.0878906,-0.216309,0.988281,0.000532632,0,-0.00106526
1773774679586,0.090332,-0.214844,0.991699,-0.00106526,-0.0015979,0
1773774679666,0.0888672,-0.217285,0.990234,0.000532632,0,-0.000532632
1773774679747,0.0893555,-0.21582,0.988281,0,-0.000532632,0.000532632
1773774679817,0.0874023,-0.216797,0.990234,-0.000532632,0.000532632,-0.000532632
1773774679898,0.0888672,-0.215332,0.989258,0,0,0.0015979
1773774679969,0.0888672,-0.21582,0.98877,-0.000532632,0,-0.000532632
1773774680049,0.0874023,-0.214844,0.991211,0,-0.000532632,-0.00106526
1773774680129,0.0893555,-0.216797,0.98877,0.000532632,-0.000532632,-0.00106526
1773774680210,0.0898438,-0.214844,0.991211,0,0,0.0015979
1773774680281,0.0883789,-0.215332,0.990723,0.00106526,-0.000532632,-0.000532632
1773774680361,0.0874023,-0.215332,0.989258,0,-0.000532632,-0.000532632
1773774680432,0.0883789,-0.215332,0.990234,0,0.000532632,0
1773774680512,0.0878906,-0.21582,0.990723,0.000532632,0.00106526,-0.00106526
1773774680593,0.090332,-0.216309,0.991211,0.00213053,0,-0.000532632
1773774680663,0.0898438,-0.21582,0.989258,0.00106526,0.000532632,0
1773774680744,0.090332,-0.21582,0.98877,0,-0.000532632,0.000532632
1773774680824,0.0878906,-0.217773,0.992188,-0.00106526,-0.000532632,-0.000532632
1773774680895,0.0883789,-0.217773,0.989258,-0.000532632,0,0.000532632
1773774680975,0.0893555,-0.213867,0.992188,0,0,0
1773774681056,0.090332,-0.214844,0.989746,0,0,0
1773774681127,0.0883789,-0.217773,0.989258,0,-0.00106526,0.000532632
1773774681207,0.0878906,-0.214844,0.990723,0.000532632,-0.000532632,0.000532632
1773774681279,0.0908203,-0.21582,0.991699,0,-0.00106526,-0.000532632
1773774681358,0.0893555,-0.215332,0.989258,-0.000532632,-0.000532632,0.000532632
1773774681438,0.0883789,-0.214844,0.989746,0.000532632,0,-0.000532632
1773774681519,0.0883789,-0.215332,0.989746,-0.000532632,-0.000532632,0.000532632
1773774681590,0.0893555,-0.216309,0.990723,0,0,-0.000532632
1773774681670,0.0883789,-0.216309,0.990723,0,0,-0.000532632
1773774681741,0.0888672,-0.21582,0.989258,0,0.00106526,0
1773774681821,0.0898438,-0.217285,0.991211,0,0,0.000532632
1773774681902,0.0888672,-0.215332,0.990723,0.000532632,0.0015979,0.000532632
1773774681972,0.090332,-0.21582,0.988281,0,0,0.00106526
1773774682053,0.0888672,-0.21582,0.989258,-0.000532632,0,0
1773774682133,0.0888672,-0.214844,0.990234,-0.000532632,-0.00106526,0.000532632
1773774682204,0.0888672,-0.216309,0.989258,0.000532632,-0.000532632,0
1773774682284,0.0888672,-0.213867,0.989746,-0.000532632,-0.000532632,0.000532632
1773774682365,0.0888672,-0.215332,0.989258,0,0,0.000532632
1773774682438,0.0883789,-0.21582,0.989746,0.000532632,-0.000532632,0.00106526
1773774682516,0.0888672,-0.21582,0.990723,0.000532632,0.000532632,0.00106526
1773774682596,0.0883789,-0.215332,0.990723,0.00106526,0.000532632,0.00106526
1773774682668,0.0888672,-0.216797,0.993164,0,0,0
1773774682748,0.0883789,-0.215332,0.990234,-0.000532632,0.000532632,0.000532632
1773774682818,0.0893555,-0.214355,0.990234,0.00106526,0,-0.0015979
1773774682899,0.0888672,-0.216309,0.991699,-0.000532632,-0.000532632,0
1773774682979,0.0888672,-0.216309,0.989746,0,0,0.000532632
1773774683050,0.0888672,-0.216309,0.989258,0.000532632,0.00106526,-0.000532632
1773774683130,0.090332,-0.214844,0.989258,-0.000532632,-0.000532632,0
1773774683211,0.0893555,-0.21582,0.990723,-0.000532632,0,-0.000532632
1773774683281,0.0908203,-0.215332,0.989746,0,-0.000532632,0.00106526
1773774683362,0.0883789,-0.216309,0.991699,0.000532632,-0.000532632,0
1773774683442,0.0893555,-0.213379,0.990234,0,0,0
1773774683513,0.0898438,-0.215332,0.990723,-0.00106526,-0.000532632,-0.000532632
1773774683593,0.0893555,-0.213867,0.989258,0.000532632,0.000532632,0
1773774683674,0.0893555,-0.21582,0.989746,-0.00106526,0,0.00106526
1773774683744,0.0893555,-0.216309,0.989258,-0.000532632,0.000532632,0
1773774683825,0.0888672,-0.214355,0.989746,0.00213053,0.000532632,0.000532632
1773774683905,0.0893555,-0.214355,0.988281,0,0.000532632,0.000532632
1773774683976,0.0898438,-0.217285,0.991699,0.00106526,-0.000532632,-0.000532632
1773774684059,0.090332,-0.214355,0.987793,0,0.000532632,-0.000532632
1773774684137,0.0883789,-0.21582,0.989258,-0.000532632,-0.000532632,0
1773774684207,0.0893555,-0.217285,0.989746,0,0,0
1773774684288,0.0888672,-0.217285,0.990723,0.000532632,-0.000532632,0
1773774684359,0.0874023,-0.21875,0.990723,0,-0.000532632,-0.000532632
1773774684440,0.0854492,-0.214844,0.988281,0,0,0.000532632
1773774684519,0.0893555,-0.214844,0.989746,-0.000532632,-0.000532632,0.000532632
1773774684591,0.0888672,-0.217773,0.98877,0.00106526,0,0.00106526
1773774684670,0.0878906,-0.21582,0.989258,0,-0.00106526,0.000532632
1773774684751,0.0883789,-0.216309,0.990723,0.000532632,-0.000532632,-0.000532632
1773774684821,0.0878906,-0.21582,0.991211,0.000532632,-0.000532632,0
1773774684902,0.0898438,-0.216309,0.989258,0,-0.00106526,0.000532632
1773774684983,0.0874023,-0.21582,0.98877,-0.000532632,0,-0.000532632
1773774685053,0.0888672,-0.21582,0.991699,0.000532632,-0.000532632,0.000532632
1773774685134,0.0874023,-0.216309,0.990234,-0.000532632,0,0.000532632
1773774685214,0.0898438,-0.21582,0.988281,0.00106526,-0.000532632,-0.000532632
1773774685285,0.0883789,-0.214355,0.989746,0.000532632,0.000532632,0
1773774685365,0.0874023,-0.216309,0.989746,-0.00106526,0,0
1773774685446,0.0869141,-0.216309,0.989258,-0.000532632,0,0.00106526
1773774685516,0.0893555,-0.21582,0.989258,0.000532632,0.000532632,0.000532632
1773774685597,0.0869141,-0.21582,0.989258,0.00106526,0,-0.000532632
1773774685667,0.090332,-0.217285,0.991211,0.000532632,0,0.0015979
1773774685748,0.0893555,-0.217773,0.989746,0.00106526,0,0.000532632
1773774685829,0.0888672,-0.214844,0.989746,-0.000532632,0,0.000532632
1773774685900,0.0888672,-0.214355,0.990723,0.00106526,0,-0.000532632
1773774685983,0.0893555,-0.214844,0.989746,0.000532632,-0.00106526,0.000532632
1773774686060,0.0883789,-0.213379,0.990234,0.000532632,0.000532632,0.00106526
1773774686131,0.0874023,-0.215332,0.990234,0.00106526,-0.000532632,0
1773774686211,0.090332,-0.215332,0.989746,-0.00106526,0,-0.000532632
1773774686292,0.0878906,-0.21582,0.987793,-0.000532632,0.000532632,0.000532632
1773774686362,0.0898438,-0.215332,0.989746,0.000532632,0,0.000532632
1773774686443,0.0888672,-0.21582,0.991699,0.00106526,0.000532632,0.000532632
1773774686524,0.0888672,-0.216309,0.989746,-0.000532632,0,0.000532632
1773774686594,0.0883789,-0.21582,0.989258,0,-0.00106526,-0.000532632
1773774686675,0.0888672,-0.215332,0.989746,0,-0.00106526,-0.000532632
1773774686755,0.0874023,-0.21582,0.989258,0.000532632,0,0
1773774686825,0.0888672,-0.214355,0.992676,0.000532632,0,0.000532632
1773774686906,0.0888672,-0.216797,0.992188,0.000532632,0,-0.00106526
1773774686976,0.0888672,-0.217773,0.989258,0,0.000532632,-0.00106526
1773774687057,0.0888672,-0.216797,0.989746,0,0.000532632,0.000532632
1773774687139,0.0883789,-0.215332,0.991211,0,0,-0.00106526
1773774687208,0.0888672,-0.216309,0.991699,0.00106526,0.00106526,-0.000532632
1773774687288,0.0888672,-0.214844,0.989746,-0.000532632,0,0
1773774687370,0.0893555,-0.21582,0.989258,0,-0.000532632,0.00106526
1773774687440,0.0864258,-0.217285,0.989258,-0.000532632,0,0
1773774687521,0.0883789,-0.21582,0.989746,-0.000532632,0,0.000532632
1773774687600,0.0888672,-0.215332,0.990234,0,0.00106526,-0.000532632
1773774687672,0.0893555,-0.21582,0.991211,0.000532632,-0.000532632,-0.000532632
1773774687751,0.0883789,-0.213867,0.989746,-0.000532632,-0.000532632,0.00106526
1773774687832,0.0878906,-0.216309,0.992676,0.00106526,-0.000532632,0.000532632
1773774687902,0.0893555,-0.214355,0.990234,0.000532632,0,0
1773774687984,0.0883789,-0.215332,0.989258,0.00106526,-0.000532632,0.000532632
1773774688064,0.0898438,-0.213867,0.990234,0.000532632,0,0.000532632
1773774688135,0.0898438,-0.216309,0.990234,-0.000532632,-0.000532632,0
1773774688215,0.0888672,-0.214355,0.98877,0,-0.000532632,0.00106526
1773774688285,0.0893555,-0.21582,0.993164,0,-0.00106526,-0.000532632
1773774688366,0.0869141,-0.217285,0.990234,0.000532632,-0.00106526,0.000532632
1773774688447,0.0893555,-0.214844,0.990723,0.000532632,0.000532632,0.000532632
1773774688517,0.0883789,-0.217285,0.991211,-0.000532632,-0.00106526,0
1773774688598,0.0878906,-0.214844,0.991211,0,-0.000532632,0.000532632
1773774688678,0.0888672,-0.214844,0.989746,0,-0.00106526,0
1773774688749,0.0878906,-0.215332,0.989258,0,-0.00106526,0
1773774688829,0.0888672,-0.216309,0.989258,-0.000532632,0,0.00106526
1773774688910,0.0908203,-0.215332,0.989746,-0.000532632,-0.00106526,0.00106526
1773774688980,0.0874023,-0.218262,0.991211,0,0,-0.000532632
1773774689062,0.0869141,-0.216797,0.992188,0,0,0
1773774689141,0.0888672,-0.21875,0.98877,0.000532632,0,0
1773774689212,0.090332,-0.214844,0.989746,0.000532632,-0.000532632,-0.00106526
1773774689292,0.0898438,-0.214844,0.989746,0.00106526,0,0.000532632
1773774689363,0.0869141,-0.216797,0.990723,0,0,0.00106526
1773774689443,0.0893555,-0.21582,0.987305,0,0.00106526,-0.000532632
1773774689524,0.0888672,-0.216309,0.989258,0,0,-0.000532632
1773774689595,0.090332,-0.214844,0.990234,0,-0.000532632,-0.000532632
1773774689676,0.0898438,-0.215332,0.991699,-0.000532632,-0.000532632,0.000532632
1773774689756,0.0898438,-0.217773,0.990234,0,0,-0.00106526
1773774689826,0.090332,-0.215332,0.991699,0.000532632,-0.000532632,0
1773774689907,0.0893555,-0.215332,0.989746,0,-0.000532632,0
1773774689987,0.0893555,-0.213867,0.989258,0.000532632,-0.00106526,0
1773774690058,0.0888672,-0.214844,0.989746,0.000532632,0,0.000532632
1773774690139,0.0893555,-0.216309,0.989746,0,-0.000532632,-0.0015979
1773774690219,0.090332,-0.21582,0.992188,-0.000532632,-0.000532632,0.00106526
1773774690289,0.0893555,-0.216309,0.990723,-0.000532632,-0.000532632,0.000532632
1773774690370,0.0883789,-0.214844,0.989258,0.000532632,0.000532632,0.000532632
1773774690441,0.0893555,-0.214355,0.98877,0.000532632,-0.000532632,0.00106526
1773774690521,0.0898438,-0.217773,0.989258,0,-0.000532632,-0.000532632
1773774690602,0.0883789,-0.217285,0.98877,-0.00106526,-0.000532632,0
1773774690672,0.0874023,-0.213867,0.986816,-0.000532632,-0.000532632,0.000532632
1773774690753,0.0893555,-0.215332,0.987793,0,0,0
1773774690833,0.0908203,-0.217285,0.990723,0,0.000532632,0
1773774690904,0.0878906,-0.213867,0.98877,0,0,-0.000532632
1773774690984,0.0893555,-0.214844,0.990234,0.000532632,0.000532632,0
1773774691065,0.0893555,-0.215332,0.991211,0.000532632,0,0.00106526
1773774691135,0.0883789,-0.217285,0.989258,0,0,0.000532632
1773774691216,0.0888672,-0.214355,0.990234,-0.000532632,-0.000532632,0.000532632
1773774691296,0.0913086,-0.213867,0.991211,0,0,0
1773774691367,0.0864258,-0.214844,0.989746,0.000532632,0.00106526,0
1773774691448,0.0878906,-0.21582,0.989746,-0.000532632,0,0.00106526
1773774691519,0.0898438,-0.213867,0.989746,0.000532632,0,0
1773774691598,0.0898438,-0.213379,0.991211,0.000532632,0,0
1773774691679,0.0898438,-0.216309,0.990723,-0.000532632,0,0
1773774691759,0.0883789,-0.214844,0.990723,0.000532632,0,0.000532632
1773774691830,0.0869141,-0.216797,0.991211,0.0015979,-0.000532632,-0.00106526
1773774691913,0.0874023,-0.21582,0.991211,0.000532632,-0.000532632,0
1773774691981,0.0888672,-0.21582,0.990234,-0.000532632,0.00106526,-0.000532632
1773774692062,0.0893555,-0.214355,0.988281,-0.000532632,0,0.000532632
1773774692143,0.0878906,-0.216309,0.98877,-0.000532632,0,0.000532632
1773774692214,0.0898438,-0.213867,0.989746,0.000532632,0.000532632,-0.000532632
1773774692295,0.0874023,-0.214355,0.989746,0.000532632,-0.00106526,0.000532632
1773774692375,0.0898438,-0.215332,0.989746,-0.000532632,0,0
1773774692446,0.0898438,-0.216309,0.990723,0,0,0.00106526
1773774692526,0.0893555,-0.217773,0.98877,0,-0.000532632,0.00106526
1773774692597,0.0869141,-0.214355,0.989258,0,0.000532632,0
1773774692677,0.0893555,-0.212891,0.988281,-0.000532632,0.00106526,0.000532632
1773774692758,0.0878906,-0.215332,0.989258,0,0,-0.0015979
1773774692828,0.0874023,-0.21582,0.990234,0,-0.000532632,-0.00106526
1773774692909,0.0869141,-0.216309,0.989258,0.00106526,0,-0.000532632
1773774692990,0.0878906,-0.217773,0.990234,-0.000532632,0.000532632,-0.000532632
1773774693060,0.0883789,-0.21582,0.98877,0.00106526,0,0.000532632
1773774693141,0.0888672,-0.214844,0.990723,0,0,0
1773774693222,0.0883789,-0.214844,0.990234,-0.000532632,-0.00106526,-0.000532632
1773774693292,0.0883789,-0.216797,0.989746,0.000532632,0,0
1773774693373,0.0888672,-0.215332,0.989746,0,-0.00106526,-0.00106526
1773774693453,0.0888672,-0.214844,0.989746,-0.000532632,0,-0.000532632
1773774693524,0.0888672,-0.21582,0.989258,0.000532632,-0.000532632,0.000532632
1773774693604,0.0888672,-0.21582,0.990234,0.000532632,0,0
1773774693675,0.0893555,-0.214844,0.989258,0,0,-0.000532632
1773774693756,0.0878906,-0.216797,0.990723,0,-0.000532632,0
1773774693836,0.0874023,-0.215332,0.990723,-0.0015979,-0.000532632,0.000532632
1773774693907,0.090332,-0.216309,0.990723,0.00106526,0,-0.00106526
1773774693987,0.0908203,-0.214844,0.987793,-0.00106526,0,-0.000532632
1773774694068,0.0898438,-0.217285,0.989746,-0.000532632,-0.000532632,0
1773774694138,0.0898438,-0.216309,0.98877,-0.000532632,-0.000532632,0.000532632
1773774694219,0.0878906,-0.216309,0.989746,0,-0.000532632,-0.000532632
1773774694300,0.0898438,-0.214844,0.990234,-0.000532632,0.000532632,0
1773774694370,0.0883789,-0.214355,0.989746,0.00106526,0,0.000532632
1773774694451,0.0898438,-0.21582,0.98877,0,-0.00106526,0.00106526
1773774694532,0.0893555,-0.218262,0.989746,0,0,0.000532632
1773774694602,0.0883789,-0.216797,0.989746,0,0,-0.00106526
1773774694683,0.0878906,-0.21582,0.989258,0,0.000532632,0.000532632
1773774694753,0.0893555,-0.21582,0.98877,0.000532632,0,0
1773774694834,0.0922852,-0.216797,0.989746,0,-0.000532632,0
1773774694914,0.090332,-0.215332,0.988281,0.00106526,0,-0.00106526
1773774694985,0.0898438,-0.214844,0.989258,0.00106526,0,0.000532632
1773774695066,0.0888672,-0.214844,0.989258,0.000532632,0,0
1773774695146,0.0883789,-0.216309,0.989258,0.000532632,0,0.000532632
1773774695219,0.0878906,-0.217773,0.98877,0.000532632,-0.00106526,-0.000532632
1773774695298,0.0893555,-0.217773,0.990234,0.00106526,0,0
1773774695378,0.0908203,-0.217285,0.989746,0,-0.0015979,0.000532632
1773774695450,0.090332,-0.216309,0.987793,0.000532632,-0.000532632,0.000532632
1773774695529,0.090332,-0.21582,0.989258,0,-0.000532632,0
1773774695600,0.0898438,-0.214355,0.991211,0,0,0
1773774695681,0.0878906,-0.21582,0.991211,0,0,0.00106526
1773774695761,0.0878906,-0.213867,0.988281,0,-0.000532632,0
1773774695831,0.0888672,-0.217773,0.98877,0,0,0
1773774695912,0.0888672,-0.214844,0.991699,-0.000532632,-0.000532632,0
1773774695992,0.0883789,-0.216797,0.990723,0.00106526,0,-0.000532632
1773774696063,0.0874023,-0.216797,0.989746,0.000532632,0,-0.000532632
1773774696143,0.0893555,-0.21582,0.988281,0,0,0
1773774696224,0.0893555,-0.214355,0.989746,0,-0.000532632,-0.000532632
1773774696294,0.0898438,-0.214355,0.98877,0,-0.000532632,0.0015979
1773774696375,0.0869141,-0.21582,0.989746,0,-0.00106526,-0.000532632
1773774696455,0.0883789,-0.217773,0.988281,0.000532632,-0.00106526,-0.000532632
1773774696526,0.0888672,-0.21582,0.989258,0.000532632,0.000532632,0
1773774696606,0.0898438,-0.214844,0.989258,0,0.000532632,0.000532632
1773774696686,0.0893555,-0.214355,0.989258,0,-0.000532632,-0.000532632
1773774696757,0.0888672,-0.216309,0.989746,0.000532632,0,-0.000532632
1773774696837,0.0898438,-0.217285,0.98877,0.000532632,-0.00106526,0
1773774696908,0.0878906,-0.217285,0.990234,0,0,0.000532632
1773774696988,0.0883789,-0.215332,0.987793,-0.000532632,0,0
1773774697069,0.0864258,-0.21582,0.988281,0.000532632,0,0.00106526
1773774697140,0.0893555,-0.214355,0.990234,0,-0.00106526,-0.000532632
1773774697220,0.0883789,-0.216309,0.989746,0,-0.000532632,0.00106526
1773774697301,0.0883789,-0.214844,0.989746,-0.000532632,0.000532632,0
1773774697371,0.0883789,-0.215332,0.990234,-0.000532632,-0.00106526,0.00106526
1773774697452,0.0878906,-0.21582,0.989746,-0.00106526,0.000532632,-0.00106526
1773774697532,0.0888672,-0.214355,0.98877,-0.000532632,-0.000532632,-0.000532632
1773774697603,0.0883789,-0.214355,0.990723,0.00106526,0,0.000532632
1773774697684,0.0869141,-0.216797,0.989258,-0.000532632,0.00106526,0
1773774697764,0.0869141,-0.213867,0.98877,-0.000532632,0,0
1773774697834,0.0883789,-0.216309,0.991211,0,-0.00106526,0
1773774697915,0.0898438,-0.213379,0.98877,0.0015979,0,-0.000532632
1773774697996,0.090332,-0.216309,0.989746,0.000532632,-0.000532632,0
1773774698066,0.0898438,-0.215332,0.989746,0.000532632,-0.00106526,0
1773774698147,0.0888672,-0.215332,0.989746,0,0.000532632,0
1773774698217,0.0893555,-0.214844,0.98877,0.00106526,0,-0.000532632
1773774698298,0.0883789,-0.213379,0.990234,0.000532632,0.000532632,0
1773774698379,0.0893555,-0.215332,0.988281,0,0,0.000532632
1773774698449,0.090332,-0.215332,0.989258,0.000532632,-0.00106526,0
1773774698530,0.0878906,-0.215332,0.990234,0.00106526,-0.000532632,0.000532632
1773774698610,0.0888672,-0.21582,0.990234,-0.00106526,-0.000532632,0
1773774698681,0.0888672,-0.213867,0.989258,0,-0.00106526,0
1773774698762,0.0883789,-0.216309,0.990723,0.00106526,0,-0.0015979
1773774698842,0.0874023,-0.214355,0.989746,0.00106526,-0.000532632,0
1773774698913,0.0878906,-0.216309,0.990234,-0.000532632,-0.000532632,0.000532632
1773774698994,0.090332,-0.213867,0.990234,0.000532632,-0.000532632,0.000532632
1773774699074,0.0908203,-0.21582,0.989258,0,0,0.000532632
1773774699145,0.0888672,-0.214844,0.989746,0.000532632,0,0.000532632
1773774699225,0.0878906,-0.215332,0.989746,0,0,-0.000532632
1773774699296,0.0893555,-0.216309,0.98877,0.000532632,-0.000532632,0
1773774699377,0.0888672,-0.213867,0.990723,0.000532632,0.00106526,0
1773774699457,0.0898438,-0.215332,0.989746,0.000532632,0,-0.000532632
1773774699528,0.0913086,-0.216797,0.98877,0.000532632,0,0
1773774699608,0.0878906,-0.21582,0.990234,-0.000532632,-0.00106526,0
1773774699689,0.0888672,-0.215332,0.989746,0,0,0.000532632
1773774699759,0.0869141,-0.215332,0.987793,0,-0.000532632,-0.0015979
1773774699840,0.0874023,-0.215332,0.988281,0,0,0.000532632
1773774699921,0.0883789,-0.214355,0.990723,0,0.000532632,0.00106526
1773774699991,0.0888672,-0.21582,0.991211,0.00106526,0,-0.000532632
1773774700072,0.0869141,-0.219238,0.991211,0,-0.0015979,-0.00106526
1773774700152,0.0883789,-0.214844,0.991699,0.000532632,0,-0.000532632
1773774700223,0.0898438,-0.21582,0.988281,0.000532632,-0.000532632,-0.000532632
1773774700304,0.0893555,-0.215332,0.989258,-0.000532632,-0.00106526,0
1773774700374,0.0893555,-0.213379,0.988281,0.000532632,-0.000532632,0
1773774700455,0.0913086,-0.214844,0.988281,0,0,-0.000532632
1773774700535,0.0888672,-0.216797,0.989746,-0.000532632,-0.00106526,-0.000532632
1773774700606,0.0898438,-0.215332,0.988281,0,-0.00106526,0.0015979
1773774700687,0.0888672,-0.214844,0.990723,0.00106526,-0.000532632,-0.000532632
1773774700768,0.0878906,-0.216309,0.988281,0.000532632,-0.00106526,0
1773774700837,0.0883789,-0.216309,0.989746,0.000532632,0.000532632,0
1773774700917,0.0888672,-0.21582,0.989258,0,0,0.00106526
1773774700998,0.0883789,-0.213867,0.990234,0,0.000532632,0.00106526
1773774701068,0.0883789,-0.21582,0.991211,0.000532632,-0.000532632,0.00106526
1773774701149,0.0883789,-0.21582,0.988281,0,0,0
1773774701229,0.0878906,-0.216797,0.990234,0,-0.000532632,0.000532632
1773774701300,0.0898438,-0.21582,0.990234,-0.000532632,-0.000532632,0.000532632
1773774701380,0.0883789,-0.216309,0.989258,0.00106526,0.000532632,0.000532632
1773774701461,0.0893555,-0.21582,0.989258,0.00106526,0,0
1773774701532,0.0888672,-0.215332,0.989258,0,0.00106526,-0.000532632
1773774701612,0.0893555,-0.216797,0.989746,0.000532632,-0.000532632,-0.000532632
1773774701682,0.0874023,-0.213867,0.988281,0.000532632,-0.00106526,0
1773774701766,0.090332,-0.215332,0.989258,0,-0.000532632,-0.000532632
1773774701843,0.0888672,-0.215332,0.989258,0,-0.000532632,0
1773774701914,0.0888672,-0.216797,0.990234,0.0015979,-0.000532632,-0.00106526
1773774701994,0.0898438,-0.217285,0.989746,-0.000532632,-0.000532632,0.000532632
1773774702077,0.0898438,-0.217285,0.989258,0.000532632,-0.000532632,0.000532632
1773774702146,0.0874023,-0.215332,0.992188,0.00106526,0,0.00106526
1773774702226,0.0888672,-0.214844,0.98877,0,-0.000532632,-0.000532632
1773774702307,0.0893555,-0.21582,0.989746,0.00106526,-0.00106526,0.000532632
1773774702377,0.0908203,-0.217773,0.988281,0.000532632,-0.000532632,0
1773774702458,0.0883789,-0.21582,0.987305,0.000532632,0,0
1773774702539,0.0878906,-0.216797,0.98877,0,-0.000532632,0.000532632
1773774702609,0.0874023,-0.217285,0.989258,0.0015979,0,0
1773774702690,0.0864258,-0.216309,0.98877,0.00106526,0.000532632,0.00106526
1773774702763,0.0898438,-0.216797,0.989258,0.000532632,-0.000532632,0.000532632
1773774702840,0.0874023,-0.21582,0.987793,0.00106526,-0.000532632,-0.000532632
1773774702923,0.0864258,-0.216309,0.988281,0,-0.000532632,-0.000532632
1773774702992,0.0874023,-0.21582,0.989258,0,0,0
1773774703073,0.0878906,-0.217285,0.98877,0.000532632,0.000532632,0.000532632
1773774703152,0.090332,-0.216797,0.989258,0.000532632,0,-0.0015979
1773774703223,0.0883789,-0.215332,0.989258,0.000532632,0,0
1773774703305,0.0888672,-0.214844,0.988281,0,-0.000532632,0.000532632
1773774703374,0.0869141,-0.21582,0.989746,0.00106526,-0.000532632,0.00106526
1773774703455,0.0878906,-0.214844,0.991211,0,0,0.000532632
1773774703535,0.0888672,-0.216797,0.987793,0.000532632,-0.000532632,0.000532632
1773774703616,0.0883789,-0.21582,0.991699,0,0,0.000532632
1773774703688,0.0893555,-0.216309,0.988281,-0.000532632,0.000532632,-0.000532632
1773774703768,0.0883789,-0.21582,0.98877,0.000532632,-0.000532632,0.000532632
1773774703847,0.0869141,-0.21582,0.990723,0,0,-0.000532632
1773774703918,0.090332,-0.215332,0.989258,0.00106526,-0.000532632,0.000532632
1773774704000,0.0883789,-0.217773,0.989746,-0.000532632,0,0.000532632
1773774704071,0.0854492,-0.215332,0.990723,0,0,0
1773774704150,0.0883789,-0.214844,0.990234,0.000532632,-0.000532632,0
1773774704230,0.090332,-0.214844,0.989258,0.000532632,-0.000532632,-0.000532632
1773774704300,0.090332,-0.216309,0.990234,0,-0.00106526,-0.000532632
1773774704382,0.0878906,-0.215332,0.989746,0.000532632,-0.00106526,0
1773774704464,0.0874023,-0.216309,0.990234,0.000532632,0,0.00106526
1773774704535,0.0883789,-0.218262,0.989258,0.000532632,0,-0.000532632
1773774704615,0.0893555,-0.216309,0.992188,0.000532632,0.000532632,0.000532632
1773774704693,0.0878906,-0.215332,0.989746,0.00106526,-0.000532632,0.000532632
1773774704767,0.0883789,-0.217285,0.990723,0.000532632,0,-0.00106526
1773774704844,0.0878906,-0.217285,0.988281,0,-0.000532632,0
1773774704915,0.0883789,-0.217285,0.990234,-0.000532632,0,0.000532632
1773774704995,0.0883789,-0.215332,0.988281,-0.000532632,-0.000532632,0.000532632
1773774705076,0.0898438,-0.214844,0.990723,0.000532632,-0.000532632,-0.000532632
1773774705156,0.0874023,-0.216797,0.98877,0,0.000532632,0.000532632
1773774705227,0.0893555,-0.214844,0.990234,-0.000532632,-0.000532632,-0.00106526
1773774705307,0.0883789,-0.216309,0.990234,-0.00106526,0,0
1773774705378,0.0878906,-0.21582,0.988281,0.000532632,0,-0.00106526
1773774705460,0.0888672,-0.216797,0.990234,0.000532632,-0.000532632,-0.000532632
1773774705531,0.0878906,-0.215332,0.989258,0,-0.00106526,0
1773774705610,0.0898438,-0.21582,0.989746,0.0015979,0.000532632,0.00106526
1773774705690,0.0888672,-0.21582,0.989258,0,-0.0015979,0
1773774705772,0.0888672,-0.215332,0.990723,0.000532632,-0.000532632,-0.000532632
1773774705841,0.0869141,-0.215332,0.989746,0.00106526,-0.0015979,0
1773774705922,0.0883789,-0.215332,0.989258,0,-0.000532632,0.000532632
1773774706002,0.0874023,-0.216797,0.989258,-0.000532632,-0.00106526,-0.000532632
1773774706075,0.0878906,-0.216309,0.989258,0.000532632,-0.000532632,0
1773774706153,0.0898438,-0.21582,0.987793,0.000532632,0,0.000532632
1773774706234,0.0883789,-0.21582,0.990234,0.000532632,-0.000532632,-0.000532632
1773774706305,0.0888672,-0.216797,0.989258,-0.000532632,0,0.000532632
1773774706386,0.0898438,-0.214844,0.990723,-0.000532632,0,0
1773774706457,0.0878906,-0.216797,0.989746,-0.000532632,-0.000532632,0
1773774706537,0.0878906,-0.216309,0.988281,0,0,0.000532632
1773774706616,0.0869141,-0.216309,0.991211,0,0,-0.000532632
1773774706688,0.0883789,-0.216797,0.989258,0.00106526,0,-0.000532632
1773774706768,0.0888672,-0.217285,0.991699,0.000532632,-0.00106526,0.000532632
1773774706848,0.0888672,-0.21582,0.990723,0,0.000532632,0.00106526
1773774706928,0.0898438,-0.216309,0.990234,0,0,-0.000532632
1773774706999,0.0878906,-0.216309,0.989746,0.000532632,0,0
1773774707079,0.0883789,-0.218262,0.989258,0.000532632,-0.000532632,0.000532632
1773774707150,0.0883789,-0.21582,0.989258,0,0,-0.00106526
1773774707230,0.0888672,-0.213867,0.989746,-0.000532632,0,0
1773774707311,0.0878906,-0.216309,0.98877,0.000532632,-0.00106526,0.000532632
1773774707381,0.0908203,-0.214844,0.990234,0.000532632,-0.000532632,0.00106526
1773774707463,0.0883789,-0.214355,0.990234,0.000532632,0.000532632,0.0015979
1773774707542,0.0888672,-0.216309,0.989746,0.00106526,0,-0.000532632
1773774707613,0.0898438,-0.213867,0.990723,0.000532632,-0.000532632,0.000532632
1773774707693,0.090332,-0.21582,0.989258,0.000532632,-0.00106526,0
1773774707774,0.0888672,-0.214355,0.989258,0,-0.000532632,-0.00106526
1773774707844,0.0883789,-0.213379,0.989258,-0.000532632,0,0.000532632
1773774707925,0.0878906,-0.212891,0.989258,0,-0.00106526,-0.000532632
1773774708006,0.0869141,-0.214844,0.988281,0,0,0.0015979
1773774708076,0.0893555,-0.21582,0.989258,0.00106526,-0.000532632,0.000532632
1773774708157,0.0888672,-0.213379,0.990723,-0.00106526,-0.00106526,-0.000532632
1773774708227,0.0893555,-0.216797,0.990234,-0.000532632,-0.000532632,-0.000532632
1773774708308,0.0888672,-0.215332,0.989258,0.000532632,0,0
1773774708388,0.0898438,-0.217285,0.98877,0.000532632,-0.000532632,0
1773774708459,0.0888672,-0.214844,0.989746,0.000532632,0,0.000532632
1773774708540,0.0874023,-0.215332,0.989746,0,-0.000532632,0.00106526
1773774708620,0.0883789,-0.213867,0.989746,0.000532632,-0.00106526,-0.000532632
1773774708690,0.0883789,-0.213867,0.98877,-0.000532632,0,0
1773774708771,0.0869141,-0.217773,0.98877,-0.00106526,0,-0.000532632
1773774708851,0.0878906,-0.21582,0.990723,0.00106526,0,0
1773774708922,0.0888672,-0.21582,0.990234,0.000532632,-0.00106526,0
1773774709002,0.0874023,-0.216309,0.990234,0.000532632,-0.00106526,0
1773774709083,0.0878906,-0.214844,0.989258,-0.000532632,-0.000532632,0.0015979
1773774709154,0.0888672,-0.215332,0.98877,-0.000532632,-0.000532632,0
1773774709234,0.0893555,-0.214844,0.990723,0.000532632,0,-0.000532632
1773774709315,0.0883789,-0.215332,0.98877,0.000532632,0.000532632,-0.000532632
1773774709385,0.0874023,-0.214355,0.987793,0,0,-0.000532632
1773774709466,0.0888672,-0.216309,0.989746,-0.000532632,-0.00106526,0
1773774709546,0.0878906,-0.217773,0.989258,0,-0.000532632,-0.00106526
1773774709617,0.0874023,-0.21582,0.98877,0,-0.00106526,0.00106526
1773774709697,0.0883789,-0.21875,0.989746,0,-0.000532632,0.000532632
1773774709768,0.0878906,-0.216797,0.987793,0,-0.0015979,0
1773774709848,0.0888672,-0.214844,0.989746,0,0.000532632,-0.000532632
1773774709930,0.090332,-0.214355,0.990723,0.000532632,0.000532632,0
1773774710000,0.0869141,-0.21582,0.991699,0,-0.00106526,0
1773774710083,0.0883789,-0.216309,0.990234,0,0,0.00106526
1773774710161,0.0883789,-0.216797,0.989258,0,-0.000532632,0.000532632
1773774710231,0.090332,-0.21582,0.990234,0,-0.000532632,-0.000532632
1773774710313,0.0893555,-0.21582,0.989258,0,-0.000532632,-0.000532632
1773774710392,0.0893555,-0.215332,0.989746,-0.000532632,0,0.000532632
1773774710462,0.0883789,-0.214844,0.989258,0,-0.000532632,0.000532632
1773774710543,0.0898438,-0.21582,0.992676,0,-0.000532632,0.000532632
1773774710624,0.0888672,-0.216797,0.990234,0.000532632,-0.000532632,0
1773774710694,0.0883789,-0.214844,0.989258,0.00106526,0.000532632,0.000532632
1773774710775,0.0883789,-0.217773,0.990234,0.000532632,-0.000532632,0.000532632
1773774710855,0.090332,-0.21582,0.990234,-0.000532632,-0.000532632,0.000532632
1773774710926,0.0893555,-0.214355,0.990723,0,-0.000532632,0
1773774711006,0.0878906,-0.213379,0.98877,-0.000532632,0,0.000532632
1773774711082,0.0908203,-0.214844,0.989746,0,-0.000532632,0.000532632
1773774711157,0.0908203,-0.21582,0.991211,-0.00106526,0,-0.000532632
1773774711238,0.0869141,-0.215332,0.988281,0.000532632,-0.000532632,-0.000532632
1773774711311,0.090332,-0.216309,0.990234,0,-0.00106526,-0.00106526
1773774711389,0.090332,-0.214844,0.991211,0,-0.0015979,0
1773774711469,0.0893555,-0.216309,0.990234,0,0.000532632,0
1773774711540,0.0869141,-0.21582,0.990723,-0.000532632,0,-0.000532632
1773774711620,0.0883789,-0.214355,0.988281,-0.000532632,-0.000532632,-0.000532632
1773774711701,0.0913086,-0.214355,0.990234,0,0,0.000532632
1773774711771,0.0888672,-0.215332,0.989258,0.000532632,-0.000532632,0
1773774711852,0.0864258,-0.217773,0.98877,0.000532632,0,0
1773774711932,0.0893555,-0.21582,0.989258,0.000532632,-0.000532632,0
1773774712003,0.090332,-0.21582,0.98877,-0.000532632,0,0
1773774712083,0.0898438,-0.217285,0.988281,0,-0.000532632,0
1773774712164,0.090332,-0.216309,0.992188,-0.000532632,0.000532632,0
1773774712234,0.0913086,-0.21582,0.991211,-0.000532632,-0.00106526,-0.000532632
1773774712315,0.0874023,-0.214844,0.990723,-0.000532632,0.000532632,0.000532632
1773774712396,0.0898438,-0.216309,0.989746,0,-0.00106526,0.00106526
1773774712466,0.0908203,-0.214355,0.991211,0,-0.00106526,0
1773774712547,0.0878906,-0.21582,0.990723,0,-0.000532632,-0.000532632
1773774712617,0.0888672,-0.215332,0.989258,0,0,-0.000532632
1773774712698,0.0883789,-0.21582,0.98877,0,-0.000532632,-0.000532632
1773774712778,0.0893555,-0.214355,0.98877,0,-0.000532632,0
1773774712849,0.0898438,-0.217285,0.98877,-0.00106526,0.000532632,0.000532632
1773774712930,0.0883789,-0.214355,0.990234,-0.000532632,0,-0.000532632
1773774713010,0.0888672,-0.21582,0.989258,-0.000532632,0,0.000532632
1773774713080,0.0893555,-0.217285,0.990234,0.000532632,-0.00106526,0
1773774713161,0.0893555,-0.214844,0.989746,0,0.000532632,0
1773774713242,0.0883789,-0.215332,0.989746,0,0.00106526,0
1773774713315,0.0893555,-0.214844,0.989746,0,-0.000532632,0
1773774713393,0.0898438,-0.216797,0.990723,-0.000532632,0,0
1773774713463,0.0898438,-0.21582,0.989258,0,-0.000532632,0
1773774713544,0.0878906,-0.21582,0.991211,0.00106526,0,0
1773774713624,0.0883789,-0.216309,0.989258,0,0.000532632,0.00106526
1773774713695,0.0874023,-0.215332,0.991211,0.000532632,-0.00106526,-0.000532632
1773774713776,0.0874023,-0.216309,0.98877,0.00106526,-0.000532632,0
1773774713856,0.0878906,-0.214844,0.988281,0.000532632,-0.000532632,-0.000532632
1773774713926,0.090332,-0.216309,0.990234,0,0.000532632,-0.000532632
1773774714007,0.090332,-0.217773,0.987793,0.000532632,-0.000532632,-0.000532632
1773774714087,0.0878906,-0.216309,0.98877,0.00106526,0.000532632,-0.000532632
1773774714158,0.0888672,-0.21582,0.989746,0.000532632,-0.000532632,0.000532632
1773774714239,0.0893555,-0.216797,0.991211,0,0,-0.000532632
1773774714319,0.0888672,-0.216309,0.989746,-0.000532632,0,0
1773774714390,0.0874023,-0.214844,0.990723,0,-0.00106526,0.00106526
1773774714470,0.0888672,-0.214355,0.98877,0,0,-0.000532632
1773774714551,0.0883789,-0.215332,0.989258,0.00106526,0.000532632,-0.000532632
1773774714621,0.0898438,-0.217285,0.989258,0,-0.000532632,0.00106526
1773774714702,0.0864258,-0.21582,0.988281,-0.000532632,0,0.00106526
1773774714772,0.0893555,-0.21582,0.988281,0,0,0.000532632
1773774714853,0.0878906,-0.215332,0.989746,0,-0.00106526,0
1773774714926,0.0908203,-0.213867,0.990234,0,-0.000532632,0
1773774715004,0.0883789,-0.217773,0.989746,-0.000532632,-0.000532632,-0.000532632
1773774715085,0.0878906,-0.217285,0.98877,0,-0.000532632,0
1773774715165,0.0869141,-0.215332,0.989746,0.000532632,0.000532632,0.000532632
1773774715235,0.0883789,-0.21582,0.990723,0,0,0.000532632
1773774715316,0.0878906,-0.214844,0.990723,0.000532632,-0.00106526,0
1773774715397,0.0883789,-0.217773,0.988281,0.000532632,-0.000532632,0.000532632
1773774715467,0.0888672,-0.216309,0.989258,-0.00106526,-0.00106526,0
1773774715548,0.0883789,-0.214355,0.990723,-0.000532632,0,0
1773774715628,0.0908203,-0.216309,0.989258,0,-0.000532632,0
1773774715699,0.0878906,-0.215332,0.989258,-0.000532632,0,0
1773774715780,0.0883789,-0.215332,0.990234,-0.000532632,0,-0.000532632
1773774715860,0.0888672,-0.218262,0.98877,0,-0.000532632,-0.000532632
1773774715933,0.0893555,-0.213867,0.990234,0.00106526,0,0
1773774716012,0.0893555,-0.21582,0.991211,-0.000532632,0.000532632,0.00106526
1773774716082,0.0893555,-0.215332,0.989746,-0.0015979,0,0
1773774716163,0.090332,-0.21582,0.989258,0.000532632,-0.000532632,0
1773774716243,0.0898438,-0.214355,0.991699,0.0015979,0,0
1773774716313,0.0874023,-0.217285,0.990234,0.000532632,0,0
1773774716394,0.0888672,-0.21582,0.989746,-0.000532632,0.000532632,-0.000532632
1773774716466,0.0888672,-0.215332,0.990723,-0.000532632,-0.000532632,0
1773774716546,0.0888672,-0.213867,0.990234,-0.000532632,-0.000532632,0
1773774716625,0.0883789,-0.21582,0.990234,0.000532632,-0.000532632,-0.00106526
1773774716706,0.0908203,-0.217285,0.991211,0.000532632,-0.00106526,-0.00106526
1773774716777,0.0883789,-0.218262,0.987793,0.00106526,0,0
1773774716857,0.0878906,-0.216309,0.989258,0.000532632,-0.00106526,0.00106526
1773774716938,0.0893555,-0.216309,0.989258,-0.000532632,0,-0.00106526
1773774717008,0.0878906,-0.217773,0.987793,0,-0.00106526,0
1773774717089,0.0888672,-0.218262,0.98877,0.00106526,-0.000532632,0
1773774717160,0.0883789,-0.215332,0.991699,0.00106526,0,0
1773774717240,0.0888672,-0.215332,0.991211,-0.000532632,-0.000532632,0.000532632
1773774717320,0.0878906,-0.216797,0.98877,0,-0.00106526,0.000532632
1773774717391,0.0888672,-0.217285,0.991211,0.00106526,-0.000532632,0
1773774717472,0.0888672,-0.216797,0.990723,0.000532632,0,0
1773774717552,0.0898438,-0.21582,0.991211,-0.000532632,0.000532632,-0.00106526
1773774717622,0.0893555,-0.213867,0.989258,0.00106526,-0.000532632,0
1773774717704,0.0888672,-0.215332,0.989258,0.00106526,0,0.000532632
1773774717783,0.0878906,-0.217285,0.990723,0.000532632,0,0
1773774717854,0.0878906,-0.215332,0.989746,0,-0.000532632,-0.00106526
1773774717938,0.0878906,-0.214844,0.988281,0.000532632,0,-0.000532632
1773774718016,0.0878906,-0.217285,0.989258,0,0,-0.000532632
1773774718086,0.0878906,-0.217773,0.990234,0.00106526,-0.000532632,0.000532632
1773774718166,0.0893555,-0.215332,0.989746,0,0,0.000532632
1773774718246,0.0883789,-0.21582,0.990234,0.00106526,0.000532632,0
1773774718317,0.0893555,-0.216797,0.990723,0,0.000532632,0
1773774718397,0.0878906,-0.216309,0.990723,-0.000532632,0,0
1773774718478,0.0898438,-0.215332,0.989258,0,-0.00106526,-0.000532632
1773774718548,0.0888672,-0.21582,0.991211,0,0,0
1773774718629,0.0893555,-0.217285,0.987793,0,0,-0.00106526
1773774718699,0.0883789,-0.216797,0.990234,0,0,0.000532632
1773774718780,0.0878906,-0.216309,0.990723,0.000532632,-0.000532632,0
1773774718860,0.0893555,-0.215332,0.98877,0.000532632,0,0.000532632
1773774718931,0.0888672,-0.216797,0.990234,0.00106526,0,0
1773774719012,0.0878906,-0.217285,0.990723,-0.000532632,-0.000532632,0.000532632
1773774719092,0.0874023,-0.21582,0.989258,0.00106526,0,-0.000532632
1773774719163,0.0888672,-0.21582,0.989258,-0.000532632,0,0
1773774719244,0.0908203,-0.216797,0.987793,0,0,0.000532632
1773774719325,0.0878906,-0.214844,0.991211,0,0.000532632,-0.000532632
1773774719394,0.0869141,-0.215332,0.989258,-0.000532632,0,0.000532632
1773774719474,0.0893555,-0.215332,0.988281,0,0,0
1773774719548,0.0883789,-0.215332,0.990723,0.000532632,0,-0.000532632
1773774719625,0.0878906,-0.215332,0.987793,-0.000532632,0.000532632,-0.000532632
1773774719706,0.0883789,-0.213867,0.98877,0,0,0.00106526
1773774719787,0.0888672,-0.21875,0.989746,-0.000532632,-0.000532632,0.000532632
1773774719858,0.0874023,-0.215332,0.989746,0.000532632,0.000532632,-0.000532632
1773774719938,0.0913086,-0.217773,0.98877,0,-0.00106526,0.000532632
1773774720009,0.0893555,-0.214355,0.989746,0.000532632,0,0
1773774720089,0.0908203,-0.214355,0.988281,-0.00106526,-0.000532632,0
1773774720170,0.090332,-0.21582,0.990234,-0.000532632,-0.000532632,0.00106526
1773774720240,0.0883789,-0.216309,0.990723,0,0,0
1773774720321,0.0878906,-0.214355,0.990234,0.00106526,0,-0.000532632
1773774720402,0.0883789,-0.216797,0.989746,0.0015979,0.000532632,0
1773774720472,0.0888672,-0.215332,0.989258,0.000532632,-0.000532632,-0.000532632
1773774720553,0.090332,-0.214355,0.989746,0,-0.000532632,0
1773774720633,0.0883789,-0.216309,0.990234,0,0,-0.000532632
1773774720704,0.0874023,-0.216797,0.989746,-0.000532632,-0.000532632,0.00106526
1773774720784,0.0874023,-0.216309,0.989746,0,0,0
1773774720865,0.0878906,-0.214844,0.988281,0.000532632,-0.000532632,-0.00106526
1773774720935,0.0883789,-0.216309,0.989258,0,-0.00106526,-0.000532632
1773774721016,0.0898438,-0.216309,0.990234,0.00106526,-0.000532632,0.000532632
1773774721086,0.0883789,-0.217285,0.990723,-0.000532632,-0.000532632,0.000532632
1773774721167,0.0883789,-0.214355,0.989746,0,0,0
1773774721248,0.0878906,-0.216797,0.98877,0.000532632,-0.000532632,0
1773774721318,0.0874023,-0.216309,0.989746,0.000532632,0,0
1773774721399,0.0893555,-0.218262,0.989258,0.000532632,-0.00106526,-0.000532632
1773774721479,0.0888672,-0.214844,0.989746,0.000532632,0,0
1773774721551,0.0898438,-0.214844,0.990723,-0.000532632,-0.000532632,-0.000532632
1773774721630,0.0893555,-0.216797,0.989258,-0.000532632,-0.000532632,0.000532632
1773774721711,0.0874023,-0.214844,0.987305,-0.000532632,0.000532632,0
1773774721781,0.0869141,-0.214844,0.990234,-0.000532632,0,0.00106526
1773774721862,0.0893555,-0.216309,0.989746,0,-0.00213053,0.000532632
1773774721942,0.0869141,-0.216309,0.988281,0.000532632,-0.000532632,0.000532632
1773774722015,0.0878906,-0.214844,0.991211,0.00106526,0.000532632,0.000532632
1773774722094,0.090332,-0.214844,0.989746,0,0,0.000532632
1773774722174,0.0878906,-0.217285,0.98877,-0.000532632,-0.000532632,0
1773774722244,0.0893555,-0.214355,0.986816,0.000532632,-0.00106526,0.000532632
1773774722325,0.0888672,-0.214844,0.98877,0,0,0.000532632
1773774722395,0.0888672,-0.217285,0.990723,0,0,0.00106526
1773774722476,0.0869141,-0.21582,0.990723,0.000532632,0,0.00106526
1773774722558,0.0874023,-0.21582,0.989746,0.00106526,0.000532632,0
1773774722627,0.0878906,-0.217773,0.989746,-0.000532632,-0.0015979,0.000532632
1773774722707,0.0869141,-0.215332,0.989746,-0.000532632,-0.0015979,-0.000532632
1773774722778,0.0878906,-0.216797,0.98877,-0.000532632,0,-0.00106526
1773774722859,0.0898438,-0.214844,0.990723,0.00106526,-0.000532632,0
1773774722940,0.090332,-0.21582,0.991211,0,-0.00106526,-0.000532632
1773774723020,0.0878906,-0.218262,0.989258,0,-0.00106526,0
1773774723090,0.0883789,-0.217773,0.98877,0,-0.000532632,0.000532632
1773774723171,0.0878906,-0.21582,0.990723,-0.000532632,0,0
1773774723252,0.0883789,-0.214355,0.988281,0.000532632,-0.00106526,-0.000532632
1773774723322,0.0874023,-0.213867,0.991211,0.000532632,-0.00106526,0
1773774723404,0.0888672,-0.216309,0.989258,0,0.000532632,0.000532632
1773774723473,0.0883789,-0.215332,0.989746,-0.000532632,-0.00106526,-0.000532632
1773774723554,0.0888672,-0.216797,0.990234,0.000532632,-0.000532632,-0.00106526
1773774723634,0.090332,-0.216309,0.98877,0,-0.000532632,0
1773774723705,0.0893555,-0.216797,0.989746,0.000532632,0,0
1773774723785,0.0878906,-0.21582,0.990234,0.000532632,-0.0015979,-0.000532632
1773774723866,0.0883789,-0.212891,0.989746,0,0,-0.000532632
1773774723936,0.0888672,-0.215332,0.988281,-0.000532632,-0.00106526,0.000532632
1773774724017,0.0888672,-0.216309,0.987793,0,0,0.000532632
1773774724097,0.0898438,-0.215332,0.990723,0,0,0.000532632
1773774724168,0.0883789,-0.215332,0.990723,0.000532632,-0.000532632,0.000532632
1773774724248,0.0888672,-0.217285,0.990234,0.00106526,-0.00106526,-0.00106526
1773774724329,0.0874023,-0.216309,0.987793,-0.000532632,0,-0.000532632
1773774724399,0.0893555,-0.216309,0.989258,0.000532632,-0.00106526,-0.000532632
1773774724480,0.0883789,-0.216797,0.98877,0.00106526,0,0.000532632
1773774724561,0.0898438,-0.214355,0.990723,0.00106526,0,-0.000532632
1773774724631,0.0898438,-0.216797,0.989258,0.000532632,-0.000532632,0
1773774724712,0.0864258,-0.216309,0.989746,0.000532632,-0.00106526,0.000532632
1773774724782,0.0888672,-0.216309,0.991211,-0.000532632,0.000532632,-0.000532632
1773774724863,0.0878906,-0.216309,0.990234,0,-0.000532632,-0.000532632
1773774724944,0.0888672,-0.21582,0.992188,0.000532632,-0.000532632,-0.00106526
1773774725016,0.0883789,-0.214844,0.992188,0.000532632,-0.00106526,0.000532632
1773774725094,0.0898438,-0.215332,0.989746,0,-0.00106526,0
1773774725176,0.0874023,-0.214844,0.990723,0.000532632,0,0
1773774725245,0.0893555,-0.215332,0.989746,0.000532632,0,0
1773774725327,0.0893555,-0.215332,0.990234,0,0,-0.000532632
1773774725407,0.0883789,-0.215332,0.990723,0,-0.000532632,-0.00106526
1773774725479,0.0883789,-0.215332,0.989258,0.000532632,-0.000532632,0.000532632
1773774725558,0.0883789,-0.214844,0.989258,0.000532632,-0.000532632,0
1773774725639,0.0883789,-0.214844,0.990234,0.000532632,-0.000532632,0
1773774725709,0.0898438,-0.214844,0.990723,0,0,0
1773774725790,0.0869141,-0.215332,0.991211,-0.000532632,-0.00106526,-0.000532632
1773774725860,0.0888672,-0.21582,0.989746,0,0,0
1773774725941,0.0874023,-0.215332,0.989746,-0.00106526,-0.000532632,0.00106526
1773774726021,0.0888672,-0.215332,0.991211,0,0.000532632,0
1773774726092,0.0878906,-0.214844,0.990234,0.000532632,0,-0.000532632
1773774726173,0.0878906,-0.217285,0.990234,0.00106526,-0.000532632,0
1773774726253,0.0883789,-0.21582,0.990723,-0.00106526,-0.000532632,-0.000532632
1773774726324,0.0883789,-0.216309,0.989258,0.00106526,-0.000532632,0.000532632
1773774726404,0.0883789,-0.217773,0.989746,-0.000532632,-0.000532632,0.000532632
1773774726485,0.0898438,-0.214355,0.989746,0,-0.000532632,0.000532632
1773774726555,0.0878906,-0.214355,0.991211,-0.000532632,-0.000532632,-0.00106526
1773774726636,0.0893555,-0.215332,0.988281,0.000532632,-0.000532632,0.000532632
1773774726716,0.0874023,-0.217285,0.987793,0.000532632,0,-0.000532632
1773774726787,0.0883789,-0.21582,0.989258,0.00106526,0,0.000532632
1773774726867,0.0898438,-0.216309,0.990723,0.000532632,-0.00106526,0
1773774726938,0.0878906,-0.216309,0.989746,0.00106526,-0.00106526,0
1773774727018,0.0908203,-0.21582,0.991211,0,0,0
1773774727099,0.0888672,-0.214844,0.990723,0,-0.00106526,0.000532632
1773774727169,0.0888672,-0.216797,0.98877,0.000532632,0,0
1773774727250,0.0874023,-0.21582,0.989258,0,-0.000532632,0.000532632
1773774727330,0.0888672,-0.216309,0.990234,0,0.000532632,-0.000532632
1773774727401,0.0898438,-0.217285,0.989746,-0.000532632,-0.000532632,0.000532632
1773774727482,0.090332,-0.216309,0.98877,0.000532632,-0.000532632,-0.00106526
1773774727562,0.0888672,-0.214355,0.991699,0.000532632,-0.000532632,-0.0015979
1773774727632,0.0883789,-0.213379,0.990723,0.00106526,-0.000532632,-0.000532632
1773774727713,0.0878906,-0.213867,0.990723,0,0,-0.000532632
1773774727793,0.0898438,-0.217285,0.990723,-0.000532632,0,0
1773774727864,0.0888672,-0.216309,0.990723,0.000532632,0,-0.00106526
1773774727945,0.0864258,-0.216309,0.98877,-0.000532632,0,0
1773774728025,0.0888672,-0.216797,0.990723,0.00106526,-0.00106526,-0.000532632
1773774728095,0.0917969,-0.214844,0.990234,0,-0.00106526,0
1773774728176,0.0893555,-0.215332,0.990234,-0.000532632,-0.000532632,-0.000532632
1773774728247,0.0874023,-0.215332,0.989258,0.000532632,0,0.000532632
1773774728328,0.0869141,-0.215332,0.989746,-0.0015979,-0.000532632,0.000532632
1773774728408,0.0883789,-0.216309,0.991699,-0.000532632,-0.000532632,0
1773774728478,0.0893555,-0.216309,0.990723,0.000532632,-0.000532632,-0.00106526
1773774728559,0.0883789,-0.215332,0.991211,0.000532632,-0.00106526,-0.000532632
1773774728639,0.0908203,-0.217285,0.987793,0.000532632,-0.00106526,0
1773774728710,0.0883789,-0.214844,0.989746,0.00106526,0,-0.00106526
1773774728790,0.0893555,-0.216309,0.989258,0.000532632,-0.0015979,0
1773774728871,0.0893555,-0.21582,0.989746,0,-0.0015979,0
1773774728941,0.0874023,-0.214844,0.98877,-0.00106526,-0.00106526,0
1773774729022,0.0898438,-0.214355,0.990234,0.000532632,0,0
1773774729102,0.0883789,-0.215332,0.990723,0.00106526,-0.000532632,-0.00106526
1773774729173,0.0893555,-0.213379,0.98877,-0.00106526,-0.00106526,0.0015979
1773774729254,0.0878906,-0.215332,0.991211,-0.00106526,0,0
1773774729334,0.0898438,-0.217285,0.990234,0.000532632,0,0
1773774729405,0.0883789,-0.213867,0.986816,0.000532632,-0.000532632,0
1773774729485,0.0898438,-0.216309,0.988281,0.00106526,-0.0015979,-0.000532632
1773774729555,0.0878906,-0.216309,0.989258,0.000532632,0,0
1773774729636,0.0883789,-0.216797,0.989746,0,0,0
1773774729717,0.0878906,-0.216309,0.98877,-0.00106526,0,-0.00106526
1773774729788,0.0883789,-0.216309,0.989746,-0.000532632,0,0.000532632
1773774729868,0.0878906,-0.21582,0.990234,0,-0.000532632,0.000532632
1773774729948,0.0898438,-0.214844,0.991211,-0.000532632,-0.00106526,-0.0015979
1773774730019,0.0883789,-0.217285,0.989746,0.000532632,-0.000532632,0.000532632
1773774730099,0.0869141,-0.217285,0.991699,0.00106526,-0.000532632,0
1773774730180,0.0888672,-0.21582,0.990234,-0.000532632,-0.000532632,-0.000532632
1773774730250,0.0888672,-0.214355,0.990234,0,-0.000532632,0
1773774730331,0.0893555,-0.217773,0.989258,0,-0.000532632,0
1773774730412,0.0893555,-0.214355,0.990234,-0.000532632,-0.000532632,0.000532632
1773774730483,0.0898438,-0.216309,0.990234,0,0.000532632,-0.000532632
1773774730563,0.0893555,-0.214844,0.989258,0.00106526,-0.000532632,0
1773774730633,0.0883789,-0.218262,0.98877,0.000532632,0,-0.000532632
1773774730714,0.0888672,-0.214844,0.989746,-0.000532632,0,0
1773774730794,0.0898438,-0.215332,0.990723,-0.000532632,-0.000532632,-0.000532632
1773774730865,0.0874023,-0.213867,0.989746,0,-0.000532632,0.000532632
1773774730945,0.0874023,-0.216309,0.988281,0,0,-0.000532632
1773774731026,0.0883789,-0.213867,0.990723,-0.000532632,-0.0015979,-0.000532632
1773774731097,0.0888672,-0.215332,0.987793,0,-0.00106526,-0.000532632
1773774731177,0.0883789,-0.217285,0.989258,0,-0.00106526,-0.00106526
1773774731258,0.0893555,-0.214844,0.990234,0.000532632,0,0
1773774731328,0.0888672,-0.216309,0.989746,0.000532632,0.000532632,-0.000532632
1773774731409,0.0874023,-0.21582,0.990723,0.000532632,-0.000532632,0
1773774731489,0.0883789,-0.218262,0.990234,0.000532632,-0.000532632,-0.000532632
1773774731560,0.0898438,-0.216309,0.992676,-0.00106526,-0.000532632,-0.000532632
1773774731640,0.0893555,-0.215332,0.991211,0,0,-0.00106526
1773774731721,0.0888672,-0.214355,0.989746,0,-0.000532632,0
1773774731791,0.0888672,-0.21582,0.990234,0.000532632,-0.000532632,-0.00106526
1773774731872,0.0859375,-0.216797,0.98877,0,-0.00106526,0
1773774731942,0.0888672,-0.216797,0.98877,0.000532632,-0.00106526,0
1773774732024,0.0888672,-0.214355,0.990723,-0.000532632,-0.000532632,0.000532632
1773774732103,0.0883789,-0.216797,0.989746,0.00106526,-0.0015979,0
1773774732174,0.0878906,-0.217285,0.989258,0,-0.000532632,0
1773774732254,0.090332,-0.216797,0.990723,0.000532632,-0.00106526,0
1773774732335,0.0898438,-0.215332,0.989746,-0.00106526,-0.00106526,-0.000532632
1773774732406,0.0883789,-0.217285,0.990234,0,-0.000532632,0.000532632
1773774732486,0.0874023,-0.216309,0.989258,0,-0.00106526,-0.00106526
1773774732568,0.0888672,-0.21582,0.989746,0,-0.00106526,0.000532632
1773774732637,0.0883789,-0.215332,0.989746,-0.00106526,-0.00106526,0
1773774732717,0.0883789,-0.21582,0.98877,0,-0.00106526,-0.00106526
1773774732798,0.0893555,-0.213379,0.989258,0,-0.0015979,0.00106526
1773774732868,0.0883789,-0.217285,0.991211,0,-0.000532632,-0.000532632
1773774732949,0.0883789,-0.216309,0.98877,-0.000532632,-0.00106526,-0.00106526
1773774733023,0.0888672,-0.21582,0.991211,0,0.000532632,-0.000532632
1773774733100,0.0878906,-0.214844,0.989258,-0.000532632,-0.00106526,-0.00106526
1773774733181,0.0883789,-0.215332,0.98877,-0.000532632,-0.00106526,-0.000532632
1773774733261,0.0869141,-0.21582,0.989746,0.00106526,0.000532632,-0.000532632
1773774733332,0.0888672,-0.21582,0.989746,0.00106526,-0.00106526,-0.00106526
1773774733413,0.0898438,-0.215332,0.989746,0.000532632,-0.0015979,-0.000532632
1773774733484,0.0878906,-0.215332,0.987793,-0.000532632,-0.00106526,-0.00106526
1773774733564,0.0883789,-0.216309,0.988281,-0.000532632,0.000532632,-0.000532632
1773774733644,0.0898438,-0.213379,0.991211,-0.000532632,-0.00106526,-0.000532632
1773774733714,0.0888672,-0.214844,0.987793,-0.00106526,0,0.000532632
1773774733795,0.0893555,-0.216797,0.989746,0.000532632,-0.000532632,0
1773774733876,0.0893555,-0.216309,0.989746,0.000532632,0.000532632,-0.000532632
1773774733947,0.0878906,-0.215332,0.98877,0.0015979,-0.00106526,0
1773774734026,0.0898438,-0.213379,0.989746,0.000532632,-0.000532632,0.00106526
1773774734108,0.0893555,-0.215332,0.992676,-0.000532632,-0.00106526,0
1773774734177,0.090332,-0.217285,0.990234,-0.000532632,-0.000532632,0.000532632
1773774734258,0.0878906,-0.213867,0.988281,0,0.000532632,0.00106526
1773774734338,0.0878906,-0.214355,0.990723,0.000532632,-0.000532632,0
1773774734409,0.0878906,-0.214844,0.990723,-0.000532632,-0.000532632,0.00106526
1773774734490,0.0883789,-0.21582,0.989258,-0.000532632,-0.000532632,0
1773774734562,0.0883789,-0.215332,0.989746,-0.000532632,-0.00213053,0.00106526
1773774734641,0.0888672,-0.215332,0.989258,0,-0.000532632,0
1773774734721,0.0893555,-0.216797,0.989746,0.000532632,-0.000532632,-0.000532632
1773774734792,0.090332,-0.216309,0.990234,0.000532632,0,0.00106526
1773774734873,0.0888672,-0.215332,0.989258,0,0.000532632,0
1773774734945,0.0883789,-0.21582,0.989258,0.00106526,-0.000532632,0
1773774735023,0.0883789,-0.216797,0.990234,-0.000532632,0.000532632,0.000532632
1773774735104,0.0874023,-0.216309,0.989258,0.000532632,-0.0015979,0.000532632
1773774735184,0.0893555,-0.216797,0.989746,0.000532632,-0.000532632,-0.00106526
1773774735255,0.0878906,-0.21582,0.989258,-0.000532632,-0.00106526,0
1773774735336,0.0888672,-0.21582,0.990234,0.000532632,0.000532632,0
1773774735416,0.0874023,-0.21582,0.989258,0.00106526,-0.00106526,0.000532632
1773774735488,0.0893555,-0.217285,0.989746,-0.000532632,0,0.000532632
1773774735568,0.0864258,-0.21582,0.98877,0,0.000532632,-0.000532632
1773774735648,0.0878906,-0.216797,0.989746,-0.000532632,0,0
1773774735718,0.090332,-0.214355,0.98584,0.00106526,-0.000532632,0
1773774735799,0.090332,-0.218262,0.98877,0,-0.000532632,0.000532632
1773774735869,0.090332,-0.217285,0.987793,0,-0.00106526,0
1773774735950,0.0888672,-0.21582,0.990234,0.000532632,-0.000532632,-0.000532632
1773774736030,0.0883789,-0.216309,0.991211,0,0.000532632,-0.000532632
1773774736101,0.0864258,-0.21582,0.990723,-0.000532632,0,0.00106526
1773774736182,0.0893555,-0.217773,0.989258,0,0,0
1773774736262,0.0883789,-0.21582,0.988281,0,0,-0.000532632
1773774736332,0.0874023,-0.216309,0.988281,-0.000532632,-0.000532632,0
1773774736413,0.0869141,-0.216309,0.989258,0.000532632,-0.00106526,0
1773774736493,0.0874023,-0.216797,0.989746,-0.000532632,-0.00106526,0
1773774736564,0.0883789,-0.216309,0.989258,0.000532632,0,0.000532632
1773774736644,0.0869141,-0.216309,0.990723,0.00106526,0,-0.000532632
1773774736725,0.0878906,-0.213379,0.991211,-0.000532632,0,0.00106526
1773774736795,0.0878906,-0.215332,0.989258,0.000532632,0,0.000532632
1773774736878,0.0888672,-0.214844,0.990723,0,-0.000532632,0
1773774736946,0.0883789,-0.21582,0.990723,0,-0.000532632,-0.000532632
1773774737028,0.0888672,-0.216797,0.990234,-0.00106526,-0.000532632,0
1773774737107,0.0898438,-0.21582,0.990234,0.000532632,0.000532632,-0.000532632
1773774737178,0.0883789,-0.218262,0.989746,0.000532632,-0.000532632,-0.000532632
1773774737259,0.0888672,-0.213867,0.989258,0.000532632,-0.000532632,0.00106526
1773774737340,0.090332,-0.214844,0.990234,0.000532632,0,0.000532632
1773774737410,0.0898438,-0.215332,0.989258,-0.000532632,0,0.000532632
1773774737491,0.0898438,-0.216797,0.98877,0.000532632,0,0
1773774737571,0.0874023,-0.216309,0.98877,0,0,0
1773774737641,0.0893555,-0.218262,0.989746,-0.000532632,-0.000532632,0.000532632
1773774737722,0.0878906,-0.21582,0.989258,0,0,0.000532632
1773774737803,0.0883789,-0.216309,0.988281,0.00106526,0.000532632,0.000532632
1773774737874,0.0878906,-0.21582,0.987793,0.00106526,0,0.00106526
1773774737956,0.0878906,-0.216309,0.988281,0,-0.000532632,0
1773774738034,0.0874023,-0.215332,0.990723,0.000532632,0,0.000532632
1773774738104,0.0908203,-0.216309,0.98877,0.00106526,-0.000532632,0
1773774738186,0.0883789,-0.21582,0.987793,0.000532632,0,0
1773774738257,0.0893555,-0.214844,0.990723,0.000532632,0.000532632,0.000532632
1773774738337,0.0888672,-0.21582,0.990234,-0.000532632,0,0.000532632
1773774738419,0.0874023,-0.217285,0.989258,-0.000532632,-0.000532632,0.000532632
1773774738488,0.0893555,-0.216797,0.989258,0.000532632,-0.000532632,0.000532632
1773774738570,0.0888672,-0.214844,0.992188,0,0,0
1773774738639,0.0874023,-0.216797,0.989746,0.00106526,-0.000532632,-0.000532632
1773774738720,0.0878906,-0.215332,0.989258,-0.000532632,-0.00106526,-0.000532632
1773774738801,0.0874023,-0.217285,0.989258,0,-0.000532632,-0.000532632
1773774738881,0.0883789,-0.217285,0.989746,0.000532632,0,0.00106526
1773774738954,0.0883789,-0.214844,0.989258,-0.000532632,0,0
1773774739032,0.0878906,-0.21582,0.989746,0,-0.000532632,0.000532632
1773774739113,0.0908203,-0.214355,0.990234,0,0,0
1773774739183,0.0883789,-0.217285,0.991211,0,-0.000532632,0.00106526
1773774739264,0.0874023,-0.213379,0.990723,0,-0.000532632,0
1773774739334,0.0874023,-0.214355,0.991699,0.00106526,0.000532632,0
1773774739415,0.0898438,-0.216309,0.989746,0,0,-0.00106526
1773774739495,0.090332,-0.214844,0.991211,0.000532632,-0.000532632,0
1773774739566,0.0888672,-0.214844,0.989746,0,-0.000532632,0.0015979
1773774739646,0.090332,-0.217773,0.98877,-0.00106526,-0.000532632,0.00106526
1773774739727,0.0878906,-0.216797,0.98877,0.000532632,-0.00106526,0.000532632
1773774739797,0.0883789,-0.215332,0.987305,0,-0.000532632,-0.00106526
1773774739878,0.0898438,-0.217285,0.989746,0.000532632,-0.00106526,0
1773774739958,0.0893555,-0.214844,0.987793,0,0,0.000532632
1773774740029,0.0888672,-0.215332,0.989258,0,0,-0.000532632
1773774740109,0.090332,-0.214355,0.989746,0,0.000532632,0.000532632
1773774740190,0.0888672,-0.215332,0.988281,-0.000532632,0,-0.000532632
1773774740260,0.0874023,-0.214844,0.989258,0.000532632,-0.00106526,-0.000532632
1773774740341,0.0893555,-0.216797,0.992676,0,0,0
1773774740421,0.0883789,-0.215332,0.991211,-0.00106526,-0.000532632,-0.000532632
1773774740492,0.0893555,-0.216309,0.98877,-0.000532632,0,-0.00106526
1773774740573,0.0869141,-0.216309,0.990234,0.000532632,0,0.000532632
1773774740643,0.0878906,-0.217285,0.98877,0.000532632,-0.000532632,-0.00106526
1773774740723,0.0883789,-0.216309,0.990234,0,-0.000532632,0.000532632
1773774740804,0.0898438,-0.216797,0.989746,0.000532632,0,0.00106526
1773774740874,0.0878906,-0.216797,0.98877,-0.000532632,-0.00106526,0
1773774740955,0.0888672,-0.215332,0.989746,0.000532632,0,-0.00106526
1773774741036,0.0878906,-0.215332,0.990234,0.000532632,-0.000532632,0.000532632
1773774741106,0.0888672,-0.216309,0.989746,-0.000532632,0,0
1773774741187,0.0874023,-0.214355,0.991211,0.000532632,0,0.00106526
1773774741267,0.0908203,-0.214355,0.990234,0,0,0
1773774741338,0.090332,-0.216797,0.990723,0.000532632,-0.000532632,0
1773774741418,0.0878906,-0.217285,0.990723,-0.000532632,-0.000532632,0.000532632
1773774741499,0.0874023,-0.215332,0.990234,0.00106526,-0.0015979,0.00106526
1773774741569,0.0893555,-0.21582,0.991699,0.000532632,0,0
1773774741650,0.0908203,-0.216797,0.990234,0.00106526,-0.000532632,0.000532632
1773774741731,0.0874023,-0.214355,0.989746,0.00106526,-0.000532632,-0.000532632
1773774741801,0.0878906,-0.217773,0.988281,0.00106526,0,0.000532632
1773774741882,0.0869141,-0.21582,0.990723,0,0.000532632,0.00106526
1773774741952,0.0874023,-0.21582,0.990234,-0.000532632,-0.00106526,0
1773774742033,0.0898438,-0.216797,0.990723,0,0,0
1773774742113,0.0893555,-0.214844,0.991699,0.000532632,-0.00106526,-0.000532632
1773774742184,0.0893555,-0.213867,0.989746,0.000532632,-0.00106526,0.000532632
1773774742264,0.0908203,-0.216797,0.988281,0.000532632,-0.00106526,-0.000532632
1773774742345,0.0874023,-0.214844,0.990234,0,0,-0.000532632
1773774742415,0.0898438,-0.21875,0.990723,-0.000532632,-0.00106526,-0.000532632
1773774742496,0.0883789,-0.215332,0.990723,0.000532632,-0.000532632,-0.00106526
1773774742576,0.0883789,-0.216309,0.989258,0.000532632,-0.000532632,0
1773774742647,0.0883789,-0.216309,0.98877,-0.000532632,-0.00106526,-0.000532632
1773774742727,0.0874023,-0.21582,0.990234,0,-0.00106526,-0.000532632
1773774742808,0.0874023,-0.216309,0.990234,0.000532632,0,0.000532632
1773774742878,0.0883789,-0.214355,0.991211,0.000532632,-0.000532632,-0.000532632
1773774742960,0.090332,-0.217773,0.98877,0.000532632,0,0
1773774743040,0.0898438,-0.21582,0.990723,0.000532632,-0.000532632,0
1773774743110,0.0893555,-0.21582,0.989258,0,0,0
1773774743191,0.0883789,-0.215332,0.990234,0.000532632,-0.000532632,-0.00106526
1773774743261,0.0874023,-0.21582,0.990234,0,0,0
1773774743342,0.0864258,-0.216309,0.990234,0.000532632,-0.000532632,-0.000532632
1773774743422,0.0883789,-0.216309,0.989746,-0.00106526,0,0.000532632
1773774743493,0.0893555,-0.216309,0.989258,0,-0.00106526,-0.000532632
1773774743573,0.0893555,-0.216797,0.991211,-0.000532632,-0.000532632,0
1773774743654,0.0878906,-0.215332,0.990234,0,-0.000532632,0.000532632
1773774743724,0.0893555,-0.21582,0.990234,0,0.00106526,0
1773774743806,0.0874023,-0.214355,0.988281,0.000532632,-0.000532632,0.000532632
1773774743886,0.0913086,-0.21582,0.990234,-0.000532632,0,0
1773774743956,0.0888672,-0.215332,0.989258,0,-0.000532632,-0.00106526
1773774744037,0.0864258,-0.216797,0.990723,-0.000532632,-0.00106526,0.000532632
1773774744117,0.0888672,-0.217285,0.990234,0.000532632,-0.000532632,-0.000532632
1773774744188,0.0883789,-0.214844,0.990234,0.000532632,-0.00106526,0.000532632
1773774744268,0.0888672,-0.216797,0.990234,0.000532632,0.000532632,0
1773774744339,0.0864258,-0.212891,0.990723,-0.000532632,-0.00106526,0.000532632
1773774744420,0.090332,-0.214355,0.990723,0.000532632,0,0.000532632
1773774744500,0.0874023,-0.214844,0.990723,0,0.000532632,0
1773774744570,0.0888672,-0.216797,0.990723,0,-0.00106526,0.000532632
1773774744651,0.0888672,-0.213867,0.98877,-0.000532632,0,0
1773774744733,0.0878906,-0.21582,0.991699,-0.000532632,-0.00106526,-0.00106526
1773774744802,0.0888672,-0.213867,0.98877,0.000532632,-0.000532632,0
1773774744883,0.090332,-0.215332,0.990234,-0.000532632,0,0.0015979
1773774744963,0.0898438,-0.214844,0.989746,0.000532632,0,0
1773774745034,0.0898438,-0.21582,0.989258,-0.000532632,-0.00106526,-0.00106526
1773774745114,0.0878906,-0.214844,0.990234,0.000532632,-0.00106526,-0.00106526
1773774745195,0.0883789,-0.217285,0.989258,0,0,0.000532632
1773774745266,0.0878906,-0.216309,0.990234,0,-0.000532632,0.000532632
1773774745347,0.0898438,-0.216797,0.987793,0.000532632,0,-0.000532632
1773774745427,0.0893555,-0.216309,0.98877,-0.000532632,0,0.000532632
1773774745498,0.0883789,-0.216309,0.989258,0.0015979,-0.000532632,0
1773774745578,0.0888672,-0.215332,0.990723,-0.000532632,-0.000532632,0.00106526
1773774745658,0.0888672,-0.213867,0.990234,-0.00106526,-0.00106526,-0.000532632
1773774745729,0.090332,-0.215332,0.989746,0,-0.000532632,0
1773774745809,0.0893555,-0.214844,0.989746,0.00106526,0.000532632,0.000532632
1773774745880,0.0878906,-0.217773,0.989258,0,-0.00106526,0.00106526
1773774745960,0.0883789,-0.214844,0.98877,-0.000532632,-0.00213053,0
1773774746041,0.0893555,-0.215332,0.989746,-0.00106526,-0.00106526,0
1773774746111,0.0878906,-0.21582,0.990723,0.00106526,0,0
1773774746192,0.090332,-0.21582,0.989746,-0.000532632,-0.000532632,0
1773774746272,0.0883789,-0.216797,0.990723,0,-0.00106526,0
1773774746345,0.0878906,-0.217285,0.990234,0.000532632,-0.0015979,0
1773774746424,0.0878906,-0.216309,0.990723,-0.000532632,-0.0015979,-0.000532632
1773774746504,0.0913086,-0.216797,0.990234,-0.000532632,0,-0.000532632
1773774746575,0.0898438,-0.21582,0.990234,0.0015979,-0.000532632,-0.000532632
1773774746656,0.090332,-0.217773,0.991211,0.00106526,-0.000532632,-0.000532632
1773774746736,0.0898438,-0.215332,0.989258,0.00106526,-0.000532632,0
1773774746806,0.0878906,-0.215332,0.990723,0.000532632,-0.000532632,0
1773774746887,0.0888672,-0.214355,0.991211,0,-0.000532632,-0.000532632
1773774746957,0.0913086,-0.214844,0.990723,0.00106526,-0.00106526,-0.000532632
1773774747038,0.0888672,-0.216309,0.990234,0.000532632,-0.00106526,0
1773774747119,0.0878906,-0.217285,0.98877,0.0015979,-0.000532632,0
1773774747189,0.0913086,-0.215332,0.989746,-0.00106526,-0.0015979,0.000532632
1773774747270,0.0898438,-0.215332,0.990723,0,0,0
1773774747350,0.0888672,-0.217773,0.991211,0.000532632,-0.00106526,0
1773774747421,0.0893555,-0.216797,0.990723,0.000532632,-0.000532632,0.000532632
1773774747501,0.0893555,-0.217285,0.990723,0.000532632,-0.000532632,0
1773774747582,0.0888672,-0.217285,0.989258,0.000532632,-0.000532632,0
1773774747653,0.0878906,-0.216309,0.988281,0.00106526,-0.000532632,-0.00106526
1773774747733,0.090332,-0.215332,0.989258,0.00106526,-0.000532632,0.000532632
1773774747813,0.0908203,-0.216309,0.990234,0.000532632,-0.00106526,-0.00106526
1773774747884,0.0917969,-0.214844,0.991211,0,0,0
1773774747965,0.0883789,-0.214844,0.990723,0,-0.000532632,-0.000532632
1773774748035,0.0898438,-0.216309,0.989746,0.00106526,-0.00106526,0.000532632
1773774748115,0.090332,-0.216309,0.992188,0.00106526,0,-0.000532632
1773774748196,0.0898438,-0.216309,0.990723,-0.000532632,-0.00106526,0
1773774748266,0.0878906,-0.21582,0.990234,-0.000532632,-0.00106526,0.000532632
1773774748347,0.0883789,-0.215332,0.989746,0.000532632,-0.00106526,-0.00106526
1773774748428,0.0874023,-0.21582,0.98877,0.0015979,0,-0.000532632
1773774748498,0.0883789,-0.214355,0.991211,-0.00106526,-0.00106526,0
1773774748579,0.0893555,-0.214355,0.992188,0.000532632,-0.00106526,-0.0015979
1773774748659,0.0898438,-0.217285,0.989746,-0.00106526,-0.000532632,0
1773774748730,0.0869141,-0.214844,0.989746,0.000532632,-0.000532632,-0.000532632
1773774748810,0.0874023,-0.215332,0.992188,0.000532632,-0.0015979,-0.000532632
1773774748891,0.0898438,-0.21582,0.991699,0,-0.000532632,-0.000532632
1773774748964,0.090332,-0.214355,0.990723,0,-0.000532632,0
1773774749042,0.090332,-0.214844,0.989746,0,-0.000532632,-0.000532632
1773774749122,0.0893555,-0.216309,0.990723,0,-0.00106526,0
1773774749193,0.0893555,-0.217285,0.988281,0,-0.000532632,0.000532632
1773774749275,0.0864258,-0.214844,0.98877,0.000532632,0,-0.000532632
1773774749345,0.0878906,-0.216309,0.990234,0,-0.00106526,0
1773774749428,0.0883789,-0.21582,0.990234,-0.000532632,-0.000532632,-0.000532632
1773774749505,0.0888672,-0.21582,0.990723,0.000532632,0,-0.000532632
1773774749577,0.0893555,-0.215332,0.992188,0,-0.000532632,-0.000532632
1773774749656,0.0869141,-0.216797,0.989258,0.000532632,-0.0015979,-0.000532632
1773774749737,0.0883789,-0.217773,0.991211,0,-0.000532632,0.0015979
1773774749808,0.0888672,-0.21582,0.991211,0.00106526,-0.00106526,0
1773774749888,0.0898438,-0.214355,0.98877,0.000532632,0,-0.00106526
1773774749968,0.0883789,-0.213379,0.98877,-0.000532632,-0.000532632,0
1773774750040,0.0883789,-0.216309,0.989746,0,-0.000532632,-0.000532632
1773774750120,0.0898438,-0.216797,0.989746,0,0.000532632,0
1773774750200,0.0883789,-0.214844,0.990234,-0.000532632,-0.00106526,0
1773774750271,0.0888672,-0.216797,0.988281,0,0.00106526,0.00106526
1773774750351,0.0883789,-0.217285,0.992676,0,0,0.000532632
1773774750421,0.0908203,-0.215332,0.98877,0,-0.000532632,-0.000532632
1773774750503,0.0893555,-0.215332,0.989258,0.00106526,-0.000532632,0
1773774750584,0.0898438,-0.217285,0.990234,0.000532632,-0.000532632,-0.000532632
1773774750654,0.0898438,-0.216309,0.98877,-0.000532632,0,0
1773774750734,0.0888672,-0.214355,0.989746,-0.000532632,-0.000532632,0.000532632
1773774750804,0.090332,-0.215332,0.989746,-0.000532632,0,0
1773774750885,0.0888672,-0.213867,0.989746,0,-0.000532632,0
1773774750966,0.0898438,-0.215332,0.990234,0.000532632,-0.00106526,0
1773774751047,0.0874023,-0.21582,0.989746,-0.000532632,0,-0.00106526
1773774751116,0.0878906,-0.214355,0.98877,0,0,0.000532632
1773774751197,0.0898438,-0.215332,0.991211,-0.000532632,0,0.000532632
1773774751278,0.0888672,-0.216797,0.989746,0,-0.000532632,0
1773774751348,0.0878906,-0.214844,0.988281,0.00106526,-0.000532632,0.000532632
1773774751428,0.0893555,-0.217773,0.990723,0.00106526,0,0
1773774751509,0.0883789,-0.216309,0.98877,0,-0.000532632,-0.000532632
1773774751580,0.0874023,-0.216797,0.98877,0.0015979,-0.00106526,-0.000532632
1773774751660,0.0888672,-0.215332,0.990234,0.000532632,0,0
1773774751733,0.0898438,-0.216309,0.989746,-0.000532632,-0.000532632,0
1773774751811,0.0913086,-0.216309,0.989258,0.000532632,0,-0.000532632
1773774751892,0.090332,-0.215332,0.98877,-0.000532632,-0.000532632,0.000532632
1773774751962,0.0893555,-0.213867,0.989746,0.0015979,-0.000532632,-0.000532632
1773774752043,0.0878906,-0.215332,0.990723,-0.000532632,0,0.00106526
1773774752123,0.0878906,-0.216309,0.990723,-0.00106526,0,-0.000532632
1773774752195,0.0883789,-0.217285,0.989258,0,-0.000532632,-0.000532632
1773774752274,0.0878906,-0.217285,0.989258,0,0,-0.00106526
1773774752356,0.0878906,-0.214355,0.990723,-0.00106526,0,-0.000532632
1773774752425,0.0913086,-0.216309,0.990723,0,-0.00106526,-0.000532632
1773774752506,0.090332,-0.216797,0.988281,0.00106526,0,0.000532632
1773774752587,0.0893555,-0.21582,0.991211,0.000532632,-0.000532632,0
1773774752657,0.0908203,-0.214844,0.990723,0.000532632,0,0.000532632
1773774752737,0.0874023,-0.217285,0.989258,0.000532632,0,0.000532632
1773774752808,0.0888672,-0.215332,0.988281,-0.000532632,0,0.000532632
1773774752888,0.0878906,-0.21582,0.989746,0,-0.00106526,0
1773774752969,0.0888672,-0.214844,0.991699,0,-0.000532632,0.000532632
1773774753043,0.0883789,-0.214355,0.990723,0,-0.000532632,-0.000532632
1773774753120,0.0893555,-0.215332,0.990234,0.000532632,-0.000532632,0.00106526
1773774753201,0.0893555,-0.217773,0.990234,0,0,0.000532632
1773774753271,0.0878906,-0.21582,0.989746,0,0,0.000532632
1773774753352,0.0888672,-0.214844,0.98877,-0.000532632,-0.00106526,0
1773774753433,0.0888672,-0.217285,0.989746,0.00106526,-0.000532632,0
1773774753505,0.0874023,-0.21582,0.990234,0,-0.000532632,-0.000532632
1773774753584,0.0854492,-0.21582,0.98877,0,0,0
1773774753664,0.0888672,-0.217285,0.990234,-0.000532632,-0.00213053,-0.00106526
1773774753735,0.0878906,-0.216797,0.989258,0,-0.000532632,0.00106526
1773774753815,0.090332,-0.215332,0.989258,0,-0.00106526,0.000532632
1773774753896,0.0883789,-0.217285,0.98877,0,-0.000532632,0.000532632
1773774753966,0.0888672,-0.21582,0.989746,0,-0.000532632,0
1773774754047,0.0898438,-0.214844,0.990723,-0.00106526,0,0.000532632
1773774754127,0.0893555,-0.217773,0.990723,0.000532632,0,0
1773774754198,0.0874023,-0.216309,0.989746,0.000532632,0,0
1773774754278,0.0878906,-0.217285,0.991211,-0.000532632,0,-0.000532632
1773774754349,0.0898438,-0.21582,0.990234,0.000532632,0,0
1773774754429,0.0908203,-0.213867,0.989746,-0.000532632,0,-0.000532632
1773774754510,0.0869141,-0.215332,0.990234,0,-0.000532632,-0.000532632
1773774754581,0.0893555,-0.216309,0.989258,0.00106526,-0.000532632,0
1773774754661,0.0883789,-0.214355,0.989746,-0.000532632,-0.00106526,-0.000532632
1773774754742,0.0898438,-0.216797,0.990234,0.000532632,-0.000532632,0
1773774754816,0.0888672,-0.215332,0.991211,0.000532632,0.000532632,-0.000532632
1773774754893,0.0888672,-0.217773,0.991211,-0.000532632,-0.00106526,-0.00106526
1773774754973,0.0898438,-0.214844,0.989746,0,0,-0.00106526
1773774755046,0.0898438,-0.213867,0.987793,0.000532632,-0.000532632,-0.00106526
1773774755124,0.0883789,-0.216797,0.989746,0.000532632,-0.000532632,0
1773774755205,0.0898438,-0.213867,0.990234,0.00106526,0,0.00106526
1773774755279,0.0888672,-0.217773,0.990723,0.000532632,0.000532632,0.00106526
1773774755356,0.0898438,-0.216797,0.990234,-0.000532632,-0.000532632,0
1773774755427,0.0883789,-0.215332,0.991211,0.000532632,-0.000532632,0.000532632
1773774755507,0.0883789,-0.214355,0.989746,0.000532632,0,0
1773774755588,0.0893555,-0.216797,0.989258,0,0,0.000532632
1773774755660,0.0888672,-0.216309,0.988281,-0.000532632,-0.0015979,-0.000532632
1773774755739,0.0883789,-0.216309,0.989746,0.000532632,-0.000532632,0
1773774755821,0.0893555,-0.21582,0.991699,0,-0.000532632,0
1773774755890,0.0898438,-0.214844,0.990723,0,0,0.000532632
1773774755972,0.0888672,-0.216797,0.98877,0,-0.0015979,0
1773774756051,0.0878906,-0.214355,0.991211,0,0,-0.000532632
1773774756121,0.0883789,-0.215332,0.991211,0,0,0.00106526
1773774756202,0.0893555,-0.215332,0.989746,-0.000532632,-0.000532632,-0.000532632
1773774756283,0.0922852,-0.217285,0.991211,0,0,0
1773774756353,0.0888672,-0.21582,0.989258,0,0.000532632,0.000532632
1773774756434,0.0908203,-0.21582,0.987793,0,-0.000532632,-0.000532632
1773774756514,0.0888672,-0.21582,0.989746,0,0.00106526,0
1773774756584,0.0898438,-0.213867,0.988281,0,-0.00106526,-0.000532632
1773774756665,0.0888672,-0.216309,0.98877,0,-0.000532632,-0.000532632
1773774756735,0.0878906,-0.216797,0.990723,0.000532632,-0.000532632,0.00106526
1773774756818,0.0893555,-0.217285,0.990723,0.0015979,-0.000532632,-0.00106526
1773774756897,0.0893555,-0.217285,0.990234,0,-0.000532632,0.000532632
1773774756968,0.0893555,-0.217285,0.990234,0.0015979,-0.000532632,0
1773774757048,0.090332,-0.214355,0.990234,-0.000532632,0,0
1773774757128,0.0898438,-0.215332,0.990234,0,-0.000532632,-0.00106526
1773774757199,0.0878906,-0.216309,0.991211,0,0,0.00106526
1773774757279,0.0888672,-0.217773,0.989746,-0.000532632,-0.000532632,0
1773774757360,0.0898438,-0.215332,0.990723,0,-0.000532632,-0.000532632
1773774757432,0.0883789,-0.21582,0.990723,-0.000532632,0,-0.000532632
1773774757511,0.0878906,-0.215332,0.988281,0.000532632,0.00106526,0
1773774757591,0.0893555,-0.21582,0.98877,0,0.00106526,0.000532632
1773774757662,0.0888672,-0.216797,0.991211,-0.000532632,-0.000532632,0.00106526
1773774757742,0.0878906,-0.216309,0.990723,-0.000532632,-0.000532632,0
1773774757823,0.0869141,-0.214844,0.988281,0.00106526,-0.000532632,-0.00106526
1773774757893,0.0874023,-0.215332,0.990234,-0.000532632,0,-0.00106526
1773774757974,0.0874023,-0.216797,0.991211,0,-0.000532632,0
1773774758054,0.0888672,-0.216797,0.98877,0.000532632,0,-0.000532632
1773774758127,0.0883789,-0.217285,0.990723,0,-0.00106526,0
1773774758206,0.0898438,-0.216797,0.990234,0.00106526,-0.000532632,-0.000532632
1773774758276,0.0874023,-0.217285,0.990234,0,-0.00106526,0
1773774758359,0.0878906,-0.216309,0.990723,0.00106526,0,-0.000532632
1773774758437,0.0883789,-0.216797,0.989746,0,-0.00106526,-0.000532632
1773774758508,0.0888672,-0.217773,0.987793,0,-0.000532632,0
1773774758588,0.0893555,-0.216309,0.989258,0,-0.000532632,0
1773774758670,0.0893555,-0.216797,0.992188,0,-0.000532632,0.000532632
1773774758739,0.0874023,-0.21582,0.989258,0.000532632,-0.00106526,-0.00106526
1773774758820,0.0874023,-0.218262,0.991699,0.00106526,-0.000532632,-0.000532632
1773774758900,0.0878906,-0.217285,0.990234,0.00106526,0,0.000532632
1773774758972,0.0893555,-0.21582,0.990234,0,-0.00106526,0
1773774759052,0.0883789,-0.216309,0.989746,0.00106526,-0.00106526,0
1773774759132,0.0878906,-0.216309,0.988281,-0.000532632,-0.000532632,0
1773774759203,0.0869141,-0.21582,0.988281,0,0,-0.0015979
1773774759285,0.0883789,-0.213867,0.990234,0.000532632,-0.0015979,0.00106526
1773774759353,0.090332,-0.21582,0.989258,0,0,0
1773774759434,0.0864258,-0.215332,0.990723,0,0,0
1773774759514,0.0878906,-0.214844,0.990723,-0.000532632,0,0.000532632
1773774759587,0.0883789,-0.218262,0.990723,0,0.000532632,-0.000532632
1773774759667,0.0874023,-0.217285,0.989746,0.000532632,-0.000532632,-0.000532632
1773774759746,0.0888672,-0.21582,0.990234,-0.000532632,-0.000532632,0.00106526
1773774759816,0.0883789,-0.214355,0.989746,0.0015979,-0.000532632,-0.000532632
1773774759897,0.0888672,-0.212891,0.990234,-0.000532632,0,0.00106526
1773774759978,0.0883789,-0.214844,0.991211,0.000532632,0,0.000532632
1773774760048,0.0874023,-0.217285,0.989258,0,-0.00106526,-0.000532632
1773774760132,0.0888672,-0.21582,0.98877,0,-0.0015979,0
1773774760210,0.0874023,-0.21582,0.990234,0.000532632,-0.00106526,0
1773774760280,0.0874023,-0.214355,0.988281,0,-0.000532632,0.000532632
1773774760361,0.0893555,-0.217285,0.989258,0.000532632,-0.000532632,-0.000532632
1773774760441,0.0883789,-0.214844,0.989258,0.000532632,-0.000532632,0
1773774760511,0.0888672,-0.216309,0.991211,-0.000532632,0.000532632,0.000532632
1773774760592,0.0869141,-0.216797,0.987793,0.00106526,-0.000532632,0.000532632
1773774760672,0.0874023,-0.216309,0.991699,-0.000532632,-0.00106526,-0.000532632
1773774760743,0.0888672,-0.214844,0.990723,0,-0.000532632,-0.000532632
1773774760823,0.0888672,-0.216797,0.988281,0,-0.000532632,0
1773774760894,0.0878906,-0.216309,0.98877,-0.000532632,-0.00106526,0.000532632
1773774760974,0.0893555,-0.215332,0.989746,0,-0.000532632,-0.000532632
1773774761055,0.0888672,-0.215332,0.990723,0,0,0.000532632
1773774761125,0.0893555,-0.217773,0.989258,0,-0.000532632,0
1773774761206,0.0878906,-0.21582,0.990723,0.000532632,0,0
1773774761276,0.0898438,-0.214844,0.990234,-0.00106526,-0.000532632,0
1773774761357,0.090332,-0.21582,0.986816,-0.00106526,-0.000532632,0
1773774761437,0.0898438,-0.215332,0.989746,-0.000532632,0,-0.000532632
1773774761518,0.0878906,-0.21582,0.990234,0.000532632,-0.00106526,0
1773774761590,0.0888672,-0.217285,0.991211,-0.00106526,-0.00106526,0
1773774761669,0.0888672,-0.21582,0.98877,0.000532632,-0.000532632,-0.000532632
1773774761750,0.0874023,-0.217285,0.991211,-0.000532632,0,-0.000532632
1773774761820,0.0878906,-0.214844,0.989746,-0.00106526,-0.00106526,-0.0015979
1773774761902,0.0913086,-0.21582,0.990234,0,0,0.00106526
1773774761971,0.0908203,-0.215332,0.989258,0,-0.000532632,-0.000532632
1773774762052,0.0888672,-0.214844,0.990234,0.00106526,-0.00106526,0.000532632
1773774762133,0.0898438,-0.21582,0.98877,0,0,0
1773774762203,0.0893555,-0.215332,0.992188,-0.000532632,0.000532632,0.00106526
1773774762284,0.0888672,-0.216797,0.991699,0.000532632,-0.00106526,0
1773774762364,0.0878906,-0.217285,0.989258,0.000532632,0,0.000532632
1773774762435,0.0893555,-0.217285,0.990723,-0.000532632,-0.000532632,0
1773774762515,0.0883789,-0.21582,0.989258,0.000532632,-0.00106526,-0.000532632
1773774762596,0.0893555,-0.214844,0.989258,0.000532632,-0.000532632,0.000532632
1773774762668,0.0869141,-0.21582,0.991699,0.000532632,-0.000532632,-0.000532632
1773774762747,0.0888672,-0.216309,0.98877,0.000532632,-0.000532632,0
1773774762827,0.0898438,-0.21582,0.991699,0,-0.000532632,0
1773774762899,0.0883789,-0.214355,0.989746,0,-0.000532632,0
1773774762980,0.0888672,-0.216309,0.989258,0.000532632,-0.000532632,-0.000532632
1773774763059,0.0888672,-0.21582,0.990723,0,-0.00106526,0
1773774763130,0.0908203,-0.214355,0.990723,0,0,0
1773774763210,0.0893555,-0.217773,0.98877,0,0,0
1773774763281,0.0888672,-0.216309,0.990723,0.000532632,0,-0.000532632
1773774763361,0.0898438,-0.217285,0.987793,-0.000532632,-0.000532632,0
1773774763442,0.0893555,-0.213867,0.989258,0.000532632,-0.000532632,-0.000532632
1773774763512,0.090332,-0.215332,0.989258,0.000532632,-0.000532632,0
1773774763593,0.0893555,-0.214355,0.987793,-0.000532632,-0.000532632,-0.000532632
1773774763674,0.0898438,-0.215332,0.989258,-0.000532632,-0.00106526,0.000532632
1773774763744,0.0888672,-0.21582,0.990234,0,-0.000532632,-0.00106526
1773774763825,0.0888672,-0.216797,0.987793,0,-0.00106526,-0.000532632
1773774763905,0.0883789,-0.214844,0.990234,0,-0.00213053,0
1773774763976,0.0888672,-0.217773,0.989746,0.000532632,-0.00106526,-0.00106526
1773774764056,0.0893555,-0.214355,0.990723,0.00106526,0,0
1773774764137,0.0883789,-0.216309,0.989258,-0.00106526,0,0.00106526
1773774764208,0.0898438,-0.214844,0.990723,-0.000532632,0,-0.000532632
1773774764288,0.0908203,-0.216797,0.989746,0.000532632,-0.00106526,0
1773774764359,0.0883789,-0.214844,0.991699,0,0,0.000532632
1773774764439,0.0893555,-0.214355,0.991211,0,0,0
1773774764520,0.0908203,-0.21582,0.989258,0.000532632,-0.00106526,0
1773774764590,0.0883789,-0.21582,0.98877,0,-0.000532632,0
1773774764671,0.0898438,-0.217285,0.990723,-0.000532632,-0.00106526,0.000532632
1773774764751,0.0893555,-0.216309,0.990723,-0.0015979,-0.000532632,0
1773774764822,0.090332,-0.217773,0.992188,-0.00106526,-0.000532632,0.000532632
1773774764902,0.0888672,-0.215332,0.98877,0,-0.000532632,0
1773774764983,0.0883789,-0.216797,0.990234,-0.000532632,0,-0.000532632
1773774765053,0.0888672,-0.214844,0.98877,0.000532632,0,0
1773774765134,0.0893555,-0.215332,0.98877,0.000532632,-0.000532632,0
1773774765214,0.0869141,-0.216309,0.990234,0,-0.000532632,0.000532632
1773774765285,0.090332,-0.216797,0.990723,0,-0.00106526,0.000532632
1773774765367,0.0888672,-0.215332,0.989258,-0.000532632,-0.000532632,0
1773774765436,0.0908203,-0.215332,0.990234,-0.000532632,-0.000532632,0.000532632
1773774765516,0.0898438,-0.214844,0.990234,0,-0.0015979,0
1773774765597,0.0883789,-0.217285,0.990234,0,-0.000532632,0.00106526
1773774765667,0.0893555,-0.216309,0.990723,-0.000532632,-0.00106526,-0.000532632
1773774765748,0.0898438,-0.215332,0.991211,-0.000532632,0,-0.000532632
1773774765829,0.0888672,-0.214844,0.991211,0,-0.00106526,0
1773774765899,0.0898438,-0.211914,0.989746,0.000532632,-0.00106526,-0.000532632
1773774765980,0.0893555,-0.215332,0.990234,0,-0.000532632,0
1773774766060,0.090332,-0.216309,0.989258,0,-0.000532632,0
1773774766131,0.0888672,-0.214355,0.992188,0.000532632,0,0.000532632
1773774766211,0.0883789,-0.214844,0.989258,0,0,0.000532632
1773774766292,0.0893555,-0.216309,0.989258,0,0,0
1773774766363,0.0883789,-0.214844,0.992188,0.000532632,-0.0015979,0
1773774766443,0.0893555,-0.214844,0.990723,-0.000532632,-0.00106526,-0.000532632
1773774766523,0.0893555,-0.214355,0.992188,0.000532632,-0.000532632,-0.000532632
1773774766594,0.090332,-0.21582,0.990234,0,-0.000532632,0.000532632
1773774766674,0.0869141,-0.214844,0.989746,-0.000532632,-0.000532632,0
1773774766745,0.0883789,-0.213379,0.989746,0,-0.000532632,-0.0015979
1773774766825,0.0878906,-0.213867,0.992188,-0.000532632,-0.000532632,0
1773774766907,0.0893555,-0.217773,0.989746,-0.000532632,-0.000532632,-0.000532632
1773774766977,0.0898438,-0.21582,0.989746,0,-0.00106526,-0.000532632
1773774767057,0.090332,-0.21582,0.990723,0.00106526,0,-0.000532632
1773774767138,0.090332,-0.215332,0.991699,0,-0.00106526,-0.000532632
1773774767209,0.0878906,-0.215332,0.990723,0,-0.000532632,0.00106526
1773774767289,0.0888672,-0.214844,0.991211,0,-0.000532632,-0.000532632
1773774767370,0.0898438,-0.216309,0.990234,0.000532632,-0.00106526,0
1773774767440,0.0888672,-0.215332,0.992676,0,-0.000532632,0
1773774767521,0.090332,-0.216309,0.989258,0.000532632,-0.000532632,0
1773774767602,0.0908203,-0.214355,0.990234,0.000532632,0,-0.000532632
1773774767672,0.0874023,-0.214844,0.989258,0.00106526,0.000532632,-0.000532632
1773774767752,0.0874023,-0.216309,0.990234,-0.000532632,0,0.00106526
1773774767833,0.0878906,-0.215332,0.990723,-0.000532632,-0.0015979,-0.000532632
1773774767903,0.0893555,-0.213867,0.991211,-0.0015979,-0.000532632,-0.000532632
1773774767984,0.0908203,-0.215332,0.989746,-0.000532632,-0.0015979,-0.000532632
1773774768054,0.0864258,-0.215332,0.990234,-0.000532632,0,0.00106526
1773774768135,0.0888672,-0.216309,0.991211,0.000532632,-0.00106526,-0.000532632
1773774768215,0.0898438,-0.213379,0.989746,0,-0.00106526,0.00106526
1773774768286,0.0888672,-0.21582,0.990234,0.000532632,-0.000532632,0.000532632
1773774768366,0.0888672,-0.215332,0.989258,0.000532632,0,0.000532632
1773774768447,0.0888672,-0.21582,0.989258,0,-0.000532632,-0.000532632
1773774768518,0.0883789,-0.21582,0.991211,-0.00106526,0,0
1773774768599,0.0888672,-0.215332,0.98877,0.00106526,-0.000532632,-0.000532632
1773774768678,0.090332,-0.214844,0.989746,-0.000532632,0,-0.000532632
1773774768749,0.090332,-0.214355,0.992676,0,-0.00106526,-0.000532632
1773774768829,0.0878906,-0.214844,0.992188,0,0,0
1773774768910,0.090332,-0.21582,0.990723,0.000532632,0,0
1773774768981,0.0888672,-0.214355,0.991211,0.00106526,-0.000532632,0.000532632
1773774769061,0.0917969,-0.21582,0.990234,0.00106526,-0.000532632,0
1773774769141,0.0888672,-0.21582,0.990234,-0.000532632,0,-0.000532632
1773774769212,0.0883789,-0.216309,0.990234,0,-0.000532632,0
1773774769292,0.0888672,-0.214844,0.990723,0,-0.000532632,0.000532632
1773774769373,0.0888672,-0.21582,0.989746,-0.000532632,0,-0.00106526
1773774769444,0.0869141,-0.216797,0.991699,0,-0.000532632,-0.000532632
1773774769524,0.0898438,-0.21582,0.992188,0,-0.000532632,0
1773774769594,0.0883789,-0.21582,0.990234,0.000532632,-0.000532632,-0.000532632
1773774769675,0.0908203,-0.217285,0.990234,0.000532632,-0.00106526,0
1773774769756,0.0898438,-0.217285,0.990723,0,0,0
1773774769827,0.0878906,-0.214844,0.989258,0.000532632,-0.00106526,-0.000532632
1773774769908,0.0908203,-0.214844,0.989746,0.000532632,0.000532632,-0.000532632
1773774769987,0.0893555,-0.214355,0.990723,-0.00106526,-0.000532632,-0.000532632
1773774770059,0.0888672,-0.214844,0.989746,0.000532632,-0.00106526,0
1773774770138,0.0888672,-0.214355,0.989258,0.00106526,0.000532632,-0.000532632
1773774770220,0.0878906,-0.213867,0.991211,0.000532632,0,-0.000532632
1773774770290,0.0908203,-0.216797,0.990234,0,-0.00106526,0
1773774770370,0.0898438,-0.216797,0.990234,0,-0.00106526,0.000532632
1773774770450,0.0908203,-0.214355,0.989746,-0.000532632,-0.00106526,0.000532632
1773774770521,0.0893555,-0.213867,0.990234,0.000532632,-0.000532632,-0.000532632
1773774770602,0.0878906,-0.214844,0.990234,-0.000532632,0,0.00106526
1773774770682,0.0883789,-0.21582,0.991211,-0.000532632,-0.00106526,0.000532632
1773774770752,0.0913086,-0.215332,0.991211,0.000532632,-0.00106526,0
1773774770833,0.0898438,-0.216309,0.987793,-0.0015979,-0.00106526,0
1773774770903,0.0908203,-0.21582,0.986328,0,-0.000532632,-0.000532632
1773774770984,0.0898438,-0.217285,0.989258,0,-0.000532632,-0.000532632
1773774771064,0.0898438,-0.216797,0.990234,0.000532632,0.000532632,0
1773774771135,0.0893555,-0.21582,0.990234,0,-0.000532632,0
1773774771215,0.0878906,-0.21582,0.990234,-0.000532632,-0.00106526,0
1773774771296,0.0888672,-0.215332,0.989258,-0.000532632,0.000532632,0
1773774771366,0.0898438,-0.213379,0.990723,0.000532632,-0.00106526,0.000532632
1773774771448,0.0883789,-0.214355,0.991211,0.000532632,-0.000532632,0
1773774771529,0.0908203,-0.214355,0.990234,0.00106526,0,0.00106526
1773774771599,0.0883789,-0.213867,0.989258,-0.000532632,-0.000532632,-0.00106526
1773774771679,0.0883789,-0.216309,0.993164,-0.000532632,-0.000532632,0.000532632
1773774771759,0.0893555,-0.21582,0.990234,0.000532632,0,0
1773774771830,0.0878906,-0.21582,0.990723,0.000532632,-0.000532632,-0.00106526
1773774771910,0.0893555,-0.217285,0.988281,0,0,0
1773774771991,0.0883789,-0.215332,0.989258,0.000532632,-0.000532632,-0.00106526
1773774772064,0.0878906,-0.217773,0.98877,0,0,-0.00106526
1773774772142,0.090332,-0.216309,0.989746,-0.000532632,-0.0015979,0.000532632
1773774772215,0.0878906,-0.216797,0.989258,0.00106526,0,-0.000532632
1773774772295,0.0888672,-0.21582,0.989258,0,-0.000532632,0
1773774772374,0.090332,-0.214355,0.989746,-0.000532632,0,-0.000532632
1773774772447,0.0874023,-0.214844,0.98877,0,-0.000532632,0
1773774772524,0.0893555,-0.21582,0.989258,0,-0.00106526,0
1773774772605,0.090332,-0.217285,0.988281,0,-0.00106526,0
1773774772675,0.0898438,-0.21582,0.990234,0,0,-0.000532632
1773774772756,0.0878906,-0.21582,0.989258,0,-0.000532632,-0.00106526
1773774772836,0.0888672,-0.216797,0.990234,0,-0.000532632,0
1773774772907,0.0883789,-0.21582,0.98877,0,-0.000532632,-0.000532632
1773774772988,0.0883789,-0.214355,0.989258,0,0,0.00106526
1773774773069,0.0874023,-0.21582,0.990723,-0.000532632,-0.000532632,-0.000532632
1773774773140,0.0888672,-0.214844,0.991699,-0.000532632,-0.00106526,-0.000532632
1773774773219,0.0893555,-0.215332,0.988281,0.000532632,-0.000532632,0
1773774773300,0.0883789,-0.21582,0.989258,-0.000532632,-0.000532632,-0.000532632
1773774773370,0.0898438,-0.215332,0.989258,0,0,-0.000532632
1773774773451,0.0883789,-0.21582,0.989746,0.000532632,-0.00106526,-0.000532632
1773774773523,0.0888672,-0.21582,0.990723,0,-0.00106526,0.000532632
1773774773603,0.0878906,-0.21582,0.989258,-0.000532632,-0.00106526,0
1773774773684,0.0883789,-0.214844,0.990234,-0.000532632,-0.00106526,0
1773774773754,0.0893555,-0.215332,0.989746,0.000532632,-0.000532632,-0.000532632
1773774773833,0.0893555,-0.214844,0.987793,0.000532632,-0.000532632,0
1773774773914,0.0878906,-0.217773,0.98877,0.000532632,-0.000532632,0
1773774773986,0.0888672,-0.214355,0.990234,0,-0.000532632,-0.000532632
1773774774067,0.0898438,-0.216309,0.990723,0.00106526,0.000532632,0
1773774774145,0.090332,-0.215332,0.98877,0.000532632,-0.000532632,0
1773774774218,0.0908203,-0.216309,0.990723,0.000532632,-0.000532632,-0.000532632
1773774774297,0.0893555,-0.216797,0.989746,0.000532632,0,-0.00106526
1773774774377,0.0893555,-0.217285,0.990234,0,0,0.000532632
1773774774448,0.0908203,-0.216309,0.988281,0.000532632,-0.00106526,0.000532632
1773774774528,0.0888672,-0.216797,0.98877,0.000532632,0,-0.000532632
1773774774609,0.0878906,-0.215332,0.98877,0,-0.000532632,0
1773774774679,0.0888672,-0.214355,0.990234,0.000532632,-0.00106526,0
1773774774760,0.0878906,-0.214844,0.989258,-0.0015979,-0.00106526,-0.000532632
1773774774831,0.0883789,-0.214844,0.991211,0.000532632,0,-0.00106526
1773774774911,0.0878906,-0.216797,0.990234,-0.000532632,-0.000532632,-0.000532632
1773774774992,0.0883789,-0.21582,0.989258,0.00106526,-0.00106526,0
1773774775062,0.0898438,-0.213867,0.991211,-0.000532632,-0.0015979,0.000532632
1773774775143,0.0878906,-0.214844,0.990234,0,-0.000532632,0
1773774775223,0.0893555,-0.213379,0.98877,0,-0.00106526,-0.00106526
1773774775295,0.0874023,-0.217773,0.987793,-0.000532632,0,-0.000532632
1773774775374,0.0893555,-0.217285,0.987305,0.000532632,-0.000532632,-0.000532632
1773774775455,0.0878906,-0.21582,0.990723,0,0.000532632,0
1773774775526,0.0898438,-0.217285,0.989258,0.00106526,-0.0015979,0.000532632
1773774775606,0.0874023,-0.216797,0.989746,-0.000532632,-0.000532632,-0.000532632
1773774775687,0.090332,-0.215332,0.989258,0,-0.00106526,0.000532632
1773774775757,0.0878906,-0.216797,0.989258,0.00106526,-0.00106526,-0.000532632
1773774775838,0.090332,-0.217285,0.991211,-0.000532632,-0.00106526,0
1773774775908,0.0883789,-0.214844,0.989258,-0.00106526,0.000532632,0
1773774775989,0.0869141,-0.214844,0.989746,0.000532632,-0.00213053,0.00106526
1773774776069,0.0883789,-0.215332,0.990723,0.000532632,-0.00106526,0
1773774776140,0.0908203,-0.217285,0.989746,0.00106526,-0.000532632,0
1773774776220,0.0893555,-0.217773,0.990234,-0.000532632,0,0.000532632
1773774776301,0.0893555,-0.214844,0.98877,0,-0.000532632,0.00106526
1773774776371,0.090332,-0.216309,0.990723,0,-0.00106526,0.000532632
1773774776452,0.0913086,-0.213379,0.989746,0,-0.0015979,0
1773774776532,0.0888672,-0.214844,0.98877,-0.0015979,-0.00106526,0
1773774776604,0.090332,-0.215332,0.990234,-0.000532632,-0.000532632,0.000532632
1773774776683,0.0893555,-0.215332,0.990234,0,-0.000532632,0.000532632
1773774776755,0.0893555,-0.214844,0.98877,-0.000532632,-0.000532632,-0.000532632
1773774776836,0.0898438,-0.21582,0.990234,0,-0.0015979,0.00106526
1773774776919,0.090332,-0.214844,0.989258,-0.000532632,-0.00106526,-0.000532632
1773774776986,0.0888672,-0.214355,0.990234,0.000532632,0.000532632,0
1773774777067,0.0893555,-0.21582,0.990234,0.000532632,0,-0.000532632
1773774777147,0.0869141,-0.214355,0.98877,0.000532632,-0.000532632,-0.000532632
1773774777217,0.0898438,-0.216309,0.989258,0,-0.00106526,0.000532632
1773774777298,0.0883789,-0.21582,0.989746,0,0,0
1773774777380,0.0883789,-0.215332,0.989746,0,-0.00106526,-0.000532632
1773774777449,0.0888672,-0.214355,0.990234,0.00106526,0,-0.000532632
1773774777530,0.0898438,-0.213867,0.990234,-0.00106526,-0.000532632,-0.00106526
1773774777610,0.0888672,-0.216309,0.987793,0.00106526,0.000532632,-0.0015979
1773774777680,0.0878906,-0.213867,0.98877,0,-0.000532632,-0.000532632
1773774777764,0.0893555,-0.215332,0.990234,0.000532632,-0.0015979,0.000532632
1773774777841,0.0898438,-0.216309,0.990234,0,-0.00106526,-0.000532632
1773774777913,0.0898438,-0.216797,0.989746,0,0.000532632,-0.000532632
1773774777992,0.0888672,-0.215332,0.991699,0,-0.000532632,0
1773774778064,0.0888672,-0.215332,0.98877,0,-0.00106526,0
1773774778143,0.0888672,-0.213867,0.988281,0.000532632,0,0.000532632
1773774778224,0.0908203,-0.216309,0.989746,-0.000532632,-0.00106526,0
1773774778304,0.0883789,-0.215332,0.989746,-0.000532632,-0.00106526,0
1773774778375,0.0878906,-0.21582,0.98877,0.00106526,0,-0.000532632
1773774778456,0.0883789,-0.216309,0.986816,0.000532632,-0.000532632,0
1773774778536,0.0888672,-0.218262,0.989746,0,-0.0015979,-0.00106526
1773774778607,0.0888672,-0.214844,0.991211,0,-0.000532632,0.000532632
1773774778687,0.0874023,-0.21582,0.988281,0.000532632,0.000532632,-0.000532632
1773774778758,0.0878906,-0.213379,0.988281,0.000532632,0,0
1773774778839,0.0888672,-0.215332,0.990723,0.000532632,-0.000532632,0
1773774778920,0.0878906,-0.215332,0.991211,0.000532632,-0.00106526,-0.000532632
1773774778989,0.0893555,-0.215332,0.990234,0.000532632,0.000532632,0
1773774779071,0.0888672,-0.216309,0.990723,0,-0.00106526,0.000532632
1773774779151,0.0883789,-0.216309,0.990723,0.000532632,-0.0015979,-0.000532632
1773774779221,0.0913086,-0.217285,0.990723,-0.000532632,-0.000532632,-0.000532632
1773774779302,0.0888672,-0.214355,0.990234,0,-0.000532632,0.000532632
1773774779382,0.0878906,-0.215332,0.990234,0,0,0.000532632
1773774779453,0.0898438,-0.214355,0.990723,0,-0.000532632,0
1773774779534,0.0893555,-0.21582,0.989258,0.000532632,-0.00106526,0
1773774779614,0.0893555,-0.214844,0.991211,0.000532632,-0.00106526,-0.000532632
1773774779684,0.0893555,-0.214844,0.989746,0,-0.000532632,0
1773774779765,0.0878906,-0.21582,0.98877,0.000532632,-0.00106526,0.000532632
1773774779836,0.0898438,-0.21582,0.987793,-0.000532632,0,-0.000532632
1773774779916,0.0878906,-0.21582,0.989258,0,-0.00106526,-0.000532632
1773774779996,0.0908203,-0.217773,0.988281,-0.00106526,-0.00106526,0
1773774780067,0.0883789,-0.215332,0.990234,0,0,0.000532632
1773774780148,0.0878906,-0.21582,0.989258,0.000532632,-0.00106526,0.000532632
1773774780228,0.0888672,-0.213867,0.989258,0,0,-0.000532632
1773774780299,0.0888672,-0.215332,0.991699,0,-0.000532632,-0.000532632
1773774780379,0.0878906,-0.214844,0.990723,-0.000532632,-0.000532632,0.00106526
1773774780460,0.0888672,-0.216797,0.989746,0.000532632,-0.0015979,0.000532632
1773774780530,0.0878906,-0.215332,0.990723,0,0,0
1773774780611,0.0883789,-0.217285,0.990723,0,-0.00106526,0.00106526
1773774780691,0.0878906,-0.213379,0.987793,0.000532632,0,0
1773774780762,0.0888672,-0.214844,0.989746,0.00106526,0,0
1773774780842,0.0869141,-0.217285,0.990234,0,-0.00106526,-0.000532632
1773774780913,0.0898438,-0.216797,0.990723,-0.000532632,-0.00106526,0.000532632
1773774780994,0.090332,-0.21582,0.991211,0,0,-0.00106526
1773774781074,0.090332,-0.214844,0.990723,0,0,0
1773774781145,0.0888672,-0.214844,0.990723,0,0,0.00106526
1773774781225,0.0893555,-0.216797,0.989258,0,-0.00213053,0
1773774781306,0.0874023,-0.214355,0.989746,0.00106526,0,0
1773774781376,0.0888672,-0.216309,0.990723,-0.000532632,0,-0.000532632
1773774781457,0.0888672,-0.214355,0.991211,-0.000532632,-0.000532632,0.00106526
1773774781537,0.0878906,-0.215332,0.989258,0.000532632,-0.00106526,-0.00106526
1773774781608,0.090332,-0.215332,0.989746,0,-0.000532632,0.000532632
1773774781688,0.090332,-0.214355,0.990234,0.00106526,-0.00106526,-0.000532632
1773774781769,0.0888672,-0.217285,0.989258,0.00106526,-0.000532632,-0.000532632
1773774781839,0.0883789,-0.214355,0.990723,0,-0.000532632,0.000532632
1773774781920,0.0874023,-0.215332,0.990723,0.000532632,0,-0.000532632
1773774782000,0.0898438,-0.216797,0.992188,0.00106526,0,0.000532632
1773774782071,0.0898438,-0.215332,0.989746,0,-0.0015979,-0.000532632
1773774782151,0.0888672,-0.214355,0.991211,-0.000532632,0.000532632,-0.000532632
1773774782232,0.0898438,-0.213867,0.991211,0.00106526,0.000532632,0
1773774782302,0.0888672,-0.217285,0.989746,-0.000532632,0,-0.000532632
1773774782383,0.0898438,-0.215332,0.990234,0,0,0
1773774782463,0.0893555,-0.214355,0.98877,0.000532632,0,0
1773774782535,0.0898438,-0.216309,0.991699,0.000532632,-0.000532632,-0.00106526
1773774782614,0.0888672,-0.213379,0.989258,0,-0.000532632,0.000532632
1773774782685,0.0898438,-0.21582,0.98877,-0.000532632,0,-0.000532632
1773774782765,0.0913086,-0.216309,0.991699,-0.000532632,0.000532632,0.000532632
1773774782846,0.0883789,-0.214355,0.990234,0.000532632,-0.000532632,0.000532632
1773774782916,0.0893555,-0.217285,0.990234,-0.000532632,0,-0.000532632
1773774782998,0.0883789,-0.215332,0.990234,0,-0.000532632,0.000532632
1773774783077,0.0893555,-0.216797,0.98877,0,-0.00106526,-0.000532632
1773774783148,0.0874023,-0.216797,0.989746,-0.000532632,-0.000532632,-0.000532632
1773774783229,0.0893555,-0.214844,0.991211,0,-0.00213053,0.000532632
1773774783309,0.0874023,-0.21582,0.990234,0.000532632,-0.000532632,0.000532632
1773774783380,0.090332,-0.215332,0.990234,-0.000532632,-0.000532632,0
1773774783460,0.0898438,-0.216309,0.990234,0.00106526,-0.00106526,0.000532632
1773774783541,0.0893555,-0.21582,0.98877,0,0.000532632,-0.000532632
1773774783612,0.0883789,-0.216309,0.989258,0,-0.000532632,0
1773774783692,0.0874023,-0.217773,0.990723,-0.00106526,-0.000532632,0
1773774783763,0.090332,-0.215332,0.989258,-0.000532632,-0.00106526,0.000532632
1773774783844,0.0888672,-0.215332,0.98877,0.000532632,-0.00106526,0.00106526
1773774783924,0.0888672,-0.21582,0.988281,0.000532632,-0.000532632,-0.000532632
1773774783995,0.0893555,-0.216309,0.989258,0.000532632,-0.00106526,-0.000532632
1773774784076,0.0898438,-0.21582,0.989258,-0.000532632,0,0
1773774784157,0.0883789,-0.215332,0.98877,-0.000532632,0,-0.000532632
1773774784226,0.0864258,-0.214844,0.989746,-0.000532632,-0.000532632,-0.000532632
1773774784307,0.0883789,-0.216309,0.988281,0,-0.000532632,-0.000532632
1773774784377,0.0893555,-0.215332,0.990234,0.00106526,0,-0.000532632
1773774784458,0.0898438,-0.216309,0.987793,0.00106526,-0.00106526,0.000532632
1773774784538,0.0878906,-0.214844,0.98877,0.000532632,-0.000532632,-0.00106526
1773774784619,0.0893555,-0.21582,0.990723,-0.000532632,0,0
1773774784691,0.0874023,-0.218262,0.991211,0,0.000532632,0
1773774784770,0.0883789,-0.216797,0.990723,-0.000532632,-0.000532632,-0.00106526
1773774784841,0.0908203,-0.217285,0.990723,-0.00106526,0,-0.000532632
1773774784921,0.0888672,-0.214355,0.990234,0.000532632,-0.000532632,0.000532632
1773774785002,0.0888672,-0.21582,0.989258,0,-0.000532632,0.000532632
1773774785072,0.090332,-0.215332,0.990234,0.000532632,-0.00106526,-0.000532632
1773774785153,0.090332,-0.216797,0.989746,-0.000532632,-0.000532632,0
1773774785233,0.0878906,-0.215332,0.991211,-0.000532632,0,0
1773774785304,0.0893555,-0.214844,0.991211,0.0015979,-0.000532632,0.000532632
1773774785385,0.0888672,-0.21582,0.991211,-0.00106526,-0.000532632,0
1773774785466,0.0888672,-0.214844,0.989746,0,-0.000532632,-0.0015979
1773774785536,0.0908203,-0.213867,0.989258,0.000532632,-0.000532632,-0.000532632
1773774785616,0.0874023,-0.217285,0.990234,0,-0.0015979,-0.000532632
1773774785697,0.0883789,-0.216797,0.989258,0.000532632,-0.00106526,0
1773774785767,0.0888672,-0.216309,0.988281,0.000532632,0,-0.0015979
1773774785848,0.0913086,-0.214355,0.989746,0,-0.00106526,-0.000532632
1773774785928,0.0898438,-0.21582,0.990723,0,-0.000532632,-0.000532632
1773774785999,0.0888672,-0.216797,0.987793,0,-0.00106526,0.000532632
1773774786079,0.0869141,-0.216309,0.989746,-0.000532632,0.000532632,0
1773774786150,0.0888672,-0.216797,0.990234,-0.00106526,0,0.00106526
1773774786232,0.0888672,-0.21582,0.989746,0.000532632,-0.00106526,0.000532632
1773774786312,0.0874023,-0.214355,0.992676,0,-0.000532632,0.00106526
1773774786382,0.0893555,-0.21582,0.987793,0.000532632,-0.000532632,-0.00106526
1773774786462,0.0883789,-0.214355,0.991699,0,-0.00106526,-0.000532632
1773774786534,0.0883789,-0.216797,0.98877,0,-0.000532632,0
1773774786613,0.0893555,-0.214844,0.989258,-0.00106526,0,0
1773774786694,0.0883789,-0.216797,0.991699,0.00106526,-0.00106526,-0.000532632
1773774786774,0.0908203,-0.214844,0.989258,-0.00106526,-0.000532632,0.000532632
1773774786845,0.0864258,-0.21582,0.989258,-0.000532632,-0.00106526,-0.00106526
1773774786925,0.0898438,-0.216309,0.988281,-0.000532632,-0.00106526,-0.000532632
1773774786999,0.0883789,-0.216797,0.98877,-0.0015979,-0.00106526,-0.00106526
1773774787077,0.090332,-0.213867,0.989258,0,0,-0.000532632
1773774787157,0.0908203,-0.215332,0.992188,-0.000532632,-0.000532632,0.000532632
1773774787228,0.0888672,-0.214844,0.989258,-0.000532632,-0.00106526,0.000532632
1773774787308,0.0913086,-0.216309,0.990234,0,-0.000532632,0
1773774787389,0.0898438,-0.21582,0.991699,0.000532632,0,0.00106526
1773774787460,0.090332,-0.214355,0.989258,-0.00106526,-0.000532632,-0.00106526
1773774787541,0.0883789,-0.215332,0.991211,0.00106526,-0.00106526,0
1773774787620,0.0883789,-0.216309,0.989746,-0.000532632,-0.000532632,0.000532632
1773774787691,0.0878906,-0.216309,0.988281,0,0,0
1773774787772,0.0922852,-0.21582,0.990723,0,-0.00106526,-0.00106526
1773774787852,0.0883789,-0.216797,0.989746,-0.000532632,-0.000532632,0.000532632
1773774787922,0.0898438,-0.21582,0.989746,-0.000532632,0,0.00106526
1773774788003,0.0874023,-0.217773,0.990723,0.000532632,0,0
1773774788084,0.0893555,-0.214355,0.98877,0.000532632,-0.00106526,0
1773774788155,0.0893555,-0.216309,0.98877,0,0.000532632,-0.000532632
1773774788235,0.0893555,-0.216797,0.989746,0.00106526,-0.000532632,-0.000532632
1773774788315,0.0874023,-0.216309,0.98877,0,0,0
1773774788386,0.0888672,-0.216797,0.990234,-0.00106526,-0.000532632,0
1773774788467,0.0898438,-0.215332,0.989258,0,-0.000532632,0.000532632
1773774788539,0.0883789,-0.214355,0.988281,0,0,0
1773774788619,0.0893555,-0.213379,0.989746,0.000532632,-0.000532632,0
1773774788698,0.0869141,-0.215332,0.991211,-0.000532632,-0.000532632,-0.0015979
1773774788768,0.0888672,-0.21582,0.992188,0.000532632,-0.000532632,0
1773774788849,0.0888672,-0.216797,0.989258,0,0,0.000532632
1773774788931,0.0898438,-0.216309,0.988281,-0.000532632,-0.000532632,0.000532632
1773774789000,0.0893555,-0.215332,0.990723,0.000532632,-0.000532632,0
1773774789081,0.0883789,-0.21582,0.989746,0,-0.00106526,-0.000532632
1773774789161,0.0898438,-0.216309,0.989746,0.000532632,-0.000532632,0.000532632
1773774789232,0.0898438,-0.215332,0.991699,0,-0.000532632,0
1773774789312,0.0869141,-0.216797,0.989258,0,-0.00106526,0
1773774789393,0.0888672,-0.21582,0.98877,-0.000532632,-0.0015979,-0.000532632
1773774789463,0.0893555,-0.21582,0.990723,-0.000532632,0,0.000532632
1773774789544,0.0883789,-0.21582,0.991699,0,0,-0.00106526
1773774789614,0.0893555,-0.21582,0.990723,-0.000532632,-0.000532632,0
1773774789695,0.0874023,-0.21582,0.987793,0.00106526,-0.000532632,0.000532632
1773774789775,0.0878906,-0.213867,0.990723,0.000532632,-0.00106526,0
1773774789846,0.0893555,-0.21582,0.990234,-0.000532632,0.000532632,-0.000532632
1773774789927,0.090332,-0.214355,0.990723,0,-0.000532632,0
1773774790008,0.0888672,-0.214355,0.990234,0,-0.000532632,0
1773774790080,0.0878906,-0.216797,0.991211,-0.000532632,0.000532632,0.000532632
1773774790158,0.090332,-0.215332,0.988281,0,0,0.00106526
1773774790230,0.0898438,-0.21582,0.990234,-0.000532632,0,0
1773774790309,0.0898438,-0.215332,0.988281,0.000532632,-0.00106526,-0.000532632
1773774790390,0.0874023,-0.21582,0.991211,0.000532632,-0.00106526,0.000532632
1773774790470,0.0874023,-0.213867,0.98877,-0.000532632,-0.000532632,0.00106526
1773774790541,0.0883789,-0.215332,0.991211,0,0,0
1773774790622,0.090332,-0.214844,0.990723,-0.000532632,-0.000532632,0.000532632
1773774790692,0.0908203,-0.216797,0.98877,0,0.000532632,0
1773774790773,0.0878906,-0.216309,0.991211,0.00106526,0.00106526,-0.000532632
1773774790853,0.0898438,-0.214844,0.98877,0,-0.000532632,0.000532632
1773774790924,0.0883789,-0.215332,0.990723,-0.000532632,0.000532632,0
1773774791004,0.0888672,-0.215332,0.989746,0.000532632,0,-0.000532632
1773774791085,0.090332,-0.215332,0.98877,-0.000532632,0,-0.000532632
1773774791156,0.0888672,-0.216309,0.989746,-0.000532632,0,-0.000532632
1773774791237,0.0883789,-0.216797,0.988281,0,0.000532632,0.000532632
1773774791317,0.0893555,-0.216309,0.989258,0,-0.000532632,-0.000532632
1773774791388,0.0888672,-0.212891,0.988281,0.000532632,-0.000532632,-0.000532632
1773774791468,0.0898438,-0.215332,0.989746,0.000532632,-0.000532632,0
1773774791549,0.0898438,-0.21582,0.98877,0,0,0.000532632
1773774791619,0.0888672,-0.21582,0.98877,0.000532632,-0.000532632,0
1773774791700,0.0878906,-0.21582,0.989258,0,-0.00106526,0
1773774791771,0.0878906,-0.214355,0.990234,0,0,0
1773774791851,0.0878906,-0.216309,0.991211,0.00106526,-0.00106526,0
1773774791933,0.0874023,-0.217773,0.989258,0.000532632,-0.00106526,0.000532632
1773774792002,0.0874023,-0.216309,0.987793,0,-0.000532632,0
1773774792086,0.0898438,-0.215332,0.991211,0,-0.000532632,-0.000532632
1773774792164,0.0893555,-0.214844,0.990234,0,0,-0.000532632
1773774792235,0.0898438,-0.21582,0.98877,0,-0.000532632,0
1773774792314,0.0888672,-0.21582,0.990723,0,0,0
1773774792395,0.0888672,-0.213379,0.990234,0.000532632,-0.000532632,0.000532632
1773774792466,0.0874023,-0.214844,0.989746,-0.000532632,0.00106526,0
1773774792547,0.0908203,-0.21582,0.990234,-0.000532632,0,0
1773774792627,0.0883789,-0.216309,0.990234,0.000532632,-0.000532632,-0.000532632
1773774792697,0.0888672,-0.21582,0.990234,0.00106526,0,0
1773774792778,0.0888672,-0.213867,0.98877,-0.000532632,-0.00106526,-0.000532632
1773774792848,0.0898438,-0.216797,0.991211,0.00106526,-0.000532632,0
1773774792929,0.0888672,-0.214844,0.988281,0.000532632,0,0.000532632
1773774793009,0.0878906,-0.212891,0.990234,0.000532632,-0.000532632,0
1773774793081,0.090332,-0.21582,0.991211,0.000532632,0.00106526,0.00106526
1773774793160,0.0893555,-0.214355,0.990234,0,0.000532632,0
1773774793241,0.0883789,-0.214355,0.987793,0.000532632,-0.000532632,0
1773774793314,0.090332,-0.216309,0.98877,-0.000532632,0,0
1773774793392,0.0883789,-0.215332,0.990234,0.000532632,0,0.000532632
1773774793473,0.0893555,-0.21875,0.990723,0,0,-0.000532632
1773774793545,0.0898438,-0.21582,0.990723,0.0015979,-0.00106526,0.000532632
1773774793624,0.0878906,-0.214355,0.989746,-0.00106526,0.000532632,-0.000532632
1773774793705,0.0888672,-0.21582,0.991211,0,0,-0.000532632
1773774793775,0.0878906,-0.215332,0.990723,-0.000532632,0.000532632,0.000532632
1773774793855,0.0893555,-0.213867,0.98877,0,-0.000532632,0.00106526
1773774793927,0.0883789,-0.213867,0.990234,0,-0.00106526,0
1773774794006,0.0883789,-0.215332,0.989258,-0.000532632,0,0
1773774794087,0.0893555,-0.215332,0.990234,0,0,-0.000532632
1773774794157,0.0883789,-0.216797,0.989746,0.000532632,-0.000532632,-0.000532632
1773774794240,0.0893555,-0.214844,0.992188,-0.000532632,-0.00106526,0.000532632
1773774794319,0.0913086,-0.212891,0.990234,0.00106526,-0.000532632,0.000532632
1773774794389,0.0878906,-0.215332,0.98877,-0.000532632,-0.00106526,0
1773774794470,0.0878906,-0.214844,0.989746,-0.000532632,-0.000532632,0.0015979
1773774794541,0.0893555,-0.214355,0.989746,0.00106526,0,-0.000532632
1773774794621,0.0893555,-0.215332,0.990234,0,-0.000532632,0.000532632
1773774794701,0.0883789,-0.215332,0.990723,0.000532632,-0.00106526,0
1773774794782,0.0888672,-0.21582,0.989746,0,-0.000532632,0.000532632
1773774794855,0.0908203,-0.216309,0.991211,-0.00106526,-0.00106526,0.000532632
1773774794933,0.0898438,-0.215332,0.990234,0,-0.00106526,-0.000532632
1773774795014,0.0869141,-0.216797,0.990723,0,-0.0015979,0
1773774795084,0.0898438,-0.216309,0.991211,0,-0.00106526,0.000532632
1773774795165,0.0898438,-0.21582,0.990723,0.000532632,0,0.000532632
1773774795236,0.0898438,-0.213867,0.988281,-0.000532632,-0.000532632,0.000532632
1773774795316,0.0893555,-0.214844,0.990234,0,0,0.000532632
1773774795397,0.0908203,-0.215332,0.991211,0,0.000532632,-0.00106526
1773774795467,0.0888672,-0.21582,0.991211,0,-0.0015979,-0.000532632
1773774795548,0.0898438,-0.214355,0.991211,0,-0.000532632,0
1773774795628,0.0893555,-0.214355,0.992676,-0.000532632,-0.0015979,-0.000532632
1773774795699,0.0874023,-0.216309,0.990234,0,-0.000532632,-0.0015979
1773774795779,0.0883789,-0.216797,0.989258,0,-0.000532632,0
1773774795860,0.0913086,-0.216309,0.992188,-0.000532632,0,0.000532632
1773774795930,0.0888672,-0.216309,0.98877,0,-0.000532632,-0.000532632
1773774796011,0.0893555,-0.215332,0.989746,0.00106526,-0.00106526,0.000532632
1773774796091,0.0888672,-0.214844,0.989258,0,-0.0015979,0
1773774796162,0.090332,-0.214844,0.988281,0,-0.00106526,0
1773774796242,0.0893555,-0.214355,0.990723,0,-0.00106526,0
1773774796323,0.0883789,-0.216309,0.990723,0,0.000532632,0.00106526
1773774796394,0.0913086,-0.216309,0.98877,0,-0.000532632,0
1773774796474,0.0893555,-0.216309,0.989258,0.000532632,0,-0.000532632
1773774796545,0.0893555,-0.21582,0.991699,0,-0.000532632,-0.000532632
1773774796625,0.0878906,-0.216797,0.989258,0,-0.000532632,-0.000532632
1773774796706,0.0878906,-0.21582,0.991211,0,0,0
1773774796778,0.0869141,-0.213867,0.990234,0.000532632,-0.000532632,0.000532632
1773774796857,0.0878906,-0.213867,0.990723,-0.000532632,-0.00106526,0
1773774796938,0.0883789,-0.216309,0.98877,0,-0.00213053,-0.000532632
1773774797008,0.0878906,-0.218262,0.98877,-0.000532632,0,0.000532632
1773774797088,0.0888672,-0.214355,0.990234,0.00106526,0,0
1773774797170,0.0883789,-0.21582,0.990234,0,-0.000532632,0.000532632
1773774797240,0.0888672,-0.214355,0.989746,0.000532632,0,-0.000532632
1773774797321,0.0874023,-0.21582,0.990723,-0.000532632,-0.000532632,0
1773774797391,0.0888672,-0.215332,0.989258,0.000532632,0.000532632,0
1773774797472,0.0869141,-0.216309,0.991211,0,0.000532632,0
1773774797552,0.0878906,-0.214844,0.989258,-0.000532632,0,0
1773774797623,0.0893555,-0.21582,0.989746,0.000532632,-0.00106526,0.000532632
1773774797703,0.0898438,-0.216309,0.989746,-0.000532632,0,0.000532632
1773774797784,0.090332,-0.216309,0.989258,0.00106526,-0.00106526,0
1773774797855,0.0869141,-0.217285,0.989746,-0.000532632,0,-0.00106526
1773774797935,0.0893555,-0.214844,0.990234,-0.00106526,-0.000532632,-0.000532632
1773774798015,0.0888672,-0.21582,0.989258,-0.000532632,-0.00106526,-0.000532632
1773774798086,0.0888672,-0.217285,0.989258,-0.000532632,-0.00106526,0
1773774798166,0.0893555,-0.21582,0.989258,-0.000532632,-0.000532632,0
1773774798248,0.0898438,-0.215332,0.988281,0.000532632,-0.000532632,0.000532632
1773774798317,0.0874023,-0.214844,0.989746,0,-0.000532632,0
1773774798398,0.0878906,-0.21582,0.990723,-0.000532632,0,0
1773774798478,0.0893555,-0.216309,0.989258,-0.000532632,-0.00106526,0
1773774798549,0.090332,-0.216309,0.991211,0.000532632,-0.000532632,-0.000532632
1773774798631,0.0888672,-0.21582,0.990723,0.000532632,-0.000532632,0.000532632
1773774798710,0.0893555,-0.21582,0.990723,0.00106526,0.000532632,-0.000532632
1773774798780,0.0893555,-0.213867,0.990723,-0.00106526,0.000532632,0.000532632
1773774798861,0.0878906,-0.21582,0.991211,0.00106526,0.000532632,0.00106526
1773774798932,0.0898438,-0.216309,0.988281,0.000532632,0,-0.000532632
1773774799014,0.0908203,-0.214844,0.98877,0.000532632,0.00106526,-0.000532632
1773774799092,0.0883789,-0.216309,0.990723,0.000532632,-0.000532632,0.000532632
1773774799163,0.0893555,-0.21582,0.992676,0,-0.0015979,0.000532632
1773774799243,0.0898438,-0.21582,0.989746,0,-0.00106526,0.000532632
1773774799325,0.0893555,-0.215332,0.98877,-0.000532632,-0.000532632,-0.000532632
1773774799394,0.0888672,-0.215332,0.989746,0,-0.00106526,-0.000532632
1773774799476,0.0898438,-0.215332,0.98877,0,0,-0.00106526
1773774799556,0.0893555,-0.217773,0.990234,-0.00106526,-0.000532632,0
1773774799626,0.0893555,-0.215332,0.990723,-0.000532632,0,-0.000532632
1773774799706,0.0888672,-0.216797,0.989258,-0.000532632,0,0.0015979
1773774799786,0.0878906,-0.213867,0.990234,0.000532632,0,0
1773774799857,0.0878906,-0.21582,0.98877,-0.000532632,0,-0.000532632
1773774799938,0.0908203,-0.21582,0.990234,0.000532632,0.000532632,0.000532632
1773774800018,0.0869141,-0.214844,0.990234,-0.00106526,-0.000532632,-0.000532632
1773774800089,0.0898438,-0.21582,0.98877,0.000532632,0,0
1773774800169,0.0883789,-0.216309,0.989746,0.00106526,-0.00106526,-0.000532632
1773774800249,0.0883789,-0.215332,0.987793,0,0,-0.00106526
1773774800320,0.0883789,-0.214844,0.991699,0,-0.000532632,-0.000532632
1773774800401,0.0888672,-0.21582,0.98877,0.000532632,-0.000532632,0
1773774800481,0.0893555,-0.215332,0.990723,0.000532632,-0.000532632,0
1773774800551,0.0888672,-0.216309,0.989746,-0.000532632,-0.00106526,-0.000532632
1773774800631,0.0898438,-0.216309,0.989746,0,-0.0015979,0.000532632
1773774800701,0.0878906,-0.213867,0.98877,0.000532632,0,0.000532632
1773774800782,0.0917969,-0.213867,0.989746,0,0.000532632,-0.000532632
1773774800862,0.0898438,-0.216797,0.990723,0,-0.000532632,0.000532632
1773774800942,0.0898438,-0.214844,0.990234,0.000532632,-0.000532632,-0.00106526
1773774801013,0.0898438,-0.213867,0.990723,0,-0.00106526,0.000532632
1773774801096,0.0893555,-0.21582,0.990723,-0.0015979,-0.000532632,0.000532632
1773774801173,0.0893555,-0.213379,0.989258,0.000532632,-0.00213053,0.000532632
1773774801244,0.0883789,-0.214355,0.990234,0.0015979,0,-0.00106526
1773774801324,0.0893555,-0.216797,0.98877,0.000532632,0,0
1773774801404,0.0893555,-0.216797,0.98877,0,0,-0.00106526
1773774801476,0.090332,-0.216309,0.989746,0.000532632,-0.0015979,0
1773774801555,0.0893555,-0.216309,0.989746,-0.00106526,-0.00106526,0
1773774801635,0.0874023,-0.217773,0.990723,-0.000532632,0,-0.000532632
1773774801706,0.0893555,-0.216797,0.989746,-0.000532632,-0.000532632,-0.0015979
1773774801786,0.0883789,-0.215332,0.990234,0.000532632,-0.000532632,0
1773774801857,0.0888672,-0.215332,0.989746,-0.000532632,0.000532632,-0.000532632
1773774801937,0.0898438,-0.217285,0.989258,0,-0.0015979,-0.000532632
1773774802018,0.0888672,-0.214355,0.990723,0.000532632,0,0
1773774802088,0.0869141,-0.215332,0.98877,0,-0.00106526,-0.000532632
1773774802170,0.0888672,-0.214355,0.989746,-0.000532632,-0.000532632,-0.000532632
1773774802248,0.0874023,-0.215332,0.991699,0,-0.000532632,-0.000532632
1773774802319,0.0874023,-0.21582,0.990234,0.00106526,-0.000532632,0.000532632
1773774802400,0.0878906,-0.21582,0.990723,-0.000532632,-0.000532632,-0.000532632
1773774802481,0.0883789,-0.216309,0.98877,-0.000532632,-0.000532632,-0.00106526
1773774802552,0.0878906,-0.214844,0.988281,0.000532632,-0.000532632,0.0015979
1773774802634,0.0893555,-0.214844,0.990234,0.000532632,0,0.000532632
1773774802702,0.0883789,-0.217285,0.989746,0.00106526,0.000532632,0.00106526
1773774802783,0.0864258,-0.217285,0.990723,-0.00106526,0,0
1773774802863,0.0888672,-0.21582,0.991211,0,-0.000532632,0
1773774802943,0.0888672,-0.216309,0.987793,0.000532632,0.00106526,0
1773774803014,0.0869141,-0.214355,0.989746,-0.000532632,0,0.000532632
1773774803094,0.0883789,-0.216309,0.989258,0,-0.000532632,0.000532632
1773774803166,0.0893555,-0.216309,0.989746,0.000532632,0.000532632,0
1773774803248,0.0878906,-0.213379,0.989746,0,-0.000532632,0.00106526
1773774803326,0.0883789,-0.216797,0.990723,0.0015979,0.000532632,0.00106526
1773774803396,0.0893555,-0.215332,0.989258,0.000532632,-0.000532632,0
1773774803477,0.0888672,-0.216797,0.989746,0.000532632,-0.0015979,-0.00106526
1773774803559,0.0883789,-0.214844,0.98877,0.000532632,-0.000532632,-0.000532632
1773774803628,0.0874023,-0.215332,0.990723,-0.00106526,-0.00106526,0.00106526
1773774803708,0.0883789,-0.214844,0.990723,0,-0.000532632,0
1773774803789,0.0888672,-0.215332,0.989746,0,-0.000532632,-0.00106526
1773774803860,0.0913086,-0.214844,0.991211,0,-0.00106526,0
1773774803941,0.0898438,-0.217285,0.989258,0,-0.000532632,0
1773774804021,0.0898438,-0.214844,0.98877,0,-0.00106526,0.000532632
1773774804091,0.0893555,-0.215332,0.987793,-0.00106526,-0.0015979,0
1773774804172,0.0898438,-0.216797,0.98877,0.000532632,-0.00106526,0
1773774804252,0.0883789,-0.214355,0.990234,0,-0.000532632,0
1773774804323,0.0878906,-0.214844,0.989746,0,0,0
1773774804405,0.0883789,-0.215332,0.98877,0,-0.0015979,0.00106526
1773774804484,0.0874023,-0.21582,0.990723,-0.000532632,-0.000532632,0
1773774804556,0.0888672,-0.214355,0.989746,-0.000532632,-0.000532632,0.00106526
1773774804636,0.0864258,-0.216309,0.98877,0.000532632,-0.00106526,0
1773774804707,0.0878906,-0.218262,0.990234,0,-0.000532632,-0.000532632
1773774804786,0.0898438,-0.213379,0.98877,-0.000532632,-0.000532632,0.000532632
1773774804867,0.0888672,-0.21582,0.989258,0.00106526,-0.000532632,0.00106526
1773774804937,0.090332,-0.217773,0.991211,0,-0.000532632,0.00106526
1773774805018,0.0898438,-0.215332,0.989258,0.000532632,-0.000532632,0.000532632
1773774805099,0.090332,-0.216797,0.989258,0,0.000532632,0
1773774805169,0.0878906,-0.214844,0.990234,0.00106526,-0.00106526,-0.000532632
1773774805249,0.0874023,-0.217285,0.989258,0,0.000532632,0
1773774805331,0.0883789,-0.216309,0.991211,0.000532632,-0.00106526,0
1773774805400,0.090332,-0.21582,0.990234,-0.000532632,-0.000532632,0.00106526
1773774805481,0.0893555,-0.21582,0.990234,-0.000532632,0,-0.000532632
1773774805561,0.0908203,-0.216309,0.990234,0.000532632,-0.00106526,-0.000532632
1773774805632,0.0898438,-0.216797,0.991211,0,-0.000532632,0.000532632
1773774805715,0.0883789,-0.214844,0.990723,0.00106526,-0.00106526,-0.000532632
1773774805793,0.0888672,-0.213867,0.990234,0.000532632,0,0.00106526
1773774805863,0.0898438,-0.214844,0.989746,0.000532632,-0.0015979,0.000532632
1773774805944,0.0883789,-0.214355,0.992188,0,-0.000532632,0.000532632
1773774806015,0.0878906,-0.21582,0.990234,0.000532632,-0.00106526,0
1773774806095,0.0893555,-0.21582,0.989746,0.00106526,0,-0.000532632
1773774806176,0.0898438,-0.215332,0.98877,-0.000532632,-0.00106526,-0.000532632
1773774806248,0.0898438,-0.215332,0.990234,0,0,-0.00106526
1773774806327,0.0908203,-0.215332,0.991699,-0.000532632,-0.00106526,0
1773774806400,0.0908203,-0.216309,0.98877,0.00106526,-0.00106526,0.000532632
1773774806480,0.0883789,-0.21582,0.990234,0,0,-0.000532632
1773774806559,0.0893555,-0.216309,0.990234,0.000532632,0,0
1773774806639,0.0913086,-0.214844,0.989258,0.000532632,0,0
1773774806711,0.0888672,-0.216309,0.990723,0.000532632,-0.0015979,0
1773774806792,0.0878906,-0.21582,0.991211,0,-0.00106526,-0.000532632
1773774806863,0.0898438,-0.216309,0.989258,0,-0.00106526,-0.000532632
1773774806943,0.0893555,-0.214844,0.989258,0.000532632,-0.000532632,-0.000532632
1773774807022,0.0888672,-0.217285,0.98877,0.00106526,0,-0.000532632
1773774807093,0.0908203,-0.21582,0.989258,0,-0.000532632,0
1773774807173,0.0893555,-0.214355,0.988281,-0.000532632,-0.000532632,0
1773774807254,0.0878906,-0.214355,0.990234,0,0,0.000532632
1773774807324,0.0869141,-0.215332,0.991211,0.000532632,-0.000532632,-0.000532632
1773774807405,0.0888672,-0.21582,0.989746,-0.000532632,-0.00106526,0
1773774807485,0.0883789,-0.216797,0.989746,0,0,0
1773774807556,0.0888672,-0.213867,0.990723,0,-0.00106526,0
1773774807637,0.0883789,-0.215332,0.991211,-0.000532632,0.00106526,0
1773774807708,0.0869141,-0.21582,0.988281,-0.000532632,-0.000532632,-0.000532632
1773774807788,0.0869141,-0.215332,0.990234,0,0,-0.0015979
1773774807868,0.0869141,-0.21582,0.98877,0.000532632,-0.000532632,0
1773774807948,0.0908203,-0.216309,0.990234,-0.000532632,-0.000532632,0.00106526
1773774808020,0.0883789,-0.21582,0.990234,0.00106526,-0.000532632,-0.00106526
1773774808100,0.0878906,-0.215332,0.989746,0,-0.000532632,0.000532632
1773774808174,0.0893555,-0.217285,0.991699,0,0,0.000532632
1773774808252,0.090332,-0.21582,0.988281,0,0,0
1773774808331,0.0878906,-0.215332,0.989746,0.00106526,0,0
1773774808402,0.0898438,-0.216309,0.990723,0,-0.000532632,0.00106526
1773774808483,0.0869141,-0.215332,0.989258,0.0015979,-0.00106526,0
1773774808563,0.0883789,-0.216309,0.989746,0,0,0
1773774808633,0.0874023,-0.215332,0.990723,0.000532632,-0.000532632,0
1773774808715,0.0888672,-0.21582,0.987793,0,0,0
1773774808795,0.090332,-0.214844,0.989258,0,-0.000532632,0
1773774808865,0.0883789,-0.212402,0.989258,0,-0.000532632,-0.00106526
1773774808946,0.0893555,-0.215332,0.989746,0,0,0.000532632
1773774809026,0.0893555,-0.216309,0.989746,-0.000532632,0,0.000532632
1773774809097,0.0883789,-0.214844,0.989746,0,-0.000532632,-0.000532632
1773774809177,0.0888672,-0.215332,0.990234,0,-0.000532632,0.00213053
1773774809248,0.0893555,-0.21582,0.989258,0,-0.00106526,0
1773774809328,0.0878906,-0.215332,0.989258,-0.000532632,-0.000532632,-0.0015979
1773774809409,0.090332,-0.214844,0.990234,-0.000532632,0,0.000532632
1773774809489,0.0893555,-0.216797,0.990234,0.000532632,-0.000532632,0.000532632
1773774809560,0.0893555,-0.215332,0.989258,0,0,0.000532632
1773774809641,0.0888672,-0.216309,0.990723,0,-0.000532632,0.000532632
1773774809714,0.0898438,-0.216309,0.989258,0,0,0
1773774809791,0.0888672,-0.216797,0.988281,0.000532632,0.000532632,0.000532632
1773774809872,0.0888672,-0.214355,0.98877,0,0,0
1773774809942,0.0898438,-0.214355,0.98877,0,0,0
1773774810023,0.0898438,-0.212891,0.990234,0.000532632,-0.00106526,0
1773774810103,0.0898438,-0.214844,0.992188,0,-0.000532632,0
1773774810175,0.090332,-0.215332,0.98877,-0.00106526,0,0
1773774810255,0.0878906,-0.216309,0.990234,0,-0.000532632,-0.000532632
1773774810336,0.0874023,-0.21582,0.990234,0,-0.000532632,-0.000532632
1773774810406,0.0893555,-0.214355,0.990234,0,-0.00106526,0
1773774810487,0.0898438,-0.216797,0.98877,-0.00106526,-0.00213053,0
1773774810567,0.0893555,-0.217773,0.98877,0,-0.00106526,0.000532632
1773774810638,0.0893555,-0.215332,0.991211,-0.000532632,-0.000532632,0.000532632
1773774810720,0.0893555,-0.215332,0.991211,0.0015979,-0.000532632,0
1773774810789,0.0888672,-0.215332,0.992188,0.000532632,0,0
1773774810869,0.090332,-0.215332,0.991211,-0.000532632,-0.000532632,0
1773774810950,0.0893555,-0.216309,0.991211,0,0.000532632,0.000532632
1773774811020,0.0893555,-0.21582,0.990234,0.000532632,0,-0.000532632
1773774811101,0.0878906,-0.21582,0.990723,-0.000532632,-0.000532632,-0.000532632
1773774811183,0.0883789,-0.216309,0.991211,-0.000532632,-0.00106526,0.000532632
1773774811252,0.0883789,-0.216309,0.988281,0.000532632,-0.00106526,0.000532632
1773774811332,0.0893555,-0.216309,0.991699,0.000532632,-0.000532632,-0.00106526
1773774811403,0.0898438,-0.213867,0.989258,0,0,-0.000532632
1773774811483,0.0908203,-0.21582,0.991211,0,-0.000532632,-0.00106526
1773774811564,0.0893555,-0.217285,0.989258,0.000532632,0.000532632,-0.00106526
1773774811644,0.0878906,-0.216797,0.989258,0,0.00106526,0.00106526
1773774811715,0.0898438,-0.21582,0.991211,0.000532632,-0.000532632,-0.000532632
1773774811796,0.0888672,-0.213867,0.990234,0,0,-0.000532632
1773774811866,0.0888672,-0.213867,0.990234,0,-0.000532632,0
1773774811950,0.0898438,-0.21582,0.991211,0,0,0
1773774812027,0.0883789,-0.216309,0.989258,-0.00106526,-0.000532632,-0.000532632
1773774812098,0.0893555,-0.213867,0.98877,0.00106526,-0.000532632,-0.00106526
1773774812178,0.0893555,-0.215332,0.990234,-0.000532632,0.000532632,-0.000532632
1773774812261,0.0878906,-0.21875,0.990234,-0.00106526,-0.000532632,-0.00106526
1773774812330,0.0893555,-0.214355,0.991211,-0.000532632,-0.000532632,0
1773774812411,0.0888672,-0.21582,0.98877,0,-0.000532632,-0.000532632
1773774812490,0.0874023,-0.215332,0.991211,0.000532632,0.000532632,0.00106526
1773774812561,0.0883789,-0.216309,0.989258,-0.000532632,-0.00106526,-0.00106526
1773774812642,0.0898438,-0.213867,0.989258,-0.000532632,-0.000532632,0.000532632
1773774812722,0.090332,-0.21582,0.991699,-0.000532632,-0.000532632,-0.00106526
1773774812793,0.0893555,-0.212891,0.990723,-0.000532632,-0.000532632,-0.00106526
1773774812874,0.0878906,-0.214844,0.991211,0,0.000532632,-0.000532632
1773774812954,0.0888672,-0.216309,0.98877,0,0,-0.000532632
1773774813024,0.090332,-0.215332,0.990723,0,-0.00106526,-0.000532632
1773774813105,0.0913086,-0.214355,0.988281,0,-0.000532632,0.000532632
1773774813177,0.090332,-0.214844,0.987305,0,-0.000532632,-0.000532632
1773774813257,0.0878906,-0.216797,0.990234,0.000532632,-0.0015979,0.000532632
1773774813337,0.0888672,-0.217773,0.990723,0,-0.00106526,-0.000532632
1773774813407,0.0898438,-0.21582,0.992188,0,-0.000532632,0
1773774813487,0.0893555,-0.216797,0.991211,0.000532632,0,0.00106526
1773774813559,0.0888672,-0.217773,0.989746,0.000532632,-0.000532632,0.000532632
1773774813639,0.090332,-0.215332,0.989258,0.000532632,-0.000532632,0.00106526
1773774813719,0.0888672,-0.213867,0.990234,0,-0.000532632,0
1773774813800,0.0883789,-0.216309,0.990234,0.000532632,-0.000532632,0
1773774813870,0.0888672,-0.214355,0.989746,-0.000532632,-0.00106526,-0.000532632
1773774813951,0.0898438,-0.216797,0.989746,0,0,0
1773774814031,0.0883789,-0.21582,0.989746,0.000532632,-0.000532632,0
1773774814102,0.0888672,-0.21582,0.988281,0,-0.0015979,0
1773774814184,0.0883789,-0.215332,0.990234,0,-0.00106526,-0.00106526
1773774814263,0.0874023,-0.214844,0.990234,0,-0.00106526,0
1773774814333,0.0888672,-0.214844,0.991699,0,-0.000532632,-0.00106526
1773774814415,0.0898438,-0.217285,0.990234,-0.00106526,0,-0.000532632
1773774814495,0.0893555,-0.214355,0.989258,0,-0.000532632,0
1773774814566,0.0888672,-0.216309,0.98877,-0.000532632,-0.000532632,0.00106526
1773774814635,0.0932617,-0.214844,0.988281,0.000532632,-0.000532632,0
1773774814716,0.0878906,-0.216309,0.98877,0,0,-0.000532632
1773774814797,0.0883789,-0.216309,0.991699,0.000532632,0,0.000532632
1773774814879,0.090332,-0.214844,0.992188,-0.000532632,-0.00106526,-0.000532632
1773774814948,0.0883789,-0.216309,0.990234,0,-0.00106526,-0.000532632
1773774815028,0.0893555,-0.215332,0.990723,0.000532632,-0.000532632,-0.000532632
1773774815109,0.0883789,-0.21582,0.993164,0,-0.00106526,0
1773774815179,0.0888672,-0.213379,0.989258,0,-0.000532632,0
1773774815260,0.0893555,-0.21582,0.989746,0,-0.000532632,-0.000532632
1773774815340,0.0883789,-0.214844,0.988281,0,-0.00106526,-0.00106526
1773774815411,0.0888672,-0.216309,0.989746,-0.000532632,0,0.000532632
1773774815491,0.0888672,-0.216309,0.989258,0.000532632,-0.000532632,0.000532632
1773774815572,0.0883789,-0.21582,0.98877,-0.000532632,-0.00106526,0
1773774815642,0.0874023,-0.217285,0.991699,0.000532632,-0.00106526,0
1773774815723,0.0869141,-0.21582,0.989746,0,-0.000532632,-0.000532632
1773774815794,0.0888672,-0.215332,0.989258,0,0,0
1773774815874,0.0883789,-0.214355,0.98877,0.00106526,-0.000532632,-0.000532632
1773774815956,0.0883789,-0.215332,0.988281,0.000532632,0,-0.000532632
1773774816027,0.0878906,-0.216797,0.98877,0,0.000532632,-0.000532632
1773774816105,0.0874023,-0.21582,0.990234,0,-0.000532632,0.000532632
1773774816186,0.0864258,-0.21582,0.989746,0,-0.000532632,-0.000532632
1773774816257,0.0888672,-0.215332,0.989258,-0.000532632,-0.000532632,0.00106526
1773774816337,0.0878906,-0.215332,0.989746,0,-0.000532632,0.000532632
1773774816418,0.0888672,-0.215332,0.989746,-0.000532632,-0.000532632,0
1773774816488,0.0898438,-0.216309,0.989746,0.000532632,-0.000532632,-0.000532632
1773774816569,0.0878906,-0.218262,0.990234,-0.000532632,-0.0015979,0
1773774816649,0.0874023,-0.214355,0.98877,0.000532632,-0.00106526,-0.000532632
1773774816720,0.0874023,-0.217285,0.989258,0,-0.0015979,0
1773774816802,0.090332,-0.217285,0.990723,0.000532632,-0.00106526,-0.00106526
1773774816871,0.0888672,-0.213379,0.987793,0.000532632,-0.0015979,-0.000532632
1773774816952,0.090332,-0.214844,0.991211,0.000532632,-0.000532632,0
1773774817033,0.0888672,-0.216797,0.989746,-0.000532632,-0.000532632,0
1773774817103,0.0893555,-0.214844,0.991211,-0.00106526,-0.000532632,0
1773774817184,0.0874023,-0.21582,0.98877,0,-0.0015979,-0.000532632
1773774817264,0.0888672,-0.215332,0.987793,0,0,0
1773774817335,0.0888672,-0.215332,0.989746,-0.000532632,-0.00106526,-0.000532632
1773774817415,0.0893555,-0.216797,0.989258,0,0.00106526,0
1773774817496,0.0898438,-0.214844,0.989258,0,-0.00106526,0
1773774817568,0.0888672,-0.216309,0.987793,0.000532632,-0.000532632,-0.000532632
1773774817647,0.090332,-0.218262,0.98877,-0.00106526,-0.000532632,0.000532632
1773774817727,0.0874023,-0.213867,0.988281,0,-0.000532632,-0.000532632
1773774817798,0.0883789,-0.216309,0.991211,0.000532632,-0.000532632,0
1773774817878,0.090332,-0.21582,0.989746,-0.000532632,-0.000532632,0
1773774817960,0.0883789,-0.214844,0.989746,-0.00106526,0,0
1773774818029,0.090332,-0.214844,0.990234,0.000532632,-0.00106526,0
1773774818110,0.0878906,-0.216797,0.98877,0,-0.000532632,0
1773774818190,0.0878906,-0.214355,0.98877,0.000532632,0,-0.00106526
1773774818261,0.0888672,-0.21582,0.989258,-0.000532632,-0.000532632,-0.000532632
1773774818341,0.0878906,-0.21582,0.989258,0.00106526,-0.000532632,-0.00106526
1773774818422,0.0908203,-0.214844,0.990723,-0.000532632,-0.000532632,0
1773774818493,0.0878906,-0.213379,0.989258,0,-0.000532632,0
1773774818573,0.0883789,-0.21582,0.990723,0,0.000532632,-0.000532632
1773774818644,0.0893555,-0.217285,0.990723,0,-0.000532632,0
1773774818724,0.090332,-0.21582,0.98877,0,0,0.000532632
1773774818805,0.0878906,-0.217285,0.987305,0.000532632,-0.000532632,0.000532632
1773774818876,0.0898438,-0.21582,0.989746,0.0015979,-0.00106526,-0.00106526
1773774818956,0.0893555,-0.216797,0.98877,0,-0.00106526,-0.000532632
1773774819037,0.0878906,-0.21582,0.987305,0,-0.000532632,0
1773774819107,0.0888672,-0.216797,0.988281,-0.000532632,0,0
1773774819187,0.0878906,-0.21582,0.989258,0,-0.000532632,-0.000532632
1773774819268,0.0888672,-0.215332,0.989746,0.000532632,0.000532632,-0.000532632
1773774819338,0.0888672,-0.21582,0.991211,0.00106526,0,0
1773774819419,0.0883789,-0.217773,0.990723,0,-0.0015979,-0.000532632
1773774819499,0.0893555,-0.216309,0.989746,-0.000532632,-0.000532632,0
1773774819570,0.0898438,-0.214355,0.989258,0,-0.0015979,0
1773774819641,0.0893555,-0.216309,0.990723,0.000532632,-0.00106526,-0.000532632
1773774819721,0.0883789,-0.215332,0.990234,-0.000532632,-0.000532632,0.000532632
1773774819802,0.0893555,-0.21582,0.989258,0,0,0.000532632
1773774819882,0.090332,-0.214844,0.989746,0.00106526,0,0
1773774819953,0.090332,-0.21582,0.988281,0.00106526,0,-0.000532632
1773774820033,0.0869141,-0.21582,0.988281,0,-0.000532632,0.00106526
1773774820114,0.0893555,-0.213867,0.990723,0.000532632,-0.00106526,0
1773774820184,0.0893555,-0.21582,0.990723,0,-0.00106526,-0.000532632
1773774820265,0.090332,-0.214844,0.989258,0.000532632,0.000532632,0
1773774820345,0.0888672,-0.212891,0.989746,0,-0.00106526,0.000532632
1773774820416,0.0878906,-0.214355,0.988281,-0.000532632,0,0
1773774820496,0.0883789,-0.216797,0.990234,0.000532632,0,0.000532632
1773774820569,0.0878906,-0.217285,0.990234,0.00106526,-0.000532632,0.00106526
1773774820647,0.0893555,-0.214355,0.989746,0.000532632,-0.00106526,0.000532632
1773774820728,0.0883789,-0.216797,0.988281,0,-0.000532632,0.00106526
1773774820808,0.0908203,-0.216309,0.990234,0,-0.000532632,-0.000532632
1773774820879,0.0864258,-0.216797,0.990234,0,-0.000532632,-0.000532632
1773774820960,0.0893555,-0.217285,0.989258,0.000532632,-0.000532632,-0.000532632
1773774821030,0.0893555,-0.215332,0.989258,-0.00106526,-0.000532632,-0.000532632
1773774821113,0.0888672,-0.213867,0.990723,-0.0015979,-0.000532632,-0.000532632
1773774821193,0.0888672,-0.214355,0.990234,0,-0.00106526,0.000532632
1773774821262,0.0878906,-0.215332,0.990234,0,-0.000532632,-0.000532632
1773774821342,0.0888672,-0.213867,0.98877,-0.00106526,-0.00106526,-0.00106526
1773774821423,0.0888672,-0.217285,0.988281,0.000532632,-0.000532632,0
1773774821494,0.0883789,-0.215332,0.989258,0.00106526,-0.000532632,0
1773774821574,0.0898438,-0.216797,0.989258,-0.00106526,-0.000532632,-0.00106526
1773774821655,0.0874023,-0.21582,0.991211,0.000532632,0,0
1773774821725,0.0888672,-0.214844,0.989258,0.000532632,-0.00106526,0
1773774821808,0.0883789,-0.215332,0.990723,-0.00106526,0,0
1773774821880,0.0883789,-0.216309,0.989746,-0.000532632,0,-0.000532632
1773774821960,0.0888672,-0.213379,0.989258,0.00106526,0,-0.0015979
1773774822038,0.0864258,-0.21582,0.990234,0,-0.000532632,0
1773774822118,0.0878906,-0.216309,0.989258,0,0,0
1773774822188,0.0888672,-0.214844,0.990723,0.000532632,-0.000532632,0
1773774822269,0.0888672,-0.216309,0.989746,0.000532632,-0.000532632,0
1773774822349,0.0898438,-0.21582,0.989258,0,0,0
1773774822420,0.0883789,-0.21582,0.987793,0.00106526,-0.00106526,-0.00106526
1773774822500,0.0878906,-0.217285,0.991211,0,-0.000532632,0.000532632
1773774822572,0.0878906,-0.216309,0.98877,0.000532632,-0.000532632,0
1773774822651,0.0883789,-0.21582,0.991211,0,-0.0015979,0
1773774822732,0.0893555,-0.214844,0.987793,-0.000532632,-0.00106526,-0.000532632
1773774822802,0.0888672,-0.215332,0.991699,0.000532632,-0.000532632,-0.000532632
1773774822883,0.0878906,-0.216309,0.989258,0,0,0
1773774822963,0.0888672,-0.214355,0.98877,0.000532632,0,0.000532632
1773774823034,0.0888672,-0.216309,0.991699,0.000532632,0,-0.000532632
1773774823114,0.090332,-0.216797,0.988281,0.000532632,-0.00106526,0.000532632
1773774823195,0.0893555,-0.214355,0.989258,0.0015979,-0.000532632,0
1773774823265,0.0898438,-0.216797,0.990723,0,-0.00106526,0
1773774823346,0.090332,-0.217285,0.989258,0,0,-0.000532632
1773774823426,0.0908203,-0.216309,0.990234,0.00106526,0,0.00106526
1773774823497,0.0883789,-0.214355,0.990723,-0.000532632,-0.000532632,-0.000532632
1773774823578,0.0878906,-0.216797,0.989746,0.000532632,0,-0.00106526
1773774823658,0.0883789,-0.213379,0.990234,0,0,-0.000532632
1773774823729,0.0874023,-0.214844,0.98877,0.0015979,-0.00106526,0.000532632
1773774823809,0.0874023,-0.216309,0.991699,-0.000532632,-0.00106526,0
1773774823880,0.0878906,-0.216309,0.989258,-0.00106526,0,0.000532632
1773774823960,0.0893555,-0.215332,0.990723,-0.000532632,-0.00106526,0.000532632
1773774824041,0.0888672,-0.215332,0.990234,0.000532632,0,0
1773774824111,0.0898438,-0.21582,0.989746,0,0,-0.000532632
1773774824193,0.0898438,-0.21582,0.989746,0.000532632,0,0.000532632
1773774824273,0.0883789,-0.217773,0.989258,0.000532632,-0.000532632,0
1773774824343,0.0893555,-0.21582,0.989258,0.000532632,0,0.000532632
1773774824425,0.0878906,-0.213867,0.991699,0.000532632,-0.000532632,0.000532632
1773774824504,0.0893555,-0.216309,0.989258,0,-0.000532632,-0.00106526
1773774824574,0.0908203,-0.216309,0.989746,-0.000532632,-0.000532632,-0.00106526
1773774824656,0.0883789,-0.216309,0.989258,0,0,0
1773774824727,0.0878906,-0.215332,0.989258,0,-0.00106526,0
1773774824809,0.0908203,-0.21582,0.990723,0,-0.000532632,0
1773774824890,0.0888672,-0.215332,0.988281,0.000532632,0,0
1773774824961,0.0893555,-0.216309,0.989746,0.00106526,-0.00106526,0
1773774825043,0.0874023,-0.215332,0.98877,0,0.000532632,0.000532632
1773774825114,0.0893555,-0.21875,0.992676,0,-0.000532632,-0.000532632
1773774825196,0.0893555,-0.215332,0.989258,0.000532632,0,0.000532632
1773774825267,0.0878906,-0.216309,0.989258,0,-0.00106526,0.000532632
1773774825349,0.0874023,-0.217285,0.989258,-0.000532632,-0.000532632,0
1773774825430,0.0854492,-0.216309,0.989258,0.000532632,0,-0.00106526
1773774825501,0.090332,-0.217773,0.98877,0.000532632,-0.00106526,0.00106526
1773774825583,0.0883789,-0.216309,0.989746,0,-0.00106526,-0.00106526
1773774825654,0.0888672,-0.214355,0.989746,0,-0.00106526,0.00106526
1773774825736,0.0898438,-0.215332,0.989258,0.00106526,0,0
1773774825807,0.0913086,-0.21582,0.989746,0.000532632,-0.000532632,-0.00106526
1773774825889,0.0878906,-0.214355,0.991211,0,-0.00106526,0.00106526
1773774825960,0.0893555,-0.214844,0.98877,0.000532632,-0.000532632,0
1773774826042,0.0874023,-0.21582,0.988281,0.000532632,0.000532632,-0.00106526
1773774826123,0.0869141,-0.215332,0.990723,-0.000532632,0,-0.000532632
1773774826195,0.0898438,-0.217285,0.989258,0.000532632,-0.000532632,0
1773774826276,0.0878906,-0.217285,0.989746,-0.000532632,-0.0015979,-0.000532632
1773774826348,0.0893555,-0.217285,0.98877,-0.000532632,0,-0.000532632
1773774826430,0.0878906,-0.216797,0.989746,0,-0.000532632,0
1773774826501,0.0878906,-0.217285,0.989746,0.000532632,-0.000532632,0
1773774826584,0.0883789,-0.21582,0.989746,0,-0.00106526,0
1773774826664,0.0893555,-0.215332,0.988281,0.000532632,-0.000532632,0
1773774826735,0.0878906,-0.21582,0.991699,0,0,0
1773774826817,0.0878906,-0.214844,0.989746,-0.000532632,-0.00106526,0
1773774826888,0.0883789,-0.214355,0.989746,0,-0.00106526,-0.000532632
1773774826969,0.0893555,-0.215332,0.989258,0,0,0
1773774827040,0.0874023,-0.217285,0.989746,0.000532632,-0.00106526,0.00106526
1773774827121,0.0883789,-0.218262,0.989746,0,-0.000532632,0
1773774827202,0.0878906,-0.21582,0.987305,0.00106526,0,0
1773774827273,0.0883789,-0.215332,0.989746,0.000532632,-0.000532632,-0.000532632
1773774827355,0.0883789,-0.215332,0.990234,0,-0.00106526,0
1773774827426,0.0869141,-0.216309,0.989258,0,-0.00106526,-0.00106526
1773774827508,0.0864258,-0.217285,0.990723,0.000532632,-0.00106526,0
1773774827581,0.0874023,-0.214844,0.987793,0.00106526,-0.000532632,-0.000532632
1773774827664,0.0878906,-0.216797,0.990723,0.0015979,0,-0.000532632
1773774827741,0.0888672,-0.215332,0.989258,-0.00106526,-0.000532632,0
1773774827811,0.0888672,-0.21582,0.989258,-0.00106526,0,0
1773774827892,0.0878906,-0.217773,0.991699,0,-0.00106526,-0.000532632
1773774827972,0.090332,-0.214355,0.990234,0.000532632,-0.00106526,-0.00106526
1773774828043,0.0893555,-0.215332,0.987793,0.000532632,0,0
1773774828125,0.0898438,-0.215332,0.98877,-0.000532632,-0.000532632,-0.000532632
1773774828204,0.090332,-0.216309,0.990234,0.000532632,-0.000532632,-0.000532632
1773774828274,0.0883789,-0.21582,0.989258,-0.000532632,0,-0.000532632
1773774828355,0.0888672,-0.21582,0.990723,0,-0.000532632,-0.00106526
1773774828435,0.0893555,-0.215332,0.989258,0,0,0.000532632
1773774828506,0.0883789,-0.214355,0.990234,0.000532632,-0.0015979,0
1773774828587,0.0888672,-0.212891,0.989746,-0.00106526,0,-0.000532632
1773774828667,0.0893555,-0.216309,0.989258,0,-0.00106526,0.000532632
1773774828737,0.0893555,-0.21582,0.98877,0,-0.000532632,0.000532632
1773774828818,0.0883789,-0.218262,0.992188,-0.000532632,-0.000532632,0.000532632
1773774828888,0.0883789,-0.21582,0.989746,-0.000532632,-0.00106526,0
1773774828969,0.0874023,-0.21582,0.98877,-0.00106526,0,-0.000532632
1773774829050,0.090332,-0.213867,0.990234,-0.000532632,0,0.000532632
1773774829120,0.0878906,-0.21582,0.989746,0,0,-0.000532632
1773774829200,0.0888672,-0.214355,0.991211,0.00106526,0,-0.00106526
1773774829281,0.0888672,-0.21582,0.988281,0.000532632,-0.000532632,-0.000532632
1773774829352,0.0878906,-0.21582,0.988281,-0.000532632,0,-0.000532632
1773774829432,0.0913086,-0.214355,0.990234,0,-0.00106526,0
1773774829512,0.0874023,-0.215332,0.989746,-0.00106526,-0.00106526,-0.00106526
1773774829585,0.0878906,-0.216309,0.98877,0,-0.00106526,0
1773774829666,0.0888672,-0.214844,0.990723,0,-0.000532632,0
1773774829744,0.0888672,-0.215332,0.990723,0.00106526,-0.000532632,0.00106526
1773774829814,0.0883789,-0.217285,0.989258,0.000532632,-0.000532632,-0.000532632
1773774829895,0.0883789,-0.216797,0.991699,-0.000532632,0,0
1773774829975,0.0883789,-0.215332,0.988281,0.000532632,-0.000532632,-0.00106526
1773774830046,0.0898438,-0.21582,0.990234,-0.000532632,-0.00106526,-0.000532632
1773774830127,0.0888672,-0.21582,0.987793,0,-0.0015979,0
1773774830207,0.0888672,-0.216309,0.989746,-0.000532632,-0.000532632,0.000532632
1773774830278,0.0908203,-0.213867,0.990234,0,0,0.000532632
1773774830358,0.0888672,-0.216309,0.98877,-0.000532632,0,0
1773774830429,0.0878906,-0.214355,0.989258,-0.000532632,-0.00106526,0.0015979
1773774830509,0.0859375,-0.21582,0.987793,0,0,0
1773774830590,0.0874023,-0.214844,0.990723,-0.000532632,-0.00106526,0
1773774830661,0.0893555,-0.216309,0.987793,-0.000532632,0,-0.00106526
1773774830741,0.0888672,-0.216797,0.989746,-0.00106526,-0.0015979,-0.000532632
1773774830822,0.0888672,-0.214355,0.990234,0,0,0
1773774830892,0.0883789,-0.215332,0.990234,0,-0.000532632,-0.000532632
1773774830973,0.0874023,-0.215332,0.989258,0,-0.000532632,0
1773774831054,0.0893555,-0.216309,0.989258,0,0,0
1773774831124,0.0888672,-0.213867,0.989746,0.000532632,-0.000532632,0
1773774831204,0.0878906,-0.21875,0.989258,-0.000532632,-0.000532632,-0.000532632
1773774831285,0.0859375,-0.214355,0.989258,0.000532632,0.000532632,0
1773774831356,0.0888672,-0.214355,0.991211,0,-0.00106526,-0.000532632
1773774831436,0.0888672,-0.217773,0.98877,0,-0.000532632,-0.00106526
1773774831516,0.0888672,-0.217285,0.990234,-0.000532632,-0.000532632,-0.00106526
1773774831587,0.0878906,-0.215332,0.990234,0,-0.0015979,0.000532632
1773774831667,0.0888672,-0.215332,0.990723,-0.000532632,-0.00106526,0
1773774831738,0.0908203,-0.215332,0.98877,0,-0.000532632,0
1773774831819,0.0893555,-0.216797,0.989746,0,-0.00106526,0
1773774831889,0.0908203,-0.21582,0.98877,0,-0.00106526,0
1773774831970,0.0874023,-0.216309,0.989258,0.00106526,-0.00106526,-0.000532632
1773774832050,0.0888672,-0.21582,0.990234,-0.000532632,-0.000532632,-0.000532632
1773774832131,0.0874023,-0.214844,0.98877,-0.000532632,-0.0015979,0.000532632
1773774832201,0.0874023,-0.215332,0.989746,0,-0.000532632,-0.000532632
1773774832282,0.0898438,-0.215332,0.988281,0.000532632,0,-0.00106526
1773774832362,0.090332,-0.21582,0.988281,-0.000532632,-0.00106526,0
1773774832433,0.0869141,-0.215332,0.989746,0,-0.00106526,-0.000532632
1773774832513,0.0878906,-0.216309,0.989746,0.000532632,-0.00106526,-0.000532632
1773774832586,0.090332,-0.214355,0.989746,0,-0.000532632,0
1773774832664,0.0888672,-0.21582,0.988281,0,-0.00106526,0.000532632
1773774832745,0.0878906,-0.216797,0.989258,0,-0.0015979,0
1773774832815,0.090332,-0.216309,0.988281,0.00106526,-0.000532632,-0.000532632
1773774832897,0.0883789,-0.217773,0.98877,-0.000532632,-0.00106526,-0.000532632
1773774832977,0.0927734,-0.215332,0.989746,-0.000532632,-0.000532632,0
1773774833047,0.0874023,-0.21582,0.990234,0.000532632,0,-0.000532632
1773774833128,0.0883789,-0.216309,0.990234,0.000532632,-0.00106526,-0.000532632
1773774833208,0.0869141,-0.213379,0.989746,0.00106526,0.000532632,0
1773774833279,0.0864258,-0.216309,0.989258,0,-0.000532632,0.000532632
1773774833360,0.0898438,-0.216309,0.98877,0.000532632,-0.0015979,0
1773774833440,0.0878906,-0.214355,0.987793,0.000532632,-0.000532632,0
1773774833511,0.090332,-0.216309,0.989258,0.00106526,0,-0.000532632
1773774833591,0.0878906,-0.215332,0.989746,0,-0.000532632,0
1773774833672,0.0864258,-0.217285,0.990723,0.00106526,-0.000532632,0
1773774833742,0.0888672,-0.21582,0.989258,0.000532632,-0.00106526,0
1773774833823,0.0883789,-0.216309,0.989258,0,-0.000532632,0
1773774833893,0.0888672,-0.214844,0.990234,0.00106526,-0.000532632,0.000532632
1773774833974,0.0883789,-0.214844,0.989746,0,-0.000532632,-0.000532632
1773774834054,0.090332,-0.216797,0.990234,0.00106526,-0.000532632,0
1773774834125,0.0893555,-0.217285,0.989258,-0.000532632,-0.00106526,-0.000532632
1773774834205,0.0898438,-0.215332,0.990234,0,-0.00106526,-0.000532632
1773774834286,0.0888672,-0.214844,0.987305,-0.000532632,0,0
1773774834356,0.090332,-0.214844,0.989258,0,-0.000532632,-0.000532632
1773774834438,0.0883789,-0.216309,0.989258,-0.000532632,-0.00106526,-0.0015979
1773774834518,0.0869141,-0.214844,0.989746,-0.000532632,-0.000532632,-0.000532632
1773774834588,0.0888672,-0.215332,0.988281,-0.000532632,0.000532632,0.000532632
1773774834668,0.0869141,-0.21582,0.98877,0.000532632,-0.000532632,0
1773774834749,0.0883789,-0.21582,0.988281,-0.000532632,0.000532632,-0.00106526
1773774834819,0.0898438,-0.214844,0.990234,0,0,-0.000532632
1773774834902,0.0883789,-0.216797,0.990234,0.00106526,-0.0015979,-0.00106526
1773774834970,0.0878906,-0.213867,0.990234,0.000532632,-0.000532632,-0.00106526
1773774835051,0.0898438,-0.21582,0.989258,-0.000532632,-0.00106526,0
1773774835132,0.0888672,-0.214355,0.989746,-0.00106526,-0.000532632,0
1773774835202,0.0869141,-0.217285,0.989746,0.000532632,-0.00106526,0
1773774835283,0.0888672,-0.214355,0.991211,0,-0.000532632,0
1773774835365,0.0883789,-0.214844,0.990234,-0.000532632,-0.0015979,0.000532632
1773774835434,0.0878906,-0.214844,0.990234,0,0,-0.000532632
1773774835516,0.0878906,-0.214844,0.988281,0,-0.000532632,-0.000532632
1773774835596,0.0869141,-0.217773,0.989258,-0.000532632,-0.00106526,0.0015979
1773774835668,0.0893555,-0.214355,0.989258,0,-0.000532632,-0.000532632
1773774835746,0.0913086,-0.217773,0.990234,0.000532632,-0.00106526,0
1773774835828,0.0893555,-0.214844,0.989258,0,-0.00106526,0
1773774835898,0.0893555,-0.21582,0.98877,-0.00106526,-0.00106526,0
1773774835977,0.0893555,-0.216309,0.988281,-0.000532632,-0.00106526,0.000532632
1773774836048,0.0893555,-0.21582,0.989746,0.00106526,-0.000532632,0
1773774836129,0.0888672,-0.216797,0.989746,0,-0.00106526,-0.000532632
1773774836209,0.0888672,-0.216309,0.988281,0,-0.00106526,0
1773774836290,0.0878906,-0.21582,0.98877,0.000532632,0,0
1773774836360,0.0869141,-0.216797,0.989746,-0.000532632,-0.00106526,0.000532632
1773774836441,0.0898438,-0.214355,0.989746,0,-0.00106526,-0.000532632
1773774836521,0.0883789,-0.214844,0.990723,-0.000532632,-0.00106526,0.000532632
1773774836592,0.090332,-0.217285,0.992188,-0.00106526,-0.00106526,0
1773774836673,0.0874023,-0.21582,0.98877,-0.000532632,-0.000532632,-0.00106526
1773774836745,0.0878906,-0.21582,0.988281,0,-0.000532632,0
1773774836826,0.0883789,-0.21875,0.988281,-0.000532632,0,0
1773774836895,0.0888672,-0.214844,0.990234,-0.000532632,-0.000532632,0
1773774836974,0.0878906,-0.214844,0.989258,0,0,0
1773774837059,0.0883789,-0.214355,0.987793,-0.000532632,-0.00106526,0
1773774837137,0.090332,-0.214844,0.989258,0.000532632,0,0
1773774837207,0.090332,-0.214844,0.988281,0,-0.000532632,0
1773774837286,0.0878906,-0.21582,0.989258,0,-0.000532632,-0.000532632
1773774837367,0.0878906,-0.213867,0.989258,0,0,-0.000532632
1773774837437,0.0893555,-0.215332,0.989746,0,-0.00106526,0.000532632
1773774837518,0.0898438,-0.216797,0.991699,0,-0.00106526,0
1773774837589,0.0893555,-0.212891,0.990234,-0.000532632,0,0.00106526
1773774837670,0.0878906,-0.214844,0.989746,0,-0.000532632,0
1773774837750,0.0893555,-0.215332,0.989746,0.000532632,-0.000532632,-0.000532632
1773774837820,0.0874023,-0.216797,0.990723,0,-0.000532632,-0.00106526
1773774837901,0.0888672,-0.215332,0.989746,0.000532632,-0.000532632,-0.000532632
1773774837981,0.0913086,-0.214844,0.990234,0.000532632,-0.000532632,0.00106526
1773774838052,0.0888672,-0.214844,0.990234,-0.000532632,-0.000532632,-0.00106526
1773774838132,0.090332,-0.217285,0.992188,0,-0.00106526,0
1773774838213,0.0869141,-0.21582,0.989258,-0.00106526,-0.00106526,0
1773774838284,0.0878906,-0.214355,0.990234,0.00106526,-0.000532632,-0.000532632
1773774838364,0.0878906,-0.216309,0.991699,0.000532632,-0.000532632,-0.000532632
1773774838445,0.0893555,-0.214844,0.990234,0.00106526,-0.000532632,0.000532632
1773774838516,0.0898438,-0.215332,0.988281,-0.00106526,-0.00106526,0.00106526
1773774838596,0.0869141,-0.214844,0.989746,0.000532632,-0.00106526,0
1773774838677,0.0888672,-0.214355,0.989258,0,-0.00106526,0.000532632
1773774838747,0.0878906,-0.213379,0.98877,0,-0.000532632,0.000532632
1773774838828,0.0874023,-0.215332,0.989746,-0.00106526,-0.000532632,0
1773774838898,0.0878906,-0.217773,0.991211,-0.000532632,-0.000532632,0.00106526
1773774838980,0.0883789,-0.215332,0.989746,0.000532632,-0.000532632,-0.000532632
1773774839061,0.0888672,-0.215332,0.989746,0.000532632,-0.00106526,0
1773774839131,0.0878906,-0.214355,0.992188,-0.000532632,-0.000532632,0.000532632
1773774839211,0.0898438,-0.215332,0.989746,0.000532632,-0.000532632,0.000532632
1773774839292,0.0893555,-0.215332,0.98877,0.000532632,-0.00106526,0.00106526
1773774839361,0.0883789,-0.216309,0.990723,0,-0.000532632,-0.00106526
1773774839442,0.0883789,-0.214355,0.989746,0,-0.000532632,-0.000532632
1773774839522,0.0888672,-0.214355,0.989258,0,-0.000532632,0
1773774839593,0.0864258,-0.216309,0.988281,-0.00106526,-0.00106526,0
1773774839673,0.0883789,-0.21582,0.98877,-0.000532632,-0.000532632,0.000532632
1773774839754,0.0888672,-0.213867,0.98877,0,-0.00106526,-0.000532632
1773774839825,0.0893555,-0.217285,0.989258,0,0,0.000532632
1773774839905,0.0869141,-0.215332,0.988281,0.000532632,0,0
1773774839986,0.0878906,-0.215332,0.989746,0.000532632,-0.000532632,0
1773774840056,0.0874023,-0.21582,0.988281,-0.000532632,0,0
1773774840137,0.0893555,-0.218262,0.988281,0.000532632,-0.000532632,0.000532632
1773774840217,0.0869141,-0.216309,0.989746,0,-0.00106526,0
1773774840288,0.0883789,-0.217285,0.989746,0.000532632,-0.0015979,0
1773774840368,0.090332,-0.214844,0.989258,-0.00106526,0,-0.0015979
1773774840439,0.0893555,-0.215332,0.988281,0.000532632,-0.000532632,0.000532632
1773774840519,0.0869141,-0.215332,0.989746,0.000532632,0,-0.000532632
1773774840600,0.0888672,-0.216309,0.990234,0.000532632,-0.00106526,0
1773774840671,0.0893555,-0.216797,0.989746,0,-0.00106526,-0.000532632
1773774840751,0.0883789,-0.21582,0.989258,0.000532632,0,0
1773774840831,0.090332,-0.214844,0.989746,-0.000532632,0,0
1773774840902,0.0888672,-0.217773,0.988281,0,-0.000532632,0.000532632
1773774840982,0.0888672,-0.214355,0.990234,-0.000532632,-0.000532632,-0.000532632
1773774841063,0.0898438,-0.21582,0.987305,0,-0.000532632,-0.000532632
1773774841133,0.0878906,-0.214844,0.989258,0.00106526,-0.0015979,-0.000532632
1773774841214,0.0883789,-0.217285,0.986328,0.000532632,-0.00106526,-0.000532632
1773774841294,0.0874023,-0.214355,0.988281,0,-0.000532632,0
1773774841367,0.0898438,-0.21582,0.990723,-0.00106526,-0.00106526,0.000532632
1773774841445,0.0893555,-0.215332,0.987305,-0.000532632,0,0.000532632
1773774841526,0.0893555,-0.216309,0.990723,0,-0.00106526,-0.000532632
1773774841596,0.0878906,-0.21582,0.989746,-0.0015979,0,0.00106526
1773774841677,0.0898438,-0.216797,0.987793,0.00106526,0,0
1773774841747,0.0893555,-0.216309,0.990234,0,-0.00213053,0
1773774841828,0.0898438,-0.21582,0.989258,-0.000532632,-0.0015979,-0.000532632
1773774841910,0.0883789,-0.214355,0.990234,-0.00106526,-0.000532632,0
1773774841980,0.0874023,-0.217285,0.98877,0.000532632,-0.000532632,0
1773774842060,0.0893555,-0.21582,0.991699,-0.000532632,-0.000532632,0
1773774842132,0.0878906,-0.218262,0.990723,0,-0.00106526,-0.000532632
1773774842211,0.0913086,-0.213379,0.989746,-0.000532632,-0.00106526,0
1773774842291,0.0874023,-0.217285,0.988281,-0.000532632,-0.000532632,0
1773774842373,0.0869141,-0.215332,0.989258,0,-0.000532632,0
1773774842442,0.0893555,-0.21582,0.990234,-0.000532632,-0.000532632,0
1773774842523,0.0883789,-0.216309,0.989258,0,-0.00106526,0
1773774842603,0.0888672,-0.213867,0.989258,0.000532632,-0.000532632,-0.00106526
1773774842674,0.0874023,-0.215332,0.98877,0,-0.000532632,0.000532632
1773774842755,0.0913086,-0.214355,0.989746,0.000532632,-0.00106526,0.000532632
1773774842835,0.0898438,-0.217285,0.988281,0,-0.000532632,0
1773774842905,0.0869141,-0.214844,0.990234,0,-0.000532632,0.000532632
1773774842986,0.0874023,-0.215332,0.989258,0.000532632,0,0.000532632
1773774843056,0.0869141,-0.214844,0.987793,0.000532632,-0.000532632,0
1773774843138,0.0888672,-0.216797,0.986816,-0.000532632,-0.0015979,0
1773774843218,0.0888672,-0.21582,0.990723,0.00106526,-0.000532632,-0.000532632
1773774843288,0.0898438,-0.21582,0.989258,0,-0.000532632,-0.000532632
1773774843369,0.0888672,-0.214355,0.990234,0.000532632,-0.000532632,0
1773774843449,0.0898438,-0.217773,0.989258,0,0,0.000532632
1773774843520,0.0883789,-0.214844,0.989746,-0.000532632,0,0.000532632
1773774843600,0.0883789,-0.21582,0.989746,-0.000532632,0.000532632,0.000532632
1773774843681,0.0854492,-0.21582,0.989258,0.0015979,-0.00106526,-0.000532632
1773774843751,0.0883789,-0.216797,0.989746,0,-0.000532632,0
1773774843832,0.0883789,-0.216797,0.989746,0,0,0.000532632
1773774843912,0.0878906,-0.215332,0.989746,0.000532632,-0.0015979,-0.00106526
1773774843986,0.0893555,-0.21582,0.989258,0,-0.000532632,0
1773774844067,0.0864258,-0.216309,0.989258,0,0,0
1773774844135,0.0883789,-0.213867,0.990234,0,0,0
1773774844215,0.0883789,-0.217285,0.990723,-0.000532632,-0.000532632,0
1773774844295,0.0869141,-0.214844,0.989746,0.00106526,-0.00106526,0.00106526
1773774844366,0.0888672,-0.213379,0.989258,0.00106526,-0.00106526,-0.000532632
1773774844447,0.0883789,-0.21582,0.989258,0,-0.000532632,-0.000532632
1773774844527,0.0888672,-0.214355,0.990234,0,0,0
1773774844598,0.0888672,-0.21582,0.988281,0,-0.00106526,-0.00106526
1773774844679,0.0883789,-0.216797,0.990723,0.000532632,0,0.000532632
1773774844759,0.0888672,-0.214844,0.991211,0,0,-0.000532632
1773774844829,0.0893555,-0.215332,0.990723,0,-0.00106526,-0.000532632
1773774844910,0.0888672,-0.217285,0.98877,0,0,0
1773774844990,0.0893555,-0.214844,0.988281,0,-0.00106526,0
1773774845061,0.0883789,-0.21582,0.98877,0.00106526,-0.000532632,-0.000532632
1773774845141,0.0878906,-0.21582,0.987305,0,-0.000532632,0.000532632
1773774845222,0.0878906,-0.215332,0.990723,0.000532632,-0.000532632,0.00106526
1773774845292,0.0888672,-0.216309,0.988281,0.000532632,0,0
1773774845373,0.0893555,-0.214355,0.990723,0.000532632,-0.00106526,0.000532632
1773774845443,0.0893555,-0.216797,0.989258,0.000532632,0,0.00106526
1773774845524,0.0888672,-0.21582,0.98877,0.000532632,-0.0015979,-0.000532632
1773774845604,0.0883789,-0.217285,0.989258,0.000532632,-0.000532632,-0.000532632
1773774845675,0.0898438,-0.216309,0.990234,-0.000532632,-0.000532632,0
1773774845755,0.0888672,-0.215332,0.988281,0,-0.00106526,0
1773774845836,0.0893555,-0.21582,0.989746,0,-0.000532632,0
1773774845907,0.0878906,-0.216309,0.98877,-0.00106526,-0.000532632,0.000532632
1773774845988,0.0878906,-0.217773,0.987793,0,-0.00106526,0.000532632
1773774846069,0.090332,-0.21582,0.989746,-0.000532632,-0.000532632,-0.000532632
1773774846141,0.0888672,-0.215332,0.989746,0,0,0
1773774846219,0.0874023,-0.215332,0.989746,-0.000532632,-0.00106526,0
1773774846300,0.0888672,-0.213867,0.990723,0.000532632,-0.0015979,0
1773774846370,0.0883789,-0.216309,0.990723,-0.000532632,-0.000532632,0
1773774846451,0.090332,-0.216309,0.990234,0.000532632,0.000532632,-0.000532632
1773774846523,0.0893555,-0.217285,0.989258,0.000532632,-0.00106526,0.000532632
1773774846602,0.0888672,-0.216309,0.990234,-0.000532632,0.000532632,-0.000532632
1773774846683,0.0874023,-0.215332,0.988281,0.000532632,-0.00106526,0
1773774846753,0.0888672,-0.21582,0.989258,0,-0.000532632,0.00106526
1773774846833,0.0874023,-0.215332,0.989258,-0.000532632,0,0
1773774846914,0.0883789,-0.215332,0.989258,0,-0.0015979,0
1773774846984,0.0888672,-0.21582,0.992188,0,-0.00106526,0.00106526
1773774847065,0.0878906,-0.215332,0.98877,-0.000532632,0,0.00106526
1773774847145,0.0883789,-0.21582,0.987793,0,-0.00106526,-0.000532632
1773774847216,0.0883789,-0.215332,0.989746,0,-0.000532632,0.00106526
1773774847297,0.0874023,-0.215332,0.98877,-0.00106526,-0.00106526,-0.000532632
1773774847377,0.090332,-0.215332,0.98877,-0.000532632,-0.00106526,0.000532632
1773774847450,0.0888672,-0.21582,0.98877,0.000532632,-0.000532632,0
1773774847529,0.0888672,-0.216797,0.990234,0.000532632,-0.000532632,-0.0015979
1773774847609,0.0878906,-0.214355,0.990234,0,0,0
1773774847682,0.090332,-0.21582,0.990723,-0.000532632,-0.000532632,-0.000532632
1773774847750,0.0888672,-0.217285,0.987793,-0.000532632,-0.000532632,-0.00106526
1773774847831,0.0888672,-0.21582,0.98877,0,-0.000532632,-0.000532632
1773774847911,0.0893555,-0.216309,0.991211,0,-0.000532632,-0.000532632
1773774847992,0.0888672,-0.215332,0.989746,0.000532632,-0.000532632,0.000532632
1773774848066,0.0883789,-0.214355,0.989746,0.000532632,-0.00106526,-0.000532632
1773774848143,0.0898438,-0.217773,0.991211,-0.000532632,-0.0015979,0
1773774848223,0.0893555,-0.215332,0.990723,-0.00106526,-0.00106526,0
1773774848294,0.0883789,-0.214844,0.989258,0.000532632,-0.00106526,0.000532632
1773774848375,0.0878906,-0.215332,0.989258,-0.000532632,-0.000532632,0
1773774848455,0.0893555,-0.213379,0.990234,0,-0.00106526,-0.00106526
1773774848526,0.0893555,-0.216309,0.988281,0.000532632,0,0
1773774848607,0.090332,-0.215332,0.990723,-0.000532632,0.000532632,0
1773774848687,0.0878906,-0.216309,0.990234,0.000532632,-0.000532632,-0.000532632
1773774848757,0.0878906,-0.216309,0.990234,0.000532632,-0.000532632,0
1773774848839,0.0883789,-0.216309,0.989258,0.000532632,0,0.000532632
1773774848908,0.0888672,-0.21582,0.98877,-0.00106526,-0.00106526,0.000532632
1773774848989,0.0883789,-0.214844,0.989746,0,-0.000532632,0
1773774849069,0.0893555,-0.21582,0.991211,0.00106526,-0.000532632,-0.000532632
1773774849144,0.0883789,-0.215332,0.989258,0.00106526,0,0.00106526
1773774849221,0.0893555,-0.214844,0.989258,-0.000532632,-0.000532632,0.000532632
1773774849291,0.0878906,-0.213867,0.990723,0.000532632,0,-0.000532632
1773774849372,0.0898438,-0.216309,0.989746,-0.000532632,0,-0.000532632
1773774849452,0.0874023,-0.215332,0.991211,0.000532632,-0.000532632,0.00106526
1773774849533,0.0893555,-0.213867,0.990234,0.000532632,-0.00106526,0.000532632
1773774849603,0.0898438,-0.217773,0.98877,-0.000532632,-0.000532632,0.00106526
1773774849684,0.0888672,-0.217773,0.989746,0,-0.000532632,-0.000532632
1773774849764,0.0869141,-0.216797,0.989746,0,0.000532632,-0.000532632
1773774849835,0.0883789,-0.214844,0.990723,0.00106526,-0.000532632,0
1773774849915,0.0878906,-0.216309,0.989258,0,0,0
1773774849996,0.0878906,-0.21582,0.990723,-0.000532632,0,0.000532632
1773774850068,0.0893555,-0.214844,0.989258,0,-0.000532632,0
1773774850148,0.0888672,-0.215332,0.988281,0.000532632,-0.00106526,-0.000532632
1773774850217,0.0874023,-0.214844,0.990234,-0.000532632,-0.00106526,0.000532632
1773774850298,0.0908203,-0.214844,0.98877,0.000532632,0,-0.000532632
1773774850379,0.0893555,-0.216309,0.991211,0.000532632,-0.000532632,-0.00106526
1773774850450,0.0888672,-0.214355,0.987793,0,-0.00106526,-0.00106526
1773774850530,0.0893555,-0.214844,0.987793,-0.000532632,-0.000532632,0.000532632
1773774850610,0.0883789,-0.21582,0.989746,-0.000532632,-0.00106526,0
1773774850682,0.0893555,-0.216797,0.989258,0.00106526,0.000532632,0.000532632
1773774850761,0.0883789,-0.216797,0.990234,0.000532632,0,0.000532632
1773774850842,0.0883789,-0.216309,0.987793,0,-0.000532632,0.0015979
1773774850912,0.090332,-0.216309,0.989258,0,-0.000532632,0.000532632
1773774850994,0.0883789,-0.216797,0.98877,-0.000532632,-0.000532632,0
1773774851073,0.0893555,-0.216309,0.989746,0,-0.000532632,0
1773774851144,0.0908203,-0.214844,0.989746,0.00106526,0.000532632,0
1773774851224,0.0888672,-0.215332,0.990234,0.000532632,-0.000532632,-0.000532632
1773774851305,0.0878906,-0.21582,0.989258,0.000532632,0,0
1773774851376,0.0898438,-0.21582,0.989258,-0.000532632,-0.000532632,-0.000532632
1773774851456,0.0888672,-0.216309,0.990234,0.000532632,-0.000532632,0.00106526
1773774851527,0.0898438,-0.214844,0.990234,-0.00106526,-0.000532632,0.000532632
1773774851608,0.0878906,-0.213379,0.990234,0,0,0
1773774851687,0.090332,-0.216797,0.98877,0.00106526,-0.000532632,-0.00106526
1773774851758,0.0888672,-0.216797,0.98877,0.000532632,-0.000532632,0
1773774851838,0.0898438,-0.214844,0.989746,0.000532632,-0.00106526,0
1773774851910,0.0878906,-0.216309,0.989746,0.000532632,-0.000532632,0
1773774851990,0.0898438,-0.214355,0.98877,0.000532632,-0.00106526,0
1773774852071,0.0898438,-0.216309,0.989258,-0.000532632,-0.000532632,0
1773774852152,0.0908203,-0.215332,0.989746,0.00106526,-0.000532632,-0.000532632
1773774852222,0.0908203,-0.215332,0.989258,0.000532632,-0.00106526,0
1773774852302,0.090332,-0.217773,0.990723,0,-0.00106526,-0.000532632
1773774852382,0.0874023,-0.218262,0.988281,0.00106526,-0.000532632,0.000532632
1773774852453,0.090332,-0.215332,0.990723,-0.000532632,0,0.000532632
1773774852535,0.0913086,-0.214355,0.990234,0.000532632,-0.000532632,0
1773774852614,0.090332,-0.216309,0.98584,0,-0.000532632,0
1773774852687,0.0898438,-0.213867,0.991211,-0.000532632,-0.000532632,-0.00106526
1773774852765,0.090332,-0.216797,0.990723,-0.000532632,-0.000532632,0
1773774852837,0.0874023,-0.215332,0.989746,0,-0.000532632,-0.000532632
1773774852916,0.0898438,-0.214355,0.990723,0.000532632,0,0.000532632
1773774852997,0.0888672,-0.214355,0.990234,0,0,0.000532632
1773774853067,0.0893555,-0.21582,0.989746,0.000532632,-0.00106526,0
1773774853148,0.0893555,-0.219238,0.98877,-0.000532632,-0.000532632,0
1773774853229,0.0883789,-0.216797,0.988281,0.000532632,0,0.00106526
1773774853299,0.0888672,-0.217285,0.990234,0.000532632,-0.000532632,0
1773774853379,0.0893555,-0.215332,0.992188,0.000532632,-0.000532632,0.000532632
1773774853460,0.0893555,-0.218262,0.98877,0.000532632,0,0.000532632
1773774853530,0.0874023,-0.214355,0.990723,-0.000532632,-0.00106526,0
1773774853611,0.0898438,-0.216797,0.990234,0,0.000532632,0
1773774853691,0.0893555,-0.214355,0.989746,0,-0.00106526,0.000532632
1773774853762,0.0883789,-0.216797,0.989258,-0.000532632,-0.00106526,0.000532632
1773774853843,0.0864258,-0.216797,0.989258,0,-0.000532632,0
1773774853923,0.0878906,-0.21582,0.987305,0,-0.000532632,0.000532632
1773774853994,0.0878906,-0.217285,0.989746,-0.000532632,-0.000532632,0.000532632
1773774854074,0.0883789,-0.216309,0.989258,0,-0.000532632,0
1773774854144,0.0893555,-0.213867,0.989258,0.000532632,-0.00106526,-0.000532632
1773774854227,0.0864258,-0.216309,0.989258,0,-0.00106526,0.000532632
1773774854306,0.0893555,-0.216309,0.989258,0,-0.000532632,0
1773774854376,0.0878906,-0.216797,0.990723,0.000532632,-0.0015979,0
1773774854457,0.0913086,-0.218262,0.990234,-0.000532632,-0.000532632,0.000532632
1773774854537,0.0874023,-0.214844,0.989746,0.000532632,-0.0015979,0
1773774854608,0.0883789,-0.21582,0.988281,0,-0.00106526,-0.000532632
1773774854688,0.090332,-0.215332,0.990234,0.00106526,0,0
1773774854769,0.0898438,-0.218262,0.987793,-0.000532632,0,0.000532632
1773774854839,0.0898438,-0.216309,0.989258,0,-0.000532632,0.000532632
1773774854920,0.0888672,-0.214844,0.992188,0.00106526,0,-0.00106526
1773774855000,0.0888672,-0.216797,0.988281,0,-0.000532632,0.000532632
1773774855071,0.0893555,-0.216797,0.989258,0.00106526,-0.000532632,-0.000532632
1773774855152,0.0874023,-0.214355,0.990234,-0.0015979,-0.00106526,0
1773774855222,0.0888672,-0.216797,0.98877,0.000532632,-0.000532632,-0.000532632
1773774855302,0.0888672,-0.218262,0.988281,0,-0.00106526,-0.000532632
1773774855383,0.0888672,-0.216309,0.989746,0.00106526,-0.000532632,0
1773774855454,0.0883789,-0.215332,0.992188,0.000532632,-0.000532632,0
1773774855535,0.0859375,-0.215332,0.990723,0,-0.00106526,0
1773774855615,0.0883789,-0.214844,0.989746,-0.000532632,0,-0.00106526
1773774855686,0.0888672,-0.215332,0.98877,0,-0.000532632,-0.000532632
1773774855766,0.0883789,-0.214355,0.989746,0,-0.000532632,-0.000532632
1773774855847,0.0874023,-0.215332,0.989258,0,-0.000532632,0.000532632
1773774855918,0.0878906,-0.214844,0.990723,0,-0.00106526,0
1773774855998,0.0874023,-0.216309,0.98877,0.000532632,0,0.000532632
1773774856069,0.0869141,-0.216309,0.989746,0,0,0
1773774856149,0.0888672,-0.216797,0.990234,0,-0.00106526,0.000532632
1773774856230,0.0878906,-0.217285,0.988281,-0.000532632,-0.000532632,0.000532632
1773774856300,0.0874023,-0.216309,0.987793,0.00106526,0,0
1773774856381,0.0893555,-0.214844,0.990234,0,-0.000532632,0.00106526
1773774856462,0.0878906,-0.214844,0.987305,0.000532632,-0.00106526,0
1773774856532,0.0898438,-0.21582,0.990234,0,-0.00106526,0
1773774856612,0.0883789,-0.217285,0.989746,0,0,-0.000532632
1773774856693,0.0883789,-0.215332,0.988281,0,-0.00106526,0
1773774856763,0.0893555,-0.214355,0.986816,0.000532632,-0.00106526,-0.000532632
1773774856844,0.0883789,-0.214844,0.990234,-0.000532632,-0.000532632,0
1773774856925,0.0874023,-0.21582,0.989746,0.00106526,-0.00106526,0
1773774856995,0.0893555,-0.216797,0.989746,0,-0.000532632,0
1773774857076,0.0883789,-0.21582,0.990723,0,-0.000532632,0.000532632
1773774857156,0.090332,-0.215332,0.990234,0,-0.00106526,0.00106526
1773774857227,0.0908203,-0.214844,0.98877,0.000532632,0,0.000532632
1773774857307,0.0898438,-0.216309,0.990234,0,0,-0.000532632
1773774857388,0.0878906,-0.215332,0.990234,0.000532632,-0.00106526,-0.00106526
1773774857459,0.0888672,-0.216309,0.990723,-0.000532632,-0.00106526,0.000532632
1773774857539,0.0898438,-0.215332,0.989746,0.000532632,0,0
1773774857609,0.0883789,-0.21582,0.990723,-0.000532632,-0.00106526,0
1773774857690,0.0878906,-0.216797,0.991211,-0.000532632,0,0.000532632
1773774857770,0.0898438,-0.214844,0.98877,0,-0.0015979,-0.000532632
1773774857841,0.0893555,-0.216309,0.989258,0,-0.000532632,0
1773774857921,0.0883789,-0.217773,0.989258,0,-0.000532632,0.0015979
1773774858002,0.0888672,-0.214844,0.989258,0.000532632,-0.00106526,0
1773774858072,0.0883789,-0.214355,0.989258,0.000532632,-0.000532632,0
1773774858153,0.0888672,-0.216797,0.98877,0.00106526,-0.000532632,-0.00106526
1773774858233,0.0898438,-0.216309,0.989746,-0.000532632,-0.000532632,0
1773774858304,0.0878906,-0.214844,0.989258,0,-0.000532632,-0.000532632
1773774858385,0.0888672,-0.215332,0.989746,0.000532632,0,0
1773774858465,0.0893555,-0.21582,0.989258,0,-0.000532632,0
1773774858539,0.0898438,-0.216309,0.991211,0.000532632,0.00106526,0.0015979
1773774858616,0.0888672,-0.214844,0.990234,-0.000532632,0,0.000532632
1773774858687,0.0883789,-0.216797,0.989258,0.00106526,0.000532632,-0.00106526
1773774858769,0.0883789,-0.216797,0.987305,0.000532632,0,0.00106526
1773774858848,0.0893555,-0.216797,0.990234,0,-0.000532632,0
1773774858918,0.090332,-0.216309,0.990723,0,0,-0.00106526
1773774858999,0.0898438,-0.216797,0.990723,0,-0.000532632,-0.00106526
1773774859071,0.0898438,-0.214355,0.991699,0,-0.000532632,0
1773774859150,0.0874023,-0.217285,0.990234,0.000532632,-0.000532632,-0.00106526
1773774859231,0.0888672,-0.215332,0.991699,0.000532632,-0.000532632,0
1773774859311,0.0878906,-0.216797,0.989258,-0.000532632,0,0.00106526
1773774859383,0.0878906,-0.214844,0.988281,0,0,0.000532632
1773774859466,0.0878906,-0.215332,0.989258,0,-0.000532632,-0.000532632
1773774859543,0.0888672,-0.214844,0.990723,-0.000532632,-0.00106526,-0.000532632
1773774859613,0.0874023,-0.217285,0.989746,-0.000532632,0,-0.000532632
1773774859694,0.0874023,-0.215332,0.988281,0,-0.000532632,0.000532632
1773774859774,0.0888672,-0.214355,0.990723,0,0.00106526,0.000532632
1773774859847,0.0883789,-0.214844,0.989746,0,-0.000532632,-0.000532632
1773774859925,0.0878906,-0.215332,0.990234,-0.000532632,-0.000532632,-0.000532632
1773774860006,0.0898438,-0.214355,0.990234,0.000532632,0,-0.00106526
1773774860077,0.0908203,-0.214844,0.990234,0.000532632,-0.000532632,-0.000532632
1773774860157,0.0878906,-0.215332,0.98877,-0.000532632,-0.00106526,-0.000532632
1773774860227,0.0898438,-0.216797,0.989746,0,-0.00106526,0
1773774860308,0.0883789,-0.214844,0.989746,-0.000532632,0.000532632,0
1773774860390,0.0874023,-0.216309,0.98877,0.000532632,0,0
1773774860462,0.0878906,-0.21582,0.987793,0.000532632,0.000532632,0.000532632
1773774860540,0.090332,-0.216309,0.989746,0.000532632,0.000532632,-0.000532632
1773774860620,0.0888672,-0.216797,0.989258,0.000532632,-0.0015979,0
1773774860691,0.0898438,-0.217285,0.989746,0,-0.000532632,-0.000532632
1773774860771,0.0878906,-0.214844,0.990723,0,-0.000532632,0
1773774860852,0.0874023,-0.215332,0.990234,0,0.000532632,-0.000532632
1773774860923,0.0908203,-0.216309,0.989746,-0.00106526,0,0.00106526
1773774861003,0.0888672,-0.215332,0.989746,0,-0.000532632,-0.000532632
1773774861084,0.0883789,-0.217285,0.991211,-0.00106526,-0.00106526,-0.000532632
1773774861154,0.0898438,-0.216309,0.989746,-0.000532632,-0.0015979,-0.000532632
1773774861235,0.0888672,-0.214355,0.98877,0,0.000532632,0.000532632
1773774861305,0.0878906,-0.215332,0.990234,0.00106526,0,-0.000532632
1773774861386,0.0883789,-0.214844,0.989746,0,-0.000532632,-0.000532632
1773774861466,0.0888672,-0.216309,0.989746,0.000532632,-0.0015979,-0.000532632
1773774861537,0.0893555,-0.216309,0.991211,0,-0.000532632,0
1773774861617,0.0883789,-0.214844,0.989258,-0.000532632,-0.00106526,0.000532632
1773774861698,0.0893555,-0.215332,0.989258,0,0,0
1773774861768,0.0878906,-0.214844,0.992188,0.000532632,-0.000532632,-0.0015979
1773774861849,0.090332,-0.216797,0.98877,0.000532632,0,-0.000532632
1773774861930,0.0893555,-0.212891,0.989746,-0.00106526,-0.000532632,0.000532632
1773774862000,0.0888672,-0.213867,0.990234,-0.000532632,0,0.000532632
1773774862080,0.0893555,-0.214355,0.990234,0,0,-0.00106526
1773774862152,0.0893555,-0.21582,0.989258,0,0.00106526,0.00106526
1773774862231,0.0883789,-0.213867,0.987793,0.000532632,0,-0.00106526
1773774862312,0.0864258,-0.215332,0.98877,-0.000532632,-0.0015979,0.000532632
1773774862392,0.0883789,-0.216309,0.989746,0.000532632,-0.00106526,0
1773774862464,0.0893555,-0.214844,0.989746,-0.00106526,-0.000532632,0.000532632
1773774862547,0.0883789,-0.215332,0.990723,0,-0.000532632,-0.000532632
1773774862614,0.0878906,-0.216797,0.988281,0.000532632,-0.000532632,-0.00106526
1773774862696,0.0888672,-0.214844,0.987305,-0.000532632,0,-0.000532632
1773774862776,0.0908203,-0.215332,0.990723,0.00106526,0,-0.00106526
1773774862847,0.0893555,-0.216309,0.988281,0,-0.00213053,-0.000532632
1773774862928,0.0893555,-0.216309,0.991699,0.000532632,0,0
1773774863007,0.0898438,-0.215332,0.98877,0.000532632,-0.000532632,0.000532632
1773774863078,0.0898438,-0.216797,0.990234,0,-0.000532632,0
1773774863158,0.0874023,-0.215332,0.987305,-0.00106526,-0.00106526,0
1773774863239,0.0913086,-0.214355,0.989746,-0.000532632,-0.000532632,0.000532632
1773774863309,0.0893555,-0.214355,0.987793,0,-0.000532632,0.00106526
1773774863390,0.0893555,-0.214844,0.989258,0.0015979,-0.00106526,-0.000532632
1773774863463,0.0883789,-0.215332,0.990234,0,-0.000532632,0
1773774863541,0.0883789,-0.214355,0.988281,0,-0.00106526,-0.000532632
1773774863621,0.0893555,-0.216309,0.990234,0,-0.00106526,-0.000532632
1773774863692,0.090332,-0.213867,0.989746,0.000532632,-0.00106526,0.000532632
1773774863773,0.0874023,-0.214355,0.991211,0,-0.0015979,0.000532632
1773774863853,0.0883789,-0.216797,0.989746,-0.000532632,-0.00106526,0.000532632
1773774863924,0.0908203,-0.216797,0.991211,-0.000532632,-0.000532632,0
1773774864005,0.0898438,-0.216797,0.989258,0.000532632,-0.000532632,-0.00106526
1773774864085,0.0898438,-0.213379,0.98877,0,-0.0015979,0.000532632
1773774864156,0.0883789,-0.213867,0.991211,0.000532632,-0.000532632,-0.00106526
1773774864236,0.0888672,-0.213867,0.991211,0.000532632,-0.00213053,-0.00106526
1773774864317,0.0898438,-0.213867,0.989258,0,-0.00106526,0
1773774864387,0.0913086,-0.214844,0.991211,0,-0.000532632,0.000532632
1773774864468,0.0883789,-0.217285,0.989746,0.000532632,0,0.00106526
1773774864548,0.0874023,-0.215332,0.990234,0,0,-0.000532632
1773774864619,0.0898438,-0.215332,0.990723,0.000532632,-0.000532632,0.000532632
1773774864702,0.0898438,-0.216309,0.989746,0.000532632,0.000532632,0.000532632
1773774864771,0.0888672,-0.216797,0.986816,-0.000532632,-0.000532632,0.000532632
1773774864851,0.090332,-0.215332,0.990723,0,-0.000532632,-0.000532632
1773774864931,0.0874023,-0.216309,0.989258,0,-0.000532632,-0.000532632
1773774865001,0.0908203,-0.216797,0.990234,-0.00106526,-0.00106526,0
1773774865082,0.0893555,-0.214355,0.991211,0,-0.000532632,0
1773774865162,0.0883789,-0.21582,0.987793,0,-0.000532632,0
1773774865233,0.0883789,-0.215332,0.990723,0,-0.00106526,0.000532632
1773774865313,0.0888672,-0.21582,0.990234,0,0,-0.000532632
1773774865394,0.0878906,-0.216309,0.991211,-0.000532632,-0.000532632,-0.00106526
1773774865464,0.0878906,-0.213867,0.990234,0,0,0.000532632
1773774865547,0.0898438,-0.215332,0.988281,-0.00106526,-0.00106526,0
1773774865626,0.0888672,-0.217773,0.988281,0.000532632,0,0.000532632
1773774865696,0.0898438,-0.216309,0.989258,0.000532632,0.000532632,0.000532632
1773774865777,0.0893555,-0.215332,0.987793,0.000532632,-0.00106526,0
1773774865857,0.0893555,-0.21582,0.990234,0.00106526,0,0.000532632
1773774865928,0.090332,-0.214355,0.990723,0.000532632,-0.00106526,-0.000532632
1773774866008,0.0893555,-0.214355,0.987305,0,-0.00106526,-0.000532632
1773774866089,0.0893555,-0.217285,0.988281,-0.000532632,-0.000532632,0.000532632
1773774866159,0.0888672,-0.215332,0.990723,0,-0.000532632,-0.000532632
1773774866240,0.0888672,-0.21582,0.991699,0,-0.000532632,0
1773774866310,0.0874023,-0.213379,0.990234,0.00106526,-0.00106526,-0.00106526
1773774866391,0.0888672,-0.21582,0.990234,0,-0.000532632,0
1773774866471,0.0888672,-0.216797,0.990723,-0.000532632,-0.00106526,-0.000532632
1773774866542,0.0893555,-0.216309,0.988281,0.000532632,-0.000532632,-0.000532632
1773774866622,0.0908203,-0.213379,0.989746,0.000532632,-0.000532632,-0.000532632
1773774866703,0.090332,-0.213867,0.989746,0,0,-0.000532632
1773774866773,0.0893555,-0.215332,0.98877,0,-0.000532632,0.00106526
1773774866854,0.0883789,-0.215332,0.991211,0,-0.00106526,-0.000532632
1773774866934,0.0888672,-0.216797,0.98877,-0.00106526,-0.00106526,0
1773774867005,0.0883789,-0.216797,0.990234,-0.00106526,-0.000532632,-0.00106526
1773774867086,0.0908203,-0.216309,0.990234,-0.0015979,0,-0.000532632
1773774867166,0.0893555,-0.214844,0.991211,-0.000532632,0,0
1773774867236,0.0878906,-0.215332,0.990723,-0.000532632,-0.000532632,-0.00106526
1773774867317,0.0883789,-0.216309,0.990234,-0.00106526,-0.00106526,0
1773774867397,0.0893555,-0.213867,0.989258,0.00106526,-0.0015979,-0.000532632
1773774867468,0.0883789,-0.213867,0.992676,0,-0.00106526,0
1773774867548,0.0878906,-0.215332,0.989746,0,-0.00106526,-0.000532632
1773774867619,0.0898438,-0.216309,0.990723,-0.00106526,-0.000532632,0.00106526
1773774867700,0.0898438,-0.217285,0.98877,0,-0.0015979,0
1773774867781,0.0898438,-0.215332,0.990234,-0.000532632,-0.000532632,0.000532632
1773774867851,0.0878906,-0.215332,0.989746,0,-0.000532632,-0.0015979
1773774867931,0.0883789,-0.216309,0.990723,0,-0.000532632,0.00106526
1773774868004,0.0878906,-0.216309,0.990723,0,0,0.000532632
1773774868084,0.0893555,-0.216309,0.989746,-0.000532632,-0.000532632,0.00106526
1773774868163,0.0893555,-0.216797,0.989746,0.000532632,-0.000532632,0
1773774868243,0.0888672,-0.215332,0.989746,0,-0.000532632,0.000532632
1773774868314,0.0874023,-0.214355,0.98877,0,-0.00106526,-0.000532632
1773774868395,0.0898438,-0.216309,0.989258,0,-0.000532632,0.000532632
1773774868475,0.0888672,-0.21582,0.989258,0,-0.00106526,-0.00106526
1773774868548,0.0883789,-0.216797,0.988281,0,-0.000532632,-0.000532632
1773774868626,0.090332,-0.215332,0.989746,0,-0.000532632,0.000532632
1773774868706,0.0883789,-0.214355,0.987793,-0.000532632,-0.000532632,-0.000532632
1773774868777,0.0898438,-0.21582,0.989258,0.000532632,-0.0015979,0
1773774868857,0.0878906,-0.216797,0.989746,-0.000532632,0,0
1773774868928,0.0898438,-0.21582,0.990234,-0.0015979,-0.0015979,0
1773774869008,0.0878906,-0.214355,0.989258,0.000532632,-0.000532632,0.00106526
1773774869090,0.0893555,-0.215332,0.98877,0,-0.000532632,-0.000532632
1773774869162,0.0898438,-0.213867,0.990234,0.000532632,-0.00106526,0.00106526
1773774869240,0.0888672,-0.214844,0.989258,0.000532632,-0.000532632,-0.00106526
1773774869321,0.090332,-0.217285,0.990234,-0.00106526,0,-0.000532632
1773774869391,0.0883789,-0.216309,0.989746,0.000532632,-0.0015979,0
1773774869472,0.0883789,-0.214844,0.98877,0.000532632,-0.000532632,-0.000532632
1773774869552,0.0878906,-0.215332,0.989746,0,-0.000532632,0.000532632
1773774869623,0.0893555,-0.217773,0.98877,0,-0.000532632,0
1773774869703,0.0883789,-0.215332,0.98877,0,-0.00106526,-0.00106526
1773774869784,0.0888672,-0.21582,0.991211,0.00106526,0.000532632,0
1773774869854,0.0893555,-0.214844,0.988281,0.000532632,0,0.000532632
1773774869935,0.0883789,-0.21582,0.991211,0.00106526,-0.000532632,-0.000532632
1773774870015,0.0878906,-0.214844,0.991211,0,-0.00106526,-0.000532632
1773774870086,0.0888672,-0.214355,0.988281,0,-0.0015979,0.000532632
1773774870166,0.0888672,-0.216797,0.989746,0.00106526,-0.00106526,0
1773774870237,0.0883789,-0.21582,0.988281,0,0,0
1773774870317,0.0878906,-0.215332,0.990234,0,-0.000532632,0
1773774870398,0.0883789,-0.21582,0.990723,0,-0.00106526,-0.00213053
1773774870468,0.0908203,-0.214844,0.989258,-0.000532632,0,0.00106526
1773774870549,0.0888672,-0.218262,0.98877,0.000532632,0,0
1773774870630,0.0888672,-0.215332,0.990234,-0.000532632,-0.000532632,-0.000532632
1773774870704,0.0893555,-0.216797,0.990723,0.000532632,-0.00106526,0
1773774870781,0.0878906,-0.215332,0.990723,-0.000532632,-0.000532632,-0.000532632
1773774870852,0.0893555,-0.214844,0.989258,0.000532632,-0.00213053,0
1773774870932,0.0893555,-0.214355,0.989746,0,-0.000532632,0
1773774871012,0.0888672,-0.216797,0.98877,0,0,0.000532632
1773774871093,0.0874023,-0.216797,0.989258,0.000532632,-0.000532632,-0.000532632
1773774871167,0.0898438,-0.216309,0.98877,0,-0.00106526,0
1773774871244,0.0878906,-0.217773,0.990723,-0.00106526,-0.000532632,0.000532632
1773774871315,0.0878906,-0.214844,0.990234,0.000532632,-0.000532632,-0.000532632
1773774871395,0.0874023,-0.214844,0.989258,-0.000532632,-0.000532632,0
1773774871475,0.0888672,-0.214844,0.989258,0.000532632,-0.000532632,0.000532632
1773774871546,0.0883789,-0.214844,0.98877,0,0,0
1773774871626,0.0908203,-0.216797,0.989258,0,0,0.000532632
1773774871707,0.0878906,-0.214844,0.989258,0,-0.00106526,-0.000532632
1773774871777,0.0898438,-0.214844,0.98877,0.000532632,-0.000532632,-0.00106526
1773774871861,0.0893555,-0.215332,0.990234,0.000532632,-0.000532632,0
1773774871929,0.0898438,-0.213867,0.986328,0.000532632,-0.0015979,-0.000532632
1773774872009,0.0893555,-0.214844,0.989258,0,0,0
1773774872090,0.0874023,-0.21582,0.990234,0,-0.000532632,-0.000532632
1773774872171,0.090332,-0.215332,0.989746,0.000532632,-0.000532632,0.000532632
1773774872241,0.0898438,-0.217285,0.989258,-0.000532632,-0.00106526,0.000532632
1773774872321,0.090332,-0.213379,0.989746,-0.000532632,-0.000532632,0
1773774872402,0.0893555,-0.21582,0.990723,0.000532632,-0.000532632,0
1773774872472,0.0888672,-0.213379,0.990234,0,0,-0.00106526
1773774872554,0.0888672,-0.21582,0.987793,0.000532632,-0.000532632,0
1773774872634,0.0874023,-0.216309,0.990234,-0.000532632,-0.000532632,0.00106526
1773774872704,0.0888672,-0.217285,0.988281,0,-0.000532632,-0.000532632
1773774872785,0.0874023,-0.216309,0.990234,0,-0.000532632,-0.000532632
1773774872856,0.0888672,-0.216309,0.988281,0,-0.000532632,0.000532632
1773774872936,0.0874023,-0.21582,0.990723,0.00106526,0,0.000532632
1773774873017,0.0888672,-0.216797,0.990234,-0.00106526,-0.000532632,0.00106526
1773774873087,0.0888672,-0.214844,0.987305,0.000532632,0,0
1773774873168,0.0883789,-0.216309,0.989746,-0.000532632,-0.0015979,0
1773774873248,0.0908203,-0.21582,0.990234,0.000532632,-0.00106526,-0.00106526
1773774873319,0.0888672,-0.215332,0.990234,-0.000532632,0,-0.000532632
1773774873399,0.0888672,-0.213379,0.989258,-0.00106526,-0.000532632,-0.00106526
1773774873480,0.0898438,-0.214844,0.990234,-0.000532632,-0.000532632,0
1773774873550,0.0893555,-0.21582,0.989746,0.000532632,-0.00106526,-0.000532632
1773774873631,0.0888672,-0.216309,0.987305,-0.000532632,-0.00106526,-0.000532632
1773774873711,0.0913086,-0.215332,0.98877,0.000532632,-0.00106526,0
1773774873782,0.0883789,-0.217773,0.989746,-0.00106526,-0.000532632,0
1773774873862,0.0898438,-0.217285,0.989258,0.000532632,0.000532632,0
1773774873933,0.0908203,-0.213867,0.989258,0,-0.000532632,0
1773774874013,0.090332,-0.21582,0.989746,0.000532632,0.000532632,0.000532632
1773774874094,0.0874023,-0.217285,0.98877,0,-0.00106526,0.000532632
1773774874165,0.0874023,-0.217285,0.987793,0.000532632,0,-0.000532632
1773774874245,0.0888672,-0.215332,0.98877,-0.000532632,0,0.000532632
1773774874326,0.0908203,-0.216797,0.990723,0.000532632,-0.0015979,0.000532632
1773774874396,0.0878906,-0.214355,0.990723,0.000532632,-0.000532632,-0.000532632
1773774874477,0.0888672,-0.214844,0.989258,0.0015979,-0.000532632,0.000532632
1773774874557,0.090332,-0.21582,0.989258,-0.000532632,-0.0015979,-0.00106526
1773774874628,0.0874023,-0.217285,0.989746,0.00106526,-0.000532632,0
1773774874708,0.0908203,-0.217285,0.989746,0.000532632,0,0.000532632
1773774874789,0.090332,-0.21582,0.989258,0,-0.000532632,-0.000532632
1773774874859,0.0898438,-0.21582,0.987305,-0.000532632,-0.000532632,0
1773774874940,0.0898438,-0.215332,0.987305,-0.00106526,0,-0.00106526
1773774875021,0.0874023,-0.215332,0.989258,0.000532632,-0.0015979,-0.000532632
1773774875091,0.090332,-0.216797,0.989258,0,0,0
1773774875172,0.0883789,-0.216309,0.98877,0.000532632,0,-0.000532632
1773774875242,0.0908203,-0.213379,0.990234,0,-0.00106526,0
1773774875323,0.0898438,-0.21582,0.990234,-0.000532632,-0.00213053,0.000532632
1773774875403,0.0878906,-0.216309,0.990234,-0.00106526,-0.000532632,0
1773774875475,0.0883789,-0.217773,0.989746,0,-0.00106526,0
1773774875554,0.0883789,-0.216309,0.990723,0,0.000532632,0
1773774875635,0.0898438,-0.21582,0.989746,-0.000532632,-0.00106526,0.000532632
1773774875705,0.0874023,-0.217285,0.990723,0,0,0
1773774875791,0.0888672,-0.213867,0.98877,-0.000532632,-0.000532632,-0.000532632
1773774875868,0.0908203,-0.21582,0.991699,0,0,0
1773774875938,0.0874023,-0.215332,0.98877,-0.000532632,-0.000532632,-0.000532632
1773774876018,0.0883789,-0.214355,0.990723,-0.000532632,0,0.000532632
1773774876099,0.0874023,-0.216797,0.990234,-0.000532632,-0.00106526,-0.000532632
1773774876169,0.0878906,-0.212891,0.991211,0,-0.00106526,-0.000532632
1773774876249,0.0893555,-0.216309,0.98877,0.000532632,-0.00106526,-0.000532632
1773774876330,0.0893555,-0.216309,0.990234,-0.00106526,-0.000532632,0
1773774876400,0.090332,-0.215332,0.987793,0,-0.0015979,-0.000532632
1773774876482,0.0888672,-0.215332,0.991211,-0.00106526,-0.000532632,-0.000532632
1773774876551,0.0883789,-0.215332,0.986328,0.000532632,-0.000532632,0
1773774876632,0.0893555,-0.21582,0.990234,0,-0.000532632,0.000532632
1773774876712,0.0878906,-0.216797,0.990234,0,-0.000532632,0.00106526
1773774876783,0.0878906,-0.215332,0.990234,-0.000532632,-0.000532632,-0.000532632
1773774876863,0.0878906,-0.216309,0.98877,0.00106526,0.000532632,-0.000532632
1773774876934,0.0878906,-0.216309,0.989258,0,-0.000532632,-0.000532632
1773774877015,0.0883789,-0.214844,0.990723,0,-0.000532632,-0.000532632
1773774877096,0.0878906,-0.214355,0.990723,-0.000532632,-0.00106526,0.000532632
1773774877167,0.090332,-0.216797,0.991211,0.00106526,0.000532632,0
1773774877246,0.0888672,-0.21582,0.990234,0.000532632,-0.000532632,0.000532632
1773774877327,0.0888672,-0.214844,0.990723,-0.000532632,-0.00106526,0
1773774877407,0.0893555,-0.216309,0.990234,0,0,-0.00106526
1773774877478,0.0878906,-0.216797,0.988281,0,-0.00106526,-0.00106526
1773774877562,0.090332,-0.216309,0.987305,-0.000532632,-0.000532632,0
1773774877639,0.0898438,-0.216309,0.98877,0.000532632,-0.00106526,0.000532632
1773774877709,0.090332,-0.217773,0.98877,-0.000532632,-0.00106526,0
1773774877791,0.0883789,-0.215332,0.989746,-0.000532632,-0.000532632,-0.000532632
1773774877860,0.0874023,-0.214355,0.990723,0,-0.000532632,0
1773774877941,0.090332,-0.214844,0.989746,-0.000532632,-0.00106526,-0.000532632
1773774878021,0.0878906,-0.21582,0.98877,0.000532632,-0.00106526,0
1773774878092,0.0893555,-0.215332,0.989258,-0.000532632,0,0
1773774878172,0.0883789,-0.216309,0.989258,0,-0.000532632,0
1773774878253,0.0888672,-0.217285,0.989746,0.00106526,0,0
1773774878323,0.0888672,-0.216309,0.989258,0.000532632,0.000532632,0
1773774878404,0.0888672,-0.21582,0.989746,0.000532632,0.000532632,0.000532632
1773774878485,0.0893555,-0.216309,0.990234,0.000532632,-0.000532632,-0.000532632
1773774878555,0.0888672,-0.216309,0.98877,0,-0.0015979,0.000532632
1773774878635,0.0878906,-0.213867,0.98877,0.00106526,-0.000532632,-0.00106526
1773774878716,0.0878906,-0.215332,0.989746,0,0.000532632,-0.000532632
1773774878786,0.0893555,-0.216797,0.991211,0,0,-0.00106526
1773774878868,0.090332,-0.216309,0.989746,0,-0.000532632,0
1773774878938,0.0883789,-0.217285,0.988281,0.000532632,-0.000532632,-0.00106526
1773774879019,0.0878906,-0.215332,0.989258,-0.000532632,-0.00106526,-0.0015979
1773774879099,0.0893555,-0.217285,0.990723,0,-0.000532632,-0.000532632
1773774879179,0.0893555,-0.212891,0.989258,0,-0.000532632,-0.00106526
1773774879250,0.0893555,-0.21582,0.989746,0.000532632,-0.00106526,-0.00106526
1773774879330,0.0883789,-0.214844,0.989746,0.000532632,0,-0.000532632
1773774879401,0.0874023,-0.217285,0.98877,0,-0.00106526,-0.00106526
1773774879482,0.0869141,-0.215332,0.987793,0.000532632,0,0
1773774879563,0.0888672,-0.216797,0.98877,-0.000532632,-0.00106526,0
1773774879632,0.0864258,-0.217773,0.98877,-0.00106526,-0.000532632,-0.000532632
1773774879714,0.0883789,-0.21582,0.989258,0.000532632,-0.000532632,-0.000532632
1773774879794,0.0898438,-0.215332,0.988281,0,-0.00106526,-0.000532632
1773774879864,0.0893555,-0.214844,0.990234,-0.000532632,-0.00106526,0
1773774879945,0.0898438,-0.216309,0.990234,-0.000532632,0,-0.00106526
1773774880025,0.0893555,-0.216309,0.990723,0,0.000532632,0
1773774880096,0.0883789,-0.216797,0.991211,0.000532632,0,0
1773774880176,0.0874023,-0.213867,0.991211,0.000532632,-0.00106526,0
1773774880247,0.0898438,-0.215332,0.990234,0,-0.00106526,-0.00106526
1773774880328,0.0898438,-0.216309,0.987793,0,0,-0.000532632
1773774880408,0.0893555,-0.21582,0.98877,-0.00106526,-0.000532632,0
1773774880479,0.090332,-0.215332,0.991211,0,-0.000532632,-0.00106526
1773774880559,0.0874023,-0.216309,0.989746,-0.000532632,0,0
1773774880640,0.090332,-0.21582,0.990723,0,-0.000532632,0
1773774880710,0.0888672,-0.216309,0.992188,0,-0.00106526,-0.000532632
1773774880791,0.0878906,-0.216309,0.989746,0.000532632,0.000532632,-0.000532632
1773774880871,0.0864258,-0.217773,0.989746,0,-0.000532632,0.000532632
1773774880942,0.0888672,-0.215332,0.990723,0,-0.000532632,0.000532632
1773774881022,0.0888672,-0.216797,0.988281,-0.000532632,-0.000532632,-0.000532632
1773774881103,0.0893555,-0.214355,0.989746,0.00106526,-0.00106526,-0.00106526
1773774881173,0.090332,-0.216797,0.989746,0.00106526,0,0
1773774881254,0.0883789,-0.21582,0.991211,-0.00106526,-0.000532632,-0.000532632
1773774881335,0.0878906,-0.21582,0.989746,-0.000532632,-0.000532632,0.0015979
1773774881405,0.0883789,-0.213379,0.988281,-0.000532632,-0.0015979,-0.000532632
1773774881486,0.0874023,-0.217773,0.989746,-0.000532632,-0.0015979,0
1773774881556,0.0898438,-0.215332,0.991211,0.000532632,-0.00106526,-0.000532632
1773774881637,0.0893555,-0.216797,0.989746,0,0,0
1773774881717,0.0888672,-0.215332,0.989258,-0.00106526,-0.000532632,-0.000532632
1773774881788,0.0893555,-0.21582,0.98877,-0.000532632,-0.00106526,0.000532632
1773774881870,0.0893555,-0.215332,0.98877,0,0,-0.000532632
1773774881949,0.0883789,-0.21582,0.989746,-0.00106526,-0.00106526,-0.000532632
1773774882019,0.0874023,-0.216797,0.987793,0.000532632,0,-0.000532632
1773774882100,0.0869141,-0.215332,0.991211,0,-0.000532632,-0.000532632
1773774882181,0.0898438,-0.21582,0.98877,-0.000532632,0.000532632,0.000532632
1773774882251,0.0874023,-0.217285,0.990234,-0.000532632,0,-0.000532632
1773774882331,0.0883789,-0.213867,0.98877,-0.000532632,-0.000532632,0.000532632
1773774882412,0.0878906,-0.215332,0.990234,-0.000532632,0,-0.000532632
1773774882482,0.0898438,-0.218262,0.990234,-0.00106526,-0.0015979,0
1773774882564,0.0878906,-0.214355,0.991699,0,-0.0015979,-0.000532632
1773774882643,0.0888672,-0.215332,0.991211,0.000532632,-0.000532632,0
1773774882714,0.090332,-0.21582,0.990234,0,-0.00106526,0.000532632
1773774882794,0.0893555,-0.215332,0.98877,0.000532632,-0.000532632,0
1773774882865,0.0874023,-0.214844,0.98877,0.00106526,-0.000532632,0
1773774882946,0.0888672,-0.215332,0.989258,0.000532632,-0.000532632,0.000532632
1773774883026,0.090332,-0.216309,0.990234,0,-0.000532632,-0.000532632
1773774883098,0.0869141,-0.21582,0.990723,0.000532632,-0.0015979,0
1773774883180,0.0888672,-0.216309,0.989746,-0.000532632,0,-0.00106526
1773774883258,0.0888672,-0.217285,0.992188,0,-0.000532632,-0.0015979
1773774883328,0.0893555,-0.215332,0.990234,-0.000532632,0,0
1773774883409,0.0878906,-0.214844,0.98877,0,-0.000532632,-0.00106526
1773774883489,0.0917969,-0.215332,0.988281,0,-0.000532632,-0.00106526
1773774883560,0.0859375,-0.214844,0.989258,-0.00106526,-0.000532632,0
1773774883640,0.0888672,-0.217773,0.990723,0,-0.0015979,0
1773774883721,0.0893555,-0.217285,0.987793,0.000532632,-0.000532632,0
1773774883791,0.0888672,-0.21582,0.990234,0.000532632,-0.00106526,0
1773774883872,0.0874023,-0.21582,0.988281,0,0,0
1773774883953,0.0908203,-0.214355,0.990723,-0.00106526,-0.000532632,0
1773774884023,0.0864258,-0.217773,0.989258,0,-0.000532632,0
1773774884104,0.0888672,-0.215332,0.991699,0,0.000532632,0
1773774884174,0.0893555,-0.215332,0.991211,-0.00106526,0,-0.000532632
1773774884255,0.0893555,-0.216797,0.989746,0.00106526,-0.00106526,-0.000532632
1773774884335,0.0883789,-0.21582,0.989258,0.000532632,-0.000532632,-0.000532632
1773774884406,0.0888672,-0.215332,0.991211,0.000532632,-0.00106526,-0.000532632
1773774884487,0.0874023,-0.218262,0.98877,0.000532632,-0.00106526,0
1773774884567,0.0888672,-0.216797,0.990234,0.000532632,0.000532632,-0.000532632
1773774884637,0.0893555,-0.21582,0.989746,0,-0.000532632,0
1773774884718,0.0888672,-0.214844,0.987305,0,-0.00106526,-0.00106526
1773774884789,0.0898438,-0.216309,0.990234,0.000532632,0,0.00106526
1773774884869,0.0883789,-0.218262,0.98877,-0.00106526,-0.000532632,-0.000532632
1773774884950,0.0898438,-0.216797,0.98877,0,-0.000532632,0.000532632
1773774885030,0.0888672,-0.215332,0.990234,-0.000532632,-0.00106526,0.000532632
1773774885101,0.0883789,-0.216309,0.989258,0,-0.000532632,-0.000532632
1773774885182,0.0908203,-0.214844,0.989746,0.000532632,0,-0.000532632
1773774885252,0.0893555,-0.213379,0.988281,0,-0.00106526,0.000532632
1773774885332,0.0888672,-0.215332,0.98877,0,-0.000532632,0
1773774885413,0.0893555,-0.217285,0.987793,0.000532632,-0.000532632,-0.000532632
1773774885483,0.0878906,-0.214844,0.989746,-0.000532632,-0.000532632,0
1773774885564,0.0893555,-0.217285,0.989746,0,-0.000532632,-0.000532632
1773774885644,0.0898438,-0.21582,0.990234,0.000532632,-0.00106526,0
1773774885715,0.0874023,-0.214844,0.989258,-0.000532632,-0.0015979,-0.0015979
1773774885795,0.0883789,-0.216309,0.989746,0.000532632,0,-0.000532632
1773774885876,0.0874023,-0.215332,0.989258,-0.000532632,-0.000532632,0
1773774885946,0.0874023,-0.215332,0.991699,0.000532632,0,0.00106526
1773774886029,0.0898438,-0.215332,0.989746,0,-0.000532632,-0.00106526
1773774886108,0.0898438,-0.214844,0.98877,0,-0.000532632,0
1773774886178,0.0893555,-0.21582,0.989258,0,-0.00106526,-0.000532632
1773774886259,0.0898438,-0.215332,0.989746,0,-0.000532632,-0.00106526
1773774886339,0.0869141,-0.214844,0.989258,0.000532632,-0.00106526,0.000532632
1773774886409,0.0883789,-0.21582,0.990234,-0.000532632,-0.000532632,-0.00106526
1773774886490,0.0878906,-0.214844,0.990234,0.000532632,0,0
1773774886563,0.090332,-0.216309,0.989258,-0.00106526,0,0
1773774886641,0.0883789,-0.216309,0.989746,0,-0.000532632,0
1773774886722,0.0898438,-0.216797,0.989746,0.000532632,0.000532632,-0.000532632
1773774886792,0.0874023,-0.215332,0.989746,-0.00106526,-0.000532632,-0.000532632
1773774886874,0.0878906,-0.216309,0.990234,0.000532632,0,0
1773774886953,0.0878906,-0.214844,0.990234,0,0,0
1773774887027,0.0888672,-0.214844,0.98877,0,-0.000532632,-0.00106526
1773774887104,0.0864258,-0.21582,0.989746,0,-0.00106526,0.00106526
1773774887177,0.0913086,-0.216797,0.989746,0,-0.000532632,0
1773774887255,0.0869141,-0.215332,0.987793,0,0,0.00106526
1773774887337,0.0878906,-0.213867,0.989258,0.000532632,-0.00106526,0
1773774887408,0.0883789,-0.215332,0.990234,-0.000532632,-0.000532632,0.00106526
1773774887488,0.0859375,-0.216309,0.989258,0.000532632,-0.00106526,0
1773774887570,0.0893555,-0.21582,0.98877,0.000532632,-0.00106526,-0.000532632
1773774887648,0.0883789,-0.213867,0.98877,0.000532632,-0.00106526,-0.00106526
1773774887720,0.0883789,-0.214355,0.989746,0,0,-0.000532632
1773774887800,0.0893555,-0.212891,0.990234,0,-0.000532632,0.00106526
1773774887870,0.0893555,-0.216309,0.989258,0.000532632,-0.000532632,0
1773774887950,0.0874023,-0.215332,0.989746,0,0.000532632,0.00106526
1773774888031,0.0898438,-0.21582,0.990234,0,-0.000532632,-0.000532632
1773774888101,0.0898438,-0.21582,0.98877,0,0,0
1773774888184,0.0888672,-0.213379,0.98877,0,-0.0015979,0.000532632
1773774888263,0.0898438,-0.217285,0.989258,0,-0.00106526,0
1773774888333,0.0869141,-0.214355,0.989746,0.000532632,-0.0015979,0
1773774888414,0.0874023,-0.216797,0.989746,-0.00106526,-0.00213053,0.000532632
1773774888495,0.0874023,-0.216309,0.990723,-0.000532632,-0.000532632,0
1773774888565,0.0898438,-0.216309,0.989746,0,-0.00106526,0
1773774888645,0.0888672,-0.215332,0.991211,0,-0.0015979,0
1773774888716,0.0874023,-0.214844,0.98877,-0.000532632,-0.00106526,0
1773774888799,0.0878906,-0.215332,0.98877,0,-0.00106526,0.000532632
1773774888878,0.0893555,-0.215332,0.989258,0.000532632,-0.000532632,0.00106526
1773774888950,0.0898438,-0.215332,0.989258,0.000532632,-0.000532632,-0.00106526
1773774889030,0.0893555,-0.214844,0.988281,-0.000532632,-0.000532632,-0.000532632
1773774889109,0.0883789,-0.215332,0.989258,0,-0.00106526,0.000532632
1773774889179,0.0893555,-0.214355,0.98877,0,-0.000532632,-0.000532632
1773774889260,0.0888672,-0.217285,0.991211,0.000532632,-0.000532632,0
1773774889340,0.0883789,-0.213867,0.989746,0.000532632,0,-0.000532632
1773774889411,0.0898438,-0.215332,0.989746,-0.000532632,0,0.000532632
1773774889492,0.0883789,-0.21582,0.990723,0.00106526,0,-0.000532632
1773774889573,0.0874023,-0.215332,0.990723,0,0,-0.000532632
1773774889642,0.0898438,-0.216309,0.989258,0.000532632,-0.00106526,0
1773774889723,0.0893555,-0.214355,0.989746,-0.00106526,-0.0015979,0.000532632
1773774889803,0.0893555,-0.21582,0.989746,0.000532632,-0.000532632,0
1773774889874,0.0888672,-0.215332,0.990723,0,0.000532632,0.000532632
1773774889954,0.0898438,-0.216797,0.989258,0,0,0.000532632
1773774890035,0.0878906,-0.215332,0.989746,0,-0.00106526,0
1773774890105,0.0908203,-0.214844,0.98877,0.000532632,-0.0015979,0.000532632
1773774890186,0.0893555,-0.21582,0.98877,-0.000532632,-0.00106526,0.000532632
1773774890266,0.0874023,-0.217285,0.989746,0,0,0.000532632
1773774890337,0.0874023,-0.214355,0.98877,-0.00106526,-0.000532632,-0.000532632
1773774890417,0.0878906,-0.21582,0.98877,0.00106526,-0.000532632,-0.00106526
1773774890498,0.0883789,-0.215332,0.98877,-0.000532632,0,0
1773774890568,0.0908203,-0.216797,0.991699,-0.000532632,-0.00106526,0
1773774890649,0.0883789,-0.214844,0.990723,0.000532632,-0.000532632,0
1773774890720,0.0883789,-0.214844,0.989746,0.000532632,-0.000532632,-0.00106526
1773774890800,0.0883789,-0.213867,0.990723,-0.000532632,-0.000532632,0
1773774890872,0.0883789,-0.216309,0.990234,0,0,0
1773774890951,0.0888672,-0.215332,0.989746,0,0,-0.000532632
1773774891032,0.0893555,-0.214844,0.989258,0.000532632,-0.0015979,0
1773774891112,0.0888672,-0.216309,0.989746,0.00106526,-0.000532632,0
1773774891184,0.0888672,-0.217285,0.990234,0,0,0
1773774891263,0.0883789,-0.216797,0.991211,-0.000532632,-0.000532632,0.000532632
1773774891344,0.0893555,-0.214355,0.989258,0,-0.000532632,0
1773774891414,0.090332,-0.215332,0.990723,0.00106526,-0.00106526,-0.00106526
1773774891495,0.0898438,-0.215332,0.990723,0.00106526,-0.000532632,0
1773774891575,0.0898438,-0.214844,0.987793,0,-0.000532632,-0.000532632
1773774891646,0.0893555,-0.213867,0.990234,0,-0.00106526,-0.00106526
1773774891726,0.0898438,-0.214355,0.991699,0,-0.000532632,0
1773774891807,0.0913086,-0.214844,0.991211,0.000532632,-0.00106526,0.00106526
1773774891878,0.0893555,-0.215332,0.989258,-0.000532632,-0.000532632,-0.00106526
1773774891958,0.0888672,-0.214844,0.992188,0.000532632,-0.000532632,0
1773774892038,0.090332,-0.21582,0.990723,0.000532632,-0.00106526,-0.000532632
1773774892109,0.0888672,-0.216797,0.989746,0.000532632,0,0.000532632
1773774892189,0.0883789,-0.215332,0.989746,-0.000532632,-0.000532632,0.000532632
1773774892260,0.090332,-0.213867,0.989746,0.00106526,0.000532632,0.000532632
1773774892340,0.0898438,-0.214844,0.989258,0,0,0
1773774892421,0.0883789,-0.214355,0.990723,-0.00106526,-0.000532632,0.000532632
1773774892493,0.0908203,-0.216309,0.989258,0,-0.00106526,-0.000532632
1773774892572,0.0893555,-0.21582,0.98877,0.000532632,-0.000532632,-0.000532632
1773774892652,0.0898438,-0.216309,0.991211,0,-0.000532632,0
1773774892723,0.0888672,-0.215332,0.98877,0.000532632,-0.000532632,0
1773774892807,0.0883789,-0.214355,0.990723,0,-0.000532632,-0.00106526
1773774892884,0.0898438,-0.214355,0.991211,-0.000532632,0,0.000532632
1773774892955,0.0893555,-0.213867,0.990723,0,-0.00106526,0.000532632
1773774893036,0.0869141,-0.214355,0.989746,0.000532632,-0.000532632,0
1773774893116,0.0883789,-0.215332,0.989746,0,0,0
1773774893186,0.0893555,-0.214844,0.989746,0,-0.000532632,0.00106526
1773774893268,0.0878906,-0.213867,0.989746,0.000532632,-0.000532632,0
1773774893347,0.0898438,-0.214844,0.991699,0.000532632,-0.0015979,0.000532632
1773774893418,0.0898438,-0.214844,0.991211,-0.000532632,-0.000532632,0
1773774893499,0.090332,-0.214355,0.989746,0,-0.000532632,0
1773774893569,0.090332,-0.215332,0.990234,0,-0.000532632,-0.00106526
1773774893649,0.0883789,-0.212891,0.989746,0,-0.000532632,-0.000532632
1773774893730,0.0874023,-0.213379,0.990234,0,0,0
1773774893800,0.0893555,-0.213867,0.990723,0,-0.000532632,0.000532632
1773774893881,0.0883789,-0.213379,0.991211,-0.00106526,-0.00106526,0
1773774893961,0.0898438,-0.215332,0.991211,-0.000532632,0,0.00106526
1773774894032,0.0888672,-0.216309,0.990723,-0.000532632,-0.00106526,0.000532632
1773774894113,0.0888672,-0.216797,0.991211,0.000532632,-0.000532632,0
1773774894193,0.090332,-0.212891,0.989746,0,0,0.000532632
1773774894264,0.0898438,-0.215332,0.990723,0,0,0
1773774894344,0.0893555,-0.215332,0.989746,-0.000532632,0.000532632,-0.00106526
1773774894416,0.0893555,-0.215332,0.990234,0.000532632,-0.000532632,0.000532632
1773774894495,0.0913086,-0.21582,0.989746,-0.00106526,-0.00106526,-0.000532632
1773774894576,0.090332,-0.214844,0.990234,0,-0.00106526,-0.00106526
1773774894647,0.0883789,-0.214844,0.990234,0,-0.00106526,-0.00106526
1773774894727,0.0893555,-0.21582,0.990234,-0.00106526,-0.000532632,-0.00106526
1773774894798,0.0908203,-0.215332,0.990723,0.000532632,-0.0015979,0
1773774894878,0.090332,-0.215332,0.990723,0,-0.000532632,-0.000532632
1773774894958,0.0874023,-0.213867,0.98877,0.00106526,-0.000532632,0
1773774895039,0.090332,-0.214844,0.990234,0,-0.000532632,0
1773774895109,0.0888672,-0.215332,0.988281,0,0,0.000532632
1773774895190,0.0874023,-0.214844,0.990234,0,0,-0.000532632
1773774895271,0.0888672,-0.216309,0.989258,0.00106526,-0.000532632,0.00106526
1773774895341,0.090332,-0.21582,0.989746,-0.000532632,-0.00106526,0.000532632
1773774895422,0.0888672,-0.21582,0.989746,0,-0.00106526,0
1773774895503,0.0874023,-0.216309,0.98877,0,0,0.000532632
1773774895574,0.0883789,-0.215332,0.987793,-0.00106526,-0.000532632,0
1773774895654,0.0893555,-0.215332,0.990723,0,-0.0015979,0.000532632
1773774895724,0.0878906,-0.217285,0.98877,0,-0.000532632,0
1773774895805,0.0883789,-0.215332,0.990234,-0.000532632,0,0
1773774895876,0.0878906,-0.215332,0.989746,0,0,-0.000532632
1773774895956,0.090332,-0.216309,0.987793,0,-0.000532632,0.000532632
1773774896037,0.0878906,-0.215332,0.988281,0.000532632,-0.00106526,-0.000532632
1773774896117,0.0878906,-0.214844,0.990723,0,-0.0015979,-0.0015979
1773774896190,0.0878906,-0.216797,0.990234,0,-0.00106526,0
1773774896269,0.0864258,-0.220215,0.990234,0.000532632,0,0.000532632
1773774896349,0.090332,-0.215332,0.98877,0,0,-0.00106526
1773774896419,0.0898438,-0.215332,0.989258,0.000532632,-0.000532632,-0.000532632
1773774896500,0.0893555,-0.214355,0.989746,-0.000532632,-0.000532632,0
1773774896580,0.0878906,-0.214355,0.989258,0.000532632,0,-0.000532632
1773774896651,0.0878906,-0.214844,0.989258,0,-0.00106526,0
1773774896731,0.0888672,-0.214844,0.989746,-0.000532632,-0.000532632,-0.000532632
1773774896812,0.0888672,-0.21582,0.98877,0.000532632,0,0.000532632
1773774896884,0.0898438,-0.217285,0.98877,0.000532632,-0.00106526,-0.000532632
1773774896963,0.090332,-0.213867,0.990234,0,-0.0015979,0
1773774897033,0.0898438,-0.216797,0.989746,0,-0.000532632,-0.000532632
1773774897114,0.090332,-0.216309,0.990723,-0.000532632,-0.000532632,-0.000532632
1773774897195,0.0874023,-0.214844,0.989746,0,-0.000532632,-0.000532632
1773774897265,0.0883789,-0.216797,0.991211,0.000532632,-0.000532632,0
1773774897346,0.0869141,-0.216797,0.987793,0.000532632,0.000532632,0
1773774897417,0.0888672,-0.213867,0.989258,0.000532632,-0.00106526,0
1773774897499,0.0898438,-0.21582,0.988281,0,0,0
1773774897578,0.0878906,-0.216797,0.989746,0,-0.000532632,0
1773774897659,0.0888672,-0.216797,0.989258,-0.000532632,-0.00106526,-0.000532632
1773774897729,0.0893555,-0.216309,0.990234,-0.00106526,0,0
1773774897810,0.0888672,-0.21582,0.987793,-0.000532632,-0.000532632,0.000532632
1773774897880,0.0898438,-0.212891,0.990234,-0.00106526,-0.00106526,0.00106526
1773774897961,0.0908203,-0.215332,0.98877,-0.00106526,-0.00106526,0
1773774898041,0.0878906,-0.216797,0.990723,0.000532632,0.000532632,0
1773774898112,0.0883789,-0.214844,0.990723,0,-0.000532632,0
1773774898193,0.090332,-0.21582,0.991699,0,-0.0015979,-0.000532632
1773774898274,0.090332,-0.215332,0.991211,0.000532632,-0.00106526,0.000532632
1773774898344,0.0883789,-0.21582,0.990723,0,-0.000532632,-0.00106526
1773774898424,0.0883789,-0.215332,0.989258,0,-0.00106526,0.000532632
1773774898505,0.0888672,-0.212891,0.990234,0,-0.0015979,-0.000532632
1773774898575,0.0893555,-0.216309,0.988281,0.000532632,-0.000532632,-0.000532632
1773774898656,0.0888672,-0.214355,0.989746,0,-0.00106526,0
1773774898736,0.0883789,-0.216309,0.992188,0,0.000532632,-0.000532632
1773774898810,0.0874023,-0.214844,0.990723,0.000532632,-0.000532632,0
1773774898888,0.0888672,-0.215332,0.989258,0,-0.00106526,0.000532632
1773774898958,0.0874023,-0.216309,0.989746,0.00106526,-0.00106526,-0.000532632
1773774899039,0.090332,-0.21582,0.989746,0.000532632,0,0.000532632
1773774899119,0.0888672,-0.215332,0.989258,0.00213053,-0.00106526,-0.000532632
1773774899190,0.0888672,-0.215332,0.990234,0,0,0
1773774899270,0.0883789,-0.213867,0.990723,0.000532632,-0.000532632,0.000532632
1773774899351,0.0878906,-0.217285,0.989746,-0.000532632,-0.00106526,0.000532632
1773774899421,0.0878906,-0.21582,0.988281,0,-0.000532632,0
1773774899502,0.0883789,-0.214355,0.98877,0.00106526,-0.00106526,0
1773774899582,0.0888672,-0.213867,0.988281,0,-0.0015979,-0.00106526
1773774899653,0.0898438,-0.21582,0.98877,0,-0.00106526,0.000532632
1773774899733,0.0893555,-0.21582,0.989746,0.000532632,0,0.000532632
1773774899814,0.0883789,-0.214844,0.989258,0.00106526,-0.000532632,0
1773774899885,0.0869141,-0.214844,0.98877,-0.000532632,-0.00106526,0
1773774899965,0.0893555,-0.216309,0.990723,0,-0.000532632,-0.000532632
1773774900045,0.0898438,-0.21582,0.989258,0.000532632,-0.00106526,0
1773774900116,0.0874023,-0.214844,0.990234,0,-0.00106526,0.00106526
1773774900196,0.0898438,-0.217773,0.989746,-0.000532632,0,0.000532632
1773774900268,0.090332,-0.215332,0.989258,0.000532632,-0.000532632,0
1773774900348,0.0893555,-0.215332,0.990723,0.000532632,-0.000532632,0
1773774900428,0.0908203,-0.217773,0.991699,0,-0.0015979,0
1773774900499,0.0898438,-0.214844,0.989746,-0.000532632,-0.000532632,0
1773774900579,0.0917969,-0.216797,0.98877,0.000532632,0.000532632,0
1773774900660,0.0893555,-0.216309,0.98877,-0.000532632,-0.00106526,0
1773774900730,0.0878906,-0.214844,0.989258,-0.000532632,-0.0015979,-0.00106526
1773774900811,0.0888672,-0.21582,0.990723,-0.000532632,-0.00106526,0
1773774900891,0.0888672,-0.213867,0.989258,0,0,0.000532632
1773774900962,0.0874023,-0.215332,0.991699,0,-0.000532632,-0.00106526
1773774901043,0.0913086,-0.21582,0.989746,0,-0.00106526,-0.00106526
1773774901123,0.0893555,-0.213867,0.990723,-0.00106526,-0.000532632,-0.00106526
1773774901193,0.0913086,-0.215332,0.990234,0.000532632,0,0.000532632
1773774901274,0.0893555,-0.214355,0.989746,0,-0.000532632,0.000532632
1773774901354,0.0888672,-0.215332,0.989258,0.00213053,-0.000532632,-0.00106526
1773774901426,0.0883789,-0.216309,0.98877,0.000532632,0,-0.000532632
1773774901506,0.0874023,-0.21582,0.989746,0.000532632,-0.00106526,-0.000532632
1773774901577,0.0888672,-0.216797,0.989746,-0.000532632,-0.00106526,0
1773774901657,0.0883789,-0.215332,0.989746,0,-0.0015979,-0.000532632
1773774901738,0.0908203,-0.215332,0.990234,-0.000532632,-0.000532632,-0.000532632
1773774901808,0.0864258,-0.215332,0.989746,0.00106526,0,0
1773774901889,0.0878906,-0.216797,0.988281,0,-0.000532632,0
1773774901969,0.0888672,-0.217773,0.98877,-0.00106526,-0.000532632,0
1773774902040,0.0883789,-0.21582,0.989746,0.000532632,-0.00106526,-0.00106526
1773774902120,0.0888672,-0.21582,0.991211,0.00106526,-0.00106526,-0.000532632
1773774902201,0.0893555,-0.215332,0.990723,0.000532632,-0.00106526,0.000532632
1773774902271,0.0878906,-0.214844,0.989746,0.000532632,-0.0015979,0.000532632
1773774902352,0.0883789,-0.216309,0.991699,-0.000532632,-0.0015979,0
1773774902433,0.0893555,-0.216309,0.989258,0,-0.000532632,-0.000532632
1773774902503,0.0908203,-0.214355,0.989258,-0.000532632,-0.000532632,-0.0015979
1773774902584,0.0888672,-0.21582,0.991699,0,-0.000532632,0
1773774902654,0.0888672,-0.21582,0.990723,-0.000532632,-0.00106526,-0.000532632
1773774902735,0.0893555,-0.21582,0.988281,0.00106526,-0.000532632,0.000532632
1773774902815,0.0898438,-0.21582,0.987793,0.000532632,-0.00106526,0
1773774902886,0.0888672,-0.217285,0.991699,0,-0.000532632,-0.0015979
1773774902966,0.090332,-0.215332,0.990723,0.000532632,-0.0015979,0
1773774903047,0.0883789,-0.214844,0.990234,0,0,-0.000532632
1773774903117,0.0893555,-0.215332,0.990234,0.000532632,-0.00106526,0
1773774903198,0.0893555,-0.21582,0.992188,-0.000532632,-0.00106526,-0.000532632
1773774903278,0.0908203,-0.214844,0.990234,-0.00106526,-0.00106526,-0.000532632
1773774903350,0.090332,-0.213867,0.989746,0.000532632,-0.000532632,0
1773774903429,0.0878906,-0.21582,0.990723,0.000532632,-0.000532632,0.00106526
1773774903511,0.0874023,-0.216309,0.988281,0.0015979,-0.000532632,0
1773774903581,0.0888672,-0.215332,0.990234,0.000532632,-0.000532632,0
1773774903661,0.0883789,-0.216309,0.989746,-0.000532632,0,0.000532632
1773774903742,0.0898438,-0.216309,0.989258,-0.000532632,0.000532632,-0.000532632
1773774903812,0.0888672,-0.21582,0.992188,0.000532632,0.000532632,0
1773774903893,0.0888672,-0.213867,0.991211,0,-0.000532632,0
1773774903963,0.090332,-0.21582,0.98877,0.000532632,0,0
1773774904044,0.0893555,-0.21582,0.991699,0,-0.00106526,0
1773774904124,0.0874023,-0.216309,0.990234,0,-0.000532632,0.000532632
1773774904195,0.0893555,-0.213867,0.991211,0,-0.000532632,-0.000532632
1773774904277,0.0883789,-0.215332,0.990234,0,-0.00106526,0
1773774904356,0.090332,-0.213379,0.990723,-0.000532632,-0.000532632,0
1773774904426,0.0888672,-0.215332,0.990723,0.000532632,0,-0.000532632
1773774904508,0.0898438,-0.214355,0.990723,-0.000532632,-0.000532632,0.000532632
1773774904588,0.0869141,-0.216797,0.989258,-0.000532632,-0.00106526,0
1773774904658,0.0893555,-0.21582,0.990234,-0.000532632,-0.00106526,0
1773774904739,0.0883789,-0.214355,0.98877,0,-0.00106526,0
1773774904819,0.0878906,-0.215332,0.989258,0,0,0
1773774904890,0.0888672,-0.21582,0.988281,0,-0.00106526,0
1773774904970,0.0898438,-0.218262,0.990234,0.000532632,-0.000532632,0
1773774905051,0.090332,-0.21582,0.990723,0,0.000532632,0.000532632
1773774905121,0.0883789,-0.216797,0.989746,0,0,0.000532632
1773774905202,0.0888672,-0.215332,0.989258,0,-0.000532632,-0.00106526
1773774905273,0.0893555,-0.215332,0.989258,0,-0.00106526,-0.000532632
1773774905353,0.0869141,-0.215332,0.988281,-0.000532632,-0.00106526,-0.000532632
1773774905433,0.0908203,-0.214355,0.988281,0,-0.000532632,-0.00106526
1773774905504,0.0888672,-0.214844,0.989258,0,-0.000532632,-0.000532632
1773774905585,0.0893555,-0.214355,0.991211,0,-0.000532632,-0.00213053
1773774905665,0.0888672,-0.214844,0.990234,0,-0.00106526,-0.00106526
1773774905736,0.090332,-0.215332,0.991699,0,-0.0015979,0
1773774905816,0.0893555,-0.213379,0.989258,0.000532632,-0.00106526,0
1773774905896,0.0888672,-0.216797,0.989258,-0.000532632,-0.00106526,0
1773774905967,0.0883789,-0.217773,0.989746,0,-0.0015979,-0.000532632
1773774906048,0.0893555,-0.21582,0.990723,0,-0.000532632,0
1773774906128,0.0883789,-0.21582,0.989258,0,-0.000532632,0.000532632
1773774906199,0.0888672,-0.217285,0.988281,-0.00106526,-0.000532632,0.000532632
1773774906279,0.0883789,-0.213379,0.990723,0.000532632,-0.00106526,-0.000532632
1773774906360,0.0898438,-0.21582,0.990723,0,0,0
1773774906430,0.0888672,-0.215332,0.98877,0.000532632,-0.00106526,0.00106526
1773774906511,0.0888672,-0.21582,0.990723,-0.000532632,0.000532632,-0.0015979
1773774906581,0.090332,-0.215332,0.990723,0.000532632,-0.000532632,0.000532632
1773774906662,0.090332,-0.21582,0.990234,0.00106526,-0.000532632,0.00106526
1773774906743,0.0878906,-0.21582,0.990234,-0.00106526,-0.00106526,-0.000532632
1773774906813,0.0893555,-0.217285,0.990723,0.000532632,-0.000532632,-0.00106526
1773774906894,0.090332,-0.213867,0.989746,0,0,-0.00106526
1773774906974,0.0893555,-0.214844,0.98877,-0.000532632,0,-0.000532632
1773774907045,0.0878906,-0.215332,0.990234,0.000532632,-0.000532632,-0.000532632
1773774907125,0.0898438,-0.214844,0.989258,-0.000532632,-0.000532632,-0.000532632
1773774907206,0.0893555,-0.214355,0.990723,0,0,0
1773774907277,0.0898438,-0.216797,0.990723,0,0,-0.000532632
1773774907357,0.0878906,-0.216309,0.991211,0,-0.0015979,0.000532632
1773774907438,0.0908203,-0.214355,0.990234,-0.000532632,-0.00106526,0
1773774907511,0.090332,-0.214844,0.989746,0.00106526,0,0.000532632
1773774907589,0.0878906,-0.216309,0.989746,0,0,-0.00106526
1773774907669,0.0878906,-0.215332,0.990723,0.00106526,-0.00106526,0
1773774907740,0.0869141,-0.216797,0.989746,-0.000532632,-0.000532632,-0.000532632
1773774907823,0.0874023,-0.215332,0.98877,-0.000532632,-0.000532632,0.000532632
1773774907901,0.0893555,-0.21582,0.990234,-0.000532632,0,-0.000532632
1773774907972,0.0883789,-0.217285,0.988281,-0.00106526,-0.000532632,0
1773774908052,0.0893555,-0.212891,0.992188,0,0,0
1773774908122,0.0898438,-0.21582,0.991699,-0.000532632,-0.00106526,0
1773774908203,0.0883789,-0.214844,0.991211,-0.000532632,-0.00106526,-0.00106526
1773774908284,0.0888672,-0.213867,0.989746,-0.000532632,-0.000532632,0.000532632
1773774908354,0.0883789,-0.215332,0.988281,0.00106526,-0.000532632,0.000532632
1773774908435,0.0898438,-0.21582,0.988281,-0.000532632,-0.000532632,0
1773774908515,0.0888672,-0.214844,0.989746,0.000532632,-0.00106526,0
1773774908585,0.0898438,-0.216309,0.989746,0,-0.000532632,0
1773774908666,0.0898438,-0.214355,0.989746,-0.000532632,-0.00106526,0
1773774908746,0.090332,-0.215332,0.989258,-0.000532632,-0.000532632,-0.000532632
1773774908818,0.0883789,-0.216797,0.990234,-0.000532632,-0.000532632,-0.000532632
1773774908897,0.0922852,-0.217285,0.989746,0,-0.00106526,-0.000532632
1773774908978,0.0893555,-0.214844,0.990234,0.000532632,0,0.00106526
1773774909048,0.0878906,-0.217285,0.989258,0.000532632,-0.00106526,-0.000532632
1773774909129,0.0888672,-0.215332,0.989746,0.00106526,0,0
1773774909210,0.0878906,-0.213867,0.990723,0.000532632,-0.000532632,-0.000532632
1773774909280,0.0898438,-0.214355,0.98877,-0.000532632,-0.000532632,-0.00106526
1773774909361,0.0883789,-0.21582,0.990234,-0.000532632,-0.000532632,-0.000532632
1773774909441,0.0883789,-0.212891,0.989746,0,0,0.000532632
1773774909512,0.0878906,-0.216797,0.987305,-0.000532632,-0.00106526,0
1773774909592,0.0874023,-0.216797,0.98877,0.000532632,-0.00106526,0
1773774909666,0.0888672,-0.214355,0.989258,0,-0.00106526,-0.000532632
1773774909743,0.0908203,-0.213867,0.990234,0.000532632,-0.00106526,0
1773774909824,0.0874023,-0.21582,0.98877,-0.00106526,-0.000532632,-0.00106526
1773774909898,0.0893555,-0.214355,0.989746,-0.000532632,-0.00106526,0
1773774909976,0.0864258,-0.21582,0.990723,0.000532632,-0.00106526,0
1773774910057,0.0898438,-0.214355,0.990723,0.000532632,-0.000532632,-0.000532632
1773774910127,0.0883789,-0.215332,0.989258,0,-0.00106526,-0.000532632
1773774910207,0.0883789,-0.214355,0.990723,0.000532632,-0.00106526,-0.000532632
1773774910288,0.0888672,-0.216797,0.989746,0.000532632,-0.00106526,0.000532632
1773774910358,0.0888672,-0.214844,0.989746,-0.000532632,-0.0015979,0.0015979
1773774910440,0.0888672,-0.214844,0.989746,-0.000532632,-0.000532632,0
1773774910509,0.0898438,-0.214844,0.989258,0.000532632,-0.000532632,0.0015979
1773774910590,0.0888672,-0.215332,0.989746,0.00106526,-0.000532632,0
1773774910670,0.0878906,-0.217285,0.989746,0,-0.00106526,0.00106526
1773774910741,0.0878906,-0.214844,0.98877,0.000532632,-0.000532632,-0.00106526
1773774910821,0.0888672,-0.216309,0.990723,0,-0.000532632,-0.000532632
1773774910902,0.0883789,-0.214844,0.990723,-0.000532632,-0.00106526,0.00106526
1773774910972,0.0859375,-0.215332,0.990723,-0.000532632,-0.00106526,-0.000532632
1773774911053,0.0898438,-0.216309,0.989258,0,0,-0.00106526
1773774911133,0.090332,-0.214844,0.990234,0.00106526,-0.00106526,-0.000532632
1773774911204,0.0913086,-0.214355,0.990234,0.000532632,0,0.000532632
1773774911285,0.0883789,-0.214844,0.990234,-0.000532632,-0.00106526,-0.000532632
1773774911365,0.0888672,-0.216797,0.989746,0,-0.000532632,0.00106526
1773774911436,0.0869141,-0.217285,0.988281,0.000532632,-0.000532632,-0.00106526
1773774911518,0.0888672,-0.214844,0.988281,-0.000532632,0,-0.000532632
1773774911597,0.0874023,-0.214844,0.98877,0,0,-0.000532632
1773774911667,0.0878906,-0.21582,0.990723,0,-0.00106526,0.000532632
1773774911748,0.0893555,-0.216309,0.991699,-0.000532632,0.000532632,0
1773774911820,0.0878906,-0.215332,0.990234,0.000532632,-0.000532632,-0.000532632
1773774911899,0.0869141,-0.21582,0.989746,0.00106526,-0.000532632,0
1773774911980,0.0874023,-0.214355,0.991699,0,-0.000532632,-0.000532632
1773774912050,0.0888672,-0.21582,0.990234,0,-0.0015979,0.000532632
1773774912131,0.0898438,-0.21582,0.98877,-0.000532632,-0.00106526,0.00106526
1773774912211,0.0869141,-0.213867,0.990234,0.000532632,-0.000532632,0.000532632
1773774912282,0.090332,-0.216309,0.990234,-0.000532632,0,0.000532632
1773774912364,0.0898438,-0.216309,0.989258,-0.000532632,0,0.000532632
1773774912443,0.0898438,-0.215332,0.988281,0.000532632,-0.000532632,0
1773774912513,0.0878906,-0.214355,0.989258,0,-0.00213053,-0.000532632
1773774912594,0.0888672,-0.21582,0.988281,0.000532632,-0.000532632,0
1773774912675,0.0888672,-0.214844,0.990723,0.000532632,0.000532632,-0.00106526
1773774912745,0.0898438,-0.214355,0.989258,0,0,-0.000532632
1773774912826,0.090332,-0.216797,0.989258,0,0,0.00106526
1773774912907,0.090332,-0.21582,0.98877,0,-0.0015979,0
1773774912978,0.0878906,-0.21582,0.989746,0.000532632,-0.00106526,0
1773774913058,0.0898438,-0.21582,0.990723,0,0.000532632,-0.000532632
1773774913128,0.0898438,-0.214844,0.98877,-0.00106526,-0.000532632,0
1773774913209,0.0888672,-0.216309,0.989746,0.00106526,0.000532632,-0.00106526
1773774913289,0.0898438,-0.217285,0.989746,0.00106526,-0.000532632,0.000532632
1773774913360,0.0883789,-0.214355,0.991211,0.000532632,0,-0.000532632
1773774913440,0.0888672,-0.215332,0.989746,0,0,-0.000532632
1773774913521,0.0878906,-0.215332,0.98877,-0.000532632,-0.000532632,0
1773774913591,0.090332,-0.214844,0.990723,-0.00106526,-0.00106526,-0.000532632
1773774913672,0.0883789,-0.216309,0.988281,0.000532632,-0.000532632,-0.00213053
1773774913753,0.0883789,-0.214355,0.990234,-0.00106526,-0.00106526,0
1773774913824,0.0874023,-0.214844,0.987793,0.000532632,0,0
1773774913904,0.0893555,-0.213379,0.992188,-0.000532632,0,0
1773774913984,0.0878906,-0.214844,0.987793,0,-0.000532632,0
1773774914055,0.0883789,-0.216309,0.990234,0,-0.000532632,-0.000532632
1773774914135,0.0893555,-0.21582,0.989746,0,-0.00106526,0.000532632
1773774914206,0.0898438,-0.214844,0.989746,0.000532632,-0.000532632,0
1773774914287,0.0888672,-0.21582,0.991699,0,-0.00106526,0
1773774914367,0.0898438,-0.215332,0.989258,0.000532632,0,0
1773774914437,0.0893555,-0.21582,0.990234,-0.00106526,-0.000532632,-0.000532632
1773774914519,0.0888672,-0.214355,0.990234,0,-0.000532632,0.000532632
1773774914599,0.0898438,-0.21582,0.989746,0.00106526,-0.0015979,0.000532632
1773774914671,0.0898438,-0.21582,0.989746,-0.000532632,-0.0015979,0
1773774914751,0.090332,-0.214355,0.991211,0,0,0.000532632
1773774914830,0.0908203,-0.216309,0.990234,-0.000532632,-0.000532632,-0.000532632
1773774914901,0.0883789,-0.215332,0.991211,0,0.000532632,-0.000532632
1773774914981,0.0878906,-0.214355,0.989746,0.000532632,0,-0.0015979
1773774915062,0.0883789,-0.215332,0.990723,0,-0.00106526,0
1773774915132,0.0888672,-0.216309,0.989746,-0.000532632,-0.000532632,0
1773774915213,0.0878906,-0.213379,0.989746,0,-0.00106526,-0.000532632
1773774915284,0.0888672,-0.21582,0.990723,-0.000532632,-0.000532632,-0.00106526
1773774915365,0.0888672,-0.21582,0.989746,0.000532632,0,0.000532632
1773774915445,0.0888672,-0.21582,0.989746,-0.000532632,-0.000532632,-0.00106526
1773774915516,0.090332,-0.215332,0.989746,0,-0.000532632,0
1773774915597,0.0883789,-0.217285,0.990234,0.000532632,-0.00106526,-0.00106526
1773774915677,0.0913086,-0.216797,0.991211,-0.000532632,-0.00106526,0
1773774915747,0.0888672,-0.214355,0.987793,0,-0.00106526,0.000532632
1773774915828,0.0883789,-0.21582,0.989258,0.000532632,-0.000532632,0.000532632
1773774915908,0.0888672,-0.21582,0.990234,0.000532632,-0.000532632,-0.000532632
1773774915979,0.0883789,-0.215332,0.989746,0.000532632,-0.000532632,-0.00106526
1773774916059,0.0888672,-0.216797,0.988281,0.000532632,0,0
1773774916140,0.0908203,-0.214844,0.991211,-0.000532632,-0.000532632,0.000532632
1773774916210,0.0898438,-0.21582,0.990723,0,-0.00106526,0.000532632
1773774916292,0.0898438,-0.216309,0.988281,0.000532632,-0.000532632,-0.000532632
1773774916372,0.090332,-0.216309,0.990723,-0.000532632,-0.000532632,-0.000532632
1773774916443,0.0898438,-0.214355,0.991699,-0.000532632,-0.000532632,0
1773774916524,0.0913086,-0.21582,0.989746,-0.00106526,-0.000532632,0.000532632
1773774916594,0.0883789,-0.21582,0.98877,0.000532632,-0.00106526,-0.000532632
1773774916674,0.0888672,-0.216309,0.990234,0,-0.00106526,-0.000532632
1773774916755,0.0883789,-0.214844,0.990234,0,0,0.000532632
1773774916826,0.0893555,-0.216309,0.989746,0.000532632,-0.00106526,-0.000532632
1773774916906,0.0883789,-0.214844,0.989258,0,-0.000532632,-0.00106526
1773774916986,0.0898438,-0.214844,0.989258,0.000532632,0,-0.00106526
1773774917057,0.0888672,-0.21582,0.988281,0,-0.000532632,0
1773774917137,0.0893555,-0.214844,0.992188,0.000532632,-0.000532632,0.000532632
1773774917218,0.0893555,-0.212891,0.991699,0,-0.00106526,-0.000532632
1773774917289,0.0893555,-0.216309,0.990723,0,-0.000532632,0
1773774917369,0.0883789,-0.215332,0.989258,0.000532632,0,-0.000532632
1773774917450,0.0878906,-0.214844,0.989746,-0.000532632,-0.00106526,0
1773774917520,0.0888672,-0.21582,0.990234,0.000532632,-0.00106526,-0.000532632
1773774917601,0.0888672,-0.216797,0.986328,0,-0.000532632,-0.000532632
1773774917681,0.090332,-0.216797,0.990723,0.000532632,-0.0015979,0.000532632
1773774917755,0.0888672,-0.214844,0.988281,0.000532632,-0.00106526,0
1773774917833,0.0874023,-0.216797,0.98877,0.000532632,-0.00106526,0
1773774917904,0.0888672,-0.21582,0.988281,-0.000532632,0,-0.00106526
1773774917983,0.0888672,-0.217285,0.98877,0.000532632,-0.000532632,-0.000532632
1773774918066,0.0888672,-0.214844,0.98877,-0.0015979,-0.000532632,0
1773774918134,0.0883789,-0.21582,0.989746,0.000532632,-0.0015979,0.00106526
1773774918215,0.0874023,-0.214355,0.98877,0,-0.000532632,0
1773774918296,0.0893555,-0.214844,0.990723,0.000532632,-0.000532632,-0.00106526
1773774918366,0.0874023,-0.216797,0.989746,0,-0.00106526,0.000532632
1773774918447,0.0888672,-0.216309,0.989746,0,-0.00106526,-0.000532632
1773774918527,0.0869141,-0.214355,0.990723,0,0,-0.000532632
1773774918598,0.0883789,-0.21582,0.989746,0,-0.000532632,-0.000532632
1773774918680,0.0874023,-0.216797,0.990723,-0.00106526,-0.00106526,0
1773774918759,0.0898438,-0.214355,0.990234,0,0,0
1773774918829,0.0888672,-0.214844,0.990234,-0.00106526,-0.000532632,0.00106526
1773774918912,0.0908203,-0.21582,0.98877,-0.000532632,-0.000532632,0
1773774918981,0.0874023,-0.214355,0.990723,0,-0.0015979,-0.000532632
1773774919061,0.0893555,-0.214844,0.990723,0.000532632,0,-0.000532632
1773774919141,0.0913086,-0.21582,0.990723,0.00106526,-0.000532632,-0.000532632
1773774919212,0.0908203,-0.214844,0.990234,0.000532632,-0.000532632,0.000532632
1773774919293,0.0908203,-0.216797,0.990234,-0.00106526,-0.000532632,0
1773774919373,0.0888672,-0.214844,0.990234,0,-0.00106526,-0.000532632
1773774919444,0.0874023,-0.215332,0.992188,0.000532632,-0.000532632,0.000532632
1773774919524,0.0898438,-0.213867,0.991211,0.000532632,-0.00106526,0.000532632
1773774919605,0.0893555,-0.213867,0.98877,-0.000532632,-0.000532632,0.000532632
1773774919675,0.0898438,-0.214355,0.989746,-0.00106526,-0.000532632,0.000532632
1773774919756,0.0898438,-0.215332,0.990234,0,-0.00106526,-0.000532632
1773774919837,0.0898438,-0.214844,0.98877,0,-0.000532632,0.000532632
1773774919907,0.0917969,-0.215332,0.989746,0.000532632,-0.000532632,0.000532632
1773774919987,0.0893555,-0.215332,0.990234,0,-0.00106526,-0.000532632
1773774920068,0.0878906,-0.215332,0.989258,-0.00106526,0,-0.000532632
1773774920139,0.0888672,-0.212891,0.989746,0,0,0.000532632
1773774920219,0.0888672,-0.21582,0.991699,0.000532632,-0.00106526,0.00106526
1773774920289,0.0913086,-0.21582,0.987793,-0.000532632,-0.000532632,0.00106526
1773774920370,0.0893555,-0.214844,0.990723,0,-0.000532632,0.000532632
1773774920451,0.090332,-0.214844,0.989258,0.000532632,0,-0.000532632
1773774920523,0.0883789,-0.213379,0.990723,0.00106526,0,0
1773774920602,0.0878906,-0.214844,0.988281,0,0,-0.000532632
1773774920683,0.0888672,-0.214355,0.989258,0,-0.000532632,-0.000532632
1773774920753,0.0874023,-0.214844,0.990723,0,-0.00106526,-0.00106526
1773774920834,0.0883789,-0.214844,0.990234,0.00106526,-0.000532632,-0.000532632
1773774920914,0.0878906,-0.215332,0.989746,0,0,0
1773774920985,0.0888672,-0.214355,0.990234,-0.000532632,-0.000532632,-0.000532632
1773774921065,0.0888672,-0.216309,0.989258,0.000532632,0,0.000532632
1773774921146,0.0888672,-0.215332,0.989258,0,0.00106526,-0.00106526
1773774921216,0.0888672,-0.218262,0.989258,0,0.000532632,-0.000532632
1773774921297,0.0888672,-0.214844,0.990723,0.000532632,-0.000532632,0.00106526
1773774921367,0.0893555,-0.215332,0.990234,0,-0.00106526,-0.000532632
1773774921448,0.0864258,-0.214844,0.990723,0.000532632,-0.000532632,0
1773774921528,0.0908203,-0.216309,0.989258,-0.000532632,-0.000532632,0
1773774921599,0.0893555,-0.215332,0.989746,0.000532632,0,0
1773774921679,0.0878906,-0.214844,0.989746,0,0,0.000532632
1773774921760,0.0893555,-0.214355,0.990234,-0.000532632,-0.000532632,-0.000532632
1773774921832,0.0898438,-0.214844,0.989746,0.000532632,-0.000532632,0.000532632
1773774921911,0.0874023,-0.217773,0.990234,0.00106526,-0.000532632,0
1773774921992,0.0874023,-0.216309,0.989258,-0.000532632,-0.00106526,-0.00106526
1773774922062,0.0878906,-0.216797,0.989746,0.000532632,0,0
1773774922144,0.0893555,-0.213379,0.990234,-0.000532632,-0.0015979,0
1773774922224,0.0888672,-0.215332,0.990723,0,-0.00106526,0.00106526
1773774922294,0.0888672,-0.214355,0.98877,0.000532632,-0.000532632,-0.0015979
1773774922375,0.0908203,-0.215332,0.991211,0.000532632,-0.000532632,0
1773774922455,0.0883789,-0.216309,0.990723,0.0015979,0,0
1773774922529,0.090332,-0.216309,0.98877,0.000532632,0,0
1773774922606,0.0888672,-0.215332,0.991699,0.000532632,0,0
1773774922677,0.0888672,-0.212891,0.990234,-0.000532632,0.000532632,0.000532632
1773774922757,0.0893555,-0.216797,0.991699,0.00106526,-0.00106526,-0.000532632
1773774922837,0.0893555,-0.216309,0.989258,0.000532632,-0.00106526,0.000532632
1773774922911,0.0869141,-0.216309,0.990234,0.00106526,0.000532632,0.000532632
1773774922988,0.0908203,-0.216309,0.98877,0,0,-0.0015979
1773774923069,0.0898438,-0.217285,0.989746,0,0.00106526,-0.000532632
1773774923140,0.0878906,-0.217285,0.990234,0,-0.000532632,-0.000532632
1773774923220,0.0893555,-0.214355,0.990234,-0.000532632,-0.00106526,-0.000532632
1773774923301,0.0888672,-0.21582,0.990723,0.000532632,-0.000532632,0.000532632
1773774923371,0.0883789,-0.21582,0.991699,0,-0.000532632,0
1773774923452,0.0869141,-0.216797,0.989746,0.00106526,0,0
1773774923522,0.0878906,-0.216309,0.988281,0,-0.0015979,-0.0015979
1773774923603,0.0869141,-0.214355,0.987305,-0.000532632,-0.000532632,-0.000532632
1773774923683,0.0878906,-0.21582,0.989746,0.000532632,-0.000532632,-0.0015979
1773774923764,0.0893555,-0.216797,0.990234,0,0,0
1773774923834,0.0893555,-0.213867,0.990723,0,-0.0015979,0
1773774923915,0.0888672,-0.216797,0.989258,0,-0.000532632,0
1773774923985,0.0893555,-0.21582,0.988281,0,-0.000532632,-0.000532632
1773774924066,0.0878906,-0.215332,0.98877,0,0,0.00106526
1773774924146,0.0908203,-0.215332,0.98877,0.000532632,-0.000532632,-0.000532632
1773774924217,0.0898438,-0.215332,0.991699,0.00106526,0.000532632,-0.00106526
1773774924297,0.0888672,-0.214355,0.991699,0.000532632,0,0.000532632
1773774924378,0.0888672,-0.216797,0.989746,0.000532632,-0.0015979,0.000532632
1773774924448,0.0874023,-0.21582,0.990723,-0.000532632,-0.00106526,0
1773774924529,0.0869141,-0.216309,0.990234,0,-0.000532632,0.000532632
1773774924609,0.0874023,-0.21582,0.990723,-0.00106526,-0.00106526,-0.000532632
1773774924680,0.090332,-0.215332,0.989746,0,-0.00106526,0
1773774924760,0.0888672,-0.216797,0.989258,0,-0.000532632,0
1773774924841,0.0878906,-0.21582,0.990723,0,-0.000532632,0
1773774924911,0.0893555,-0.21582,0.989746,0,-0.000532632,0.000532632
1773774924992,0.0864258,-0.217773,0.988281,0.000532632,0,0.000532632
1773774925073,0.0893555,-0.214844,0.989258,0,-0.00106526,-0.00106526
1773774925143,0.0888672,-0.218262,0.988281,0.00106526,-0.00106526,0.0015979
1773774925224,0.0878906,-0.215332,0.989258,0.00106526,-0.000532632,0.000532632
1773774925294,0.0883789,-0.215332,0.98877,0,0,-0.000532632
1773774925375,0.0878906,-0.216797,0.990723,-0.0015979,-0.000532632,0
1773774925456,0.0878906,-0.215332,0.988281,-0.000532632,0,-0.000532632
1773774925526,0.0878906,-0.21582,0.989258,-0.000532632,-0.00106526,0
1773774925606,0.0883789,-0.214355,0.991211,0,-0.000532632,0.000532632
1773774925688,0.0874023,-0.214355,0.988281,-0.000532632,-0.00106526,0.000532632
1773774925757,0.0893555,-0.216797,0.987305,-0.000532632,0,0
1773774925839,0.0888672,-0.216797,0.991211,0,-0.000532632,0
1773774925919,0.0893555,-0.216309,0.989746,0,-0.00106526,-0.000532632
1773774925989,0.0878906,-0.216797,0.989258,0.000532632,-0.000532632,-0.000532632
1773774926070,0.0859375,-0.215332,0.990234,0,-0.000532632,0.000532632
1773774926150,0.0883789,-0.216797,0.989746,0,-0.00106526,0
1773774926220,0.0893555,-0.216309,0.98877,-0.0015979,0,0
1773774926301,0.0898438,-0.215332,0.991211,0,0,-0.0015979
1773774926381,0.0888672,-0.216797,0.989258,0,0,-0.00106526
1773774926454,0.0893555,-0.217285,0.987793,0.000532632,0,0
1773774926533,0.0878906,-0.215332,0.98877,-0.000532632,-0.000532632,0
1773774926603,0.0888672,-0.216797,0.989746,-0.000532632,0,0
1773774926683,0.0874023,-0.215332,0.990723,0.00106526,-0.000532632,-0.000532632
1773774926764,0.0883789,-0.214844,0.990723,0,0,0
1773774926836,0.0878906,-0.214844,0.989746,0.000532632,-0.000532632,0.000532632
1773774926915,0.0883789,-0.214355,0.987305,0.000532632,-0.00106526,0
1773774926996,0.0893555,-0.213867,0.988281,0,-0.0015979,-0.00106526
1773774927067,0.0869141,-0.217285,0.989258,0,0.000532632,0
1773774927148,0.0874023,-0.215332,0.990234,0.000532632,-0.00106526,-0.000532632
1773774927227,0.0878906,-0.214844,0.98877,0.000532632,-0.00106526,0.000532632
1773774927298,0.0893555,-0.217773,0.990723,-0.000532632,-0.0015979,-0.000532632
1773774927379,0.0883789,-0.213867,0.98877,-0.000532632,-0.000532632,-0.000532632
1773774927459,0.090332,-0.21582,0.98877,0.000532632,-0.000532632,-0.000532632
1773774927530,0.0864258,-0.214844,0.988281,0,0.000532632,0.000532632
1773774927610,0.0859375,-0.215332,0.989258,-0.000532632,0.000532632,0.000532632
1773774927684,0.0869141,-0.214844,0.98877,0.000532632,-0.00106526,0
1773774927761,0.0883789,-0.217285,0.98877,0,-0.000532632,0
1773774927844,0.0898438,-0.215332,0.988281,-0.000532632,0,-0.000532632
1773774927912,0.0869141,-0.214844,0.988281,0.000532632,0.000532632,0
1773774927993,0.0874023,-0.217773,0.990723,-0.000532632,-0.00106526,0.000532632
1773774928073,0.0888672,-0.216309,0.989258,-0.00106526,-0.00106526,0
1773774928144,0.0883789,-0.216309,0.990234,0,-0.00106526,0.000532632
1773774928224,0.0898438,-0.21582,0.98877,-0.000532632,0,0
1773774928305,0.0859375,-0.213379,0.989258,0,0,-0.000532632
1773774928376,0.0893555,-0.216309,0.991211,0,0,-0.000532632
1773774928456,0.0883789,-0.216309,0.989746,0,-0.000532632,0
1773774928537,0.090332,-0.214844,0.98877,0,-0.00106526,0.000532632
1773774928607,0.0888672,-0.215332,0.988281,0,0,0
1773774928688,0.0898438,-0.215332,0.990723,0.000532632,0,0.000532632
1773774928768,0.0874023,-0.213867,0.989746,0,-0.00106526,-0.00106526
1773774928839,0.0898438,-0.214355,0.989258,0.000532632,-0.00106526,0
1773774928919,0.0898438,-0.214844,0.987305,0.000532632,-0.000532632,-0.00106526
1773774928990,0.0888672,-0.21582,0.989746,0,0,0.00106526
1773774929072,0.0898438,-0.215332,0.98877,-0.000532632,0,-0.000532632
1773774929152,0.0898438,-0.213867,0.989746,0,-0.000532632,-0.0015979
1773774929222,0.0878906,-0.216309,0.988281,-0.000532632,-0.000532632,0
1773774929304,0.0878906,-0.216309,0.98877,0.000532632,-0.000532632,0.0015979
1773774929382,0.0893555,-0.216797,0.989746,0.000532632,-0.000532632,0
1773774929454,0.0893555,-0.213379,0.988281,0.00106526,-0.000532632,0
1773774929534,0.0908203,-0.21582,0.98877,-0.000532632,0,-0.00106526
1773774929614,0.0878906,-0.214355,0.989258,0.000532632,-0.000532632,-0.00106526
1773774929684,0.0913086,-0.216797,0.988281,0.000532632,0,-0.000532632
1773774929765,0.0893555,-0.216797,0.989746,0,0,-0.000532632
1773774929846,0.0878906,-0.215332,0.987793,0.000532632,-0.000532632,0.00106526
1773774929916,0.0898438,-0.216309,0.989258,-0.000532632,0,0
1773774929997,0.0893555,-0.21582,0.990234,0.000532632,-0.000532632,0.000532632
1773774930067,0.0878906,-0.216797,0.990234,-0.000532632,0,0.00106526
1773774930148,0.0898438,-0.217773,0.989746,0,-0.0015979,0.00106526
1773774930228,0.0883789,-0.21582,0.989746,-0.000532632,-0.000532632,0.00106526
1773774930299,0.0888672,-0.214844,0.988281,0,-0.000532632,0
1773774930379,0.0888672,-0.214355,0.98877,0.000532632,0,-0.000532632
1773774930460,0.0883789,-0.215332,0.990234,0.00106526,-0.000532632,0.000532632
1773774930530,0.0898438,-0.21582,0.989746,-0.000532632,-0.00106526,-0.00106526
1773774930611,0.0893555,-0.213379,0.988281,-0.000532632,-0.000532632,-0.00106526
1773774930691,0.0883789,-0.216797,0.987793,-0.000532632,-0.00106526,0
1773774930762,0.0908203,-0.216309,0.988281,0,-0.00106526,-0.00106526
1773774930843,0.0888672,-0.213379,0.989258,0,0,-0.000532632
1773774930923,0.0888672,-0.213867,0.987793,0.000532632,-0.000532632,0.000532632
1773774930993,0.0883789,-0.216309,0.98877,-0.00106526,-0.000532632,0.000532632
1773774931074,0.0898438,-0.215332,0.98877,0,-0.000532632,-0.000532632
1773774931155,0.0888672,-0.216309,0.989258,0,-0.00106526,0.000532632
1773774931226,0.0878906,-0.21875,0.987793,-0.000532632,0,-0.000532632
1773774931307,0.0888672,-0.216797,0.987305,0,-0.000532632,0.000532632
1773774931386,0.0893555,-0.216309,0.990723,0.00106526,-0.000532632,0.000532632
1773774931457,0.0898438,-0.218262,0.988281,0,-0.00106526,-0.00106526
1773774931537,0.0869141,-0.21582,0.991211,0.000532632,0,0.000532632
1773774931608,0.0893555,-0.214844,0.988281,0,-0.00106526,0
1773774931688,0.0893555,-0.216309,0.989746,-0.000532632,0,-0.000532632
1773774931769,0.0893555,-0.216797,0.990234,0,-0.000532632,-0.00106526
1773774931839,0.0893555,-0.215332,0.987793,-0.00106526,0,-0.000532632
1773774931920,0.0888672,-0.214355,0.989258,0.00106526,-0.000532632,-0.000532632
1773774932000,0.0893555,-0.216797,0.989258,-0.000532632,-0.0015979,0.000532632
1773774932071,0.090332,-0.216309,0.989746,0,-0.000532632,0.000532632
1773774932151,0.0893555,-0.215332,0.991699,0,-0.00106526,0
1773774932232,0.0883789,-0.216309,0.988281,-0.000532632,0,0
1773774932302,0.0898438,-0.213379,0.986816,0.0015979,-0.0015979,0.000532632
1773774932384,0.0898438,-0.213867,0.988281,0,0,0.000532632
1773774932463,0.0869141,-0.217285,0.990234,0,-0.000532632,-0.000532632
1773774932534,0.0883789,-0.215332,0.990234,-0.00106526,0,0
1773774932614,0.0888672,-0.217285,0.990723,0.000532632,-0.000532632,-0.000532632
1773774932687,0.0893555,-0.216309,0.98877,0,-0.00106526,-0.000532632
1773774932765,0.0888672,-0.215332,0.989258,-0.000532632,-0.00106526,-0.000532632
1773774932846,0.0878906,-0.21582,0.987305,-0.000532632,-0.00106526,-0.000532632
1773774932916,0.0874023,-0.216309,0.98877,0.000532632,-0.000532632,-0.000532632
1773774932997,0.0883789,-0.216309,0.98877,0.000532632,-0.00106526,0.000532632
1773774933078,0.0883789,-0.217285,0.992676,-0.000532632,-0.0015979,-0.000532632
1773774933151,0.0898438,-0.21582,0.990723,0.000532632,-0.00106526,0.000532632
1773774933229,0.0883789,-0.217773,0.98877,-0.000532632,-0.00106526,0
1773774933310,0.0874023,-0.21582,0.989746,0,0,0.000532632
1773774933380,0.0874023,-0.21582,0.989746,-0.000532632,-0.00106526,0
1773774933461,0.0898438,-0.216797,0.989746,0.000532632,0,0.000532632
1773774933541,0.0888672,-0.216309,0.989258,0.000532632,-0.0015979,0.000532632
1773774933611,0.0898438,-0.21582,0.989746,0.000532632,0,0.000532632
1773774933692,0.0869141,-0.218262,0.991699,-0.000532632,-0.000532632,0
1773774933772,0.0893555,-0.217773,0.991211,0,0,-0.000532632
1773774933843,0.0883789,-0.215332,0.989746,0,0,0.000532632
1773774933924,0.0874023,-0.216309,0.987305,0.00106526,-0.000532632,0
1773774934004,0.0883789,-0.21582,0.989746,0,-0.000532632,0
1773774934076,0.0922852,-0.214844,0.990234,-0.000532632,0,0
1773774934155,0.0893555,-0.21582,0.989746,0,0,0.00106526
1773774934226,0.0888672,-0.216309,0.989258,-0.00106526,-0.000532632,0.000532632
1773774934310,0.0893555,-0.216797,0.988281,-0.000532632,0,-0.00106526
1773774934387,0.0893555,-0.217285,0.989746,-0.000532632,0,-0.000532632
1773774934457,0.0893555,-0.217285,0.989258,-0.00106526,-0.000532632,-0.000532632
1773774934538,0.0913086,-0.214844,0.991211,0.000532632,-0.000532632,0.000532632
1773774934618,0.0888672,-0.214844,0.991699,0,0,-0.000532632
1773774934689,0.0883789,-0.217285,0.988281,0,-0.00106526,0
1773774934769,0.0883789,-0.21582,0.989258,0,-0.00106526,-0.000532632
1773774934841,0.0883789,-0.216797,0.988281,0.000532632,-0.00106526,-0.000532632
1773774934920,0.0878906,-0.21582,0.989258,0.000532632,-0.000532632,-0.000532632
1773774935001,0.0888672,-0.216309,0.988281,-0.000532632,-0.000532632,-0.000532632
1773774935081,0.0888672,-0.216309,0.989746,0,-0.00106526,-0.0015979
1773774935152,0.090332,-0.216309,0.990234,0.000532632,-0.00106526,-0.000532632
1773774935232,0.090332,-0.215332,0.991211,0.000532632,-0.000532632,0.000532632
1773774935313,0.0893555,-0.217285,0.990723,0.000532632,-0.00106526,0
1773774935384,0.0864258,-0.21582,0.987793,0.000532632,0,0.000532632
1773774935464,0.0893555,-0.214844,0.990234,0,-0.0015979,0
1773774935535,0.0878906,-0.216309,0.990723,0.000532632,-0.000532632,0
1773774935615,0.0883789,-0.213379,0.989746,0.00106526,0,0
1773774935698,0.0874023,-0.214844,0.98877,0,-0.0015979,-0.000532632
1773774935766,0.0874023,-0.216797,0.990723,0,-0.000532632,0
1773774935848,0.090332,-0.215332,0.989258,0.000532632,-0.000532632,0
1773774935928,0.0893555,-0.215332,0.988281,-0.000532632,-0.00106526,-0.0015979
1773774935998,0.0878906,-0.216797,0.990234,-0.000532632,-0.00106526,-0.00106526
1773774936080,0.0869141,-0.213867,0.991211,0,-0.000532632,0
1773774936160,0.0878906,-0.215332,0.986816,0,0,-0.000532632
1773774936229,0.0893555,-0.21582,0.989746,0.00106526,-0.000532632,0
1773774936310,0.090332,-0.21582,0.989258,0.000532632,-0.00106526,-0.00106526
1773774936390,0.0893555,-0.21582,0.988281,0,-0.000532632,0.00106526
1773774936461,0.0883789,-0.217285,0.989746,0.00106526,0,0.00106526
1773774936541,0.0869141,-0.214355,0.990723,0.00106526,0,0
1773774936622,0.0898438,-0.213867,0.990234,0.000532632,0,-0.000532632
1773774936692,0.090332,-0.215332,0.98877,0,-0.000532632,0.000532632
1773774936773,0.0878906,-0.215332,0.988281,0,-0.00106526,-0.000532632
1773774936845,0.0874023,-0.214844,0.98877,0,-0.00106526,0
1773774936925,0.090332,-0.216309,0.989258,0,-0.000532632,-0.000532632
1773774937006,0.0893555,-0.216797,0.988281,0,0,0
1773774937075,0.0864258,-0.214355,0.989258,-0.00106526,-0.00106526,0
1773774937157,0.0883789,-0.215332,0.990723,-0.000532632,-0.00106526,0
1773774937236,0.0869141,-0.214844,0.98877,0.00106526,0.000532632,-0.00106526
1773774937308,0.0878906,-0.215332,0.990234,-0.00106526,-0.00106526,0
1773774937388,0.0893555,-0.214355,0.989258,0,-0.00106526,-0.000532632
1773774937468,0.0878906,-0.213379,0.98877,0,-0.00106526,-0.000532632
1773774937539,0.0883789,-0.216797,0.988281,0.00106526,-0.000532632,-0.000532632
1773774937619,0.0898438,-0.218262,0.989746,0.000532632,-0.000532632,-0.000532632
1773774937699,0.0888672,-0.216797,0.989746,0.000532632,-0.000532632,0
1773774937770,0.0898438,-0.215332,0.98877,-0.00106526,0,-0.00106526
1773774937852,0.0888672,-0.216309,0.988281,0,0,-0.000532632
1773774937931,0.0888672,-0.217285,0.98877,0.00106526,-0.00106526,0
1773774938001,0.0878906,-0.215332,0.990234,-0.000532632,-0.000532632,-0.00106526
1773774938082,0.0883789,-0.214844,0.987793,0,-0.00106526,-0.000532632
1773774938154,0.0893555,-0.215332,0.989258,0.000532632,-0.000532632,0
1773774938233,0.0878906,-0.217285,0.990723,0,-0.00106526,-0.00106526
1773774938314,0.0883789,-0.216309,0.989258,-0.000532632,0,0.000532632
1773774938385,0.0883789,-0.216797,0.991211,0.000532632,-0.00106526,-0.000532632
1773774938465,0.0893555,-0.216309,0.989746,-0.000532632,0,0
1773774938545,0.0898438,-0.21582,0.991699,0.000532632,0,-0.000532632
1773774938616,0.0874023,-0.21582,0.990723,0,-0.00106526,-0.000532632
1773774938696,0.0898438,-0.21582,0.989746,0.000532632,0,-0.000532632
1773774938777,0.0883789,-0.217773,0.990723,0,-0.0015979,0
1773774938847,0.0878906,-0.216797,0.989746,0,-0.000532632,-0.00106526
1773774938928,0.0888672,-0.21582,0.989746,0,-0.000532632,0.000532632
1773774939008,0.0893555,-0.213867,0.989746,0,0,0
1773774939079,0.0888672,-0.214844,0.987793,0,-0.00213053,-0.000532632
1773774939160,0.0869141,-0.216797,0.989258,0.000532632,-0.000532632,-0.000532632
1773774939240,0.0888672,-0.214355,0.988281,0.000532632,-0.00106526,-0.000532632
1773774939310,0.090332,-0.214355,0.989746,-0.000532632,-0.00106526,0
1773774939391,0.0888672,-0.217285,0.989258,0,-0.0015979,-0.000532632
1773774939461,0.0908203,-0.215332,0.988281,0.000532632,-0.000532632,0
1773774939542,0.090332,-0.216309,0.98877,0,-0.00106526,0.000532632
1773774939623,0.0883789,-0.215332,0.989258,0,-0.00106526,0
1773774939695,0.0878906,-0.21582,0.988281,0,-0.00106526,-0.0015979
1773774939775,0.0888672,-0.215332,0.98877,0,0,-0.000532632
1773774939854,0.090332,-0.214844,0.989746,-0.000532632,0,-0.000532632
1773774939927,0.0898438,-0.215332,0.98877,-0.000532632,-0.0015979,-0.000532632
1773774940006,0.0898438,-0.213867,0.987305,0,-0.00106526,-0.000532632
1773774940078,0.0893555,-0.216309,0.986816,0,-0.000532632,-0.000532632
1773774940157,0.0864258,-0.216797,0.989258,-0.000532632,0,0.00106526
1773774940237,0.090332,-0.214844,0.987793,0,-0.000532632,0
1773774940318,0.0888672,-0.213867,0.98877,0,-0.000532632,0
1773774940388,0.0888672,-0.216309,0.989258,0.000532632,-0.000532632,0
1773774940471,0.0874023,-0.213379,0.989746,0.00106526,0,-0.000532632
1773774940540,0.0898438,-0.217773,0.988281,0,-0.00106526,0.000532632
1773774940620,0.0883789,-0.216309,0.989258,0,-0.00106526,0
1773774940700,0.0874023,-0.21582,0.98877,0,-0.000532632,-0.000532632
1773774940771,0.0888672,-0.21582,0.988281,0,-0.000532632,0
1773774940852,0.0883789,-0.216309,0.990234,0,-0.00106526,-0.000532632
1773774940934,0.090332,-0.216797,0.989258,0,0,0.000532632
1773774941003,0.0883789,-0.215332,0.98877,0,-0.000532632,0
1773774941086,0.0874023,-0.216797,0.987305,-0.000532632,-0.000532632,0
1773774941155,0.0888672,-0.214844,0.990234,0.00106526,-0.00106526,0.000532632
1773774941234,0.0898438,-0.218262,0.989746,-0.0015979,-0.00106526,-0.000532632
1773774941315,0.0898438,-0.216309,0.989258,0.0015979,-0.000532632,0
1773774941385,0.0888672,-0.216309,0.987793,0.000532632,-0.000532632,-0.00106526
1773774941466,0.0898438,-0.216797,0.98877,0,-0.00106526,0.000532632
1773774941546,0.0893555,-0.21582,0.989746,0,-0.0015979,0.00106526
1773774941617,0.0883789,-0.217773,0.990234,-0.00106526,-0.000532632,0
1773774941697,0.0898438,-0.214355,0.98877,0.000532632,0,0
1773774941778,0.0878906,-0.214844,0.988281,0.000532632,-0.000532632,0
1773774941851,0.0893555,-0.21582,0.989258,-0.000532632,-0.000532632,0
1773774941929,0.0878906,-0.215332,0.989746,0.000532632,-0.00106526,0.000532632
1773774942010,0.0878906,-0.216309,0.989746,0,0,-0.000532632
1773774942081,0.0888672,-0.215332,0.98877,0,0,-0.00106526
1773774942161,0.090332,-0.215332,0.989258,0,0,-0.000532632
1773774942242,0.0898438,-0.215332,0.988281,0.000532632,-0.0015979,0.00106526
1773774942313,0.0883789,-0.216797,0.987305,0,-0.000532632,0
1773774942393,0.0893555,-0.215332,0.990234,0.000532632,-0.00106526,0.0015979
1773774942474,0.0898438,-0.216797,0.989258,0,-0.000532632,-0.000532632
1773774942544,0.0878906,-0.215332,0.987793,0.000532632,-0.000532632,0.00106526
1773774942624,0.0869141,-0.216797,0.988281,0,-0.000532632,0
1773774942695,0.0878906,-0.216309,0.989258,0,-0.000532632,0
1773774942776,0.0893555,-0.216797,0.98877,-0.000532632,-0.000532632,-0.0015979
1773774942857,0.0908203,-0.216797,0.990723,-0.000532632,-0.000532632,0.000532632
1773774942927,0.0878906,-0.214355,0.98877,0,-0.000532632,0.00106526
1773774943007,0.0888672,-0.214355,0.988281,-0.000532632,0.000532632,0
1773774943089,0.0893555,-0.218262,0.989746,0,-0.000532632,-0.00106526
1773774943159,0.0878906,-0.216309,0.98877,-0.000532632,0.00106526,0
1773774943239,0.0883789,-0.21582,0.987793,0.000532632,-0.000532632,-0.000532632
1773774943320,0.0878906,-0.216797,0.989258,0,-0.0015979,0.000532632
1773774943390,0.0883789,-0.213867,0.989258,-0.000532632,-0.00106526,0
1773774943471,0.0878906,-0.214844,0.990234,0,-0.000532632,-0.00106526
1773774943552,0.0893555,-0.214844,0.989258,0.000532632,-0.00106526,0
1773774943622,0.0883789,-0.216797,0.990234,-0.000532632,-0.000532632,0.000532632
1773774943702,0.0888672,-0.215332,0.991699,-0.000532632,-0.00106526,0
1773774943783,0.0893555,-0.21582,0.989746,0,-0.00106526,-0.000532632
1773774943855,0.0883789,-0.214844,0.990234,0,-0.000532632,-0.000532632
1773774943934,0.0874023,-0.21582,0.990234,0,-0.00266316,-0.000532632
1773774944004,0.0869141,-0.214355,0.991699,0,0.00106526,-0.0015979
1773774944085,0.0898438,-0.215332,0.989258,0.000532632,-0.000532632,0
1773774944167,0.0888672,-0.214844,0.989258,0,-0.00106526,-0.00106526
1773774944236,0.0878906,-0.215332,0.991699,-0.000532632,-0.000532632,-0.0015979
1773774944317,0.0888672,-0.214355,0.992188,0,-0.000532632,0.000532632
1773774944397,0.0878906,-0.213867,0.988281,-0.000532632,-0.00106526,-0.000532632
1773774944468,0.0893555,-0.216309,0.98877,0,-0.00106526,0.00106526
1773774944548,0.0869141,-0.216309,0.989746,-0.00106526,0,0.000532632
1773774944629,0.090332,-0.21582,0.990234,0,-0.000532632,0.000532632
1773774944699,0.0869141,-0.215332,0.98877,0.000532632,-0.000532632,0.000532632
1773774944780,0.0888672,-0.213379,0.989258,0.00106526,0,-0.000532632
1773774944860,0.0888672,-0.214355,0.989746,0.000532632,-0.000532632,0.000532632
1773774944931,0.0859375,-0.216797,0.992188,0,-0.000532632,0.00106526
1773774945012,0.0883789,-0.21582,0.989258,0,0,-0.0015979
1773774945092,0.0869141,-0.217773,0.989258,0,0,0
1773774945163,0.0878906,-0.21582,0.988281,0.000532632,-0.0015979,-0.00106526
1773774945243,0.0883789,-0.214844,0.988281,0.000532632,0,0
1773774945314,0.0888672,-0.216797,0.98877,0.000532632,-0.00106526,0.00106526
1773774945394,0.0878906,-0.216309,0.989258,-0.000532632,-0.000532632,-0.000532632
1773774945475,0.0883789,-0.216309,0.989258,0,0,0.00106526
1773774945546,0.0898438,-0.215332,0.989258,0,-0.000532632,-0.000532632
1773774945626,0.0883789,-0.215332,0.991699,0.000532632,-0.00106526,0
1773774945707,0.0893555,-0.21582,0.989746,0.00106526,-0.00106526,0
1773774945777,0.0869141,-0.216797,0.989746,-0.000532632,-0.000532632,0
1773774945858,0.0883789,-0.217285,0.986816,0,-0.000532632,0
1773774945938,0.0878906,-0.214844,0.989258,0,-0.000532632,0.000532632
1773774946009,0.0878906,-0.214844,0.988281,0.00106526,0,-0.000532632
1773774946092,0.0883789,-0.214844,0.989746,0.000532632,-0.000532632,-0.000532632
1773774946160,0.0893555,-0.21582,0.989746,-0.000532632,0,-0.000532632
1773774946240,0.0878906,-0.216309,0.991699,-0.00106526,-0.000532632,0.000532632
1773774946321,0.0883789,-0.21582,0.98877,0,0.000532632,0
1773774946393,0.0893555,-0.215332,0.98877,0,0,0
1773774946472,0.0893555,-0.21582,0.98877,0.000532632,-0.000532632,-0.000532632
1773774946552,0.0883789,-0.214355,0.989746,0.000532632,-0.00106526,-0.000532632
1773774946623,0.0888672,-0.215332,0.989258,-0.000532632,-0.00106526,0
1773774946703,0.0878906,-0.215332,0.989258,0.00106526,-0.00106526,0
1773774946784,0.0893555,-0.213379,0.990234,0.000532632,-0.000532632,0
1773774946854,0.0888672,-0.215332,0.991211,0,0,-0.000532632
1773774946935,0.0874023,-0.213867,0.988281,0,-0.00106526,0
1773774947016,0.0893555,-0.21582,0.990234,0.000532632,-0.000532632,0.000532632
1773774947086,0.0883789,-0.216309,0.989746,0.000532632,-0.000532632,0
1773774947166,0.0898438,-0.215332,0.990723,-0.0015979,-0.00213053,0
1773774947247,0.0893555,-0.216309,0.990234,-0.000532632,-0.000532632,0.00106526
1773774947318,0.0874023,-0.216309,0.987793,0.00106526,0,0
1773774947398,0.0878906,-0.216797,0.989258,-0.000532632,-0.00106526,-0.000532632
1773774947479,0.0869141,-0.217285,0.990234,0,-0.00213053,-0.00106526
1773774947549,0.0874023,-0.216797,0.98877,0.000532632,-0.000532632,0
1773774947630,0.0898438,-0.216309,0.989258,0,0.000532632,0
1773774947711,0.0893555,-0.216309,0.989746,-0.000532632,0.000532632,0
1773774947781,0.0878906,-0.216797,0.988281,0.000532632,-0.00106526,-0.00106526
1773774947861,0.0893555,-0.21582,0.987793,0,-0.00106526,0
1773774947932,0.0883789,-0.214355,0.989746,-0.000532632,0,-0.000532632
1773774948012,0.0893555,-0.217285,0.989258,0,0,-0.000532632
1773774948093,0.0883789,-0.214844,0.98877,-0.000532632,-0.000532632,0
1773774948164,0.0908203,-0.214844,0.989258,0,-0.000532632,0.00106526
1773774948244,0.0888672,-0.215332,0.989746,-0.000532632,-0.000532632,-0.000532632
1773774948325,0.0874023,-0.218262,0.987305,0,0.000532632,-0.000532632
1773774948396,0.0888672,-0.216797,0.989746,0.00106526,0,0
1773774948476,0.0888672,-0.217285,0.990234,0,-0.000532632,0
1773774948556,0.0883789,-0.21582,0.990234,0.00106526,-0.000532632,0.000532632
1773774948627,0.0878906,-0.218262,0.989258,0.000532632,-0.000532632,0
1773774948707,0.0869141,-0.215332,0.989746,0.00106526,-0.0015979,0
1773774948788,0.0883789,-0.21582,0.989746,-0.000532632,-0.000532632,-0.000532632
1773774948858,0.0898438,-0.21582,0.989258,0,-0.000532632,0
1773774948939,0.0878906,-0.216309,0.989746,0.000532632,-0.000532632,0.00106526
1773774949020,0.0878906,-0.215332,0.990234,0.00106526,-0.000532632,0.000532632
1773774949090,0.0893555,-0.217285,0.990234,0,-0.000532632,0
1773774949172,0.0878906,-0.214844,0.989258,-0.000532632,0.000532632,0
1773774949241,0.0878906,-0.216309,0.986816,0,0.000532632,0.000532632
1773774949322,0.0874023,-0.21582,0.988281,0.000532632,-0.000532632,-0.00106526
1773774949403,0.0888672,-0.217285,0.990723,0.000532632,-0.00106526,0
1773774949473,0.0878906,-0.215332,0.989258,0.00106526,0,0
1773774949555,0.0878906,-0.215332,0.989258,0,0.000532632,0
1773774949634,0.0859375,-0.214355,0.990234,0,-0.000532632,0.000532632
1773774949705,0.0878906,-0.216797,0.98877,0,0,0
1773774949785,0.0893555,-0.215332,0.989746,-0.000532632,0,-0.0015979
1773774949856,0.0893555,-0.215332,0.988281,-0.000532632,0,0
1773774949936,0.0883789,-0.21582,0.989746,0,-0.000532632,0.00106526
1773774950017,0.0883789,-0.217285,0.98877,0.000532632,0.000532632,-0.000532632
1773774950097,0.0878906,-0.215332,0.989746,-0.000532632,0.000532632,0
1773774950168,0.0878906,-0.216309,0.988281,0.000532632,0,-0.000532632
1773774950248,0.0864258,-0.214355,0.988281,0,0,-0.000532632
1773774950320,0.0878906,-0.21582,0.989746,0,-0.000532632,-0.000532632
1773774950399,0.0898438,-0.216309,0.989746,-0.00106526,0,-0.000532632
1773774950480,0.0878906,-0.214844,0.98877,0.00106526,-0.00106526,-0.00106526
1773774950550,0.0893555,-0.214844,0.98877,0.00106526,-0.000532632,0
1773774950631,0.0883789,-0.216309,0.989258,-0.000532632,-0.000532632,0.00106526
1773774950711,0.0869141,-0.21582,0.987305,0,-0.00106526,-0.000532632
1773774950782,0.0878906,-0.214355,0.989258,0.000532632,-0.000532632,0.000532632
1773774950862,0.0888672,-0.216797,0.989258,0.000532632,-0.00106526,0.000532632
1773774950943,0.0893555,-0.216797,0.989258,0.000532632,-0.00106526,-0.00106526
1773774951013,0.0878906,-0.215332,0.989258,0,-0.000532632,0
1773774951094,0.090332,-0.217285,0.987793,-0.00106526,-0.00106526,0.000532632
1773774951175,0.0883789,-0.216309,0.989258,0.000532632,-0.00106526,0.000532632
1773774951245,0.0883789,-0.216797,0.98877,-0.000532632,-0.000532632,0
1773774951325,0.0893555,-0.214355,0.989746,0.000532632,-0.000532632,-0.000532632
1773774951396,0.0883789,-0.21582,0.98877,0.00106526,-0.00106526,-0.000532632
1773774951477,0.0878906,-0.217285,0.989258,-0.000532632,-0.00106526,0.000532632
1773774951558,0.0878906,-0.217285,0.990723,0,0,0
1773774951628,0.0898438,-0.215332,0.991699,0,0,0
1773774951708,0.0883789,-0.217285,0.989258,-0.000532632,-0.000532632,0.000532632
1773774951789,0.0874023,-0.214844,0.98877,0,-0.00106526,-0.000532632
1773774951859,0.0888672,-0.213379,0.990234,0.000532632,-0.000532632,0
1773774951942,0.0888672,-0.214844,0.989746,-0.000532632,-0.0015979,0.000532632
1773774952020,0.0898438,-0.214844,0.990723,0.000532632,-0.000532632,-0.0015979
1773774952093,0.0883789,-0.214844,0.98877,-0.000532632,-0.0015979,0
1773774952173,0.0888672,-0.215332,0.989258,0,0.00106526,0.000532632
1773774952252,0.0888672,-0.217773,0.989746,0,0,0
1773774952323,0.0888672,-0.213867,0.989258,0.000532632,-0.0015979,0.000532632
1773774952403,0.0878906,-0.215332,0.988281,0,-0.0015979,0.00106526
1773774952484,0.0893555,-0.216309,0.990234,0.000532632,0,0
1773774952555,0.0869141,-0.21582,0.98877,0.000532632,-0.00106526,0.000532632
1773774952635,0.0908203,-0.216309,0.990234,-0.000532632,0,-0.0015979
1773774952715,0.0888672,-0.215332,0.989746,0.000532632,-0.000532632,-0.000532632
1773774952786,0.0898438,-0.216309,0.989746,0.00106526,0,0.000532632
1773774952867,0.0878906,-0.21582,0.988281,0,0,-0.000532632
1773774952937,0.0888672,-0.214844,0.986816,0,-0.000532632,-0.000532632
1773774953018,0.0893555,-0.214355,0.988281,-0.000532632,-0.00106526,0
1773774953098,0.0874023,-0.216309,0.989746,0.000532632,-0.000532632,0.000532632
1773774953171,0.0888672,-0.214844,0.990234,0.000532632,-0.000532632,-0.000532632
1773774953249,0.0859375,-0.216309,0.98877,0,-0.00106526,0.000532632
1773774953330,0.0864258,-0.21582,0.98877,0.00106526,-0.000532632,0
1773774953400,0.0888672,-0.214844,0.988281,-0.000532632,-0.000532632,0
1773774953481,0.0898438,-0.214844,0.988281,0,0,-0.00106526
1773774953561,0.0893555,-0.214844,0.989258,-0.000532632,0,-0.00106526
1773774953632,0.0878906,-0.216309,0.988281,-0.00106526,-0.00106526,0.000532632
1773774953712,0.0893555,-0.216309,0.987793,-0.00106526,-0.000532632,-0.000532632
1773774953793,0.0883789,-0.216797,0.990723,0,-0.0015979,0
1773774953866,0.0864258,-0.217773,0.98877,-0.000532632,0,0.00106526
1773774953947,0.0888672,-0.217773,0.990234,-0.00106526,-0.000532632,-0.00106526
1773774954024,0.0888672,-0.215332,0.990723,-0.00106526,-0.000532632,0
1773774954095,0.0888672,-0.216797,0.989746,-0.000532632,-0.000532632,-0.000532632
1773774954175,0.0859375,-0.216309,0.989258,0.000532632,-0.000532632,-0.000532632
1773774954246,0.0883789,-0.214355,0.990723,0.000532632,-0.00106526,0.000532632
1773774954327,0.0888672,-0.217285,0.988281,0.00106526,-0.00106526,0
1773774954407,0.0883789,-0.218262,0.98877,0,0,0.000532632
1773774954478,0.0874023,-0.217773,0.98877,0.000532632,-0.00106526,0
1773774954558,0.0878906,-0.217285,0.991211,0.000532632,-0.000532632,0
1773774954639,0.0898438,-0.215332,0.990234,-0.00106526,-0.00106526,-0.0015979
1773774954709,0.0883789,-0.215332,0.988281,0,0.000532632,0.000532632
1773774954790,0.0888672,-0.216309,0.98877,0,-0.000532632,-0.000532632
1773774954870,0.0864258,-0.21582,0.990723,-0.000532632,-0.000532632,0
1773774954941,0.0893555,-0.216797,0.988281,-0.000532632,-0.000532632,0.000532632
1773774955022,0.0893555,-0.215332,0.988281,0.000532632,-0.000532632,-0.00106526
1773774955102,0.0898438,-0.215332,0.987305,0,-0.00106526,-0.000532632
1773774955175,0.0898438,-0.214844,0.989746,0,-0.000532632,0.000532632
1773774955253,0.0888672,-0.21582,0.989258,0,-0.00106526,0.00106526
1773774955324,0.0913086,-0.215332,0.990723,-0.000532632,0,0.000532632
1773774955404,0.0893555,-0.21582,0.988281,0.000532632,-0.000532632,0
1773774955485,0.0864258,-0.217773,0.989258,-0.000532632,0,0
1773774955555,0.0878906,-0.217285,0.987305,0.00106526,-0.00106526,0
1773774955636,0.0898438,-0.21582,0.98877,0,0,0
1773774955716,0.0883789,-0.215332,0.98877,0.00106526,-0.000532632,0
1773774955787,0.0874023,-0.217773,0.98877,0.000532632,-0.00106526,-0.000532632
1773774955867,0.0878906,-0.217773,0.987793,0.000532632,-0.00106526,-0.000532632
1773774955948,0.0893555,-0.214844,0.98877,-0.000532632,-0.00106526,-0.00106526
1773774956018,0.0878906,-0.21582,0.989746,0,-0.0015979,0
1773774956099,0.0878906,-0.21875,0.989746,0.000532632,0,0.000532632
1773774956169,0.0878906,-0.21582,0.991211,0,-0.000532632,0.000532632
1773774956250,0.0874023,-0.21875,0.987305,0,-0.000532632,0
1773774956332,0.0878906,-0.21582,0.989258,0.00106526,-0.000532632,-0.000532632
1773774956411,0.0878906,-0.21582,0.989746,0.000532632,-0.00106526,0
1773774956482,0.0893555,-0.216309,0.990234,0,-0.00106526,0.00106526
1773774956564,0.0888672,-0.21582,0.990234,-0.00106526,-0.00106526,0.000532632
1773774956633,0.0878906,-0.21582,0.989258,0.000532632,0,0
1773774956713,0.0908203,-0.216797,0.988281,0,-0.000532632,-0.000532632
1773774956795,0.090332,-0.216309,0.990234,0,0,0
1773774956867,0.0893555,-0.214844,0.988281,0.00106526,-0.00106526,-0.00106526
1773774956947,0.0883789,-0.21582,0.990234,0,-0.00106526,-0.000532632
1773774957026,0.0869141,-0.215332,0.98877,0,-0.000532632,0.000532632
1773774957096,0.0888672,-0.217773,0.98877,0,-0.000532632,-0.00106526
1773774957177,0.0898438,-0.214844,0.988281,-0.000532632,-0.00106526,-0.000532632
1773774957257,0.0878906,-0.216797,0.98877,0.000532632,-0.000532632,0
1773774957327,0.0888672,-0.213867,0.98877,-0.00106526,-0.000532632,-0.000532632
1773774957408,0.0864258,-0.214355,0.98877,0.00106526,0,-0.000532632
1773774957489,0.0859375,-0.21582,0.988281,-0.000532632,-0.00106526,0
1773774957560,0.0888672,-0.216309,0.991211,-0.00106526,0.000532632,0.00106526
1773774957640,0.0893555,-0.216309,0.990723,0,-0.000532632,0
1773774957720,0.0874023,-0.215332,0.987793,-0.000532632,-0.00106526,0
1773774957791,0.0898438,-0.214355,0.98877,0,-0.000532632,0.000532632
1773774957871,0.0888672,-0.216797,0.989258,0,-0.000532632,0
1773774957942,0.0883789,-0.217773,0.98877,0.000532632,-0.00106526,0.000532632
1773774958023,0.0878906,-0.216797,0.98877,0,-0.000532632,0.000532632
1773774958103,0.0898438,-0.216309,0.990723,-0.000532632,-0.000532632,0
1773774958173,0.0883789,-0.216309,0.991211,0,-0.00106526,0
1773774958254,0.0878906,-0.216797,0.989746,0,-0.00106526,-0.000532632
1773774958334,0.0893555,-0.215332,0.990723,0,-0.000532632,-0.000532632
1773774958405,0.0888672,-0.217285,0.989746,-0.000532632,0,0
1773774958485,0.0893555,-0.217285,0.989746,0.000532632,-0.000532632,0.000532632
1773774958566,0.0893555,-0.213867,0.989746,0.000532632,-0.00106526,-0.000532632
1773774958636,0.0883789,-0.214844,0.98877,0,0,-0.00106526
1773774958717,0.0898438,-0.216309,0.990234,0,0,0.000532632
1773774958798,0.0893555,-0.213379,0.990723,-0.00106526,-0.00106526,0
1773774958869,0.0883789,-0.214355,0.990723,-0.000532632,-0.000532632,0.000532632
1773774958949,0.0878906,-0.217285,0.989746,0.000532632,-0.000532632,0
1773774959019,0.0893555,-0.214844,0.988281,0.000532632,-0.0015979,0
1773774959100,0.0888672,-0.214844,0.98877,0.000532632,0,0.000532632
1773774959180,0.0888672,-0.214844,0.990723,-0.000532632,-0.00106526,0
1773774959251,0.0893555,-0.216309,0.989746,0,0,-0.000532632
1773774959331,0.0908203,-0.214844,0.991699,0.0015979,-0.000532632,0.000532632
1773774959412,0.0908203,-0.21582,0.989258,-0.00106526,-0.00106526,-0.00106526
1773774959483,0.0883789,-0.214355,0.989746,0,0,0.000532632
1773774959563,0.0883789,-0.217285,0.991211,-0.000532632,-0.00106526,-0.00106526
1773774959644,0.0908203,-0.214355,0.990234,0.000532632,-0.000532632,0
1773774959715,0.0893555,-0.21582,0.98877,0.000532632,0,0.000532632
1773774959798,0.0898438,-0.213379,0.989746,0,-0.00106526,0.000532632
1773774959876,0.0898438,-0.217773,0.988281,0,-0.00106526,0
1773774959946,0.0888672,-0.215332,0.991211,0,-0.00106526,-0.000532632
1773774960027,0.0874023,-0.215332,0.989746,0,-0.00106526,-0.000532632
1773774960099,0.0883789,-0.214355,0.990234,-0.0015979,-0.000532632,0
1773774960178,0.0908203,-0.216309,0.989258,0,-0.00106526,0.000532632
1773774960259,0.0893555,-0.214844,0.991211,0,-0.0015979,-0.000532632
1773774960329,0.090332,-0.214355,0.991699,0,-0.000532632,0
1773774960410,0.0888672,-0.216309,0.989258,0.000532632,-0.00106526,0
1773774960490,0.0893555,-0.215332,0.990723,-0.000532632,-0.000532632,-0.000532632
1773774960561,0.0898438,-0.214844,0.989258,0,-0.00106526,0
1773774960641,0.0898438,-0.216309,0.989258,-0.00106526,-0.000532632,-0.000532632
1773774960722,0.0883789,-0.217773,0.98877,0,-0.00106526,0.000532632
1773774960794,0.0883789,-0.213867,0.990234,0.000532632,-0.00106526,0.00106526
1773774960875,0.0908203,-0.214355,0.990723,0.000532632,-0.00106526,0
1773774960945,0.0893555,-0.216309,0.989258,0,0,0.000532632
1773774961024,0.0883789,-0.214355,0.990234,0,-0.000532632,0
1773774961105,0.0898438,-0.21582,0.988281,0,-0.000532632,0.000532632
1773774961176,0.0913086,-0.214355,0.989258,-0.000532632,-0.00106526,0
1773774961256,0.0878906,-0.21582,0.989746,0.00106526,-0.00106526,0
1773774961336,0.0888672,-0.216309,0.98877,0.000532632,0,0
1773774961407,0.0898438,-0.217285,0.989746,0.000532632,-0.000532632,-0.00106526
1773774961490,0.0898438,-0.217773,0.990234,0.000532632,0.00106526,0
1773774961568,0.0893555,-0.216797,0.989746,0,0,0
1773774961638,0.0883789,-0.21582,0.991211,0,-0.00106526,0
1773774961719,0.0883789,-0.216797,0.989258,0,-0.000532632,0
1773774961799,0.0878906,-0.216309,0.989746,0.000532632,-0.000532632,-0.000532632
1773774961870,0.0888672,-0.215332,0.989258,-0.000532632,-0.00106526,-0.000532632
1773774961952,0.0908203,-0.213867,0.989258,0,-0.00106526,0
1773774962023,0.0878906,-0.213867,0.991211,-0.000532632,-0.00106526,0.000532632
1773774962101,0.0898438,-0.214844,0.992188,-0.00106526,0,0
1773774962182,0.0878906,-0.216797,0.990234,0.000532632,-0.000532632,0.000532632
1773774962262,0.0888672,-0.215332,0.989746,-0.00106526,-0.000532632,0.000532632
1773774962334,0.0898438,-0.216309,0.989746,0.000532632,-0.00106526,0
1773774962413,0.0908203,-0.214355,0.989746,-0.000532632,0,0.00106526
1773774962484,0.0888672,-0.21582,0.990723,-0.000532632,0,-0.000532632
1773774962564,0.0893555,-0.214355,0.988281,-0.000532632,0.000532632,0
1773774962645,0.0893555,-0.216309,0.988281,0,-0.000532632,0
1773774962715,0.0893555,-0.214355,0.992188,0.00106526,-0.000532632,0
1773774962796,0.0888672,-0.214355,0.989258,-0.000532632,-0.0015979,0
1773774962877,0.0878906,-0.213379,0.98877,0,-0.000532632,0
1773774962947,0.0893555,-0.215332,0.991211,0,-0.000532632,0.000532632
1773774963028,0.0878906,-0.213867,0.988281,0.00106526,0,-0.000532632
1773774963108,0.0893555,-0.216309,0.990234,-0.0015979,-0.00106526,-0.000532632
1773774963179,0.0898438,-0.21582,0.989258,-0.000532632,0,0.00106526
1773774963259,0.0893555,-0.215332,0.98877,0.000532632,-0.000532632,-0.000532632
1773774963340,0.0898438,-0.21582,0.990723,0,-0.00106526,0.00106526
1773774963410,0.0888672,-0.21582,0.987305,0.00106526,0,0
1773774963491,0.0893555,-0.214844,0.990723,0.000532632,-0.00106526,0.000532632
1773774963572,0.0878906,-0.213867,0.991699,0,-0.000532632,-0.000532632
1773774963642,0.0893555,-0.215332,0.989258,0.000532632,-0.000532632,0
1773774963723,0.0898438,-0.215332,0.989746,0,-0.000532632,0
1773774963793,0.090332,-0.21582,0.990234,0,-0.0015979,0
1773774963874,0.0893555,-0.215332,0.990234,0,-0.0015979,0
1773774963954,0.0898438,-0.21582,0.990234,0,-0.000532632,-0.000532632
1773774964025,0.090332,-0.214355,0.990723,0,-0.000532632,-0.000532632
1773774964105,0.0898438,-0.214844,0.990723,0.000532632,0,0
1773774964186,0.0893555,-0.213867,0.991699,0.00106526,0,-0.000532632
1773774964257,0.0878906,-0.214355,0.98877,-0.000532632,-0.000532632,-0.00106526
1773774964337,0.0878906,-0.215332,0.98877,0.000532632,0,0
1773774964418,0.0869141,-0.215332,0.990723,-0.000532632,-0.0015979,0
1773774964488,0.0888672,-0.216309,0.991211,-0.000532632,0,-0.000532632
1773774964569,0.0874023,-0.217285,0.989258,0,0,-0.000532632
1773774964649,0.0883789,-0.21582,0.990234,0.000532632,0,0
1773774964721,0.0898438,-0.214844,0.989746,-0.000532632,-0.000532632,0
1773774964804,0.0908203,-0.21582,0.988281,-0.000532632,-0.00106526,0.000532632
1773774964881,0.0893555,-0.214355,0.988281,0.00106526,0.000532632,0.000532632
1773774964952,0.0893555,-0.21582,0.989258,0,-0.00106526,-0.000532632
1773774965032,0.0883789,-0.216309,0.992188,-0.000532632,-0.00106526,-0.000532632
1773774965103,0.0893555,-0.215332,0.98877,-0.000532632,0,-0.000532632
1773774965184,0.0888672,-0.215332,0.989746,0,0,0
1773774965264,0.0888672,-0.212891,0.98877,0,-0.00106526,0
1773774965334,0.0883789,-0.214844,0.989746,-0.000532632,0,0.00106526
1773774965415,0.0888672,-0.214844,0.988281,0,-0.000532632,0
1773774965495,0.0874023,-0.21582,0.987793,0,0,0.000532632
1773774965566,0.0898438,-0.215332,0.990234,0,-0.000532632,0.00106526
1773774965646,0.0883789,-0.214844,0.98877,0,0,0.000532632
1773774965727,0.0898438,-0.21582,0.991211,0,-0.000532632,-0.000532632
1773774965798,0.0898438,-0.21582,0.989746,0,0,0
1773774965878,0.0888672,-0.216797,0.991211,-0.000532632,0,-0.00106526
1773774965958,0.0869141,-0.214844,0.989258,0,-0.0015979,-0.00106526
1773774966029,0.0898438,-0.217285,0.991699,0.000532632,0,-0.000532632
1773774966110,0.0874023,-0.217285,0.990234,-0.000532632,0,-0.000532632
1773774966190,0.0888672,-0.216797,0.990234,-0.000532632,-0.00106526,0
1773774966260,0.0908203,-0.21582,0.98877,0,-0.000532632,-0.000532632
1773774966341,0.0869141,-0.217285,0.990723,-0.000532632,-0.0015979,-0.000532632
1773774966411,0.090332,-0.214844,0.989746,0,-0.00106526,0
1773774966492,0.0874023,-0.21582,0.990723,0.000532632,-0.0015979,0
1773774966572,0.0893555,-0.214844,0.989746,0,0,0
1773774966643,0.090332,-0.216309,0.989258,0.000532632,-0.000532632,0
1773774966723,0.0883789,-0.216797,0.989746,0.000532632,0,-0.000532632
1773774966804,0.0878906,-0.216309,0.989746,0.0015979,-0.00106526,0.000532632
1773774966875,0.0898438,-0.216797,0.990234,0,-0.00106526,-0.000532632
1773774966955,0.0908203,-0.211914,0.989258,0,-0.0015979,-0.000532632
1773774967036,0.0878906,-0.21582,0.987793,0,-0.0015979,0
1773774967106,0.0883789,-0.214355,0.989258,-0.000532632,-0.000532632,0
1773774967187,0.0883789,-0.217285,0.989746,-0.00106526,-0.000532632,-0.00106526
1773774967267,0.0893555,-0.213867,0.989746,0.00106526,-0.00106526,-0.000532632
1773774967338,0.0893555,-0.215332,0.98877,-0.000532632,-0.000532632,0.000532632
1773774967418,0.0898438,-0.214844,0.990234,-0.00106526,-0.000532632,0.000532632
1773774967499,0.090332,-0.215332,0.987793,-0.000532632,-0.00106526,0.000532632
1773774967569,0.0898438,-0.214355,0.989258,0,-0.00106526,0.000532632
1773774967650,0.0883789,-0.217285,0.989746,0,-0.00106526,0.000532632
1773774967720,0.0893555,-0.214844,0.98877,-0.000532632,0,0.000532632
1773774967801,0.0883789,-0.214355,0.989258,0,-0.00213053,0
1773774967881,0.0878906,-0.21582,0.990234,0,-0.000532632,0.000532632
1773774967952,0.0883789,-0.215332,0.989258,0.000532632,-0.00106526,0
1773774968033,0.0893555,-0.214355,0.98877,-0.000532632,-0.0015979,-0.00106526
1773774968114,0.0888672,-0.216309,0.990234,-0.000532632,-0.00106526,0
1773774968183,0.0898438,-0.216797,0.989746,0.000532632,-0.00106526,0
1773774968264,0.0898438,-0.214355,0.989258,0.000532632,0,0.000532632
1773774968344,0.0878906,-0.21582,0.986816,0.000532632,-0.00106526,0
1773774968415,0.0888672,-0.215332,0.991211,0.00106526,-0.00106526,0
1773774968496,0.0908203,-0.216797,0.988281,0,-0.00106526,0
1773774968576,0.0883789,-0.216309,0.990234,-0.000532632,-0.000532632,0
1773774968646,0.0898438,-0.218262,0.989746,-0.000532632,-0.000532632,0
1773774968727,0.0893555,-0.213379,0.991211,-0.000532632,-0.00106526,-0.000532632
1773774968797,0.0878906,-0.215332,0.989746,-0.000532632,-0.00106526,0.000532632
1773774968878,0.0878906,-0.216797,0.988281,-0.000532632,-0.00106526,-0.000532632
1773774968959,0.0888672,-0.214355,0.990234,0,-0.000532632,-0.000532632
1773774969029,0.0878906,-0.21582,0.988281,0,-0.000532632,0
1773774969111,0.0888672,-0.21582,0.992676,-0.000532632,0.000532632,0
1773774969192,0.0893555,-0.214844,0.988281,0.000532632,-0.00106526,0.000532632
1773774969261,0.0878906,-0.213867,0.98877,0.000532632,0.000532632,0
1773774969342,0.0893555,-0.216797,0.990234,-0.000532632,-0.000532632,-0.000532632
1773774969422,0.0888672,-0.216309,0.989746,-0.000532632,-0.000532632,-0.000532632
1773774969494,0.0878906,-0.214355,0.989258,0,-0.0015979,0.000532632
1773774969576,0.0874023,-0.214355,0.98877,0,-0.00106526,-0.00106526
1773774969654,0.0888672,-0.21582,0.991211,0.000532632,-0.00106526,-0.000532632
1773774969724,0.090332,-0.214844,0.987305,0.00106526,-0.000532632,0
1773774969805,0.0898438,-0.216309,0.989258,-0.000532632,0.000532632,0.000532632
1773774969885,0.090332,-0.21582,0.98877,0.000532632,0.000532632,-0.00106526
1773774969956,0.0883789,-0.21582,0.990234,0.000532632,-0.00106526,0
1773774970037,0.0878906,-0.215332,0.991211,0,0,-0.000532632
1773774970107,0.090332,-0.216309,0.989746,0,0,0.00106526
1773774970188,0.0893555,-0.216309,0.988281,0,-0.000532632,0.000532632
1773774970269,0.0883789,-0.217773,0.989258,-0.000532632,-0.00106526,0
1773774970339,0.0893555,-0.215332,0.98877,0.000532632,-0.00106526,-0.000532632
1773774970420,0.0874023,-0.217285,0.989746,0,-0.000532632,0
1773774970501,0.090332,-0.214355,0.988281,0,0,0.000532632
1773774970571,0.0869141,-0.213867,0.989258,0,-0.0015979,-0.00106526
1773774970651,0.0878906,-0.216309,0.989258,0.000532632,-0.00106526,0
1773774970732,0.0898438,-0.21582,0.98877,0,0.000532632,-0.00106526
1773774970802,0.0878906,-0.214844,0.990234,0,-0.000532632,-0.00106526
1773774970883,0.0908203,-0.21582,0.98877,0,-0.00106526,-0.000532632
1773774970963,0.0874023,-0.217773,0.989746,0.00106526,-0.00106526,-0.00106526
1773774971036,0.0898438,-0.216309,0.98877,0,0,0.000532632
1773774971115,0.0898438,-0.216309,0.990723,-0.000532632,0,0.000532632
1773774971185,0.0878906,-0.213379,0.989258,-0.000532632,0,0
1773774971266,0.0883789,-0.214844,0.990234,-0.000532632,0,0
1773774971346,0.0893555,-0.214844,0.988281,0.000532632,-0.00106526,0
1773774971417,0.090332,-0.213867,0.989746,0.000532632,-0.00106526,-0.000532632
1773774971498,0.0898438,-0.215332,0.989746,-0.000532632,-0.000532632,-0.000532632
1773774971578,0.0893555,-0.214355,0.990723,0.000532632,-0.000532632,0
1773774971648,0.0883789,-0.214355,0.98877,0,0,0.000532632
1773774971729,0.0908203,-0.21582,0.990723,-0.000532632,-0.000532632,0
1773774971809,0.0883789,-0.215332,0.990723,-0.00106526,-0.00106526,0
1773774971880,0.090332,-0.21582,0.989258,0,-0.000532632,-0.000532632
1773774971960,0.0888672,-0.21582,0.987793,0,-0.00106526,-0.000532632
1773774972041,0.0888672,-0.216309,0.98877,0.00106526,-0.0015979,0.00106526
1773774972111,0.0888672,-0.21582,0.990234,0.000532632,-0.00106526,-0.000532632
1773774972192,0.0893555,-0.214355,0.987793,0.000532632,-0.000532632,-0.000532632
1773774972262,0.0864258,-0.213867,0.989746,0.000532632,-0.000532632,-0.00106526
1773774972343,0.0893555,-0.21582,0.990234,0,-0.00106526,-0.000532632
1773774972424,0.0883789,-0.215332,0.988281,-0.000532632,-0.000532632,0
1773774972494,0.0893555,-0.216309,0.989258,0,-0.000532632,0
1773774972575,0.0864258,-0.214355,0.989258,-0.00106526,0,0
1773774972655,0.0878906,-0.216309,0.98877,-0.000532632,0,-0.000532632
1773774972728,0.0878906,-0.21582,0.987305,-0.000532632,-0.0015979,-0.000532632
1773774972806,0.0893555,-0.216309,0.990234,-0.000532632,0,0.000532632
1773774972887,0.0898438,-0.215332,0.989258,0,-0.00106526,-0.00106526
1773774972957,0.0878906,-0.21582,0.991211,-0.000532632,-0.00106526,0.000532632
1773774973039,0.0893555,-0.215332,0.98877,-0.000532632,-0.0015979,-0.00106526
1773774973119,0.0874023,-0.216309,0.989258,0,-0.00106526,0.00106526
1773774973189,0.0878906,-0.216797,0.990723,-0.000532632,-0.0015979,0
1773774973270,0.0893555,-0.21582,0.989258,-0.00106526,-0.000532632,-0.00106526
1773774973350,0.0888672,-0.215332,0.990234,-0.00106526,0.000532632,-0.000532632
1773774973420,0.0893555,-0.216797,0.989258,-0.000532632,0,-0.00106526
1773774973501,0.0893555,-0.21582,0.988281,0,-0.00106526,-0.00106526
1773774973581,0.0883789,-0.216309,0.990234,0.0015979,0,0
1773774973652,0.0874023,-0.215332,0.989258,0.000532632,-0.00106526,-0.00106526
1773774973732,0.090332,-0.215332,0.989258,0.000532632,0,0.000532632
1773774973803,0.0874023,-0.216309,0.990234,0.000532632,0,0
1773774973883,0.0883789,-0.216309,0.987305,-0.000532632,-0.0015979,-0.000532632
1773774973955,0.0878906,-0.214844,0.98877,0,-0.00106526,0
1773774974036,0.0883789,-0.216309,0.988281,0,-0.000532632,0.000532632
1773774974116,0.0888672,-0.214844,0.987793,-0.00106526,-0.0015979,-0.000532632
1773774974195,0.0888672,-0.214355,0.988281,0,-0.0015979,-0.00106526
1773774974266,0.0883789,-0.215332,0.990234,0,-0.00106526,-0.000532632
1773774974349,0.0888672,-0.21582,0.989258,-0.000532632,-0.000532632,0
1773774974427,0.0888672,-0.21582,0.990723,0.000532632,-0.00106526,-0.00106526
1773774974499,0.0878906,-0.214355,0.991699,0,0,0
1773774974578,0.0893555,-0.216797,0.990234,0,-0.00106526,0
1773774974649,0.0888672,-0.21582,0.990723,0.00106526,-0.00213053,-0.000532632
1773774974729,0.0888672,-0.213867,0.992676,0,-0.000532632,0.000532632
1773774974810,0.0874023,-0.215332,0.990234,0,-0.000532632,0
1773774974881,0.0869141,-0.217285,0.98877,0.000532632,-0.000532632,0
1773774974964,0.0888672,-0.216309,0.989258,0,-0.000532632,0
1773774975043,0.0917969,-0.21582,0.990723,0,0,0.000532632
1773774975112,0.0898438,-0.214844,0.989746,-0.0015979,-0.000532632,-0.000532632
1773774975193,0.0893555,-0.216797,0.989746,-0.00106526,-0.00106526,-0.000532632
1773774975273,0.0869141,-0.214355,0.991699,0,-0.00106526,-0.00106526
1773774975344,0.0874023,-0.21582,0.990723,0.00106526,-0.000532632,-0.00106526
1773774975427,0.0878906,-0.216797,0.990723,0,0,0
1773774975506,0.0874023,-0.214844,0.986816,-0.00106526,-0.0015979,0.000532632
1773774975578,0.0898438,-0.215332,0.989258,-0.000532632,-0.000532632,-0.0015979
1773774975656,0.0893555,-0.21582,0.991211,0,-0.000532632,-0.00106526
1773774975736,0.0893555,-0.215332,0.989258,0,-0.00106526,0
1773774975807,0.0883789,-0.21582,0.990234,0.000532632,-0.00106526,0
1773774975889,0.0883789,-0.216797,0.98877,-0.000532632,-0.000532632,-0.00106526
1773774975968,0.0878906,-0.214844,0.989258,0,0,0
1773774976038,0.0888672,-0.21582,0.988281,0,-0.0015979,0
1773774976119,0.0893555,-0.214355,0.989746,0,-0.000532632,0.000532632
1773774976191,0.090332,-0.216797,0.987793,-0.00106526,-0.00106526,0
1773774976270,0.0908203,-0.217285,0.988281,-0.000532632,0,0
1773774976351,0.090332,-0.21582,0.989258,0,0,0
1773774976421,0.0878906,-0.216309,0.988281,0,-0.0015979,-0.00106526
1773774976502,0.0908203,-0.21582,0.989746,-0.00106526,0.000532632,-0.000532632
1773774976582,0.0883789,-0.217773,0.988281,0.00106526,-0.000532632,-0.000532632
1773774976653,0.0888672,-0.215332,0.988281,0.000532632,-0.000532632,-0.00106526
1773774976733,0.0898438,-0.214355,0.992676,-0.000532632,-0.00106526,0
1773774976814,0.0893555,-0.21582,0.988281,0,-0.00106526,-0.000532632
1773774976884,0.0893555,-0.215332,0.989258,-0.000532632,-0.00106526,0
1773774976965,0.090332,-0.214844,0.990723,-0.00106526,-0.000532632,-0.000532632
1773774977045,0.0888672,-0.212891,0.990234,0,-0.000532632,0.000532632
1773774977116,0.0883789,-0.214844,0.991211,0,-0.00106526,-0.000532632
1773774977196,0.0883789,-0.216797,0.990723,0.000532632,0,-0.000532632
1773774977277,0.0859375,-0.214844,0.989258,-0.000532632,0.000532632,-0.00106526
1773774977347,0.0908203,-0.215332,0.990234,0,-0.00106526,-0.00106526
1773774977431,0.0893555,-0.21582,0.98877,0.000532632,-0.000532632,-0.000532632
1773774977498,0.0893555,-0.217285,0.991211,0,-0.00106526,-0.000532632
1773774977579,0.0878906,-0.216797,0.989746,0.00106526,-0.000532632,-0.000532632
1773774977660,0.0883789,-0.216797,0.989258,0,-0.000532632,0
1773774977730,0.0874023,-0.216309,0.989258,0,-0.0015979,0
1773774977811,0.0883789,-0.216309,0.990234,-0.000532632,-0.0015979,0
1773774977881,0.0888672,-0.21582,0.987305,0,-0.000532632,-0.000532632
1773774977962,0.0893555,-0.215332,0.98877,0.000532632,-0.0015979,-0.000532632
1773774978042,0.0883789,-0.21875,0.98877,0,-0.00106526,-0.000532632
1773774978123,0.0888672,-0.213867,0.989258,0.000532632,0,0
1773774978193,0.0893555,-0.213379,0.98877,0,-0.000532632,0
1773774978274,0.0883789,-0.216797,0.991211,0,0.000532632,0
1773774978354,0.0893555,-0.216797,0.988281,0,-0.00106526,-0.000532632
1773774978426,0.0898438,-0.215332,0.989746,-0.00106526,-0.00106526,-0.000532632
1773774978506,0.0883789,-0.214355,0.990234,0,-0.00106526,0.000532632
1773774978577,0.0878906,-0.21582,0.989258,-0.000532632,-0.00106526,0.000532632
1773774978658,0.0883789,-0.21875,0.987793,0.000532632,-0.000532632,-0.000532632
1773774978737,0.0878906,-0.217773,0.989746,0.000532632,-0.000532632,0.000532632
1773774978809,0.0898438,-0.213379,0.990234,0,0.000532632,-0.000532632
1773774978889,0.090332,-0.213379,0.990234,-0.000532632,0,0.000532632
1773774978969,0.0893555,-0.214844,0.990234,0.00106526,-0.000532632,0
1773774979039,0.0883789,-0.214355,0.991211,0,0,-0.000532632
1773774979120,0.0888672,-0.21582,0.989258,-0.000532632,-0.000532632,-0.0015979
1773774979200,0.0854492,-0.214355,0.989258,0.000532632,-0.000532632,0
1773774979271,0.0874023,-0.214844,0.987793,-0.000532632,-0.00106526,0
1773774979352,0.0893555,-0.216309,0.988281,0,-0.00106526,0
1773774979432,0.0893555,-0.215332,0.988281,0,-0.000532632,-0.000532632
1773774979502,0.0888672,-0.215332,0.989746,0,-0.000532632,0.000532632
1773774979584,0.0888672,-0.216309,0.987793,-0.000532632,-0.0015979,-0.000532632
1773774979653,0.0888672,-0.215332,0.990234,0.000532632,-0.000532632,0
1773774979734,0.0869141,-0.216797,0.989258,0.00106526,-0.000532632,-0.000532632
1773774979815,0.0883789,-0.215332,0.989746,0.000532632,-0.0015979,-0.000532632
1773774979888,0.0874023,-0.216797,0.990234,0.00106526,0,0
1773774979967,0.0908203,-0.21582,0.989746,0.000532632,-0.00106526,-0.000532632
1773774980046,0.0869141,-0.215332,0.989258,0.000532632,-0.000532632,-0.000532632
1773774980117,0.0869141,-0.21582,0.991211,-0.00106526,-0.000532632,-0.000532632
1773774980198,0.0888672,-0.216797,0.989258,0.00106526,-0.00106526,-0.000532632
1773774980278,0.0878906,-0.215332,0.989746,0.000532632,-0.00106526,-0.0015979
1773774980349,0.0898438,-0.216309,0.989258,0,-0.0015979,-0.000532632
1773774980431,0.0888672,-0.214844,0.98877,-0.0015979,0,-0.000532632
1773774980511,0.0878906,-0.216309,0.987793,0,-0.000532632,0
1773774980580,0.0893555,-0.214844,0.989746,0,-0.00106526,0
1773774980661,0.0888672,-0.216309,0.990234,0.000532632,-0.000532632,0
1773774980741,0.0888672,-0.214844,0.990234,0.000532632,0,0
1773774980812,0.0888672,-0.217285,0.989746,0,0.000532632,-0.000532632
1773774980893,0.0893555,-0.21582,0.987793,-0.000532632,-0.000532632,0.000532632
1773774980973,0.0883789,-0.21582,0.989746,0,0,0
1773774981043,0.0893555,-0.21582,0.991699,0,-0.00106526,0
1773774981124,0.0878906,-0.216309,0.988281,0.000532632,-0.00106526,-0.00106526
1773774981196,0.0883789,-0.214844,0.989258,0,-0.000532632,-0.000532632
1773774981275,0.090332,-0.214844,0.989258,-0.000532632,-0.00106526,-0.000532632
1773774981356,0.0898438,-0.216797,0.989258,0.000532632,-0.000532632,0
1773774981428,0.0874023,-0.21582,0.988281,0.000532632,0,0.000532632
1773774981507,0.0883789,-0.21582,0.987793,-0.000532632,-0.00106526,-0.00106526
1773774981587,0.0893555,-0.215332,0.989746,-0.000532632,-0.00106526,0
1773774981658,0.0888672,-0.215332,0.988281,0.000532632,-0.000532632,0
1773774981738,0.0864258,-0.216309,0.989258,-0.00106526,-0.00213053,-0.000532632
1773774981811,0.0898438,-0.214355,0.989258,0.000532632,-0.000532632,0
1773774981889,0.0874023,-0.216309,0.989746,0,0,0.000532632
1773774981971,0.0908203,-0.216309,0.989746,0,-0.00106526,-0.000532632
1773774982050,0.0893555,-0.21582,0.991211,0.000532632,-0.00106526,0
1773774982121,0.0869141,-0.217285,0.989746,-0.00106526,-0.0015979,-0.000532632
1773774982202,0.0893555,-0.216309,0.989258,-0.000532632,-0.00106526,-0.000532632
1773774982282,0.0893555,-0.214355,0.989746,0.00106526,-0.0015979,-0.000532632
1773774982353,0.0883789,-0.216797,0.987305,0.000532632,-0.000532632,-0.000532632
1773774982433,0.0878906,-0.21582,0.98877,0,-0.000532632,0
1773774982506,0.0913086,-0.215332,0.990723,0,-0.00106526,0
1773774982585,0.0864258,-0.21582,0.990723,-0.000532632,-0.000532632,0
1773774982655,0.090332,-0.213867,0.990234,-0.000532632,-0.000532632,0
1773774982735,0.0874023,-0.216797,0.990234,-0.000532632,-0.00213053,-0.00106526
1773774982816,0.0898438,-0.214844,0.989258,-0.00106526,-0.0015979,0
1773774982896,0.0878906,-0.215332,0.990234,0.000532632,0,0
1773774982967,0.0864258,-0.216797,0.989746,0.000532632,0,0
1773774983047,0.0893555,-0.21582,0.987305,-0.000532632,-0.000532632,-0.000532632
1773774983129,0.0893555,-0.214844,0.990723,0.000532632,-0.000532632,-0.000532632
1773774983198,0.090332,-0.214844,0.988281,0.000532632,-0.00106526,-0.000532632
1773774983280,0.0888672,-0.215332,0.98877,-0.000532632,-0.000532632,-0.000532632
1773774983360,0.090332,-0.216309,0.989746,0.000532632,-0.0015979,-0.000532632
1773774983430,0.0893555,-0.217773,0.989746,-0.0015979,0,-0.000532632
1773774983510,0.090332,-0.214355,0.990234,-0.000532632,0,0
1773774983583,0.0869141,-0.215332,0.989746,0.000532632,-0.000532632,0.000532632
1773774983664,0.0888672,-0.216797,0.987305,0,0,0.000532632
1773774983742,0.0883789,-0.214844,0.98877,0.00106526,-0.00106526,0.000532632
1773774983813,0.0874023,-0.213867,0.989258,0.000532632,0,0.000532632
1773774983893,0.0888672,-0.214844,0.989258,0,-0.000532632,-0.000532632
1773774983974,0.0878906,-0.215332,0.991211,0.000532632,-0.000532632,-0.00106526
1773774984044,0.0864258,-0.215332,0.989258,0,-0.000532632,-0.000532632
1773774984125,0.0888672,-0.216309,0.989746,0.000532632,0,-0.000532632
1773774984205,0.0883789,-0.217773,0.989746,0.000532632,0,0
1773774984276,0.0888672,-0.214844,0.989258,-0.000532632,-0.000532632,0
1773774984356,0.090332,-0.214355,0.989258,-0.000532632,-0.00106526,0.000532632
1773774984437,0.090332,-0.215332,0.98877,0,-0.00106526,0
1773774984511,0.0869141,-0.215332,0.98877,0.00106526,-0.000532632,0
1773774984588,0.0874023,-0.21582,0.989258,0,-0.00106526,0
1773774984659,0.0893555,-0.216309,0.990723,0,0,-0.000532632
1773774984739,0.0883789,-0.213379,0.989746,0.000532632,-0.000532632,-0.000532632
1773774984820,0.0878906,-0.214844,0.989746,0,-0.000532632,0
1773774984900,0.0878906,-0.21582,0.991211,-0.000532632,-0.000532632,0.000532632
1773774984972,0.0898438,-0.21582,0.991211,-0.000532632,-0.00106526,-0.00106526
1773774985051,0.0898438,-0.21582,0.987305,-0.00106526,-0.0015979,0.000532632
1773774985122,0.0883789,-0.217773,0.989746,0.000532632,0.000532632,0
1773774985202,0.0859375,-0.215332,0.989258,-0.000532632,-0.0015979,0
1773774985283,0.090332,-0.214844,0.987793,0.000532632,-0.000532632,0.000532632
1773774985353,0.0869141,-0.214355,0.989258,0,-0.000532632,0
1773774985435,0.0883789,-0.216797,0.987793,-0.00106526,-0.00106526,0.000532632
1773774985515,0.0888672,-0.215332,0.989258,0,-0.00106526,-0.000532632
1773774985585,0.0878906,-0.216797,0.989258,-0.000532632,0,0
1773774985665,0.0878906,-0.215332,0.988281,0.00106526,-0.000532632,0
1773774985746,0.0883789,-0.216309,0.988281,-0.000532632,-0.000532632,0
1773774985817,0.0859375,-0.216797,0.990723,-0.00106526,0,-0.000532632
1773774985897,0.0883789,-0.214844,0.989258,0,-0.00106526,0
1773774985977,0.0883789,-0.217773,0.990723,0.00106526,0,0
1773774986048,0.0888672,-0.214844,0.989258,0.000532632,0,-0.000532632
1773774986129,0.0898438,-0.21582,0.987793,0.000532632,-0.000532632,0
1773774986209,0.0878906,-0.21582,0.986816,0.00106526,-0.000532632,0.000532632
1773774986280,0.0888672,-0.21582,0.989746,-0.000532632,-0.00106526,-0.000532632
1773774986360,0.0893555,-0.215332,0.990234,0.000532632,-0.00106526,-0.000532632
1773774986431,0.0893555,-0.215332,0.988281,0,-0.0015979,-0.000532632
1773774986512,0.090332,-0.217285,0.987305,0,-0.00213053,0
1773774986592,0.090332,-0.21582,0.989746,-0.000532632,-0.0015979,-0.000532632
1773774986663,0.0883789,-0.21582,0.990723,0,0,-0.00106526
1773774986744,0.0893555,-0.214355,0.989746,0,-0.0015979,0.000532632
1773774986824,0.0874023,-0.216797,0.989746,0,0,0.000532632
1773774986894,0.0869141,-0.21582,0.987793,0.000532632,-0.00106526,-0.000532632
1773774986975,0.0864258,-0.215332,0.988281,0.000532632,-0.000532632,0
1773774987055,0.0888672,-0.214844,0.991211,0,-0.00106526,0
1773774987126,0.0878906,-0.216309,0.98877,0.000532632,-0.000532632,-0.000532632
1773774987206,0.0874023,-0.214844,0.988281,0.000532632,-0.00106526,-0.0015979
1773774987277,0.0908203,-0.214355,0.989258,0,0,0.000532632
1773774987358,0.0888672,-0.216309,0.986816,0,-0.00106526,-0.00106526
1773774987440,0.0874023,-0.21582,0.989258,0,0,-0.000532632
1773774987509,0.0898438,-0.21582,0.990723,0.000532632,-0.00106526,-0.000532632
1773774987590,0.0878906,-0.21582,0.987305,0.00106526,-0.00106526,0.000532632
1773774987670,0.0883789,-0.217285,0.990234,0.000532632,-0.000532632,0
1773774987742,0.0893555,-0.216797,0.989258,0,-0.000532632,0
1773774987823,0.0874023,-0.217285,0.987793,0,-0.000532632,0
1773774987891,0.0883789,-0.216309,0.989258,0,0.000532632,0
1773774987974,0.0864258,-0.215332,0.989258,-0.000532632,-0.000532632,0.000532632
1773774988052,0.0883789,-0.21582,0.990723,0.000532632,-0.000532632,-0.000532632
1773774988133,0.0878906,-0.216797,0.989746,-0.000532632,-0.000532632,-0.000532632
1773774988204,0.0869141,-0.21582,0.989258,-0.000532632,-0.00106526,0
1773774988284,0.0878906,-0.21582,0.989258,-0.00106526,-0.000532632,0.00106526
1773774988365,0.0878906,-0.216797,0.988281,0.00106526,-0.00106526,0
1773774988436,0.0883789,-0.21582,0.990234,0,-0.00213053,0.000532632
1773774988516,0.0883789,-0.21582,0.989258,0.000532632,-0.00106526,0
1773774988586,0.0878906,-0.215332,0.991211,0,-0.000532632,0.000532632
1773774988668,0.0898438,-0.21582,0.990723,0,0,0
1773774988747,0.0878906,-0.21582,0.989746,-0.000532632,-0.000532632,0.000532632
1773774988818,0.0888672,-0.21582,0.990723,0.000532632,0,0.000532632
1773774988901,0.0859375,-0.214844,0.989258,-0.000532632,0,-0.00106526
1773774988980,0.0874023,-0.217285,0.989258,0.000532632,0,0.000532632
1773774989049,0.0888672,-0.216309,0.989746,0,0.000532632,-0.000532632
1773774989130,0.0888672,-0.215332,0.989258,-0.000532632,0,0.000532632
1773774989211,0.090332,-0.215332,0.989746,-0.000532632,-0.0015979,0.000532632
1773774989281,0.0893555,-0.216797,0.989258,0,0.000532632,0
1773774989362,0.0869141,-0.21582,0.987305,-0.00106526,-0.000532632,0
1773774989443,0.0874023,-0.215332,0.98877,0,0,0
1773774989513,0.0888672,-0.216797,0.989258,-0.000532632,-0.000532632,0
1773774989593,0.0883789,-0.213379,0.98877,0,-0.000532632,0.000532632
1773774989674,0.0878906,-0.214844,0.988281,-0.000532632,0,0.00106526
1773774989744,0.0878906,-0.21582,0.990234,0.000532632,0,-0.00106526
1773774989825,0.0888672,-0.215332,0.98877,0,-0.000532632,0
1773774989895,0.0888672,-0.216797,0.98877,0.000532632,0,0
1773774989976,0.0883789,-0.217285,0.989258,0.00106526,0,-0.00106526
1773774990056,0.0874023,-0.213379,0.989746,0,-0.00106526,0.00106526
1773774990127,0.0893555,-0.217285,0.987793,0.000532632,0,0.000532632
1773774990207,0.0888672,-0.215332,0.98877,0,-0.00106526,-0.000532632
1773774990288,0.0874023,-0.216797,0.98877,-0.000532632,-0.000532632,-0.000532632
1773774990358,0.0898438,-0.214355,0.989746,0,-0.0015979,0.000532632
1773774990439,0.0888672,-0.217285,0.990723,0,-0.00106526,-0.000532632
1773774990510,0.0883789,-0.214355,0.989258,0.000532632,0,-0.000532632
1773774990590,0.0898438,-0.212402,0.98877,0,-0.00106526,0
1773774990672,0.0898438,-0.217773,0.989746,-0.000532632,-0.000532632,0.000532632
1773774990751,0.0878906,-0.215332,0.989746,-0.000532632,0,0.000532632
1773774990823,0.0874023,-0.216797,0.990234,0,-0.000532632,0
1773774990905,0.0883789,-0.216797,0.987793,0,0.000532632,0
1773774990983,0.0874023,-0.21582,0.989258,0.00106526,-0.0015979,-0.000532632
1773774991053,0.0878906,-0.21582,0.991211,0,-0.000532632,0.000532632
1773774991134,0.0878906,-0.21582,0.990723,0,-0.000532632,-0.00106526
1773774991214,0.0883789,-0.214355,0.989258,-0.000532632,-0.000532632,-0.000532632
1773774991285,0.0869141,-0.214844,0.990723,0.000532632,-0.000532632,-0.000532632
1773774991366,0.0883789,-0.215332,0.988281,-0.000532632,-0.00106526,0.00106526
1773774991437,0.0898438,-0.215332,0.989258,-0.000532632,-0.00106526,0
1773774991519,0.0878906,-0.21582,0.98877,-0.000532632,-0.00106526,-0.000532632
1773774991599,0.0874023,-0.215332,0.990234,-0.000532632,-0.000532632,0
1773774991668,0.0878906,-0.216797,0.990234,0.000532632,0.000532632,0
1773774991748,0.0878906,-0.217285,0.98877,0,-0.000532632,0.000532632
1773774991830,0.0898438,-0.213867,0.989258,-0.00106526,-0.000532632,-0.00106526
1773774991902,0.0888672,-0.213867,0.990723,0.000532632,-0.00106526,0
1773774991980,0.0874023,-0.214355,0.988281,0.000532632,-0.000532632,0.000532632
1773774992060,0.0908203,-0.214844,0.990234,0,0.000532632,0.00106526
1773774992132,0.0878906,-0.214844,0.991699,-0.00106526,-0.000532632,0
1773774992212,0.0922852,-0.214355,0.991211,0.000532632,-0.000532632,0.000532632
1773774992292,0.0883789,-0.217285,0.990234,0,0,0
1773774992362,0.0883789,-0.217285,0.991211,0,-0.0015979,0
1773774992443,0.0898438,-0.216309,0.991699,0,0,0.00106526
1773774992523,0.0888672,-0.215332,0.989746,0,-0.00106526,0
1773774992594,0.0878906,-0.216797,0.989746,0,0,0.0015979
1773774992676,0.0898438,-0.215332,0.991211,0.000532632,-0.000532632,0
1773774992745,0.090332,-0.21582,0.98877,0.000532632,0,0.00106526
1773774992825,0.0893555,-0.216309,0.989746,-0.000532632,-0.00106526,0.0015979
1773774992906,0.0908203,-0.214355,0.989746,0.000532632,-0.00106526,0
1773774992976,0.0898438,-0.216309,0.989746,0,0.000532632,0.000532632
1773774993057,0.0874023,-0.21582,0.989746,0,0,0
1773774993137,0.0893555,-0.216797,0.990723,0,0,-0.000532632
1773774993208,0.0864258,-0.215332,0.990723,-0.000532632,-0.0015979,0.000532632
1773774993288,0.0898438,-0.216797,0.990234,0.000532632,0,-0.000532632
1773774993369,0.0893555,-0.215332,0.991699,-0.000532632,0,-0.000532632
1773774993440,0.0917969,-0.214355,0.990234,0.000532632,-0.000532632,0
1773774993522,0.0893555,-0.214355,0.990723,0,-0.000532632,-0.000532632
1773774993601,0.0908203,-0.21582,0.990234,-0.00106526,0,0
1773774993671,0.0869141,-0.214844,0.990234,0,-0.00106526,0.000532632
1773774993752,0.0883789,-0.214844,0.991211,-0.000532632,-0.00106526,-0.000532632
1773774993832,0.0883789,-0.215332,0.988281,-0.000532632,-0.0015979,0
1773774993903,0.0898438,-0.21582,0.990723,0,-0.000532632,0.000532632
1773774993983,0.0888672,-0.216309,0.990234,0.00106526,-0.00106526,-0.00106526
1773774994055,0.0883789,-0.214844,0.990234,-0.000532632,-0.00106526,-0.000532632
1773774994136,0.0869141,-0.213867,0.98877,0.000532632,-0.000532632,0
1773774994207,0.0888672,-0.217285,0.98877,0,-0.0015979,0
1773774994287,0.0913086,-0.214844,0.991211,-0.000532632,-0.000532632,0
1773774994366,0.0893555,-0.214844,0.991699,0,-0.00106526,-0.000532632
1773774994447,0.0883789,-0.216309,0.990234,0,-0.000532632,-0.000532632
1773774994518,0.0883789,-0.213867,0.990723,0,-0.00106526,0
1773774994597,0.0893555,-0.214355,0.991699,0.00106526,0,-0.000532632
1773774994678,0.0883789,-0.214844,0.986816,0.000532632,0,0.000532632
1773774994749,0.0893555,-0.21582,0.98877,0,-0.00106526,-0.000532632
1773774994830,0.0883789,-0.215332,0.989746,-0.000532632,-0.000532632,0
1773774994901,0.0888672,-0.214355,0.989746,0,-0.00106526,-0.000532632
1773774994980,0.0893555,-0.21582,0.990234,0,0,0
1773774995061,0.090332,-0.216797,0.990234,0.000532632,-0.000532632,-0.0015979
1773774995132,0.0893555,-0.21582,0.989258,0.000532632,-0.00106526,0.000532632
1773774995212,0.0893555,-0.216309,0.98877,-0.000532632,-0.000532632,0
1773774995292,0.0878906,-0.214844,0.988281,0.000532632,-0.00106526,0
1773774995365,0.0883789,-0.214355,0.989746,0.000532632,0,0.000532632
1773774995443,0.0883789,-0.215332,0.988281,0,-0.00106526,0.00106526
1773774995525,0.0874023,-0.214355,0.991211,0,-0.000532632,-0.000532632
1773774995594,0.0893555,-0.21875,0.988281,0.000532632,0,-0.000532632
1773774995676,0.090332,-0.215332,0.990723,-0.000532632,-0.00106526,0
1773774995755,0.0898438,-0.21582,0.991211,0.00106526,-0.000532632,0
1773774995827,0.0869141,-0.214844,0.989746,0,-0.000532632,0
1773774995906,0.0883789,-0.215332,0.98877,0.000532632,0,-0.00213053
1773774995988,0.0883789,-0.215332,0.98877,0.000532632,-0.000532632,-0.000532632
1773774996058,0.0878906,-0.21582,0.98877,-0.000532632,-0.0015979,0
1773774996140,0.0893555,-0.21582,0.989258,-0.00106526,-0.00106526,-0.00106526
1773774996212,0.0898438,-0.216797,0.990234,0.000532632,-0.000532632,0
1773774996290,0.0888672,-0.215332,0.990234,0,0,0.000532632
1773774996370,0.0888672,-0.214844,0.990234,-0.000532632,-0.000532632,0.00106526
1773774996450,0.0874023,-0.216309,0.991211,-0.000532632,-0.000532632,0
1773774996521,0.090332,-0.214355,0.990234,0.000532632,-0.000532632,0.000532632
1773774996602,0.0893555,-0.214844,0.991211,0.000532632,-0.0015979,0
1773774996682,0.0893555,-0.21582,0.990723,0.00106526,-0.00106526,-0.000532632
1773774996753,0.0883789,-0.214355,0.989258,-0.000532632,-0.000532632,-0.000532632
1773774996833,0.0898438,-0.214844,0.989746,0.00106526,-0.00106526,-0.000532632
1773774996904,0.0908203,-0.213867,0.987793,0.000532632,-0.00106526,0
1773774996984,0.0893555,-0.21582,0.988281,0,-0.000532632,-0.000532632
1773774997065,0.0893555,-0.215332,0.98877,-0.000532632,-0.0015979,0.000532632
1773774997135,0.0878906,-0.213379,0.988281,0.000532632,-0.00106526,0.000532632
1773774997216,0.0878906,-0.21582,0.989746,0.000532632,0.000532632,0
1773774997298,0.0883789,-0.215332,0.989746,0,0.000532632,0
1773774997367,0.0878906,-0.21582,0.988281,0,-0.000532632,-0.000532632
1773774997448,0.0878906,-0.216797,0.990723,0.00106526,-0.0015979,-0.000532632
1773774997528,0.0869141,-0.216309,0.988281,-0.000532632,-0.000532632,-0.000532632
1773774997600,0.0908203,-0.215332,0.989258,-0.000532632,-0.00106526,0
1773774997680,0.0874023,-0.217773,0.98877,0.000532632,0,0
1773774997760,0.0898438,-0.215332,0.990234,0,-0.000532632,0.000532632
1773774997830,0.0883789,-0.216309,0.989746,0,-0.00106526,0.000532632
1773774997912,0.0898438,-0.216309,0.989258,0.000532632,0,0
1773774997981,0.0878906,-0.21582,0.989258,0,-0.000532632,-0.00106526
1773774998062,0.0893555,-0.213867,0.991211,0.00106526,-0.00106526,0.00106526
1773774998143,0.0898438,-0.215332,0.991211,0.00106526,0.000532632,0
1773774998215,0.0883789,-0.216309,0.990234,-0.000532632,-0.000532632,0.000532632
1773774998294,0.0888672,-0.216797,0.989258,0.00106526,0,-0.000532632
1773774998374,0.0864258,-0.214844,0.989746,0.00106526,-0.00106526,0.000532632
1773774998445,0.0883789,-0.216797,0.990234,0,-0.000532632,0.00106526
1773774998525,0.0893555,-0.214355,0.990234,0.000532632,0,0.00106526
1773774998606,0.0878906,-0.216309,0.992188,0.000532632,-0.000532632,0.000532632
1773774998676,0.0878906,-0.214844,0.989258,0.00106526,-0.00106526,0.000532632
1773774998757,0.0874023,-0.214844,0.988281,0,-0.00106526,0
1773774998828,0.0898438,-0.213867,0.989258,0,0,0
1773774998908,0.0874023,-0.216309,0.989746,0.000532632,0,0.00106526
1773774998988,0.0888672,-0.212891,0.991211,0.00106526,-0.000532632,-0.000532632
1773774999069,0.0888672,-0.213867,0.98877,0.000532632,-0.00106526,0
1773774999140,0.0898438,-0.215332,0.989258,-0.000532632,-0.000532632,-0.000532632
1773774999220,0.0893555,-0.214355,0.988281,-0.000532632,-0.00106526,-0.000532632
1773774999291,0.0883789,-0.21582,0.98877,0,-0.000532632,0
1773774999371,0.0888672,-0.215332,0.989746,0.000532632,0,-0.000532632
1773774999452,0.0888672,-0.214844,0.988281,-0.000532632,-0.00106526,0.000532632
1773774999523,0.0878906,-0.21582,0.990234,0,-0.00106526,0
1773774999604,0.0883789,-0.215332,0.989746,0.000532632,-0.0015979,-0.000532632
1773774999683,0.0893555,-0.216309,0.989746,-0.000532632,-0.0015979,0
1773774999754,0.0883789,-0.216309,0.989258,0,0,0
1773774999835,0.0888672,-0.216309,0.989746,0.000532632,-0.000532632,0
1773774999915,0.0869141,-0.21582,0.98877,0,-0.000532632,0
1773774999985,0.0888672,-0.215332,0.988281,0,-0.00106526,0.00106526
1773775000066,0.0893555,-0.215332,0.990723,0,-0.000532632,-0.000532632
1773775000147,0.0864258,-0.213867,0.991699,0.000532632,-0.0015979,0
1773775000217,0.0878906,-0.215332,0.989746,0.000532632,-0.000532632,0.000532632
1773775000298,0.0893555,-0.215332,0.990234,0.000532632,0,0
1773775000378,0.0898438,-0.217285,0.991211,-0.000532632,0,0
1773775000449,0.0883789,-0.21582,0.990723,-0.000532632,-0.000532632,0.000532632
1773775000529,0.0898438,-0.21582,0.990234,0.000532632,0,0.00106526
1773775000600,0.0883789,-0.214355,0.991699,-0.000532632,0,-0.00106526
1773775000680,0.0878906,-0.217285,0.98877,0,-0.00106526,-0.000532632
1773775000761,0.0874023,-0.213867,0.991211,0,-0.000532632,-0.000532632
1773775000831,0.0878906,-0.21582,0.989258,0,0,0
1773775000913,0.0888672,-0.212891,0.990723,0,-0.000532632,0
1773775000983,0.0878906,-0.213379,0.990234,0,-0.00106526,0
1773775001064,0.0888672,-0.216309,0.990234,-0.000532632,-0.00106526,0
1773775001145,0.0874023,-0.216309,0.989258,-0.000532632,-0.000532632,0
1773775001224,0.0893555,-0.214844,0.990723,-0.000532632,-0.00106526,0
1773775001295,0.0888672,-0.21582,0.989258,0.00106526,-0.000532632,0.00106526
1773775001375,0.090332,-0.21582,0.992188,-0.00106526,-0.00106526,0.000532632
1773775001456,0.0888672,-0.217285,0.988281,0,-0.000532632,-0.00106526
1773775001527,0.0883789,-0.214355,0.98877,0.000532632,0,-0.000532632
1773775001608,0.090332,-0.213867,0.990723,-0.000532632,-0.0015979,0.00106526
1773775001677,0.0913086,-0.217285,0.991211,0.000532632,0,0
1773775001759,0.0888672,-0.216309,0.991699,-0.000532632,-0.000532632,0.000532632
1773775001841,0.0874023,-0.216797,0.989746,0,-0.00106526,-0.000532632
1773775001909,0.0878906,-0.216309,0.989258,0,-0.000532632,-0.000532632
1773775001989,0.0869141,-0.214355,0.989258,-0.00106526,-0.0015979,0.000532632
1773775002070,0.0883789,-0.213379,0.991211,0,0,-0.000532632
1773775002143,0.0913086,-0.215332,0.987793,0,0,0
1773775002221,0.0883789,-0.21582,0.989258,0.000532632,-0.000532632,-0.000532632
1773775002302,0.0878906,-0.216797,0.989258,0.000532632,0.000532632,0.000532632
1773775002372,0.0883789,-0.215332,0.990723,0.000532632,-0.000532632,-0.000532632
1773775002454,0.0898438,-0.215332,0.990234,0.000532632,-0.000532632,-0.00106526
1773775002525,0.0898438,-0.215332,0.989746,-0.000532632,-0.000532632,-0.00106526
1773775002604,0.0898438,-0.215332,0.991211,0.000532632,-0.00106526,0
1773775002684,0.0874023,-0.218262,0.990234,-0.00106526,-0.00106526,0.000532632
1773775002765,0.0874023,-0.212891,0.991699,0.00106526,-0.00106526,0.000532632
1773775002837,0.0922852,-0.215332,0.990723,0,-0.00106526,0
1773775002916,0.0898438,-0.21582,0.990723,0,0,0.000532632
1773775002987,0.0913086,-0.213867,0.989258,0.000532632,-0.000532632,0
1773775003067,0.0869141,-0.213867,0.98877,0.000532632,-0.0015979,-0.00106526
1773775003148,0.0908203,-0.215332,0.988281,0,0.000532632,0.000532632
1773775003218,0.0883789,-0.215332,0.98877,0.000532632,-0.00106526,0
1773775003299,0.0908203,-0.216309,0.989746,0,-0.00106526,0
1773775003379,0.0898438,-0.212891,0.989746,-0.000532632,-0.000532632,0.000532632
1773775003450,0.0883789,-0.21582,0.989746,0,-0.000532632,-0.00106526
1773775003531,0.0893555,-0.214355,0.989258,0,0.000532632,-0.000532632
1773775003611,0.0888672,-0.215332,0.990723,0,-0.00106526,0.000532632
1773775003682,0.0883789,-0.216309,0.990723,-0.000532632,-0.000532632,-0.000532632
1773775003763,0.0874023,-0.216309,0.991211,0,0,0
1773775003843,0.090332,-0.21582,0.988281,0.000532632,-0.000532632,0
1773775003914,0.0893555,-0.217285,0.990723,0,-0.000532632,-0.0015979
1773775003994,0.0893555,-0.216797,0.988281,0,-0.000532632,0
1773775004067,0.0883789,-0.214844,0.990723,-0.000532632,0,0
1773775004148,0.0898438,-0.215332,0.990723,0.00106526,-0.00106526,0.000532632
1773775004226,0.0883789,-0.214355,0.990234,0.000532632,-0.000532632,-0.000532632
1773775004296,0.0888672,-0.215332,0.98877,0,-0.00106526,0
1773775004378,0.0898438,-0.216309,0.989258,0,-0.000532632,0.000532632
1773775004459,0.0893555,-0.214844,0.990234,0.000532632,0,0.000532632
1773775004528,0.0913086,-0.214844,0.98877,-0.00106526,0,0
1773775004609,0.0893555,-0.216309,0.991211,0.000532632,-0.000532632,0.000532632
1773775004689,0.0883789,-0.217285,0.990234,0.000532632,-0.0015979,0.000532632
1773775004760,0.0883789,-0.215332,0.989746,0.00106526,-0.000532632,-0.000532632
1773775004840,0.0893555,-0.215332,0.990234,0.000532632,-0.000532632,0.000532632
1773775004921,0.0893555,-0.216309,0.989746,-0.000532632,-0.0015979,0.000532632
1773775004991,0.0878906,-0.21582,0.990234,0,-0.0015979,0
1773775005071,0.0878906,-0.213867,0.989258,0,-0.000532632,0
1773775005152,0.0883789,-0.216309,0.989258,0.000532632,-0.00106526,-0.00106526
1773775005224,0.0869141,-0.213867,0.988281,0.000532632,-0.000532632,0
1773775005303,0.0883789,-0.213867,0.990234,0,-0.00106526,-0.000532632
1773775005374,0.0883789,-0.21582,0.98877,-0.000532632,0,-0.00106526
1773775005454,0.0893555,-0.216797,0.990234,0,-0.00106526,0
1773775005534,0.0913086,-0.216797,0.988281,0.000532632,-0.000532632,0.000532632
1773775005605,0.0893555,-0.213867,0.990234,0,-0.00106526,0
1773775005686,0.0874023,-0.21582,0.989258,0.00106526,-0.00106526,-0.000532632
1773775005766,0.0869141,-0.216309,0.98877,0.000532632,0,-0.000532632
1773775005837,0.0913086,-0.214844,0.990234,0,-0.0015979,-0.000532632
1773775005917,0.0893555,-0.214844,0.990234,0,0,-0.000532632
1773775005998,0.0878906,-0.216309,0.990234,0.000532632,-0.000532632,0.0015979
1773775006068,0.0888672,-0.213867,0.989746,0,-0.00106526,0.000532632
1773775006149,0.090332,-0.216797,0.990234,-0.000532632,-0.00106526,0
1773775006229,0.0908203,-0.216309,0.987793,0.00106526,-0.00106526,0.000532632
1773775006300,0.0888672,-0.213867,0.990234,0.00106526,0.000532632,0.000532632
1773775006380,0.0878906,-0.214844,0.989258,-0.000532632,-0.000532632,0.000532632
1773775006452,0.0893555,-0.214844,0.990723,0.000532632,-0.00106526,-0.000532632
1773775006531,0.0893555,-0.214844,0.989746,0.000532632,-0.000532632,-0.00106526
1773775006612,0.0878906,-0.213867,0.990723,0.000532632,-0.000532632,0.0015979
1773775006682,0.090332,-0.214844,0.990234,0.000532632,-0.00106526,-0.000532632
1773775006765,0.0893555,-0.215332,0.98877,-0.000532632,-0.000532632,-0.00106526
1773775006844,0.0888672,-0.21582,0.991699,-0.000532632,-0.000532632,-0.000532632
1773775006914,0.0888672,-0.214844,0.989746,0.00106526,-0.000532632,-0.000532632
1773775006996,0.0888672,-0.217285,0.989746,0.000532632,-0.000532632,-0.000532632
1773775007066,0.0893555,-0.216309,0.98877,0.000532632,-0.00106526,0
1773775007146,0.0893555,-0.215332,0.988281,0,-0.00106526,0
1773775007228,0.0878906,-0.214355,0.990723,0.000532632,-0.000532632,-0.000532632
1773775007307,0.0893555,-0.213379,0.991699,0,-0.000532632,0.000532632
1773775007377,0.0893555,-0.21582,0.989746,0.00106526,-0.000532632,0.000532632
1773775007462,0.0883789,-0.214355,0.991211,0.00106526,-0.000532632,-0.00106526
1773775007538,0.0898438,-0.214355,0.987305,-0.000532632,-0.000532632,0
1773775007609,0.0893555,-0.216309,0.989258,-0.000532632,0,0.00106526
1773775007689,0.0893555,-0.216309,0.990723,-0.000532632,-0.00106526,0.000532632
1773775007760,0.0878906,-0.213379,0.990234,0.000532632,0,-0.00106526
1773775007840,0.0893555,-0.216797,0.989258,-0.000532632,-0.000532632,0
1773775007921,0.0883789,-0.214844,0.98877,0,0.000532632,0
1773775007991,0.0898438,-0.216309,0.990723,-0.000532632,-0.000532632,-0.000532632
1773775008072,0.0883789,-0.214844,0.990723,-0.000532632,-0.00106526,0.000532632
1773775008143,0.0883789,-0.214355,0.990723,0,-0.000532632,-0.000532632
1773775008224,0.0888672,-0.212891,0.987793,0,-0.0015979,0
1773775008304,0.0898438,-0.214355,0.98877,0.000532632,-0.00106526,0.000532632
1773775008384,0.0888672,-0.215332,0.990723,0,0,-0.00106526
1773775008455,0.0898438,-0.214844,0.989746,0.000532632,-0.000532632,0
1773775008535,0.0864258,-0.216797,0.990234,0,-0.00106526,-0.00106526
1773775008616,0.0893555,-0.214355,0.989258,0.00106526,0,-0.000532632
1773775008686,0.0908203,-0.21582,0.988281,0,-0.0015979,0
1773775008767,0.0874023,-0.213867,0.990234,0,-0.0015979,0.000532632
1773775008837,0.0883789,-0.215332,0.987793,0,-0.00106526,0
1773775008918,0.0898438,-0.215332,0.989258,-0.00106526,0,0
1773775008998,0.0898438,-0.214844,0.991699,0,-0.000532632,0
1773775009079,0.0893555,-0.215332,0.990234,0,0.000532632,0.000532632
1773775009149,0.0878906,-0.213379,0.989258,0.000532632,-0.000532632,0.000532632
1773775009230,0.0888672,-0.214844,0.990234,0.000532632,-0.000532632,0
1773775009300,0.090332,-0.214355,0.990234,0.00106526,0,-0.000532632
1773775009381,0.0893555,-0.214355,0.990234,0.000532632,-0.000532632,-0.000532632
1773775009462,0.0898438,-0.213379,0.98877,-0.000532632,-0.000532632,0
1773775009532,0.0878906,-0.216797,0.989746,-0.00106526,-0.000532632,-0.000532632
1773775009613,0.0908203,-0.214844,0.990723,-0.000532632,0,0.000532632
1773775009693,0.0888672,-0.217285,0.98877,-0.000532632,-0.000532632,-0.000532632
1773775009763,0.0893555,-0.21582,0.990723,0,-0.000532632,0
1773775009844,0.0908203,-0.214355,0.991211,0,-0.00106526,0
1773775009925,0.0883789,-0.217285,0.989258,0,-0.0015979,0
1773775009995,0.0888672,-0.215332,0.989258,-0.000532632,-0.000532632,0.000532632
1773775010078,0.0908203,-0.214844,0.992188,-0.000532632,-0.00106526,-0.000532632
1773775010146,0.0888672,-0.215332,0.992676,0,0,0
1773775010227,0.0893555,-0.216797,0.986816,0,-0.000532632,0.000532632
1773775010308,0.0898438,-0.21582,0.987305,0,-0.000532632,-0.00106526
1773775010378,0.0869141,-0.215332,0.989746,-0.000532632,-0.000532632,-0.000532632
1773775010462,0.0874023,-0.215332,0.990234,-0.000532632,0,0.000532632
1773775010539,0.090332,-0.216309,0.98877,0.000532632,0.000532632,0
1773775010610,0.0878906,-0.215332,0.988281,0,0,0
1773775010690,0.0888672,-0.214844,0.98877,0,0,-0.000532632
1773775010771,0.0898438,-0.21582,0.98877,0.000532632,0.000532632,-0.000532632
1773775010842,0.0893555,-0.21582,0.989746,-0.000532632,-0.000532632,-0.000532632
1773775010923,0.0878906,-0.214844,0.990723,0,0,0.00106526
1773775011002,0.0908203,-0.21582,0.989258,0.000532632,0,0
1773775011073,0.0878906,-0.213867,0.990723,0.000532632,-0.000532632,0.00106526
1773775011156,0.0893555,-0.214844,0.98877,-0.00106526,0,0.000532632
1773775011234,0.0893555,-0.215332,0.989746,-0.00106526,-0.00106526,-0.000532632
1773775011304,0.0888672,-0.216309,0.989746,-0.000532632,0,-0.00106526
1773775011385,0.0874023,-0.21582,0.989258,-0.000532632,-0.000532632,-0.000532632
1773775011466,0.0893555,-0.213867,0.990723,-0.000532632,-0.000532632,-0.000532632
1773775011536,0.0878906,-0.216309,0.990723,-0.00106526,0,-0.000532632
1773775011617,0.0888672,-0.21582,0.991699,-0.000532632,0,0
1773775011687,0.0883789,-0.214844,0.989746,0.000532632,-0.000532632,0
1773775011768,0.0898438,-0.215332,0.989746,-0.000532632,-0.000532632,0
1773775011848,0.0888672,-0.216797,0.990723,0.000532632,0,0
1773775011919,0.0893555,-0.216797,0.990723,0,-0.00106526,-0.000532632
1773775012000,0.0888672,-0.214844,0.989258,0,-0.0015979,0
1773775012070,0.0898438,-0.213867,0.990234,0.000532632,-0.0015979,0
1773775012150,0.0898438,-0.216797,0.990234,0.000532632,-0.000532632,-0.000532632
1773775012232,0.0874023,-0.217773,0.990723,0,-0.00106526,-0.000532632
1773775012312,0.0883789,-0.216797,0.98877,0.000532632,-0.00106526,0
1773775012383,0.0878906,-0.216797,0.98877,0.000532632,-0.00106526,0.000532632
1773775012464,0.090332,-0.216309,0.988281,0.000532632,-0.0015979,0
1773775012533,0.0893555,-0.215332,0.989746,0,0,-0.000532632
1773775012614,0.0883789,-0.217773,0.990234,0.000532632,-0.000532632,-0.000532632
1773775012694,0.0893555,-0.21582,0.989746,0,-0.000532632,0
1773775012775,0.0888672,-0.21582,0.987305,0.00106526,-0.000532632,0
1773775012845,0.0878906,-0.214355,0.990234,0.00106526,-0.000532632,-0.000532632
1773775012926,0.0874023,-0.216309,0.989258,0,-0.00106526,-0.000532632
1773775012996,0.0893555,-0.216309,0.990234,0.000532632,-0.00106526,0.00106526
1773775013077,0.0869141,-0.214355,0.991699,-0.000532632,-0.00106526,0.000532632
1773775013159,0.0893555,-0.214844,0.989746,0,-0.000532632,0
1773775013228,0.0893555,-0.21582,0.991699,0,-0.000532632,-0.000532632
1773775013308,0.090332,-0.21582,0.989746,0,0.000532632,0.000532632
1773775013389,0.0893555,-0.214844,0.989746,-0.000532632,0,0
1773775013460,0.0878906,-0.21582,0.989258,0,-0.000532632,0
1773775013540,0.0913086,-0.215332,0.987793,-0.000532632,-0.000532632,0
1773775013621,0.0908203,-0.214844,0.989258,-0.000532632,-0.00213053,0
1773775013691,0.0883789,-0.21582,0.989258,0.000532632,-0.00106526,0
1773775013772,0.0898438,-0.216797,0.990234,0.000532632,-0.00106526,-0.000532632
1773775013852,0.0898438,-0.216797,0.990234,-0.000532632,-0.00106526,0.00106526
1773775013923,0.0888672,-0.216309,0.990234,-0.000532632,0.000532632,0.00106526
1773775014004,0.0874023,-0.212402,0.990234,-0.00106526,-0.0015979,-0.000532632
1773775014074,0.0888672,-0.21582,0.991699,-0.00106526,-0.00106526,0
1773775014159,0.0888672,-0.215332,0.989746,0,-0.00106526,0.000532632
1773775014236,0.090332,-0.214355,0.990723,0.000532632,-0.000532632,0
1773775014306,0.0893555,-0.218262,0.987793,0.000532632,-0.000532632,0
1773775014387,0.0874023,-0.215332,0.988281,0.00106526,-0.000532632,-0.00106526
1773775014467,0.0893555,-0.214844,0.990723,0.00106526,0,0.000532632
1773775014538,0.0893555,-0.215332,0.988281,0,-0.00106526,-0.00106526
1773775014618,0.0888672,-0.21582,0.989746,0.000532632,-0.00106526,0.000532632
1773775014699,0.0878906,-0.215332,0.990234,0.000532632,-0.000532632,0.000532632
1773775014770,0.0888672,-0.214355,0.989746,-0.00106526,-0.000532632,0
1773775014851,0.0888672,-0.214355,0.989746,-0.000532632,0.000532632,-0.0015979
1773775014930,0.090332,-0.21582,0.989746,0.00106526,-0.00106526,0.000532632
1773775015001,0.0883789,-0.215332,0.990234,0,0,0
1773775015082,0.0893555,-0.216309,0.989746,-0.000532632,-0.000532632,0
1773775015152,0.0878906,-0.21582,0.988281,0.000532632,-0.0015979,0
1773775015233,0.0888672,-0.214355,0.989258,0.000532632,-0.000532632,0
1773775015313,0.0869141,-0.21582,0.98877,-0.000532632,-0.000532632,0.000532632
1773775015384,0.0874023,-0.21582,0.990234,-0.000532632,-0.000532632,0.000532632
1773775015464,0.0883789,-0.214355,0.990723,0,-0.000532632,-0.0015979
1773775015545,0.0859375,-0.215332,0.990234,0,0,0.000532632
1773775015615,0.0883789,-0.216309,0.98877,0,-0.00106526,0.000532632
1773775015696,0.0893555,-0.216797,0.990234,0.000532632,-0.00106526,0.000532632
1773775015776,0.0893555,-0.217285,0.989746,-0.000532632,0,0.00106526
1773775015848,0.0859375,-0.215332,0.989746,0.00106526,-0.000532632,0
1773775015927,0.090332,-0.216797,0.987305,0,-0.000532632,-0.00106526
1773775016007,0.0878906,-0.215332,0.988281,-0.000532632,0,-0.000532632
1773775016078,0.0898438,-0.214844,0.990723,0.000532632,0,-0.000532632
1773775016162,0.0893555,-0.215332,0.988281,0.00106526,-0.00106526,0.000532632
1773775016229,0.090332,-0.214844,0.991211,0.000532632,-0.000532632,-0.000532632
1773775016309,0.0878906,-0.218262,0.990723,0,0,-0.00106526
1773775016390,0.0898438,-0.217285,0.990234,0.000532632,-0.0015979,0.00106526
1773775016463,0.0864258,-0.216797,0.98877,0.000532632,-0.000532632,0
1773775016541,0.0878906,-0.214355,0.989746,0,-0.000532632,-0.000532632
1773775016622,0.0888672,-0.21582,0.991211,-0.0015979,0,0.000532632
1773775016692,0.0893555,-0.21582,0.990234,-0.00106526,-0.00106526,-0.000532632
1773775016773,0.0898438,-0.217285,0.989746,-0.00106526,0,0.000532632
1773775016853,0.0898438,-0.214355,0.990723,-0.000532632,-0.000532632,0
1773775016924,0.0883789,-0.21582,0.990234,0.000532632,0,-0.000532632
1773775017004,0.0898438,-0.214844,0.989746,0,-0.00106526,0
1773775017085,0.0878906,-0.213867,0.989258,-0.000532632,0,0.00106526
1773775017155,0.0888672,-0.21582,0.989258,0,-0.000532632,-0.000532632
1773775017236,0.0883789,-0.216309,0.990234,0,0,-0.000532632
1773775017316,0.0864258,-0.216309,0.990723,-0.000532632,0,-0.000532632
1773775017388,0.0874023,-0.21582,0.989258,0.00106526,-0.000532632,-0.000532632
1773775017467,0.0878906,-0.21582,0.990234,-0.000532632,-0.0015979,-0.000532632
1773775017548,0.0883789,-0.214355,0.991211,-0.000532632,0,0.000532632
1773775017618,0.0898438,-0.217773,0.989258,0.00106526,-0.00106526,0.00106526
1773775017700,0.0898438,-0.216797,0.991699,0.000532632,-0.000532632,0.000532632
1773775017771,0.0893555,-0.214844,0.989746,-0.000532632,0,-0.00106526
1773775017850,0.0869141,-0.21582,0.991211,0.000532632,0,-0.000532632
1773775017930,0.0898438,-0.215332,0.990234,0.000532632,-0.000532632,-0.000532632
1773775018001,0.090332,-0.214844,0.990234,0.00106526,-0.000532632,0.000532632
1773775018081,0.0864258,-0.214844,0.989746,0.000532632,-0.000532632,-0.000532632
1773775018162,0.0883789,-0.216309,0.991699,0.000532632,0,-0.000532632
1773775018232,0.0869141,-0.217285,0.990723,0,-0.000532632,0
1773775018315,0.0888672,-0.216797,0.990723,0,0,0.000532632
1773775018394,0.0878906,-0.216797,0.990723,0.000532632,-0.000532632,-0.000532632
1773775018464,0.0893555,-0.215332,0.991211,-0.00106526,-0.000532632,0.000532632
1773775018545,0.0898438,-0.21582,0.989746,-0.00106526,-0.00106526,-0.000532632
1773775018625,0.0893555,-0.21582,0.991211,-0.000532632,0,0.000532632
1773775018696,0.0878906,-0.217285,0.989746,0,0,0
1773775018776,0.0883789,-0.21582,0.990723,0,-0.00106526,0.000532632
1773775018848,0.0898438,-0.216309,0.989746,-0.000532632,-0.000532632,0
1773775018927,0.0874023,-0.21582,0.990723,0,-0.000532632,0
1773775019008,0.0883789,-0.216797,0.989258,-0.000532632,-0.000532632,0
1773775019088,0.0874023,-0.215332,0.989258,-0.00106526,-0.000532632,0
1773775019159,0.0869141,-0.215332,0.988281,0.000532632,0,-0.000532632
1773775019240,0.0898438,-0.21582,0.98877,0,-0.00106526,-0.000532632
1773775019310,0.090332,-0.213379,0.990234,0,-0.00106526,0
1773775019391,0.0888672,-0.216797,0.990234,0.000532632,-0.000532632,-0.000532632
1773775019471,0.0893555,-0.215332,0.989258,0.00106526,-0.000532632,-0.000532632
1773775019541,0.0878906,-0.216797,0.990234,0,-0.000532632,0
1773775019622,0.0893555,-0.215332,0.991211,0.000532632,0,-0.000532632
1773775019702,0.0898438,-0.214844,0.989746,0,-0.000532632,0.000532632
1773775019773,0.0874023,-0.21582,0.989746,-0.000532632,0.000532632,0.00106526
1773775019853,0.0898438,-0.216309,0.991211,0.000532632,0,-0.000532632
1773775019934,0.0869141,-0.215332,0.989258,0,0,0.000532632
1773775020004,0.0893555,-0.214355,0.989258,-0.00106526,-0.00106526,-0.000532632
1773775020086,0.0893555,-0.21582,0.990723,0.000532632,0,0
1773775020165,0.0898438,-0.21582,0.989746,0,-0.00106526,0
1773775020236,0.0893555,-0.21582,0.990234,0,-0.0015979,0.000532632
1773775020317,0.0888672,-0.216309,0.989746,0.00106526,-0.000532632,0
1773775020397,0.0883789,-0.216309,0.98877,0,0,0.00106526
1773775020468,0.0888672,-0.215332,0.98877,0.000532632,-0.000532632,-0.00106526
1773775020548,0.0908203,-0.21582,0.989746,0.000532632,-0.00106526,-0.000532632
1773775020619,0.0898438,-0.215332,0.98877,0,0,0
1773775020699,0.0888672,-0.216309,0.989258,-0.00106526,-0.00106526,0
1773775020780,0.0888672,-0.215332,0.989746,0.0015979,-0.000532632,-0.00106526
1773775020850,0.090332,-0.217285,0.990723,0,-0.000532632,0
1773775020931,0.0888672,-0.215332,0.989258,0,-0.00106526,0.000532632
1773775021011,0.090332,-0.213867,0.990723,0.000532632,-0.000532632,-0.000532632
1773775021082,0.0893555,-0.216309,0.98877,0,-0.0015979,-0.000532632
1773775021162,0.0893555,-0.215332,0.98877,0.000532632,-0.0015979,0
1773775021243,0.0893555,-0.216309,0.990234,0.000532632,0,0.000532632
1773775021313,0.090332,-0.215332,0.990723,0,-0.000532632,0
1773775021394,0.0878906,-0.21582,0.989258,0,0,0.000532632
1773775021466,0.0883789,-0.213867,0.990234,0.000532632,-0.00106526,0
1773775021548,0.0874023,-0.214355,0.98877,0,0.000532632,0.00106526
1773775021627,0.0898438,-0.214844,0.989746,-0.00106526,-0.00106526,0
1773775021706,0.0883789,-0.213867,0.989746,-0.000532632,-0.000532632,-0.000532632
1773775021776,0.0898438,-0.216797,0.989746,0,-0.000532632,0
1773775021857,0.0878906,-0.214844,0.991211,0,-0.0015979,0.000532632
1773775021927,0.0883789,-0.215332,0.989258,0,0,0
1773775022008,0.0888672,-0.214355,0.986816,0,-0.000532632,0
1773775022088,0.0869141,-0.21582,0.990234,-0.000532632,-0.000532632,0
1773775022159,0.0878906,-0.216309,0.989258,-0.000532632,-0.00106526,-0.000532632
1773775022240,0.0898438,-0.216797,0.989746,0.000532632,-0.000532632,0
1773775022320,0.0874023,-0.214355,0.989258,0,-0.000532632,0
1773775022391,0.0878906,-0.213867,0.98877,-0.000532632,-0.000532632,-0.000532632
1773775022471,0.0883789,-0.215332,0.990234,0.00106526,0,0
1773775022552,0.0898438,-0.212891,0.989746,-0.000532632,-0.00106526,0
1773775022622,0.0883789,-0.216797,0.98877,0.000532632,-0.000532632,0.0015979
1773775022703,0.090332,-0.21582,0.989746,0,-0.000532632,-0.000532632
1773775022784,0.0888672,-0.215332,0.990234,0.00106526,-0.00106526,-0.000532632
1773775022854,0.0878906,-0.21582,0.991211,0,-0.000532632,-0.000532632
1773775022934,0.0883789,-0.213379,0.98877,0.000532632,0,0.000532632
1773775023015,0.0888672,-0.214355,0.989258,0,-0.0015979,-0.00106526
1773775023086,0.0878906,-0.215332,0.990234,-0.00106526,-0.00106526,0.000532632
1773775023166,0.0874023,-0.215332,0.98877,0,-0.0015979,0.00106526
1773775023237,0.090332,-0.216309,0.988281,-0.00106526,0,0
1773775023317,0.0883789,-0.216797,0.989258,0,-0.00106526,0.000532632
1773775023397,0.0869141,-0.215332,0.98877,-0.000532632,-0.00106526,0.00106526
1773775023468,0.0874023,-0.216797,0.988281,-0.000532632,-0.000532632,0.000532632
1773775023548,0.0874023,-0.212891,0.991211,0,-0.000532632,0
1773775023629,0.0878906,-0.215332,0.989746,0,-0.00106526,0
1773775023699,0.0893555,-0.214355,0.990723,0.000532632,-0.00106526,0.000532632
1773775023780,0.0874023,-0.214355,0.990723,0,0,-0.000532632
1773775023860,0.0893555,-0.215332,0.990234,0,-0.000532632,0
1773775023932,0.0893555,-0.214844,0.98877,0.000532632,-0.000532632,0
1773775024011,0.0893555,-0.215332,0.991699,0.000532632,0,-0.000532632
1773775024092,0.090332,-0.214844,0.98877,-0.00106526,-0.000532632,-0.000532632
1773775024166,0.0888672,-0.214844,0.992188,-0.000532632,0,0.000532632
1773775024243,0.090332,-0.214844,0.98877,0.000532632,0,-0.00106526
1773775024324,0.0883789,-0.217285,0.989258,0,0.000532632,0
1773775024394,0.0898438,-0.21582,0.991211,0,0,0
1773775024475,0.0874023,-0.216309,0.990723,0,-0.000532632,-0.000532632
1773775024555,0.0878906,-0.21582,0.990234,0.00106526,0,0
1773775024626,0.090332,-0.21582,0.990234,0.00106526,-0.00106526,0
1773775024706,0.0893555,-0.215332,0.989746,0.000532632,0.000532632,0
1773775024777,0.0893555,-0.215332,0.989258,0.000532632,0,0.000532632
1773775024857,0.0898438,-0.21582,0.989746,0.000532632,0,0
1773775024938,0.0893555,-0.21582,0.990234,0,0,0
1773775025008,0.090332,-0.214844,0.98877,0,-0.00106526,0.000532632
1773775025089,0.0888672,-0.214844,0.991211,0,-0.000532632,-0.000532632
1773775025169,0.0888672,-0.214844,0.989746,0,-0.000532632,0.00106526
1773775025240,0.0888672,-0.21582,0.990723,0.00106526,-0.00106526,-0.000532632
1773775025320,0.0854492,-0.215332,0.991699,0.000532632,-0.000532632,0
1773775025401,0.0893555,-0.21582,0.989258,0.00106526,-0.00106526,-0.000532632
1773775025471,0.0888672,-0.215332,0.990234,0,-0.000532632,0
1773775025552,0.0898438,-0.214355,0.989746,0,-0.00106526,0.00106526
1773775025633,0.0913086,-0.214355,0.990723,0.00106526,-0.000532632,-0.000532632
1773775025703,0.0932617,-0.215332,0.989258,0,-0.000532632,-0.00106526
1773775025784,0.0908203,-0.215332,0.990234,0.00106526,-0.000532632,-0.000532632
1773775025855,0.0888672,-0.21582,0.991699,0.000532632,-0.000532632,-0.000532632
1773775025935,0.0869141,-0.215332,0.98877,0.000532632,-0.000532632,0
1773775026015,0.090332,-0.213379,0.992188,-0.000532632,-0.00213053,0.000532632
1773775026087,0.0883789,-0.214355,0.989746,0.000532632,-0.00106526,0
1773775026168,0.0898438,-0.214844,0.990723,-0.000532632,-0.000532632,-0.00106526
1773775026247,0.0888672,-0.214844,0.98877,-0.00106526,0,0
1773775026318,0.0888672,-0.214355,0.989746,-0.000532632,-0.00106526,0
1773775026398,0.0869141,-0.215332,0.98877,-0.000532632,0,0
1773775026479,0.0898438,-0.215332,0.98877,0,-0.000532632,0
1773775026549,0.0883789,-0.215332,0.988281,0,-0.000532632,0
1773775026631,0.0874023,-0.216309,0.989746,-0.000532632,0,-0.00106526
1773775026700,0.0874023,-0.215332,0.992188,0,-0.000532632,0
1773775026782,0.0883789,-0.215332,0.989746,-0.000532632,-0.000532632,0.000532632
1773775026861,0.0893555,-0.216797,0.990723,0.000532632,-0.000532632,0
1773775026942,0.0864258,-0.216309,0.990234,-0.00106526,-0.00106526,-0.000532632
1773775027012,0.090332,-0.214844,0.990234,-0.00106526,-0.000532632,0
1773775027096,0.0888672,-0.213867,0.990234,-0.000532632,-0.00106526,0
1773775027163,0.0888672,-0.21582,0.989746,0,-0.000532632,0
1773775027244,0.0888672,-0.21582,0.98877,-0.00106526,-0.00106526,0.000532632
1773775027325,0.0898438,-0.216309,0.990234,0.000532632,0,-0.000532632
1773775027397,0.0893555,-0.215332,0.990234,-0.000532632,0,-0.00106526
1773775027476,0.0888672,-0.215332,0.990234,0,-0.00106526,-0.000532632
1773775027556,0.0883789,-0.216797,0.990234,0,-0.000532632,0
1773775027627,0.0898438,-0.216309,0.988281,-0.000532632,0,0.000532632
1773775027708,0.0883789,-0.215332,0.98877,0,0,0
1773775027789,0.0888672,-0.217773,0.987793,0,-0.000532632,0.00106526
1773775027862,0.0883789,-0.216797,0.990234,0.000532632,0.000532632,-0.000532632
1773775027939,0.0883789,-0.214844,0.989258,0.000532632,-0.000532632,0
1773775028020,0.0874023,-0.216797,0.991699,0.000532632,-0.00106526,0.000532632
1773775028092,0.0883789,-0.214844,0.990234,0,-0.00106526,-0.000532632
1773775028172,0.0888672,-0.214844,0.988281,-0.000532632,-0.00106526,0.000532632
1773775028242,0.0893555,-0.215332,0.989746,0,-0.000532632,-0.00106526
1773775028324,0.0888672,-0.215332,0.989258,-0.000532632,-0.000532632,-0.0015979
1773775028403,0.0878906,-0.214844,0.989746,0.000532632,-0.000532632,0.000532632
1773775028473,0.0898438,-0.215332,0.989746,-0.00106526,0,0.000532632
1773775028554,0.0898438,-0.216309,0.990234,-0.00106526,0,-0.000532632
1773775028635,0.090332,-0.216309,0.991699,0,-0.00106526,0.000532632
1773775028705,0.0888672,-0.216309,0.989258,0,0,0
1773775028787,0.0883789,-0.215332,0.991211,-0.000532632,0,0.000532632
1773775028866,0.0878906,-0.213867,0.991211,-0.000532632,-0.0015979,0.00106526
1773775028941,0.090332,-0.214844,0.992188,0,0,0
1773775029018,0.0898438,-0.21582,0.990234,0,-0.00106526,-0.000532632
1773775029090,0.0913086,-0.212891,0.989746,-0.000532632,-0.000532632,0.000532632
1773775029169,0.0883789,-0.215332,0.98877,-0.000532632,0,0
1773775029249,0.0888672,-0.216309,0.988281,-0.000532632,-0.000532632,0
1773775029320,0.0878906,-0.215332,0.990723,0,-0.0015979,-0.00106526
1773775029400,0.0893555,-0.215332,0.990723,0,-0.00106526,-0.00106526
1773775029481,0.0888672,-0.216309,0.989258,0,-0.00106526,0
1773775029551,0.0898438,-0.21582,0.989746,0,-0.00106526,-0.000532632
1773775029632,0.0888672,-0.217285,0.989746,-0.000532632,0,0.00106526
1773775029712,0.0893555,-0.216309,0.988281,-0.000532632,-0.000532632,0
1773775029785,0.0888672,-0.21582,0.989258,0.000532632,-0.000532632,0
1773775029864,0.0893555,-0.216309,0.990723,-0.00106526,-0.00106526,0.000532632
1773775029945,0.0888672,-0.214355,0.987793,-0.000532632,-0.00106526,0
1773775030014,0.0869141,-0.214844,0.987793,0,-0.000532632,-0.000532632
1773775030095,0.0888672,-0.215332,0.991211,-0.000532632,0.000532632,0
1773775030167,0.0888672,-0.214355,0.989258,0,-0.00106526,0.000532632
1773775030246,0.0908203,-0.215332,0.989746,-0.000532632,-0.00106526,-0.000532632
1773775030328,0.0883789,-0.21582,0.989746,0,-0.00106526,0
1773775030407,0.090332,-0.215332,0.990723,0.0015979,-0.000532632,-0.000532632
1773775030479,0.0898438,-0.215332,0.98877,0,0,0
1773775030558,0.0874023,-0.214355,0.989746,-0.000532632,-0.00213053,-0.000532632
1773775030630,0.0874023,-0.214844,0.991211,0,0,-0.00106526
1773775030710,0.0878906,-0.214844,0.990234,-0.000532632,-0.000532632,0
1773775030790,0.0908203,-0.21582,0.990723,0,-0.000532632,0.000532632
1773775030861,0.0883789,-0.213379,0.990234,-0.000532632,-0.0015979,-0.000532632
1773775030941,0.0922852,-0.21582,0.988281,0.000532632,-0.00106526,-0.000532632
1773775031022,0.0874023,-0.215332,0.991211,0,-0.000532632,-0.000532632
1773775031092,0.090332,-0.214844,0.989746,0.000532632,0,0
1773775031175,0.0913086,-0.215332,0.989258,0,-0.00106526,0.000532632
1773775031254,0.0893555,-0.216309,0.990234,-0.000532632,-0.00106526,0.000532632
1773775031325,0.0888672,-0.214844,0.990234,0.000532632,-0.000532632,0
1773775031404,0.0888672,-0.216797,0.989258,-0.000532632,-0.00106526,-0.00106526
1773775031485,0.0898438,-0.214844,0.988281,0.000532632,-0.000532632,0
1773775031556,0.0878906,-0.21582,0.989258,0,0,-0.000532632
1773775031636,0.0898438,-0.216797,0.989258,0,-0.0015979,0.000532632
1773775031706,0.0888672,-0.214844,0.98877,0,-0.000532632,-0.000532632
1773775031788,0.0893555,-0.215332,0.988281,0.000532632,-0.000532632,0
1773775031868,0.0874023,-0.214844,0.989746,0,0,-0.000532632
1773775031938,0.0878906,-0.214355,0.988281,-0.000532632,0,-0.000532632
1773775032019,0.0898438,-0.21582,0.989746,-0.00106526,0,0.000532632
1773775032099,0.0888672,-0.21582,0.991211,0.000532632,-0.000532632,-0.000532632
1773775032170,0.0888672,-0.215332,0.990234,0,0,0
1773775032250,0.090332,-0.214355,0.989258,0,0,-0.000532632
1773775032332,0.0874023,-0.21582,0.991211,0.000532632,-0.00106526,0
1773775032403,0.0913086,-0.216309,0.989746,0.000532632,-0.00106526,0.000532632
1773775032482,0.0869141,-0.216797,0.988281,0.000532632,-0.00106526,-0.000532632
1773775032562,0.0874023,-0.215332,0.989746,0,-0.000532632,-0.000532632
1773775032634,0.0878906,-0.21582,0.990723,0,-0.000532632,-0.000532632
1773775032715,0.0893555,-0.215332,0.989746,-0.0015979,-0.00106526,0
1773775032794,0.0893555,-0.217773,0.990723,-0.00106526,0,-0.000532632
1773775032867,0.0888672,-0.216309,0.989258,0.00106526,-0.00106526,0
1773775032947,0.0874023,-0.21582,0.988281,-0.000532632,-0.00106526,0
1773775033016,0.090332,-0.216797,0.989746,0.00106526,-0.0015979,-0.000532632
1773775033099,0.0878906,-0.216797,0.988281,-0.000532632,-0.000532632,0.000532632
1773775033178,0.0874023,-0.216797,0.989258,-0.000532632,-0.00106526,0
1773775033248,0.0893555,-0.216797,0.989258,-0.00106526,-0.00106526,-0.000532632
1773775033328,0.0908203,-0.215332,0.989258,-0.00106526,0.000532632,0.000532632
1773775033409,0.0864258,-0.213867,0.98877,0.000532632,-0.00106526,0
1773775033479,0.0888672,-0.217285,0.98877,0,-0.00106526,-0.000532632
1773775033560,0.0883789,-0.213867,0.987305,-0.000532632,-0.00106526,0.000532632
1773775033641,0.0888672,-0.215332,0.990723,0.000532632,-0.000532632,0
1773775033711,0.0869141,-0.216309,0.989258,0.00106526,-0.000532632,0
1773775033792,0.0883789,-0.214844,0.990723,0.000532632,-0.000532632,0
1773775033872,0.0878906,-0.214844,0.989258,0.000532632,-0.0015979,0
1773775033944,0.0893555,-0.215332,0.989258,0.000532632,-0.00106526,0
1773775034023,0.0859375,-0.216797,0.990234,-0.000532632,0,0
1773775034094,0.0898438,-0.212891,0.991211,-0.00106526,-0.00106526,0
1773775034175,0.0893555,-0.216309,0.990234,0.00106526,0,-0.000532632
1773775034255,0.0893555,-0.213867,0.98877,0,-0.00213053,0.000532632
1773775034326,0.0888672,-0.214844,0.98877,0,-0.00106526,0
1773775034406,0.0888672,-0.215332,0.98877,0.00106526,-0.0015979,-0.000532632
1773775034486,0.0898438,-0.217285,0.990234,0,-0.00106526,-0.0015979
1773775034557,0.0888672,-0.213867,0.991211,-0.000532632,-0.00106526,0.000532632
1773775034638,0.0874023,-0.21582,0.98877,-0.000532632,-0.000532632,0.00106526
1773775034718,0.0878906,-0.214844,0.989258,-0.000532632,-0.00106526,0
1773775034790,0.0883789,-0.214844,0.989746,-0.000532632,-0.000532632,-0.00106526
1773775034869,0.0883789,-0.215332,0.988281,-0.000532632,-0.00106526,-0.000532632
1773775034949,0.0898438,-0.216797,0.991211,0.000532632,-0.000532632,0
1773775035020,0.0888672,-0.214844,0.988281,0,-0.000532632,0
1773775035100,0.0883789,-0.21582,0.990234,0.000532632,-0.000532632,0.000532632
1773775035181,0.0893555,-0.21582,0.990723,0.000532632,-0.000532632,0.000532632
1773775035252,0.0893555,-0.214355,0.990234,-0.00106526,-0.00106526,-0.000532632
1773775035332,0.0893555,-0.216797,0.989746,0,-0.00106526,0.000532632
1773775035403,0.0878906,-0.214844,0.991211,0.00106526,-0.00106526,0.000532632
1773775035483,0.0893555,-0.214355,0.989746,0,-0.00106526,0
1773775035564,0.0913086,-0.214844,0.990234,-0.00106526,0,0
1773775035635,0.0888672,-0.217285,0.989258,0,-0.000532632,0
1773775035715,0.090332,-0.216309,0.989258,0,-0.00106526,0
1773775035786,0.0893555,-0.213867,0.990234,0.000532632,-0.000532632,-0.000532632
1773775035866,0.0893555,-0.21582,0.989258,0.000532632,-0.00106526,-0.00106526
1773775035947,0.0898438,-0.214844,0.98877,-0.000532632,-0.00106526,0
1773775036027,0.0913086,-0.214844,0.990234,0.000532632,0.000532632,-0.000532632
1773775036099,0.0883789,-0.215332,0.990234,0.00106526,-0.00106526,0.000532632
1773775036178,0.0878906,-0.216797,0.989258,-0.000532632,0,-0.000532632
1773775036259,0.0883789,-0.217773,0.990234,0.000532632,0,0.000532632
1773775036329,0.0878906,-0.216309,0.989258,0,0,-0.00106526
1773775036410,0.0874023,-0.21582,0.989746,0.000532632,-0.000532632,-0.000532632
1773775036480,0.0883789,-0.215332,0.98877,-0.000532632,-0.000532632,0.000532632
1773775036561,0.0883789,-0.21582,0.98877,-0.000532632,-0.00106526,-0.0015979
1773775036642,0.0888672,-0.214355,0.989258,-0.00106526,-0.0015979,0
1773775036712,0.0898438,-0.213379,0.98877,-0.000532632,-0.00106526,-0.000532632
1773775036793,0.0874023,-0.216309,0.988281,-0.000532632,-0.0015979,0
1773775036873,0.0893555,-0.214844,0.990234,0.000532632,0,0
1773775036944,0.0878906,-0.216309,0.98877,0,-0.000532632,-0.000532632
1773775037025,0.0893555,-0.214844,0.990234,-0.000532632,0.000532632,0
1773775037105,0.0869141,-0.216797,0.991211,0.000532632,-0.00106526,0.000532632
1773775037175,0.0869141,-0.21582,0.990234,0.000532632,-0.0015979,-0.00106526
1773775037256,0.0869141,-0.216309,0.989746,0,0,0.000532632
1773775037336,0.0893555,-0.215332,0.990723,0,0,-0.00106526
1773775037407,0.0883789,-0.216309,0.989258,0,0,0
1773775037487,0.0878906,-0.214844,0.987305,0.000532632,-0.000532632,0.000532632
1773775037558,0.0888672,-0.217773,0.989746,0.000532632,-0.000532632,0.000532632
1773775037638,0.0888672,-0.216309,0.989746,0,0,0.00106526
1773775037710,0.0888672,-0.214844,0.989746,-0.000532632,-0.000532632,0
1773775037791,0.0888672,-0.214844,0.989258,0.000532632,0,0
1773775037870,0.0869141,-0.216309,0.991699,-0.000532632,-0.000532632,-0.00106526
1773775037951,0.0893555,-0.216309,0.98877,0.000532632,-0.000532632,0
1773775038021,0.0893555,-0.21582,0.990723,0,-0.00106526,-0.000532632
1773775038103,0.0883789,-0.215332,0.991699,0.000532632,-0.000532632,-0.000532632
1773775038182,0.0888672,-0.214355,0.989258,-0.000532632,-0.00106526,-0.000532632
1773775038253,0.0874023,-0.214844,0.98877,0,-0.00106526,0
1773775038333,0.0888672,-0.214844,0.990723,0,-0.00106526,0
1773775038414,0.0893555,-0.215332,0.98877,0,-0.00106526,0
1773775038484,0.0893555,-0.216797,0.990234,0,-0.000532632,0
1773775038565,0.0874023,-0.217285,0.98877,0,-0.00106526,0.00106526
1773775038645,0.0878906,-0.216309,0.991211,0,0,-0.000532632
1773775038717,0.0898438,-0.216797,0.992188,0.000532632,-0.000532632,-0.00106526
1773775038798,0.0874023,-0.214844,0.990234,0.000532632,-0.0015979,0
1773775038867,0.0898438,-0.216797,0.991211,-0.000532632,-0.000532632,-0.00106526
1773775038947,0.0898438,-0.214355,0.990234,0,0,0
1773775039028,0.0883789,-0.214844,0.989746,0.00106526,-0.000532632,0.000532632
1773775039099,0.0874023,-0.21582,0.990723,-0.00106526,0,-0.000532632
1773775039179,0.0869141,-0.212402,0.990234,-0.00106526,0,-0.00106526
1773775039260,0.0888672,-0.21582,0.991699,0.000532632,0,0
1773775039330,0.0878906,-0.21582,0.989258,0.000532632,-0.0015979,0.000532632
1773775039411,0.0893555,-0.216309,0.98877,0.000532632,-0.000532632,-0.00106526
1773775039491,0.0898438,-0.216309,0.98877,0,-0.000532632,-0.0015979
1773775039562,0.0893555,-0.215332,0.98877,-0.000532632,-0.000532632,0
1773775039642,0.0893555,-0.215332,0.991211,-0.00106526,-0.000532632,0
1773775039723,0.0878906,-0.215332,0.990723,0.000532632,-0.00106526,0.000532632
1773775039793,0.0893555,-0.216309,0.991211,-0.00106526,-0.00106526,0
1773775039874,0.0888672,-0.214355,0.989746,0,0,0.000532632
1773775039954,0.0898438,-0.214844,0.991211,0,-0.000532632,-0.000532632
1773775040025,0.0888672,-0.216309,0.987793,0.000532632,-0.000532632,0
1773775040105,0.0874023,-0.214355,0.989258,0.000532632,0,0
1773775040176,0.0883789,-0.214844,0.990723,0.00106526,0,0
1773775040256,0.0878906,-0.215332,0.98877,-0.000532632,0,0.000532632
1773775040337,0.0878906,-0.214355,0.98877,0,-0.00106526,-0.00106526
1773775040409,0.0878906,-0.217285,0.990234,0,-0.000532632,-0.000532632
1773775040488,0.0874023,-0.215332,0.989746,0.000532632,0,0
1773775040568,0.0874023,-0.216309,0.989258,-0.000532632,0,-0.000532632
1773775040639,0.0893555,-0.215332,0.989258,0.000532632,0,-0.000532632
1773775040719,0.0888672,-0.215332,0.988281,0.000532632,-0.000532632,0
1773775040800,0.0883789,-0.217285,0.989258,0,-0.00106526,0
1773775040870,0.0869141,-0.217285,0.989258,0,-0.000532632,0
1773775040951,0.0874023,-0.215332,0.98877,0,-0.00106526,0
1773775041032,0.0883789,-0.216309,0.990723,-0.000532632,0,0.000532632
1773775041104,0.0883789,-0.214355,0.989746,0.000532632,-0.00106526,-0.00106526
1773775041183,0.0893555,-0.216797,0.988281,-0.000532632,-0.00106526,0.000532632
1773775041263,0.0898438,-0.214844,0.989746,0.00106526,-0.000532632,0.00106526
1773775041336,0.090332,-0.216309,0.989746,0,0,0
1773775041414,0.0883789,-0.213867,0.989258,0.000532632,-0.00106526,0.000532632
1773775041485,0.0888672,-0.214844,0.988281,-0.00106526,-0.000532632,0.00106526
1773775041565,0.0878906,-0.213867,0.990234,0,0,0
1773775041646,0.0869141,-0.21582,0.991211,0.000532632,-0.00106526,0
1773775041716,0.0883789,-0.214355,0.991211,-0.0015979,-0.000532632,-0.000532632
1773775041798,0.0893555,-0.215332,0.989746,0,-0.000532632,0
1773775041877,0.0874023,-0.213867,0.990234,0.000532632,-0.000532632,-0.000532632
1773775041948,0.0883789,-0.214844,0.991211,0.0015979,-0.000532632,0
1773775042028,0.0893555,-0.214844,0.989746,0.000532632,0,0
1773775042103,0.0883789,-0.214355,0.991211,0,0,0
1773775042180,0.0883789,-0.216309,0.990723,-0.000532632,0,0
1773775042260,0.0888672,-0.216309,0.98877,0.000532632,-0.000532632,0.000532632
1773775042341,0.0878906,-0.214844,0.989746,0,0,0
1773775042412,0.0898438,-0.215332,0.987793,0,-0.00106526,0
1773775042492,0.0888672,-0.21582,0.988281,-0.00106526,-0.0015979,-0.000532632
1773775042573,0.0888672,-0.214844,0.990723,0.000532632,-0.00106526,0
1773775042643,0.0888672,-0.215332,0.98877,0.00106526,-0.00106526,-0.00106526
1773775042724,0.090332,-0.21582,0.98877,-0.000532632,-0.00106526,0.0015979
1773775042794,0.0888672,-0.213867,0.989746,0,-0.000532632,-0.000532632
1773775042875,0.0893555,-0.217285,0.987793,0,0.000532632,0.000532632
1773775042955,0.0869141,-0.21582,0.990234,-0.00106526,-0.000532632,-0.000532632
1773775043026,0.0849609,-0.215332,0.989258,0,0,0.000532632
1773775043108,0.0883789,-0.214844,0.987305,0,0.000532632,0.00106526
1773775043187,0.0869141,-0.213379,0.988281,-0.000532632,0,0
1773775043257,0.0878906,-0.214844,0.98877,0.000532632,-0.000532632,-0.00106526
1773775043338,0.0874023,-0.21582,0.986816,0,0,0.00106526
1773775043418,0.090332,-0.21582,0.98877,0.000532632,-0.000532632,0.000532632
1773775043489,0.0883789,-0.21582,0.989258,-0.000532632,-0.00106526,0.000532632
1773775043569,0.0908203,-0.216309,0.989258,0.000532632,-0.000532632,0.00106526
1773775043650,0.0893555,-0.216797,0.989746,-0.000532632,-0.000532632,0
1773775043720,0.0869141,-0.216309,0.989258,0,-0.000532632,0
1773775043801,0.0893555,-0.215332,0.987793,-0.000532632,-0.00106526,-0.00106526
1773775043881,0.0898438,-0.216797,0.990723,-0.00106526,-0.00106526,-0.000532632
1773775043952,0.0883789,-0.21582,0.989746,0,0,0.000532632
1773775044032,0.0888672,-0.214844,0.992188,0.000532632,-0.0015979,0
1773775044103,0.090332,-0.216797,0.989746,-0.000532632,0,-0.000532632
1773775044183,0.0878906,-0.21582,0.989258,0.000532632,0,-0.000532632
1773775044264,0.0883789,-0.216309,0.990723,0.00106526,-0.00106526,0
1773775044334,0.0888672,-0.215332,0.988281,-0.000532632,-0.00106526,-0.00106526
1773775044417,0.0883789,-0.214355,0.98877,-0.000532632,-0.000532632,-0.00106526
1773775044496,0.0883789,-0.216797,0.989258,0.000532632,-0.0015979,0
1773775044567,0.0888672,-0.216309,0.989746,0,-0.00106526,-0.00106526
1773775044647,0.0888672,-0.216309,0.990234,-0.000532632,-0.00106526,-0.00106526
1773775044728,0.0893555,-0.215332,0.990234,0,-0.0015979,0.000532632
1773775044798,0.0913086,-0.21582,0.989746,0,-0.000532632,-0.000532632
1773775044879,0.0888672,-0.215332,0.989258,0,0,0
1773775044959,0.0883789,-0.215332,0.991211,-0.000532632,-0.00106526,-0.000532632
1773775045030,0.0878906,-0.215332,0.987793,0.000532632,-0.000532632,0.000532632
1773775045110,0.0883789,-0.21582,0.991211,0,-0.000532632,0
1773775045191,0.0869141,-0.21582,0.989746,0.000532632,-0.000532632,-0.000532632
1773775045261,0.0893555,-0.217285,0.987793,0,-0.000532632,0.00106526
1773775045342,0.0893555,-0.214355,0.990723,0.000532632,0.000532632,0
1773775045413,0.090332,-0.216309,0.98877,-0.000532632,-0.000532632,0.000532632
1773775045493,0.0888672,-0.215332,0.990234,-0.000532632,-0.000532632,-0.000532632
1773775045574,0.0893555,-0.215332,0.989258,0,-0.00106526,0.000532632
1773775045644,0.0893555,-0.216797,0.990723,-0.000532632,-0.000532632,0.000532632
1773775045724,0.0874023,-0.218262,0.989746,-0.000532632,-0.00106526,0.000532632
1773775045805,0.0864258,-0.214844,0.990234,-0.000532632,-0.000532632,-0.00106526
1773775045875,0.0883789,-0.214844,0.990234,-0.00106526,-0.000532632,0.00106526
1773775045956,0.0898438,-0.214844,0.989746,-0.000532632,0,0.000532632
1773775046036,0.0869141,-0.21582,0.98877,0,0.000532632,0
1773775046107,0.0893555,-0.216797,0.991211,0,-0.000532632,0
1773775046187,0.0883789,-0.216309,0.990234,0.000532632,-0.000532632,-0.000532632
1773775046268,0.0878906,-0.21582,0.989258,-0.000532632,-0.000532632,0.000532632
1773775046339,0.0888672,-0.214355,0.990723,0,-0.0015979,0
1773775046419,0.0888672,-0.216309,0.989746,0,0,0.00106526
1773775046500,0.0917969,-0.214355,0.990723,0,-0.000532632,-0.000532632
1773775046570,0.0883789,-0.215332,0.98877,0,-0.00106526,0.000532632
1773775046651,0.0888672,-0.21582,0.990234,-0.000532632,-0.000532632,0
1773775046721,0.0893555,-0.215332,0.989746,-0.000532632,-0.000532632,0
1773775046802,0.0893555,-0.215332,0.986816,0,-0.000532632,0.000532632
1773775046882,0.0898438,-0.215332,0.990723,0.000532632,-0.000532632,0.000532632
1773775046953,0.090332,-0.215332,0.990234,-0.000532632,0,0.000532632
1773775047033,0.0888672,-0.215332,0.989746,-0.000532632,-0.00106526,-0.000532632
1773775047104,0.0893555,-0.214844,0.990723,0,-0.00106526,-0.00106526
1773775047184,0.0888672,-0.21582,0.990234,0,-0.00106526,-0.00106526
1773775047265,0.0883789,-0.212402,0.98877,0.000532632,-0.000532632,0.00106526
1773775047345,0.0874023,-0.213867,0.989258,-0.000532632,0,0
1773775047416,0.0878906,-0.21582,0.989746,-0.000532632,-0.000532632,0.000532632
1773775047497,0.0878906,-0.214844,0.988281,-0.000532632,-0.000532632,-0.000532632
1773775047577,0.0883789,-0.216797,0.991211,-0.000532632,-0.000532632,0
1773775047648,0.0869141,-0.215332,0.990234,0.000532632,-0.000532632,0
1773775047728,0.0888672,-0.215332,0.989258,-0.000532632,-0.000532632,0
1773775047809,0.0883789,-0.21582,0.988281,0.00106526,0,0
1773775047879,0.090332,-0.21582,0.991211,-0.000532632,0,0
1773775047960,0.0908203,-0.214844,0.990234,-0.00106526,0,0
1773775048030,0.0883789,-0.216797,0.987305,0,-0.00106526,-0.00106526
1773775048111,0.0883789,-0.215332,0.989746,-0.000532632,-0.000532632,0
1773775048191,0.0913086,-0.213867,0.992188,-0.00106526,-0.00106526,-0.00106526
1773775048262,0.0893555,-0.216309,0.990234,-0.000532632,-0.00106526,0.00106526
1773775048342,0.0874023,-0.216797,0.988281,0.000532632,-0.000532632,0.000532632
1773775048415,0.0878906,-0.215332,0.992188,0.000532632,-0.000532632,0.000532632
1773775048494,0.0908203,-0.216309,0.990234,0.000532632,-0.000532632,0
1773775048574,0.0869141,-0.21582,0.988281,0,-0.00106526,0
1773775048655,0.0878906,-0.214355,0.987305,0.0015979,-0.00106526,-0.000532632
1773775048727,0.0893555,-0.214844,0.989746,0.000532632,-0.000532632,0.00106526
1773775048806,0.0869141,-0.216797,0.989258,0.000532632,-0.000532632,-0.000532632
1773775048886,0.0878906,-0.216309,0.98877,0.000532632,-0.000532632,0.00106526
1773775048957,0.0883789,-0.214844,0.98877,0.00106526,0,0.000532632
1773775049037,0.0898438,-0.216797,0.98877,0,-0.00106526,-0.000532632
1773775049118,0.0898438,-0.21582,0.991699,0.000532632,-0.00106526,0.000532632
1773775049188,0.0893555,-0.21582,0.989746,0.000532632,-0.00106526,0
1773775049269,0.0878906,-0.213867,0.990723,0,-0.000532632,-0.000532632
1773775049339,0.0893555,-0.216797,0.989746,-0.00106526,0,0
1773775049421,0.0883789,-0.216309,0.990723,0,-0.00106526,0.000532632
1773775049501,0.0888672,-0.215332,0.988281,0.000532632,-0.00106526,0.000532632
1773775049571,0.0898438,-0.216797,0.98877,0,0,0
1773775049651,0.0893555,-0.213867,0.98877,0,-0.000532632,-0.000532632
1773775049732,0.0883789,-0.215332,0.990234,0,-0.000532632,0.000532632
1773775049804,0.0898438,-0.21582,0.98877,0,0,-0.00106526
1773775049883,0.0883789,-0.21582,0.990234,0.00106526,-0.00106526,-0.00106526
1773775049963,0.090332,-0.214844,0.990234,-0.000532632,0,0.000532632
1773775050034,0.0878906,-0.215332,0.990234,-0.000532632,-0.000532632,-0.000532632
1773775050115,0.0908203,-0.21582,0.989258,-0.00106526,-0.000532632,-0.00106526
1773775050195,0.0888672,-0.213867,0.990234,0,-0.000532632,0.000532632
1773775050266,0.0898438,-0.217773,0.989746,0.00106526,0,0
1773775050347,0.0893555,-0.21582,0.990234,-0.000532632,0.0015979,-0.000532632
1773775050417,0.0874023,-0.214355,0.989258,0,0.000532632,0
1773775050499,0.0898438,-0.213867,0.990234,-0.000532632,0,-0.000532632
1773775050578,0.0874023,-0.215332,0.987793,0,-0.00106526,-0.00106526
1773775050648,0.0888672,-0.216797,0.989746,0.000532632,-0.000532632,0.000532632
1773775050729,0.0888672,-0.21582,0.989746,0.000532632,0,0
1773775050800,0.0893555,-0.215332,0.989258,0.000532632,0,0.000532632
1773775050880,0.0898438,-0.214355,0.990234,0,-0.0015979,0.000532632
1773775050961,0.0888672,-0.214844,0.990234,0.000532632,0,0.000532632
1773775051031,0.0874023,-0.218262,0.989258,0,0,0
1773775051112,0.0874023,-0.21582,0.988281,0.000532632,-0.00106526,-0.000532632
1773775051192,0.0878906,-0.216309,0.990234,-0.0015979,-0.000532632,0.000532632
1773775051273,0.0878906,-0.216309,0.990234,0,-0.000532632,0
1773775051343,0.0878906,-0.216309,0.98877,0,-0.00106526,0.000532632
1773775051424,0.0888672,-0.214844,0.989258,-0.000532632,0.000532632,-0.000532632
1773775051495,0.090332,-0.216309,0.989746,0,0,0
1773775051575,0.0874023,-0.216309,0.988281,0.000532632,-0.000532632,0
1773775051656,0.090332,-0.214844,0.989746,0,0,0
1773775051726,0.0869141,-0.214355,0.989746,-0.000532632,-0.0015979,-0.000532632
1773775051807,0.0883789,-0.214844,0.989258,0.00106526,0,-0.000532632
1773775051888,0.0888672,-0.214844,0.991211,0,-0.00106526,0
1773775051958,0.0883789,-0.214844,0.989258,0.00106526,-0.00106526,-0.000532632
1773775052038,0.0878906,-0.216797,0.989258,0,0,0
1773775052119,0.0888672,-0.215332,0.989746,0.000532632,-0.000532632,0
1773775052189,0.0883789,-0.214355,0.990723,0,0,0
1773775052271,0.0888672,-0.215332,0.989746,-0.000532632,-0.000532632,0
1773775052350,0.0883789,-0.212891,0.989258,0.000532632,-0.000532632,0.000532632
1773775052421,0.0883789,-0.216309,0.990234,0,-0.000532632,0
1773775052501,0.0888672,-0.21582,0.990723,0,-0.000532632,0.000532632
1773775052582,0.0878906,-0.21582,0.989746,0.000532632,0.000532632,0.000532632
1773775052655,0.0893555,-0.215332,0.989258,-0.00106526,-0.000532632,0.000532632
1773775052733,0.0888672,-0.214355,0.98877,-0.000532632,-0.000532632,-0.00106526
1773775052804,0.0883789,-0.217285,0.988281,0.000532632,0,0.00106526
1773775052884,0.0888672,-0.214355,0.990723,0.00213053,-0.00106526,0
1773775052965,0.0893555,-0.215332,0.988281,-0.000532632,-0.00106526,-0.000532632
1773775053035,0.0898438,-0.214844,0.989258,0.000532632,-0.00213053,0.00106526
1773775053118,0.0893555,-0.216797,0.989746,0.000532632,0,0.000532632
1773775053196,0.0893555,-0.214355,0.989258,0,-0.00213053,0
1773775053267,0.090332,-0.215332,0.989258,0.00106526,0,0.000532632
1773775053347,0.0874023,-0.21582,0.988281,-0.0015979,-0.000532632,0.00106526
1773775053428,0.0893555,-0.214844,0.989258,0.000532632,-0.000532632,0.000532632
1773775053499,0.0893555,-0.217773,0.988281,-0.00106526,-0.00106526,0
1773775053580,0.0888672,-0.214844,0.990234,-0.0015979,-0.000532632,0
1773775053659,0.0864258,-0.214844,0.989746,0.000532632,0,0.000532632
1773775053730,0.0888672,-0.216309,0.990723,-0.000532632,-0.000532632,-0.00106526
1773775053812,0.0898438,-0.214355,0.990234,0.000532632,-0.0015979,0.000532632
1773775053881,0.0893555,-0.214844,0.98877,-0.000532632,-0.000532632,-0.000532632
1773775053961,0.0883789,-0.216797,0.98877,-0.000532632,-0.000532632,0
1773775054042,0.0874023,-0.216309,0.989746,0.00106526,0,0
1773775054122,0.0883789,-0.214844,0.989746,0.000532632,-0.000532632,0
1773775054193,0.0922852,-0.214355,0.990723,-0.00106526,-0.000532632,0.000532632
1773775054273,0.0878906,-0.216309,0.989258,-0.00106526,-0.000532632,0.000532632
1773775054344,0.0898438,-0.215332,0.990234,0,-0.000532632,-0.000532632
1773775054425,0.090332,-0.21582,0.989746,0.000532632,0,-0.00106526
1773775054505,0.0883789,-0.21582,0.988281,0,0,0.000532632
1773775054576,0.0878906,-0.214844,0.989746,0.000532632,0,0
1773775054657,0.0917969,-0.215332,0.990234,-0.00106526,-0.00106526,-0.00106526
1773775054737,0.0874023,-0.214844,0.989746,0,-0.000532632,-0.000532632
1773775054809,0.0893555,-0.214844,0.990234,0,-0.000532632,0
1773775054888,0.0874023,-0.215332,0.989746,0,-0.000532632,0.00106526
1773775054968,0.0874023,-0.214355,0.991211,-0.000532632,-0.000532632,-0.000532632
1773775055039,0.0874023,-0.215332,0.990234,-0.000532632,-0.000532632,-0.000532632
1773775055120,0.0898438,-0.214355,0.989746,0.00106526,-0.00106526,0.00106526
1773775055200,0.0888672,-0.214844,0.988281,0.000532632,0.000532632,0.000532632
1773775055271,0.0888672,-0.216309,0.989746,0,-0.000532632,0
1773775055354,0.0874023,-0.215332,0.98877,0,-0.000532632,-0.00106526
1773775055422,0.0888672,-0.215332,0.989746,0,0,0.000532632
1773775055502,0.0883789,-0.214355,0.990234,0,-0.000532632,0
1773775055583,0.0888672,-0.21582,0.991211,-0.000532632,-0.000532632,-0.00106526
1773775055653,0.0864258,-0.21582,0.989258,0.000532632,-0.000532632,0
1773775055734,0.0893555,-0.215332,0.990234,0.000532632,-0.000532632,-0.00106526
1773775055807,0.0893555,-0.214355,0.990723,0,-0.000532632,-0.000532632
1773775055886,0.0883789,-0.214844,0.989258,0.00106526,-0.000532632,-0.000532632
1773775055965,0.0883789,-0.213379,0.989746,0,-0.000532632,0.000532632
1773775056046,0.0898438,-0.21582,0.989258,0.000532632,-0.00106526,0
1773775056116,0.0898438,-0.21582,0.989258,-0.000532632,0,0.0015979
1773775056197,0.0878906,-0.213867,0.990234,0.000532632,0,-0.000532632
1773775056277,0.0898438,-0.214844,0.989746,0,-0.000532632,0
1773775056348,0.0898438,-0.21582,0.989258,0,-0.00106526,0
1773775056429,0.0874023,-0.21582,0.987793,0,0,0
1773775056509,0.0893555,-0.216309,0.991211,0.000532632,-0.00106526,0.000532632
1773775056580,0.0883789,-0.216797,0.988281,0.00106526,-0.000532632,-0.0015979
1773775056660,0.0893555,-0.215332,0.98877,-0.000532632,-0.000532632,0
1773775056732,0.0893555,-0.217285,0.991211,0,0,0.000532632
1773775056813,0.0893555,-0.214844,0.989746,-0.000532632,-0.000532632,0.000532632
1773775056892,0.0869141,-0.217285,0.989258,0.000532632,-0.00106526,-0.000532632
1773775056962,0.0878906,-0.216309,0.990723,-0.000532632,0,-0.000532632
1773775057044,0.0922852,-0.21582,0.992676,-0.000532632,-0.000532632,0.000532632
1773775057116,0.0878906,-0.217773,0.989746,-0.00106526,-0.000532632,-0.00106526
1773775057194,0.0898438,-0.21582,0.989746,-0.000532632,-0.00106526,0
1773775057274,0.0878906,-0.214844,0.989746,0,-0.000532632,0.000532632
1773775057355,0.0883789,-0.21582,0.989746,0.000532632,-0.00106526,0.00106526
1773775057425,0.0898438,-0.216309,0.98877,0,-0.00106526,0.000532632
1773775057507,0.0893555,-0.217285,0.989746,-0.000532632,0,-0.00106526
1773775057587,0.0874023,-0.214844,0.989258,-0.000532632,-0.00213053,-0.000532632
1773775057657,0.0883789,-0.21582,0.987793,0,-0.00106526,0
1773775057739,0.0908203,-0.21582,0.990723,0,0,0
1773775057818,0.0874023,-0.214844,0.990234,0.00106526,-0.000532632,-0.000532632
1773775057891,0.0883789,-0.216309,0.991211,0,0,0
1773775057969,0.0878906,-0.213867,0.990234,-0.00106526,-0.00106526,-0.00106526
1773775058042,0.0888672,-0.21582,0.990723,0,-0.00106526,0.000532632
1773775058120,0.0898438,-0.21582,0.988281,0.000532632,-0.000532632,0.00106526
1773775058201,0.0869141,-0.21582,0.988281,0,-0.0015979,-0.000532632
1773775058271,0.0888672,-0.21582,0.98877,-0.00106526,-0.000532632,0.000532632
1773775058352,0.0898438,-0.214844,0.992188,-0.00106526,-0.0015979,-0.000532632
1773775058433,0.0893555,-0.21582,0.991211,0,-0.00106526,-0.000532632
1773775058503,0.0893555,-0.214844,0.989258,-0.000532632,-0.000532632,-0.000532632
1773775058583,0.0883789,-0.215332,0.989746,-0.000532632,0.000532632,-0.000532632
1773775058664,0.0893555,-0.212891,0.990723,0,0,0.000532632
1773775058738,0.0893555,-0.215332,0.990234,0.000532632,-0.000532632,0
1773775058815,0.0913086,-0.215332,0.987305,0,-0.000532632,0.00106526
1773775058887,0.0883789,-0.214844,0.991699,0.000532632,0.000532632,0
1773775058966,0.0908203,-0.213867,0.990234,0,0,-0.000532632
1773775059048,0.0908203,-0.214844,0.991699,-0.00106526,0,-0.00106526
1773775059127,0.0898438,-0.215332,0.991211,0.00106526,-0.00106526,0.000532632
1773775059198,0.0878906,-0.214844,0.990234,0,-0.000532632,0
1773775059278,0.0898438,-0.216309,0.989258,0,-0.0015979,0.000532632
1773775059349,0.0898438,-0.214355,0.98877,0,0,0
1773775059431,0.0898438,-0.216309,0.989258,-0.00106526,0,0
1773775059510,0.090332,-0.214844,0.990234,0.000532632,-0.000532632,-0.00106526
1773775059580,0.0893555,-0.21582,0.98877,-0.000532632,0,-0.00266316
1773775059661,0.0908203,-0.214844,0.991699,-0.000532632,-0.00106526,0.000532632
1773775059733,0.0874023,-0.215332,0.989258,0,-0.00106526,-0.00106526
1773775059813,0.0893555,-0.215332,0.990234,0.000532632,-0.00106526,0
1773775059895,0.0859375,-0.213867,0.990234,-0.000532632,-0.000532632,-0.00106526
1773775059973,0.0908203,-0.215332,0.989258,0,-0.000532632,-0.00106526
1773775060045,0.0869141,-0.216309,0.990234,-0.000532632,-0.00106526,0.000532632
1773775060124,0.0893555,-0.216797,0.990234,0,-0.0015979,0
1773775060194,0.0888672,-0.214355,0.989746,0.000532632,-0.00106526,-0.000532632
1773775060275,0.0893555,-0.216797,0.989258,-0.000532632,0,-0.000532632
1773775060356,0.0888672,-0.214355,0.98877,0,-0.00106526,0
1773775060426,0.0898438,-0.214355,0.990723,0,-0.00213053,-0.000532632
1773775060508,0.0888672,-0.217773,0.990234,0,0.000532632,-0.000532632
1773775060588,0.0883789,-0.21582,0.98877,0,-0.000532632,0.000532632
1773775060658,0.0874023,-0.216309,0.992188,-0.000532632,-0.00106526,-0.00106526
1773775060739,0.0869141,-0.21582,0.990234,0,-0.000532632,-0.000532632
1773775060819,0.0893555,-0.215332,0.991211,0,0,0
1773775060889,0.0888672,-0.217773,0.989258,-0.000532632,-0.000532632,0.000532632
1773775060970,0.090332,-0.214355,0.991699,-0.00106526,-0.000532632,0
1773775061051,0.0893555,-0.214844,0.990234,0.000532632,-0.000532632,-0.0015979
1773775061122,0.0888672,-0.214355,0.990234,0.000532632,-0.00106526,-0.000532632
1773775061201,0.0888672,-0.216309,0.98877,-0.000532632,-0.00106526,-0.000532632
1773775061283,0.0888672,-0.214844,0.990723,0,-0.0015979,0.000532632
1773775061352,0.0893555,-0.214844,0.989258,0.00106526,-0.000532632,-0.00106526
1773775061433,0.0888672,-0.21582,0.989746,-0.000532632,-0.000532632,-0.00106526
1773775061504,0.0898438,-0.214355,0.990234,0.000532632,0,0
1773775061584,0.0874023,-0.216797,0.988281,0,-0.00106526,-0.0015979
1773775061664,0.0888672,-0.21582,0.98877,-0.00106526,-0.000532632,0
1773775061745,0.0917969,-0.214844,0.991211,0.00106526,-0.00106526,0
1773775061816,0.0883789,-0.216797,0.988281,-0.000532632,-0.00106526,-0.000532632
1773775061896,0.090332,-0.215332,0.990234,0,-0.00106526,0.000532632
1773775061967,0.0878906,-0.214844,0.988281,0,0,-0.000532632
1773775062047,0.0908203,-0.214844,0.990723,0,-0.00106526,0
1773775062128,0.0898438,-0.216309,0.989746,0,-0.00106526,-0.000532632
1773775062198,0.0898438,-0.215332,0.990723,0,0,-0.000532632
1773775062279,0.0888672,-0.217285,0.990723,0.000532632,-0.000532632,0
1773775062360,0.0888672,-0.214355,0.989258,-0.000532632,-0.00106526,-0.000532632
1773775062430,0.0898438,-0.215332,0.989258,0,-0.000532632,-0.000532632
1773775062511,0.0888672,-0.213867,0.990723,-0.00106526,-0.000532632,-0.000532632
1773775062591,0.0888672,-0.213867,0.990234,0.00106526,-0.00106526,0.000532632
1773775062661,0.0888672,-0.214844,0.98877,0.000532632,0,0.000532632
1773775062742,0.0888672,-0.215332,0.990723,0,-0.000532632,0.00106526
1773775062822,0.0883789,-0.21582,0.989258,0,-0.000532632,0
1773775062893,0.0898438,-0.21582,0.987793,0,0,-0.000532632
1773775062973,0.0893555,-0.217285,0.990723,0.000532632,-0.000532632,0
1773775063054,0.0898438,-0.213379,0.991211,0.000532632,-0.000532632,-0.00106526
1773775063127,0.0878906,-0.21582,0.991699,-0.000532632,-0.000532632,0.000532632
1773775063205,0.090332,-0.215332,0.989746,-0.00106526,-0.00106526,-0.00106526
1773775063275,0.0883789,-0.216309,0.990234,-0.000532632,0,0.000532632
1773775063356,0.0869141,-0.214355,0.989258,0,0.000532632,0
1773775063438,0.0888672,-0.21582,0.989746,-0.00106526,0,-0.00106526
1773775063507,0.0893555,-0.216797,0.990723,-0.00106526,-0.00106526,0
1773775063588,0.0869141,-0.214844,0.988281,-0.000532632,0,-0.000532632
1773775063658,0.0878906,-0.215332,0.992676,0,-0.000532632,0.000532632
1773775063740,0.0898438,-0.213379,0.989258,-0.00106526,0,-0.000532632
1773775063820,0.0874023,-0.213379,0.990723,0,-0.000532632,0
1773775063900,0.0893555,-0.214844,0.990234,0,-0.00106526,-0.00106526
1773775063971,0.0898438,-0.214844,0.989258,-0.000532632,0,0.00106526
1773775064052,0.0908203,-0.215332,0.990234,0.000532632,0,0
1773775064131,0.0888672,-0.214844,0.990723,0,0,0
1773775064202,0.0898438,-0.214355,0.989258,0,-0.000532632,0.000532632
1773775064283,0.0898438,-0.216309,0.991211,0,-0.00106526,0.000532632
1773775064363,0.0888672,-0.216309,0.990723,-0.00106526,-0.00106526,0.000532632
1773775064434,0.0883789,-0.214844,0.989746,-0.000532632,-0.000532632,-0.000532632
1773775064515,0.090332,-0.216797,0.98877,-0.000532632,-0.0015979,-0.00106526
1773775064585,0.0888672,-0.216797,0.990723,-0.000532632,-0.00106526,0
1773775064666,0.0893555,-0.214844,0.989746,0,0.000532632,0
1773775064746,0.090332,-0.21582,0.98877,0,-0.000532632,-0.000532632
1773775064817,0.0913086,-0.213867,0.988281,0,0.000532632,0
1773775064897,0.0898438,-0.215332,0.990234,-0.000532632,-0.000532632,-0.000532632
1773775064978,0.090332,-0.214844,0.989258,0,-0.0015979,0
1773775065048,0.0878906,-0.215332,0.991699,0,-0.00106526,-0.000532632
1773775065129,0.0888672,-0.214844,0.990234,-0.0015979,-0.00106526,-0.000532632
1773775065210,0.0893555,-0.214844,0.990234,0,-0.0015979,0
1773775065280,0.0888672,-0.21582,0.989258,-0.000532632,-0.000532632,0
1773775065361,0.0874023,-0.216309,0.989258,0.00106526,-0.00106526,0.000532632
1773775065441,0.0874023,-0.21582,0.991211,0,-0.000532632,-0.00106526
1773775065512,0.0893555,-0.214844,0.991211,0.000532632,-0.00106526,0
1773775065592,0.0878906,-0.216797,0.988281,-0.000532632,-0.000532632,0.00106526
1773775065673,0.0883789,-0.21582,0.989258,-0.00106526,-0.00106526,-0.000532632
1773775065743,0.0888672,-0.216309,0.990234,-0.000532632,-0.00106526,0
1773775065824,0.0898438,-0.216309,0.989746,0,-0.000532632,-0.000532632
1773775065894,0.0922852,-0.215332,0.989746,0,0,0.000532632
1773775065975,0.0874023,-0.214844,0.990234,0.000532632,0,0
1773775066055,0.0878906,-0.216797,0.989258,-0.000532632,-0.000532632,0
1773775066126,0.0893555,-0.214844,0.989746,0.000532632,-0.000532632,-0.000532632
1773775066207,0.0883789,-0.215332,0.991211,0.000532632,-0.00106526,-0.000532632
1773775066287,0.0883789,-0.217285,0.987793,0,0.000532632,-0.00106526
1773775066358,0.0888672,-0.21582,0.991211,0,-0.00106526,0.000532632
1773775066438,0.0898438,-0.216797,0.98877,-0.000532632,-0.000532632,-0.00106526
1773775066519,0.0878906,-0.214844,0.987793,0,-0.000532632,0.00106526
1773775066589,0.0869141,-0.214844,0.989746,0,-0.00106526,0
1773775066670,0.0888672,-0.216797,0.989258,0,-0.000532632,-0.000532632
1773775066745,0.0908203,-0.216797,0.989746,-0.00106526,-0.000532632,0
1773775066821,0.0874023,-0.215332,0.991699,0,-0.000532632,0.00106526
1773775066902,0.0893555,-0.215332,0.987793,-0.000532632,0,0
1773775066972,0.0898438,-0.213867,0.990234,-0.000532632,-0.00106526,0.00106526
1773775067053,0.0888672,-0.216309,0.991211,-0.000532632,-0.00106526,-0.00213053
1773775067133,0.0869141,-0.214844,0.990723,0.000532632,-0.00106526,-0.000532632
1773775067204,0.0888672,-0.213867,0.989258,0.000532632,-0.00106526,-0.000532632
1773775067285,0.090332,-0.21582,0.989258,-0.000532632,-0.00106526,0
1773775067365,0.0893555,-0.217773,0.991211,-0.000532632,-0.000532632,0
1773775067435,0.090332,-0.215332,0.991211,-0.000532632,0,-0.00106526
1773775067516,0.0888672,-0.215332,0.990234,0.000532632,0,0.000532632
1773775067598,0.0878906,-0.216309,0.990234,0,-0.0015979,0
1773775067667,0.0893555,-0.214844,0.98877,-0.00106526,0,0
1773775067750,0.0883789,-0.21582,0.990234,0,0,-0.00106526
1773775067829,0.0869141,-0.214355,0.98877,0,-0.000532632,-0.000532632
1773775067903,0.0883789,-0.215332,0.989258,-0.0015979,-0.0015979,0
1773775067979,0.0878906,-0.214355,0.989746,0,0,0.00106526
1773775068051,0.0878906,-0.216309,0.98877,0,0,-0.00106526
1773775068132,0.0883789,-0.213379,0.989746,0,-0.00106526,0
1773775068211,0.0878906,-0.214355,0.990723,0,0,0
1773775068281,0.0883789,-0.217285,0.98877,0.000532632,-0.00106526,0
1773775068363,0.0878906,-0.216309,0.989746,0,-0.000532632,-0.000532632
1773775068444,0.0883789,-0.214844,0.989258,0,-0.00106526,0.000532632
1773775068514,0.0888672,-0.21582,0.990723,0,-0.000532632,-0.000532632
1773775068594,0.0864258,-0.216797,0.990234,-0.000532632,-0.00106526,0.000532632
1773775068674,0.0893555,-0.21582,0.989258,0,-0.000532632,0.000532632
1773775068745,0.0927734,-0.215332,0.989258,-0.000532632,-0.00106526,0
1773775068827,0.0893555,-0.213867,0.990723,0,0,0
1773775068905,0.090332,-0.21582,0.98877,-0.000532632,-0.000532632,0
1773775068976,0.0874023,-0.216797,0.989258,-0.000532632,-0.00106526,0.000532632
1773775069059,0.0864258,-0.214844,0.989258,0.000532632,0,-0.000532632
1773775069128,0.0883789,-0.214355,0.990723,0,-0.000532632,0.000532632
1773775069208,0.0859375,-0.216309,0.98877,0,-0.00106526,-0.000532632
1773775069289,0.0893555,-0.214844,0.990723,0.000532632,-0.000532632,0.000532632
1773775069368,0.0893555,-0.215332,0.98877,0.000532632,-0.000532632,-0.000532632
1773775069440,0.0859375,-0.216797,0.991211,-0.00106526,-0.000532632,0
1773775069520,0.0893555,-0.216797,0.990234,0,-0.00106526,0.000532632
1773775069600,0.0878906,-0.215332,0.989746,0.000532632,-0.0015979,0.000532632
1773775069671,0.0878906,-0.21582,0.987793,0,-0.000532632,0
1773775069752,0.0883789,-0.216309,0.990234,0,-0.00106526,0
1773775069823,0.0898438,-0.215332,0.987305,-0.000532632,-0.000532632,-0.000532632
1773775069904,0.090332,-0.215332,0.990234,0,-0.000532632,0.000532632
1773775069984,0.0869141,-0.215332,0.990234,0,0.000532632,-0.0015979
1773775070053,0.0888672,-0.214844,0.989746,0,-0.000532632,-0.000532632
1773775070134,0.0869141,-0.214844,0.989258,0,-0.000532632,0.000532632
1773775070208,0.090332,-0.21582,0.989746,-0.00106526,-0.00106526,0
1773775070285,0.0898438,-0.217773,0.990723,0,0,-0.000532632
1773775070366,0.0859375,-0.21582,0.990723,0,-0.00106526,-0.000532632
1773775070436,0.0883789,-0.215332,0.991211,-0.00106526,-0.000532632,0
1773775070517,0.0893555,-0.216309,0.990723,0.000532632,0.000532632,-0.000532632
1773775070597,0.0893555,-0.216797,0.98877,-0.00106526,-0.00106526,0
1773775070671,0.0878906,-0.214844,0.989746,-0.00106526,-0.000532632,-0.000532632
1773775070749,0.0888672,-0.216797,0.990234,-0.000532632,-0.00106526,0.000532632
1773775070830,0.0913086,-0.216309,0.991211,-0.000532632,-0.000532632,0.000532632
1773775070903,0.0888672,-0.217285,0.988281,0,0,-0.00106526
1773775070980,0.090332,-0.21582,0.990234,0.000532632,-0.00106526,-0.000532632
1773775071061,0.090332,-0.217285,0.990234,0,-0.00106526,-0.000532632
1773775071133,0.0893555,-0.216797,0.987793,-0.000532632,-0.000532632,0.00106526
1773775071213,0.0878906,-0.216797,0.991211,0.000532632,-0.000532632,-0.000532632
1773775071292,0.0888672,-0.21582,0.989258,-0.000532632,-0.000532632,-0.000532632
1773775071364,0.0898438,-0.216797,0.989258,0,-0.000532632,-0.000532632
1773775071444,0.0878906,-0.216309,0.989258,-0.000532632,0,-0.000532632
1773775071524,0.0898438,-0.214844,0.991211,-0.000532632,-0.000532632,-0.000532632
1773775071594,0.0883789,-0.217285,0.98877,0.000532632,-0.000532632,-0.000532632
1773775071675,0.0859375,-0.215332,0.987793,0,-0.000532632,-0.000532632
1773775071755,0.0883789,-0.217285,0.989746,-0.000532632,-0.000532632,-0.000532632
1773775071827,0.090332,-0.215332,0.990723,0,0.000532632,0
1773775071908,0.0874023,-0.213867,0.989258,0,-0.000532632,0
1773775071979,0.0888672,-0.214844,0.989258,-0.000532632,-0.00106526,-0.00106526
1773775072059,0.0869141,-0.21582,0.988281,0,-0.000532632,0
1773775072131,0.0878906,-0.213867,0.990234,0,0,-0.00106526
1773775072209,0.0869141,-0.21582,0.98877,0,-0.000532632,0.000532632
1773775072289,0.0893555,-0.214355,0.987793,0.000532632,-0.00106526,0.00106526
1773775072369,0.0878906,-0.216309,0.989258,0,-0.0015979,0.000532632
1773775072440,0.0888672,-0.214844,0.989746,0.000532632,-0.000532632,0
1773775072521,0.0893555,-0.21582,0.989746,0.00106526,-0.000532632,-0.00106526
1773775072601,0.0888672,-0.216797,0.989258,-0.000532632,-0.000532632,-0.000532632
1773775072671,0.0898438,-0.215332,0.991211,-0.000532632,0,0.000532632
1773775072754,0.0908203,-0.216797,0.98877,-0.00106526,-0.000532632,0.000532632
1773775072833,0.0888672,-0.215332,0.98877,-0.000532632,-0.000532632,0
1773775072903,0.0878906,-0.214355,0.991211,0.000532632,0,0
1773775072984,0.0888672,-0.213379,0.98877,0,-0.000532632,0
1773775073064,0.0869141,-0.214355,0.98877,-0.000532632,-0.0015979,0
1773775073134,0.0878906,-0.215332,0.990234,0.00106526,0,-0.00106526
1773775073215,0.0883789,-0.215332,0.989746,0.000532632,-0.000532632,-0.000532632
1773775073296,0.0878906,-0.214355,0.990234,0.000532632,0,0.000532632
1773775073366,0.0898438,-0.21582,0.989258,0,0,-0.000532632
1773775073447,0.0908203,-0.217285,0.988281,0.000532632,-0.000532632,-0.000532632
1773775073517,0.0888672,-0.215332,0.991211,0,0,-0.000532632
1773775073598,0.0874023,-0.215332,0.990234,0.000532632,-0.000532632,0
1773775073678,0.0893555,-0.21582,0.990234,-0.000532632,-0.000532632,0.00106526
1773775073749,0.0898438,-0.215332,0.991211,0,0,-0.000532632
1773775073829,0.0898438,-0.214844,0.989258,-0.00106526,-0.000532632,0.000532632
1773775073910,0.0898438,-0.213867,0.989746,-0.00106526,-0.00106526,0
1773775073981,0.0908203,-0.214844,0.989746,0.000532632,-0.0015979,0
1773775074061,0.0883789,-0.21582,0.991211,-0.000532632,0,-0.000532632
1773775074141,0.0878906,-0.212891,0.989258,0.000532632,-0.000532632,0.000532632
1773775074212,0.0888672,-0.216309,0.989746,-0.000532632,-0.000532632,-0.000532632
1773775074293,0.0898438,-0.21582,0.989746,0,-0.000532632,-0.0015979
1773775074373,0.0883789,-0.214355,0.990234,-0.000532632,-0.00106526,-0.000532632
1773775074444,0.0893555,-0.214844,0.990234,-0.000532632,-0.000532632,0.000532632
1773775074524,0.0898438,-0.216309,0.991699,0.000532632,-0.000532632,0
1773775074605,0.0874023,-0.215332,0.990723,0,0,0
1773775074676,0.0888672,-0.214844,0.988281,0.000532632,-0.000532632,0
1773775074756,0.0864258,-0.215332,0.989258,0,0,0
1773775074826,0.0908203,-0.215332,0.990234,0,-0.000532632,-0.00106526
1773775074907,0.0898438,-0.213867,0.990234,0,0,0
1773775074987,0.0883789,-0.214844,0.98877,0.000532632,0,0
1773775075058,0.0898438,-0.214844,0.989258,0,0,0.000532632
1773775075138,0.0898438,-0.215332,0.989746,0,-0.000532632,-0.00106526
1773775075219,0.0893555,-0.215332,0.988281,0.000532632,0,-0.000532632
1773775075289,0.0878906,-0.214844,0.98877,0,0.000532632,0
1773775075370,0.0888672,-0.216309,0.990723,0,-0.00106526,0
1773775075450,0.0883789,-0.215332,0.990234,0.000532632,0,0
1773775075521,0.0898438,-0.216309,0.987305,0.000532632,-0.000532632,0.000532632
1773775075601,0.0878906,-0.215332,0.990234,-0.000532632,-0.0015979,0
1773775075682,0.0893555,-0.214355,0.989746,-0.000532632,-0.00106526,0.000532632
1773775075752,0.0878906,-0.215332,0.990234,0.00106526,0,0
1773775075833,0.0878906,-0.215332,0.989258,0,-0.000532632,-0.00106526
1773775075914,0.0888672,-0.217285,0.991211,0,-0.00106526,-0.000532632
1773775075985,0.0859375,-0.215332,0.990723,-0.000532632,-0.00106526,0
1773775076065,0.0888672,-0.21582,0.990234,0,-0.000532632,-0.00106526
1773775076136,0.0898438,-0.214355,0.991699,0,-0.000532632,0
1773775076216,0.0883789,-0.216309,0.989746,-0.00106526,-0.00106526,0.000532632
1773775076296,0.0893555,-0.213379,0.990234,0,-0.0015979,-0.000532632
1773775076368,0.0898438,-0.212402,0.989746,-0.000532632,-0.000532632,0
1773775076448,0.0922852,-0.216309,0.990234,-0.00106526,-0.00106526,0
1773775076529,0.0883789,-0.215332,0.991211,0.00106526,0,0.000532632
1773775076599,0.090332,-0.215332,0.990723,-0.0015979,-0.00106526,-0.000532632
1773775076680,0.0883789,-0.21582,0.991699,0.000532632,-0.00106526,-0.000532632
1773775076760,0.0893555,-0.216797,0.989746,0,-0.000532632,-0.0015979
1773775076831,0.0898438,-0.214844,0.987305,-0.000532632,-0.00106526,0
1773775076911,0.090332,-0.21582,0.991211,0,-0.00106526,-0.00106526
1773775076992,0.0913086,-0.215332,0.990234,-0.00106526,0,0
1773775077063,0.0893555,-0.215332,0.989746,-0.000532632,-0.000532632,0
1773775077143,0.0888672,-0.212402,0.988281,0,-0.0015979,0.000532632
1773775077214,0.0908203,-0.216797,0.989746,0,-0.000532632,0.000532632
1773775077294,0.0898438,-0.21582,0.991211,-0.00106526,-0.000532632,0
1773775077375,0.0898438,-0.214844,0.990723,0,-0.00106526,-0.00106526
1773775077445,0.090332,-0.214844,0.989746,-0.00106526,-0.000532632,0
1773775077526,0.0874023,-0.215332,0.990723,0,-0.000532632,-0.00106526
1773775077607,0.0888672,-0.216797,0.991211,0,0.000532632,0
1773775077677,0.0908203,-0.21582,0.989746,-0.00106526,-0.000532632,0.000532632
1773775077758,0.0893555,-0.214844,0.991699,-0.000532632,-0.000532632,0.000532632
1773775077838,0.0888672,-0.214355,0.990234,0.000532632,-0.000532632,0
1773775077908,0.0888672,-0.214844,0.990234,0.000532632,0.000532632,0
1773775077989,0.0888672,-0.213867,0.989258,0,-0.00106526,-0.000532632
1773775078069,0.0893555,-0.212402,0.989746,0,-0.00106526,0.000532632
1773775078140,0.0859375,-0.215332,0.991699,0.000532632,-0.000532632,-0.000532632
1773775078222,0.0874023,-0.214355,0.990234,0.00106526,-0.000532632,0
1773775078301,0.0883789,-0.21582,0.989258,0,-0.000532632,0
1773775078372,0.0893555,-0.21582,0.989258,-0.00106526,-0.000532632,0
1773775078452,0.0883789,-0.215332,0.992188,0.000532632,0.000532632,-0.000532632
1773775078523,0.0878906,-0.213867,0.989258,0.000532632,-0.00106526,0.00106526
1773775078603,0.0888672,-0.214355,0.989746,0,-0.000532632,-0.000532632
1773775078685,0.0878906,-0.217773,0.98877,0.000532632,-0.000532632,-0.000532632
1773775078754,0.0893555,-0.212891,0.989258,0.000532632,-0.000532632,-0.000532632
1773775078835,0.090332,-0.214355,0.989258,-0.000532632,-0.00106526,0
1773775078915,0.0898438,-0.215332,0.990723,0.0015979,-0.000532632,-0.000532632
1773775078986,0.0908203,-0.214355,0.990723,-0.00106526,0,0.000532632
1773775079066,0.0874023,-0.214844,0.992188,-0.000532632,-0.00106526,0.000532632
1773775079138,0.0888672,-0.214844,0.989258,0,-0.00106526,0
1773775079219,0.0898438,-0.215332,0.990234,-0.000532632,-0.000532632,0.000532632
1773775079298,0.0908203,-0.215332,0.989258,0.000532632,-0.0015979,-0.000532632
1773775079378,0.0888672,-0.215332,0.988281,0.00106526,-0.000532632,0
1773775079451,0.090332,-0.214355,0.990723,0,0,0.000532632
1773775079529,0.0888672,-0.214844,0.990234,-0.000532632,-0.000532632,-0.000532632
1773775079603,0.0908203,-0.214844,0.992188,0,-0.000532632,-0.000532632
1773775079681,0.0908203,-0.214355,0.989258,-0.000532632,0,-0.000532632
1773775079761,0.0883789,-0.215332,0.989746,0.000532632,-0.00106526,0.000532632
1773775079832,0.0913086,-0.215332,0.990234,0,0.00106526,0
1773775079912,0.0888672,-0.212891,0.990234,-0.000532632,-0.00106526,0.000532632
1773775079993,0.0908203,-0.213379,0.98877,0,0,0
1773775080066,0.0908203,-0.212891,0.989746,0.000532632,-0.00106526,0.000532632
1773775080147,0.0888672,-0.213867,0.990723,0.000532632,0,-0.000532632
1773775080226,0.0908203,-0.213867,0.990234,0,-0.000532632,0
1773775080295,0.090332,-0.214355,0.989746,-0.000532632,0,-0.000532632
1773775080375,0.0878906,-0.214844,0.989746,-0.000532632,-0.0015979,-0.000532632
1773775080456,0.0893555,-0.213379,0.991699,-0.000532632,-0.00106526,-0.00106526
1773775080526,0.090332,-0.216309,0.991211,0.000532632,-0.000532632,-0.00106526
1773775080608,0.0898438,-0.214355,0.988281,-0.00106526,-0.000532632,-0.00106526
1773775080688,0.0883789,-0.21582,0.98877,-0.000532632,0,-0.000532632
1773775080758,0.0883789,-0.215332,0.991211,-0.00106526,-0.000532632,0
1773775080839,0.0898438,-0.214844,0.990723,-0.000532632,-0.000532632,-0.000532632
1773775080919,0.0908203,-0.213867,0.989258,0,-0.000532632,-0.000532632
1773775080991,0.0898438,-0.213867,0.989258,0.000532632,0,-0.0015979
1773775081072,0.0898438,-0.213867,0.991699,-0.00106526,-0.000532632,-0.000532632
1773775081143,0.0888672,-0.213379,0.991211,0,-0.00106526,-0.000532632
1773775081222,0.0913086,-0.214844,0.990234,0,-0.000532632,-0.000532632
1773775081302,0.0898438,-0.213867,0.990723,0,-0.000532632,-0.00106526
1773775081373,0.0893555,-0.213379,0.991699,0.000532632,0.000532632,-0.000532632
1773775081453,0.0917969,-0.215332,0.993164,0,-0.00106526,0
1773775081534,0.0908203,-0.214355,0.989746,-0.00106526,-0.000532632,0.000532632
1773775081604,0.0874023,-0.216797,0.989746,-0.000532632,0,0.000532632
1773775081685,0.0878906,-0.214844,0.990234,0.000532632,-0.00106526,0
1773775081755,0.0878906,-0.217773,0.98877,0,-0.000532632,0.000532632
1773775081838,0.0927734,-0.214844,0.989746,0.000532632,0,0
1773775081916,0.0908203,-0.216797,0.989258,-0.000532632,0,-0.000532632
1773775081997,0.0883789,-0.215332,0.990234,-0.00106526,0,0
1773775082067,0.0898438,-0.21582,0.990234,-0.000532632,-0.000532632,-0.000532632
1773775082149,0.0883789,-0.214844,0.989746,-0.000532632,-0.000532632,0
1773775082218,0.0878906,-0.214844,0.990723,0,0,0
1773775082299,0.090332,-0.214355,0.98877,-0.000532632,0,0.000532632
1773775082380,0.0898438,-0.216797,0.990234,-0.000532632,-0.000532632,0
1773775082450,0.0913086,-0.214844,0.98877,0.000532632,-0.000532632,0.000532632
1773775082531,0.0908203,-0.215332,0.991211,-0.000532632,-0.000532632,0
1773775082611,0.0893555,-0.213867,0.991211,-0.000532632,-0.00106526,0
1773775082682,0.0878906,-0.213867,0.991699,-0.000532632,-0.000532632,0.00106526
1773775082762,0.0883789,-0.216309,0.991211,0.000532632,-0.000532632,-0.000532632
1773775082843,0.0893555,-0.215332,0.991699,0,-0.000532632,0
1773775082913,0.0898438,-0.213867,0.990234,0,-0.000532632,-0.00106526
1773775082994,0.0878906,-0.214844,0.988281,0,-0.00106526,-0.000532632
1773775083074,0.0893555,-0.216797,0.990723,0,-0.0015979,-0.000532632
1773775083145,0.0908203,-0.213867,0.991699,0,-0.000532632,-0.000532632
1773775083225,0.0908203,-0.214355,0.98877,0,-0.000532632,0.00106526
1773775083306,0.0878906,-0.214844,0.990234,-0.00106526,-0.0015979,0
1773775083376,0.0888672,-0.214844,0.990723,0,-0.00106526,0.00106526
1773775083457,0.0888672,-0.213379,0.990723,0,-0.00106526,0
1773775083537,0.0898438,-0.21582,0.990234,-0.000532632,-0.00106526,0
1773775083608,0.0878906,-0.212891,0.990723,-0.000532632,-0.0015979,-0.000532632
1773775083688,0.090332,-0.214844,0.993164,-0.00106526,-0.0015979,0.000532632
1773775083759,0.0888672,-0.21582,0.990723,0,-0.0015979,0.000532632
1773775083840,0.0908203,-0.214355,0.990723,-0.00106526,-0.000532632,0
1773775083920,0.0878906,-0.216309,0.989746,-0.00106526,-0.000532632,0.000532632
1773775083991,0.0913086,-0.214844,0.991211,0.000532632,-0.00106526,-0.000532632
1773775084071,0.0908203,-0.215332,0.990234,0,-0.000532632,0.000532632
1773775084152,0.0878906,-0.21582,0.990234,0.000532632,-0.00106526,-0.00106526
1773775084224,0.0908203,-0.214844,0.991211,-0.000532632,-0.00106526,0.000532632
1773775084303,0.0888672,-0.21582,0.989746,0,0.000532632,0
1773775084384,0.090332,-0.214355,0.990234,-0.000532632,0,-0.000532632
1773775084457,0.0898438,-0.213379,0.991211,0,0,0.000532632
1773775084535,0.0913086,-0.214844,0.991699,0,0,0.00106526
1773775084615,0.0883789,-0.213867,0.989746,-0.000532632,-0.000532632,0
1773775084686,0.0898438,-0.214355,0.991211,-0.000532632,-0.00106526,0
1773775084767,0.0893555,-0.214844,0.991211,-0.000532632,-0.00213053,0
1773775084837,0.090332,-0.212891,0.990234,0.000532632,0,0.000532632
1773775084917,0.0874023,-0.214355,0.990234,-0.000532632,-0.00106526,-0.00106526
1773775084999,0.0898438,-0.215332,0.990723,0,-0.00106526,-0.000532632
1773775085068,0.0893555,-0.214355,0.989746,0.000532632,-0.000532632,-0.000532632
1773775085150,0.0893555,-0.217773,0.990723,-0.000532632,-0.000532632,0
1773775085230,0.0893555,-0.213379,0.989746,0.000532632,0,-0.000532632
1773775085302,0.0893555,-0.213867,0.990234,0,-0.00106526,-0.000532632
1773775085381,0.0913086,-0.215332,0.989258,0,-0.00106526,-0.000532632
1773775085462,0.0893555,-0.212891,0.991211,-0.000532632,-0.000532632,0
1773775085532,0.0893555,-0.214844,0.989746,0,-0.0015979,-0.000532632
1773775085613,0.0883789,-0.215332,0.990234,0,0.000532632,-0.000532632
1773775085693,0.0888672,-0.214355,0.989258,0,-0.000532632,-0.000532632
1773775085765,0.0883789,-0.213867,0.991211,-0.000532632,0,-0.00106526
1773775085844,0.0883789,-0.212891,0.990723,0,-0.00106526,0.00106526
1773775085915,0.0888672,-0.21582,0.989746,-0.000532632,0,-0.000532632
1773775085995,0.0917969,-0.213867,0.990234,0,0.000532632,-0.000532632
1773775086076,0.0888672,-0.216797,0.990234,0.000532632,0,0
1773775086146,0.0893555,-0.21582,0.989258,0,-0.00106526,0
1773775086227,0.0898438,-0.21582,0.991211,0.000532632,-0.00106526,0
1773775086308,0.0883789,-0.213867,0.991211,-0.00106526,-0.000532632,-0.000532632
1773775086379,0.0898438,-0.211914,0.987793,0.00106526,0.000532632,0
1773775086459,0.0883789,-0.216797,0.992676,0.000532632,-0.000532632,0
1773775086539,0.0878906,-0.214355,0.987793,-0.000532632,0,-0.000532632
1773775086610,0.0878906,-0.214355,0.991211,-0.000532632,-0.00106526,-0.000532632
1773775086690,0.0878906,-0.215332,0.990234,0,-0.000532632,0.000532632
1773775086771,0.0888672,-0.21582,0.991699,0,-0.000532632,0.000532632
1773775086842,0.090332,-0.214355,0.990234,0,-0.000532632,0
1773775086922,0.0888672,-0.213379,0.991211,-0.000532632,0.000532632,0
1773775086993,0.0893555,-0.214844,0.990723,0,-0.000532632,0
1773775087076,0.0893555,-0.214844,0.990234,0,-0.00106526,0
1773775087153,0.0898438,-0.217285,0.989746,0,0,0
1773775087224,0.0864258,-0.214844,0.990234,-0.00106526,-0.00106526,-0.000532632
1773775087305,0.0883789,-0.213867,0.990723,0,-0.00106526,0
1773775087385,0.090332,-0.214355,0.989258,0,-0.000532632,-0.000532632
1773775087456,0.0883789,-0.215332,0.991211,-0.00106526,-0.00106526,-0.000532632
1773775087536,0.0883789,-0.211914,0.993652,0.000532632,-0.000532632,-0.0015979
1773775087617,0.0878906,-0.213867,0.989746,0.000532632,-0.00106526,0
1773775087687,0.0883789,-0.214355,0.990234,0.000532632,-0.00106526,0
1773775087768,0.0883789,-0.214355,0.989258,0,0,-0.00106526
1773775087848,0.0888672,-0.216797,0.990234,-0.000532632,-0.00106526,-0.00106526
1773775087919,0.0893555,-0.214844,0.990234,0,-0.000532632,-0.00106526
1773775087999,0.0874023,-0.215332,0.989746,0,-0.000532632,0
1773775088080,0.0898438,-0.217285,0.98877,-0.00106526,-0.000532632,0
1773775088150,0.0898438,-0.216797,0.991699,0,-0.000532632,-0.000532632
1773775088231,0.090332,-0.213867,0.989258,0,-0.00106526,0
1773775088302,0.0898438,-0.214355,0.990723,-0.000532632,-0.0015979,-0.000532632
1773775088382,0.0883789,-0.215332,0.991211,0.000532632,0,-0.000532632
1773775088463,0.0888672,-0.214844,0.991699,0.000532632,-0.000532632,0.000532632
1773775088533,0.0893555,-0.213379,0.989258,-0.000532632,-0.000532632,0
1773775088614,0.0898438,-0.214355,0.991211,0,-0.00106526,0
1773775088694,0.0917969,-0.213867,0.991699,0.000532632,-0.00106526,0.000532632
1773775088765,0.0893555,-0.213379,0.98877,0,0,0
1773775088847,0.0888672,-0.215332,0.991211,0,-0.000532632,-0.000532632
1773775088927,0.0908203,-0.21582,0.990234,0,-0.000532632,-0.00106526
1773775088996,0.0913086,-0.214844,0.992188,-0.000532632,-0.00106526,0
1773775089077,0.0898438,-0.213379,0.98877,-0.000532632,0.000532632,0
1773775089158,0.0864258,-0.21582,0.989746,0,-0.000532632,-0.00106526
1773775089228,0.0888672,-0.214844,0.98877,0,0.000532632,-0.000532632
1773775089309,0.090332,-0.214844,0.989746,0.000532632,-0.00106526,-0.000532632
1773775089389,0.0913086,-0.213867,0.991211,-0.000532632,-0.00106526,-0.000532632
1773775089460,0.0898438,-0.214355,0.990723,-0.000532632,0,0
1773775089540,0.0893555,-0.215332,0.990723,0.000532632,-0.000532632,0.000532632
1773775089621,0.0878906,-0.215332,0.991211,-0.000532632,0,0
1773775089691,0.0898438,-0.216797,0.991211,0,-0.0015979,0
1773775089772,0.0888672,-0.213867,0.989746,0,-0.000532632,-0.00106526
1773775089842,0.0888672,-0.214844,0.98877,0.000532632,0,-0.000532632
1773775089923,0.0893555,-0.214844,0.990723,-0.00106526,-0.000532632,0
1773775090003,0.0898438,-0.21582,0.990723,-0.000532632,-0.000532632,-0.000532632
1773775090075,0.0893555,-0.213867,0.991211,0,-0.00106526,0.000532632
1773775090154,0.0878906,-0.213867,0.989746,-0.000532632,0,0.000532632
1773775090235,0.0888672,-0.213379,0.990723,-0.000532632,-0.000532632,-0.000532632
1773775090305,0.0888672,-0.21582,0.990723,-0.00106526,0,0
1773775090387,0.0878906,-0.213379,0.989746,-0.000532632,0.00106526,-0.000532632
1773775090466,0.0898438,-0.216309,0.990723,0,-0.00106526,-0.0015979
1773775090537,0.0913086,-0.214844,0.990234,0.000532632,-0.00106526,-0.00106526
1773775090618,0.090332,-0.215332,0.989746,-0.000532632,-0.0015979,-0.000532632
1773775090698,0.0883789,-0.214355,0.989746,0,-0.000532632,-0.000532632
1773775090769,0.0908203,-0.213379,0.991211,-0.0015979,-0.00106526,-0.000532632
1773775090849,0.0883789,-0.214844,0.991699,0.00106526,-0.00106526,0
1773775090930,0.0898438,-0.215332,0.989258,0,-0.000532632,-0.000532632
1773775091000,0.0888672,-0.216309,0.989258,0,-0.000532632,-0.00106526
1773775091081,0.0893555,-0.216797,0.990723,-0.0015979,-0.000532632,-0.000532632
1773775091151,0.0888672,-0.214355,0.990234,-0.00106526,-0.00106526,0
1773775091232,0.0883789,-0.216309,0.989258,-0.0015979,-0.000532632,0.000532632
1773775091312,0.0878906,-0.214844,0.989746,0,-0.000532632,0.00106526
1773775091383,0.0869141,-0.214355,0.990723,0.00106526,-0.000532632,0
1773775091463,0.0898438,-0.213379,0.990723,0,-0.0015979,-0.000532632
1773775091544,0.0878906,-0.217285,0.990234,0,-0.000532632,0
1773775091614,0.0893555,-0.21582,0.990234,0,-0.00106526,-0.000532632
1773775091695,0.0888672,-0.215332,0.988281,0.00106526,-0.0015979,0
1773775091775,0.0898438,-0.213867,0.990234,-0.000532632,0.000532632,-0.0015979
1773775091847,0.0898438,-0.214355,0.989258,0,-0.000532632,0
1773775091927,0.0893555,-0.215332,0.989746,-0.00106526,-0.00106526,0.000532632
1773775092007,0.0888672,-0.216309,0.990723,0,-0.00106526,0
1773775092078,0.0893555,-0.214355,0.990234,-0.000532632,-0.00106526,0.00106526
1773775092158,0.0883789,-0.21582,0.990723,-0.000532632,-0.000532632,0.000532632
1773775092239,0.0908203,-0.21582,0.990723,-0.000532632,0,-0.000532632
1773775092309,0.0893555,-0.214355,0.989746,0,-0.000532632,0.000532632
1773775092390,0.0893555,-0.214844,0.989746,-0.000532632,0,-0.000532632
1773775092460,0.090332,-0.214844,0.989258,-0.000532632,0,-0.00106526
1773775092541,0.0888672,-0.214844,0.989746,0,0,0.000532632
1773775092621,0.0898438,-0.21582,0.988281,-0.000532632,-0.00106526,0.00106526
1773775092692,0.0888672,-0.214355,0.991211,-0.000532632,-0.00106526,-0.00106526
1773775092772,0.0888672,-0.215332,0.991211,-0.000532632,-0.000532632,-0.000532632
1773775092853,0.0878906,-0.216309,0.990723,0.000532632,-0.000532632,0
1773775092923,0.0878906,-0.21582,0.989258,-0.000532632,0,-0.00106526
1773775093004,0.0913086,-0.214844,0.989258,-0.00106526,-0.000532632,0.000532632
1773775093078,0.0893555,-0.215332,0.990234,0,-0.00106526,0
1773775093155,0.0888672,-0.21582,0.990723,0.000532632,-0.00106526,0
1773775093236,0.0893555,-0.216309,0.989258,0.00106526,-0.00106526,-0.00106526
1773775093316,0.0898438,-0.216309,0.988281,0,-0.000532632,0
1773775093387,0.0878906,-0.217773,0.990234,-0.000532632,-0.000532632,-0.000532632
1773775093469,0.0888672,-0.21582,0.989746,0,0.00106526,-0.000532632
1773775093538,0.0878906,-0.21582,0.990234,0,-0.000532632,0
1773775093619,0.0864258,-0.216797,0.989746,0,-0.00106526,0
1773775093700,0.090332,-0.214844,0.988281,0.000532632,-0.000532632,0
1773775093770,0.0883789,-0.214355,0.98877,0,0,0.000532632
1773775093850,0.0878906,-0.213379,0.991211,0.00106526,-0.00106526,-0.000532632
1773775093932,0.0898438,-0.21582,0.990723,-0.000532632,-0.000532632,-0.000532632
1773775094001,0.0883789,-0.21582,0.990234,0,-0.000532632,-0.000532632
1773775094082,0.0893555,-0.216309,0.990723,0,0,0.0015979
1773775094162,0.0898438,-0.214355,0.990234,0.000532632,-0.00106526,0.000532632
1773775094233,0.0908203,-0.215332,0.989746,0,-0.000532632,0
1773775094313,0.0917969,-0.214355,0.990234,-0.000532632,0,0
1773775094394,0.0869141,-0.213379,0.989746,0.000532632,0,0
1773775094464,0.0874023,-0.21582,0.989746,0,0,0.000532632
1773775094545,0.090332,-0.214844,0.991699,0.000532632,-0.000532632,0
1773775094625,0.0888672,-0.214844,0.990723,-0.000532632,-0.000532632,0
1773775094696,0.090332,-0.214844,0.990234,0.000532632,-0.00106526,0
1773775094776,0.0883789,-0.215332,0.990723,-0.000532632,0,0.000532632
1773775094847,0.0898438,-0.214844,0.990234,0,-0.0015979,-0.00106526
1773775094927,0.0888672,-0.213379,0.991211,-0.000532632,0,0.000532632
1773775095008,0.0893555,-0.212891,0.989746,-0.00106526,-0.000532632,0.00106526
1773775095080,0.0893555,-0.214355,0.988281,0.000532632,-0.00106526,0
1773775095159,0.0878906,-0.213867,0.992188,0.00106526,-0.0015979,-0.000532632
1773775095240,0.0908203,-0.214355,0.991699,0.000532632,-0.00106526,-0.000532632
1773775095310,0.0908203,-0.21582,0.991699,0,-0.00106526,0
1773775095391,0.0888672,-0.214844,0.989746,0,-0.00106526,-0.0015979
1773775095471,0.0883789,-0.215332,0.991211,0,-0.00106526,-0.000532632
1773775095542,0.0898438,-0.213379,0.989746,-0.000532632,-0.000532632,0.000532632
1773775095622,0.0888672,-0.214355,0.991211,-0.000532632,-0.00106526,-0.000532632
1773775095703,0.090332,-0.214355,0.990234,0,0,0.000532632
1773775095774,0.0913086,-0.213867,0.98877,0,-0.000532632,0
1773775095855,0.0888672,-0.214355,0.990723,-0.000532632,-0.000532632,0.000532632
1773775095935,0.0898438,-0.213867,0.990723,-0.000532632,-0.000532632,0
1773775096005,0.090332,-0.214355,0.990234,0.000532632,-0.000532632,-0.000532632
1773775096085,0.090332,-0.21582,0.989258,0.000532632,0,0.000532632
1773775096156,0.090332,-0.21582,0.989258,-0.000532632,-0.00106526,0.000532632
1773775096238,0.0888672,-0.216797,0.991211,0,0,0
1773775096317,0.0913086,-0.214844,0.989258,0,-0.000532632,0
1773775096389,0.0908203,-0.214355,0.98877,0.000532632,-0.0015979,0.000532632
1773775096469,0.0888672,-0.21582,0.991699,-0.000532632,-0.000532632,0
1773775096549,0.090332,-0.214355,0.991211,0.000532632,0.000532632,0
1773775096620,0.0888672,-0.215332,0.989746,0.000532632,0.000532632,-0.000532632
1773775096700,0.0878906,-0.214844,0.991699,0,0.000532632,0
1773775096781,0.090332,-0.213379,0.989746,0.00106526,-0.000532632,0
1773775096851,0.0883789,-0.213379,0.989746,-0.000532632,-0.0015979,0
1773775096932,0.0878906,-0.21582,0.989258,0,-0.000532632,-0.000532632
1773775097013,0.0893555,-0.214844,0.990234,0.000532632,-0.000532632,-0.00106526
1773775097085,0.0917969,-0.214355,0.989258,-0.000532632,-0.00106526,0
1773775097163,0.0893555,-0.214844,0.991211,-0.000532632,-0.0015979,0
1773775097234,0.0898438,-0.214355,0.990234,0,-0.000532632,-0.000532632
1773775097315,0.0893555,-0.216797,0.990723,0.00106526,-0.00106526,0
1773775097395,0.0888672,-0.21582,0.989746,0,-0.000532632,0
1773775097466,0.0883789,-0.213379,0.989746,-0.000532632,-0.000532632,0
1773775097548,0.0878906,-0.21582,0.991699,-0.000532632,-0.000532632,-0.000532632
1773775097628,0.0888672,-0.214844,0.991211,0,-0.000532632,-0.000532632
1773775097699,0.0898438,-0.214355,0.990234,-0.000532632,-0.000532632,-0.00106526
1773775097779,0.090332,-0.213867,0.98877,0.000532632,-0.000532632,-0.000532632
1773775097850,0.0898438,-0.215332,0.98877,0.00106526,-0.000532632,0
1773775097930,0.0908203,-0.214844,0.98877,-0.000532632,-0.0015979,-0.000532632
1773775098011,0.0888672,-0.213867,0.990723,-0.000532632,-0.000532632,-0.000532632
1773775098081,0.090332,-0.214844,0.988281,-0.000532632,-0.000532632,0.000532632
1773775098162,0.0878906,-0.213867,0.989746,0,-0.000532632,0
1773775098243,0.090332,-0.214844,0.991699,0,-0.000532632,0.00106526
1773775098313,0.0874023,-0.216309,0.989258,0.000532632,-0.00106526,0
1773775098394,0.0898438,-0.215332,0.989746,0,0,0
1773775098475,0.0893555,-0.21582,0.991699,0,-0.00106526,0.000532632
1773775098545,0.0869141,-0.214844,0.989746,-0.000532632,0,-0.00106526
1773775098625,0.0898438,-0.214355,0.991211,-0.00106526,0.000532632,0
1773775098706,0.0888672,-0.214355,0.989746,-0.0015979,-0.0015979,0
1773775098776,0.0893555,-0.216309,0.98877,0.000532632,0,0.00106526
1773775098857,0.0898438,-0.214355,0.991211,-0.000532632,-0.0015979,0
1773775098930,0.0893555,-0.215332,0.990234,0.000532632,-0.000532632,0.000532632
1773775099008,0.090332,-0.214844,0.989258,0.000532632,0,-0.000532632
1773775099089,0.0893555,-0.216309,0.990723,0,-0.000532632,0.000532632
1773775099169,0.0874023,-0.215332,0.989258,0.00106526,-0.000532632,0.00106526
1773775099240,0.0893555,-0.214355,0.989258,0.00106526,-0.00106526,0
1773775099320,0.0893555,-0.216309,0.989258,0,0,-0.000532632
1773775099390,0.0898438,-0.215332,0.98877,0.000532632,-0.000532632,0
1773775099473,0.0908203,-0.215332,0.990234,0,-0.000532632,0.000532632
1773775099551,0.0874023,-0.215332,0.990234,0,-0.000532632,-0.00106526
1773775099622,0.0898438,-0.214844,0.990234,0,-0.0015979,0
1773775099704,0.0888672,-0.214355,0.990723,0.000532632,0,-0.000532632
1773775099784,0.0874023,-0.216309,0.990234,0.000532632,-0.00106526,0
1773775099855,0.0898438,-0.213379,0.991699,0,-0.000532632,-0.000532632
1773775099936,0.0878906,-0.214355,0.989746,-0.000532632,0,0.000532632
1773775100015,0.0878906,-0.215332,0.990234,-0.000532632,0.000532632,-0.0015979
1773775100086,0.0908203,-0.212891,0.991211,0.000532632,0.000532632,0.000532632
1773775100168,0.0883789,-0.214844,0.991699,-0.000532632,-0.00106526,-0.000532632
1773775100238,0.0878906,-0.217285,0.991211,0,-0.000532632,0
1773775100318,0.090332,-0.213867,0.990234,-0.000532632,-0.00106526,-0.000532632
1773775100400,0.0888672,-0.214355,0.989746,-0.000532632,-0.00106526,0
1773775100470,0.090332,-0.216309,0.991211,0,0,0.0015979
1773775100550,0.0893555,-0.214355,0.990234,0.000532632,-0.000532632,-0.00106526
1773775100630,0.0883789,-0.21582,0.98877,0.00106526,-0.000532632,0
1773775100700,0.0878906,-0.21582,0.989258,-0.00106526,-0.00106526,-0.000532632
1773775100781,0.0893555,-0.214844,0.989746,0,0.000532632,0
1773775100861,0.0908203,-0.217773,0.992188,0.000532632,-0.0015979,0
1773775100932,0.0893555,-0.215332,0.988281,0,-0.00106526,0.000532632
1773775101012,0.0883789,-0.21582,0.990234,0.000532632,-0.00106526,0
1773775101092,0.090332,-0.216309,0.989746,0,-0.000532632,0.000532632
1773775101163,0.0908203,-0.214844,0.991211,0,-0.000532632,-0.0015979
1773775101245,0.0883789,-0.216797,0.990234,-0.000532632,0,0
1773775101325,0.0893555,-0.213867,0.990234,0.00106526,0,0
1773775101395,0.0893555,-0.21582,0.98877,-0.000532632,-0.0015979,0.0015979
1773775101476,0.0859375,-0.215332,0.989258,-0.000532632,-0.000532632,0
1773775101546,0.0883789,-0.214844,0.990234,0.000532632,-0.000532632,0.000532632
1773775101627,0.0878906,-0.213379,0.989746,-0.00106526,0,0
1773775101709,0.0913086,-0.214844,0.990234,0.000532632,-0.000532632,0
1773775101778,0.0888672,-0.214844,0.990723,-0.00106526,-0.000532632,-0.0015979
1773775101858,0.0898438,-0.215332,0.989258,0.000532632,0,-0.000532632
1773775101939,0.0898438,-0.213867,0.98877,0.00106526,0,0
1773775102010,0.0878906,-0.21582,0.991211,-0.000532632,-0.00106526,0
1773775102090,0.0908203,-0.213867,0.987793,0,-0.00106526,-0.000532632
1773775102171,0.0898438,-0.214844,0.990234,0.000532632,0,0
1773775102241,0.0883789,-0.21582,0.989258,0.00106526,-0.00106526,0
1773775102322,0.0888672,-0.215332,0.988281,0.0015979,-0.000532632,0
1773775102402,0.0913086,-0.214355,0.989258,0.00106526,-0.00106526,0
1773775102473,0.0908203,-0.215332,0.990234,-0.000532632,-0.0015979,0.000532632
1773775102554,0.0874023,-0.214355,0.990234,0,-0.0015979,0
1773775102634,0.090332,-0.214355,0.989746,0,-0.000532632,0.000532632
1773775102705,0.0898438,-0.212402,0.990234,0,-0.00106526,0
1773775102786,0.0883789,-0.21582,0.991211,-0.000532632,-0.000532632,-0.00106526
1773775102856,0.0908203,-0.214844,0.992676,0,-0.000532632,0.000532632
1773775102936,0.0913086,-0.215332,0.991699,-0.000532632,-0.00106526,0
1773775103017,0.090332,-0.213379,0.991211,0,-0.0015979,0
1773775103088,0.0898438,-0.214844,0.991211,0,-0.00106526,0
1773775103169,0.0888672,-0.214355,0.989258,0.00106526,-0.00106526,-0.000532632
1773775103248,0.0898438,-0.217285,0.989746,0.000532632,-0.000532632,0
1773775103319,0.0888672,-0.214355,0.98877,-0.000532632,-0.00106526,0
1773775103400,0.0883789,-0.212891,0.991699,-0.000532632,-0.00106526,0.000532632
1773775103471,0.0874023,-0.215332,0.990234,-0.000532632,-0.00213053,0.000532632
1773775103551,0.0908203,-0.214844,0.990723,0.000532632,-0.000532632,0.000532632
1773775103631,0.0908203,-0.214844,0.990234,0,-0.000532632,0
1773775103712,0.0888672,-0.21582,0.989746,0,-0.00106526,-0.000532632
1773775103782,0.0883789,-0.214844,0.989746,-0.000532632,-0.000532632,-0.000532632
1773775103863,0.0888672,-0.213867,0.989258,0.00106526,0,0
1773775103943,0.0874023,-0.216797,0.990723,0,-0.000532632,0.000532632
1773775104014,0.0908203,-0.214844,0.992676,0,-0.00106526,0
1773775104094,0.0878906,-0.215332,0.98877,-0.000532632,-0.000532632,0.000532632
1773775104165,0.0898438,-0.216797,0.991211,-0.000532632,-0.000532632,0.000532632
1773775104245,0.0888672,-0.212891,0.990234,-0.000532632,-0.00106526,0
1773775104326,0.0883789,-0.214355,0.990723,0,-0.000532632,-0.000532632
1773775104396,0.0888672,-0.216309,0.989746,-0.000532632,-0.00106526,0
1773775104477,0.0898438,-0.215332,0.990723,0,-0.00106526,-0.00106526
1773775104557,0.0893555,-0.214844,0.991211,-0.000532632,-0.0015979,0.0015979
1773775104628,0.0874023,-0.21582,0.990234,-0.000532632,-0.0015979,0.000532632
1773775104709,0.0888672,-0.213379,0.989258,0,-0.0015979,0.000532632
1773775104789,0.0898438,-0.214844,0.989258,-0.000532632,0,-0.000532632
1773775104861,0.0883789,-0.215332,0.991211,0.000532632,-0.000532632,-0.000532632
1773775104940,0.0888672,-0.21582,0.988281,0,-0.000532632,0.000532632
1773775105021,0.0878906,-0.215332,0.992188,-0.000532632,-0.000532632,0.000532632
1773775105091,0.0898438,-0.216309,0.990234,0,0,0.000532632
1773775105172,0.0898438,-0.216797,0.991211,-0.00106526,-0.00106526,0.000532632
1773775105252,0.0869141,-0.213867,0.988281,0.000532632,-0.0015979,-0.000532632
1773775105323,0.0893555,-0.215332,0.988281,-0.000532632,-0.0015979,0
1773775105403,0.090332,-0.215332,0.989746,0.000532632,-0.000532632,-0.000532632
1773775105474,0.0893555,-0.214355,0.990234,0.00106526,-0.000532632,-0.000532632
1773775105554,0.0888672,-0.215332,0.989258,0.00106526,0,0
1773775105635,0.0874023,-0.21582,0.991211,0.000532632,-0.000532632,0
1773775105705,0.0893555,-0.214355,0.991699,0,-0.00106526,0.000532632
1773775105786,0.090332,-0.216309,0.988281,0,-0.000532632,0
1773775105866,0.090332,-0.214844,0.989258,0,0,-0.000532632
1773775105937,0.0869141,-0.214844,0.990723,0,-0.0015979,0
1773775106019,0.0888672,-0.216797,0.989746,0.000532632,0,-0.000532632
1773775106099,0.0878906,-0.216797,0.989746,-0.000532632,0,0
1773775106169,0.0883789,-0.21582,0.992188,0.00106526,-0.000532632,0
1773775106249,0.0898438,-0.216309,0.991699,0,-0.000532632,0
1773775106330,0.0883789,-0.215332,0.990723,-0.000532632,-0.000532632,0
1773775106400,0.0898438,-0.214844,0.989746,-0.000532632,-0.0015979,0
1773775106481,0.0883789,-0.214844,0.990234,-0.000532632,-0.000532632,-0.00106526
1773775106553,0.0883789,-0.214844,0.990234,0,0,-0.000532632
1773775106632,0.0898438,-0.21582,0.992676,0.000532632,-0.00106526,0.00106526
1773775106714,0.0893555,-0.216797,0.989746,0,-0.000532632,-0.000532632
1773775106785,0.090332,-0.213867,0.989746,0,-0.00106526,-0.00106526
1773775106864,0.0883789,-0.217285,0.991211,0,-0.000532632,-0.000532632
1773775106935,0.0908203,-0.216309,0.990723,-0.000532632,-0.000532632,0.00106526
1773775107014,0.0878906,-0.214844,0.990723,0.000532632,0,0.000532632
1773775107098,0.0893555,-0.213867,0.990234,0.000532632,-0.000532632,0
1773775107175,0.090332,-0.216309,0.989746,0.000532632,-0.00106526,0
1773775107248,0.0878906,-0.216309,0.987793,-0.000532632,-0.000532632,0
1773775107327,0.0908203,-0.214844,0.989746,-0.000532632,0,-0.000532632
1773775107407,0.0883789,-0.216309,0.991699,0.00106526,-0.000532632,-0.000532632
1773775107478,0.0883789,-0.216309,0.990234,-0.000532632,-0.00106526,0.00106526
1773775107558,0.0888672,-0.215332,0.989746,0.000532632,0,0
1773775107639,0.0874023,-0.215332,0.990234,0,-0.000532632,0
1773775107710,0.0893555,-0.21582,0.991211,0,-0.0015979,0
1773775107790,0.0888672,-0.21582,0.990234,0,-0.000532632,0.000532632
1773775107860,0.090332,-0.214355,0.989746,-0.000532632,-0.00106526,-0.000532632
1773775107941,0.0898438,-0.215332,0.988281,-0.00106526,-0.000532632,-0.000532632
1773775108022,0.0898438,-0.215332,0.991699,0.000532632,-0.0015979,-0.000532632
1773775108092,0.0878906,-0.214844,0.98877,0,-0.00106526,0
1773775108172,0.0883789,-0.21582,0.990234,0.000532632,-0.000532632,0
1773775108253,0.0893555,-0.21582,0.989746,-0.000532632,-0.00106526,0.000532632
1773775108323,0.0874023,-0.216309,0.991211,0,-0.0015979,0
1773775108404,0.0864258,-0.214844,0.987793,0,-0.00106526,0
1773775108485,0.090332,-0.21582,0.989746,-0.000532632,-0.000532632,0.000532632
1773775108555,0.0874023,-0.21582,0.988281,0,0,-0.000532632
1773775108636,0.0869141,-0.216797,0.989746,0,-0.000532632,0
1773775108716,0.0874023,-0.214355,0.990234,0,0.000532632,0.00106526
1773775108787,0.0883789,-0.215332,0.988281,-0.000532632,0,0
1773775108867,0.0888672,-0.214844,0.989258,0,-0.000532632,-0.00106526
1773775108948,0.0878906,-0.214844,0.991699,-0.000532632,-0.00106526,0
1773775109019,0.0878906,-0.214844,0.989746,0,-0.000532632,0.000532632
1773775109099,0.0893555,-0.21582,0.990234,0.0015979,-0.000532632,0
1773775109179,0.0878906,-0.216309,0.989258,0,-0.00106526,-0.000532632
1773775109250,0.0874023,-0.213867,0.989258,0.000532632,-0.000532632,0
1773775109330,0.0874023,-0.21582,0.98877,0,-0.00106526,0
1773775109404,0.0888672,-0.216797,0.989258,0,-0.0015979,-0.000532632
1773775109481,0.0913086,-0.213379,0.989746,-0.00106526,-0.00106526,0
1773775109562,0.0869141,-0.214844,0.990234,0,-0.0015979,0
1773775109632,0.0878906,-0.214844,0.989258,-0.000532632,-0.000532632,0
1773775109713,0.0898438,-0.213867,0.989746,0,-0.000532632,0
1773775109794,0.0878906,-0.216797,0.990234,0,-0.000532632,-0.00106526
1773775109864,0.0883789,-0.215332,0.988281,0,-0.00106526,-0.000532632
1773775109944,0.0883789,-0.214844,0.990723,0,0,-0.000532632
1773775110025,0.0893555,-0.215332,0.990723,0.000532632,-0.000532632,-0.00106526
1773775110095,0.0888672,-0.215332,0.991211,0,-0.000532632,-0.000532632
1773775110176,0.0878906,-0.217285,0.98877,0.0015979,-0.00106526,0.000532632
1773775110257,0.090332,-0.215332,0.989746,-0.000532632,-0.00106526,-0.000532632
1773775110327,0.0888672,-0.213867,0.989258,-0.000532632,-0.000532632,-0.00106526
1773775110408,0.0888672,-0.213867,0.98877,0,-0.0015979,0
1773775110488,0.0898438,-0.215332,0.989258,0,-0.000532632,-0.00106526
1773775110560,0.0878906,-0.21582,0.990723,0,-0.000532632,0.000532632
1773775110640,0.0893555,-0.214844,0.98877,0.000532632,-0.00106526,-0.00106526
1773775110711,0.0888672,-0.214355,0.990723,0,-0.00106526,0.000532632
1773775110791,0.0883789,-0.214844,0.990723,-0.00106526,-0.00106526,-0.000532632
1773775110873,0.090332,-0.212402,0.990234,0.000532632,-0.000532632,0
1773775110941,0.0878906,-0.212402,0.990234,0,-0.000532632,-0.000532632
1773775111023,0.0888672,-0.214844,0.989258,0,-0.00106526,0.000532632
1773775111104,0.0883789,-0.214844,0.990234,0,0,-0.000532632
1773775111173,0.0898438,-0.213867,0.989746,-0.00106526,0,0.000532632
1773775111255,0.0908203,-0.216309,0.988281,0,-0.000532632,0
1773775111335,0.0878906,-0.216309,0.987793,0,-0.00106526,-0.000532632
1773775111404,0.0888672,-0.216309,0.990234,0,0,-0.000532632
1773775111485,0.0859375,-0.215332,0.989258,0,-0.000532632,-0.000532632
1773775111566,0.0878906,-0.216797,0.987305,0,-0.00106526,-0.00106526
1773775111636,0.0888672,-0.217285,0.98877,0.000532632,0.000532632,-0.000532632
1773775111717,0.0888672,-0.21582,0.990234,-0.00106526,-0.000532632,0.000532632
1773775111797,0.0898438,-0.215332,0.989258,0.000532632,-0.00106526,0.000532632
1773775111868,0.0883789,-0.215332,0.989258,0,-0.000532632,-0.000532632
1773775111948,0.0888672,-0.215332,0.986816,0,-0.000532632,-0.00106526
1773775112019,0.090332,-0.214355,0.992188,0,0,-0.00106526
1773775112100,0.0898438,-0.21582,0.988281,0.00106526,-0.00106526,0
1773775112180,0.0908203,-0.216797,0.988281,0.000532632,0,-0.00106526
1773775112251,0.0864258,-0.213867,0.988281,0,-0.00106526,-0.00106526
1773775112331,0.0883789,-0.214355,0.990234,0,-0.00106526,0
1773775112411,0.0898438,-0.213867,0.990234,0,-0.000532632,0
1773775112482,0.0908203,-0.214844,0.988281,-0.00106526,0,0.00106526
1773775112562,0.0898438,-0.216797,0.991211,0,-0.00106526,0
1773775112643,0.0893555,-0.216309,0.990723,-0.00106526,0,0
1773775112713,0.0888672,-0.215332,0.990723,0,0,0.000532632
1773775112794,0.0874023,-0.213867,0.989258,0,-0.00106526,0.000532632
1773775112875,0.0898438,-0.213867,0.989258,-0.000532632,-0.00106526,0
1773775112947,0.0888672,-0.214355,0.989746,0.000532632,-0.000532632,0.00106526
1773775113026,0.0898438,-0.215332,0.988281,0,-0.00106526,0
1773775113106,0.0883789,-0.215332,0.992676,-0.000532632,-0.00106526,-0.00106526
1773775113177,0.090332,-0.216309,0.987793,-0.00106526,0,-0.00106526
1773775113257,0.0893555,-0.214355,0.991211,0.000532632,-0.00106526,0
1773775113328,0.0888672,-0.215332,0.992188,0,0,0
1773775113409,0.0888672,-0.217285,0.988281,0,-0.00106526,0.0015979
1773775113489,0.0893555,-0.21875,0.98877,0,-0.0015979,0.000532632
1773775113560,0.0913086,-0.213867,0.990234,0.000532632,-0.000532632,0
1773775113641,0.0878906,-0.214844,0.988281,0,-0.00106526,0.0015979
1773775113721,0.0874023,-0.21582,0.989746,-0.00106526,-0.00106526,0.00106526
1773775113792,0.0898438,-0.216797,0.989746,-0.000532632,-0.00106526,0
1773775113872,0.0893555,-0.214844,0.991211,0.000532632,-0.00106526,0
1773775113952,0.0898438,-0.216309,0.990723,0,-0.00106526,-0.000532632
1773775114023,0.0893555,-0.215332,0.98877,0,-0.00106526,0
1773775114103,0.0888672,-0.214844,0.98877,-0.000532632,0.000532632,-0.00106526
1773775114174,0.0883789,-0.218262,0.98877,0,-0.000532632,-0.000532632
1773775114255,0.0874023,-0.214844,0.990723,0,-0.00106526,-0.000532632
1773775114336,0.0898438,-0.214844,0.989258,-0.00106526,0,0.000532632
1773775114407,0.0898438,-0.215332,0.989746,0,-0.00106526,-0.00106526
1773775114488,0.090332,-0.216309,0.989746,-0.000532632,-0.000532632,0
1773775114568,0.0878906,-0.21582,0.990723,-0.000532632,-0.00106526,0.00106526
1773775114639,0.0869141,-0.215332,0.989258,0.000532632,-0.000532632,-0.00106526
1773775114720,0.0888672,-0.214355,0.98877,-0.00106526,-0.00106526,0
1773775114800,0.0888672,-0.21582,0.991211,0.000532632,-0.000532632,0
1773775114872,0.0878906,-0.214355,0.990234,0,-0.000532632,0
1773775114953,0.0888672,-0.215332,0.990234,0,-0.000532632,-0.00106526
1773775115022,0.0898438,-0.214844,0.989746,-0.000532632,-0.0015979,-0.000532632
1773775115104,0.0893555,-0.214355,0.989258,-0.000532632,-0.00106526,-0.000532632
1773775115183,0.0883789,-0.216309,0.989258,-0.000532632,0,0.000532632
1773775115253,0.0883789,-0.216797,0.991211,-0.00106526,-0.00106526,0.00106526
1773775115334,0.0898438,-0.215332,0.991211,0,-0.00213053,0
1773775115414,0.0878906,-0.216309,0.991211,-0.000532632,-0.000532632,0
1773775115485,0.0888672,-0.215332,0.991211,0,-0.000532632,-0.000532632
1773775115566,0.0883789,-0.217285,0.989258,0.000532632,-0.000532632,0
1773775115646,0.0883789,-0.213379,0.988281,0.000532632,-0.00106526,-0.000532632
1773775115717,0.0874023,-0.216797,0.988281,0,-0.000532632,-0.000532632
1773775115798,0.0888672,-0.214844,0.990234,-0.000532632,-0.00213053,-0.000532632
1773775115878,0.0883789,-0.21582,0.989258,0,-0.00106526,-0.000532632
1773775115949,0.0888672,-0.216797,0.989258,0,-0.000532632,-0.000532632
1773775116030,0.0869141,-0.214844,0.989746,0,-0.0015979,0
1773775116100,0.090332,-0.215332,0.987793,-0.000532632,-0.00106526,0
1773775116181,0.0908203,-0.21582,0.988281,0,-0.0015979,0
1773775116261,0.0859375,-0.217285,0.989746,-0.000532632,-0.00106526,0.00106526
1773775116332,0.0888672,-0.216309,0.989258,-0.000532632,-0.00106526,-0.000532632
1773775116412,0.0869141,-0.217285,0.98877,-0.000532632,0.000532632,-0.000532632
1773775116485,0.0893555,-0.214355,0.990234,-0.000532632,-0.000532632,0.000532632
1773775116564,0.0888672,-0.216309,0.989258,-0.00106526,-0.00106526,0.000532632
1773775116644,0.0883789,-0.217285,0.990234,0.000532632,-0.000532632,-0.000532632
1773775116716,0.0913086,-0.214355,0.990234,0.000532632,0,-0.000532632
1773775116795,0.0878906,-0.216309,0.989258,0.000532632,0,0
1773775116875,0.0893555,-0.214844,0.98877,-0.000532632,-0.000532632,0
1773775116956,0.0874023,-0.21582,0.991211,0.000532632,0,-0.0015979
1773775117026,0.0893555,-0.21582,0.991699,0,-0.00106526,-0.0015979
1773775117108,0.0898438,-0.216309,0.989258,-0.000532632,-0.0015979,0
1773775117177,0.0893555,-0.214844,0.990234,0,0,-0.000532632
1773775117258,0.0917969,-0.215332,0.988281,0,-0.00106526,-0.000532632
1773775117339,0.0888672,-0.215332,0.989258,0.000532632,-0.000532632,-0.000532632
1773775117409,0.0888672,-0.214355,0.991211,0.000532632,-0.00106526,0
1773775117490,0.0878906,-0.214844,0.98877,0.000532632,0,0.000532632
1773775117571,0.0869141,-0.216309,0.990234,0,-0.00106526,0
1773775117641,0.0888672,-0.214844,0.98877,0,-0.000532632,-0.000532632
1773775117721,0.0898438,-0.21582,0.991699,-0.000532632,-0.000532632,-0.000532632
1773775117802,0.0883789,-0.216797,0.990723,-0.000532632,-0.00106526,-0.000532632
1773775117872,0.0893555,-0.216309,0.989746,0,0,0.000532632
1773775117953,0.0893555,-0.213867,0.991211,-0.00106526,-0.0015979,-0.0015979
1773775118033,0.0898438,-0.215332,0.991699,0.000532632,-0.00106526,-0.00106526
1773775118104,0.0883789,-0.21582,0.990723,-0.000532632,0.000532632,-0.000532632
1773775118187,0.0888672,-0.21582,0.98877,0,-0.00106526,-0.000532632
1773775118255,0.090332,-0.216797,0.990234,-0.00106526,-0.00106526,0
1773775118336,0.0898438,-0.214355,0.991211,-0.000532632,0.000532632,-0.000532632
1773775118416,0.0888672,-0.214844,0.991211,-0.000532632,-0.00106526,0
1773775118486,0.0898438,-0.213867,0.990723,0,0,0
1773775118569,0.0898438,-0.214844,0.992188,0,-0.00106526,0
1773775118648,0.0869141,-0.21582,0.989746,-0.000532632,-0.000532632,-0.000532632
1773775118720,0.0893555,-0.214844,0.988281,-0.00106526,-0.000532632,0
1773775118798,0.0893555,-0.21582,0.989258,-0.000532632,-0.00106526,0.000532632
1773775118880,0.0893555,-0.213867,0.992188,-0.000532632,-0.0015979,0
1773775118950,0.0883789,-0.215332,0.988281,-0.00106526,0,0.00106526
1773775119030,0.090332,-0.214844,0.989746,0,0.000532632,-0.00106526
1773775119111,0.0898438,-0.213867,0.991699,0.0015979,-0.000532632,0
1773775119182,0.0878906,-0.213867,0.990234,0,-0.00106526,-0.000532632
1773775119262,0.090332,-0.215332,0.990723,0.000532632,-0.000532632,0.000532632
1773775119342,0.0888672,-0.215332,0.989746,0,-0.000532632,0
1773775119413,0.0888672,-0.214844,0.988281,0,-0.000532632,0
1773775119493,0.0888672,-0.214844,0.991211,0,0,0.000532632
1773775119564,0.0883789,-0.215332,0.990234,0,0,-0.000532632
1773775119644,0.0888672,-0.216309,0.987793,-0.000532632,-0.00106526,0
1773775119725,0.0908203,-0.216309,0.988281,-0.000532632,0,0
1773775119795,0.0893555,-0.216309,0.989746,0,-0.00106526,0
1773775119876,0.0883789,-0.217285,0.990723,0,0,0
1773775119956,0.0878906,-0.217773,0.990723,-0.000532632,-0.000532632,0
1773775120028,0.0898438,-0.215332,0.990723,-0.0015979,-0.000532632,-0.000532632
1773775120107,0.0898438,-0.213379,0.989258,0,-0.000532632,-0.000532632
1773775120179,0.0893555,-0.216309,0.987793,0,-0.00106526,0
1773775120258,0.090332,-0.214355,0.989258,0,-0.000532632,0
1773775120339,0.0888672,-0.215332,0.98877,-0.000532632,-0.00106526,0
1773775120420,0.0898438,-0.21582,0.991211,0.00106526,-0.00106526,0
1773775120490,0.0883789,-0.21582,0.990234,0,-0.00106526,-0.000532632
1773775120570,0.0898438,-0.21582,0.989258,0,-0.000532632,0
1773775120651,0.0898438,-0.213379,0.990234,0.000532632,0,0
1773775120722,0.090332,-0.214355,0.989746,-0.000532632,-0.00106526,-0.000532632
1773775120802,0.0898438,-0.216797,0.989258,-0.00106526,0,0.000532632
1773775120873,0.0888672,-0.216309,0.991211,0,-0.000532632,0.000532632
1773775120953,0.0883789,-0.217773,0.989258,0,0,0.000532632
1773775121034,0.0898438,-0.217773,0.989746,-0.000532632,-0.000532632,0
1773775121104,0.0893555,-0.213867,0.991211,-0.00106526,0.00106526,0
1773775121185,0.0898438,-0.213867,0.990723,-0.000532632,0,0.000532632
1773775121266,0.0883789,-0.216797,0.991699,-0.00106526,-0.00106526,0.000532632
1773775121336,0.0883789,-0.21582,0.990234,0,-0.000532632,-0.00106526
1773775121416,0.0898438,-0.21582,0.98877,0.000532632,0,-0.0015979
1773775121497,0.0888672,-0.213867,0.990234,0,-0.00106526,0.000532632
1773775121567,0.0893555,-0.215332,0.98877,0.000532632,-0.000532632,0
1773775121648,0.0893555,-0.215332,0.990723,0,-0.0015979,0.000532632
1773775121728,0.0878906,-0.214844,0.990234,-0.000532632,-0.000532632,0
1773775121799,0.0898438,-0.214844,0.991211,0,-0.000532632,-0.00106526
1773775121879,0.0908203,-0.214844,0.990723,0,0,0.000532632
1773775121960,0.0893555,-0.212891,0.990234,0.000532632,-0.00106526,-0.0015979
1773775122030,0.0888672,-0.215332,0.98877,0,-0.00106526,0
1773775122111,0.0883789,-0.213379,0.989258,-0.000532632,0,-0.000532632
1773775122191,0.090332,-0.214844,0.992188,0.000532632,-0.0015979,0.000532632
1773775122262,0.0893555,-0.214844,0.991699,0.00106526,0,0
1773775122343,0.0893555,-0.214355,0.990234,0,-0.000532632,0
1773775122413,0.0898438,-0.213867,0.98877,0.000532632,-0.0015979,0
1773775122494,0.0883789,-0.214355,0.989746,0,0.000532632,0.000532632
1773775122574,0.0888672,-0.216309,0.989258,-0.00106526,-0.000532632,-0.000532632
1773775122645,0.0893555,-0.217285,0.990234,-0.000532632,-0.00106526,0.000532632
1773775122725,0.0864258,-0.21582,0.98877,0.000532632,-0.000532632,0
1773775122806,0.0893555,-0.213867,0.989746,0,0,0.000532632
1773775122879,0.0913086,-0.214355,0.989746,0.000532632,-0.00106526,-0.000532632
1773775122957,0.0893555,-0.215332,0.990234,0.00106526,-0.00106526,-0.000532632
1773775123037,0.0878906,-0.217285,0.989746,0,-0.00106526,0.000532632
1773775123108,0.0883789,-0.213867,0.990234,0,-0.000532632,0.000532632
1773775123188,0.0898438,-0.214844,0.989746,0,-0.000532632,0
1773775123269,0.0898438,-0.215332,0.991699,0.000532632,0,-0.000532632
1773775123340,0.0883789,-0.215332,0.989746,0.000532632,0,0
1773775123421,0.0893555,-0.214844,0.989746,0.000532632,-0.000532632,-0.00106526
1773775123500,0.0883789,-0.216797,0.989258,0,0.000532632,-0.00106526
1773775123571,0.0893555,-0.214844,0.991211,0,0,0.000532632
1773775123651,0.0883789,-0.214355,0.989746,-0.000532632,0,0
1773775123722,0.0883789,-0.214355,0.989746,0.0015979,0,-0.00106526
1773775123802,0.0893555,-0.21582,0.989746,-0.000532632,-0.000532632,0
1773775123883,0.0908203,-0.216309,0.989258,0,0,-0.000532632
1773775123953,0.0869141,-0.215332,0.990234,-0.000532632,-0.00106526,0
1773775124034,0.0893555,-0.212891,0.990234,-0.000532632,0,0.000532632
1773775124114,0.0898438,-0.214844,0.990234,0,-0.0015979,-0.000532632
1773775124185,0.0883789,-0.214355,0.989258,-0.00106526,-0.000532632,0.000532632
1773775124266,0.0888672,-0.214844,0.990723,0.000532632,-0.000532632,-0.000532632
1773775124346,0.0893555,-0.213867,0.990234,0.000532632,-0.000532632,-0.000532632
1773775124417,0.090332,-0.214355,0.989746,0,-0.00106526,0.000532632
1773775124498,0.0883789,-0.215332,0.990234,0.000532632,0,0.0015979
1773775124568,0.0878906,-0.216309,0.989746,0,-0.00106526,0
1773775124648,0.0893555,-0.215332,0.989258,0.000532632,-0.000532632,0
1773775124731,0.0888672,-0.215332,0.98877,0,-0.000532632,-0.000532632
1773775124800,0.0888672,-0.216797,0.989258,0,-0.000532632,0
1773775124881,0.0898438,-0.216309,0.989258,0,-0.000532632,0.000532632
1773775124961,0.0883789,-0.215332,0.990234,0,-0.000532632,0.000532632
1773775125031,0.0893555,-0.213867,0.98877,0.00106526,0,0
1773775125112,0.0888672,-0.213867,0.991699,0,-0.0015979,0.000532632
1773775125193,0.0888672,-0.214355,0.989746,0.000532632,-0.00106526,0
1773775125262,0.0883789,-0.215332,0.990723,0.00106526,-0.000532632,0.000532632
1773775125343,0.0883789,-0.215332,0.990723,-0.000532632,0,0.000532632
1773775125423,0.0908203,-0.216797,0.989746,-0.000532632,-0.000532632,0
1773775125494,0.0874023,-0.216797,0.989258,0.000532632,-0.000532632,-0.00106526
1773775125579,0.0893555,-0.21582,0.991699,0.000532632,0,0.000532632
1773775125655,0.0888672,-0.216797,0.990234,0,0,0
1773775125728,0.0898438,-0.216309,0.989746,0.000532632,-0.000532632,0
1773775125807,0.0893555,-0.217285,0.990234,0,-0.000532632,-0.000532632
1773775125877,0.0888672,-0.214355,0.990234,0.000532632,0,-0.000532632
1773775125957,0.0898438,-0.214355,0.990234,0,-0.000532632,-0.000532632
1773775126038,0.0893555,-0.214844,0.991699,-0.000532632,-0.00106526,-0.000532632
1773775126110,0.0883789,-0.21582,0.990234,0,-0.00106526,-0.000532632
1773775126189,0.0878906,-0.216309,0.989746,0,-0.0015979,-0.000532632
1773775126269,0.0893555,-0.216797,0.988281,0.00106526,-0.00106526,0.000532632
1773775126340,0.0888672,-0.213379,0.989746,0.00106526,0,0.000532632
1773775126420,0.0893555,-0.214844,0.989746,-0.000532632,-0.00106526,-0.000532632
1773775126502,0.0898438,-0.216309,0.989746,0,-0.0015979,0
1773775126571,0.0893555,-0.216309,0.987793,-0.000532632,-0.0015979,0.000532632
1773775126652,0.0878906,-0.21582,0.989746,-0.000532632,0.000532632,0
1773775126733,0.090332,-0.216309,0.989746,0,-0.000532632,-0.000532632
1773775126807,0.0888672,-0.21582,0.991211,0,-0.000532632,0.000532632
1773775126885,0.0874023,-0.215332,0.989258,0.000532632,-0.000532632,0
1773775126964,0.0893555,-0.214844,0.990723,-0.00106526,-0.0015979,0.000532632
1773775127035,0.0898438,-0.216309,0.989258,0,-0.000532632,-0.000532632
1773775127115,0.0898438,-0.216309,0.990723,-0.000532632,-0.000532632,-0.000532632
1773775127196,0.0888672,-0.217285,0.990723,0,0,0
1773775127267,0.0864258,-0.216309,0.98877,0,-0.000532632,-0.000532632
1773775127347,0.0874023,-0.214355,0.990723,0.000532632,0,-0.000532632
1773775127417,0.0888672,-0.214355,0.990234,0.000532632,-0.000532632,-0.000532632
1773775127498,0.0898438,-0.214844,0.989258,0.000532632,-0.000532632,0.000532632
1773775127580,0.0874023,-0.215332,0.991699,0,-0.000532632,0
1773775127649,0.0893555,-0.21582,0.990234,0.000532632,-0.00106526,0
1773775127730,0.0917969,-0.215332,0.992676,0,-0.000532632,-0.000532632
1773775127810,0.0878906,-0.215332,0.992188,0,0,0
1773775127884,0.0908203,-0.216309,0.991699,0.000532632,0,-0.000532632
1773775127961,0.0893555,-0.21582,0.992676,0,-0.000532632,-0.000532632
1773775128032,0.0898438,-0.215332,0.991211,-0.00106526,-0.000532632,0
1773775128113,0.0888672,-0.215332,0.989746,0,-0.0015979,0
1773775128193,0.0913086,-0.215332,0.989746,0,0,-0.000532632
1773775128274,0.0893555,-0.214844,0.989258,-0.000532632,-0.00106526,-0.000532632
1773775128344,0.0888672,-0.215332,0.98877,-0.000532632,0,0
1773775128427,0.0874023,-0.21582,0.990723,0,-0.00106526,-0.000532632
1773775128495,0.0888672,-0.215332,0.988281,0.000532632,-0.000532632,0
1773775128576,0.0893555,-0.214355,0.991699,0.000532632,-0.00106526,-0.000532632
1773775128656,0.0913086,-0.213867,0.990723,0.00106526,0.000532632,0
1773775128728,0.0893555,-0.213867,0.990234,0.00106526,-0.00106526,0
1773775128809,0.0893555,-0.215332,0.990723,0,-0.000532632,-0.000532632
1773775128888,0.0893555,-0.216309,0.991699,0,-0.000532632,0.000532632
1773775128958,0.0883789,-0.216309,0.991211,-0.000532632,-0.00106526,0.00106526
1773775129041,0.0888672,-0.216309,0.990723,0.000532632,-0.0015979,-0.000532632
1773775129111,0.0893555,-0.213867,0.990234,0,-0.000532632,0.000532632
1773775129190,0.0888672,-0.213379,0.989258,0.000532632,-0.00106526,-0.000532632
1773775129271,0.0908203,-0.214844,0.991211,-0.000532632,-0.00106526,-0.000532632
1773775129351,0.0883789,-0.215332,0.989258,0,-0.000532632,0.00106526
1773775129422,0.090332,-0.214844,0.989258,-0.000532632,0,-0.000532632
1773775129502,0.0908203,-0.215332,0.990234,-0.000532632,0,-0.000532632
1773775129583,0.0883789,-0.21582,0.990234,0.000532632,-0.000532632,-0.00106526
1773775129653,0.0883789,-0.216309,0.989746,0,-0.00106526,-0.000532632
1773775129734,0.0893555,-0.217773,0.991699,0.00106526,-0.000532632,0.000532632
1773775129814,0.0874023,-0.214355,0.991699,-0.000532632,-0.000532632,-0.000532632
1773775129887,0.0883789,-0.216309,0.991211,0,-0.000532632,-0.000532632
1773775129965,0.0874023,-0.215332,0.990723,0,-0.00106526,0.000532632
1773775130036,0.0898438,-0.214844,0.991699,0.000532632,-0.00106526,-0.00106526
1773775130117,0.0888672,-0.21582,0.990723,0.000532632,-0.000532632,0
1773775130197,0.0898438,-0.215332,0.989746,0,-0.000532632,0
1773775130267,0.090332,-0.214355,0.990234,0,-0.00106526,-0.00106526
1773775130348,0.0888672,-0.217285,0.988281,0,-0.000532632,0
1773775130429,0.0898438,-0.214355,0.989746,0.000532632,-0.00106526,-0.000532632
1773775130500,0.0893555,-0.214844,0.990234,0,-0.00106526,0
1773775130584,0.0883789,-0.214844,0.990723,-0.000532632,-0.00106526,-0.000532632
1773775130660,0.0883789,-0.216797,0.98877,-0.00106526,-0.000532632,-0.00106526
1773775130730,0.0883789,-0.215332,0.989746,0,-0.000532632,-0.00106526
1773775130811,0.0908203,-0.216797,0.991211,-0.000532632,0,-0.000532632
1773775130892,0.090332,-0.215332,0.991211,0,0,-0.000532632
1773775130962,0.0883789,-0.21582,0.990234,0,-0.00106526,-0.00106526
1773775131043,0.0888672,-0.217285,0.990234,0.000532632,-0.0015979,-0.00106526
1773775131123,0.0898438,-0.216309,0.990234,0.00106526,-0.00106526,0
1773775131194,0.0898438,-0.214844,0.98877,-0.000532632,-0.000532632,-0.00106526
1773775131274,0.0883789,-0.21582,0.990234,0,-0.000532632,0
1773775131345,0.0883789,-0.214355,0.98877,0,-0.00106526,0.000532632
1773775131425,0.0898438,-0.21582,0.990723,0,-0.00106526,-0.000532632
1773775131506,0.0893555,-0.216797,0.989746,-0.000532632,-0.000532632,-0.000532632
1773775131577,0.0878906,-0.217285,0.98877,-0.000532632,-0.00106526,-0.000532632
1773775131657,0.0888672,-0.214355,0.990723,-0.000532632,-0.000532632,0
1773775131738,0.090332,-0.216797,0.990723,0,-0.00106526,0.000532632
1773775131809,0.0898438,-0.215332,0.989258,0,0,-0.000532632
1773775131890,0.0883789,-0.214355,0.990234,-0.000532632,-0.00106526,-0.0015979
1773775131969,0.0888672,-0.215332,0.990234,0,-0.00106526,-0.000532632
1773775132041,0.0878906,-0.215332,0.991699,0,-0.00106526,0
1773775132120,0.0893555,-0.216309,0.991211,0,-0.000532632,0.000532632
1773775132201,0.0883789,-0.21582,0.990234,0,0.000532632,-0.000532632
1773775132271,0.090332,-0.217285,0.990234,-0.000532632,-0.000532632,-0.00106526
1773775132352,0.09375,-0.215332,0.991211,0.000532632,0,0
1773775132422,0.090332,-0.214355,0.991699,-0.000532632,-0.000532632,-0.00106526
1773775132504,0.0888672,-0.217773,0.98877,0,-0.000532632,-0.000532632
1773775132583,0.0883789,-0.214844,0.987793,0.000532632,-0.00106526,-0.0015979
1773775132654,0.0874023,-0.213867,0.991211,0,-0.0015979,0
1773775132734,0.0883789,-0.214355,0.989258,-0.000532632,-0.000532632,0
1773775132815,0.0888672,-0.214355,0.991211,0.000532632,0,-0.00106526
1773775132885,0.0883789,-0.213867,0.990723,-0.000532632,-0.0015979,0
1773775132966,0.0898438,-0.214355,0.990234,0,-0.000532632,0
1773775133047,0.0878906,-0.213379,0.989746,-0.000532632,0,0
1773775133117,0.0874023,-0.213379,0.989258,0,0,0.000532632
1773775133198,0.0893555,-0.215332,0.990234,0,-0.00106526,0
1773775133278,0.0898438,-0.216309,0.989746,0.000532632,-0.00106526,-0.000532632
1773775133349,0.0874023,-0.215332,0.989258,0,0,0
1773775133430,0.0908203,-0.216309,0.992188,0,-0.00213053,0
1773775133502,0.0898438,-0.216309,0.989746,0,-0.00106526,0
1773775133583,0.0888672,-0.216309,0.98877,-0.000532632,-0.00106526,-0.000532632
1773775133661,0.0893555,-0.215332,0.990234,-0.000532632,-0.000532632,0.000532632
1773775133732,0.090332,-0.214844,0.98877,0.00106526,-0.00106526,0
1773775133812,0.090332,-0.216309,0.989258,0,-0.0015979,-0.000532632
1773775133893,0.0883789,-0.217285,0.988281,0,-0.000532632,0
1773775133963,0.0888672,-0.214355,0.989746,0.000532632,-0.0015979,-0.000532632
1773775134044,0.0878906,-0.214355,0.98877,0,-0.000532632,0
1773775134114,0.0883789,-0.213867,0.990234,0.000532632,0,-0.000532632
1773775134196,0.0893555,-0.213867,0.989258,0,-0.000532632,0
1773775134275,0.0898438,-0.216797,0.989746,-0.00106526,-0.000532632,0
1773775134356,0.0898438,-0.216797,0.990723,0,-0.00106526,-0.000532632
1773775134426,0.0888672,-0.21582,0.989258,-0.000532632,-0.000532632,-0.000532632
1773775134508,0.0888672,-0.21582,0.992188,0,0,0.000532632
1773775134588,0.0888672,-0.216797,0.989746,-0.000532632,-0.000532632,-0.000532632
1773775134658,0.0878906,-0.215332,0.98877,0,-0.0015979,0.000532632
1773775134738,0.0893555,-0.216309,0.987305,-0.00106526,-0.00106526,0.000532632
1773775134819,0.0883789,-0.214844,0.98877,0.00106526,-0.000532632,-0.00106526
1773775134889,0.0893555,-0.21582,0.987793,0,-0.00106526,0
1773775134970,0.0878906,-0.21582,0.987793,-0.000532632,-0.000532632,0
1773775135041,0.0878906,-0.217773,0.990723,0,-0.0015979,0
1773775135121,0.0874023,-0.216309,0.991699,0.000532632,-0.000532632,0
1773775135202,0.0888672,-0.216309,0.990234,-0.00106526,-0.000532632,0.000532632
1773775135272,0.0888672,-0.214844,0.991699,0.00106526,-0.00106526,-0.000532632
1773775135353,0.0893555,-0.21582,0.989746,0,-0.000532632,0
1773775135433,0.0883789,-0.214844,0.989746,0.000532632,-0.000532632,0
1773775135504,0.090332,-0.214355,0.989746,-0.000532632,0,0.000532632
1773775135584,0.0898438,-0.216309,0.988281,-0.000532632,-0.000532632,-0.000532632
1773775135665,0.0883789,-0.214844,0.991211,-0.000532632,-0.00106526,0
1773775135735,0.0893555,-0.215332,0.989746,0,0,0
1773775135816,0.0878906,-0.213867,0.990723,0,0,-0.000532632
1773775135896,0.0869141,-0.213867,0.98877,0.000532632,-0.00106526,-0.00106526
1773775135967,0.0898438,-0.216797,0.989746,0,-0.00106526,-0.000532632
1773775136047,0.0888672,-0.217773,0.989746,-0.000532632,-0.00106526,-0.000532632
1773775136128,0.090332,-0.215332,0.98877,-0.000532632,-0.00106526,-0.000532632
1773775136198,0.0878906,-0.214355,0.990234,0,-0.00106526,-0.000532632
1773775136279,0.0878906,-0.217773,0.991211,0,-0.000532632,0
1773775136350,0.0893555,-0.214355,0.992188,0.000532632,-0.000532632,-0.000532632
1773775136430,0.0878906,-0.213867,0.990234,0.000532632,-0.00106526,0.000532632
1773775136511,0.0898438,-0.214355,0.989258,-0.000532632,0,0
1773775136583,0.0898438,-0.216309,0.990234,0,-0.000532632,0.000532632
1773775136662,0.0898438,-0.214355,0.990723,-0.000532632,0,0.000532632
1773775136733,0.0878906,-0.214844,0.988281,-0.000532632,-0.000532632,0
1773775136814,0.090332,-0.215332,0.989746,-0.000532632,-0.000532632,-0.000532632
1773775136893,0.0913086,-0.213867,0.98877,-0.000532632,0.000532632,0.000532632
1773775136975,0.0893555,-0.214844,0.992188,0,-0.0015979,-0.00106526
1773775137046,0.0874023,-0.217285,0.988281,0.000532632,-0.00106526,0
1773775137127,0.0888672,-0.214355,0.990234,-0.00106526,-0.00106526,-0.000532632
1773775137196,0.0888672,-0.214355,0.989258,0,-0.000532632,0
1773775137275,0.0908203,-0.215332,0.991699,-0.00106526,-0.00106526,0.000532632
1773775137356,0.0913086,-0.21582,0.98877,0,-0.00106526,0.000532632
1773775137437,0.0883789,-0.214844,0.989746,0,-0.00106526,0
1773775137507,0.0893555,-0.214355,0.989258,-0.00106526,-0.0015979,0
1773775137588,0.0893555,-0.21582,0.990723,-0.000532632,0,-0.000532632
1773775137668,0.0893555,-0.217285,0.991211,0.000532632,-0.000532632,0
1773775137741,0.0878906,-0.213867,0.990234,0.000532632,0,-0.00106526
1773775137820,0.0908203,-0.215332,0.991211,0,-0.00106526,-0.00106526
1773775137890,0.0883789,-0.214355,0.990234,-0.000532632,-0.000532632,0
1773775137970,0.090332,-0.214844,0.990234,0,-0.000532632,-0.000532632
1773775138051,0.0898438,-0.215332,0.990723,0,-0.000532632,0
1773775138121,0.0917969,-0.212891,0.991211,0.000532632,-0.0015979,0
1773775138202,0.0888672,-0.213867,0.989746,-0.000532632,-0.00106526,-0.000532632
1773775138282,0.0888672,-0.214355,0.990723,0,-0.00106526,0
1773775138353,0.090332,-0.213867,0.990723,0.00106526,-0.000532632,0
1773775138433,0.0888672,-0.21582,0.990723,0,-0.00106526,-0.000532632
1773775138515,0.0898438,-0.215332,0.990723,0,-0.00106526,0
1773775138585,0.0888672,-0.216309,0.989258,0,-0.00106526,-0.00106526
1773775138665,0.0878906,-0.214844,0.990234,-0.000532632,-0.00106526,-0.000532632
1773775138746,0.0888672,-0.214844,0.991211,0,-0.000532632,0.00106526
1773775138819,0.0893555,-0.216309,0.991699,0.00106526,-0.00106526,0
1773775138896,0.0888672,-0.213379,0.989746,-0.000532632,0,-0.000532632
1773775138977,0.0893555,-0.213867,0.989746,-0.000532632,0,-0.000532632
1773775139047,0.0883789,-0.215332,0.990723,0,0,0.000532632
1773775139128,0.0883789,-0.215332,0.990723,-0.000532632,-0.000532632,0
1773775139198,0.0898438,-0.214844,0.989746,0.000532632,-0.00106526,0
1773775139279,0.0878906,-0.213867,0.990234,-0.000532632,-0.00106526,0
1773775139359,0.0898438,-0.213867,0.991211,-0.000532632,-0.00106526,-0.000532632
1773775139430,0.0883789,-0.214355,0.989746,0,-0.000532632,0
1773775139510,0.0893555,-0.214844,0.990723,-0.00106526,-0.00106526,0.000532632
1773775139591,0.0888672,-0.214844,0.990234,-0.00106526,-0.000532632,-0.00106526
1773775139661,0.090332,-0.214355,0.989258,0,-0.00106526,-0.000532632
1773775139742,0.0908203,-0.212891,0.990723,-0.000532632,-0.00106526,0.000532632
1773775139823,0.0898438,-0.215332,0.990723,0,-0.000532632,-0.000532632
1773775139893,0.0888672,-0.216797,0.98877,0,-0.00106526,-0.000532632
1773775139974,0.0893555,-0.216309,0.990234,0.00106526,-0.00106526,0
1773775140054,0.0888672,-0.21582,0.990234,-0.000532632,-0.000532632,-0.000532632
1773775140125,0.0913086,-0.214355,0.991699,0.000532632,-0.000532632,0.000532632
1773775140206,0.0883789,-0.213867,0.990723,-0.000532632,-0.000532632,0
1773775140286,0.0888672,-0.215332,0.990723,-0.000532632,0,0.000532632
1773775140357,0.090332,-0.215332,0.990234,-0.00106526,-0.00213053,0.00106526
1773775140437,0.0898438,-0.215332,0.992676,0,-0.0015979,0
1773775140508,0.0888672,-0.217285,0.991699,0,0,0
1773775140588,0.090332,-0.214355,0.992188,0.000532632,-0.00106526,0.000532632
1773775140669,0.0888672,-0.216797,0.988281,-0.00106526,0,0.000532632
1773775140741,0.0878906,-0.216797,0.989746,0.000532632,-0.00106526,0.000532632
1773775140822,0.0898438,-0.214844,0.991211,0.000532632,-0.0015979,-0.000532632
1773775140901,0.0888672,-0.214844,0.990234,0,0,-0.000532632
1773775140971,0.0893555,-0.216797,0.989258,0,0,-0.000532632
1773775141052,0.0869141,-0.214355,0.98877,0,-0.000532632,0.00106526
1773775141132,0.0898438,-0.216309,0.990234,-0.000532632,-0.0015979,-0.000532632
1773775141202,0.0898438,-0.212891,0.990234,-0.000532632,0,0.000532632
1773775141283,0.0864258,-0.213867,0.990723,-0.00106526,-0.00106526,0
1773775141354,0.090332,-0.214844,0.989258,0,-0.00106526,0
1773775141434,0.0883789,-0.214844,0.990234,-0.000532632,-0.000532632,0
1773775141515,0.0883789,-0.214844,0.989258,0.000532632,-0.0015979,0.000532632
1773775141585,0.0883789,-0.214355,0.991211,-0.00106526,0,0
1773775141666,0.0908203,-0.213379,0.990234,0.000532632,-0.00106526,-0.000532632
1773775141747,0.0908203,-0.212402,0.991211,0,0,0
1773775141817,0.0883789,-0.21582,0.989746,0.000532632,-0.000532632,-0.000532632
1773775141898,0.0888672,-0.214844,0.987305,0,-0.0015979,0
1773775141980,0.0898438,-0.215332,0.991211,0,0,0
1773775142049,0.0888672,-0.216309,0.990234,0.000532632,0.000532632,0
1773775142130,0.0888672,-0.215332,0.990234,0.000532632,-0.000532632,0.000532632
1773775142210,0.0898438,-0.21582,0.990723,-0.000532632,-0.000532632,-0.000532632
1773775142280,0.0893555,-0.213379,0.987793,-0.000532632,-0.000532632,-0.000532632
1773775142362,0.0878906,-0.216309,0.989746,0,-0.00106526,0
1773775142434,0.0898438,-0.21582,0.991211,0,-0.000532632,0
1773775142512,0.0878906,-0.21582,0.989746,0,-0.000532632,-0.000532632
1773775142592,0.090332,-0.215332,0.990723,0,-0.0015979,0.000532632
1773775142663,0.090332,-0.216797,0.991699,0.000532632,-0.000532632,0
1773775142743,0.0927734,-0.213867,0.98877,0,-0.000532632,0
1773775142827,0.0908203,-0.216309,0.991699,-0.00106526,-0.00106526,0
1773775142894,0.0888672,-0.214844,0.991211,-0.000532632,-0.00106526,0
1773775142976,0.0908203,-0.21582,0.991699,0.000532632,-0.000532632,0.000532632
1773775143055,0.0883789,-0.216797,0.98877,-0.000532632,-0.00106526,0
1773775143126,0.0893555,-0.213867,0.989746,-0.00106526,0,-0.000532632
1773775143207,0.0888672,-0.214844,0.989258,-0.000532632,-0.000532632,-0.000532632
1773775143287,0.0893555,-0.214844,0.990234,-0.000532632,0,-0.000532632
1773775143358,0.0893555,-0.213867,0.990723,0,-0.00106526,0.00106526
1773775143438,0.090332,-0.215332,0.98877,0.000532632,0,-0.00106526
1773775143519,0.090332,-0.215332,0.989258,0,-0.0015979,0
1773775143591,0.090332,-0.214355,0.989746,-0.000532632,-0.000532632,0
1773775143670,0.0883789,-0.214355,0.989258,0,-0.00106526,-0.00106526
1773775143750,0.0883789,-0.216309,0.98877,-0.000532632,-0.0015979,-0.000532632
1773775143821,0.0888672,-0.213867,0.990723,0,-0.00106526,-0.000532632
1773775143901,0.0888672,-0.213867,0.989746,-0.000532632,-0.00106526,-0.000532632
1773775143973,0.0888672,-0.213867,0.991211,-0.000532632,-0.00106526,0
1773775144053,0.0888672,-0.21582,0.991699,-0.000532632,-0.00106526,-0.000532632
1773775144134,0.0913086,-0.214355,0.988281,-0.000532632,-0.00106526,-0.000532632
1773775144207,0.0874023,-0.21582,0.993652,0,0,0.000532632
1773775144284,0.0888672,-0.212891,0.98877,0,0,-0.00106526
1773775144365,0.0878906,-0.214844,0.989258,0,-0.00106526,-0.000532632
1773775144435,0.0888672,-0.216309,0.991699,-0.00106526,-0.000532632,-0.000532632
1773775144516,0.0883789,-0.216309,0.988281,-0.000532632,-0.0015979,0
1773775144598,0.0893555,-0.215332,0.98877,-0.000532632,0,-0.000532632
1773775144667,0.0888672,-0.214844,0.991699,-0.00106526,-0.000532632,-0.000532632
1773775144748,0.0898438,-0.215332,0.990723,0,-0.00106526,0
1773775144820,0.0898438,-0.214844,0.989746,-0.000532632,0.000532632,-0.00106526
1773775144904,0.0908203,-0.215332,0.98877,-0.000532632,-0.000532632,0
1773775144980,0.0888672,-0.215332,0.990723,0.000532632,0,-0.000532632
1773775145051,0.0913086,-0.213867,0.992188,0.000532632,-0.000532632,0
1773775145131,0.0883789,-0.21582,0.98877,0,0,0.00106526
1773775145212,0.0888672,-0.211426,0.991211,0,-0.00106526,0
1773775145283,0.0888672,-0.214844,0.989746,-0.000532632,-0.00106526,0
1773775145365,0.0869141,-0.214355,0.990234,0,-0.000532632,-0.00106526
1773775145444,0.0888672,-0.214844,0.990234,-0.000532632,-0.000532632,0
1773775145516,0.0913086,-0.216797,0.989258,0,-0.00106526,-0.000532632
1773775145595,0.0893555,-0.215332,0.990234,-0.00106526,-0.00106526,0.000532632
1773775145666,0.0878906,-0.214355,0.989258,0,0,0
1773775145746,0.0913086,-0.215332,0.991211,-0.00106526,-0.00106526,0
1773775145827,0.0913086,-0.215332,0.991211,0.00106526,-0.00106526,-0.000532632
1773775145900,0.0922852,-0.214355,0.991211,0,-0.00106526,0.00106526
1773775145978,0.0878906,-0.217285,0.990723,0,-0.000532632,-0.000532632
1773775146058,0.0878906,-0.214355,0.989746,-0.000532632,-0.00106526,-0.00106526
1773775146130,0.0883789,-0.214355,0.987305,0,-0.000532632,0
1773775146211,0.0898438,-0.216309,0.990723,-0.000532632,-0.0015979,-0.00106526
1773775146290,0.0898438,-0.214844,0.990234,-0.000532632,-0.00106526,0
1773775146361,0.0888672,-0.216309,0.989258,0,-0.000532632,-0.000532632
1773775146441,0.0913086,-0.215332,0.990234,-0.000532632,-0.000532632,-0.000532632
1773775146523,0.0893555,-0.214355,0.989258,0,-0.000532632,0.000532632
1773775146592,0.0888672,-0.21582,0.991699,0,-0.00106526,-0.00106526
1773775146673,0.0893555,-0.216797,0.989258,0,-0.0015979,-0.00106526
1773775146753,0.0893555,-0.214844,0.989258,-0.00106526,-0.000532632,0.000532632
1773775146827,0.090332,-0.21582,0.989258,0,-0.00213053,0
1773775146904,0.090332,-0.213867,0.988281,0,0,-0.00106526
1773775146985,0.0883789,-0.215332,0.989258,-0.000532632,0.000532632,0
1773775147056,0.090332,-0.213867,0.990234,0,-0.00106526,-0.000532632
1773775147136,0.0888672,-0.215332,0.989258,0.000532632,-0.00106526,0
1773775147216,0.0874023,-0.215332,0.989746,-0.00106526,-0.0015979,0.000532632
1773775147287,0.0893555,-0.21582,0.990234,0,0,-0.000532632
1773775147367,0.0893555,-0.216797,0.989746,0,-0.000532632,-0.000532632
1773775147438,0.090332,-0.216309,0.990234,0.000532632,-0.000532632,-0.000532632
1773775147518,0.090332,-0.21582,0.991211,0,0,0
1773775147599,0.0883789,-0.213867,0.98877,0,-0.00106526,-0.00106526
1773775147670,0.0893555,-0.214844,0.990234,-0.000532632,-0.000532632,0.000532632
1773775147750,0.0859375,-0.215332,0.990234,0.00106526,-0.00106526,0
1773775147821,0.0878906,-0.214844,0.990723,0,-0.0015979,0.000532632
1773775147902,0.090332,-0.213867,0.989746,0.00106526,-0.00106526,0
1773775147984,0.0874023,-0.215332,0.989746,-0.00106526,0,0
1773775148063,0.0893555,-0.217773,0.98877,0,-0.000532632,0.000532632
1773775148133,0.0888672,-0.215332,0.990234,-0.00106526,-0.00106526,0.00106526
1773775148213,0.0864258,-0.215332,0.989258,0,-0.0015979,0
1773775148294,0.0893555,-0.213867,0.989258,0.000532632,-0.00106526,0
1773775148364,0.0874023,-0.215332,0.989258,0.000532632,-0.00106526,0.000532632
1773775148445,0.0883789,-0.213379,0.991211,0.000532632,-0.00106526,-0.000532632
1773775148515,0.0898438,-0.214844,0.991211,0.000532632,-0.00106526,-0.000532632
1773775148596,0.0878906,-0.216309,0.989746,0,0.000532632,0.000532632
1773775148676,0.0883789,-0.214355,0.989746,-0.000532632,-0.000532632,0
1773775148747,0.0922852,-0.214355,0.989258,-0.000532632,-0.000532632,-0.000532632
1773775148827,0.0898438,-0.216309,0.989746,0,-0.000532632,0.000532632
1773775148908,0.0883789,-0.215332,0.989746,-0.00106526,-0.00106526,-0.000532632
1773775148979,0.0893555,-0.21582,0.990234,0,-0.000532632,-0.00106526
1773775149062,0.0878906,-0.214844,0.986816,0.00106526,-0.00106526,-0.00213053
1773775149140,0.0893555,-0.214355,0.990723,-0.000532632,-0.000532632,0
1773775149210,0.0888672,-0.214844,0.98877,0,0.000532632,-0.00106526
1773775149291,0.0893555,-0.214844,0.989258,0.000532632,-0.0015979,0
1773775149371,0.0878906,-0.214844,0.991211,-0.00106526,-0.00106526,-0.000532632
1773775149442,0.090332,-0.21582,0.98877,0,-0.000532632,0
1773775149525,0.0888672,-0.213867,0.989746,0.0015979,-0.000532632,-0.000532632
1773775149594,0.0898438,-0.213379,0.990234,-0.000532632,-0.00106526,-0.000532632
1773775149674,0.0888672,-0.216309,0.989258,0.000532632,-0.00106526,-0.000532632
1773775149754,0.0913086,-0.214844,0.990234,0.000532632,-0.00106526,0.00106526
1773775149825,0.0883789,-0.215332,0.989746,-0.000532632,0.000532632,-0.000532632
1773775149908,0.0883789,-0.21582,0.990723,0.000532632,-0.00106526,0.000532632
1773775149987,0.0898438,-0.214355,0.989258,0,-0.000532632,0
1773775150056,0.0883789,-0.215332,0.989258,0.000532632,-0.0015979,-0.000532632
1773775150137,0.0883789,-0.217285,0.988281,-0.000532632,0,-0.000532632
1773775150217,0.0874023,-0.21582,0.991211,0,-0.0015979,-0.000532632
1773775150288,0.0888672,-0.216309,0.989746,-0.000532632,-0.00106526,-0.000532632
1773775150369,0.0888672,-0.213867,0.989746,0,-0.0015979,-0.000532632
1773775150439,0.0883789,-0.216309,0.990234,0.000532632,-0.00106526,-0.000532632
1773775150520,0.0878906,-0.214844,0.989746,-0.000532632,-0.000532632,0
1773775150600,0.0874023,-0.21582,0.98877,-0.000532632,-0.000532632,-0.00106526
1773775150670,0.0883789,-0.215332,0.989746,-0.00106526,-0.000532632,0
1773775150751,0.0893555,-0.214355,0.989746,0,-0.00106526,-0.000532632
1773775150832,0.0893555,-0.214844,0.98877,0.00106526,-0.00106526,-0.000532632
1773775150907,0.0874023,-0.214844,0.990234,-0.00106526,-0.000532632,0
1773775150983,0.0888672,-0.213867,0.991211,0,-0.000532632,0
1773775151063,0.0888672,-0.217285,0.989258,0.000532632,-0.000532632,0
1773775151134,0.0893555,-0.214355,0.989746,0.000532632,-0.000532632,-0.000532632
1773775151214,0.0893555,-0.21582,0.990723,-0.000532632,-0.00106526,-0.00106526
1773775151295,0.0888672,-0.216309,0.98877,-0.000532632,-0.0015979,0
1773775151366,0.0883789,-0.214844,0.989746,0,-0.000532632,0.00106526
1773775151446,0.0893555,-0.214355,0.990723,0.000532632,0,0
1773775151528,0.0878906,-0.214355,0.98877,-0.000532632,-0.00106526,-0.000532632
1773775151597,0.0908203,-0.213379,0.992188,0.000532632,-0.00106526,0
1773775151679,0.0883789,-0.21582,0.990723,-0.000532632,0,0.000532632
1773775151758,0.0917969,-0.217773,0.989746,0.000532632,-0.00106526,0
1773775151830,0.0883789,-0.214355,0.990234,-0.000532632,-0.000532632,-0.000532632
1773775151910,0.0908203,-0.214844,0.991699,0.000532632,0,0
1773775151990,0.0908203,-0.214355,0.990723,0,0.000532632,-0.00106526
1773775152064,0.0864258,-0.215332,0.987793,-0.000532632,0.00106526,0.000532632
1773775152142,0.0878906,-0.215332,0.989258,0,0,0.000532632
1773775152211,0.0893555,-0.216309,0.989258,0.000532632,-0.00106526,0.000532632
1773775152292,0.0883789,-0.21582,0.98877,-0.000532632,-0.00106526,-0.000532632
1773775152373,0.0878906,-0.214355,0.989258,0.000532632,-0.000532632,-0.000532632
1773775152443,0.0883789,-0.215332,0.991699,0,0,-0.00106526
1773775152523,0.0878906,-0.214844,0.990234,0,-0.000532632,-0.000532632
1773775152604,0.0898438,-0.21582,0.988281,-0.00106526,0,-0.00106526
1773775152675,0.0888672,-0.216797,0.990234,0,-0.000532632,-0.000532632
1773775152755,0.090332,-0.214844,0.989746,0,-0.00106526,0.000532632
1773775152826,0.0908203,-0.214355,0.990234,0.000532632,0,0
1773775152908,0.0888672,-0.215332,0.990234,0,-0.00106526,0
1773775152988,0.0888672,-0.215332,0.989746,0.000532632,-0.00106526,0
1773775153068,0.0898438,-0.216309,0.989746,0,-0.000532632,-0.000532632
1773775153138,0.0888672,-0.215332,0.990723,0,0,0
1773775153219,0.090332,-0.214355,0.990234,0.000532632,-0.000532632,0
1773775153289,0.0917969,-0.214844,0.990723,-0.000532632,-0.00106526,-0.000532632
1773775153370,0.0898438,-0.213379,0.990723,0,-0.00106526,0
1773775153450,0.0874023,-0.216797,0.990234,0.00106526,-0.00106526,0
1773775153521,0.0893555,-0.216797,0.990723,-0.000532632,-0.00106526,-0.000532632
1773775153602,0.0893555,-0.216309,0.991211,0,-0.00213053,0
1773775153682,0.0893555,-0.215332,0.990723,0,0,0.000532632
1773775153753,0.0888672,-0.214844,0.990723,0.00106526,0.000532632,-0.000532632
1773775153834,0.0898438,-0.214844,0.989258,-0.00106526,-0.00106526,0
1773775153914,0.0922852,-0.213867,0.991211,0.00106526,-0.00106526,0.00106526
1773775153986,0.0908203,-0.212891,0.989746,-0.00106526,-0.000532632,0.000532632
1773775154067,0.0908203,-0.21582,0.990723,0.000532632,0,0
1773775154146,0.0888672,-0.215332,0.991699,0,-0.000532632,-0.000532632
1773775154216,0.0913086,-0.21582,0.98877,0,-0.000532632,0
1773775154297,0.0883789,-0.212402,0.989258,-0.000532632,-0.00106526,-0.000532632
1773775154368,0.0883789,-0.21582,0.990234,0,-0.00106526,-0.000532632
1773775154448,0.0888672,-0.21582,0.990723,-0.000532632,-0.000532632,-0.000532632
1773775154530,0.0888672,-0.214355,0.989258,0.000532632,-0.00106526,0.000532632
1773775154599,0.090332,-0.212891,0.990723,0.000532632,0,0
1773775154680,0.0898438,-0.21582,0.990234,-0.00106526,0,-0.00106526
1773775154760,0.0883789,-0.21582,0.990234,-0.000532632,0,-0.000532632
1773775154831,0.0883789,-0.214355,0.988281,0,-0.00106526,0.000532632
1773775154911,0.0878906,-0.214844,0.989258,-0.000532632,-0.000532632,-0.00106526
1773775154992,0.0888672,-0.213867,0.989746,0,-0.00106526,0
1773775155062,0.0893555,-0.215332,0.988281,0,0,0.000532632
1773775155144,0.0898438,-0.215332,0.990723,-0.000532632,0,-0.00106526
1773775155223,0.0908203,-0.213867,0.991211,0,0,-0.000532632
1773775155294,0.0893555,-0.216797,0.991211,0,-0.00106526,-0.00106526
1773775155375,0.0898438,-0.215332,0.990234,0,-0.000532632,-0.000532632
1773775155445,0.0898438,-0.215332,0.989746,0.000532632,-0.00106526,0
1773775155527,0.0883789,-0.214844,0.990234,-0.00106526,-0.000532632,0.000532632
1773775155607,0.0917969,-0.21582,0.990234,0.000532632,-0.00106526,0
1773775155677,0.0898438,-0.214844,0.98877,0,-0.000532632,0
1773775155757,0.0908203,-0.214355,0.990723,-0.000532632,-0.00106526,0.000532632
1773775155838,0.0888672,-0.214844,0.989258,0,0,-0.000532632
1773775155908,0.0878906,-0.213867,0.990723,0,-0.00106526,0.000532632
1773775155989,0.0888672,-0.213379,0.989746,0,0.000532632,-0.000532632
1773775156069,0.0898438,-0.214844,0.991699,-0.000532632,-0.000532632,-0.000532632
1773775156140,0.0898438,-0.214844,0.992188,0.000532632,0,-0.000532632
1773775156220,0.0893555,-0.216309,0.989746,0,0,0
1773775156301,0.0908203,-0.213867,0.989258,0,-0.000532632,0
1773775156371,0.090332,-0.213379,0.988281,0.00106526,-0.000532632,-0.000532632
1773775156452,0.0917969,-0.216309,0.989746,0.000532632,-0.000532632,-0.000532632
1773775156532,0.0898438,-0.215332,0.990234,-0.00106526,-0.000532632,0
1773775156604,0.0883789,-0.216309,0.98877,0,-0.0015979,-0.000532632
1773775156685,0.0927734,-0.21582,0.991211,0,-0.000532632,-0.000532632
1773775156764,0.0898438,-0.21582,0.990234,0,-0.0015979,0.000532632
1773775156835,0.090332,-0.214844,0.992188,0.000532632,-0.00106526,0.000532632
1773775156915,0.0898438,-0.214355,0.989746,-0.000532632,-0.0015979,0
1773775156987,0.0893555,-0.216309,0.989746,0.000532632,-0.00106526,0
1773775157070,0.090332,-0.21582,0.991699,0,-0.00106526,0
1773775157147,0.090332,-0.214844,0.991211,0.000532632,-0.00106526,-0.000532632
1773775157217,0.0888672,-0.214844,0.98877,-0.000532632,0,0
1773775157297,0.0893555,-0.214355,0.989746,-0.000532632,-0.00213053,0.000532632
1773775157378,0.0888672,-0.216309,0.990234,0,-0.00106526,0
1773775157449,0.0883789,-0.214844,0.989258,-0.000532632,-0.0015979,0.0015979
1773775157529,0.0888672,-0.214844,0.989746,0.000532632,0,-0.00106526
1773775157610,0.0888672,-0.214844,0.989258,0.000532632,-0.000532632,-0.00106526
1773775157680,0.0898438,-0.215332,0.992188,0,0,-0.000532632
1773775157761,0.0883789,-0.215332,0.990234,0,0,0
1773775157842,0.0893555,-0.215332,0.991211,0.00106526,-0.000532632,0.000532632
1773775157913,0.0898438,-0.21582,0.987793,-0.000532632,0.000532632,-0.000532632
1773775157993,0.0874023,-0.214355,0.990234,0.000532632,-0.000532632,-0.00106526
1773775158066,0.0913086,-0.214844,0.989258,-0.000532632,-0.0015979,0
1773775158145,0.0878906,-0.214844,0.989258,0.000532632,-0.00106526,0.000532632
1773775158224,0.0898438,-0.215332,0.990723,-0.000532632,-0.000532632,-0.00106526
1773775158295,0.0908203,-0.214844,0.990234,0.000532632,-0.00106526,0
1773775158376,0.0878906,-0.215332,0.989258,-0.000532632,-0.00106526,0
1773775158456,0.0883789,-0.213379,0.991211,-0.00106526,-0.000532632,0.00106526
1773775158528,0.090332,-0.214355,0.989258,-0.000532632,-0.00106526,-0.000532632
1773775158607,0.0878906,-0.214844,0.991211,0.00106526,-0.0015979,0
1773775158688,0.0893555,-0.21582,0.987305,-0.000532632,-0.00106526,0.000532632
1773775158758,0.0888672,-0.214844,0.990234,0.000532632,-0.000532632,-0.000532632
1773775158838,0.0893555,-0.215332,0.98877,0.000532632,-0.000532632,0
1773775158919,0.0898438,-0.21582,0.989258,0.00106526,0,0
1773775158989,0.0893555,-0.214355,0.990234,0,-0.00106526,-0.000532632
1773775159070,0.090332,-0.216797,0.990234,0,-0.000532632,0
1773775159141,0.0908203,-0.215332,0.991211,-0.000532632,0,0.000532632
1773775159221,0.0888672,-0.212402,0.990723,0,-0.000532632,0.000532632
1773775159301,0.0888672,-0.216797,0.989746,0.000532632,0,0
1773775159372,0.0888672,-0.213379,0.990723,-0.000532632,-0.0015979,0.00106526
1773775159453,0.0878906,-0.21582,0.991211,-0.000532632,-0.00106526,-0.000532632
1773775159534,0.0913086,-0.213379,0.992188,0.000532632,-0.00106526,-0.000532632
1773775159604,0.0898438,-0.215332,0.990723,-0.00106526,-0.000532632,0.00106526
1773775159684,0.0874023,-0.216797,0.990234,0.000532632,-0.00106526,0
1773775159766,0.090332,-0.215332,0.989746,0,-0.000532632,0
1773775159836,0.090332,-0.217285,0.989746,-0.00106526,-0.000532632,0
1773775159916,0.0888672,-0.214844,0.989258,0.000532632,0.000532632,-0.00106526
1773775159996,0.0893555,-0.21582,0.990234,-0.000532632,-0.000532632,0
1773775160067,0.0898438,-0.215332,0.988281,0.00106526,0,0
1773775160147,0.0883789,-0.214355,0.989746,0,-0.00106526,0
1773775160228,0.0898438,-0.216309,0.990723,0,0,0
1773775160298,0.0883789,-0.213867,0.98877,0,-0.0015979,0
1773775160379,0.0898438,-0.215332,0.989258,-0.000532632,-0.000532632,0.000532632
1773775160459,0.0893555,-0.216309,0.989746,0,0,0.00106526
1773775160530,0.0888672,-0.214355,0.990723,0,-0.000532632,0.00106526
1773775160610,0.0883789,-0.216309,0.992188,0,-0.000532632,0
1773775160681,0.0898438,-0.215332,0.990723,0,-0.000532632,0
1773775160762,0.090332,-0.215332,0.990234,0,0,-0.000532632
1773775160844,0.0893555,-0.212891,0.989746,0,0,0
1773775160912,0.0898438,-0.214355,0.992188,-0.00106526,-0.00106526,0
1773775160993,0.0878906,-0.21582,0.992188,-0.000532632,-0.000532632,0
1773775161074,0.0893555,-0.212891,0.989258,0,-0.000532632,0.000532632
1773775161144,0.0893555,-0.214355,0.988281,-0.000532632,-0.000532632,-0.000532632
1773775161225,0.0874023,-0.214355,0.992188,0,-0.000532632,-0.000532632
1773775161305,0.0893555,-0.214355,0.992188,0.000532632,-0.000532632,0.000532632
1773775161376,0.090332,-0.214355,0.991699,0.000532632,-0.00106526,0
1773775161456,0.090332,-0.214844,0.990723,0,0,0
1773775161538,0.090332,-0.214355,0.991699,0.000532632,-0.000532632,0
1773775161608,0.0908203,-0.213867,0.989258,0,0,0
1773775161688,0.0913086,-0.214355,0.990723,0.000532632,0,0.000532632
1773775161758,0.0893555,-0.215332,0.991211,0,-0.00106526,-0.000532632
1773775161839,0.0898438,-0.215332,0.990234,0,-0.00106526,0
1773775161919,0.0908203,-0.216309,0.992188,0,-0.000532632,0
1773775161990,0.0888672,-0.212891,0.989258,0.000532632,-0.0015979,0
1773775162070,0.0908203,-0.215332,0.993164,0.000532632,-0.000532632,0
1773775162152,0.0888672,-0.211426,0.990723,0.000532632,0,0
1773775162221,0.0869141,-0.214355,0.98877,0.000532632,-0.000532632,0.000532632
1773775162302,0.0888672,-0.216309,0.991211,0,0,-0.000532632
1773775162383,0.0883789,-0.214355,0.989746,0.000532632,0,-0.00106526
1773775162453,0.0898438,-0.21582,0.990234,-0.00106526,0,-0.000532632
1773775162534,0.090332,-0.215332,0.992188,0,0,0
1773775162615,0.0913086,-0.213867,0.990234,0,-0.000532632,0
1773775162685,0.0874023,-0.212891,0.992188,0,0,-0.0015979
1773775162765,0.0874023,-0.215332,0.990234,0,-0.0015979,0.000532632
1773775162846,0.090332,-0.214355,0.98877,0,-0.000532632,0
1773775162916,0.0888672,-0.21582,0.989746,-0.000532632,-0.000532632,0.00106526
1773775162997,0.0888672,-0.214355,0.990234,0.00106526,-0.000532632,0
1773775163068,0.0888672,-0.21582,0.990723,-0.000532632,0,0
1773775163148,0.0898438,-0.21582,0.989746,0,0.000532632,0.00106526
1773775163228,0.0908203,-0.214355,0.990723,0.00106526,0.000532632,0.000532632
1773775163299,0.0913086,-0.214355,0.991211,-0.000532632,0,-0.00106526
1773775163379,0.0893555,-0.215332,0.991211,-0.00106526,-0.000532632,0
1773775163460,0.0883789,-0.213379,0.989746,-0.000532632,-0.000532632,-0.000532632
1773775163530,0.0898438,-0.214355,0.990723,0,0,0.00106526
1773775163612,0.0883789,-0.216309,0.98877,0,-0.000532632,-0.00106526
1773775163692,0.0883789,-0.213867,0.988281,0,-0.000532632,0
1773775163762,0.0898438,-0.216797,0.98877,0,0,-0.000532632
1773775163843,0.0913086,-0.213867,0.990723,-0.00106526,-0.00106526,0
1773775163923,0.0888672,-0.214355,0.988281,-0.000532632,-0.000532632,0.000532632
1773775163994,0.0898438,-0.214844,0.991699,0.000532632,-0.00106526,0
1773775164078,0.0888672,-0.213379,0.989746,0,-0.000532632,0
1773775164155,0.0908203,-0.216309,0.989746,0.000532632,-0.0015979,0
1773775164225,0.0898438,-0.214355,0.990723,-0.000532632,-0.000532632,-0.000532632
1773775164306,0.0908203,-0.215332,0.990723,0,-0.000532632,-0.00106526
1773775164387,0.0883789,-0.216309,0.990234,0.000532632,-0.000532632,0
1773775164457,0.090332,-0.212891,0.990723,-0.00106526,-0.0015979,-0.00106526
1773775164538,0.0898438,-0.213379,0.989746,0,0,0.000532632
1773775164608,0.0898438,-0.213379,0.990234,-0.000532632,0,0.00106526
1773775164689,0.0893555,-0.217285,0.989258,-0.000532632,-0.00106526,0
1773775164770,0.0898438,-0.215332,0.991211,0,0,-0.000532632
1773775164840,0.0893555,-0.214355,0.98877,0,-0.0015979,-0.000532632
1773775164920,0.0888672,-0.216797,0.989746,0,-0.00106526,0.000532632
1773775165003,0.0913086,-0.214844,0.991699,0,-0.000532632,0.000532632
1773775165072,0.0893555,-0.213867,0.990723,0,-0.000532632,0
1773775165152,0.0893555,-0.216309,0.990723,0.000532632,-0.000532632,0
1773775165232,0.0898438,-0.21582,0.992188,-0.000532632,-0.000532632,-0.000532632
1773775165303,0.090332,-0.214844,0.989746,-0.000532632,0,0
1773775165386,0.0898438,-0.213867,0.989746,0,-0.0015979,-0.000532632
1773775165464,0.0893555,-0.215332,0.990723,0,0.000532632,0.000532632
1773775165535,0.0893555,-0.215332,0.989746,-0.000532632,-0.000532632,0
1773775165616,0.0878906,-0.216797,0.991699,0,-0.00106526,0.000532632
1773775165686,0.0883789,-0.213867,0.990723,-0.00106526,-0.000532632,-0.000532632
1773775165767,0.0908203,-0.216309,0.989746,-0.0015979,-0.00106526,0
1773775165847,0.0888672,-0.214355,0.990234,0,0,-0.000532632
1773775165918,0.0898438,-0.217285,0.990723,0,-0.000532632,-0.00106526
1773775166002,0.0898438,-0.216309,0.988281,0,-0.000532632,-0.000532632
1773775166080,0.0883789,-0.214844,0.989258,0,-0.000532632,0
1773775166149,0.0893555,-0.21582,0.991699,-0.000532632,-0.000532632,-0.000532632
1773775166230,0.0908203,-0.214355,0.989746,-0.000532632,-0.00106526,-0.000532632
1773775166310,0.0893555,-0.212891,0.991699,0,0,0
1773775166381,0.0898438,-0.215332,0.989258,0.00106526,-0.00106526,-0.000532632
1773775166462,0.090332,-0.214844,0.988281,-0.000532632,0,0
1773775166532,0.0908203,-0.212891,0.988281,-0.00106526,-0.000532632,0
1773775166613,0.0888672,-0.21582,0.98877,0.00106526,-0.000532632,0
1773775166693,0.0898438,-0.215332,0.98877,0,0,-0.000532632
1773775166774,0.0878906,-0.215332,0.990234,0.000532632,0.000532632,0.000532632
1773775166844,0.0913086,-0.214844,0.991211,-0.000532632,-0.000532632,0
1773775166925,0.0898438,-0.213867,0.990234,-0.000532632,0,-0.000532632
1773775166995,0.090332,-0.213379,0.989258,-0.000532632,0.000532632,-0.000532632
1773775167079,0.0908203,-0.213867,0.990723,0,-0.000532632,0.00106526
1773775167156,0.0893555,-0.215332,0.990234,0,-0.00106526,0.000532632
1773775167227,0.0878906,-0.218262,0.991211,-0.000532632,-0.000532632,0.00106526
1773775167307,0.0878906,-0.214844,0.991211,0.000532632,0,0.000532632
1773775167388,0.0893555,-0.214355,0.990234,0.000532632,0,0.000532632
1773775167458,0.0874023,-0.216309,0.989258,-0.000532632,-0.000532632,0.000532632
1773775167539,0.0893555,-0.216309,0.989746,-0.000532632,-0.000532632,-0.00106526
1773775167619,0.0893555,-0.214844,0.990723,0.000532632,-0.000532632,0.000532632
1773775167690,0.0883789,-0.215332,0.989258,-0.000532632,0,0
1773775167770,0.0888672,-0.214355,0.990234,0.000532632,-0.00106526,-0.000532632
1773775167851,0.0878906,-0.214844,0.990234,0,-0.00106526,0
1773775167921,0.090332,-0.216309,0.990723,0,-0.000532632,0
1773775168005,0.0898438,-0.214844,0.989258,-0.000532632,0.000532632,0
1773775168083,0.0893555,-0.216309,0.989746,-0.000532632,-0.000532632,0
1773775168154,0.0869141,-0.213867,0.990234,0.00106526,0,-0.000532632
1773775168234,0.0883789,-0.213379,0.990234,0,0,-0.000532632
1773775168304,0.090332,-0.214844,0.989746,0,-0.00106526,-0.000532632
1773775168385,0.0893555,-0.215332,0.989746,-0.000532632,-0.00213053,-0.000532632
1773775168465,0.0908203,-0.214844,0.989746,0,-0.000532632,0
1773775168536,0.0908203,-0.214844,0.990234,0,-0.00106526,0
1773775168616,0.0888672,-0.216797,0.989746,0.00106526,-0.000532632,-0.00106526
1773775168697,0.0878906,-0.216797,0.992188,-0.000532632,0,0.000532632
1773775168768,0.0893555,-0.214355,0.990234,-0.000532632,-0.000532632,-0.000532632
1773775168848,0.0913086,-0.213867,0.990723,-0.000532632,-0.000532632,0.000532632
1773775168929,0.0898438,-0.216309,0.987793,0.000532632,-0.0015979,0
1773775169001,0.0893555,-0.214355,0.991211,0,0,0
1773775169082,0.0898438,-0.214355,0.989746,0.000532632,-0.0015979,0
1773775169161,0.0874023,-0.216309,0.990234,0,-0.000532632,0
1773775169231,0.0888672,-0.21582,0.989746,0,-0.00106526,0
1773775169311,0.090332,-0.21582,0.990234,0,-0.000532632,-0.000532632
1773775169385,0.0888672,-0.215332,0.989746,0,-0.000532632,-0.000532632
1773775169462,0.0869141,-0.213867,0.990723,-0.000532632,0,0
1773775169543,0.0898438,-0.216309,0.991211,0.00106526,-0.000532632,0
1773775169613,0.0898438,-0.216797,0.989258,0,-0.00106526,-0.000532632
1773775169694,0.0878906,-0.21582,0.98877,0,-0.000532632,0.000532632
1773775169774,0.0883789,-0.214355,0.989746,0.000532632,-0.000532632,0.00106526
1773775169845,0.0893555,-0.213867,0.989746,-0.000532632,-0.00106526,0.000532632
1773775169925,0.0883789,-0.214355,0.98877,0.000532632,-0.0015979,0.00106526
1773775170006,0.0893555,-0.215332,0.989258,0.000532632,-0.000532632,0.000532632
1773775170076,0.0888672,-0.215332,0.991699,0.000532632,-0.00106526,0
1773775170157,0.0888672,-0.214355,0.989746,-0.000532632,0,0
1773775170237,0.0898438,-0.21582,0.989746,0.000532632,-0.00106526,0
1773775170308,0.0908203,-0.21582,0.98877,0.00106526,-0.000532632,0
1773775170389,0.0893555,-0.214355,0.989746,0.000532632,0,0
1773775170459,0.0874023,-0.214844,0.98877,-0.000532632,-0.00106526,-0.000532632
1773775170540,0.0893555,-0.215332,0.988281,0.00106526,0,-0.000532632
1773775170620,0.0883789,-0.216309,0.992188,0.000532632,-0.000532632,0.00106526
1773775170691,0.0898438,-0.214844,0.992188,-0.00106526,0,0.000532632
1773775170772,0.0893555,-0.21582,0.989258,-0.000532632,0,0
1773775170852,0.0898438,-0.216309,0.989746,0,-0.000532632,0
1773775170923,0.0898438,-0.215332,0.989746,-0.000532632,-0.00106526,0
1773775171006,0.0878906,-0.213379,0.990723,-0.000532632,-0.000532632,-0.000532632
1773775171083,0.0883789,-0.213867,0.990723,0.000532632,-0.000532632,0
1773775171155,0.0913086,-0.21582,0.990234,0.000532632,0.000532632,-0.000532632
1773775171235,0.0898438,-0.213867,0.991211,0,-0.00106526,0.000532632
1773775171315,0.0878906,-0.215332,0.990234,-0.000532632,-0.000532632,0.000532632
1773775171386,0.0908203,-0.216309,0.991211,0,-0.000532632,0
1773775171466,0.0888672,-0.21582,0.990234,0,-0.000532632,-0.00106526
1773775171547,0.0869141,-0.214844,0.990723,0,-0.00106526,-0.00106526
1773775171617,0.090332,-0.214844,0.989746,0.00106526,-0.0015979,-0.00106526
1773775171698,0.0898438,-0.212402,0.990723,0.000532632,0,0.000532632
1773775171769,0.0878906,-0.214844,0.990234,0.00106526,-0.000532632,-0.000532632
1773775171849,0.0893555,-0.214355,0.989258,0,-0.000532632,0.000532632
1773775171931,0.0883789,-0.213867,0.989746,0.000532632,0,0.000532632
1773775172000,0.0893555,-0.216309,0.990723,0,-0.0015979,0.000532632
1773775172081,0.0888672,-0.211914,0.989746,0,-0.000532632,0
1773775172161,0.0893555,-0.214844,0.990723,0.000532632,-0.00106526,0
1773775172232,0.090332,-0.21582,0.991211,0.000532632,0,0
1773775172313,0.090332,-0.213379,0.991211,0.000532632,-0.000532632,0
1773775172395,0.0908203,-0.21582,0.990234,-0.00106526,0,0
1773775172464,0.0893555,-0.214844,0.989258,-0.000532632,-0.00106526,0
1773775172545,0.0888672,-0.215332,0.989746,0,-0.000532632,0
1773775172625,0.0893555,-0.215332,0.989746,0,-0.0015979,-0.000532632
1773775172696,0.0893555,-0.212402,0.990723,0.000532632,-0.000532632,0.000532632
1773775172779,0.0898438,-0.214355,0.990234,0,0,0
1773775172847,0.0893555,-0.215332,0.991211,0,-0.000532632,-0.000532632
1773775172927,0.090332,-0.214355,0.991211,0,-0.000532632,0.00106526
1773775173009,0.0917969,-0.214844,0.991211,0,-0.00106526,0
1773775173078,0.0888672,-0.215332,0.990234,0,-0.000532632,0.000532632
1773775173160,0.0869141,-0.21582,0.989746,0,-0.000532632,0
1773775173239,0.0878906,-0.213379,0.989258,0.00106526,-0.000532632,0.000532632
1773775173310,0.0898438,-0.213867,0.989746,-0.0015979,0,-0.00106526
1773775173390,0.0883789,-0.215332,0.991211,0,-0.0015979,0.000532632
1773775173471,0.0883789,-0.216309,0.989746,0,-0.00106526,-0.000532632
1773775173542,0.0898438,-0.212891,0.989746,-0.000532632,0,-0.000532632
1773775173622,0.090332,-0.214844,0.989258,0,-0.00106526,-0.00106526
1773775173704,0.0878906,-0.214844,0.990234,-0.000532632,-0.0015979,-0.00106526
1773775173773,0.0888672,-0.215332,0.990723,0,-0.000532632,-0.00106526
1773775173856,0.0883789,-0.214844,0.98877,0,-0.00106526,-0.00106526
1773775173934,0.0893555,-0.214355,0.990234,0.000532632,0,0.000532632
1773775174005,0.0893555,-0.213867,0.98877,-0.000532632,-0.00106526,-0.00106526
1773775174085,0.0883789,-0.213867,0.98877,-0.000532632,0,0.000532632
1773775174165,0.0888672,-0.214844,0.98877,0.000532632,-0.00106526,0
1773775174236,0.090332,-0.212402,0.990234,-0.00106526,0,0
1773775174317,0.0893555,-0.213867,0.992676,-0.00106526,0,0
1773775174387,0.090332,-0.213867,0.990234,0,-0.000532632,0.000532632
1773775174468,0.0888672,-0.21582,0.990234,0,-0.00106526,0
1773775174548,0.0893555,-0.214844,0.991211,0,-0.00106526,-0.000532632
1773775174619,0.0898438,-0.21582,0.990234,0,-0.000532632,0
1773775174699,0.0898438,-0.213379,0.992188,0,0,-0.0015979
1773775174780,0.0878906,-0.213379,0.989258,0,0,0
1773775174850,0.0908203,-0.214355,0.98877,-0.000532632,-0.000532632,0
1773775174932,0.0913086,-0.214355,0.991211,-0.000532632,0,0.000532632
1773775175011,0.0874023,-0.214844,0.990234,0,-0.00106526,0
1773775175082,0.0883789,-0.21582,0.989746,-0.000532632,-0.00106526,-0.00106526
1773775175162,0.0883789,-0.213379,0.990723,0.00106526,-0.00106526,0.000532632
1773775175243,0.0878906,-0.215332,0.990234,0,-0.00106526,0
1773775175313,0.0874023,-0.21582,0.990723,-0.000532632,-0.00106526,0.000532632
1773775175394,0.0864258,-0.214844,0.989746,-0.00106526,-0.0015979,0.000532632
1773775175466,0.0888672,-0.216309,0.988281,0,-0.0015979,-0.000532632
1773775175545,0.0893555,-0.212891,0.991211,0,-0.00106526,0
1773775175626,0.0888672,-0.214844,0.991211,0,0,0
1773775175696,0.0917969,-0.214355,0.989258,0,-0.000532632,0.000532632
1773775175777,0.0908203,-0.215332,0.990234,-0.000532632,0,0.000532632
1773775175857,0.0898438,-0.214355,0.987793,0,0,0
1773775175928,0.0888672,-0.214844,0.989258,0.000532632,-0.000532632,0.000532632
1773775176009,0.0893555,-0.215332,0.988281,0,-0.0015979,0
1773775176089,0.0893555,-0.215332,0.98877,-0.000532632,0.000532632,-0.00106526
1773775176160,0.0898438,-0.213379,0.989746,0,0.000532632,-0.00106526
1773775176240,0.090332,-0.215332,0.98877,0,-0.00106526,-0.000532632
1773775176320,0.090332,-0.21582,0.991211,-0.00106526,-0.000532632,0
1773775176391,0.0888672,-0.214844,0.991699,0,0.000532632,0.000532632
1773775176471,0.0878906,-0.21582,0.989258,0.000532632,-0.00106526,-0.000532632
1773775176552,0.090332,-0.216797,0.991211,0,-0.00106526,0
1773775176622,0.0883789,-0.214844,0.991211,0.000532632,0,0.000532632
1773775176703,0.0917969,-0.214844,0.990723,0,-0.00106526,0.00106526
1773775176783,0.0898438,-0.21582,0.990723,0.000532632,-0.00106526,0
1773775176854,0.090332,-0.216309,0.991211,-0.000532632,-0.00106526,-0.000532632
1773775176934,0.0893555,-0.21582,0.98877,0.000532632,-0.000532632,0
1773775177005,0.090332,-0.214844,0.992188,0.00106526,-0.00106526,-0.000532632
1773775177085,0.0893555,-0.216309,0.990723,-0.000532632,-0.0015979,0
1773775177166,0.0893555,-0.213867,0.992676,-0.00106526,-0.0015979,-0.000532632
1773775177236,0.0898438,-0.214844,0.989746,0,-0.00106526,-0.000532632
1773775177317,0.0888672,-0.216309,0.989746,-0.000532632,-0.000532632,0
1773775177398,0.0878906,-0.214844,0.989746,0.000532632,-0.000532632,0
1773775177469,0.090332,-0.213867,0.990723,0.000532632,-0.0015979,0
1773775177549,0.0898438,-0.213867,0.990723,-0.000532632,-0.000532632,0.000532632
1773775177629,0.0908203,-0.214844,0.991699,-0.000532632,-0.000532632,-0.00106526
1773775177700,0.0859375,-0.213379,0.989258,-0.000532632,-0.000532632,-0.000532632
1773775177781,0.0888672,-0.213867,0.989746,0,0,0
1773775177852,0.0898438,-0.216309,0.990723,-0.000532632,-0.00106526,-0.000532632
1773775177932,0.0917969,-0.214355,0.992188,0,-0.000532632,0.000532632
1773775178012,0.0898438,-0.214844,0.990234,-0.00106526,-0.000532632,0.000532632
1773775178083,0.090332,-0.213867,0.990234,0.000532632,-0.000532632,0.000532632
1773775178164,0.090332,-0.216309,0.98877,-0.000532632,0,-0.000532632
1773775178244,0.0913086,-0.213379,0.991211,0.000532632,-0.000532632,0.00106526
1773775178314,0.0898438,-0.214844,0.990723,0.00106526,-0.00106526,-0.000532632
1773775178395,0.0893555,-0.213867,0.990723,0.000532632,-0.0015979,-0.000532632
1773775178475,0.0893555,-0.216309,0.990234,-0.00106526,0,-0.000532632
1773775178546,0.0888672,-0.214355,0.989258,0,-0.00106526,0.000532632
1773775178626,0.0893555,-0.213379,0.990723,0.000532632,-0.0015979,0
1773775178707,0.0908203,-0.216309,0.991211,-0.000532632,-0.0015979,0
1773775178777,0.0883789,-0.214355,0.989258,0,-0.000532632,-0.000532632
1773775178858,0.090332,-0.213867,0.989258,0,-0.0015979,0.000532632
1773775178939,0.0913086,-0.213867,0.989746,0,-0.000532632,0
1773775179009,0.0913086,-0.215332,0.989746,-0.000532632,-0.00106526,0
1773775179090,0.0888672,-0.214844,0.990723,0,-0.00106526,0
1773775179170,0.0888672,-0.21582,0.989746,0,-0.00106526,-0.000532632
1773775179241,0.0888672,-0.213379,0.990234,0.000532632,-0.000532632,-0.000532632
1773775179321,0.0893555,-0.213867,0.990234,-0.000532632,-0.00106526,0.000532632
1773775179392,0.0893555,-0.21582,0.987793,0.000532632,0,-0.00106526
1773775179473,0.0908203,-0.214844,0.990234,0.000532632,0,-0.000532632
1773775179553,0.0898438,-0.218262,0.990234,0.0015979,-0.000532632,-0.000532632
1773775179624,0.0888672,-0.214355,0.990723,-0.000532632,-0.000532632,0
1773775179705,0.0893555,-0.214355,0.990234,0.00106526,-0.00106526,0.000532632
1773775179786,0.0883789,-0.214355,0.989746,0,0,-0.000532632
1773775179855,0.0893555,-0.21582,0.991699,0.000532632,-0.000532632,0
1773775179936,0.0893555,-0.214355,0.990723,0.000532632,-0.00106526,0
1773775180017,0.0898438,-0.21582,0.990723,-0.000532632,-0.000532632,-0.00106526
1773775180088,0.0888672,-0.21582,0.990723,0,-0.000532632,0
1773775180168,0.0898438,-0.213867,0.989746,0.000532632,-0.0015979,0
1773775180238,0.0893555,-0.213867,0.989746,-0.000532632,-0.000532632,-0.000532632
1773775180319,0.0893555,-0.215332,0.990723,0,0,-0.000532632
1773775180399,0.0888672,-0.216309,0.989258,0,-0.00106526,-0.000532632
1773775180470,0.0888672,-0.21582,0.990723,0,-0.000532632,-0.000532632
1773775180550,0.0898438,-0.214355,0.989746,0.000532632,0,0
1773775180631,0.0908203,-0.214355,0.990723,0,-0.000532632,-0.000532632
1773775180702,0.0878906,-0.214355,0.989746,0.0015979,0,0
1773775180782,0.0888672,-0.214355,0.990723,-0.000532632,-0.00106526,0.000532632
1773775180862,0.0883789,-0.213867,0.989746,0.000532632,-0.000532632,0
1773775180933,0.0898438,-0.215332,0.98877,0.00106526,-0.000532632,-0.000532632
1773775181013,0.0898438,-0.21582,0.989746,0,-0.0015979,0
1773775181094,0.090332,-0.217285,0.990723,0.00106526,0,0
1773775181165,0.0883789,-0.214844,0.989258,0.000532632,-0.000532632,0
1773775181245,0.0893555,-0.213867,0.98877,0,-0.000532632,0
1773775181326,0.0898438,-0.21582,0.990723,0,-0.000532632,0.000532632
1773775181396,0.0893555,-0.213867,0.989746,0,0,0
1773775181477,0.0917969,-0.21582,0.990234,0.000532632,-0.0015979,-0.000532632
1773775181557,0.0898438,-0.214844,0.989746,-0.000532632,-0.000532632,0.000532632
1773775181628,0.0922852,-0.214355,0.989746,0,0,0
1773775181710,0.0893555,-0.214844,0.990723,-0.000532632,-0.000532632,0
1773775181781,0.0893555,-0.214355,0.990723,0,-0.000532632,0.00106526
1773775181859,0.0898438,-0.214844,0.990234,0.000532632,-0.00106526,0.00106526
1773775181940,0.0883789,-0.215332,0.98877,0.000532632,-0.000532632,0.000532632
1773775182011,0.0893555,-0.216309,0.988281,0.000532632,0,0
1773775182091,0.0893555,-0.215332,0.990234,0.000532632,-0.00106526,-0.000532632
1773775182172,0.0898438,-0.214844,0.992676,0,-0.00106526,0.000532632
1773775182242,0.0893555,-0.215332,0.990723,0.000532632,-0.00106526,0
1773775182323,0.0864258,-0.213867,0.992676,-0.000532632,-0.000532632,-0.000532632
1773775182403,0.0888672,-0.212891,0.990723,0,-0.00106526,0
1773775182474,0.0898438,-0.216797,0.991699,0,-0.000532632,0
1773775182554,0.0878906,-0.213379,0.989258,0,0.000532632,-0.0015979
1773775182625,0.0888672,-0.214844,0.990723,-0.000532632,0,0.000532632
1773775182705,0.0893555,-0.213867,0.990723,0.00106526,-0.0015979,-0.000532632
1773775182786,0.0893555,-0.212891,0.989746,0,-0.000532632,0.000532632
1773775182856,0.0883789,-0.212891,0.990234,0,0.000532632,-0.000532632
1773775182938,0.0874023,-0.214844,0.990234,0,-0.000532632,0.000532632
1773775183009,0.0883789,-0.215332,0.989746,-0.000532632,0.000532632,0
1773775183089,0.0869141,-0.215332,0.990234,0.000532632,-0.000532632,0
1773775183169,0.0898438,-0.21582,0.989746,0.000532632,-0.0015979,-0.000532632
1773775183249,0.090332,-0.215332,0.989746,0.000532632,-0.0015979,-0.000532632
1773775183320,0.0888672,-0.214355,0.991211,-0.000532632,-0.00106526,0
1773775183400,0.0883789,-0.214844,0.989746,-0.000532632,-0.000532632,0
1773775183482,0.0883789,-0.21582,0.991211,0.000532632,0,0
1773775183551,0.090332,-0.214355,0.989746,0.000532632,-0.0015979,0
1773775183632,0.0908203,-0.214844,0.989258,-0.000532632,-0.000532632,-0.000532632
1773775183713,0.0898438,-0.21582,0.986816,-0.000532632,-0.0015979,-0.000532632
1773775183783,0.0888672,-0.216309,0.98877,0,-0.000532632,-0.00106526
1773775183863,0.090332,-0.214355,0.987305,0,-0.000532632,-0.000532632
1773775183944,0.0883789,-0.215332,0.988281,0.000532632,-0.00106526,0
1773775184014,0.090332,-0.215332,0.987793,0.000532632,-0.000532632,0
1773775184096,0.0893555,-0.21582,0.98877,0.000532632,-0.000532632,-0.000532632
1773775184176,0.0893555,-0.216797,0.990723,-0.000532632,-0.00106526,-0.000532632
1773775184246,0.0913086,-0.214355,0.990723,0.0015979,-0.000532632,0.00106526
1773775184327,0.0898438,-0.215332,0.990723,0.000532632,-0.0015979,0.00106526
1773775184400,0.0888672,-0.21582,0.990723,0,-0.000532632,-0.000532632
1773775184478,0.0888672,-0.214355,0.990234,0.00106526,-0.000532632,-0.00106526
1773775184558,0.0893555,-0.217773,0.98877,-0.000532632,-0.00106526,0
1773775184629,0.0883789,-0.213867,0.98877,0,-0.000532632,0
1773775184711,0.0913086,-0.216309,0.989746,0.000532632,-0.00106526,-0.000532632
1773775184790,0.0893555,-0.213379,0.989746,0,-0.00106526,0
1773775184865,0.0893555,-0.214844,0.989258,-0.000532632,-0.000532632,-0.000532632
1773775184941,0.0888672,-0.215332,0.989746,-0.000532632,-0.00106526,-0.00106526
1773775185015,0.0883789,-0.21582,0.98877,-0.000532632,-0.000532632,0
1773775185092,0.0908203,-0.213379,0.991699,-0.000532632,0,0
1773775185173,0.0913086,-0.216309,0.989258,-0.000532632,-0.000532632,-0.00106526
1773775185243,0.0869141,-0.215332,0.989746,-0.00106526,-0.000532632,0.000532632
1773775185323,0.0893555,-0.215332,0.990723,0.000532632,-0.000532632,0
1773775185404,0.0883789,-0.215332,0.992188,-0.00106526,-0.000532632,0
1773775185475,0.0883789,-0.214844,0.989746,0,-0.00106526,0
1773775185555,0.0893555,-0.213379,0.990723,-0.000532632,-0.0015979,-0.000532632
1773775185636,0.0893555,-0.214844,0.989258,0.000532632,-0.00106526,0.000532632
1773775185706,0.0883789,-0.213379,0.991699,0,-0.000532632,-0.00106526
1773775185788,0.0888672,-0.216797,0.991699,0,-0.000532632,0.000532632
1773775185867,0.0888672,-0.21582,0.989258,0,-0.000532632,0
1773775185940,0.0893555,-0.215332,0.990723,-0.000532632,-0.000532632,0
1773775186018,0.0908203,-0.215332,0.989258,-0.000532632,0,-0.00106526
1773775186089,0.0859375,-0.214844,0.991699,0,-0.00106526,-0.00106526
1773775186169,0.0898438,-0.217773,0.989258,0,-0.00106526,-0.000532632
1773775186250,0.090332,-0.21582,0.989258,0,-0.00106526,0.000532632
1773775186330,0.0888672,-0.213867,0.98877,0,0,-0.000532632
1773775186401,0.0888672,-0.214844,0.991211,0,0.000532632,0.000532632
1773775186481,0.0898438,-0.213867,0.990723,0.000532632,0,-0.000532632
1773775186562,0.0869141,-0.214844,0.991211,-0.000532632,0,0
1773775186632,0.0869141,-0.213379,0.989258,0.000532632,-0.00106526,-0.00106526
1773775186714,0.0878906,-0.214844,0.990723,-0.000532632,-0.000532632,0
1773775186783,0.0898438,-0.214355,0.988281,0.000532632,-0.00106526,-0.00106526
1773775186864,0.0883789,-0.214844,0.989746,0.00106526,-0.000532632,0
1773775186944,0.0874023,-0.213867,0.989258,-0.000532632,0.000532632,0
1773775187015,0.0888672,-0.21582,0.991211,0,0,0.000532632
1773775187096,0.090332,-0.215332,0.98877,-0.000532632,-0.0015979,0
1773775187176,0.0898438,-0.214355,0.990234,0,0,0
1773775187246,0.0893555,-0.215332,0.990723,0.000532632,-0.00106526,-0.000532632
1773775187327,0.0883789,-0.217285,0.989746,0,-0.00106526,0.000532632
1773775187408,0.0878906,-0.214844,0.990723,0,-0.00106526,0
1773775187479,0.0893555,-0.212891,0.990723,-0.000532632,-0.00106526,0
1773775187559,0.0878906,-0.212891,0.989746,0,-0.00106526,0.000532632
1773775187629,0.0917969,-0.215332,0.98877,-0.000532632,-0.0015979,-0.00106526
1773775187711,0.0883789,-0.216309,0.987793,0.00106526,-0.00106526,0
1773775187790,0.0888672,-0.21582,0.987305,0,-0.000532632,0
1773775187861,0.0898438,-0.21582,0.989258,-0.000532632,-0.000532632,0
1773775187943,0.0883789,-0.214844,0.989258,-0.000532632,-0.0015979,-0.000532632
1773775188023,0.0893555,-0.214844,0.992676,0,-0.00106526,0.00106526
1773775188092,0.0883789,-0.21582,0.992188,0.000532632,-0.0015979,-0.000532632
1773775188173,0.0893555,-0.214844,0.98877,-0.000532632,0,0
1773775188253,0.0878906,-0.213379,0.990723,0.00106526,-0.0015979,0.000532632
1773775188324,0.0878906,-0.216309,0.989258,0.00106526,0,-0.000532632
1773775188404,0.0898438,-0.212891,0.990234,-0.000532632,-0.000532632,-0.000532632
1773775188485,0.0908203,-0.214355,0.990234,-0.00106526,-0.000532632,-0.00106526
1773775188555,0.0908203,-0.214844,0.992188,0,-0.00106526,0.000532632
1773775188636,0.0883789,-0.215332,0.987793,0,-0.000532632,-0.000532632
1773775188717,0.0883789,-0.215332,0.990723,0,-0.00106526,0
1773775188788,0.0893555,-0.215332,0.990234,0.000532632,-0.000532632,0
1773775188868,0.0898438,-0.214355,0.990234,0,-0.000532632,0
1773775188948,0.0893555,-0.214844,0.990234,-0.000532632,-0.000532632,0
1773775189020,0.090332,-0.214355,0.989746,0.000532632,-0.000532632,-0.00106526
1773775189099,0.0888672,-0.214844,0.990723,0,-0.00106526,-0.00106526
1773775189180,0.0898438,-0.214844,0.989258,0,-0.000532632,-0.00106526
1773775189250,0.0874023,-0.214355,0.990234,-0.000532632,-0.000532632,-0.000532632
1773775189331,0.0874023,-0.213379,0.989746,-0.000532632,-0.000532632,0
1773775189411,0.0893555,-0.216309,0.990723,0,-0.000532632,0
1773775189483,0.0878906,-0.213379,0.991699,0.00106526,-0.000532632,-0.00213053
1773775189562,0.0883789,-0.214844,0.990723,-0.000532632,-0.000532632,0
1773775189633,0.0878906,-0.214844,0.990234,0,0,0
1773775189713,0.0893555,-0.214355,0.991699,-0.00106526,0,-0.000532632
1773775189794,0.090332,-0.214844,0.990234,0.000532632,-0.00106526,-0.00106526
1773775189864,0.0883789,-0.215332,0.989746,0.000532632,-0.000532632,-0.000532632
1773775189945,0.0898438,-0.213867,0.990234,0.000532632,-0.000532632,0
1773775190025,0.0893555,-0.213867,0.991211,0,-0.000532632,-0.000532632
1773775190096,0.0883789,-0.214844,0.987793,-0.000532632,-0.000532632,0.000532632
1773775190176,0.0898438,-0.216309,0.990234,0,-0.000532632,-0.000532632
1773775190257,0.0878906,-0.21582,0.98877,0,-0.00106526,-0.000532632
1773775190328,0.0888672,-0.215332,0.990723,0,0,0.00106526
1773775190408,0.0888672,-0.21582,0.990234,-0.000532632,-0.00106526,-0.000532632
1773775190489,0.090332,-0.215332,0.990234,-0.000532632,-0.000532632,0.000532632
1773775190559,0.0898438,-0.216309,0.989746,0.000532632,-0.000532632,-0.00106526
1773775190640,0.0898438,-0.215332,0.990723,0,0.000532632,-0.000532632
1773775190720,0.0888672,-0.21582,0.989746,-0.00106526,-0.000532632,-0.000532632
1773775190791,0.0878906,-0.21582,0.98877,0,-0.0015979,0.000532632
1773775190871,0.0883789,-0.216309,0.990234,0,-0.00213053,-0.000532632
1773775190942,0.0878906,-0.215332,0.987305,-0.00106526,-0.00106526,0
1773775191022,0.0888672,-0.213867,0.989746,0,-0.000532632,0
1773775191103,0.090332,-0.214844,0.989746,0,-0.000532632,-0.000532632
1773775191173,0.0893555,-0.215332,0.98877,0.00106526,-0.000532632,0.00106526
1773775191254,0.090332,-0.214844,0.987793,0,-0.00106526,-0.000532632
1773775191334,0.0878906,-0.21582,0.989258,0.000532632,-0.0015979,-0.000532632
1773775191405,0.0878906,-0.214844,0.990723,0.000532632,-0.00106526,0
1773775191486,0.0893555,-0.214844,0.990234,0,0,-0.000532632
1773775191566,0.090332,-0.21582,0.991699,0,-0.000532632,0.0015979
1773775191637,0.0898438,-0.213379,0.991211,0,-0.000532632,0.000532632
1773775191717,0.0893555,-0.214844,0.989258,0,-0.000532632,-0.00106526
1773775191788,0.0893555,-0.214355,0.987793,0,-0.000532632,0
1773775191868,0.0883789,-0.214355,0.989746,0,-0.00106526,0
1773775191949,0.0898438,-0.216309,0.990234,-0.000532632,-0.000532632,0
1773775192029,0.0898438,-0.216309,0.989258,0,0,0
1773775192100,0.0878906,-0.216309,0.98877,0.000532632,-0.00106526,0
1773775192180,0.0893555,-0.213867,0.989746,0,-0.000532632,0.000532632
1773775192251,0.0864258,-0.213867,0.98877,0.000532632,-0.000532632,0
1773775192332,0.0908203,-0.21582,0.98877,0,0,-0.00106526
1773775192413,0.0869141,-0.215332,0.990723,0,-0.000532632,0
1773775192484,0.0874023,-0.213867,0.989258,0,-0.00106526,-0.000532632
1773775192563,0.0883789,-0.214355,0.98877,-0.000532632,-0.000532632,0
1773775192643,0.0888672,-0.216797,0.98877,0.000532632,-0.00106526,0
1773775192714,0.0883789,-0.21582,0.989258,0.000532632,0,-0.00106526
1773775192794,0.0893555,-0.214844,0.98877,0.000532632,-0.0015979,0
1773775192867,0.0888672,-0.21582,0.990234,0.000532632,-0.00106526,-0.000532632
1773775192946,0.0883789,-0.214844,0.988281,0,-0.000532632,0.000532632
1773775193026,0.0893555,-0.215332,0.991211,0.000532632,-0.000532632,0.000532632
1773775193106,0.0883789,-0.216309,0.989258,0,-0.0015979,0.000532632
1773775193177,0.0888672,-0.214355,0.989258,0,-0.00106526,0
1773775193258,0.0883789,-0.213379,0.989746,-0.000532632,-0.00106526,0
1773775193338,0.0883789,-0.216309,0.989746,0.00106526,-0.00106526,0
1773775193409,0.0908203,-0.213379,0.990723,-0.00106526,-0.000532632,-0.000532632
1773775193491,0.0898438,-0.215332,0.990234,0.000532632,-0.000532632,0.000532632
1773775193561,0.0874023,-0.214355,0.989258,0,-0.000532632,0.00106526
1773775193640,0.0898438,-0.216309,0.987793,0.000532632,-0.0015979,0
1773775193721,0.090332,-0.216797,0.990723,-0.00106526,-0.000532632,-0.000532632
1773775193794,0.0888672,-0.215332,0.990723,0.000532632,0,-0.000532632
1773775193872,0.0883789,-0.216797,0.991699,0,0,0
1773775193953,0.0874023,-0.217285,0.98877,0,-0.000532632,0
1773775194026,0.0878906,-0.216309,0.990723,-0.000532632,0,-0.00106526
1773775194103,0.0874023,-0.216797,0.989746,0.000532632,-0.000532632,0
1773775194174,0.0908203,-0.214844,0.990723,0,-0.0015979,-0.00106526
1773775194255,0.0883789,-0.21582,0.990234,-0.00106526,0,-0.000532632
1773775194335,0.090332,-0.212891,0.988281,0.000532632,0,0.000532632
1773775194415,0.0883789,-0.214355,0.990234,0.000532632,-0.0015979,0
1773775194486,0.0888672,-0.214355,0.993164,0,0.000532632,-0.000532632
1773775194566,0.090332,-0.213379,0.989258,0,-0.000532632,0.000532632
1773775194647,0.0913086,-0.214355,0.993652,0,-0.000532632,0
1773775194717,0.0908203,-0.213379,0.991699,-0.00106526,-0.000532632,-0.000532632
1773775194798,0.0883789,-0.214355,0.990234,0,-0.000532632,-0.00106526
1773775194868,0.0888672,-0.214355,0.991211,0,0,0.000532632
1773775194949,0.0878906,-0.216797,0.989746,0.000532632,-0.00106526,0.00106526
1773775195031,0.0888672,-0.214844,0.990723,0.000532632,0,-0.000532632
1773775195100,0.0898438,-0.212402,0.990723,-0.000532632,-0.000532632,0
1773775195181,0.090332,-0.213867,0.990723,0,-0.000532632,0
1773775195261,0.0898438,-0.217285,0.990723,0.000532632,-0.000532632,0
1773775195332,0.0883789,-0.215332,0.990723,0,-0.000532632,0.00106526
1773775195412,0.0883789,-0.21582,0.990234,0.00106526,-0.00106526,0.000532632
1773775195493,0.0878906,-0.215332,0.990234,0,-0.00106526,0.0015979
1773775195564,0.090332,-0.213379,0.990723,0,-0.000532632,-0.00106526
1773775195644,0.0893555,-0.215332,0.992676,0,-0.000532632,-0.000532632
1773775195725,0.090332,-0.215332,0.989746,0,-0.000532632,0.000532632
1773775195795,0.0908203,-0.213379,0.989258,-0.000532632,-0.00106526,-0.000532632
1773775195875,0.0869141,-0.214844,0.990723,-0.000532632,0,0
1773775195946,0.0883789,-0.214844,0.989258,0.000532632,-0.00106526,0
1773775196026,0.0888672,-0.215332,0.990234,-0.00106526,-0.00106526,0.00106526
1773775196107,0.090332,-0.214844,0.990234,0.0015979,0.00106526,-0.00106526
1773775196187,0.090332,-0.214844,0.990723,0.000532632,-0.0015979,-0.000532632
1773775196258,0.0893555,-0.215332,0.990723,0,0,-0.000532632
1773775196338,0.0888672,-0.216309,0.990723,-0.00106526,-0.00106526,0.000532632
1773775196409,0.0908203,-0.214844,0.990723,0.000532632,-0.00213053,0
1773775196489,0.0913086,-0.214355,0.991211,0,-0.00106526,0
1773775196570,0.0883789,-0.214844,0.989746,0,-0.0015979,-0.000532632
1773775196640,0.0869141,-0.214844,0.989746,0,-0.000532632,0.000532632
1773775196721,0.0917969,-0.214844,0.990723,0,-0.00106526,0.00106526
1773775196802,0.0893555,-0.213379,0.989258,-0.000532632,-0.00106526,-0.000532632
1773775196872,0.0898438,-0.215332,0.990234,-0.000532632,0.000532632,0
1773775196952,0.0883789,-0.21582,0.990723,-0.000532632,-0.000532632,0
1773775197033,0.090332,-0.214844,0.990723,0.0015979,-0.0015979,-0.000532632
1773775197104,0.090332,-0.21582,0.991211,-0.00106526,0,-0.000532632
1773775197184,0.0878906,-0.21582,0.990234,-0.000532632,-0.000532632,0.00106526
1773775197265,0.0874023,-0.214844,0.990234,-0.00106526,-0.00106526,-0.000532632
1773775197335,0.0888672,-0.217285,0.990234,0.000532632,-0.00106526,0
1773775197416,0.090332,-0.216797,0.98877,0.000532632,-0.00106526,0
1773775197496,0.0898438,-0.214844,0.989746,-0.000532632,0.000532632,-0.000532632
1773775197567,0.0893555,-0.21582,0.987793,-0.000532632,-0.00106526,-0.00106526
1773775197648,0.0883789,-0.214844,0.989746,-0.000532632,-0.000532632,-0.000532632
1773775197718,0.0888672,-0.214844,0.989746,-0.00106526,-0.00106526,-0.00106526
1773775197798,0.0878906,-0.214844,0.990723,-0.00106526,-0.00106526,0
1773775197879,0.0908203,-0.215332,0.987793,0,0,0
1773775197950,0.0898438,-0.215332,0.990234,0,-0.000532632,0.000532632
1773775198030,0.0898438,-0.21582,0.990723,-0.000532632,-0.000532632,-0.000532632
1773775198111,0.0883789,-0.215332,0.991211,-0.000532632,-0.00106526,-0.000532632
1773775198182,0.090332,-0.213867,0.988281,-0.000532632,-0.000532632,-0.000532632
1773775198262,0.0898438,-0.214844,0.989258,0.000532632,-0.00106526,-0.000532632
1773775198343,0.0874023,-0.214844,0.990723,0.000532632,-0.000532632,-0.000532632
1773775198414,0.0893555,-0.217285,0.992676,-0.000532632,-0.00106526,0
1773775198494,0.0883789,-0.213867,0.990723,-0.000532632,-0.00106526,0.00106526
1773775198575,0.090332,-0.214844,0.991211,-0.000532632,0,-0.000532632
1773775198645,0.0898438,-0.214355,0.989746,0,-0.000532632,-0.00106526
1773775198725,0.0874023,-0.217285,0.989746,0,-0.000532632,0
1773775198796,0.0878906,-0.215332,0.988281,-0.000532632,-0.000532632,0
1773775198876,0.0878906,-0.214844,0.987793,0.000532632,0,-0.000532632
1773775198957,0.0883789,-0.21582,0.991699,0,-0.00106526,0.000532632
1773775199028,0.0898438,-0.213867,0.990234,-0.000532632,-0.00106526,0
1773775199108,0.0849609,-0.21582,0.991699,0.000532632,0,-0.000532632
1773775199188,0.0878906,-0.214355,0.988281,-0.000532632,-0.00106526,0
1773775199259,0.0898438,-0.213867,0.990723,0,-0.000532632,0.0015979
1773775199339,0.0874023,-0.21582,0.991211,0,-0.00106526,-0.00106526
1773775199420,0.0878906,-0.214844,0.991211,0,0,0
1773775199491,0.0888672,-0.215332,0.988281,-0.00106526,-0.00106526,-0.000532632
1773775199571,0.0883789,-0.21582,0.989746,0.00106526,-0.0015979,0
1773775199652,0.0898438,-0.21582,0.990234,-0.000532632,0,-0.00106526
1773775199722,0.0878906,-0.214355,0.989746,0.000532632,0,0
1773775199803,0.0878906,-0.21582,0.990234,0,0.000532632,0
1773775199883,0.0878906,-0.214844,0.990723,-0.000532632,-0.00106526,-0.000532632
1773775199954,0.0888672,-0.216309,0.991211,0.000532632,0,0.000532632
1773775200035,0.0888672,-0.21582,0.989258,0,-0.00106526,0
1773775200105,0.0874023,-0.215332,0.987793,0.000532632,-0.000532632,0
1773775200185,0.0883789,-0.213867,0.991699,0.000532632,0,-0.000532632
1773775200266,0.0898438,-0.217285,0.991699,0,0,0
1773775200336,0.0893555,-0.214355,0.989746,-0.000532632,-0.000532632,0
1773775200417,0.0888672,-0.215332,0.989746,0.000532632,-0.000532632,-0.000532632
1773775200497,0.0893555,-0.213867,0.989746,0.000532632,0,0.000532632
1773775200568,0.0893555,-0.214355,0.992676,0,-0.000532632,0
1773775200649,0.0869141,-0.214355,0.992188,0.000532632,-0.000532632,-0.000532632
1773775200729,0.0888672,-0.214844,0.990234,0,-0.000532632,0.000532632
1773775200800,0.0874023,-0.215332,0.989746,-0.000532632,-0.00106526,0.00106526
1773775200881,0.0893555,-0.215332,0.98877,0.00106526,-0.00106526,0
1773775200961,0.0869141,-0.214844,0.990234,-0.00106526,-0.00106526,-0.000532632
1773775201032,0.0874023,-0.213379,0.989746,0,-0.000532632,0
1773775201112,0.0878906,-0.213379,0.990723,0.000532632,-0.000532632,0
1773775201183,0.0898438,-0.213379,0.989258,-0.000532632,-0.000532632,0.000532632
1773775201263,0.0898438,-0.216797,0.989746,-0.00106526,-0.00106526,-0.000532632
1773775201344,0.0888672,-0.214355,0.989746,-0.000532632,0.000532632,-0.000532632
1773775201414,0.0888672,-0.214355,0.989746,0.0015979,-0.00106526,-0.000532632
1773775201495,0.0888672,-0.212402,0.990234,-0.00106526,-0.000532632,-0.00106526
1773775201575,0.090332,-0.217285,0.990234,-0.0015979,0,-0.000532632
1773775201646,0.0913086,-0.216309,0.98877,0,-0.00106526,0.000532632
1773775201728,0.090332,-0.214355,0.98877,-0.000532632,-0.00106526,-0.00106526
1773775201807,0.0898438,-0.216797,0.989746,0.000532632,-0.000532632,-0.00106526
1773775201877,0.0913086,-0.213867,0.990723,0,-0.0015979,-0.00106526
1773775201958,0.0878906,-0.212891,0.989258,0,-0.000532632,-0.00106526
1773775202038,0.0898438,-0.214844,0.989258,-0.000532632,-0.00106526,-0.00106526
1773775202109,0.0898438,-0.212891,0.990723,0.000532632,0,-0.00106526
1773775202190,0.0883789,-0.214355,0.98877,0,-0.000532632,-0.00106526
1773775202270,0.0893555,-0.21582,0.989746,0,-0.00106526,0
1773775202341,0.0898438,-0.216309,0.988281,0.000532632,-0.000532632,-0.000532632
1773775202422,0.0874023,-0.215332,0.989258,-0.000532632,-0.000532632,0
1773775202492,0.0908203,-0.215332,0.991699,0.000532632,-0.000532632,0.00106526
1773775202572,0.0898438,-0.213379,0.991211,-0.000532632,0,0.000532632
1773775202653,0.0893555,-0.213379,0.98877,0.000532632,-0.000532632,0
1773775202723,0.0893555,-0.215332,0.990234,0.000532632,-0.00106526,0.000532632
1773775202804,0.0893555,-0.214844,0.988281,0,0.000532632,0
1773775202874,0.0898438,-0.216309,0.991211,0.000532632,-0.00106526,-0.00106526
1773775202955,0.090332,-0.214844,0.990234,-0.000532632,-0.000532632,-0.000532632
1773775203036,0.0898438,-0.212402,0.990723,0,0.000532632,0
1773775203117,0.0888672,-0.214355,0.98877,-0.000532632,-0.0015979,0
1773775203187,0.0898438,-0.214844,0.991699,-0.000532632,-0.000532632,0
1773775203267,0.0883789,-0.214844,0.988281,0,0,-0.000532632
1773775203348,0.0888672,-0.212891,0.98877,0.000532632,-0.000532632,-0.000532632
1773775203418,0.0898438,-0.214844,0.98877,0,0,-0.000532632
1773775203499,0.0883789,-0.21582,0.990234,-0.000532632,0,-0.000532632
1773775203580,0.0898438,-0.214844,0.990723,0,-0.00106526,-0.000532632
1773775203650,0.0893555,-0.21582,0.990723,0.000532632,-0.000532632,0
1773775203731,0.0883789,-0.214844,0.989258,0.000532632,-0.000532632,-0.000532632
1773775203801,0.0878906,-0.214844,0.990234,0,-0.000532632,0
1773775203881,0.0888672,-0.213867,0.989258,0.0015979,-0.000532632,-0.000532632
1773775203962,0.0883789,-0.216309,0.989746,0.000532632,-0.000532632,0
1773775204033,0.0888672,-0.217285,0.989746,0,0,0.000532632
1773775204113,0.0893555,-0.214844,0.990723,-0.000532632,-0.000532632,0
1773775204195,0.0883789,-0.216309,0.990723,0.000532632,0,0
1773775204264,0.0898438,-0.215332,0.988281,-0.00106526,0,0.000532632
1773775204345,0.0893555,-0.214844,0.990723,0.00106526,-0.000532632,0.000532632
1773775204425,0.090332,-0.216797,0.991211,0,-0.000532632,0
1773775204497,0.0878906,-0.213867,0.989258,0.000532632,0.000532632,0
1773775204576,0.0878906,-0.215332,0.990723,0,0.000532632,0.000532632
1773775204657,0.0888672,-0.212891,0.990234,0.000532632,-0.000532632,-0.000532632
1773775204727,0.0883789,-0.215332,0.989258,-0.000532632,-0.000532632,-0.000532632
1773775204808,0.0888672,-0.214844,0.989746,0.000532632,0.000532632,0.00106526
1773775204888,0.0883789,-0.21582,0.989258,0,-0.0015979,-0.00106526
1773775204960,0.0908203,-0.215332,0.98877,0.000532632,0,0
1773775205039,0.0883789,-0.214844,0.989746,0,-0.00106526,-0.000532632
1773775205111,0.090332,-0.212402,0.991699,-0.000532632,0,-0.00106526
1773775205191,0.090332,-0.21582,0.990723,0.0015979,-0.00106526,-0.000532632
1773775205273,0.0883789,-0.215332,0.989746,-0.00106526,-0.000532632,-0.00106526
1773775205342,0.0883789,-0.21582,0.991699,0.000532632,-0.00106526,0.000532632
1773775205422,0.0874023,-0.217285,0.990234,0,-0.0015979,-0.00106526
1773775205504,0.0888672,-0.215332,0.989746,-0.00106526,-0.000532632,0.000532632
1773775205573,0.0898438,-0.215332,0.990234,0.000532632,-0.00106526,-0.000532632
1773775205654,0.0874023,-0.215332,0.991211,-0.000532632,-0.000532632,-0.000532632
1773775205734,0.0917969,-0.216309,0.98877,-0.000532632,-0.00106526,0
1773775205805,0.0883789,-0.216309,0.990234,0.000532632,0,0
1773775205886,0.0898438,-0.216309,0.989258,0.000532632,-0.000532632,0.000532632
1773775205966,0.0898438,-0.21582,0.990723,0.000532632,0,0.000532632
1773775206036,0.0874023,-0.215332,0.990234,0,-0.0015979,0.000532632
1773775206117,0.0878906,-0.214355,0.989746,0,0,0.000532632
1773775206187,0.0883789,-0.216797,0.98877,0,-0.000532632,0.000532632
1773775206269,0.0883789,-0.215332,0.989746,-0.00106526,-0.000532632,-0.00106526
1773775206349,0.0898438,-0.214844,0.988281,-0.00106526,-0.00106526,0.000532632
1773775206419,0.0869141,-0.214844,0.989258,0.000532632,0.000532632,-0.000532632
1773775206500,0.0869141,-0.21582,0.991699,0,-0.00106526,0
1773775206580,0.0878906,-0.214844,0.989258,0,-0.000532632,0
1773775206651,0.0898438,-0.216309,0.988281,0.000532632,-0.000532632,0
1773775206731,0.0878906,-0.214844,0.989258,0.000532632,-0.00106526,-0.000532632
1773775206812,0.0869141,-0.21582,0.990234,-0.000532632,-0.0015979,0.000532632
1773775206882,0.0883789,-0.21582,0.988281,0.000532632,-0.00213053,-0.000532632
1773775206963,0.0893555,-0.216309,0.989258,0,-0.000532632,-0.00106526
1773775207044,0.0898438,-0.214844,0.989746,-0.000532632,0.000532632,0.000532632
1773775207115,0.0888672,-0.214844,0.990723,0.00106526,-0.00106526,0.000532632
1773775207195,0.0898438,-0.217285,0.990234,-0.000532632,-0.00106526,0
1773775207275,0.0883789,-0.21582,0.989746,0,0,-0.000532632
1773775207346,0.0888672,-0.21582,0.98877,-0.000532632,-0.000532632,-0.00106526
1773775207428,0.0893555,-0.21582,0.989258,0.000532632,-0.0015979,-0.0015979
1773775207497,0.0883789,-0.216309,0.991211,0,0,0.000532632
1773775207577,0.0878906,-0.216797,0.989258,0,-0.00106526,-0.000532632
1773775207658,0.0874023,-0.216309,0.987793,0,0.000532632,0
1773775207729,0.0888672,-0.215332,0.989746,-0.000532632,-0.00106526,0
1773775207809,0.0883789,-0.21582,0.989258,-0.000532632,-0.00106526,0
1773775207891,0.0883789,-0.217773,0.989258,0.000532632,-0.000532632,0
1773775207960,0.0898438,-0.216797,0.989746,-0.000532632,-0.000532632,-0.000532632
1773775208041,0.0874023,-0.216797,0.987793,-0.000532632,-0.000532632,-0.00106526
1773775208121,0.0878906,-0.215332,0.990234,-0.000532632,-0.000532632,0
1773775208192,0.0883789,-0.216309,0.990234,-0.000532632,-0.00106526,0
1773775208272,0.0898438,-0.214844,0.989258,-0.000532632,-0.00106526,0.000532632
1773775208352,0.0898438,-0.214844,0.992676,0.000532632,-0.000532632,0.00106526
1773775208423,0.0888672,-0.217285,0.990234,0,-0.000532632,-0.000532632
1773775208504,0.0874023,-0.21582,0.988281,0.000532632,-0.000532632,0
1773775208584,0.0878906,-0.214355,0.990234,-0.000532632,0,0.000532632
1773775208655,0.0898438,-0.216797,0.988281,0.00106526,0,-0.000532632
1773775208735,0.0874023,-0.216309,0.98877,0.000532632,-0.000532632,-0.000532632
1773775208806,0.0878906,-0.21582,0.989258,-0.000532632,-0.000532632,-0.000532632
1773775208887,0.0898438,-0.216309,0.990234,-0.000532632,-0.00106526,-0.00106526
1773775208968,0.0883789,-0.216797,0.990234,0.0015979,-0.000532632,0
1773775209037,0.0893555,-0.216309,0.989746,-0.000532632,0,-0.0015979
1773775209121,0.0878906,-0.21582,0.991211,0.000532632,-0.000532632,0
1773775209191,0.0883789,-0.215332,0.988281,0.000532632,-0.00213053,-0.000532632
1773775209269,0.0893555,-0.21582,0.990234,-0.00106526,-0.00106526,0
1773775209350,0.0898438,-0.21582,0.989258,0,-0.000532632,-0.000532632
1773775209430,0.0898438,-0.216309,0.989746,-0.00106526,-0.000532632,-0.000532632
1773775209503,0.0864258,-0.216797,0.987793,0.000532632,-0.000532632,-0.000532632
1773775209583,0.0898438,-0.216309,0.988281,-0.000532632,-0.000532632,0.00106526
1773775209662,0.0893555,-0.21582,0.990234,0,-0.000532632,-0.00106526
1773775209734,0.0888672,-0.216309,0.98877,0.000532632,0.000532632,-0.000532632
1773775209815,0.090332,-0.214355,0.98877,0,-0.000532632,-0.000532632
1773775209883,0.0878906,-0.21582,0.990234,0.000532632,-0.000532632,0
1773775209964,0.0869141,-0.216309,0.989746,-0.000532632,-0.000532632,0
1773775210046,0.0878906,-0.215332,0.989258,0,0.000532632,-0.00106526
1773775210115,0.0913086,-0.21582,0.989746,0.000532632,-0.000532632,0.000532632
1773775210196,0.090332,-0.216309,0.991211,-0.000532632,-0.00106526,-0.000532632
1773775210276,0.0883789,-0.213867,0.989258,0,-0.00106526,-0.000532632
1773775210346,0.0913086,-0.215332,0.989746,0,-0.000532632,0
1773775210427,0.0883789,-0.215332,0.98877,-0.00106526,-0.000532632,-0.00106526
1773775210507,0.0869141,-0.214844,0.988281,0,-0.00106526,0
1773775210578,0.0908203,-0.212891,0.992676,0,-0.000532632,-0.000532632
1773775210658,0.0893555,-0.214844,0.990234,0,-0.00106526,0.000532632
1773775210739,0.0898438,-0.214844,0.988281,-0.000532632,0.000532632,0.000532632
1773775210812,0.0883789,-0.213867,0.990234,0,-0.00106526,-0.000532632
1773775210890,0.0883789,-0.216309,0.990234,0,-0.000532632,0
1773775210970,0.0898438,-0.214355,0.988281,0.000532632,0.000532632,0
1773775211041,0.0883789,-0.214844,0.990234,0,-0.000532632,-0.0015979
1773775211122,0.0917969,-0.214355,0.989258,0,-0.000532632,0
1773775211202,0.0878906,-0.215332,0.989746,0.00106526,0,-0.000532632
1773775211274,0.0888672,-0.216309,0.990234,0,0,-0.00106526
1773775211353,0.0893555,-0.215332,0.990723,0,0,0
1773775211424,0.0888672,-0.21582,0.990234,0,0,0.000532632
1773775211504,0.0883789,-0.215332,0.98877,0.00106526,-0.000532632,0.000532632
1773775211585,0.0898438,-0.214844,0.989746,-0.000532632,-0.000532632,0
1773775211655,0.0898438,-0.214844,0.989746,0,-0.00106526,0
1773775211736,0.0898438,-0.213867,0.990723,0.000532632,0,0.000532632
1773775211816,0.090332,-0.217773,0.989258,0.00106526,-0.00106526,-0.000532632
1773775211888,0.0883789,-0.216797,0.989258,0,0,-0.000532632
1773775211967,0.0869141,-0.21582,0.990723,-0.000532632,-0.000532632,-0.000532632
1773775212048,0.0898438,-0.214844,0.989746,0.000532632,-0.000532632,0.000532632
1773775212118,0.0878906,-0.213867,0.990234,-0.000532632,0,0.000532632
1773775212199,0.0893555,-0.214844,0.989746,-0.000532632,-0.00106526,0
1773775212279,0.0883789,-0.217285,0.990234,0.000532632,-0.00106526,-0.000532632
1773775212350,0.0888672,-0.216309,0.990234,0.000532632,-0.000532632,-0.0015979
1773775212432,0.0893555,-0.21582,0.990723,0.000532632,-0.000532632,0
1773775212501,0.090332,-0.216797,0.990723,-0.000532632,-0.000532632,0
1773775212583,0.0888672,-0.215332,0.990234,0,0.000532632,0
1773775212662,0.0869141,-0.21582,0.990234,-0.000532632,-0.000532632,0
1773775212733,0.090332,-0.215332,0.987793,0,0.000532632,0.000532632
1773775212813,0.0898438,-0.214355,0.989258,0.000532632,-0.000532632,0.00106526
1773775212894,0.0898438,-0.214355,0.990723,-0.000532632,0,-0.000532632
1773775212964,0.0888672,-0.215332,0.991699,0,-0.000532632,-0.000532632
1773775213045,0.0898438,-0.21582,0.990234,-0.00106526,-0.00106526,-0.00106526
1773775213125,0.0878906,-0.21582,0.990723,0,-0.00106526,-0.00106526
1773775213196,0.0917969,-0.21582,0.990723,0,-0.0015979,0
1773775213277,0.0883789,-0.215332,0.989258,-0.00106526,-0.000532632,-0.000532632
1773775213357,0.0898438,-0.215332,0.989746,-0.00106526,-0.000532632,0
1773775213427,0.0898438,-0.213867,0.989746,0,-0.000532632,0
1773775213508,0.0893555,-0.216309,0.992188,0,-0.00106526,0.000532632
1773775213589,0.0913086,-0.21582,0.990234,0.000532632,0,-0.0015979
1773775213659,0.0893555,-0.215332,0.991699,0,-0.00106526,0.000532632
1773775213740,0.0864258,-0.213867,0.989746,-0.000532632,-0.00106526,0.000532632
1773775213820,0.0913086,-0.214355,0.990234,0,0,0.000532632
1773775213891,0.0888672,-0.215332,0.990234,0.000532632,-0.00106526,0
1773775213971,0.0893555,-0.21582,0.989258,0.000532632,-0.000532632,0
1773775214043,0.0898438,-0.214355,0.989258,0.000532632,0,0.000532632
1773775214122,0.0883789,-0.21582,0.990234,-0.0015979,-0.00106526,0
1773775214203,0.0883789,-0.216309,0.991211,-0.000532632,-0.000532632,0
1773775214274,0.0893555,-0.213867,0.989258,-0.000532632,0.000532632,-0.000532632
1773775214354,0.0893555,-0.215332,0.990723,0.00106526,-0.000532632,0.000532632
1773775214434,0.0883789,-0.214355,0.98877,0,-0.00106526,0
1773775214505,0.0878906,-0.214844,0.989746,0,0.000532632,0
1773775214587,0.0898438,-0.21582,0.98877,0,-0.000532632,0
1773775214666,0.0888672,-0.216797,0.988281,0,-0.0015979,0.000532632
1773775214737,0.0878906,-0.215332,0.989258,0.000532632,0,0.0015979
1773775214817,0.0888672,-0.214355,0.990723,-0.000532632,-0.00106526,0
1773775214898,0.0913086,-0.212891,0.990723,0.000532632,-0.00106526,0
1773775214968,0.0898438,-0.210938,0.989258,0.000532632,0,0
1773775215050,0.0893555,-0.214844,0.990234,0,-0.0015979,-0.000532632
1773775215129,0.0883789,-0.216797,0.989258,-0.000532632,-0.00106526,0.000532632
1773775215200,0.0908203,-0.215332,0.98877,0.0015979,-0.000532632,0
1773775215280,0.0888672,-0.215332,0.990723,0,0,0
1773775215352,0.0893555,-0.214355,0.989258,0,-0.000532632,0.000532632
1773775215431,0.090332,-0.214844,0.992676,0,-0.000532632,-0.000532632
1773775215512,0.0898438,-0.214844,0.989746,0,-0.00106526,-0.000532632
1773775215582,0.0898438,-0.214844,0.991699,0.00106526,-0.000532632,-0.00106526
1773775215664,0.0888672,-0.215332,0.989746,0,-0.00106526,0.000532632
1773775215743,0.0888672,-0.216309,0.991211,0.00106526,0,0.000532632
1773775215814,0.0917969,-0.214355,0.992676,0,-0.000532632,0
1773775215894,0.0893555,-0.216309,0.989746,0.000532632,-0.000532632,0
1773775215975,0.0893555,-0.21582,0.989258,0,-0.000532632,0
1773775216046,0.0888672,-0.214355,0.989746,0,-0.000532632,-0.000532632
1773775216126,0.0893555,-0.216309,0.989258,0.000532632,-0.000532632,0
1773775216197,0.090332,-0.214844,0.991211,0.000532632,-0.00106526,0.000532632
1773775216277,0.090332,-0.215332,0.990723,0.000532632,-0.000532632,0
1773775216358,0.0893555,-0.216309,0.990234,0.000532632,-0.000532632,-0.000532632
1773775216429,0.0898438,-0.214844,0.989258,0.000532632,-0.000532632,0
1773775216509,0.0893555,-0.214355,0.990234,0,-0.00106526,-0.000532632
1773775216590,0.0898438,-0.213867,0.991699,-0.000532632,0,-0.00106526
1773775216660,0.0888672,-0.213867,0.991699,0,0,0.000532632
1773775216742,0.0922852,-0.21582,0.990723,0,-0.000532632,0
1773775216821,0.0893555,-0.213379,0.991211,-0.000532632,0,0
1773775216892,0.0898438,-0.217773,0.98877,-0.000532632,0.000532632,0.000532632
1773775216972,0.0883789,-0.217285,0.98877,0,0,0
1773775217053,0.0883789,-0.215332,0.991211,0.000532632,0.000532632,-0.000532632
1773775217123,0.0883789,-0.214844,0.989746,-0.000532632,-0.000532632,-0.000532632
1773775217204,0.0898438,-0.216309,0.990234,0,0,0.000532632
1773775217284,0.0888672,-0.21582,0.989258,0.000532632,-0.00106526,0
1773775217355,0.0932617,-0.217773,0.990723,0.0015979,-0.0015979,0
1773775217435,0.0878906,-0.217285,0.991699,0,-0.000532632,0.000532632
1773775217507,0.0898438,-0.214844,0.989746,0.000532632,-0.000532632,0
1773775217587,0.090332,-0.212891,0.989258,-0.000532632,-0.000532632,0
1773775217667,0.0893555,-0.215332,0.98877,0.000532632,0.000532632,0
1773775217737,0.0888672,-0.217773,0.989258,-0.000532632,-0.00106526,0
1773775217818,0.090332,-0.215332,0.98877,-0.00106526,0,0.000532632
1773775217898,0.0893555,-0.215332,0.991211,0,-0.000532632,0
1773775217969,0.0913086,-0.214355,0.991211,0,-0.00106526,-0.00106526
1773775218049,0.0888672,-0.212891,0.989258,0,-0.00106526,0.000532632
1773775218130,0.0893555,-0.214355,0.990234,-0.000532632,0,0.000532632
1773775218200,0.0878906,-0.213867,0.987793,0,-0.000532632,0
1773775218281,0.0888672,-0.215332,0.98877,-0.000532632,-0.000532632,-0.000532632
1773775218362,0.0883789,-0.214355,0.98877,0,-0.000532632,0
1773775218432,0.0888672,-0.215332,0.991699,0,-0.000532632,0
1773775218513,0.0898438,-0.21582,0.989258,0.000532632,-0.000532632,0
1773775218593,0.0908203,-0.213379,0.990723,0.000532632,0.000532632,-0.00106526
1773775218664,0.0893555,-0.216309,0.989258,0,-0.000532632,-0.000532632
1773775218745,0.0878906,-0.21582,0.989746,0,-0.00106526,-0.000532632
1773775218825,0.090332,-0.215332,0.989258,0,-0.00106526,-0.000532632
1773775218895,0.0888672,-0.216797,0.992676,0.00106526,-0.00106526,0
1773775218976,0.0893555,-0.216309,0.991211,0,-0.000532632,-0.00106526
1773775219046,0.0878906,-0.21582,0.991211,-0.000532632,-0.0015979,0
1773775219127,0.0908203,-0.21582,0.98877,0,-0.00106526,0.000532632
1773775219207,0.0908203,-0.21582,0.991699,0,0,-0.000532632
1773775219278,0.0893555,-0.213867,0.991699,0,-0.000532632,-0.00106526
1773775219358,0.0893555,-0.215332,0.990234,-0.000532632,-0.000532632,-0.000532632
1773775219439,0.090332,-0.212891,0.990723,0.000532632,-0.000532632,0
1773775219509,0.0893555,-0.21582,0.991211,0,-0.000532632,0
1773775219590,0.0888672,-0.21582,0.989746,0.00106526,-0.00106526,-0.000532632
1773775219671,0.0874023,-0.214844,0.989746,0.000532632,0,0.000532632
1773775219741,0.0878906,-0.213867,0.987793,0.000532632,0,0.00106526
1773775219823,0.0913086,-0.21582,0.98877,0.00106526,-0.000532632,0
1773775219902,0.0888672,-0.214355,0.990723,0.000532632,0.000532632,0.000532632
1773775219973,0.0888672,-0.216797,0.989746,-0.000532632,-0.000532632,-0.000532632
1773775220053,0.0898438,-0.215332,0.991211,0.000532632,-0.0015979,-0.000532632
1773775220134,0.0883789,-0.215332,0.989258,-0.000532632,0,0.00106526
1773775220205,0.0883789,-0.214355,0.990234,-0.000532632,-0.00106526,-0.000532632
1773775220286,0.0893555,-0.214355,0.988281,-0.000532632,-0.000532632,0.000532632
1773775220355,0.090332,-0.214355,0.987305,0,-0.00213053,0.000532632
1773775220436,0.0898438,-0.213867,0.990723,0,-0.000532632,0
1773775220516,0.0898438,-0.214844,0.989258,0.00106526,0,0
1773775220588,0.0888672,-0.215332,0.98877,0,-0.00106526,-0.000532632
1773775220668,0.0888672,-0.214355,0.989746,0,-0.00106526,-0.000532632
1773775220748,0.0893555,-0.215332,0.990723,-0.000532632,-0.000532632,0
1773775220822,0.0888672,-0.216309,0.990234,-0.000532632,-0.00106526,-0.000532632
1773775220899,0.0888672,-0.215332,0.989258,0,0,-0.000532632
1773775220979,0.0878906,-0.21582,0.988281,0,-0.00106526,0
1773775221050,0.0898438,-0.216797,0.990723,-0.00106526,-0.00106526,0.000532632
1773775221130,0.0888672,-0.214355,0.990723,0.000532632,-0.000532632,-0.000532632
1773775221212,0.0893555,-0.213867,0.989258,0.000532632,-0.00106526,-0.00106526
1773775221282,0.0893555,-0.214844,0.990723,0,0,0.00106526
1773775221362,0.0888672,-0.21582,0.989258,0,0,-0.000532632
1773775221443,0.0893555,-0.214844,0.988281,0.000532632,-0.000532632,-0.000532632
1773775221514,0.090332,-0.215332,0.990723,0.000532632,0,-0.000532632
1773775221594,0.0878906,-0.212402,0.991699,0,0,-0.000532632
1773775221664,0.0874023,-0.215332,0.990234,0,-0.000532632,0
1773775221745,0.0908203,-0.216309,0.989746,-0.00106526,-0.00106526,0
1773775221826,0.090332,-0.214844,0.990723,0.000532632,-0.000532632,0.000532632
1773775221896,0.0888672,-0.217773,0.993652,0,-0.000532632,0.000532632
1773775221977,0.0883789,-0.21582,0.988281,-0.000532632,-0.0015979,-0.000532632
1773775222057,0.0864258,-0.214844,0.98877,0,0,-0.000532632
1773775222130,0.0898438,-0.214355,0.990234,-0.000532632,-0.00106526,0
1773775222208,0.090332,-0.214844,0.990234,-0.000532632,-0.00106526,0
1773775222282,0.0888672,-0.214355,0.989258,-0.000532632,0,-0.000532632
1773775222359,0.0908203,-0.214844,0.991211,0,-0.00106526,0
1773775222440,0.0893555,-0.216797,0.989746,0,-0.000532632,-0.0015979
1773775222510,0.0893555,-0.214355,0.990234,0,-0.00106526,-0.000532632
1773775222591,0.0893555,-0.21582,0.989746,0,0,0.000532632
1773775222672,0.0898438,-0.213867,0.988281,-0.000532632,-0.00106526,0.000532632
1773775222752,0.0893555,-0.21582,0.987305,-0.000532632,-0.000532632,-0.000532632
1773775222822,0.090332,-0.214844,0.989746,-0.000532632,-0.000532632,0
1773775222903,0.0893555,-0.214355,0.989258,-0.000532632,-0.000532632,0.000532632
1773775222983,0.0898438,-0.214355,0.990723,0.000532632,-0.000532632,0
1773775223054,0.0893555,-0.213867,0.990234,-0.000532632,-0.0015979,0
1773775223134,0.0893555,-0.214844,0.990723,-0.000532632,-0.00106526,-0.00106526
1773775223205,0.0888672,-0.213379,0.990723,0.00106526,-0.00106526,0
1773775223285,0.0898438,-0.21582,0.988281,0,-0.000532632,-0.000532632
1773775223366,0.0888672,-0.213379,0.992188,-0.00106526,-0.00106526,-0.00106526
1773775223437,0.0869141,-0.21582,0.990234,0,-0.0015979,0
1773775223517,0.0898438,-0.214844,0.989258,-0.000532632,0,-0.000532632
1773775223598,0.0898438,-0.215332,0.989258,0.000532632,-0.00106526,-0.000532632
1773775223668,0.090332,-0.213379,0.989746,0.00106526,-0.00106526,0
1773775223749,0.0898438,-0.214355,0.991211,-0.000532632,-0.000532632,-0.000532632
1773775223829,0.0883789,-0.214844,0.990234,0.00106526,0,-0.000532632
1773775223900,0.0893555,-0.213379,0.990723,-0.000532632,-0.00106526,0.000532632
1773775223980,0.0883789,-0.215332,0.990234,0.000532632,-0.000532632,0.000532632
1773775224061,0.0898438,-0.216797,0.989258,-0.000532632,-0.000532632,0.000532632
1773775224133,0.0908203,-0.215332,0.989746,0.000532632,-0.000532632,0
1773775224213,0.0893555,-0.21582,0.990234,0,-0.000532632,0
1773775224292,0.090332,-0.213379,0.990234,0,-0.00106526,0
1773775224363,0.0917969,-0.215332,0.992188,-0.000532632,-0.00106526,0
1773775224444,0.0898438,-0.214355,0.991211,0.000532632,-0.00106526,0
1773775224514,0.0893555,-0.213867,0.989258,0,-0.00106526,-0.000532632
1773775224594,0.0917969,-0.213379,0.987305,0,-0.00106526,0
1773775224675,0.0913086,-0.21582,0.991211,-0.0015979,-0.00106526,-0.000532632
1773775224745,0.0922852,-0.214355,0.990723,-0.000532632,-0.000532632,0.000532632
1773775224828,0.0878906,-0.215332,0.988281,0,0,-0.000532632
1773775224906,0.0888672,-0.216309,0.989746,-0.00106526,-0.00106526,0.000532632
1773775224978,0.0878906,-0.21582,0.98877,-0.000532632,-0.000532632,0
1773775225057,0.0888672,-0.215332,0.990234,0,0.000532632,0
1773775225128,0.0878906,-0.213867,0.989746,-0.00106526,-0.000532632,-0.000532632
1773775225208,0.0913086,-0.215332,0.990234,0.000532632,-0.00106526,0.000532632
1773775225289,0.0888672,-0.213379,0.992676,0,-0.00106526,-0.000532632
1773775225359,0.0888672,-0.216797,0.991211,-0.00106526,0,-0.0015979
1773775225440,0.0893555,-0.214355,0.98877,-0.000532632,-0.00106526,-0.000532632
1773775225520,0.0878906,-0.217285,0.990234,-0.000532632,-0.000532632,-0.00106526
1773775225592,0.0869141,-0.215332,0.990234,0,-0.000532632,0
1773775225672,0.0913086,-0.213379,0.991211,0,-0.00106526,0.000532632
1773775225752,0.0898438,-0.21582,0.990234,-0.000532632,0.000532632,0
1773775225824,0.0893555,-0.213867,0.987305,-0.00106526,0,-0.000532632
1773775225906,0.090332,-0.214844,0.990234,0,0,-0.000532632
1773775225984,0.0893555,-0.214355,0.98877,0.000532632,-0.00213053,0
1773775226054,0.0883789,-0.216309,0.990723,0.000532632,-0.000532632,-0.000532632
1773775226135,0.0893555,-0.213867,0.989258,-0.000532632,-0.0015979,0.00106526
1773775226215,0.0883789,-0.214844,0.991211,0,-0.00106526,-0.000532632
1773775226286,0.0869141,-0.216309,0.991211,-0.000532632,-0.000532632,0.000532632
1773775226366,0.0898438,-0.214844,0.991211,0.00106526,0,0
1773775226447,0.0893555,-0.214844,0.989258,-0.000532632,-0.000532632,-0.00106526
1773775226517,0.0883789,-0.216309,0.989746,-0.000532632,-0.00213053,-0.000532632
1773775226598,0.0878906,-0.217285,0.989258,0,0.00106526,-0.000532632
1773775226678,0.0888672,-0.21582,0.98877,-0.000532632,-0.000532632,0.000532632
1773775226749,0.0888672,-0.217773,0.989258,-0.000532632,-0.00106526,-0.000532632
1773775226829,0.0888672,-0.214844,0.991699,0,0,0.00106526
1773775226910,0.0888672,-0.216309,0.990234,0,-0.00106526,-0.000532632
1773775226980,0.0888672,-0.215332,0.98877,0,-0.000532632,-0.000532632
1773775227061,0.090332,-0.214355,0.992188,-0.000532632,0,0
1773775227133,0.0888672,-0.216309,0.991211,-0.00106526,-0.000532632,-0.00106526
1773775227212,0.0893555,-0.214844,0.990723,0.000532632,0,0
1773775227293,0.0888672,-0.213867,0.990234,0,-0.000532632,0
1773775227363,0.0893555,-0.214355,0.990723,0,-0.00106526,0.000532632
1773775227444,0.090332,-0.214844,0.989258,0.000532632,0,0
1773775227524,0.0908203,-0.21582,0.989746,-0.000532632,-0.000532632,0.000532632
1773775227595,0.0913086,-0.213379,0.990723,0.00106526,-0.0015979,-0.000532632
1773775227675,0.0908203,-0.21582,0.990234,-0.0015979,-0.0015979,0
1773775227756,0.0888672,-0.213379,0.992676,-0.000532632,-0.000532632,0
1773775227826,0.0893555,-0.214844,0.989746,-0.000532632,-0.00106526,-0.000532632
1773775227907,0.090332,-0.213867,0.989258,0,0,-0.000532632
1773775227987,0.0893555,-0.213867,0.989746,0,-0.00106526,-0.00106526
1773775228058,0.0888672,-0.216309,0.989258,-0.000532632,-0.000532632,-0.000532632
1773775228138,0.0893555,-0.216797,0.991699,0,0,-0.000532632
1773775228219,0.0893555,-0.215332,0.988281,0.000532632,-0.000532632,0.000532632
1773775228291,0.0874023,-0.214844,0.98877,-0.000532632,-0.000532632,0.00106526
1773775228371,0.0878906,-0.214355,0.990234,0,-0.0015979,0.000532632
1773775228441,0.0883789,-0.217285,0.991211,0.000532632,-0.00106526,-0.000532632
1773775228522,0.0893555,-0.21582,0.990234,-0.00106526,-0.00106526,-0.000532632
1773775228602,0.0893555,-0.21582,0.989258,0,-0.00106526,-0.000532632
1773775228674,0.0913086,-0.216797,0.990234,-0.000532632,-0.00106526,0
1773775228753,0.0888672,-0.214844,0.989746,0,-0.000532632,0
1773775228834,0.0869141,-0.217285,0.992188,0.000532632,0,0.00106526
1773775228904,0.0888672,-0.213867,0.990234,-0.000532632,0,0
1773775228987,0.0898438,-0.215332,0.991699,-0.000532632,-0.00106526,0
1773775229065,0.090332,-0.217285,0.990234,0,-0.00106526,0.00106526
1773775229136,0.0927734,-0.216309,0.990723,0.000532632,-0.00106526,0.000532632
1773775229216,0.0888672,-0.214844,0.990723,-0.000532632,-0.00106526,0
1773775229288,0.0883789,-0.21582,0.989746,0.000532632,-0.00106526,0
1773775229367,0.0883789,-0.21582,0.98877,0.000532632,0,0
1773775229448,0.0898438,-0.21582,0.991211,0,0.000532632,0
1773775229519,0.0893555,-0.21582,0.989746,0,-0.000532632,0
1773775229599,0.0898438,-0.215332,0.990234,0.000532632,-0.00106526,0
1773775229680,0.0869141,-0.215332,0.990234,0.000532632,-0.000532632,0
1773775229750,0.0888672,-0.214844,0.987305,0,-0.000532632,0
1773775229831,0.0883789,-0.214844,0.990234,0,-0.000532632,-0.000532632
1773775229911,0.0893555,-0.216309,0.990234,-0.000532632,-0.000532632,-0.000532632
1773775229982,0.0883789,-0.214355,0.989746,0.000532632,0,0
1773775230062,0.0893555,-0.214844,0.990723,0.000532632,-0.000532632,0.0015979
1773775230143,0.0874023,-0.215332,0.987793,-0.000532632,-0.000532632,0.000532632
1773775230213,0.0888672,-0.214355,0.991211,-0.000532632,-0.000532632,0
1773775230294,0.0893555,-0.215332,0.988281,0.000532632,-0.000532632,0.000532632
1773775230375,0.0883789,-0.214844,0.989258,-0.000532632,-0.0015979,0
1773775230445,0.0893555,-0.215332,0.990723,0.000532632,-0.000532632,0
1773775230525,0.0883789,-0.21582,0.988281,0.000532632,-0.00106526,-0.000532632
1773775230596,0.0864258,-0.21582,0.991211,-0.000532632,-0.00106526,0
1773775230677,0.0893555,-0.214355,0.990234,-0.000532632,-0.00106526,-0.000532632
1773775230757,0.0888672,-0.214844,0.989258,-0.000532632,0,0.000532632
1773775230828,0.0878906,-0.215332,0.990234,-0.000532632,-0.00106526,-0.000532632
1773775230908,0.0898438,-0.217285,0.990723,-0.000532632,-0.00106526,0
1773775230989,0.0888672,-0.215332,0.989746,-0.000532632,-0.00106526,0.000532632
1773775231059,0.0883789,-0.215332,0.98877,0,-0.00106526,0.000532632
1773775231140,0.0869141,-0.216309,0.991211,0.000532632,-0.000532632,-0.000532632
1773775231221,0.0888672,-0.214355,0.992188,0,0,0
1773775231291,0.0893555,-0.215332,0.988281,-0.000532632,-0.000532632,0.00106526
1773775231372,0.0888672,-0.213867,0.989746,0.000532632,-0.00106526,0
1773775231453,0.0913086,-0.213867,0.989746,-0.00106526,-0.000532632,0
1773775231523,0.090332,-0.216797,0.989258,0,-0.000532632,-0.000532632
1773775231604,0.0898438,-0.21582,0.987793,-0.00106526,-0.00106526,0.000532632
1773775231684,0.0908203,-0.215332,0.990234,0,-0.00106526,-0.000532632
1773775231755,0.0883789,-0.214844,0.989258,-0.000532632,-0.000532632,0
1773775231835,0.0893555,-0.21582,0.989746,-0.000532632,-0.00106526,-0.000532632
1773775231906,0.0878906,-0.214355,0.989746,-0.000532632,-0.00106526,0
1773775231987,0.0898438,-0.216309,0.989258,0.000532632,-0.000532632,0
1773775232067,0.0893555,-0.214844,0.988281,0,-0.00106526,-0.000532632
1773775232137,0.090332,-0.215332,0.987793,-0.00106526,-0.00106526,0
1773775232218,0.0883789,-0.213867,0.98877,0,-0.000532632,0
1773775232298,0.0888672,-0.213379,0.990234,-0.000532632,-0.000532632,-0.000532632
1773775232369,0.090332,-0.217285,0.989258,-0.000532632,0,-0.000532632
1773775232450,0.0893555,-0.21582,0.989258,-0.000532632,-0.00106526,-0.000532632
1773775232530,0.0883789,-0.21582,0.990234,0.000532632,-0.00106526,-0.000532632
1773775232600,0.0893555,-0.21582,0.989258,0,-0.000532632,0
1773775232681,0.0898438,-0.214355,0.989746,0,-0.000532632,-0.000532632
1773775232752,0.0888672,-0.214355,0.991211,-0.000532632,-0.000532632,0
1773775232832,0.0888672,-0.214844,0.990234,0.000532632,-0.000532632,-0.00106526
1773775232913,0.0883789,-0.21582,0.989746,-0.000532632,-0.0015979,0.000532632
1773775232993,0.0893555,-0.215332,0.989746,0,0,-0.000532632
1773775233064,0.0888672,-0.21582,0.990234,0.000532632,-0.00106526,0
1773775233144,0.0888672,-0.215332,0.991211,0,0,0
1773775233215,0.0888672,-0.213379,0.989746,0,-0.000532632,0.000532632
1773775233296,0.090332,-0.215332,0.989746,-0.000532632,0,-0.00106526
1773775233378,0.0898438,-0.215332,0.98877,0.000532632,0,-0.000532632
1773775233447,0.0888672,-0.213379,0.990234,-0.00106526,-0.00106526,-0.000532632
1773775233528,0.0888672,-0.21582,0.990723,0,-0.000532632,0
1773775233608,0.0898438,-0.213867,0.990234,-0.000532632,-0.00106526,0.000532632
1773775233682,0.0874023,-0.214844,0.98877,0.000532632,-0.000532632,0
1773775233759,0.0883789,-0.214844,0.989258,0.000532632,-0.000532632,0
1773775233840,0.0893555,-0.213867,0.990723,0,-0.000532632,0.000532632
1773775233910,0.0888672,-0.214844,0.989746,0,-0.000532632,0.000532632
1773775233992,0.0878906,-0.215332,0.988281,-0.000532632,-0.0015979,0.00106526
1773775234062,0.0883789,-0.214844,0.989258,-0.00106526,-0.000532632,-0.00106526
1773775234143,0.090332,-0.213379,0.989258,0.00106526,-0.000532632,-0.000532632
1773775234224,0.0883789,-0.212891,0.989258,0,-0.00106526,0.000532632
1773775234293,0.0888672,-0.216309,0.989258,-0.00106526,0.000532632,0
1773775234374,0.0898438,-0.216797,0.989258,0.000532632,-0.000532632,-0.000532632
1773775234455,0.0888672,-0.215332,0.989258,0.00106526,-0.0015979,0
1773775234526,0.0898438,-0.215332,0.991211,-0.000532632,-0.000532632,0.00213053
1773775234606,0.0883789,-0.216309,0.990234,0,-0.00106526,-0.000532632
1773775234687,0.0893555,-0.216797,0.991699,-0.00106526,-0.000532632,0
1773775234756,0.0917969,-0.217285,0.989746,-0.000532632,0,0
1773775234837,0.0898438,-0.213867,0.990234,0.000532632,-0.0015979,-0.00106526
1773775234908,0.0888672,-0.214844,0.989258,0.000532632,-0.000532632,0
1773775234988,0.0883789,-0.213867,0.989258,0.000532632,-0.000532632,-0.000532632
1773775235068,0.0864258,-0.214844,0.989746,-0.000532632,0.000532632,-0.000532632
1773775235139,0.0893555,-0.216309,0.98877,0.00106526,-0.000532632,-0.000532632
1773775235222,0.0908203,-0.214355,0.98877,0,-0.000532632,0
1773775235301,0.0913086,-0.21582,0.990723,-0.0015979,-0.00106526,-0.000532632
1773775235371,0.0874023,-0.216797,0.990234,0,0,-0.000532632
1773775235453,0.0874023,-0.21582,0.990723,0,-0.000532632,0.000532632
1773775235533,0.0893555,-0.21582,0.991211,-0.000532632,-0.000532632,-0.00106526
1773775235603,0.0883789,-0.215332,0.991211,-0.000532632,-0.00106526,-0.000532632
1773775235683,0.0878906,-0.214355,0.989258,0,-0.000532632,-0.000532632
1773775235764,0.0874023,-0.215332,0.989258,-0.000532632,-0.0015979,-0.000532632
1773775235834,0.0893555,-0.214844,0.989258,0,-0.000532632,0.000532632
1773775235916,0.0898438,-0.214844,0.990723,-0.00106526,0,-0.000532632
1773775235995,0.0913086,-0.213379,0.989258,0.00106526,-0.00106526,0
1773775236067,0.0888672,-0.214844,0.989746,0.00106526,0,0
1773775236148,0.0893555,-0.214355,0.990723,-0.000532632,0,0
1773775236227,0.0888672,-0.21582,0.990723,-0.000532632,-0.000532632,0.000532632
1773775236298,0.090332,-0.215332,0.991211,0,-0.000532632,0
1773775236378,0.090332,-0.215332,0.990723,0.000532632,-0.000532632,-0.00106526
1773775236459,0.0869141,-0.215332,0.988281,0,-0.000532632,0
1773775236529,0.0898438,-0.214844,0.990234,0,-0.00106526,0
1773775236610,0.0883789,-0.21582,0.989746,0,0,0.000532632
1773775236680,0.0883789,-0.214844,0.989746,-0.000532632,-0.000532632,0
1773775236761,0.0888672,-0.213867,0.991211,-0.00106526,-0.000532632,0
1773775236841,0.0898438,-0.214844,0.989746,0,0,0
1773775236913,0.0898438,-0.214844,0.990234,-0.000532632,-0.000532632,-0.000532632
1773775236995,0.0898438,-0.214355,0.990723,0,-0.00106526,-0.000532632
1773775237073,0.0888672,-0.215332,0.989746,-0.000532632,-0.000532632,0.000532632
1773775237143,0.0898438,-0.213867,0.990234,0.000532632,0,-0.000532632
1773775237224,0.0893555,-0.214355,0.991699,0,-0.00106526,-0.00106526
1773775237305,0.0878906,-0.215332,0.989746,0,-0.000532632,0
1773775237375,0.0913086,-0.214355,0.990723,-0.000532632,0,-0.0015979
1773775237456,0.0888672,-0.213867,0.991211,0.000532632,-0.000532632,0.000532632
1773775237536,0.0883789,-0.21582,0.990723,0,-0.000532632,-0.00106526
1773775237607,0.0893555,-0.212402,0.991211,0.000532632,-0.000532632,0.000532632
1773775237687,0.0888672,-0.214844,0.989746,-0.00106526,-0.000532632,-0.000532632
1773775237758,0.0898438,-0.216309,0.989746,0.000532632,0,0
1773775237839,0.0898438,-0.214844,0.990723,-0.00106526,-0.00106526,0
1773775237919,0.0898438,-0.21582,0.989258,0.000532632,-0.000532632,0
1773775237989,0.0878906,-0.214355,0.98877,0,-0.00106526,0
1773775238070,0.0888672,-0.216797,0.989258,0.000532632,-0.000532632,0
1773775238150,0.0888672,-0.214844,0.990723,0,-0.000532632,0.000532632
1773775238221,0.0888672,-0.215332,0.990234,-0.000532632,-0.000532632,-0.00106526
1773775238301,0.0908203,-0.213867,0.989258,-0.000532632,0,0
1773775238382,0.0869141,-0.215332,0.989258,0.000532632,-0.0015979,-0.000532632
1773775238452,0.0888672,-0.214844,0.989746,0.000532632,-0.00106526,0.000532632
1773775238533,0.0874023,-0.21582,0.991699,0,-0.000532632,-0.000532632
1773775238613,0.0888672,-0.214844,0.990723,-0.00106526,-0.0015979,-0.00106526
1773775238684,0.0878906,-0.214844,0.990723,0,-0.00106526,0
1773775238764,0.0874023,-0.21582,0.990234,-0.000532632,0,-0.000532632
1773775238835,0.0898438,-0.216309,0.989746,0,-0.0015979,0.00106526
1773775238915,0.0878906,-0.214844,0.990723,0,-0.000532632,-0.000532632
1773775238996,0.0864258,-0.216797,0.98877,0,-0.000532632,0
1773775239068,0.0898438,-0.212891,0.989258,-0.000532632,-0.0015979,-0.000532632
1773775239148,0.0874023,-0.215332,0.990234,0.000532632,-0.000532632,-0.000532632
1773775239228,0.0913086,-0.213379,0.989258,0.000532632,-0.000532632,-0.000532632
1773775239298,0.0898438,-0.21582,0.989746,0,-0.000532632,-0.000532632
1773775239379,0.090332,-0.213867,0.991211,-0.000532632,-0.000532632,-0.00106526
1773775239459,0.0888672,-0.216309,0.990234,0,-0.00106526,0.000532632
1773775239530,0.0888672,-0.214355,0.989746,0.000532632,-0.0015979,0.000532632
1773775239611,0.0869141,-0.216309,0.989258,0,-0.00106526,0
1773775239691,0.090332,-0.214355,0.991211,0.000532632,0,0
1773775239761,0.0893555,-0.21582,0.989746,0.000532632,-0.000532632,0
1773775239842,0.0864258,-0.213379,0.992188,0.00106526,-0.000532632,0
1773775239923,0.0898438,-0.214355,0.989746,0.000532632,-0.0015979,-0.00106526
1773775239995,0.0888672,-0.214355,0.990234,0,0,0.000532632
1773775240074,0.0883789,-0.213379,0.990234,-0.00106526,-0.000532632,0
1773775240144,0.0893555,-0.215332,0.990723,0.000532632,0.000532632,-0.000532632
1773775240225,0.0883789,-0.214844,0.989746,0.000532632,-0.000532632,-0.000532632
1773775240305,0.090332,-0.215332,0.991211,-0.000532632,-0.000532632,0.000532632
1773775240376,0.0888672,-0.214355,0.990723,0,-0.000532632,-0.000532632
1773775240456,0.0888672,-0.213867,0.988281,-0.000532632,-0.000532632,0
1773775240537,0.0888672,-0.213379,0.990234,-0.00106526,-0.00106526,0.000532632
1773775240608,0.0908203,-0.214844,0.990234,-0.000532632,-0.00106526,0
1773775240689,0.0898438,-0.214844,0.989746,0,0,0.000532632
1773775240769,0.0874023,-0.21582,0.989258,0.000532632,-0.000532632,-0.00106526
1773775240839,0.0874023,-0.21582,0.991211,0,-0.000532632,0
1773775240920,0.0888672,-0.215332,0.989258,0.00106526,-0.00106526,-0.000532632
1773775241000,0.0893555,-0.214844,0.991211,0,-0.000532632,0.000532632
1773775241071,0.0898438,-0.216309,0.990234,0,-0.00106526,-0.000532632
1773775241153,0.0883789,-0.213379,0.990234,-0.000532632,-0.000532632,0.000532632
1773775241232,0.0893555,-0.214844,0.990234,0,-0.00106526,-0.00106526
1773775241303,0.0883789,-0.216309,0.989746,0.000532632,-0.000532632,0.000532632
1773775241383,0.0883789,-0.213867,0.990723,-0.00106526,-0.00106526,0
1773775241464,0.0908203,-0.215332,0.991211,-0.000532632,-0.00106526,-0.000532632
1773775241534,0.090332,-0.213867,0.989746,-0.000532632,-0.00106526,-0.000532632
1773775241615,0.0898438,-0.215332,0.989746,0.000532632,0,0
1773775241687,0.0878906,-0.218262,0.989746,-0.00106526,-0.0015979,-0.000532632
1773775241765,0.0888672,-0.215332,0.989258,0.00106526,-0.00106526,-0.000532632
1773775241846,0.0898438,-0.216309,0.990723,0,0,0.000532632
1773775241917,0.0878906,-0.213379,0.989258,-0.000532632,-0.00106526,-0.000532632
1773775241997,0.090332,-0.21582,0.990234,0,0,0.000532632
1773775242070,0.0888672,-0.215332,0.990723,0,-0.00106526,0.00106526
1773775242150,0.0878906,-0.215332,0.990234,-0.000532632,-0.0015979,0
1773775242229,0.0874023,-0.21582,0.990234,0.000532632,0,-0.000532632
1773775242310,0.0908203,-0.216309,0.989258,0,0,-0.000532632
1773775242382,0.0893555,-0.214355,0.989746,-0.000532632,-0.000532632,-0.000532632
1773775242461,0.0893555,-0.213867,0.989746,-0.000532632,0.000532632,-0.000532632
1773775242541,0.0893555,-0.216797,0.990723,0.000532632,-0.000532632,-0.000532632
1773775242612,0.0898438,-0.215332,0.987305,0.000532632,-0.00213053,-0.000532632
1773775242692,0.0878906,-0.216797,0.990234,0,-0.000532632,-0.000532632
1773775242763,0.0883789,-0.214844,0.989258,0.000532632,-0.000532632,0.000532632
1773775242843,0.090332,-0.214844,0.987793,-0.000532632,0,-0.000532632
1773775242924,0.0878906,-0.216797,0.990234,-0.000532632,-0.00106526,0.000532632
1773775242994,0.0878906,-0.21582,0.989746,0.000532632,0,-0.000532632
1773775243076,0.0888672,-0.214844,0.989258,-0.000532632,0.000532632,0
1773775243155,0.0888672,-0.215332,0.991211,0,-0.000532632,-0.000532632
1773775243226,0.0893555,-0.216309,0.989746,-0.000532632,-0.00106526,0.000532632
1773775243306,0.0883789,-0.215332,0.98877,-0.000532632,-0.00106526,0.000532632
1773775243378,0.0878906,-0.21582,0.98877,0,0,-0.000532632
1773775243457,0.0898438,-0.21582,0.989258,-0.00106526,0,0
1773775243538,0.0898438,-0.215332,0.989746,0,-0.000532632,0
1773775243618,0.0893555,-0.214355,0.98877,0,-0.000532632,-0.000532632
1773775243689,0.090332,-0.214355,0.988281,0,0,0.000532632
1773775243769,0.0888672,-0.21582,0.98877,0.000532632,-0.000532632,0.000532632
1773775243850,0.0883789,-0.214355,0.98877,0,0,0
1773775243921,0.0893555,-0.214355,0.990723,0,-0.00106526,0
1773775244002,0.090332,-0.21582,0.989746,0.000532632,0,0.000532632
1773775244072,0.0878906,-0.215332,0.991211,0.000532632,0.000532632,-0.00106526
1773775244154,0.0888672,-0.214355,0.991211,0,-0.00106526,-0.000532632
1773775244233,0.0888672,-0.216309,0.991699,0,-0.00106526,0
1773775244303,0.0908203,-0.21582,0.990723,0,0.000532632,0
1773775244384,0.090332,-0.213867,0.990234,0,-0.00106526,-0.00106526
1773775244465,0.0883789,-0.21582,0.990234,-0.000532632,-0.00106526,-0.00106526
1773775244536,0.0917969,-0.21582,0.989746,-0.000532632,-0.0015979,0
1773775244616,0.0888672,-0.215332,0.990723,0,-0.00106526,0
1773775244696,0.090332,-0.214355,0.989258,-0.000532632,-0.00106526,0.00106526
1773775244768,0.090332,-0.214844,0.989258,0,-0.000532632,0
1773775244847,0.0908203,-0.214355,0.989258,-0.000532632,-0.000532632,0
1773775244928,0.0908203,-0.214844,0.990723,0,0,0.000532632
1773775245001,0.0888672,-0.216309,0.990723,0,0,-0.000532632
1773775245079,0.0898438,-0.212891,0.990723,0,-0.000532632,-0.00106526
1773775245152,0.0893555,-0.214844,0.990723,0,-0.000532632,0
1773775245231,0.0883789,-0.21582,0.988281,0,-0.000532632,0.000532632
1773775245310,0.0898438,-0.216309,0.991211,0.000532632,-0.000532632,-0.0015979
1773775245381,0.0898438,-0.217285,0.991211,-0.00106526,-0.00106526,-0.00106526
1773775245463,0.0888672,-0.213867,0.989258,0,-0.00106526,0
1773775245542,0.0878906,-0.213867,0.991699,-0.000532632,-0.0015979,0.00106526
1773775245612,0.090332,-0.213379,0.991699,0,-0.0015979,0.000532632
1773775245693,0.0893555,-0.212402,0.990234,-0.000532632,-0.000532632,-0.000532632
1773775245775,0.0878906,-0.215332,0.990723,0.000532632,-0.0015979,0.000532632
1773775245844,0.0893555,-0.213379,0.990723,-0.000532632,0,0
1773775245925,0.0883789,-0.213867,0.990234,0,-0.00106526,0
1773775245996,0.090332,-0.214844,0.991211,0.000532632,-0.000532632,0.000532632
1773775246076,0.0898438,-0.213867,0.990234,-0.000532632,0,-0.000532632
1773775246156,0.0878906,-0.214844,0.989258,-0.000532632,-0.00106526,0.000532632
1773775246228,0.0878906,-0.217773,0.989258,0.000532632,-0.000532632,0.000532632
1773775246307,0.0888672,-0.21582,0.990723,0,-0.000532632,-0.000532632
1773775246390,0.0898438,-0.21582,0.990723,0,-0.000532632,0.000532632
1773775246458,0.0883789,-0.215332,0.989746,0.00106526,0,0.000532632
1773775246539,0.0888672,-0.214355,0.991699,-0.000532632,-0.0015979,-0.000532632
1773775246619,0.0893555,-0.21582,0.990723,-0.000532632,0,-0.0015979
1773775246690,0.0878906,-0.216309,0.990723,0.00106526,0,-0.00106526
1773775246770,0.0898438,-0.214844,0.990234,0,-0.00106526,0.000532632
1773775246851,0.0883789,-0.215332,0.989258,-0.00106526,-0.00106526,0
1773775246922,0.0898438,-0.213867,0.990723,0,0.000532632,-0.000532632
1773775247003,0.0898438,-0.216797,0.990723,0,-0.00106526,0
1773775247082,0.090332,-0.214355,0.990723,0,-0.000532632,0
1773775247154,0.0913086,-0.214355,0.990723,0,-0.00106526,0
1773775247233,0.090332,-0.214844,0.989258,0.000532632,-0.00106526,-0.00106526
1773775247314,0.0908203,-0.216309,0.989746,0.00106526,0,-0.000532632
1773775247385,0.0888672,-0.214844,0.989746,-0.000532632,-0.000532632,0
1773775247465,0.0888672,-0.214355,0.989746,0.000532632,0,0
1773775247546,0.0893555,-0.21582,0.989746,0.00106526,0,0
1773775247616,0.0864258,-0.217285,0.990234,0.000532632,-0.000532632,0
1773775247697,0.090332,-0.214355,0.989746,0,-0.000532632,0
1773775247770,0.0898438,-0.215332,0.992676,-0.00106526,0,0.000532632
1773775247848,0.0898438,-0.212891,0.989746,-0.000532632,0.00106526,0
1773775247929,0.0888672,-0.216309,0.990723,0,-0.000532632,0
1773775248000,0.0869141,-0.215332,0.993652,0.00106526,0,-0.000532632
1773775248082,0.0908203,-0.21582,0.991211,0,0,0
1773775248160,0.0888672,-0.216797,0.990723,0,-0.000532632,0
1773775248231,0.0888672,-0.215332,0.989258,0.000532632,0,-0.00106526
1773775248312,0.0878906,-0.214355,0.98877,0,-0.00106526,0
1773775248392,0.0888672,-0.214355,0.98877,0,0,-0.000532632
1773775248463,0.090332,-0.214355,0.991211,0.0015979,-0.000532632,0.000532632
1773775248543,0.0883789,-0.212402,0.989258,-0.000532632,-0.000532632,-0.000532632
1773775248624,0.0883789,-0.214844,0.990723,-0.000532632,0,0
1773775248694,0.0888672,-0.214355,0.990723,-0.000532632,0,0
1773775248775,0.0893555,-0.213867,0.991211,0,-0.00106526,0
1773775248845,0.0893555,-0.213867,0.98877,0.000532632,-0.00106526,-0.00106526
1773775248926,0.0898438,-0.214355,0.991699,0,-0.00106526,-0.000532632
1773775249006,0.090332,-0.215332,0.990234,0.000532632,0,0
1773775249077,0.0898438,-0.214355,0.989746,-0.000532632,-0.000532632,0
1773775249159,0.0908203,-0.214844,0.989746,0.000532632,-0.000532632,-0.00106526
1773775249238,0.0878906,-0.213867,0.990234,-0.000532632,-0.0015979,-0.000532632
1773775249308,0.0893555,-0.213867,0.991211,0.000532632,-0.000532632,-0.000532632
1773775249389,0.0893555,-0.213867,0.991211,-0.00106526,-0.000532632,0.00106526
1773775249469,0.0888672,-0.21582,0.989746,-0.000532632,-0.000532632,0
1773775249540,0.0893555,-0.21582,0.989746,0,0,0
1773775249620,0.0883789,-0.214355,0.990234,0.000532632,-0.00106526,-0.00106526
1773775249701,0.0888672,-0.21582,0.989746,-0.000532632,0,0.0015979
1773775249772,0.0883789,-0.214844,0.989746,0.000532632,-0.000532632,0
1773775249852,0.0898438,-0.215332,0.989258,0,-0.000532632,-0.000532632
1773775249933,0.0898438,-0.214844,0.990234,-0.000532632,-0.0015979,-0.00106526
1773775250003,0.0893555,-0.216797,0.990723,0.000532632,-0.000532632,0
1773775250084,0.0883789,-0.213867,0.991211,-0.00106526,-0.00106526,0.000532632
1773775250164,0.0908203,-0.214355,0.991211,0,-0.000532632,-0.000532632
1773775250235,0.0913086,-0.216309,0.990234,0,0,-0.00106526
1773775250315,0.0898438,-0.213379,0.991699,0.000532632,-0.00106526,0.000532632
1773775250386,0.0874023,-0.214355,0.989746,0,0.000532632,0.000532632
1773775250468,0.0893555,-0.214355,0.990234,0.000532632,-0.000532632,-0.00106526
1773775250548,0.0898438,-0.214355,0.990234,0,-0.000532632,0.00106526
1773775250618,0.0888672,-0.213379,0.989258,-0.000532632,-0.00213053,-0.00106526
1773775250701,0.090332,-0.21582,0.990234,0.000532632,0,0.000532632
1773775250771,0.0883789,-0.215332,0.990723,0.000532632,0,-0.000532632
1773775250850,0.0888672,-0.214844,0.990723,-0.000532632,0,0
1773775250931,0.0883789,-0.215332,0.98877,0,-0.00106526,0
1773775251000,0.0893555,-0.214355,0.989746,-0.000532632,0,-0.000532632
1773775251081,0.0893555,-0.214844,0.990723,-0.000532632,-0.00106526,0
1773775251163,0.090332,-0.21582,0.991699,0,-0.000532632,0
1773775251232,0.0893555,-0.215332,0.992188,-0.00106526,-0.000532632,0
1773775251312,0.0888672,-0.214844,0.987793,0.00106526,-0.000532632,0
1773775251393,0.0883789,-0.214844,0.990234,0.000532632,0,-0.000532632
1773775251464,0.0908203,-0.215332,0.990723,0.000532632,-0.000532632,-0.000532632
1773775251544,0.0913086,-0.215332,0.990723,-0.00106526,-0.0015979,0.00106526
1773775251624,0.0888672,-0.21582,0.991699,-0.000532632,-0.000532632,0.00106526
1773775251695,0.0898438,-0.217285,0.990723,0,-0.000532632,0
1773775251775,0.0878906,-0.215332,0.989746,0,-0.000532632,0.000532632
1773775251856,0.0917969,-0.214844,0.990234,0,0.000532632,0
1773775251927,0.0874023,-0.214844,0.989258,0,-0.00106526,0.00106526
1773775252008,0.0893555,-0.214844,0.990723,0.000532632,-0.0015979,0.000532632
1773775252088,0.0883789,-0.21582,0.991211,-0.000532632,-0.00106526,0.000532632
1773775252160,0.0888672,-0.211914,0.991699,-0.000532632,-0.0015979,-0.000532632
1773775252239,0.0898438,-0.21582,0.98877,-0.00106526,0,0
1773775252319,0.0913086,-0.216309,0.989258,0,0.000532632,-0.000532632
1773775252390,0.0898438,-0.212891,0.990234,0,-0.000532632,-0.000532632
1773775252470,0.0913086,-0.214844,0.991211,-0.000532632,0.000532632,-0.000532632
1773775252551,0.090332,-0.213379,0.98877,-0.000532632,0,0
1773775252621,0.0893555,-0.216797,0.990234,-0.000532632,-0.00106526,0
1773775252703,0.0893555,-0.216309,0.990723,0,-0.00106526,0
1773775252772,0.0888672,-0.215332,0.989746,0,-0.000532632,-0.00106526
1773775252853,0.0893555,-0.214844,0.991211,0.00106526,0,0.00106526
1773775252934,0.0893555,-0.21582,0.990234,0,-0.000532632,-0.000532632
1773775253005,0.0883789,-0.212402,0.991699,0,0,-0.0015979
1773775253084,0.0913086,-0.215332,0.989258,-0.000532632,-0.0015979,-0.000532632
1773775253155,0.0898438,-0.216309,0.990723,0.000532632,0,0.000532632
1773775253236,0.0888672,-0.214355,0.989258,-0.000532632,-0.000532632,0
1773775253316,0.0883789,-0.214844,0.990234,0.00106526,0,-0.000532632
1773775253396,0.0883789,-0.214844,0.990234,0.000532632,0,0
1773775253467,0.0883789,-0.213867,0.989258,0.000532632,-0.000532632,0
1773775253548,0.0864258,-0.214844,0.989746,0,0,0.000532632
1773775253628,0.0883789,-0.214355,0.988281,0.000532632,-0.00106526,0
1773775253698,0.090332,-0.214844,0.991699,0.00106526,-0.000532632,0.000532632
1773775253781,0.0927734,-0.212891,0.989746,-0.000532632,-0.000532632,0
1773775253860,0.0898438,-0.213867,0.989746,0.000532632,-0.00106526,0.000532632
1773775253932,0.0883789,-0.217285,0.990723,0.000532632,-0.000532632,-0.00106526
1773775254013,0.0878906,-0.212891,0.98877,-0.000532632,-0.00106526,0.000532632
1773775254081,0.0883789,-0.215332,0.98877,-0.000532632,-0.00106526,0.000532632
1773775254163,0.0878906,-0.214844,0.990723,-0.000532632,0.000532632,0
1773775254242,0.0874023,-0.214355,0.990234,-0.00106526,-0.000532632,-0.000532632
1773775254314,0.0898438,-0.211914,0.989258,0.000532632,-0.000532632,0.000532632
1773775254393,0.0898438,-0.216309,0.990234,0,-0.000532632,0.00106526
1773775254474,0.0893555,-0.215332,0.98877,0,-0.00106526,0
1773775254544,0.0869141,-0.214355,0.989746,0,-0.00213053,-0.000532632
1773775254625,0.0898438,-0.214355,0.989746,0.000532632,-0.00106526,-0.000532632
1773775254706,0.0908203,-0.213867,0.991211,-0.00106526,-0.00106526,0
1773775254778,0.0913086,-0.216797,0.990234,0.000532632,0.000532632,0
1773775254857,0.0883789,-0.214355,0.991211,0,-0.000532632,-0.000532632
1773775254937,0.090332,-0.213867,0.991699,0.00106526,-0.00106526,-0.000532632
1773775255010,0.0883789,-0.214355,0.992188,0,-0.000532632,-0.000532632
1773775255088,0.0878906,-0.213867,0.990723,0.00106526,0,0.000532632
1773775255168,0.0913086,-0.214844,0.992676,-0.000532632,-0.000532632,0
1773775255239,0.0883789,-0.21582,0.989746,0.000532632,-0.000532632,0.000532632
1773775255320,0.0874023,-0.216309,0.989746,0.000532632,0.000532632,-0.000532632
1773775255390,0.0908203,-0.214844,0.990723,-0.000532632,-0.000532632,0.000532632
1773775255472,0.090332,-0.213867,0.990723,0,-0.00106526,0
1773775255551,0.090332,-0.21582,0.989746,0.000532632,0,0
1773775255622,0.0898438,-0.216309,0.990723,0,0,0.000532632
1773775255704,0.0898438,-0.215332,0.988281,0,0,0
1773775255773,0.0888672,-0.213867,0.991211,0,-0.000532632,0
1773775255854,0.0893555,-0.213867,0.990723,0.000532632,0,0
1773775255935,0.0888672,-0.214355,0.992188,0.000532632,0,-0.000532632
1773775256006,0.0908203,-0.215332,0.989746,-0.00106526,-0.000532632,0.00106526
1773775256085,0.0898438,-0.215332,0.990234,0.000532632,-0.000532632,-0.000532632
1773775256168,0.0898438,-0.216797,0.989258,-0.000532632,-0.00106526,0
1773775256237,0.0883789,-0.213379,0.990723,-0.000532632,-0.00106526,-0.0015979
1773775256317,0.0874023,-0.214355,0.988281,-0.000532632,0,-0.000532632
1773775256397,0.090332,-0.214844,0.990723,0.000532632,-0.000532632,-0.00106526
1773775256468,0.0893555,-0.213867,0.990723,-0.000532632,-0.00106526,-0.000532632
1773775256548,0.090332,-0.215332,0.991211,0,-0.00106526,-0.000532632
1773775256629,0.090332,-0.214844,0.98877,-0.000532632,-0.000532632,-0.000532632
1773775256702,0.0893555,-0.21582,0.990234,0.000532632,-0.000532632,0
1773775256781,0.0893555,-0.213379,0.990723,-0.0015979,-0.000532632,-0.000532632
1773775256861,0.090332,-0.213867,0.990723,0,0,0.000532632
1773775256931,0.0898438,-0.214355,0.98877,-0.000532632,-0.0015979,-0.000532632
1773775257012,0.090332,-0.215332,0.990723,0.000532632,-0.000532632,-0.00106526
1773775257092,0.090332,-0.214355,0.991699,-0.000532632,0,0
1773775257163,0.0883789,-0.214355,0.990723,-0.000532632,-0.000532632,0
1773775257243,0.0893555,-0.214844,0.989258,0,-0.000532632,0
1773775257324,0.0864258,-0.213867,0.991699,-0.00106526,0,0
1773775257394,0.0888672,-0.215332,0.991211,0,-0.00106526,0
1773775257475,0.0883789,-0.215332,0.992188,0,-0.00106526,-0.0015979
1773775257555,0.090332,-0.214844,0.990723,-0.000532632,0,-0.000532632
1773775257626,0.0874023,-0.216309,0.989746,0.000532632,0,-0.00106526
1773775257707,0.0888672,-0.214844,0.989746,0,-0.00106526,0
1773775257777,0.090332,-0.216309,0.991211,0.00106526,-0.000532632,0
1773775257857,0.0893555,-0.216309,0.990234,-0.000532632,-0.00106526,0
1773775257938,0.0893555,-0.214844,0.990723,-0.000532632,-0.00106526,0
1773775258008,0.0898438,-0.213379,0.991699,0,0,-0.000532632
1773775258089,0.0908203,-0.21582,0.989258,-0.000532632,-0.000532632,0
1773775258170,0.090332,-0.216309,0.990234,0,-0.000532632,-0.000532632
1773775258240,0.0888672,-0.216797,0.989258,0.000532632,0,-0.00106526
1773775258321,0.0917969,-0.214844,0.990723,0.0015979,-0.00106526,0.000532632
1773775258401,0.0898438,-0.213867,0.98877,-0.00106526,-0.00106526,0
1773775258472,0.0888672,-0.213867,0.990234,-0.00106526,-0.000532632,-0.00106526
1773775258552,0.0888672,-0.212891,0.992188,-0.00106526,-0.00106526,-0.00106526
1773775258623,0.0922852,-0.216797,0.98877,0,-0.00106526,0.000532632
1773775258704,0.090332,-0.214355,0.989258,0,0,0
1773775258784,0.0888672,-0.216797,0.990234,0,-0.00106526,-0.000532632
1773775258864,0.0908203,-0.215332,0.990234,0.00106526,0.000532632,0
1773775258935,0.0878906,-0.216309,0.991699,0,0.000532632,0
1773775259015,0.0878906,-0.211914,0.992188,0,-0.00106526,0.000532632
1773775259086,0.0888672,-0.213867,0.98877,-0.000532632,-0.00106526,-0.000532632
1773775259166,0.0888672,-0.215332,0.990234,0,-0.000532632,0
1773775259247,0.090332,-0.216797,0.991211,-0.000532632,-0.00106526,-0.000532632
1773775259317,0.0898438,-0.213867,0.991699,0.000532632,-0.0015979,0
1773775259398,0.0898438,-0.213379,0.989746,-0.000532632,-0.0015979,0
1773775259480,0.0883789,-0.213867,0.992676,0,-0.00106526,-0.000532632
1773775259549,0.090332,-0.214844,0.989258,0.00106526,-0.00106526,0.00106526
1773775259630,0.0893555,-0.216309,0.992188,-0.000532632,-0.00106526,0.00106526
1773775259710,0.0898438,-0.216309,0.988281,0,-0.00106526,-0.000532632
1773775259781,0.090332,-0.215332,0.989746,0.000532632,-0.00106526,0
1773775259861,0.0898438,-0.215332,0.991211,-0.000532632,-0.0015979,-0.000532632
1773775259942,0.0888672,-0.214355,0.990234,0,-0.000532632,0.000532632
1773775260012,0.0888672,-0.214355,0.991211,0,0,-0.000532632
1773775260093,0.0898438,-0.212402,0.989258,-0.000532632,-0.0015979,0.000532632
1773775260173,0.0883789,-0.216797,0.98877,-0.000532632,-0.000532632,0
1773775260244,0.0893555,-0.212891,0.991211,-0.000532632,-0.00106526,0
1773775260324,0.0874023,-0.213867,0.991211,0,0,-0.00106526
1773775260395,0.0898438,-0.213867,0.990234,-0.00106526,0,-0.00106526
1773775260475,0.0908203,-0.214844,0.990234,0,-0.00106526,-0.000532632
1773775260556,0.0888672,-0.213867,0.990234,-0.000532632,-0.000532632,-0.00106526
1773775260626,0.0883789,-0.214355,0.992188,0,-0.000532632,-0.00106526
1773775260707,0.0898438,-0.213867,0.992676,-0.00106526,-0.000532632,0
1773775260788,0.0893555,-0.215332,0.989258,0,-0.00106526,0.000532632
1773775260858,0.0893555,-0.213867,0.989746,0,-0.00106526,0
1773775260939,0.0874023,-0.213867,0.989746,0.000532632,0,-0.000532632
1773775261019,0.0898438,-0.213867,0.990234,-0.000532632,-0.00106526,-0.000532632
1773775261090,0.0908203,-0.214844,0.990234,-0.000532632,-0.000532632,0.000532632
1773775261170,0.0913086,-0.214355,0.991699,-0.000532632,-0.000532632,0
1773775261251,0.0898438,-0.214355,0.992188,0,-0.00106526,0.000532632
1773775261322,0.0898438,-0.214844,0.989746,0,0.000532632,-0.000532632
1773775261402,0.0883789,-0.21582,0.989258,0,-0.00106526,-0.00106526
1773775261473,0.0898438,-0.21582,0.989258,0,0.000532632,0
1773775261553,0.0888672,-0.21582,0.991211,-0.0015979,-0.00106526,-0.000532632
1773775261634,0.0898438,-0.213867,0.989746,-0.000532632,-0.000532632,0
1773775261704,0.0893555,-0.21582,0.991211,0,-0.0015979,-0.000532632
1773775261785,0.0888672,-0.214355,0.989258,0,-0.000532632,-0.00106526
1773775261865,0.090332,-0.213379,0.989746,0,-0.00106526,-0.00106526
1773775261936,0.0878906,-0.21582,0.990723,-0.00106526,-0.000532632,0
1773775262017,0.0893555,-0.21582,0.989746,0,-0.000532632,0.000532632
1773775262097,0.0898438,-0.215332,0.990234,-0.00106526,-0.000532632,0
1773775262167,0.0893555,-0.214355,0.990234,-0.000532632,0,0
1773775262248,0.0888672,-0.215332,0.990723,0.000532632,-0.00106526,0
1773775262328,0.0883789,-0.21582,0.98877,0.000532632,-0.000532632,0
1773775262400,0.090332,-0.215332,0.989258,0.00106526,0,0.0015979
1773775262479,0.0893555,-0.216797,0.991211,0,-0.000532632,0.000532632
1773775262560,0.0893555,-0.215332,0.98877,-0.000532632,-0.000532632,-0.000532632
1773775262631,0.0888672,-0.21582,0.989258,0.000532632,0.000532632,0.000532632
1773775262711,0.0888672,-0.21582,0.989746,-0.00106526,-0.00106526,0.000532632
1773775262781,0.0908203,-0.215332,0.990234,0.000532632,-0.0015979,-0.000532632
1773775262862,0.0922852,-0.214844,0.989746,0.000532632,0,-0.000532632
1773775262942,0.0898438,-0.216309,0.991211,-0.000532632,-0.000532632,-0.000532632
1773775263013,0.0893555,-0.214355,0.989746,0.000532632,-0.00106526,0.00106526
1773775263094,0.0878906,-0.215332,0.990723,-0.000532632,-0.000532632,-0.000532632
1773775263174,0.0888672,-0.215332,0.990234,-0.00106526,-0.000532632,-0.000532632
1773775263245,0.0883789,-0.215332,0.991699,0,-0.000532632,-0.000532632
1773775263325,0.0898438,-0.214355,0.98877,-0.000532632,-0.00106526,0.000532632
1773775263406,0.0874023,-0.216309,0.990234,0.000532632,-0.000532632,-0.000532632
1773775263476,0.0893555,-0.216797,0.989746,-0.000532632,-0.000532632,-0.00106526
1773775263557,0.0878906,-0.214355,0.991699,0,-0.0015979,0
1773775263637,0.0898438,-0.214844,0.990723,0,-0.000532632,-0.00106526
1773775263708,0.0869141,-0.214355,0.98877,0,-0.00266316,0
1773775263789,0.0893555,-0.214355,0.989258,-0.000532632,0.000532632,0.00106526
1773775263859,0.0878906,-0.212891,0.989746,0,-0.00106526,0.000532632
1773775263939,0.0869141,-0.213867,0.990723,0.000532632,-0.000532632,0
1773775264022,0.0898438,-0.215332,0.991699,-0.00106526,0,-0.000532632
1773775264092,0.0878906,-0.217773,0.991699,-0.000532632,-0.000532632,-0.00106526
1773775264172,0.0888672,-0.215332,0.991211,0,0,0
1773775264251,0.0878906,-0.213867,0.990234,0,-0.000532632,0
1773775264322,0.0908203,-0.216309,0.990234,0.000532632,0,-0.0015979
1773775264403,0.0898438,-0.215332,0.989258,0,-0.00106526,0
1773775264483,0.0883789,-0.216309,0.991699,0,-0.00106526,-0.000532632
1773775264554,0.0898438,-0.215332,0.987793,-0.000532632,-0.00106526,0
1773775264635,0.0888672,-0.215332,0.989258,0,-0.00106526,0
1773775264715,0.0908203,-0.213867,0.990723,-0.000532632,0,0
1773775264785,0.0898438,-0.216797,0.990234,0.000532632,0,-0.00106526
1773775264866,0.0883789,-0.216309,0.991699,0,-0.00106526,-0.000532632
1773775264936,0.0878906,-0.214355,0.989258,0,0,-0.000532632
1773775265017,0.0898438,-0.214355,0.990234,0,-0.000532632,0.000532632
1773775265101,0.0893555,-0.216309,0.990234,0.000532632,-0.00106526,0
1773775265178,0.0883789,-0.213379,0.989746,-0.000532632,-0.00106526,0
1773775265249,0.0854492,-0.216309,0.989258,0,-0.000532632,0
1773775265329,0.0893555,-0.21582,0.991211,0.000532632,0,0
1773775265400,0.0917969,-0.217285,0.989258,-0.000532632,-0.0015979,-0.000532632
1773775265480,0.090332,-0.214844,0.989746,-0.000532632,-0.0015979,0.000532632
1773775265561,0.0898438,-0.21582,0.991699,0,-0.00106526,0
1773775265632,0.0874023,-0.214355,0.990723,-0.000532632,-0.0015979,0.000532632
1773775265712,0.0859375,-0.214844,0.990234,0,-0.00106526,0
1773775265793,0.0888672,-0.216309,0.991211,0.000532632,-0.000532632,0.0015979
1773775265863,0.0854492,-0.214355,0.990234,-0.000532632,-0.00106526,0.000532632
1773775265943,0.0893555,-0.214355,0.990234,0,0,0
1773775266024,0.0874023,-0.215332,0.989746,0,-0.000532632,0.00106526
1773775266096,0.0898438,-0.214355,0.990234,0.000532632,0.000532632,-0.000532632
1773775266175,0.090332,-0.214355,0.991211,0.000532632,-0.000532632,-0.00106526
1773775266255,0.0878906,-0.216309,0.98877,0.00106526,-0.000532632,0.000532632
1773775266326,0.0893555,-0.214355,0.988281,0.000532632,-0.000532632,0
1773775266407,0.0864258,-0.215332,0.989258,0,-0.00106526,0
1773775266487,0.0888672,-0.214355,0.990234,-0.000532632,-0.000532632,0.000532632
1773775266558,0.0898438,-0.21582,0.989746,-0.00106526,-0.000532632,-0.000532632
1773775266638,0.0898438,-0.215332,0.989746,-0.000532632,-0.00106526,-0.00106526
1773775266709,0.0878906,-0.21582,0.989258,0,0,-0.00106526
1773775266789,0.0908203,-0.213867,0.989746,0.000532632,-0.000532632,0
1773775266870,0.0913086,-0.21582,0.98877,0.000532632,-0.00106526,-0.00106526
1773775266940,0.090332,-0.21582,0.98877,-0.000532632,-0.00106526,-0.00106526
1773775267021,0.0859375,-0.213379,0.990234,-0.00106526,-0.000532632,0.00106526
1773775267101,0.0869141,-0.215332,0.989746,0.000532632,-0.000532632,0
1773775267172,0.0893555,-0.216309,0.989746,0.000532632,0,0.00106526
1773775267252,0.0898438,-0.214355,0.98877,0,0,0
1773775267333,0.0878906,-0.212891,0.989746,-0.000532632,-0.000532632,-0.00106526
1773775267403,0.0898438,-0.214844,0.991699,-0.000532632,-0.00106526,0.000532632
1773775267484,0.0883789,-0.215332,0.990723,0,-0.00106526,-0.000532632
1773775267565,0.0898438,-0.215332,0.991699,-0.000532632,0,0
1773775267635,0.0883789,-0.214844,0.989746,0.000532632,-0.00106526,0.000532632
1773775267716,0.090332,-0.216309,0.990234,-0.000532632,0,0
1773775267796,0.0888672,-0.214844,0.990723,0.00106526,-0.0015979,0.000532632
1773775267867,0.0883789,-0.214844,0.991211,-0.000532632,-0.00106526,0
1773775267947,0.0883789,-0.214355,0.990723,0.00106526,-0.00106526,0
1773775268021,0.0908203,-0.215332,0.991211,0.000532632,-0.0015979,0.000532632
1773775268100,0.090332,-0.214355,0.989258,0.000532632,-0.000532632,-0.00106526
1773775268182,0.090332,-0.213867,0.991211,0,-0.0015979,0
1773775268250,0.0893555,-0.214355,0.989258,0.00106526,-0.000532632,0.000532632
1773775268330,0.0888672,-0.214355,0.990234,-0.00106526,-0.0015979,0
1773775268411,0.0874023,-0.214355,0.990234,0.000532632,0,0
1773775268481,0.0874023,-0.214844,0.989258,0,-0.00106526,-0.000532632
1773775268561,0.0893555,-0.21582,0.989746,-0.000532632,-0.00106526,-0.000532632
1773775268642,0.0888672,-0.215332,0.989258,0.000532632,-0.00106526,0
1773775268714,0.0883789,-0.216309,0.991211,0,-0.00106526,0
1773775268793,0.0908203,-0.21582,0.991211,0,0,0
1773775268874,0.0893555,-0.212891,0.987793,0.000532632,-0.00106526,-0.000532632
1773775268944,0.0888672,-0.21582,0.990234,-0.000532632,-0.00106526,-0.000532632
1773775269025,0.090332,-0.215332,0.991211,-0.000532632,-0.00106526,-0.000532632
1773775269105,0.0874023,-0.213867,0.991211,0.000532632,-0.000532632,0.000532632
1773775269176,0.0888672,-0.213379,0.993164,-0.000532632,-0.00106526,0.000532632
1773775269256,0.0883789,-0.213867,0.991211,0,-0.00106526,0
1773775269337,0.0878906,-0.214355,0.98877,-0.00106526,0,-0.0015979
1773775269408,0.0908203,-0.214355,0.991211,0,0,-0.000532632
1773775269488,0.0869141,-0.21582,0.990723,-0.000532632,-0.00106526,-0.000532632
1773775269558,0.0888672,-0.214355,0.989258,0.00106526,-0.0015979,0
1773775269640,0.0883789,-0.214844,0.990723,-0.000532632,-0.000532632,0
1773775269722,0.0883789,-0.214844,0.990234,-0.00106526,-0.000532632,-0.000532632
1773775269790,0.0898438,-0.213379,0.991211,0,-0.000532632,0.000532632
1773775269870,0.0883789,-0.213867,0.990723,0,-0.000532632,0.000532632
1773775269951,0.0898438,-0.215332,0.991211,-0.000532632,0,0
1773775270021,0.090332,-0.214355,0.990234,-0.0015979,-0.00106526,0
1773775270102,0.0893555,-0.213867,0.989746,0.000532632,-0.00106526,-0.000532632
1773775270183,0.0898438,-0.21582,0.987793,0,-0.000532632,0
1773775270253,0.0893555,-0.214844,0.989746,0,-0.000532632,0
1773775270334,0.0908203,-0.21582,0.991211,0.00106526,-0.00106526,0.000532632
1773775270414,0.0893555,-0.216309,0.989746,-0.00106526,-0.000532632,0
1773775270485,0.0893555,-0.21582,0.989746,0,-0.00106526,0
1773775270565,0.0883789,-0.214844,0.98877,0,0,-0.000532632
1773775270636,0.0878906,-0.21582,0.989746,-0.000532632,0,-0.000532632
1773775270717,0.090332,-0.21582,0.98877,-0.0015979,0,-0.000532632
1773775270797,0.0888672,-0.214844,0.98877,-0.000532632,-0.0015979,0.00106526
1773775270868,0.0893555,-0.214844,0.991211,-0.000532632,0,0
1773775270948,0.0893555,-0.216797,0.98877,0,-0.000532632,0
1773775271029,0.0893555,-0.213867,0.990234,0,-0.000532632,0
1773775271099,0.0883789,-0.21582,0.990723,0.000532632,-0.000532632,0.000532632
1773775271180,0.0888672,-0.213867,0.991211,-0.00106526,-0.0015979,-0.000532632
1773775271260,0.0898438,-0.214355,0.992676,-0.000532632,0,-0.000532632
1773775271331,0.0869141,-0.21582,0.989258,0.000532632,-0.000532632,0.000532632
1773775271412,0.0888672,-0.212402,0.991699,0,-0.00106526,-0.000532632
1773775271492,0.0888672,-0.213867,0.989746,-0.00106526,-0.00106526,0
1773775271563,0.0898438,-0.212891,0.989746,-0.000532632,-0.000532632,-0.000532632
1773775271644,0.0883789,-0.216309,0.987793,0.000532632,-0.00106526,-0.00106526
1773775271724,0.0888672,-0.215332,0.988281,0.000532632,-0.00106526,-0.0015979
1773775271796,0.0878906,-0.216309,0.989258,0,-0.000532632,0
1773775271875,0.0893555,-0.214355,0.98877,-0.0015979,0.000532632,-0.000532632
1773775271946,0.090332,-0.214355,0.989258,-0.000532632,0,-0.000532632
1773775272027,0.0893555,-0.213379,0.990723,0,-0.000532632,-0.00106526
1773775272107,0.0913086,-0.213867,0.991699,0.000532632,-0.000532632,-0.00106526
1773775272178,0.0908203,-0.214844,0.98877,0,0,0.000532632
1773775272257,0.0869141,-0.213867,0.989746,0,-0.00106526,0.000532632
1773775272338,0.0869141,-0.213867,0.990723,-0.000532632,-0.000532632,0
1773775272408,0.090332,-0.215332,0.990234,0,-0.000532632,-0.00106526
1773775272489,0.0898438,-0.213379,0.990234,0,-0.00106526,-0.000532632
1773775272569,0.0888672,-0.213867,0.990723,0.00106526,-0.000532632,-0.000532632
1773775272640,0.0908203,-0.217285,0.991211,-0.000532632,0.000532632,0
1773775272723,0.0898438,-0.214844,0.991699,-0.000532632,0,0
1773775272801,0.0888672,-0.214844,0.989258,-0.0015979,0,-0.000532632
1773775272871,0.0878906,-0.214844,0.991699,0,-0.000532632,-0.000532632
1773775272953,0.0893555,-0.213867,0.990234,-0.000532632,0.000532632,-0.000532632
1773775273023,0.0898438,-0.213867,0.990723,0,-0.00106526,-0.0015979
1773775273104,0.0878906,-0.214844,0.991211,0.00106526,-0.00106526,0.000532632
1773775273183,0.0908203,-0.21582,0.989258,0,-0.00106526,0
1773775273255,0.0898438,-0.214844,0.989746,0.000532632,-0.000532632,0
1773775273335,0.0898438,-0.21582,0.990234,0.00106526,0,0
1773775273415,0.0859375,-0.215332,0.98877,-0.000532632,-0.00106526,-0.000532632
1773775273485,0.090332,-0.214355,0.989746,-0.000532632,0.000532632,-0.00106526
1773775273566,0.0878906,-0.21582,0.990723,0,-0.0015979,-0.000532632
1773775273647,0.0893555,-0.213379,0.990234,0,-0.000532632,-0.00106526
1773775273720,0.090332,-0.214844,0.992188,0.00106526,-0.0015979,0.00106526
1773775273798,0.0883789,-0.215332,0.992188,0,-0.000532632,-0.000532632
1773775273878,0.0878906,-0.214844,0.989258,0,-0.00106526,0
1773775273949,0.0893555,-0.214355,0.991211,0.000532632,-0.000532632,-0.00106526
1773775274031,0.0893555,-0.213867,0.991699,0.00106526,-0.00106526,0
1773775274101,0.0893555,-0.214844,0.992188,0.00106526,-0.00106526,-0.00106526
1773775274180,0.0898438,-0.213867,0.990723,0,-0.00106526,-0.000532632
1773775274261,0.0878906,-0.21582,0.991211,0,-0.000532632,0.000532632
1773775274341,0.0883789,-0.21582,0.989746,0,0,-0.000532632
1773775274412,0.0913086,-0.214844,0.990234,0.000532632,-0.000532632,0.000532632
1773775274492,0.0898438,-0.213379,0.990723,0.00106526,-0.000532632,-0.00106526
1773775274563,0.090332,-0.214844,0.990234,-0.000532632,-0.00106526,-0.000532632
1773775274644,0.090332,-0.21582,0.990234,-0.000532632,-0.0015979,-0.000532632
1773775274724,0.0898438,-0.214844,0.990234,0,0,-0.000532632
1773775274794,0.090332,-0.212891,0.990723,0,-0.00106526,-0.000532632
1773775274875,0.0913086,-0.216797,0.989746,0.000532632,-0.00106526,0
1773775274956,0.0893555,-0.215332,0.989746,0.000532632,-0.000532632,-0.000532632
1773775275027,0.0883789,-0.215332,0.991211,-0.000532632,-0.000532632,0
1773775275108,0.0883789,-0.21582,0.991699,0,0,-0.00106526
1773775275187,0.0893555,-0.213379,0.990234,0,-0.00213053,0.000532632
1773775275258,0.0883789,-0.213379,0.990234,0,-0.00106526,0
1773775275338,0.0908203,-0.216309,0.991699,0.000532632,0,0.00106526
1773775275419,0.0878906,-0.216309,0.991211,0,-0.000532632,0.000532632
1773775275490,0.0908203,-0.214844,0.989258,-0.000532632,-0.000532632,0
1773775275570,0.0908203,-0.214844,0.989258,0,-0.00106526,0
1773775275641,0.0893555,-0.214355,0.989258,0,-0.000532632,0
1773775275721,0.0893555,-0.213867,0.990234,-0.0015979,-0.000532632,0
1773775275802,0.090332,-0.216797,0.990234,0,0,-0.000532632
1773775275872,0.0888672,-0.213867,0.990723,0,-0.00106526,0.000532632
1773775275953,0.0883789,-0.215332,0.991699,0,0,-0.00106526
1773775276034,0.0878906,-0.215332,0.990234,0.000532632,-0.00106526,-0.000532632
1773775276104,0.0888672,-0.214355,0.991699,0,-0.000532632,-0.000532632
1773775276185,0.0898438,-0.213379,0.991699,0.000532632,-0.000532632,-0.00106526
1773775276265,0.0878906,-0.215332,0.989746,-0.000532632,0,0.00106526
1773775276336,0.0883789,-0.215332,0.990723,0,0,-0.000532632
1773775276416,0.0898438,-0.216797,0.991211,0,-0.000532632,-0.00106526
1773775276497,0.0874023,-0.214844,0.990234,-0.000532632,0,0
1773775276568,0.0913086,-0.214844,0.990234,-0.000532632,0.000532632,0
1773775276648,0.0883789,-0.215332,0.991699,0,-0.000532632,-0.000532632
1773775276729,0.0898438,-0.215332,0.991211,-0.00106526,0,-0.00106526
1773775276799,0.0898438,-0.215332,0.990723,0.000532632,-0.000532632,-0.000532632
1773775276880,0.0878906,-0.215332,0.990234,0,-0.000532632,0.000532632
1773775276950,0.0893555,-0.214844,0.991211,0,-0.000532632,-0.00106526
1773775277031,0.0922852,-0.214844,0.990234,0.000532632,-0.000532632,0.000532632
1773775277111,0.0898438,-0.215332,0.990723,-0.000532632,-0.000532632,0.000532632
1773775277182,0.0893555,-0.212402,0.991211,0.000532632,-0.0015979,0
1773775277262,0.0898438,-0.213867,0.989746,0.000532632,-0.0015979,-0.000532632
1773775277343,0.0893555,-0.216309,0.991211,-0.000532632,-0.000532632,-0.000532632
1773775277413,0.0893555,-0.212402,0.987793,0.000532632,-0.0015979,-0.000532632
1773775277494,0.0888672,-0.215332,0.990234,0,-0.000532632,-0.00106526
1773775277575,0.0883789,-0.214355,0.990723,0,-0.000532632,0.000532632
1773775277645,0.0893555,-0.213867,0.989746,0,-0.00106526,0
1773775277726,0.0893555,-0.215332,0.990723,0.000532632,0.000532632,-0.000532632
1773775277797,0.0893555,-0.21582,0.98877,0,-0.000532632,0
1773775277877,0.0888672,-0.213867,0.989258,0,-0.000532632,0
1773775277958,0.0898438,-0.21582,0.989746,0,0.000532632,0
1773775278038,0.0888672,-0.213867,0.989746,0.000532632,-0.00106526,-0.000532632
1773775278109,0.0908203,-0.214355,0.991699,0,-0.00106526,-0.000532632
1773775278189,0.0898438,-0.213867,0.991211,0.00106526,-0.00106526,-0.000532632
1773775278260,0.0898438,-0.216309,0.990234,0,-0.000532632,-0.000532632
1773775278340,0.0883789,-0.214844,0.992676,-0.000532632,0.000532632,0
1773775278420,0.0898438,-0.215332,0.991211,-0.000532632,-0.000532632,0.000532632
1773775278491,0.0908203,-0.215332,0.989258,0.000532632,0,0.000532632
1773775278571,0.0878906,-0.213867,0.990723,0.00106526,0,-0.000532632
1773775278652,0.0898438,-0.213379,0.991211,0,-0.000532632,0.000532632
1773775278723,0.0888672,-0.214355,0.989258,-0.000532632,-0.00106526,-0.000532632
1773775278803,0.0898438,-0.213867,0.989258,0,0,0
1773775278884,0.0908203,-0.213379,0.990234,0,0,-0.000532632
1773775278954,0.0893555,-0.21582,0.989746,0.00106526,0.000532632,-0.000532632
1773775279036,0.0908203,-0.215332,0.987793,-0.000532632,-0.000532632,0
1773775279106,0.0878906,-0.211914,0.990234,0.000532632,-0.00106526,0
1773775279186,0.090332,-0.213867,0.988281,0.000532632,0,0.000532632
1773775279266,0.0893555,-0.216309,0.990234,0.000532632,0.000532632,-0.000532632
1773775279347,0.0913086,-0.214355,0.991211,-0.000532632,0,0
1773775279417,0.0893555,-0.213867,0.991699,0.000532632,-0.000532632,0
1773775279498,0.0874023,-0.213867,0.991211,-0.000532632,-0.00106526,0.000532632
1773775279568,0.0893555,-0.216309,0.991211,0.000532632,-0.000532632,0.000532632
1773775279649,0.0893555,-0.216309,0.991211,-0.000532632,-0.000532632,-0.00106526
1773775279731,0.0888672,-0.214844,0.98877,0.000532632,-0.000532632,0
1773775279800,0.0908203,-0.214355,0.991699,0,0,-0.0015979
1773775279880,0.0888672,-0.214844,0.990234,0,-0.00106526,0
1773775279961,0.0898438,-0.214355,0.990723,0.000532632,-0.00106526,0
1773775280032,0.0874023,-0.213867,0.990234,0,0,0
1773775280112,0.0888672,-0.215332,0.98877,-0.00106526,-0.0015979,0
1773775280182,0.090332,-0.214844,0.991211,-0.000532632,-0.00106526,-0.00106526
1773775280264,0.0893555,-0.213867,0.991211,-0.000532632,-0.00106526,0
1773775280343,0.0893555,-0.215332,0.990723,0.00106526,0,-0.00106526
1773775280414,0.0917969,-0.21582,0.990723,-0.000532632,-0.000532632,0.00106526
1773775280496,0.0893555,-0.215332,0.991211,0,0,0.000532632
1773775280575,0.0908203,-0.21582,0.991699,0.000532632,-0.00106526,-0.000532632
1773775280656,0.0917969,-0.215332,0.990234,-0.000532632,-0.00106526,0.000532632
1773775280727,0.0898438,-0.213867,0.991211,-0.000532632,-0.00106526,-0.00106526
1773775280808,0.0874023,-0.214355,0.990234,0.000532632,0,-0.000532632
1773775280877,0.0898438,-0.211914,0.989746,0,0,-0.000532632
1773775280958,0.0898438,-0.216797,0.991211,-0.000532632,-0.000532632,-0.000532632
1773775281038,0.0878906,-0.214844,0.989746,0.000532632,-0.00106526,-0.000532632
1773775281109,0.0908203,-0.214844,0.990234,0.000532632,-0.000532632,-0.000532632
1773775281191,0.0874023,-0.215332,0.990234,-0.000532632,-0.00106526,0
1773775281270,0.0898438,-0.215332,0.990723,-0.000532632,-0.00106526,0
1773775281341,0.0908203,-0.215332,0.990723,0.000532632,-0.00213053,0.00106526
1773775281421,0.0883789,-0.214844,0.989746,0.00106526,0,0
1773775281502,0.0888672,-0.213867,0.989746,-0.000532632,-0.000532632,0
1773775281572,0.090332,-0.216309,0.987793,0,0,-0.000532632
1773775281653,0.0888672,-0.214844,0.98877,-0.00106526,-0.000532632,-0.00106526
1773775281723,0.0898438,-0.213867,0.989258,-0.000532632,0,0.000532632
1773775281804,0.0874023,-0.216797,0.990723,0.000532632,-0.000532632,0
1773775281885,0.0893555,-0.213379,0.991211,0.000532632,0,-0.000532632
1773775281955,0.0913086,-0.213379,0.991211,0,-0.000532632,-0.000532632
1773775282035,0.0908203,-0.213867,0.990234,-0.000532632,-0.00106526,0
1773775282116,0.0898438,-0.213867,0.990234,-0.00106526,-0.00106526,0
1773775282186,0.0883789,-0.214844,0.989746,0,-0.000532632,-0.00106526
1773775282267,0.0888672,-0.216797,0.990723,0,-0.00106526,-0.000532632
1773775282348,0.0913086,-0.214844,0.990234,-0.00106526,-0.000532632,0
1773775282418,0.0888672,-0.214355,0.988281,0,-0.00106526,0
1773775282499,0.0893555,-0.21582,0.990234,-0.000532632,-0.00106526,0.000532632
1773775282579,0.090332,-0.213379,0.989258,0.000532632,-0.000532632,-0.00106526
1773775282650,0.0893555,-0.216309,0.990234,0,0,0.00106526
1773775282730,0.090332,-0.214844,0.991211,-0.000532632,-0.000532632,-0.000532632
1773775282812,0.0893555,-0.21582,0.991211,0,0,0
1773775282881,0.0878906,-0.214355,0.989746,-0.000532632,-0.000532632,-0.000532632
1773775282962,0.0888672,-0.213379,0.989746,0.000532632,-0.000532632,-0.000532632
1773775283042,0.0893555,-0.212891,0.991699,-0.00106526,-0.000532632,-0.000532632
1773775283113,0.0908203,-0.214355,0.990723,-0.000532632,-0.000532632,-0.000532632
1773775283193,0.0917969,-0.215332,0.991211,0.000532632,-0.000532632,0
1773775283264,0.0893555,-0.213867,0.989746,0,-0.000532632,0
1773775283345,0.0883789,-0.215332,0.990234,0,-0.00106526,-0.000532632
1773775283425,0.0917969,-0.213867,0.990723,0.000532632,-0.00106526,-0.000532632
1773775283496,0.0893555,-0.214355,0.98877,0,0,0
1773775283576,0.0893555,-0.212891,0.990723,-0.000532632,-0.00106526,-0.000532632
1773775283657,0.0869141,-0.214844,0.987305,-0.000532632,-0.000532632,0
1773775283727,0.0893555,-0.215332,0.989746,-0.000532632,0,-0.000532632
1773775283808,0.0878906,-0.215332,0.990234,0,-0.00106526,-0.00106526
1773775283888,0.0893555,-0.216797,0.989746,0.0015979,-0.000532632,0.000532632
1773775283959,0.0908203,-0.214844,0.989258,0,0.000532632,-0.000532632
1773775284039,0.0888672,-0.214844,0.989746,-0.00106526,-0.00106526,-0.000532632
1773775284120,0.0888672,-0.212891,0.98877,0.000532632,-0.000532632,-0.000532632
1773775284190,0.0883789,-0.213379,0.990234,0.000532632,-0.000532632,0.000532632
1773775284271,0.0888672,-0.212891,0.989258,0.000532632,0.000532632,0.00106526
1773775284351,0.0898438,-0.21582,0.990234,-0.000532632,-0.00106526,0
1773775284422,0.0878906,-0.213867,0.988281,0.00106526,0,-0.00106526
1773775284502,0.0908203,-0.214844,0.989746,0,-0.00213053,-0.00106526
1773775284573,0.0878906,-0.214844,0.989746,-0.000532632,-0.00106526,0
1773775284653,0.0883789,-0.215332,0.990234,0.00106526,-0.000532632,0
1773775284734,0.0898438,-0.21582,0.988281,0.000532632,-0.00106526,0
1773775284805,0.0908203,-0.214355,0.989746,-0.000532632,0,-0.000532632
1773775284885,0.0893555,-0.214355,0.992188,0.000532632,-0.000532632,-0.00106526
1773775284965,0.0908203,-0.216309,0.990723,0,-0.00106526,0.000532632
1773775285036,0.0917969,-0.214844,0.990723,-0.00106526,-0.000532632,0
1773775285116,0.0883789,-0.215332,0.990234,0.000532632,-0.000532632,-0.000532632
1773775285197,0.0898438,-0.213867,0.988281,0,-0.00106526,0
1773775285268,0.0898438,-0.213867,0.989746,0,-0.00106526,0.000532632
1773775285348,0.0913086,-0.215332,0.989746,-0.000532632,-0.000532632,0
1773775285429,0.0893555,-0.212402,0.992188,-0.0015979,-0.00106526,0.000532632
1773775285499,0.0883789,-0.214844,0.991699,0,-0.000532632,0
1773775285580,0.0888672,-0.215332,0.989258,0,-0.000532632,-0.00106526
1773775285660,0.0888672,-0.211914,0.990723,0,-0.000532632,0.00106526
1773775285731,0.0898438,-0.214355,0.990234,-0.000532632,0,-0.000532632
1773775285811,0.090332,-0.214844,0.989258,-0.000532632,-0.00106526,-0.00106526
1773775285882,0.0869141,-0.215332,0.990234,0,-0.000532632,-0.000532632
1773775285962,0.0878906,-0.213379,0.989746,0.000532632,-0.0015979,-0.000532632
1773775286044,0.0893555,-0.215332,0.989746,-0.000532632,-0.000532632,-0.00106526
1773775286113,0.0893555,-0.213379,0.990234,-0.000532632,-0.00106526,0.000532632
1773775286194,0.0883789,-0.213867,0.990234,-0.00106526,-0.000532632,-0.00106526
1773775286275,0.0888672,-0.215332,0.992676,0.000532632,-0.000532632,0.000532632
1773775286345,0.090332,-0.214844,0.989258,-0.000532632,-0.00106526,-0.000532632
1773775286425,0.0883789,-0.213379,0.990723,0.00106526,-0.000532632,0
1773775286506,0.0893555,-0.215332,0.991211,0,-0.000532632,-0.000532632
1773775286576,0.0883789,-0.215332,0.989746,0.000532632,-0.00106526,-0.000532632
1773775286657,0.0893555,-0.215332,0.98877,0,-0.00106526,0
1773775286737,0.0883789,-0.214355,0.989746,0,0,0.0015979
1773775286808,0.0893555,-0.216797,0.989258,0.000532632,-0.000532632,0.000532632
1773775286888,0.0893555,-0.214844,0.991211,0,0,0.000532632
1773775286969,0.0917969,-0.215332,0.98877,0.000532632,0,0
1773775287041,0.090332,-0.214355,0.989746,-0.0015979,0,-0.000532632
1773775287120,0.0893555,-0.213867,0.992188,0,-0.00106526,-0.000532632
1773775287190,0.090332,-0.213867,0.990723,0.0015979,-0.000532632,0.000532632
1773775287271,0.0883789,-0.213867,0.990723,0.00106526,-0.000532632,0.000532632
1773775287352,0.0888672,-0.216309,0.990723,-0.000532632,-0.000532632,-0.00106526
1773775287422,0.0898438,-0.213867,0.989746,-0.000532632,0,-0.0015979
1773775287503,0.0893555,-0.214844,0.990723,-0.00106526,-0.000532632,0
1773775287583,0.0883789,-0.214355,0.990723,-0.000532632,-0.000532632,-0.000532632
1773775287654,0.0888672,-0.215332,0.989746,0,-0.000532632,0
1773775287734,0.090332,-0.214355,0.992188,0,-0.000532632,0
1773775287815,0.090332,-0.214844,0.989746,0.000532632,-0.000532632,0
1773775287885,0.0888672,-0.216309,0.990234,0.000532632,-0.000532632,0
1773775287966,0.0898438,-0.21582,0.991211,0.000532632,0,0
1773775288046,0.0888672,-0.215332,0.991211,-0.000532632,0,0
1773775288117,0.090332,-0.215332,0.98877,-0.00106526,-0.000532632,0.00106526
1773775288198,0.090332,-0.214355,0.990723,0.000532632,-0.00106526,-0.000532632
1773775288278,0.0893555,-0.213867,0.991211,0.000532632,-0.00106526,0.000532632
1773775288349,0.0878906,-0.214355,0.990234,0,-0.000532632,0
1773775288429,0.0888672,-0.213379,0.989746,-0.000532632,0,0.000532632
1773775288500,0.0913086,-0.214355,0.989258,0,-0.000532632,-0.000532632
1773775288581,0.0888672,-0.214355,0.989258,-0.000532632,-0.00106526,-0.000532632
1773775288661,0.0864258,-0.21582,0.989258,-0.000532632,-0.000532632,0.00106526
1773775288733,0.0898438,-0.213379,0.990723,-0.000532632,-0.000532632,0
1773775288812,0.0908203,-0.215332,0.990723,0,-0.0015979,-0.000532632
1773775288894,0.0893555,-0.213379,0.990723,0.000532632,-0.000532632,-0.00106526
1773775288963,0.0908203,-0.21582,0.991211,0.000532632,-0.0015979,0.0015979
1773775289044,0.090332,-0.214355,0.991211,0,0,0
1773775289124,0.0888672,-0.213867,0.990234,0,-0.000532632,-0.000532632
1773775289195,0.090332,-0.214355,0.989746,-0.000532632,-0.00106526,0.000532632
1773775289275,0.0878906,-0.216309,0.991699,-0.000532632,0.000532632,0.000532632
1773775289356,0.0898438,-0.215332,0.990234,-0.000532632,-0.000532632,0
1773775289426,0.0893555,-0.213379,0.990234,-0.000532632,-0.00106526,0.000532632
1773775289507,0.0874023,-0.21582,0.990234,0,-0.000532632,-0.0015979
1773775289587,0.0908203,-0.21582,0.991699,-0.00106526,-0.000532632,-0.000532632
1773775289658,0.0913086,-0.214355,0.990723,0,0,0
1773775289741,0.0898438,-0.213867,0.991211,0,-0.0015979,0.000532632
1773775289809,0.090332,-0.216309,0.990234,0,-0.000532632,-0.000532632
1773775289889,0.0883789,-0.215332,0.990723,0.000532632,0,-0.000532632
1773775289970,0.0898438,-0.213867,0.987305,-0.000532632,0,-0.000532632
1773775290040,0.0893555,-0.216309,0.991211,0,-0.0015979,-0.000532632
1773775290121,0.090332,-0.214844,0.990723,-0.000532632,-0.0015979,-0.000532632
1773775290203,0.0869141,-0.212891,0.990234,-0.00106526,-0.00106526,0
1773775290272,0.0893555,-0.212891,0.989746,0,-0.000532632,-0.0015979
1773775290353,0.090332,-0.214355,0.991699,0,-0.00106526,-0.00106526
1773775290433,0.0888672,-0.214355,0.990234,-0.000532632,-0.00106526,0.000532632
1773775290504,0.0898438,-0.214355,0.991699,0.000532632,-0.000532632,0
1773775290584,0.0893555,-0.214844,0.990723,0,-0.00106526,-0.000532632
1773775290665,0.0898438,-0.214844,0.990234,0.00106526,-0.000532632,0
1773775290736,0.0898438,-0.214844,0.991211,0.00106526,-0.00213053,0.000532632
1773775290816,0.0908203,-0.213867,0.990234,0,0,0
1773775290887,0.0888672,-0.213867,0.989746,-0.000532632,-0.000532632,0
1773775290967,0.090332,-0.216309,0.98877,0,0,-0.00106526
1773775291048,0.0888672,-0.214355,0.990723,0.000532632,0,-0.00106526
1773775291120,0.0888672,-0.214844,0.990234,0,-0.000532632,0
1773775291199,0.0888672,-0.213867,0.990723,0,0,-0.000532632
1773775291271,0.090332,-0.215332,0.991211,0,-0.0015979,0.000532632
1773775291350,0.0893555,-0.213867,0.989258,-0.000532632,-0.00106526,0
1773775291430,0.0898438,-0.212402,0.990234,-0.00106526,-0.000532632,0.000532632
1773775291512,0.0893555,-0.214844,0.990234,-0.00106526,0,0
1773775291582,0.0898438,-0.213379,0.990234,0,-0.000532632,-0.000532632
1773775291663,0.0888672,-0.214355,0.98877,0,-0.000532632,-0.000532632
1773775291742,0.0898438,-0.216309,0.990234,-0.000532632,-0.000532632,-0.000532632
1773775291813,0.0913086,-0.214355,0.990234,0.00106526,-0.000532632,0
1773775291893,0.0898438,-0.213867,0.991211,0.000532632,0,-0.000532632
1773775291974,0.090332,-0.214844,0.989746,0.000532632,0,-0.000532632
1773775292044,0.090332,-0.217285,0.991699,0.000532632,0,0
1773775292126,0.0893555,-0.214355,0.991211,-0.000532632,-0.000532632,0
1773775292195,0.0917969,-0.213867,0.991211,-0.000532632,-0.00106526,-0.000532632
1773775292276,0.0893555,-0.213379,0.991211,-0.000532632,0,0.000532632
1773775292357,0.0898438,-0.21582,0.990234,0.00106526,-0.00106526,-0.000532632
1773775292428,0.0888672,-0.216309,0.990723,0,-0.000532632,0.000532632
1773775292508,0.0874023,-0.214355,0.989258,0.00106526,-0.00106526,-0.00106526
1773775292589,0.0883789,-0.21582,0.990723,-0.00106526,-0.0015979,0
1773775292659,0.0898438,-0.215332,0.990723,-0.000532632,-0.00106526,-0.000532632
1773775292739,0.0869141,-0.212891,0.989746,0,-0.000532632,0
1773775292820,0.0893555,-0.215332,0.990723,-0.000532632,-0.0015979,0
1773775292890,0.0893555,-0.213379,0.990234,0.00106526,0,0.000532632
1773775292971,0.090332,-0.21582,0.990234,0,-0.0015979,0
1773775293051,0.090332,-0.215332,0.991211,0,-0.000532632,-0.000532632
1773775293122,0.0874023,-0.215332,0.991211,0.000532632,-0.000532632,0
1773775293202,0.0878906,-0.215332,0.990234,0,-0.000532632,-0.00106526
1773775293283,0.0893555,-0.216309,0.991211,0.000532632,-0.00106526,-0.0015979
1773775293354,0.0878906,-0.215332,0.989258,-0.000532632,-0.0015979,0.000532632
1773775293434,0.0878906,-0.214844,0.990723,0.0015979,0,0
1773775293504,0.0893555,-0.214355,0.990234,0,-0.000532632,-0.000532632
1773775293585,0.0908203,-0.213379,0.98877,0,-0.000532632,-0.00106526
1773775293666,0.0878906,-0.214355,0.991211,0.00106526,0,-0.000532632
1773775293736,0.0883789,-0.213379,0.990723,0,-0.000532632,0.00106526
1773775293817,0.0888672,-0.216309,0.989258,0.00106526,0,-0.000532632
1773775293897,0.090332,-0.214844,0.98877,0,-0.000532632,0
1773775293968,0.0883789,-0.214355,0.991211,0.000532632,-0.00106526,-0.00106526
1773775294048,0.0893555,-0.213867,0.991211,0.000532632,-0.00106526,0
1773775294129,0.0893555,-0.21582,0.991211,0.000532632,-0.00106526,0
1773775294199,0.0878906,-0.215332,0.989746,0,-0.00106526,-0.000532632
1773775294280,0.0908203,-0.216309,0.992188,0.00106526,-0.0015979,0
1773775294360,0.090332,-0.214355,0.990723,0,0,0.0015979
1773775294431,0.0908203,-0.214844,0.991211,0,-0.000532632,0.00106526
1773775294511,0.0898438,-0.214355,0.990723,0.000532632,0,-0.00106526
1773775294592,0.0888672,-0.214355,0.989746,0.00106526,0,-0.000532632
1773775294663,0.0913086,-0.213867,0.990723,0,0.000532632,0
1773775294743,0.0898438,-0.213379,0.991699,0,-0.00106526,0
1773775294823,0.0878906,-0.217285,0.991211,-0.0015979,-0.0015979,0.000532632
1773775294894,0.0908203,-0.214844,0.989258,0,-0.00106526,-0.000532632
1773775294974,0.0908203,-0.212402,0.990234,0.000532632,0,-0.000532632
1773775295045,0.0893555,-0.215332,0.988281,0,-0.000532632,0
1773775295125,0.0908203,-0.214355,0.990234,0,0,0
1773775295206,0.0888672,-0.215332,0.990234,-0.000532632,-0.000532632,-0.000532632
1773775295276,0.0898438,-0.214844,0.989258,0.000532632,-0.000532632,0
1773775295357,0.090332,-0.215332,0.990234,0,0,0.00106526
1773775295438,0.0878906,-0.216797,0.989258,-0.00106526,-0.00106526,-0.00106526
1773775295508,0.0888672,-0.213379,0.991699,0,-0.00106526,0
1773775295589,0.090332,-0.214844,0.990723,-0.000532632,-0.00106526,0
1773775295669,0.0878906,-0.213867,0.991211,0.000532632,0,-0.00106526
1773775295740,0.0893555,-0.214844,0.992188,-0.000532632,-0.00106526,0.00106526
1773775295820,0.090332,-0.21582,0.988281,0,-0.0015979,0.000532632
1773775295901,0.0883789,-0.214844,0.990234,-0.000532632,-0.000532632,-0.000532632
1773775295971,0.0869141,-0.215332,0.991211,0,-0.00106526,0.000532632
1773775296052,0.0908203,-0.215332,0.990723,0.000532632,-0.00106526,-0.000532632
1773775296122,0.0908203,-0.212402,0.990234,0,-0.000532632,0.00106526
1773775296204,0.0898438,-0.214844,0.989746,-0.000532632,-0.0015979,0.000532632
1773775296284,0.0874023,-0.212891,0.990723,0.000532632,-0.000532632,0.000532632
1773775296355,0.0898438,-0.214355,0.990723,0.000532632,0.000532632,0
1773775296435,0.0898438,-0.214355,0.989746,0,-0.000532632,-0.00106526
1773775296515,0.090332,-0.216797,0.990723,0,-0.00106526,0.000532632
1773775296586,0.0878906,-0.216309,0.990723,0,0.000532632,-0.0015979
1773775296666,0.0878906,-0.214844,0.990723,-0.000532632,0,0.000532632
1773775296747,0.0888672,-0.215332,0.990723,0,-0.00106526,-0.000532632
1773775296819,0.0874023,-0.216309,0.990723,-0.000532632,0,-0.000532632
1773775296900,0.0908203,-0.213867,0.990234,-0.000532632,-0.0015979,0.00106526
1773775296971,0.0893555,-0.213867,0.989746,0,-0.00213053,0.000532632
1773775297050,0.0878906,-0.218262,0.990234,0,-0.000532632,0.000532632
1773775297130,0.0883789,-0.214844,0.990723,-0.000532632,0,0.00106526
1773775297202,0.0888672,-0.215332,0.990234,0.00106526,0,-0.00106526
1773775297283,0.0878906,-0.214844,0.989746,0.000532632,-0.00106526,0
1773775297361,0.090332,-0.213379,0.989746,-0.000532632,0,-0.000532632
1773775297442,0.0883789,-0.215332,0.989258,0,-0.000532632,0.000532632
1773775297512,0.090332,-0.216309,0.989258,0,-0.000532632,0
1773775297593,0.0908203,-0.21582,0.990234,0,-0.000532632,0
1773775297663,0.090332,-0.216309,0.990723,0.000532632,-0.000532632,0.000532632
1773775297744,0.090332,-0.215332,0.990234,-0.00106526,-0.00106526,0
1773775297824,0.0893555,-0.21582,0.989746,0.00106526,-0.000532632,0
1773775297895,0.0893555,-0.214355,0.990723,0.00106526,-0.00106526,0.000532632
1773775297975,0.0888672,-0.214844,0.991699,0.000532632,-0.0015979,0
1773775298056,0.0883789,-0.21582,0.991699,-0.000532632,-0.00106526,-0.00106526
1773775298126,0.090332,-0.214844,0.989746,-0.000532632,-0.00106526,0
1773775298207,0.0913086,-0.214844,0.991699,0,-0.000532632,-0.000532632
1773775298288,0.0883789,-0.216309,0.991211,0,-0.0015979,-0.000532632
1773775298358,0.090332,-0.215332,0.989258,0.000532632,0,-0.000532632
1773775298439,0.0893555,-0.214844,0.988281,0,-0.000532632,-0.000532632
1773775298519,0.0888672,-0.216309,0.990723,-0.000532632,0.000532632,-0.000532632
1773775298590,0.0908203,-0.213867,0.989746,0,-0.000532632,-0.000532632
1773775298670,0.0878906,-0.215332,0.989258,-0.00106526,-0.000532632,-0.000532632
1773775298741,0.0898438,-0.215332,0.990234,0.000532632,-0.00106526,-0.00106526
1773775298821,0.090332,-0.213867,0.990234,-0.000532632,-0.00106526,0
1773775298903,0.0893555,-0.215332,0.991211,-0.000532632,-0.0015979,0
1773775298972,0.0893555,-0.215332,0.991211,0,-0.0015979,-0.00106526
1773775299053,0.0893555,-0.215332,0.989746,0.00106526,-0.000532632,-0.000532632
1773775299133,0.0893555,-0.214844,0.98877,-0.000532632,-0.000532632,0
1773775299204,0.0878906,-0.21582,0.991211,-0.000532632,-0.000532632,-0.000532632
1773775299284,0.0893555,-0.213379,0.989746,-0.000532632,-0.000532632,-0.000532632
1773775299365,0.0893555,-0.215332,0.989746,-0.000532632,0,0.000532632
1773775299435,0.0908203,-0.216797,0.988281,-0.000532632,-0.000532632,0.00106526
1773775299516,0.0908203,-0.216797,0.990234,0.000532632,-0.000532632,-0.000532632
1773775299597,0.0893555,-0.214844,0.990234,0,-0.000532632,0.000532632
1773775299667,0.0913086,-0.215332,0.990234,-0.000532632,-0.0015979,-0.00106526
1773775299748,0.0893555,-0.214844,0.989746,0.000532632,-0.00106526,0
1773775299828,0.0913086,-0.213379,0.989746,0,-0.00106526,0
1773775299901,0.090332,-0.214844,0.990723,0.000532632,0,0
1773775299982,0.0917969,-0.215332,0.989258,0.000532632,-0.00213053,0.000532632
1773775300060,0.0908203,-0.216309,0.990234,-0.000532632,-0.00106526,0
1773775300130,0.0908203,-0.215332,0.992188,0.000532632,0.000532632,-0.000532632
1773775300213,0.0883789,-0.214355,0.991211,-0.000532632,0.000532632,0
1773775300281,0.0898438,-0.213379,0.991211,0,-0.000532632,-0.00106526
1773775300362,0.0898438,-0.214844,0.991211,0.0015979,-0.000532632,0
1773775300444,0.0898438,-0.215332,0.990234,0,-0.000532632,0.000532632
1773775300515,0.0888672,-0.214844,0.989258,0.0015979,0,0
1773775300594,0.0913086,-0.215332,0.988281,-0.000532632,-0.00106526,0
1773775300674,0.090332,-0.215332,0.991211,0.00106526,-0.000532632,0
1773775300745,0.0908203,-0.212891,0.990234,-0.00106526,-0.000532632,0.00106526
1773775300825,0.0878906,-0.212891,0.989258,0.000532632,-0.0015979,0.000532632
1773775300906,0.0898438,-0.215332,0.992188,0,-0.000532632,-0.0015979
1773775300976,0.090332,-0.216797,0.990234,0,-0.000532632,0.00106526
1773775301057,0.0913086,-0.213867,0.991699,-0.00106526,-0.00106526,0.000532632
1773775301128,0.0908203,-0.212402,0.991699,0.000532632,-0.000532632,-0.000532632
1773775301208,0.0898438,-0.21582,0.990234,-0.000532632,-0.00106526,0.000532632
1773775301288,0.0898438,-0.214844,0.991211,0.00106526,-0.000532632,0
1773775301359,0.0874023,-0.214355,0.989258,0.000532632,-0.000532632,0.000532632
1773775301439,0.0893555,-0.213867,0.989746,0,0,0
1773775301523,0.0874023,-0.214355,0.990234,-0.000532632,-0.000532632,0
1773775301590,0.0883789,-0.21582,0.990723,-0.000532632,-0.00106526,-0.00106526
1773775301671,0.0878906,-0.214844,0.989746,0,-0.00106526,0.000532632
1773775301751,0.0893555,-0.214844,0.991699,0,-0.000532632,0
1773775301822,0.0883789,-0.21582,0.990723,0,0,0
1773775301903,0.0888672,-0.21582,0.990723,0.000532632,-0.000532632,0.000532632
1773775301983,0.0883789,-0.213379,0.990723,0.000532632,-0.000532632,0
1773775302053,0.0888672,-0.212402,0.990234,-0.000532632,0,-0.000532632
1773775302134,0.090332,-0.215332,0.989746,0,0.000532632,0.00106526
1773775302214,0.0893555,-0.213379,0.989258,0,-0.000532632,0.000532632
1773775302285,0.0888672,-0.214844,0.991699,0.000532632,-0.00106526,-0.000532632
1773775302366,0.0908203,-0.214844,0.991211,-0.00106526,-0.00106526,0
1773775302446,0.090332,-0.213867,0.989746,0,-0.00106526,0.000532632
1773775302517,0.0883789,-0.214844,0.991211,-0.000532632,-0.00106526,-0.000532632
1773775302597,0.0908203,-0.214844,0.989746,0.000532632,-0.000532632,-0.00106526
1773775302678,0.0898438,-0.216797,0.990723,0,-0.000532632,0.000532632
1773775302748,0.0878906,-0.212402,0.990723,-0.000532632,-0.00106526,-0.00106526
1773775302829,0.0898438,-0.215332,0.991211,0,-0.000532632,0
1773775302899,0.0898438,-0.216309,0.991211,0.00106526,0,-0.000532632
1773775302980,0.0883789,-0.212402,0.991211,0,0,0
1773775303061,0.090332,-0.213867,0.991699,-0.000532632,-0.00106526,-0.00106526
1773775303131,0.090332,-0.214844,0.991211,0.00106526,-0.000532632,-0.00106526
1773775303212,0.090332,-0.214355,0.992188,-0.000532632,0,-0.00106526
1773775303292,0.0893555,-0.215332,0.992188,0,-0.000532632,0
1773775303363,0.0927734,-0.212891,0.991211,-0.000532632,-0.00106526,0
1773775303443,0.0908203,-0.214355,0.989258,-0.000532632,-0.00106526,-0.000532632
1773775303524,0.0888672,-0.214355,0.990234,0,-0.00106526,-0.000532632
1773775303594,0.0913086,-0.213379,0.989258,-0.00106526,0,-0.000532632
1773775303675,0.0893555,-0.214844,0.992676,-0.000532632,-0.000532632,0.00106526
1773775303756,0.0893555,-0.215332,0.990723,0,0,0
1773775303826,0.0883789,-0.214844,0.991211,0,-0.000532632,-0.000532632
1773775303907,0.0883789,-0.214355,0.991211,-0.000532632,-0.00106526,0.000532632
1773775303977,0.0883789,-0.21582,0.990723,0.000532632,-0.000532632,0.000532632
1773775304058,0.0893555,-0.216309,0.990234,-0.000532632,0.000532632,-0.000532632
1773775304138,0.0908203,-0.212891,0.990234,-0.000532632,-0.000532632,0.000532632
1773775304209,0.0898438,-0.214355,0.990723,0.000532632,-0.0015979,0.000532632
1773775304289,0.0893555,-0.214844,0.990234,0,-0.000532632,-0.000532632
1773775304370,0.0898438,-0.213867,0.990723,0.000532632,-0.000532632,0.000532632
1773775304442,0.0908203,-0.214355,0.990723,-0.000532632,-0.000532632,-0.00106526
1773775304521,0.0893555,-0.214844,0.990234,0,-0.0015979,0
1773775304601,0.090332,-0.214355,0.989746,-0.000532632,-0.00106526,0
1773775304672,0.0927734,-0.212891,0.990723,0.00106526,0,0
1773775304752,0.0878906,-0.213867,0.990723,0.000532632,-0.00106526,0.000532632
1773775304833,0.0869141,-0.213379,0.990723,0.00106526,0,0
1773775304904,0.0917969,-0.214844,0.991211,0,-0.00106526,-0.000532632
1773775304985,0.0898438,-0.213379,0.991699,-0.000532632,-0.00106526,0
1773775305055,0.0913086,-0.214844,0.992188,0,-0.000532632,-0.000532632
1773775305136,0.0898438,-0.213379,0.992188,-0.00106526,-0.000532632,0.000532632
1773775305216,0.0883789,-0.21582,0.987793,0,-0.000532632,-0.000532632
1773775305287,0.0893555,-0.214844,0.990234,0.000532632,-0.00106526,-0.000532632
1773775305368,0.0883789,-0.214355,0.990234,0,-0.000532632,-0.000532632
1773775305448,0.0893555,-0.210938,0.991699,0,-0.000532632,0.000532632
1773775305520,0.0893555,-0.213379,0.989746,0,-0.000532632,-0.000532632
1773775305599,0.090332,-0.213867,0.990234,0.000532632,-0.0015979,0
1773775305680,0.0883789,-0.214355,0.98877,0.000532632,-0.00106526,-0.000532632
1773775305750,0.0878906,-0.214355,0.989258,0,-0.000532632,-0.00106526
1773775305831,0.090332,-0.214355,0.989258,0,-0.000532632,0.000532632
1773775305911,0.0888672,-0.212891,0.992188,0,-0.000532632,-0.000532632
1773775305984,0.0893555,-0.21582,0.990723,-0.000532632,-0.00106526,-0.000532632
1773775306063,0.0888672,-0.21582,0.989746,0,-0.000532632,-0.000532632
1773775306133,0.0898438,-0.214355,0.990234,0,-0.00106526,0
1773775306214,0.0913086,-0.215332,0.992188,0.000532632,-0.000532632,0
1773775306294,0.0883789,-0.214355,0.989258,0,-0.000532632,0.000532632
1773775306365,0.0913086,-0.213867,0.991211,0.00106526,-0.00106526,0.000532632
1773775306445,0.0913086,-0.213867,0.989746,0,0,-0.000532632
1773775306526,0.0893555,-0.213379,0.991699,0.000532632,-0.000532632,0.000532632
1773775306596,0.0908203,-0.212891,0.989746,-0.000532632,-0.0015979,0.0015979
1773775306677,0.0898438,-0.214844,0.989258,0.000532632,0,0
1773775306757,0.0893555,-0.214355,0.989258,-0.000532632,0,-0.000532632
1773775306828,0.090332,-0.213867,0.990234,0,-0.00106526,0.00106526
1773775306908,0.0874023,-0.216309,0.991211,0,0,0.000532632
1773775306989,0.0893555,-0.213379,0.990723,0.000532632,0.000532632,0
1773775307060,0.0917969,-0.213867,0.991699,0.000532632,-0.000532632,0
1773775307143,0.0898438,-0.214844,0.990234,0,0.000532632,-0.000532632
1773775307221,0.090332,-0.216797,0.992676,-0.000532632,-0.000532632,0.00106526
1773775307291,0.0878906,-0.213867,0.991699,0.000532632,-0.00106526,0.000532632
1773775307372,0.0898438,-0.214844,0.989746,0.000532632,-0.000532632,0.000532632
1773775307442,0.0908203,-0.214355,0.990723,0.000532632,-0.000532632,-0.000532632
1773775307523,0.0888672,-0.213379,0.989746,0.000532632,-0.000532632,0.000532632
1773775307603,0.0893555,-0.214355,0.988281,0,-0.00106526,0
1773775307674,0.0913086,-0.213867,0.989258,-0.00106526,-0.00106526,-0.000532632
1773775307754,0.0888672,-0.216309,0.990234,0.000532632,0,0
1773775307835,0.0898438,-0.214355,0.989746,0,-0.00106526,0
1773775307905,0.0888672,-0.213379,0.991211,0,-0.00106526,-0.0015979
1773775307986,0.090332,-0.215332,0.990723,0,-0.00106526,0.00106526
1773775308066,0.0908203,-0.215332,0.990723,0.000532632,-0.00106526,0
1773775308137,0.0893555,-0.21582,0.98877,0,-0.000532632,-0.000532632
1773775308217,0.090332,-0.214844,0.990234,-0.000532632,0.000532632,0
1773775308298,0.0893555,-0.21582,0.989258,0,-0.000532632,-0.000532632
1773775308369,0.0888672,-0.215332,0.990234,-0.000532632,-0.00106526,-0.000532632
1773775308449,0.0908203,-0.216797,0.98877,-0.000532632,-0.000532632,0
1773775308529,0.0893555,-0.213867,0.989746,0.000532632,0,0.00106526
1773775308602,0.0874023,-0.213379,0.989258,0,-0.000532632,0.000532632
1773775308680,0.090332,-0.212402,0.991699,0.000532632,0,-0.000532632
1773775308751,0.090332,-0.214844,0.990723,0,-0.000532632,-0.000532632
1773775308832,0.0908203,-0.216797,0.992188,0,0,0
1773775308912,0.0898438,-0.214844,0.990234,-0.000532632,-0.000532632,0
1773775308982,0.0913086,-0.213379,0.991211,0,-0.000532632,-0.000532632
1773775309063,0.0898438,-0.213867,0.98877,0.000532632,0,0
1773775309144,0.0888672,-0.213867,0.98877,0.000532632,-0.00106526,0
1773775309214,0.0883789,-0.214355,0.989746,0,0.000532632,0
1773775309294,0.0888672,-0.214355,0.989258,-0.000532632,0,0.000532632
1773775309375,0.090332,-0.214355,0.989746,-0.000532632,-0.00106526,0
1773775309446,0.0913086,-0.216797,0.990723,-0.000532632,0,0
1773775309526,0.0898438,-0.214355,0.988281,0.000532632,0,0.000532632
1773775309608,0.090332,-0.213379,0.989258,0.000532632,0.000532632,0.00106526
1773775309677,0.090332,-0.215332,0.989258,-0.000532632,0.00106526,0
1773775309758,0.0893555,-0.214844,0.991211,-0.000532632,-0.000532632,-0.000532632
1773775309838,0.0893555,-0.214355,0.990234,0.000532632,-0.000532632,-0.000532632
1773775309909,0.0883789,-0.214844,0.989258,-0.000532632,-0.00106526,0.000532632
1773775309989,0.090332,-0.214844,0.990723,0.000532632,-0.000532632,0
1773775310060,0.090332,-0.214844,0.991211,0,0,-0.00106526
1773775310143,0.0888672,-0.213379,0.990234,-0.000532632,-0.00106526,-0.000532632
1773775310221,0.0888672,-0.213379,0.990234,-0.000532632,0,0
1773775310291,0.0888672,-0.212891,0.990234,0,0.000532632,0.00106526
1773775310372,0.0878906,-0.214844,0.989746,0,-0.000532632,0
1773775310452,0.0908203,-0.214844,0.990723,0.000532632,-0.00106526,-0.000532632
1773775310523,0.0898438,-0.214844,0.991699,0.00106526,-0.000532632,0
1773775310604,0.0883789,-0.214355,0.990234,-0.000532632,0,0
1773775310684,0.0888672,-0.214844,0.991699,-0.000532632,0,0
1773775310754,0.0888672,-0.214844,0.991211,0,-0.00106526,-0.000532632
1773775310835,0.0898438,-0.213379,0.989746,0.000532632,-0.0015979,0
1773775310916,0.0908203,-0.213867,0.98877,0.000532632,-0.00106526,-0.000532632
1773775310986,0.090332,-0.215332,0.992188,0.000532632,0.000532632,0
1773775311067,0.0898438,-0.212891,0.989258,0.000532632,0.000532632,0
1773775311147,0.0908203,-0.214355,0.990234,0.000532632,-0.00106526,0.000532632
1773775311218,0.0898438,-0.215332,0.990234,0.00106526,-0.000532632,-0.00106526
1773775311298,0.0874023,-0.213379,0.989258,-0.000532632,-0.00106526,-0.000532632
1773775311369,0.0908203,-0.214844,0.989746,0,-0.000532632,0.00106526
1773775311450,0.0908203,-0.215332,0.991699,0.000532632,-0.000532632,-0.00106526
1773775311530,0.0898438,-0.213867,0.990723,0.000532632,0.000532632,0
1773775311602,0.0883789,-0.213379,0.990234,0,-0.00106526,0.000532632
1773775311681,0.090332,-0.214844,0.988281,0.000532632,-0.000532632,0
1773775311761,0.090332,-0.217285,0.989746,-0.000532632,-0.0015979,0
1773775311832,0.0878906,-0.213867,0.991211,0,-0.00106526,0.000532632
1773775311912,0.0878906,-0.213379,0.990723,0.000532632,-0.00106526,0.000532632
1773775311993,0.0878906,-0.212891,0.987305,-0.000532632,-0.00106526,-0.000532632
1773775312064,0.0893555,-0.21582,0.989258,0.000532632,0,0
1773775312144,0.0893555,-0.213379,0.990723,0.000532632,0.00106526,0
1773775312225,0.0898438,-0.216309,0.989258,0.000532632,-0.00106526,0
1773775312295,0.0883789,-0.214355,0.990723,0,0,0
1773775312376,0.0893555,-0.216797,0.992676,0.00106526,0,0
1773775312456,0.0913086,-0.212891,0.990234,0.00106526,-0.000532632,-0.000532632
1773775312527,0.0898438,-0.213867,0.990723,0,0,-0.000532632
1773775312607,0.0878906,-0.215332,0.988281,0,-0.000532632,0.00106526
1773775312678,0.0898438,-0.21582,0.989258,-0.000532632,0,-0.000532632
1773775312758,0.0888672,-0.214355,0.990723,0.000532632,0,0
1773775312839,0.0908203,-0.213867,0.990234,0.000532632,-0.000532632,-0.000532632
1773775312911,0.0888672,-0.215332,0.990234,0,-0.000532632,0
1773775312991,0.090332,-0.214355,0.989258,0.00106526,0,0.00106526
1773775313072,0.0922852,-0.213379,0.989258,0.000532632,-0.000532632,0
1773775313142,0.0883789,-0.21582,0.991211,0,-0.000532632,0
1773775313221,0.0888672,-0.214844,0.990234,0.000532632,0.000532632,0
1773775313302,0.090332,-0.215332,0.990234,0.000532632,0,0
1773775313373,0.0888672,-0.216309,0.990723,0.000532632,-0.00106526,0.00106526
1773775313453,0.090332,-0.215332,0.990723,0,-0.000532632,0
1773775313534,0.0883789,-0.216309,0.991211,0,-0.000532632,0
1773775313604,0.0888672,-0.213867,0.990723,0.000532632,-0.000532632,-0.000532632
1773775313685,0.0888672,-0.215332,0.990723,0.000532632,-0.000532632,0.000532632
1773775313765,0.0898438,-0.214355,0.990234,-0.00106526,-0.000532632,0
1773775313839,0.0922852,-0.21582,0.991211,0.000532632,0,0
1773775313916,0.0893555,-0.21582,0.992188,0,-0.00106526,-0.000532632
1773775313988,0.0893555,-0.212891,0.989258,0,0,0.00106526
1773775314068,0.0908203,-0.215332,0.990723,0,0.000532632,0.000532632
1773775314139,0.0898438,-0.214844,0.989258,0.000532632,0.000532632,-0.000532632
1773775314220,0.0893555,-0.215332,0.989746,0.000532632,-0.00106526,-0.000532632
1773775314300,0.0898438,-0.214844,0.989746,0,0,-0.000532632
1773775314381,0.0893555,-0.214844,0.990723,0,-0.000532632,0
1773775314451,0.0898438,-0.21582,0.990723,0.000532632,-0.000532632,0
1773775314532,0.0888672,-0.213867,0.990234,0.000532632,-0.00106526,0.000532632
1773775314612,0.0883789,-0.213379,0.989746,0.000532632,-0.000532632,0.000532632
1773775314683,0.0883789,-0.214844,0.989746,0,-0.00106526,0
1773775314764,0.0898438,-0.214844,0.991211,0.000532632,-0.000532632,0.000532632
1773775314834,0.090332,-0.214844,0.991211,0,0,0
1773775314915,0.0898438,-0.213867,0.991211,0,-0.00106526,-0.000532632
1773775314995,0.0898438,-0.21582,0.98877,-0.00106526,-0.000532632,-0.00106526
1773775315066,0.0883789,-0.213867,0.992676,0,-0.000532632,0
1773775315146,0.090332,-0.213867,0.989746,0.000532632,0,0.000532632
1773775315227,0.0898438,-0.213867,0.990234,0,-0.000532632,0.000532632
1773775315297,0.0908203,-0.213867,0.991699,-0.000532632,-0.00106526,-0.0015979
1773775315378,0.0913086,-0.214355,0.992188,-0.00106526,-0.00106526,0.000532632
1773775315459,0.0893555,-0.214355,0.990234,0.000532632,-0.000532632,0.000532632
1773775315529,0.090332,-0.211914,0.990723,0,0,0
1773775315610,0.0908203,-0.21582,0.990723,0.00106526,0,0
1773775315690,0.0888672,-0.211914,0.990234,0,-0.00106526,-0.00106526
1773775315761,0.0874023,-0.216309,0.989746,0.00106526,0,-0.000532632
1773775315841,0.0888672,-0.216309,0.989258,-0.000532632,0,-0.0015979
1773775315912,0.0883789,-0.213379,0.990234,0,-0.00106526,0
1773775315993,0.0874023,-0.214844,0.991211,0,-0.0015979,0.00106526
1773775316073,0.0908203,-0.21582,0.990234,0.000532632,-0.000532632,-0.000532632
1773775316144,0.0913086,-0.21582,0.990234,0.000532632,0,-0.000532632
1773775316224,0.0898438,-0.214844,0.989746,0,-0.00106526,-0.00106526
1773775316304,0.0893555,-0.216797,0.989258,-0.000532632,-0.000532632,-0.00106526
1773775316376,0.0898438,-0.214355,0.989746,-0.000532632,-0.00106526,-0.000532632
1773775316456,0.090332,-0.213379,0.989746,0,0,-0.000532632
1773775316536,0.0893555,-0.213867,0.989746,0.000532632,0,-0.00106526
1773775316607,0.0893555,-0.215332,0.989746,0.00106526,-0.000532632,0.000532632
1773775316687,0.0883789,-0.214355,0.98877,0.000532632,0,0.000532632
1773775316768,0.0893555,-0.213867,0.989746,0,0.000532632,-0.0015979
1773775316838,0.090332,-0.214355,0.991211,0.00106526,-0.0015979,-0.000532632
1773775316921,0.0888672,-0.214355,0.989746,0,-0.00106526,-0.000532632
1773775316993,0.0898438,-0.215332,0.992676,0,-0.000532632,-0.000532632
1773775317071,0.0893555,-0.214355,0.990723,0,0,0
1773775317152,0.0883789,-0.216309,0.991211,0.000532632,0,0
1773775317221,0.090332,-0.212891,0.991211,-0.000532632,-0.000532632,0.000532632
1773775317301,0.0874023,-0.213867,0.990723,-0.00106526,-0.00106526,0.000532632
1773775317382,0.0908203,-0.214844,0.991211,0.000532632,-0.0015979,-0.000532632
1773775317453,0.0878906,-0.215332,0.988281,0,-0.000532632,0.000532632
1773775317533,0.0898438,-0.21582,0.990723,0.00106526,-0.000532632,0
1773775317614,0.0883789,-0.215332,0.990723,0.00106526,-0.00106526,0
1773775317684,0.0913086,-0.215332,0.990723,0.000532632,-0.00106526,0.000532632
1773775317764,0.0893555,-0.21582,0.989258,-0.000532632,-0.00106526,-0.00106526
1773775317845,0.0888672,-0.21582,0.989746,-0.000532632,-0.000532632,0
1773775317916,0.0908203,-0.215332,0.991699,-0.00106526,-0.00106526,0.000532632
1773775317997,0.090332,-0.216797,0.990234,0,-0.000532632,-0.000532632
1773775318076,0.0878906,-0.215332,0.990723,0,-0.000532632,0.00106526
1773775318147,0.090332,-0.213379,0.989746,0.000532632,0,0.000532632
1773775318230,0.0883789,-0.214355,0.990723,0,-0.00106526,0
1773775318308,0.0893555,-0.212402,0.990234,0.000532632,-0.0015979,0
1773775318378,0.0883789,-0.213867,0.990723,0,0,-0.000532632
1773775318460,0.0888672,-0.21582,0.991211,0.000532632,-0.00106526,0
1773775318530,0.0888672,-0.213379,0.988281,-0.000532632,-0.000532632,0.000532632
1773775318610,0.090332,-0.21582,0.990723,0,-0.00106526,0
1773775318692,0.0888672,-0.214355,0.991699,-0.000532632,0,-0.000532632
1773775318761,0.0883789,-0.214844,0.991211,0,0,-0.00106526
1773775318842,0.0869141,-0.215332,0.991699,0.000532632,-0.00106526,0
1773775318923,0.0898438,-0.216797,0.990234,0.000532632,-0.000532632,-0.00106526
1773775318993,0.0898438,-0.212402,0.991211,0,-0.000532632,-0.000532632
1773775319073,0.0922852,-0.215332,0.989746,0,-0.000532632,-0.000532632
1773775319154,0.090332,-0.213379,0.990234,0.000532632,-0.000532632,0
1773775319224,0.0898438,-0.215332,0.990234,0,-0.000532632,0
1773775319305,0.0913086,-0.215332,0.987793,-0.00106526,-0.00106526,0
1773775319385,0.0888672,-0.214844,0.98877,-0.000532632,0,0.000532632
1773775319456,0.090332,-0.216309,0.989258,0.00106526,-0.00106526,-0.000532632
1773775319537,0.0893555,-0.215332,0.990723,0,0,-0.00106526
1773775319617,0.0898438,-0.213867,0.990723,0.000532632,0,0
1773775319687,0.0893555,-0.215332,0.98877,0,-0.000532632,0.000532632
1773775319768,0.0883789,-0.215332,0.990723,0,0,0
1773775319838,0.0893555,-0.213867,0.990234,0,0,0
1773775319919,0.0883789,-0.213867,0.991699,0,0,0
1773775319999,0.0888672,-0.213379,0.990723,-0.000532632,-0.000532632,0
1773775320070,0.0898438,-0.212891,0.991699,0,-0.000532632,0
1773775320152,0.090332,-0.214355,0.990723,-0.000532632,0.00106526,0
1773775320231,0.0908203,-0.212891,0.990234,-0.000532632,-0.000532632,-0.000532632
1773775320302,0.0893555,-0.215332,0.990234,0.000532632,0,0
1773775320382,0.0893555,-0.214844,0.991211,-0.00106526,0.000532632,-0.000532632
1773775320463,0.0898438,-0.21582,0.990234,-0.000532632,-0.000532632,-0.000532632
1773775320533,0.0888672,-0.213867,0.990723,0,-0.000532632,-0.00106526
1773775320614,0.0898438,-0.213867,0.989258,0.000532632,-0.0015979,-0.000532632
1773775320694,0.0893555,-0.213379,0.990723,0,-0.00106526,0.000532632
1773775320765,0.0883789,-0.21582,0.991211,0.000532632,-0.000532632,-0.000532632
1773775320846,0.0888672,-0.212891,0.989746,0.000532632,-0.000532632,0
1773775320926,0.0888672,-0.212891,0.989746,0,-0.00106526,0
1773775320996,0.0888672,-0.215332,0.989258,0,-0.000532632,-0.00106526
1773775321077,0.090332,-0.213379,0.991699,0.000532632,0,0
1773775321147,0.0898438,-0.214355,0.989258,0,-0.000532632,0
1773775321228,0.0898438,-0.214844,0.990723,0,-0.00106526,0
1773775321309,0.090332,-0.213379,0.990723,0.000532632,-0.00106526,0.000532632
1773775321379,0.0864258,-0.21582,0.989258,0,-0.000532632,-0.000532632
1773775321461,0.0898438,-0.21582,0.991699,-0.000532632,-0.00106526,-0.000532632
1773775321540,0.0893555,-0.215332,0.988281,0,0,0.00106526
1773775321611,0.0878906,-0.215332,0.989746,0,-0.0015979,-0.000532632
1773775321691,0.090332,-0.214844,0.988281,-0.000532632,-0.000532632,0.00106526
1773775321772,0.0893555,-0.215332,0.98877,0,0,0
1773775321842,0.0888672,-0.214844,0.990234,0,-0.000532632,-0.000532632
1773775321924,0.090332,-0.215332,0.990234,-0.00106526,-0.000532632,0
1773775322004,0.0908203,-0.216309,0.989258,0,0,0.000532632
1773775322074,0.090332,-0.213867,0.98877,0,-0.000532632,-0.00106526
1773775322155,0.0893555,-0.21582,0.989746,-0.000532632,0,0
1773775322225,0.0883789,-0.215332,0.990234,0,-0.000532632,0
1773775322306,0.0883789,-0.214844,0.989258,-0.000532632,-0.000532632,-0.000532632
1773775322386,0.0883789,-0.214844,0.990723,0.000532632,0.000532632,0
1773775322456,0.0898438,-0.215332,0.990723,0,-0.000532632,0
1773775322540,0.0893555,-0.214844,0.991211,0.000532632,-0.00106526,-0.000532632
1773775322618,0.0888672,-0.21582,0.992188,-0.00106526,-0.000532632,0
1773775322688,0.0898438,-0.212891,0.990723,0,-0.00106526,0.000532632
1773775322769,0.0898438,-0.214844,0.991699,0,0,-0.000532632
1773775322851,0.0888672,-0.212891,0.991699,-0.00106526,-0.00106526,-0.0015979
1773775322920,0.0869141,-0.213867,0.989746,0.00106526,-0.000532632,0.000532632
1773775323002,0.0898438,-0.214844,0.990234,0,0,0
1773775323081,0.0913086,-0.216797,0.991699,-0.000532632,0,0
1773775323152,0.0883789,-0.213867,0.990234,-0.00106526,0.000532632,-0.000532632
1773775323232,0.0898438,-0.214844,0.990723,-0.000532632,-0.000532632,0.00106526
1773775323313,0.0898438,-0.215332,0.98877,0.000532632,0,0.000532632
1773775323383,0.0888672,-0.215332,0.989746,-0.000532632,0,-0.000532632
1773775323464,0.0893555,-0.212891,0.990723,0,-0.000532632,0.000532632
1773775323534,0.090332,-0.215332,0.989746,-0.000532632,-0.000532632,-0.000532632
1773775323615,0.090332,-0.214844,0.990234,0.000532632,-0.000532632,-0.000532632
1773775323695,0.0908203,-0.214355,0.990723,0.000532632,0,0.000532632
1773775323766,0.0898438,-0.213867,0.990723,0,-0.00106526,0.000532632
1773775323846,0.0888672,-0.214844,0.990723,0.000532632,-0.00106526,0.000532632
1773775323919,0.0898438,-0.216309,0.990723,0.000532632,-0.000532632,0
1773775323997,0.0888672,-0.215332,0.989746,0.000532632,0.000532632,-0.000532632
1773775324078,0.0893555,-0.214844,0.991211,0.000532632,-0.00106526,0.000532632
1773775324160,0.0888672,-0.212891,0.989746,0,-0.000532632,0
1773775324229,0.0898438,-0.214355,0.991211,0.00106526,-0.000532632,0
1773775324309,0.090332,-0.215332,0.990234,-0.000532632,-0.0015979,0
1773775324390,0.0908203,-0.215332,0.989746,0,-0.000532632,0
1773775324460,0.0888672,-0.214844,0.991211,0.000532632,-0.00106526,-0.000532632
1773775324541,0.0888672,-0.214355,0.989746,0.000532632,0,0
1773775324622,0.0893555,-0.214355,0.990234,-0.000532632,0,0
1773775324694,0.0883789,-0.213867,0.990723,-0.000532632,-0.000532632,-0.000532632
1773775324773,0.0888672,-0.213379,0.989258,0,0,0
1773775324846,0.0893555,-0.212891,0.991211,-0.000532632,-0.000532632,0
1773775324924,0.0893555,-0.215332,0.990234,0.000532632,-0.00106526,0
1773775325005,0.0898438,-0.214844,0.990723,0,-0.00106526,0.000532632
1773775325075,0.0883789,-0.214355,0.990234,0.00106526,-0.00106526,0
1773775325155,0.0888672,-0.213867,0.990234,0.000532632,-0.00106526,0
1773775325226,0.090332,-0.214844,0.990234,-0.000532632,0,0.000532632
1773775325307,0.0893555,-0.215332,0.991211,0.00106526,0.000532632,-0.000532632
1773775325387,0.0898438,-0.214844,0.988281,0,-0.00106526,-0.000532632
1773775325467,0.0893555,-0.211914,0.989258,0.000532632,-0.000532632,0.000532632
1773775325538,0.0893555,-0.213867,0.990234,0.0015979,-0.000532632,0
1773775325618,0.0898438,-0.215332,0.989258,0.000532632,-0.000532632,0
1773775325699,0.0913086,-0.215332,0.987793,0.000532632,-0.00106526,0.000532632
1773775325769,0.0898438,-0.215332,0.988281,0.000532632,-0.000532632,0
1773775325850,0.090332,-0.214355,0.989258,0.000532632,-0.000532632,0.000532632
1773775325920,0.0917969,-0.21582,0.991211,0,-0.000532632,0.000532632
1773775326001,0.0874023,-0.215332,0.990234,0,0,-0.000532632
1773775326082,0.0908203,-0.216309,0.991211,0,-0.000532632,0
1773775326152,0.0888672,-0.211426,0.989258,-0.000532632,-0.000532632,-0.00213053
1773775326233,0.0898438,-0.213379,0.990723,-0.000532632,-0.000532632,-0.000532632
1773775326313,0.0888672,-0.213379,0.990723,0.00106526,-0.000532632,0.000532632
1773775326384,0.090332,-0.215332,0.991211,-0.000532632,-0.000532632,-0.0015979
1773775326464,0.0893555,-0.212891,0.990234,-0.000532632,-0.0015979,-0.000532632
1773775326545,0.0913086,-0.21582,0.989746,0,-0.000532632,0.000532632
1773775326615,0.0888672,-0.213379,0.990723,0,0,-0.000532632
1773775326696,0.0893555,-0.214844,0.990723,0.000532632,0,0
1773775326776,0.0893555,-0.21582,0.990234,0.000532632,-0.000532632,-0.00106526
1773775326847,0.0898438,-0.215332,0.991211,0.000532632,0,0.000532632
1773775326927,0.0898438,-0.215332,0.992188,0,-0.00106526,0
1773775327008,0.0913086,-0.213867,0.991211,0.000532632,0,-0.000532632
1773775327078,0.0913086,-0.21582,0.991211,-0.000532632,0,0
1773775327159,0.0883789,-0.214355,0.991211,0,-0.000532632,0.00106526
1773775327239,0.0908203,-0.212402,0.991211,0,-0.00213053,-0.00106526
1773775327310,0.0917969,-0.214844,0.992676,0.00106526,0,-0.00106526
1773775327390,0.0898438,-0.213867,0.991699,0,-0.00106526,0.000532632
1773775327471,0.0888672,-0.215332,0.991211,0.000532632,-0.000532632,0
1773775327541,0.0898438,-0.214844,0.991211,-0.000532632,0,0
1773775327622,0.0888672,-0.215332,0.990723,0,-0.00106526,0
1773775327692,0.0893555,-0.216797,0.991211,-0.00106526,-0.000532632,0
1773775327773,0.0893555,-0.213379,0.990234,-0.000532632,0,-0.000532632
1773775327854,0.0888672,-0.214355,0.989746,0.000532632,-0.000532632,0
1773775327924,0.0898438,-0.213379,0.990234,0,-0.00106526,0.000532632
1773775328005,0.0927734,-0.214355,0.990234,0,-0.000532632,-0.000532632
1773775328085,0.0893555,-0.214355,0.990234,0,-0.00106526,0.000532632
1773775328156,0.0883789,-0.213867,0.993164,0.000532632,0,0.000532632
1773775328236,0.090332,-0.214844,0.990234,0.000532632,-0.000532632,0
1773775328317,0.0898438,-0.215332,0.990723,-0.000532632,-0.000532632,0.000532632
1773775328387,0.0893555,-0.214844,0.989258,0,-0.00106526,-0.00106526
1773775328468,0.0908203,-0.214355,0.990723,0.000532632,0,-0.000532632
1773775328549,0.0878906,-0.215332,0.991699,0,0,-0.00106526
1773775328619,0.090332,-0.213867,0.990234,0,-0.00106526,0
1773775328700,0.0893555,-0.212402,0.988281,0.0015979,-0.00106526,-0.00106526
1773775328780,0.0888672,-0.215332,0.990723,0.000532632,0,0
1773775328851,0.0888672,-0.214355,0.990723,-0.000532632,0,0.000532632
1773775328931,0.0859375,-0.215332,0.990234,-0.000532632,-0.000532632,0.000532632
1773775329003,0.0883789,-0.214355,0.990723,0,0,0
1773775329082,0.0883789,-0.21582,0.990234,0,-0.0015979,-0.000532632
1773775329153,0.0878906,-0.213867,0.989746,-0.000532632,-0.000532632,-0.000532632
1773775329235,0.0888672,-0.21582,0.989746,-0.000532632,-0.000532632,0
1773775329314,0.0878906,-0.213379,0.991211,0.000532632,-0.000532632,0
1773775329395,0.0908203,-0.215332,0.990723,0,-0.000532632,0.000532632
1773775329467,0.0893555,-0.215332,0.992188,0,0.000532632,0.000532632
1773775329546,0.0888672,-0.213379,0.990234,0,0,0
1773775329626,0.0893555,-0.215332,0.990234,0.000532632,0,0
1773775329697,0.0883789,-0.21582,0.98877,0,-0.000532632,0.000532632
1773775329777,0.0874023,-0.214355,0.991211,0.000532632,-0.00106526,0
1773775329858,0.0883789,-0.21582,0.989258,-0.00106526,-0.00106526,0
1773775329929,0.0888672,-0.213867,0.990234,0,-0.000532632,0
1773775330009,0.0898438,-0.215332,0.990234,-0.000532632,-0.000532632,0.000532632
1773775330079,0.0883789,-0.21582,0.991211,0.00106526,-0.000532632,0
1773775330160,0.0888672,-0.21582,0.990234,0,-0.00106526,-0.00106526
1773775330241,0.0883789,-0.214355,0.990723,-0.000532632,-0.000532632,-0.000532632
1773775330311,0.0893555,-0.214355,0.991211,0,-0.00106526,0
1773775330392,0.090332,-0.215332,0.992188,0,0,0
1773775330472,0.090332,-0.216309,0.991699,-0.000532632,0,0
1773775330543,0.0893555,-0.215332,0.990723,0,-0.000532632,0
1773775330623,0.0893555,-0.21582,0.991211,0.000532632,0,-0.000532632
1773775330704,0.0883789,-0.214844,0.990723,-0.000532632,-0.00106526,0.000532632
1773775330774,0.0908203,-0.212891,0.992188,0.000532632,0.000532632,0
1773775330855,0.0883789,-0.214355,0.989258,0.000532632,-0.000532632,0.000532632
1773775330935,0.0913086,-0.216309,0.990723,-0.000532632,-0.00106526,0
1773775331006,0.0893555,-0.214844,0.990234,0.000532632,-0.000532632,-0.00106526
1773775331089,0.0893555,-0.214844,0.988281,0.000532632,-0.000532632,-0.000532632
1773775331157,0.0893555,-0.215332,0.992676,0,-0.00106526,-0.000532632
1773775331237,0.0893555,-0.214355,0.989746,-0.000532632,-0.00106526,0.000532632
1773775331318,0.0908203,-0.214844,0.987793,0.000532632,0,-0.000532632
1773775331389,0.0888672,-0.213867,0.98877,0.000532632,0,-0.000532632
1773775331469,0.0893555,-0.213867,0.987793,-0.000532632,-0.000532632,0
1773775331550,0.0922852,-0.212891,0.989746,-0.000532632,-0.000532632,0
1773775331621,0.0878906,-0.213867,0.991699,-0.00106526,-0.000532632,0.000532632
1773775331701,0.0893555,-0.213867,0.990723,0,-0.000532632,0
1773775331782,0.0883789,-0.21582,0.990234,0,0,0
1773775331852,0.090332,-0.215332,0.990723,0,0,0
1773775331933,0.0898438,-0.213379,0.990723,0.000532632,-0.00106526,-0.000532632
1773775332013,0.0898438,-0.216309,0.991699,-0.000532632,-0.000532632,0.000532632
1773775332084,0.0893555,-0.217773,0.990234,0,-0.00106526,0.000532632
1773775332164,0.0893555,-0.216309,0.991699,0.000532632,-0.000532632,0.000532632
1773775332245,0.0898438,-0.214844,0.992188,0.00106526,-0.0015979,0.000532632
1773775332315,0.0893555,-0.212402,0.990723,0.00106526,-0.000532632,-0.000532632
1773775332396,0.090332,-0.216797,0.98877,-0.000532632,0,0.000532632
1773775332467,0.0888672,-0.214355,0.990234,-0.000532632,-0.000532632,-0.00106526
1773775332547,0.0883789,-0.214844,0.989746,0.000532632,-0.000532632,-0.000532632
1773775332627,0.090332,-0.214844,0.990234,0.000532632,-0.0015979,-0.0015979
1773775332698,0.0898438,-0.216309,0.987793,0,-0.00106526,0
1773775332778,0.0874023,-0.214844,0.988281,-0.000532632,0,0.00106526
1773775332859,0.0913086,-0.215332,0.991211,-0.000532632,0,0.000532632
1773775332929,0.0908203,-0.214355,0.98877,0,0,0.000532632
1773775333010,0.0893555,-0.213867,0.989258,0.000532632,0.000532632,0.000532632
1773775333092,0.0893555,-0.212402,0.989746,0,-0.000532632,0
1773775333161,0.0883789,-0.215332,0.990234,0.000532632,0,0
1773775333242,0.0883789,-0.213867,0.990723,0,-0.00106526,-0.000532632
1773775333322,0.0898438,-0.214355,0.98877,0.000532632,-0.000532632,0
1773775333393,0.0888672,-0.213867,0.989258,0,-0.000532632,0
1773775333474,0.0908203,-0.213867,0.989746,0.000532632,0,0.000532632
1773775333554,0.0908203,-0.213867,0.990723,-0.00106526,-0.0015979,-0.00106526
1773775333624,0.0898438,-0.212891,0.990234,0,-0.000532632,-0.000532632
1773775333705,0.0888672,-0.216797,0.990234,-0.000532632,0.000532632,0.000532632
1773775333777,0.0898438,-0.213379,0.990723,0.00106526,-0.0015979,0.000532632
1773775333856,0.0898438,-0.215332,0.98877,-0.000532632,0,-0.000532632
1773775333936,0.0883789,-0.214844,0.991699,-0.00106526,0,-0.000532632
1773775334008,0.0874023,-0.21582,0.990723,-0.000532632,0,-0.000532632
1773775334088,0.0883789,-0.21582,0.989746,-0.000532632,0,-0.000532632
1773775334158,0.0883789,-0.216797,0.990723,0,-0.00106526,-0.000532632
1773775334241,0.0898438,-0.217285,0.989258,-0.000532632,0,-0.00106526
1773775334319,0.0898438,-0.213867,0.993164,0,-0.00106526,0.00213053
1773775334400,0.0898438,-0.213379,0.989258,0,0,0
1773775334470,0.0883789,-0.213867,0.989746,0.000532632,0,-0.000532632
1773775334552,0.0898438,-0.213867,0.989746,0,-0.000532632,-0.00106526
1773775334631,0.0898438,-0.214355,0.992676,0,-0.000532632,0.000532632
1773775334703,0.0888672,-0.217285,0.989258,-0.000532632,-0.00106526,0.00106526
1773775334784,0.090332,-0.216309,0.990723,0,-0.00106526,0.000532632
1773775334863,0.0908203,-0.216309,0.98877,0,-0.000532632,0
1773775334934,0.0898438,-0.21582,0.990723,0,0.000532632,0
1773775335014,0.0898438,-0.214844,0.990234,0,-0.0015979,0
1773775335085,0.0888672,-0.215332,0.98877,0.000532632,-0.00106526,-0.000532632
1773775335165,0.0878906,-0.215332,0.990723,0.000532632,0,0.000532632
1773775335246,0.090332,-0.21582,0.989746,0.00106526,0,0.00106526
1773775335317,0.0883789,-0.21582,0.990234,-0.000532632,-0.00106526,-0.000532632
1773775335396,0.0883789,-0.213379,0.990234,-0.000532632,-0.00106526,0
1773775335477,0.090332,-0.214355,0.989746,0.00106526,0,0
1773775335548,0.0883789,-0.216797,0.988281,-0.000532632,-0.000532632,0
1773775335628,0.0893555,-0.213867,0.991211,0,-0.000532632,-0.000532632
1773775335701,0.0878906,-0.213867,0.989258,0.000532632,0,0
1773775335779,0.090332,-0.213379,0.990723,0.000532632,0,-0.000532632
1773775335859,0.0913086,-0.214844,0.991699,-0.00106526,-0.00106526,-0.00106526
1773775335940,0.0908203,-0.21582,0.991211,0.000532632,0,0.000532632
1773775336011,0.0883789,-0.215332,0.98877,0.00213053,-0.000532632,-0.000532632
1773775336091,0.0898438,-0.21582,0.990723,-0.000532632,-0.000532632,0
1773775336172,0.0908203,-0.214355,0.989746,0.000532632,0.000532632,0
1773775336243,0.0883789,-0.213867,0.990723,0.000532632,0,-0.00106526
1773775336324,0.090332,-0.213379,0.989746,0.000532632,0,0.00106526
1773775336394,0.0888672,-0.214355,0.989746,-0.000532632,-0.00106526,-0.000532632
1773775336474,0.0888672,-0.21582,0.990234,-0.000532632,0,0
1773775336554,0.090332,-0.213867,0.987793,0,-0.000532632,0.000532632
1773775336625,0.0883789,-0.213379,0.990234,0,0,0
1773775336707,0.0883789,-0.213379,0.989746,0.00106526,0,0.00106526
1773775336788,0.090332,-0.212891,0.989746,-0.000532632,-0.000532632,-0.000532632
1773775336856,0.0883789,-0.216309,0.990723,-0.000532632,0,0.00106526
1773775336937,0.090332,-0.213867,0.989746,0.000532632,-0.00106526,-0.00106526
1773775337018,0.0893555,-0.21582,0.991699,0.000532632,-0.000532632,0
1773775337089,0.0893555,-0.214844,0.990234,-0.000532632,-0.000532632,-0.00106526
1773775337170,0.0893555,-0.215332,0.990234,0.000532632,-0.000532632,0.000532632
1773775337250,0.0898438,-0.214355,0.98877,0,-0.000532632,0
1773775337320,0.0893555,-0.214844,0.989258,0,-0.000532632,-0.000532632
1773775337401,0.0913086,-0.212891,0.991699,0.000532632,-0.000532632,0
1773775337481,0.0883789,-0.213867,0.991211,0.000532632,-0.00106526,0.000532632
1773775337552,0.0893555,-0.216309,0.990234,-0.000532632,0.000532632,0
1773775337632,0.0883789,-0.216797,0.988281,0.000532632,0,0.000532632
1773775337705,0.0883789,-0.215332,0.991211,0.000532632,-0.000532632,0
1773775337783,0.0883789,-0.21582,0.989746,-0.000532632,-0.0015979,0.000532632
1773775337864,0.0908203,-0.214844,0.991699,0.0015979,-0.000532632,0
1773775337934,0.0908203,-0.213379,0.990723,0,-0.00106526,-0.000532632
1773775338017,0.0893555,-0.21582,0.991699,0,0,-0.0015979
1773775338095,0.0908203,-0.216797,0.989746,0,-0.000532632,-0.000532632
1773775338166,0.090332,-0.214355,0.989258,0.000532632,0,0
1773775338246,0.0893555,-0.214844,0.989258,0,-0.000532632,-0.000532632
1773775338327,0.0893555,-0.214844,0.991211,0.000532632,-0.000532632,-0.000532632
1773775338398,0.0898438,-0.213867,0.989746,0.000532632,-0.000532632,-0.00106526
1773775338481,0.090332,-0.216309,0.992676,0,0,0.00106526
1773775338549,0.0883789,-0.213379,0.991699,0.00106526,-0.000532632,-0.000532632
1773775338630,0.0908203,-0.215332,0.991211,0,-0.000532632,-0.000532632
1773775338711,0.090332,-0.21582,0.990234,0.000532632,-0.000532632,0.000532632
1773775338781,0.0893555,-0.212402,0.989746,0.00106526,-0.000532632,0.000532632
1773775338861,0.0893555,-0.213867,0.990723,0,-0.00106526,0
1773775338941,0.090332,-0.214355,0.989746,0.000532632,0,0
1773775339014,0.0888672,-0.212891,0.990234,0.00106526,-0.0015979,0
1773775339095,0.0883789,-0.214844,0.990723,0,0,0
1773775339175,0.0893555,-0.212402,0.990234,-0.000532632,0,-0.000532632
1773775339244,0.0874023,-0.214355,0.989746,-0.000532632,0,0.000532632
1773775339324,0.0883789,-0.215332,0.990723,-0.00106526,-0.000532632,-0.000532632
1773775339405,0.0893555,-0.213867,0.991211,0,-0.000532632,0.000532632
1773775339475,0.0888672,-0.213379,0.991211,-0.000532632,0,0
1773775339556,0.0917969,-0.214844,0.991211,0,-0.000532632,0
1773775339626,0.0898438,-0.213867,0.990234,0,-0.000532632,-0.000532632
1773775339707,0.0898438,-0.21582,0.991211,0,0,0.00106526
1773775339788,0.0874023,-0.216797,0.990723,-0.000532632,-0.000532632,-0.00106526
1773775339868,0.090332,-0.214844,0.990723,0.00106526,-0.000532632,0
1773775339941,0.0898438,-0.212402,0.990723,0,-0.000532632,0
1773775340019,0.090332,-0.212402,0.989746,-0.00106526,-0.000532632,-0.00106526
1773775340091,0.0898438,-0.213867,0.993652,0,-0.000532632,0
1773775340170,0.0893555,-0.213379,0.990723,-0.000532632,-0.000532632,0
1773775340251,0.0913086,-0.214355,0.991211,0,0.000532632,0
1773775340321,0.090332,-0.213867,0.992188,0,-0.000532632,0
1773775340401,0.0893555,-0.214844,0.989258,0,0.000532632,0.00106526
1773775340482,0.0883789,-0.214355,0.990723,-0.000532632,-0.00106526,-0.000532632
1773775340552,0.0883789,-0.215332,0.991211,0,0.000532632,-0.000532632
1773775340633,0.090332,-0.213379,0.991211,-0.000532632,-0.00106526,-0.00106526
1773775340713,0.0878906,-0.215332,0.989746,0.000532632,-0.00106526,-0.00106526
1773775340784,0.0898438,-0.212891,0.990234,-0.000532632,-0.000532632,-0.000532632
1773775340865,0.0908203,-0.21582,0.991211,0,0,0.000532632
1773775340945,0.0908203,-0.215332,0.993164,0,-0.00213053,0
1773775341016,0.0888672,-0.212891,0.990234,-0.000532632,0,-0.00106526
1773775341096,0.0893555,-0.216797,0.991211,0.000532632,-0.0015979,-0.000532632
1773775341177,0.0883789,-0.214355,0.993164,0.000532632,-0.00106526,0
1773775341247,0.0898438,-0.213867,0.990234,-0.00106526,-0.000532632,0
1773775341328,0.0874023,-0.214355,0.991211,-0.000532632,-0.000532632,-0.000532632
1773775341408,0.0893555,-0.214844,0.98877,-0.000532632,-0.000532632,-0.000532632
1773775341479,0.090332,-0.213867,0.98877,0.000532632,0,0
1773775341559,0.0888672,-0.216309,0.990234,-0.000532632,-0.000532632,0.000532632
1773775341630,0.0883789,-0.215332,0.991211,-0.0015979,-0.00106526,0
1773775341711,0.090332,-0.213867,0.991211,0,0,0
1773775341792,0.090332,-0.213867,0.98877,0.000532632,0,-0.00106526
1773775341862,0.0888672,-0.216797,0.989258,0,-0.00106526,0
1773775341942,0.090332,-0.216309,0.991211,-0.000532632,0.00106526,-0.000532632
1773775342023,0.0893555,-0.214844,0.989258,0,-0.000532632,0.000532632
1773775342093,0.0888672,-0.216309,0.991211,-0.00106526,-0.00106526,0
1773775342174,0.0898438,-0.214355,0.992188,0.000532632,-0.00106526,-0.000532632
1773775342254,0.0883789,-0.21582,0.989258,0,0,0
1773775342325,0.0883789,-0.21582,0.989258,-0.000532632,-0.00106526,0
1773775342405,0.0898438,-0.213867,0.989258,0,-0.00106526,0
1773775342476,0.0883789,-0.217285,0.991699,-0.000532632,-0.000532632,-0.000532632
1773775342556,0.0898438,-0.214844,0.990723,-0.000532632,-0.000532632,-0.000532632
1773775342638,0.0874023,-0.215332,0.992188,0,-0.00106526,0
1773775342717,0.0883789,-0.217773,0.989746,-0.000532632,-0.000532632,0.000532632
1773775342790,0.090332,-0.214844,0.987793,-0.000532632,-0.000532632,0
1773775342868,0.0883789,-0.214844,0.990234,-0.000532632,-0.000532632,0
1773775342941,0.090332,-0.21582,0.988281,-0.000532632,-0.000532632,0.000532632
1773775343022,0.0888672,-0.213867,0.990723,-0.000532632,0,-0.000532632
1773775343100,0.0888672,-0.214355,0.991211,-0.000532632,0,-0.000532632
1773775343170,0.090332,-0.213867,0.989746,-0.000532632,-0.00106526,0
1773775343252,0.0883789,-0.212891,0.98877,0,-0.000532632,0.00106526
1773775343332,0.0917969,-0.21582,0.989746,-0.00106526,-0.000532632,0
1773775343402,0.0917969,-0.214844,0.989746,0,0,-0.000532632
1773775343483,0.090332,-0.213867,0.989746,0,0,-0.00106526
1773775343563,0.0883789,-0.214355,0.990723,0.000532632,-0.000532632,-0.000532632
1773775343635,0.0898438,-0.212891,0.987793,0,-0.000532632,0
1773775343715,0.0893555,-0.215332,0.989258,-0.000532632,-0.000532632,0.00106526
1773775343795,0.0883789,-0.214844,0.98877,-0.000532632,0,0.000532632
1773775343865,0.090332,-0.216309,0.990234,-0.000532632,-0.000532632,0
1773775343946,0.0883789,-0.213867,0.98877,-0.000532632,-0.00106526,0
1773775344021,0.0898438,-0.21582,0.990234,0,-0.000532632,0
1773775344097,0.0898438,-0.215332,0.991211,-0.00106526,-0.00106526,-0.000532632
1773775344178,0.0908203,-0.214355,0.989746,0,0,-0.000532632
1773775344248,0.0888672,-0.213867,0.98877,0.000532632,-0.00106526,0.00106526
1773775344329,0.0888672,-0.21582,0.989258,0.000532632,-0.000532632,0
1773775344409,0.0878906,-0.216309,0.989746,0,-0.00106526,0
1773775344480,0.0888672,-0.215332,0.988281,-0.00106526,-0.000532632,0.000532632
1773775344561,0.0908203,-0.214844,0.98877,0,-0.00106526,0.00106526
1773775344641,0.0908203,-0.213867,0.991211,-0.00106526,-0.00106526,0.000532632
1773775344713,0.0908203,-0.214844,0.989746,0.00106526,-0.00106526,0
1773775344792,0.0883789,-0.215332,0.991211,0,-0.0015979,0.000532632
1773775344872,0.0898438,-0.212402,0.991211,0.000532632,-0.000532632,0
1773775344944,0.0898438,-0.214355,0.989746,0,-0.000532632,-0.000532632
1773775345024,0.0898438,-0.215332,0.990723,0.0015979,0,0
1773775345096,0.090332,-0.214355,0.989258,0.00106526,0.000532632,0
1773775345175,0.0878906,-0.214844,0.990234,-0.00106526,-0.00106526,0
1773775345256,0.0888672,-0.214355,0.989746,0,-0.000532632,0.00106526
1773775345326,0.0878906,-0.214844,0.988281,0,-0.0015979,-0.000532632
1773775345407,0.0878906,-0.213867,0.992188,-0.000532632,-0.00106526,0
1773775345487,0.090332,-0.21582,0.990723,0,0,-0.000532632
1773775345558,0.0898438,-0.215332,0.990234,0.000532632,0,0
1773775345638,0.0874023,-0.214355,0.990234,0,0,0
1773775345719,0.0898438,-0.21582,0.988281,-0.000532632,-0.000532632,0
1773775345789,0.0893555,-0.214355,0.990234,0.000532632,0,0
1773775345870,0.0898438,-0.214355,0.989746,-0.000532632,-0.00106526,0.000532632
1773775345950,0.0883789,-0.214844,0.990723,0.000532632,-0.000532632,-0.000532632
1773775346022,0.0893555,-0.212891,0.990234,0,-0.000532632,-0.00106526
1773775346101,0.0917969,-0.216309,0.991211,0.00106526,0,-0.000532632
1773775346182,0.0888672,-0.213379,0.991211,0.000532632,-0.000532632,0
1773775346252,0.0883789,-0.212891,0.989258,0.000532632,0.000532632,-0.00106526
1773775346333,0.0908203,-0.214355,0.990234,0.000532632,-0.00106526,0
1773775346404,0.0898438,-0.214355,0.988281,0.000532632,-0.00106526,0
1773775346484,0.0898438,-0.211426,0.991211,0.000532632,0,0.00106526
1773775346565,0.0874023,-0.213379,0.991211,0,-0.00106526,-0.000532632
1773775346636,0.0888672,-0.216309,0.990234,0,0,0.000532632
1773775346716,0.0898438,-0.21582,0.989746,-0.000532632,-0.0015979,0
1773775346797,0.0893555,-0.213379,0.990234,0.000532632,0,0
1773775346867,0.0893555,-0.216309,0.98877,0,0,-0.000532632
1773775346948,0.090332,-0.214844,0.990723,0.000532632,-0.000532632,0.000532632
1773775347029,0.0893555,-0.214355,0.991699,-0.000532632,0,0
1773775347100,0.0888672,-0.213867,0.990723,-0.000532632,-0.000532632,-0.000532632
1773775347179,0.0898438,-0.214844,0.992188,0,-0.00106526,0
1773775347260,0.0893555,-0.214844,0.992188,0.000532632,-0.000532632,-0.00106526
1773775347330,0.0898438,-0.213867,0.991211,-0.000532632,-0.00106526,-0.000532632
1773775347411,0.0888672,-0.213379,0.990723,0,0,0
1773775347482,0.0888672,-0.213867,0.990234,0.000532632,-0.00106526,0.000532632
1773775347563,0.0898438,-0.216309,0.991211,0,0,0.00106526
1773775347643,0.0893555,-0.213379,0.991211,0.000532632,-0.000532632,-0.000532632
1773775347713,0.0898438,-0.217285,0.988281,0.000532632,-0.000532632,0.000532632
1773775347794,0.0878906,-0.214355,0.990723,0,-0.000532632,0
1773775347874,0.0898438,-0.213379,0.990723,-0.000532632,-0.000532632,0
1773775347945,0.0908203,-0.215332,0.990234,0.000532632,-0.000532632,0
1773775348025,0.0883789,-0.214844,0.989258,0.000532632,0,0
1773775348106,0.0888672,-0.213867,0.989258,-0.00106526,-0.000532632,0.000532632
1773775348177,0.0898438,-0.21582,0.989258,0,0,-0.000532632
1773775348257,0.090332,-0.214355,0.992676,-0.000532632,0.000532632,-0.00106526
1773775348338,0.0874023,-0.21582,0.98877,0.000532632,-0.000532632,0.000532632
1773775348408,0.0878906,-0.214355,0.98877,0,-0.0015979,-0.00106526
1773775348489,0.090332,-0.215332,0.989746,-0.00106526,-0.00106526,-0.00106526
1773775348569,0.0908203,-0.213867,0.987793,-0.00106526,-0.0015979,0.000532632
1773775348640,0.090332,-0.216309,0.989746,0,-0.000532632,-0.000532632
1773775348721,0.090332,-0.214355,0.989258,0.000532632,0,0.000532632
1773775348791,0.0898438,-0.213379,0.990723,0.000532632,0,-0.00106526
1773775348872,0.0888672,-0.213379,0.989258,0,0.000532632,-0.00106526
1773775348952,0.090332,-0.214844,0.990234,0.00106526,0,0
1773775349023,0.0893555,-0.21582,0.991211,0,-0.000532632,0
1773775349103,0.0908203,-0.21582,0.990234,0,-0.00106526,-0.000532632
1773775349184,0.0893555,-0.215332,0.991211,0,-0.00106526,-0.000532632
1773775349254,0.0874023,-0.213379,0.990723,0.000532632,-0.00106526,0
1773775349335,0.0908203,-0.21582,0.990723,0.000532632,-0.000532632,-0.00106526
1773775349416,0.090332,-0.213867,0.990723,0.000532632,0,0.000532632
1773775349486,0.0888672,-0.214844,0.989258,0,-0.000532632,-0.000532632
1773775349567,0.0893555,-0.215332,0.990234,0.000532632,-0.00106526,-0.000532632
1773775349637,0.0883789,-0.21582,0.992188,0.00106526,0,0
1773775349718,0.0878906,-0.21582,0.989746,0.000532632,0,-0.000532632
1773775349799,0.0898438,-0.214844,0.988281,0.00106526,-0.000532632,-0.00106526
1773775349869,0.0898438,-0.214355,0.991211,0,-0.00106526,0.000532632
1773775349950,0.090332,-0.214355,0.989746,0,-0.000532632,0
1773775350030,0.0869141,-0.21582,0.990234,-0.000532632,0,0.000532632
1773775350103,0.0883789,-0.214844,0.989258,0.00106526,-0.00106526,0
1773775350181,0.0888672,-0.212402,0.98877,-0.000532632,-0.000532632,-0.000532632
1773775350262,0.0908203,-0.214355,0.990234,0,-0.000532632,0.000532632
1773775350332,0.0874023,-0.212402,0.991699,0,-0.00106526,0
1773775350413,0.0898438,-0.216309,0.990234,0.00106526,0,0
1773775350494,0.0883789,-0.214844,0.990723,0.000532632,-0.00106526,-0.000532632
1773775350564,0.0878906,-0.21582,0.991211,0,-0.00106526,0.000532632
1773775350645,0.0898438,-0.215332,0.989258,-0.000532632,-0.00106526,-0.000532632
1773775350725,0.0883789,-0.211914,0.989258,0.000532632,-0.000532632,0.000532632
1773775350796,0.090332,-0.214844,0.989258,0.00106526,-0.000532632,0.000532632
1773775350876,0.0888672,-0.214355,0.989258,-0.000532632,-0.000532632,0
1773775350948,0.090332,-0.215332,0.990723,-0.000532632,0,0.000532632
1773775351028,0.090332,-0.215332,0.992188,0.000532632,-0.000532632,0
1773775351110,0.0893555,-0.214844,0.990234,-0.000532632,-0.000532632,0.000532632
1773775351178,0.0898438,-0.216797,0.990723,0.000532632,-0.00106526,0
1773775351259,0.090332,-0.215332,0.989258,-0.000532632,0,-0.0015979
1773775351340,0.0883789,-0.213867,0.991699,0,-0.00106526,-0.00106526
1773775351410,0.0898438,-0.21582,0.990723,-0.000532632,-0.0015979,0.000532632
1773775351490,0.0883789,-0.216309,0.988281,0,-0.00106526,0
1773775351571,0.0888672,-0.214844,0.98877,0,-0.00106526,-0.00106526
1773775351643,0.0888672,-0.214355,0.989746,0,-0.00106526,0
1773775351722,0.090332,-0.214844,0.991211,0.000532632,-0.000532632,0.000532632
1773775351802,0.0883789,-0.214355,0.988281,-0.000532632,-0.00106526,0
1773775351873,0.0898438,-0.214844,0.990723,0.000532632,0,-0.000532632
1773775351955,0.0898438,-0.214355,0.991699,-0.000532632,0,0
1773775352034,0.0883789,-0.213867,0.98877,0,0,-0.000532632
1773775352105,0.0898438,-0.215332,0.98877,0,-0.000532632,0
1773775352185,0.090332,-0.214355,0.98877,-0.000532632,0,0
1773775352266,0.0893555,-0.214355,0.989746,0.000532632,-0.0015979,-0.000532632
1773775352336,0.0878906,-0.213867,0.989746,0.000532632,-0.000532632,-0.00106526
1773775352417,0.0893555,-0.214844,0.987305,-0.000532632,-0.000532632,0.000532632
1773775352487,0.0883789,-0.21582,0.990723,-0.000532632,0.000532632,-0.00106526
1773775352568,0.0883789,-0.214844,0.990234,0,0,0.000532632
1773775352648,0.0893555,-0.213867,0.987305,-0.000532632,0.000532632,-0.000532632
1773775352719,0.0869141,-0.214355,0.989746,0.000532632,0,-0.000532632
1773775352802,0.0898438,-0.214355,0.990234,-0.000532632,-0.0015979,-0.000532632
1773775352880,0.0893555,-0.214844,0.990723,-0.000532632,-0.000532632,-0.0015979
1773775352952,0.0883789,-0.214844,0.988281,0,-0.000532632,0
1773775353031,0.0908203,-0.213867,0.989746,0.00106526,0,0
1773775353111,0.090332,-0.214355,0.987793,0.000532632,0,0.000532632
1773775353182,0.0869141,-0.214355,0.989258,0,0,0
1773775353262,0.0898438,-0.215332,0.990723,-0.000532632,0,-0.000532632
1773775353343,0.0898438,-0.213379,0.989746,-0.000532632,-0.000532632,0.000532632
1773775353415,0.0908203,-0.215332,0.990723,-0.00106526,-0.00106526,-0.00106526
1773775353495,0.0878906,-0.21582,0.990234,0,-0.00106526,-0.000532632
1773775353574,0.090332,-0.214355,0.990723,-0.00106526,0,0
1773775353645,0.0883789,-0.213379,0.988281,-0.000532632,-0.000532632,0
1773775353725,0.0864258,-0.214844,0.991211,0.000532632,-0.000532632,-0.000532632
1773775353806,0.0908203,-0.213379,0.990234,0,0,-0.000532632
1773775353876,0.0883789,-0.21582,0.989258,0,-0.00106526,0
1773775353957,0.0888672,-0.214844,0.990723,0,-0.000532632,-0.000532632
1773775354027,0.0913086,-0.215332,0.991211,0,-0.000532632,0
1773775354109,0.0878906,-0.215332,0.992188,0.00106526,-0.000532632,0.000532632
1773775354189,0.0898438,-0.215332,0.98877,0,-0.000532632,0
1773775354262,0.0878906,-0.216309,0.989746,0,-0.000532632,-0.00106526
1773775354340,0.0874023,-0.214844,0.991211,0,-0.000532632,0
1773775354420,0.0888672,-0.21582,0.989746,-0.00106526,0,0.000532632
1773775354491,0.0908203,-0.214355,0.989746,0.00106526,-0.00106526,-0.000532632
1773775354572,0.0874023,-0.214844,0.990234,0.000532632,-0.00106526,-0.000532632
1773775354652,0.0864258,-0.214355,0.990234,0,-0.000532632,0
1773775354723,0.0888672,-0.212402,0.98877,0.000532632,-0.000532632,0
1773775354804,0.090332,-0.213379,0.990234,0,-0.000532632,0
1773775354884,0.0893555,-0.213867,0.991211,0.000532632,-0.000532632,0.000532632
1773775354954,0.0888672,-0.214844,0.989746,0.000532632,-0.000532632,-0.000532632
1773775355035,0.0878906,-0.21582,0.990723,0.000532632,0,-0.000532632
1773775355105,0.0893555,-0.215332,0.98877,0.0015979,-0.00106526,-0.00106526
1773775355186,0.0893555,-0.215332,0.990234,-0.000532632,-0.000532632,-0.000532632
1773775355267,0.0898438,-0.21582,0.989746,-0.000532632,0,0.00106526
1773775355337,0.0888672,-0.212891,0.989258,0,0,0
1773775355417,0.090332,-0.21582,0.989746,-0.000532632,-0.000532632,0.00106526
1773775355498,0.0883789,-0.214355,0.989258,0.000532632,0,0
1773775355568,0.0864258,-0.214844,0.987793,0,-0.000532632,-0.000532632
1773775355649,0.0888672,-0.214355,0.990723,0,-0.000532632,-0.00106526
1773775355729,0.0878906,-0.21582,0.989258,0,-0.000532632,0
1773775355800,0.0898438,-0.214355,0.98877,0.000532632,0,-0.000532632
1773775355880,0.0878906,-0.216797,0.990723,0.0015979,0,-0.00106526
1773775355961,0.0893555,-0.215332,0.990234,0,-0.00106526,-0.00106526
1773775356033,0.0874023,-0.21582,0.988281,0,0.000532632,0
1773775356112,0.0888672,-0.212891,0.990234,-0.000532632,-0.0015979,0
1773775356193,0.0883789,-0.214355,0.990723,-0.000532632,-0.00106526,0
1773775356263,0.0883789,-0.217285,0.989258,-0.00106526,-0.000532632,-0.000532632
1773775356344,0.0893555,-0.215332,0.98877,0,0.000532632,0.00106526
1773775356416,0.0893555,-0.215332,0.989746,0,-0.000532632,0.000532632
1773775356495,0.0888672,-0.212891,0.98877,-0.000532632,0.000532632,0.000532632
1773775356575,0.0883789,-0.214844,0.990234,0,0.000532632,0
1773775356646,0.0888672,-0.214844,0.991211,0.000532632,-0.000532632,0.00106526
1773775356727,0.0888672,-0.215332,0.989258,-0.000532632,0.000532632,0
1773775356797,0.0893555,-0.214355,0.987305,-0.00106526,-0.000532632,-0.000532632
1773775356878,0.0878906,-0.216309,0.991699,0.000532632,0,-0.000532632
1773775356961,0.0888672,-0.214355,0.990234,-0.000532632,-0.000532632,-0.00106526
1773775357040,0.0893555,-0.213379,0.990234,0,0,0
1773775357111,0.090332,-0.218262,0.991211,-0.000532632,-0.00106526,-0.000532632
1773775357190,0.0888672,-0.214844,0.989746,0,0.000532632,0
1773775357262,0.0883789,-0.215332,0.989746,0.000532632,-0.0015979,0.000532632
1773775357341,0.0913086,-0.214844,0.991211,0,0,-0.000532632
1773775357422,0.0893555,-0.21582,0.989746,0,0,-0.000532632
1773775357493,0.0898438,-0.212891,0.990723,0,0,-0.000532632
1773775357573,0.0908203,-0.21582,0.989746,0,-0.000532632,-0.000532632
1773775357654,0.0908203,-0.215332,0.989258,0,-0.0015979,-0.000532632
1773775357723,0.0893555,-0.213379,0.989258,0,-0.000532632,0
1773775357804,0.0908203,-0.213867,0.991211,-0.000532632,-0.00106526,0
1773775357884,0.0888672,-0.215332,0.990723,0,0,-0.00106526
1773775357958,0.0888672,-0.214355,0.991211,-0.00106526,-0.000532632,-0.00106526
1773775358037,0.0878906,-0.214355,0.991699,0,-0.00106526,0
1773775358116,0.0908203,-0.214844,0.990234,0,0.00106526,-0.00106526
1773775358186,0.0898438,-0.213867,0.989746,0,-0.000532632,-0.00106526
1773775358268,0.0874023,-0.215332,0.989258,0.00106526,-0.000532632,0
1773775358348,0.0908203,-0.213379,0.991211,0.000532632,-0.000532632,0
1773775358418,0.0883789,-0.21582,0.987793,-0.000532632,-0.000532632,0
1773775358499,0.0883789,-0.213379,0.989746,0.000532632,-0.00106526,0
1773775358570,0.0859375,-0.216309,0.991211,-0.000532632,-0.0015979,-0.00106526
1773775358651,0.0878906,-0.214844,0.991699,-0.0015979,-0.00106526,0.000532632
1773775358730,0.0874023,-0.215332,0.989746,0,-0.00106526,0.00106526
1773775358801,0.0898438,-0.21582,0.990723,-0.0015979,0,0
1773775358882,0.0917969,-0.214355,0.990723,0,-0.000532632,-0.000532632
1773775358963,0.0898438,-0.213867,0.992188,0.000532632,-0.00106526,0
1773775359035,0.0893555,-0.214844,0.989746,0.000532632,0.000532632,0.000532632
1773775359113,0.0883789,-0.215332,0.991211,0,-0.000532632,-0.0015979
1773775359193,0.090332,-0.214844,0.990234,-0.000532632,-0.00106526,0
1773775359264,0.0888672,-0.215332,0.990723,0.000532632,-0.0015979,0
1773775359344,0.0893555,-0.214844,0.989746,0,0,0
1773775359425,0.0908203,-0.21582,0.991211,0.000532632,0,0
1773775359495,0.0898438,-0.213379,0.991699,0,0,-0.000532632
1773775359577,0.0893555,-0.214844,0.991211,0.00106526,0,-0.00106526
1773775359657,0.0893555,-0.215332,0.990234,0.00106526,-0.000532632,0.00106526
1773775359727,0.0878906,-0.213867,0.991211,-0.000532632,-0.0015979,0
1773775359808,0.0908203,-0.215332,0.989746,0.000532632,-0.000532632,0
1773775359888,0.0898438,-0.21582,0.989746,0,0,-0.000532632
1773775359962,0.0888672,-0.21582,0.992188,0,-0.00106526,-0.000532632
1773775360039,0.0878906,-0.214844,0.989258,0,-0.000532632,-0.000532632
1773775360111,0.0898438,-0.212402,0.989746,-0.00106526,-0.00106526,0
1773775360190,0.0888672,-0.216309,0.98877,0.000532632,-0.000532632,0.000532632
1773775360271,0.0898438,-0.213867,0.990723,0.000532632,-0.000532632,0.000532632
1773775360342,0.0888672,-0.213379,0.990723,-0.000532632,-0.00106526,-0.000532632
1773775360423,0.0898438,-0.213379,0.989258,0,0,-0.000532632
1773775360502,0.090332,-0.21582,0.990723,0,0,-0.000532632
1773775360573,0.0888672,-0.213379,0.991211,0,-0.000532632,0
1773775360653,0.0893555,-0.215332,0.991211,0.000532632,-0.000532632,-0.000532632
1773775360734,0.0917969,-0.212891,0.990723,0,0,0.000532632
1773775360804,0.0898438,-0.213867,0.990234,0.000532632,-0.0015979,-0.000532632
1773775360886,0.0869141,-0.213867,0.989258,-0.000532632,0.000532632,0
1773775360957,0.0898438,-0.215332,0.990723,0,-0.000532632,0.000532632
1773775361036,0.0908203,-0.212402,0.991211,0,-0.00106526,0.00106526
1773775361117,0.0888672,-0.215332,0.988281,0,0,0
1773775361197,0.0878906,-0.216309,0.98877,-0.000532632,0,0
1773775361267,0.0893555,-0.212402,0.991211,0,0,0.000532632
1773775361348,0.0898438,-0.213379,0.990723,0.000532632,-0.000532632,0.000532632
1773775361429,0.090332,-0.21582,0.991699,0,0,0
1773775361499,0.0898438,-0.216309,0.990723,-0.00106526,0,-0.000532632
1773775361579,0.0888672,-0.213379,0.991699,0,0,-0.000532632
1773775361650,0.0888672,-0.213867,0.987793,0,0,-0.00106526
1773775361731,0.0898438,-0.21582,0.990234,0.000532632,0,0
1773775361812,0.0908203,-0.214355,0.990234,0.000532632,0.000532632,-0.00106526
1773775361882,0.0908203,-0.215332,0.989746,0,0,0
1773775361962,0.0893555,-0.213379,0.991211,0.000532632,0,0
1773775362044,0.0898438,-0.214844,0.991211,-0.000532632,-0.000532632,0
1773775362115,0.0917969,-0.215332,0.992188,0.000532632,0,-0.000532632
1773775362194,0.0878906,-0.214355,0.990723,0.000532632,-0.000532632,0.000532632
1773775362274,0.0883789,-0.214355,0.991211,0,-0.000532632,-0.000532632
1773775362345,0.090332,-0.213379,0.991211,0,-0.000532632,-0.000532632
1773775362425,0.0898438,-0.215332,0.991699,0,-0.00106526,0
1773775362506,0.0878906,-0.214844,0.990234,0.000532632,0,-0.000532632
1773775362576,0.090332,-0.212891,0.990234,-0.000532632,0.000532632,0.000532632
1773775362657,0.0893555,-0.213867,0.990723,0.000532632,-0.000532632,0
1773775362738,0.0893555,-0.215332,0.990234,0,-0.00106526,0.000532632
1773775362808,0.0888672,-0.216309,0.987793,0,0.000532632,0.00106526
1773775362890,0.0898438,-0.214844,0.990723,0.000532632,-0.00106526,0
1773775362959,0.0898438,-0.214355,0.991699,0.0015979,0,-0.000532632
1773775363040,0.0883789,-0.213379,0.989746,0,0,-0.000532632
1773775363120,0.090332,-0.213867,0.990723,0.000532632,-0.000532632,0.00106526
1773775363192,0.0898438,-0.215332,0.990234,0.000532632,-0.000532632,0.000532632
1773775363273,0.0893555,-0.216309,0.989746,0,-0.000532632,-0.00106526
1773775363352,0.0893555,-0.213867,0.989258,0,-0.00106526,0
1773775363424,0.0883789,-0.214355,0.989258,-0.000532632,-0.000532632,0
1773775363503,0.0883789,-0.214844,0.989746,0.000532632,-0.0015979,0.000532632
1773775363584,0.0898438,-0.216797,0.98877,0.000532632,0,-0.000532632
1773775363655,0.0898438,-0.213379,0.991211,0,-0.00106526,0
1773775363735,0.0893555,-0.215332,0.989258,0,-0.000532632,0
1773775363815,0.0898438,-0.214844,0.991211,-0.000532632,0,-0.000532632
1773775363886,0.0888672,-0.215332,0.990234,0,-0.000532632,-0.000532632
1773775363966,0.090332,-0.214844,0.990234,-0.000532632,0,0
1773775364047,0.0898438,-0.214355,0.989258,0,-0.000532632,-0.000532632
1773775364117,0.0874023,-0.216797,0.992188,0,-0.000532632,0
1773775364198,0.0883789,-0.212402,0.990723,0.000532632,-0.000532632,0
1773775364270,0.0888672,-0.212891,0.990234,-0.000532632,-0.000532632,0.00106526
1773775364349,0.0878906,-0.215332,0.990234,0,-0.00106526,0
1773775364430,0.0883789,-0.212402,0.990723,-0.000532632,0.00106526,-0.000532632
1773775364500,0.0898438,-0.21582,0.990234,0,-0.000532632,0
1773775364580,0.0888672,-0.215332,0.989746,0,-0.00106526,0.000532632
1773775364661,0.0893555,-0.215332,0.991211,-0.000532632,-0.000532632,0.00106526
1773775364733,0.0888672,-0.213867,0.989746,0,-0.00106526,0.000532632
1773775364812,0.0893555,-0.21582,0.991211,0.000532632,0,-0.000532632
1773775364893,0.0878906,-0.215332,0.989746,0.00106526,0.000532632,-0.000532632
1773775364963,0.0874023,-0.213379,0.989746,-0.000532632,0,0
1773775365044,0.0878906,-0.215332,0.990234,0.000532632,-0.000532632,0
1773775365124,0.0913086,-0.213379,0.989746,0.000532632,0,0
1773775365196,0.090332,-0.214355,0.990234,0.000532632,0,0
1773775365275,0.090332,-0.214844,0.990723,0,-0.000532632,0.00106526
1773775365346,0.0883789,-0.214844,0.986816,0,0,0.000532632
1773775365426,0.0893555,-0.215332,0.989258,0,-0.00106526,-0.00106526
1773775365507,0.0878906,-0.212891,0.989746,0,0,-0.000532632
1773775365577,0.0893555,-0.215332,0.990234,0.000532632,-0.00106526,-0.000532632
1773775365658,0.0869141,-0.214355,0.990723,0,-0.00106526,0.00106526
1773775365738,0.0898438,-0.213867,0.990234,-0.00106526,0,0.00106526
1773775365809,0.0888672,-0.213379,0.989746,-0.000532632,-0.000532632,0
1773775365890,0.0883789,-0.215332,0.990234,0.0015979,-0.00106526,0.000532632
1773775365971,0.0883789,-0.216309,0.991211,0,0,0.000532632
1773775366043,0.0888672,-0.212891,0.987793,-0.000532632,0,-0.000532632
1773775366121,0.090332,-0.214355,0.991211,-0.000532632,-0.00106526,0.000532632
1773775366192,0.0908203,-0.214844,0.988281,0,-0.0015979,0
1773775366273,0.0883789,-0.213867,0.991211,-0.000532632,0,0.000532632
1773775366353,0.0888672,-0.217285,0.990723,0.000532632,0,-0.000532632
1773775366434,0.0869141,-0.217285,0.990234,0,-0.00106526,-0.00106526
1773775366504,0.0898438,-0.213379,0.990723,-0.000532632,0,0.000532632
1773775366585,0.0898438,-0.214355,0.989746,0.00106526,0.000532632,-0.000532632
1773775366655,0.090332,-0.215332,0.991699,0,-0.000532632,0.000532632
1773775366736,0.0922852,-0.214355,0.989258,0.000532632,-0.000532632,-0.000532632
1773775366816,0.0888672,-0.214844,0.990723,-0.000532632,0,0.00106526
1773775366887,0.0874023,-0.216309,0.988281,0,-0.0015979,-0.000532632
1773775366967,0.0883789,-0.215332,0.98877,-0.000532632,0,0
1773775367048,0.0898438,-0.21582,0.991211,0,0,-0.00106526
1773775367120,0.0888672,-0.212891,0.990723,0,0,0.000532632
1773775367200,0.0888672,-0.214355,0.990723,0.000532632,-0.000532632,0.00106526
1773775367279,0.0888672,-0.213379,0.991211,0.000532632,-0.00106526,-0.000532632
1773775367350,0.0888672,-0.213867,0.990723,0.0015979,0.000532632,0.000532632
1773775367430,0.0883789,-0.216797,0.990234,-0.000532632,-0.000532632,0.000532632
1773775367511,0.0922852,-0.21582,0.989746,0.000532632,-0.000532632,-0.000532632
1773775367582,0.0893555,-0.215332,0.989746,-0.000532632,-0.00106526,0
1773775367662,0.0883789,-0.214355,0.990723,0.000532632,-0.000532632,0.000532632
1773775367733,0.0893555,-0.214844,0.990234,0.000532632,-0.0015979,0
1773775367813,0.0888672,-0.213867,0.991699,-0.00106526,-0.000532632,0
1773775367894,0.0908203,-0.213867,0.990723,0,0,-0.000532632
1773775367964,0.0888672,-0.213379,0.990723,0,-0.000532632,-0.000532632
1773775368045,0.090332,-0.214844,0.991699,-0.000532632,0,0.000532632
1773775368125,0.0888672,-0.216309,0.990234,0,0.00106526,0
1773775368196,0.0898438,-0.214844,0.989746,0.000532632,0,0
1773775368276,0.0878906,-0.216309,0.991211,0.000532632,0,-0.000532632
1773775368357,0.0898438,-0.211914,0.990723,-0.000532632,-0.00213053,0.000532632
1773775368428,0.0883789,-0.213867,0.990723,0.000532632,-0.000532632,0.000532632
1773775368508,0.090332,-0.214355,0.990234,0.00106526,0,0
1773775368588,0.090332,-0.21582,0.990234,-0.000532632,0,0
1773775368659,0.0913086,-0.212891,0.990723,0.00106526,-0.0015979,0
1773775368739,0.0893555,-0.213867,0.989746,0,0.000532632,-0.000532632
1773775368810,0.0893555,-0.214844,0.989746,0,-0.000532632,0
1773775368890,0.0878906,-0.213867,0.990723,0,0,0.000532632
1773775368972,0.0908203,-0.214844,0.988281,-0.000532632,-0.000532632,-0.000532632
1773775369045,0.0883789,-0.212891,0.989258,-0.000532632,-0.000532632,-0.00106526
1773775369122,0.0883789,-0.213379,0.990723,0,-0.000532632,-0.0015979
1773775369202,0.0878906,-0.21582,0.991699,-0.00106526,-0.000532632,0.000532632
1773775369273,0.0888672,-0.214355,0.989746,0,-0.00106526,-0.000532632
1773775369354,0.0913086,-0.215332,0.990723,0,-0.000532632,0
1773775369434,0.0878906,-0.213867,0.989258,0.00106526,0,-0.000532632
1773775369505,0.0869141,-0.213867,0.991211,0.000532632,-0.000532632,0.000532632
1773775369585,0.0888672,-0.214844,0.990234,0,0,-0.000532632
1773775369666,0.0874023,-0.21582,0.991699,0.000532632,-0.000532632,0.00106526
1773775369737,0.0888672,-0.214844,0.990723,0.000532632,-0.00106526,0.000532632
1773775369817,0.0893555,-0.213867,0.990234,0.000532632,0,0.00106526
1773775369897,0.0908203,-0.213379,0.989746,0,-0.000532632,0
1773775369971,0.0888672,-0.214355,0.989258,0.000532632,0,0.000532632
1773775370051,0.0878906,-0.214355,0.990234,-0.000532632,-0.00106526,0.000532632
1773775370119,0.0888672,-0.213379,0.991699,0.00106526,0,-0.000532632
1773775370199,0.0888672,-0.214355,0.989258,0,-0.00106526,-0.000532632
1773775370280,0.0883789,-0.213379,0.990723,-0.000532632,0.000532632,-0.0015979
1773775370350,0.0883789,-0.215332,0.991699,0.000532632,-0.000532632,-0.000532632
1773775370431,0.0893555,-0.215332,0.990234,0.000532632,-0.00106526,0.00106526
1773775370512,0.0893555,-0.214355,0.991699,-0.000532632,-0.00106526,0.000532632
1773775370582,0.090332,-0.214355,0.988281,0.000532632,-0.000532632,0.000532632
1773775370663,0.090332,-0.213379,0.990234,0,0,0
1773775370733,0.0898438,-0.214355,0.992676,-0.000532632,0.000532632,0.00106526
1773775370814,0.0888672,-0.214355,0.991211,0.00106526,-0.0015979,0
1773775370895,0.0913086,-0.213379,0.990723,0.000532632,0,0
1773775370975,0.0888672,-0.212402,0.990234,0,-0.000532632,0
1773775371045,0.0883789,-0.215332,0.989258,0.000532632,-0.000532632,-0.000532632
1773775371127,0.0913086,-0.215332,0.991211,-0.00106526,0,-0.000532632
1773775371206,0.0898438,-0.214844,0.990723,0.000532632,-0.00106526,0
1773775371277,0.090332,-0.213867,0.989746,0,-0.00106526,0.000532632
1773775371357,0.0893555,-0.215332,0.991211,0,0,0.00106526
1773775371428,0.0908203,-0.21582,0.991211,-0.0015979,-0.000532632,-0.000532632
1773775371508,0.0913086,-0.214355,0.990234,-0.000532632,0,0.00106526
1773775371589,0.0874023,-0.215332,0.990234,0,0.000532632,0
1773775371659,0.0888672,-0.215332,0.991211,0.000532632,-0.00106526,0
1773775371740,0.0883789,-0.216309,0.990234,-0.000532632,0,0.0015979
1773775371820,0.0922852,-0.214844,0.989746,0.000532632,-0.000532632,-0.000532632
1773775371891,0.0888672,-0.214844,0.992188,0.000532632,0,0
1773775371972,0.0893555,-0.215332,0.991211,-0.000532632,-0.000532632,0.000532632
1773775372052,0.0908203,-0.216797,0.98877,0.000532632,0,0
1773775372122,0.0888672,-0.216797,0.992676,0,-0.00106526,0
1773775372203,0.0883789,-0.216309,0.991211,-0.000532632,0,0
1773775372284,0.090332,-0.214355,0.989746,0,-0.000532632,0.000532632
1773775372356,0.0893555,-0.213867,0.989258,0,-0.000532632,0.000532632
1773775372435,0.0893555,-0.213867,0.990234,0.000532632,-0.00106526,0
1773775372515,0.090332,-0.21582,0.991699,0,-0.00106526,-0.00106526
1773775372586,0.0883789,-0.214844,0.991211,0.000532632,-0.000532632,-0.00106526
1773775372666,0.0908203,-0.216309,0.991699,0,0,0
1773775372747,0.090332,-0.214844,0.991211,0,-0.000532632,-0.00106526
1773775372818,0.0893555,-0.214355,0.990723,-0.0015979,-0.00213053,-0.00106526
1773775372898,0.090332,-0.213867,0.991211,-0.000532632,-0.00106526,0
1773775372968,0.0908203,-0.215332,0.989746,0,-0.00106526,0
1773775373049,0.0898438,-0.21582,0.991211,0.0015979,0,0.000532632
1773775373129,0.0888672,-0.215332,0.990234,0,0,0.000532632
1773775373200,0.0874023,-0.216309,0.988281,0.000532632,0,0
1773775373280,0.0898438,-0.215332,0.98877,0.00106526,-0.00106526,-0.000532632
1773775373361,0.0893555,-0.214844,0.991211,0,-0.000532632,0
1773775373432,0.0878906,-0.214844,0.990723,0.000532632,0,0
1773775373512,0.0898438,-0.214355,0.989746,0,-0.000532632,0
1773775373593,0.0908203,-0.215332,0.992676,0.000532632,-0.0015979,-0.000532632
1773775373664,0.090332,-0.213867,0.990234,-0.00106526,-0.000532632,0
1773775373744,0.0888672,-0.21582,0.990723,0,0,-0.00106526
1773775373824,0.0893555,-0.213867,0.990234,0,0,-0.000532632
1773775373896,0.0908203,-0.213379,0.990234,0,-0.00106526,0.000532632
1773775373975,0.0893555,-0.216797,0.990723,0,-0.000532632,-0.000532632
1773775374056,0.090332,-0.216309,0.990723,0.000532632,0,-0.00106526
1773775374126,0.0893555,-0.214844,0.990723,-0.000532632,-0.000532632,0
1773775374207,0.0908203,-0.213867,0.991211,-0.000532632,-0.00106526,0.000532632
1773775374287,0.0883789,-0.215332,0.991211,0.0015979,0,-0.000532632
1773775374358,0.0888672,-0.216309,0.989746,0.000532632,-0.000532632,-0.000532632
1773775374439,0.0878906,-0.21582,0.992188,-0.000532632,-0.000532632,-0.000532632
1773775374509,0.0893555,-0.215332,0.990723,0.000532632,-0.0015979,-0.000532632
1773775374590,0.090332,-0.21582,0.989258,0,-0.00106526,0.000532632
1773775374670,0.090332,-0.214355,0.990723,0.000532632,-0.00106526,0.000532632
1773775374744,0.0888672,-0.214844,0.98877,0.00213053,-0.000532632,0.0015979
1773775374821,0.0883789,-0.213867,0.990234,-0.000532632,-0.000532632,-0.000532632
1773775374902,0.0883789,-0.213867,0.991211,-0.000532632,-0.000532632,0
1773775374972,0.0908203,-0.213379,0.989746,-0.00106526,-0.000532632,-0.00106526
1773775375053,0.0908203,-0.213867,0.989746,-0.00106526,-0.00106526,0
1773775375135,0.090332,-0.214355,0.989258,-0.000532632,-0.00106526,-0.000532632
1773775375204,0.0917969,-0.216309,0.991211,0.00106526,-0.000532632,0
1773775375284,0.0878906,-0.214844,0.989746,-0.000532632,-0.000532632,0
1773775375365,0.0893555,-0.214355,0.989746,0,-0.0015979,-0.00106526
1773775375435,0.0898438,-0.213867,0.988281,0,-0.000532632,0
1773775375517,0.0883789,-0.214844,0.993164,-0.0015979,0,0
1773775375588,0.0913086,-0.21582,0.989746,0,-0.00106526,0.000532632
1773775375668,0.0888672,-0.21582,0.990723,0,-0.000532632,-0.000532632
1773775375748,0.0898438,-0.215332,0.991699,0.000532632,-0.000532632,-0.000532632
1773775375818,0.0883789,-0.214355,0.989258,-0.0015979,-0.00106526,0.000532632
1773775375899,0.0898438,-0.216309,0.990234,0,0,0.000532632
1773775375979,0.0869141,-0.214844,0.990234,-0.00106526,-0.00106526,-0.00106526
1773775376050,0.0898438,-0.21582,0.987793,0.000532632,0.000532632,0.000532632
1773775376130,0.0888672,-0.216797,0.988281,-0.000532632,0.000532632,-0.000532632
1773775376211,0.0888672,-0.21582,0.989746,0,0,0.000532632
1773775376281,0.0898438,-0.21582,0.989258,0,0,-0.000532632
1773775376362,0.0888672,-0.214355,0.990234,-0.000532632,-0.000532632,0
1773775376442,0.0893555,-0.216309,0.989746,0,0,0.00106526
1773775376513,0.090332,-0.215332,0.990234,0,-0.000532632,-0.00106526
1773775376593,0.0883789,-0.213867,0.989746,-0.000532632,-0.000532632,0
1773775376674,0.0898438,-0.21582,0.989746,0.000532632,-0.000532632,0.000532632
1773775376744,0.0893555,-0.213867,0.98877,0,0,0
1773775376825,0.0878906,-0.214355,0.991211,-0.000532632,0,-0.00106526
1773775376895,0.0878906,-0.214355,0.989258,-0.000532632,-0.0015979,-0.000532632
1773775376976,0.0883789,-0.214844,0.990723,0.000532632,0,-0.000532632
1773775377057,0.0874023,-0.215332,0.989746,0.00106526,-0.00106526,-0.000532632
1773775377127,0.0874023,-0.213867,0.98877,0,-0.00106526,0.000532632
1773775377208,0.0893555,-0.214355,0.98877,0.000532632,-0.000532632,0
1773775377288,0.0893555,-0.216309,0.989746,0.00106526,-0.000532632,-0.000532632
1773775377359,0.0883789,-0.21582,0.990723,-0.000532632,-0.0015979,0.000532632
1773775377439,0.0898438,-0.214844,0.989258,-0.000532632,-0.00106526,0.000532632
1773775377520,0.0913086,-0.215332,0.990723,0,0,0
1773775377591,0.0898438,-0.216309,0.989258,0.000532632,-0.000532632,-0.000532632
1773775377671,0.0898438,-0.214355,0.991211,0,-0.000532632,0
1773775377743,0.0874023,-0.213379,0.989746,0.000532632,-0.00106526,-0.000532632
1773775377822,0.0888672,-0.215332,0.991699,0,0,-0.00106526
1773775377903,0.0883789,-0.21582,0.989746,-0.000532632,-0.00106526,0.000532632
1773775377975,0.0878906,-0.215332,0.991211,-0.000532632,0,0.000532632
1773775378055,0.0888672,-0.213867,0.991211,-0.000532632,-0.00106526,0.000532632
1773775378134,0.0878906,-0.214355,0.989746,0,-0.000532632,-0.000532632
1773775378205,0.0898438,-0.21582,0.989746,0.000532632,-0.000532632,0.000532632
1773775378285,0.0908203,-0.21582,0.988281,0,0,0
1773775378366,0.0908203,-0.214355,0.990723,-0.000532632,-0.0015979,0
1773775378437,0.0874023,-0.214355,0.989746,0,-0.000532632,-0.00106526
1773775378517,0.0888672,-0.213867,0.987305,0,-0.000532632,-0.000532632
1773775378598,0.090332,-0.215332,0.98877,-0.000532632,-0.00106526,-0.00106526
1773775378668,0.0908203,-0.214355,0.98877,-0.000532632,0,-0.00106526
1773775378750,0.090332,-0.215332,0.990723,0.000532632,0,-0.0015979
1773775378829,0.090332,-0.213867,0.990723,0,-0.000532632,0.000532632
1773775378900,0.0883789,-0.215332,0.991211,0.000532632,-0.0015979,-0.000532632
1773775378980,0.0883789,-0.213867,0.990723,0,0,0.000532632
1773775379061,0.090332,-0.213867,0.989746,0.000532632,-0.000532632,0.000532632
1773775379131,0.0869141,-0.21582,0.989746,0.000532632,-0.00106526,0.000532632
1773775379212,0.0893555,-0.213379,0.990723,-0.000532632,0,0
1773775379292,0.0893555,-0.212891,0.989746,-0.000532632,-0.000532632,-0.000532632
1773775379363,0.0893555,-0.214844,0.990723,0,0,-0.000532632
1773775379443,0.0898438,-0.213867,0.990723,-0.000532632,-0.0015979,-0.000532632
1773775379514,0.0893555,-0.214355,0.989746,0,-0.000532632,0.000532632
1773775379594,0.0878906,-0.213379,0.989746,0,0.000532632,0.00106526
1773775379675,0.0913086,-0.214355,0.989258,-0.00106526,-0.00106526,-0.000532632
1773775379747,0.090332,-0.216309,0.989746,-0.000532632,0.000532632,0
1773775379826,0.0893555,-0.21582,0.987793,-0.00106526,-0.0015979,0
1773775379906,0.0888672,-0.215332,0.989746,0,-0.000532632,-0.000532632
1773775379977,0.0888672,-0.216309,0.98877,0.000532632,-0.00106526,0
1773775380058,0.0874023,-0.214355,0.990723,0.000532632,-0.00106526,-0.00106526
1773775380139,0.0874023,-0.214844,0.990723,0,-0.000532632,0
1773775380208,0.090332,-0.213379,0.990723,0,-0.000532632,-0.00106526
1773775380289,0.0888672,-0.214844,0.988281,-0.000532632,-0.000532632,0
1773775380370,0.0874023,-0.213867,0.990723,0,-0.0015979,0
1773775380440,0.090332,-0.213867,0.98877,0,0,0.000532632
1773775380521,0.0883789,-0.214355,0.989258,-0.000532632,-0.0015979,0
1773775380601,0.0898438,-0.214355,0.990723,-0.000532632,-0.000532632,-0.000532632
1773775380672,0.0883789,-0.215332,0.990723,0,-0.000532632,0
1773775380752,0.0893555,-0.213867,0.990234,-0.00106526,-0.00106526,-0.000532632
1773775380823,0.090332,-0.212891,0.989258,0.000532632,-0.00106526,0.000532632
1773775380903,0.0893555,-0.212402,0.990723,0,0,-0.000532632
1773775380984,0.0893555,-0.214355,0.990234,-0.000532632,0,0
1773775381056,0.090332,-0.21582,0.991211,0,-0.000532632,-0.000532632
1773775381135,0.0913086,-0.215332,0.990234,0.00106526,-0.0015979,0
1773775381216,0.0878906,-0.213867,0.990723,0,-0.000532632,-0.000532632
1773775381286,0.0883789,-0.21582,0.989746,0,0,0
1773775381368,0.0883789,-0.212402,0.992676,0.000532632,-0.000532632,0
1773775381447,0.0898438,-0.214844,0.991211,0,0,-0.00106526
1773775381518,0.0908203,-0.214844,0.990234,0,0.000532632,0
1773775381598,0.0908203,-0.213867,0.990723,0.000532632,-0.00106526,-0.000532632
1773775381679,0.090332,-0.213867,0.989746,0,-0.000532632,-0.000532632
1773775381749,0.0883789,-0.212891,0.990234,0.000532632,-0.0015979,0
1773775381830,0.0898438,-0.215332,0.990723,0,-0.000532632,0.000532632
1773775381901,0.0908203,-0.215332,0.98877,-0.00106526,-0.00106526,-0.000532632
1773775381982,0.0888672,-0.214844,0.989258,0,-0.000532632,-0.00106526
1773775382064,0.0883789,-0.214355,0.990234,0.00106526,-0.000532632,0
1773775382132,0.090332,-0.213379,0.990234,0,-0.000532632,-0.000532632
1773775382213,0.0913086,-0.213867,0.989258,0.000532632,0,-0.000532632
1773775382293,0.0888672,-0.214844,0.989258,0,-0.00106526,-0.000532632
1773775382364,0.0883789,-0.217285,0.990234,0.00106526,-0.000532632,-0.000532632
1773775382444,0.0883789,-0.21582,0.991699,0,-0.00106526,0
1773775382525,0.0888672,-0.213867,0.990234,0.00106526,0,-0.000532632
1773775382596,0.090332,-0.216797,0.990234,0.000532632,0,-0.00106526
1773775382676,0.0898438,-0.213867,0.990234,0,-0.0015979,0
1773775382748,0.0888672,-0.21582,0.989258,0.000532632,-0.00106526,0
1773775382827,0.0893555,-0.21582,0.989746,-0.000532632,-0.00106526,0.00106526
1773775382908,0.0893555,-0.215332,0.987793,-0.000532632,-0.0015979,0.000532632
1773775382978,0.0878906,-0.213867,0.990234,0.00106526,-0.000532632,-0.000532632
1773775383059,0.0888672,-0.216309,0.989258,0,-0.000532632,0
1773775383139,0.0898438,-0.215332,0.989746,0.000532632,-0.000532632,0.00106526
1773775383210,0.0883789,-0.214844,0.991699,0,-0.000532632,0
1773775383292,0.0883789,-0.214844,0.990234,0,0,0
1773775383371,0.0883789,-0.213867,0.990234,0.000532632,-0.0015979,-0.000532632
1773775383443,0.090332,-0.214355,0.989258,-0.000532632,-0.000532632,0
1773775383522,0.0883789,-0.216309,0.989258,-0.00106526,0,-0.000532632
1773775383604,0.090332,-0.214844,0.98877,-0.000532632,0,-0.0015979
1773775383673,0.0913086,-0.212402,0.989258,0,-0.000532632,0
1773775383754,0.0893555,-0.213867,0.989258,0.000532632,-0.0015979,0.000532632
1773775383835,0.090332,-0.213867,0.989258,0.000532632,-0.00106526,0
1773775383904,0.0874023,-0.214844,0.990723,0.000532632,-0.000532632,-0.000532632
1773775383987,0.0883789,-0.214844,0.989746,0.00106526,0,-0.000532632
1773775384066,0.0893555,-0.213867,0.989258,0.00106526,0,0
1773775384136,0.0893555,-0.214355,0.990234,0.000532632,-0.00106526,-0.000532632
1773775384217,0.0893555,-0.214355,0.991211,0.00106526,0,0.000532632
1773775384297,0.0888672,-0.216797,0.990234,-0.000532632,-0.0015979,0.000532632
1773775384368,0.0898438,-0.21582,0.989746,0.000532632,-0.0015979,-0.00106526
1773775384448,0.0874023,-0.214355,0.990234,0.00106526,0,-0.00106526
1773775384519,0.0893555,-0.214355,0.989746,0,-0.00106526,-0.000532632
1773775384599,0.0869141,-0.21582,0.990723,-0.000532632,0,-0.000532632
1773775384680,0.0883789,-0.213379,0.987793,0.000532632,-0.00106526,0
1773775384750,0.0878906,-0.214844,0.990723,0.000532632,-0.000532632,0
1773775384832,0.0898438,-0.214355,0.989746,0.000532632,-0.000532632,-0.000532632
1773775384912,0.0893555,-0.214355,0.991211,0,-0.00213053,0
1773775384982,0.090332,-0.213867,0.989746,-0.000532632,-0.00106526,-0.000532632
1773775385064,0.0913086,-0.215332,0.989746,0,-0.000532632,-0.000532632
1773775385133,0.0893555,-0.213379,0.990234,0.000532632,-0.000532632,0
1773775385214,0.0898438,-0.212402,0.991211,-0.000532632,-0.0015979,0.00106526
1773775385295,0.0893555,-0.21582,0.993652,-0.000532632,0,0.00106526
1773775385375,0.0883789,-0.213867,0.990234,-0.00106526,0,0.000532632
1773775385445,0.0883789,-0.214844,0.990234,-0.00106526,-0.0015979,-0.000532632
1773775385526,0.0893555,-0.214355,0.991699,0,-0.00106526,0
1773775385606,0.090332,-0.215332,0.989258,0,0.000532632,-0.000532632
1773775385677,0.0917969,-0.215332,0.991211,-0.00106526,-0.000532632,0
1773775385757,0.0893555,-0.213379,0.991699,0.000532632,-0.0015979,0
1773775385828,0.0908203,-0.214355,0.990234,0,-0.0015979,0
1773775385908,0.090332,-0.216797,0.989258,0,-0.000532632,0.000532632
1773775385989,0.090332,-0.214355,0.98877,0.000532632,-0.000532632,-0.00106526
1773775386059,0.0888672,-0.214355,0.992676,0.000532632,-0.000532632,-0.000532632
1773775386140,0.0883789,-0.21582,0.990234,0,-0.00106526,0.000532632
1773775386220,0.0898438,-0.217285,0.991211,0,-0.000532632,0
1773775386291,0.0888672,-0.212891,0.989746,0.000532632,0.000532632,0
1773775386372,0.0878906,-0.214355,0.989258,0.00106526,-0.000532632,0.00106526
1773775386452,0.0893555,-0.215332,0.989258,0,-0.000532632,0
1773775386524,0.090332,-0.21582,0.98877,0,-0.000532632,0
1773775386604,0.0898438,-0.214355,0.990234,0.00106526,0.000532632,0.000532632
1773775386684,0.0883789,-0.214844,0.988281,-0.000532632,-0.00106526,0.000532632
1773775386754,0.0883789,-0.214355,0.990234,0,0,0
1773775386835,0.0878906,-0.213867,0.990723,-0.00106526,-0.0015979,0.000532632
1773775386915,0.090332,-0.213867,0.990723,0.000532632,0.000532632,0
1773775386986,0.0888672,-0.214844,0.990723,0.000532632,-0.000532632,0
1773775387068,0.0888672,-0.216309,0.988281,0,-0.00106526,0.000532632
1773775387137,0.0898438,-0.216309,0.98877,0.00106526,-0.000532632,0
1773775387221,0.0908203,-0.214355,0.989746,0.0015979,-0.000532632,0
1773775387299,0.0883789,-0.213867,0.988281,-0.000532632,-0.00106526,-0.000532632
1773775387369,0.0893555,-0.214844,0.991211,-0.000532632,-0.000532632,0.000532632
1773775387449,0.0893555,-0.215332,0.990234,0,0,0.000532632
1773775387530,0.0883789,-0.214355,0.990723,0.000532632,0,-0.00106526
1773775387600,0.0883789,-0.214844,0.991699,0,0,-0.000532632
1773775387681,0.0869141,-0.214844,0.990234,-0.000532632,0,-0.00106526
1773775387762,0.0898438,-0.214844,0.991211,0.000532632,-0.000532632,-0.000532632
1773775387832,0.0917969,-0.215332,0.989258,0.000532632,-0.000532632,-0.000532632
1773775387912,0.0888672,-0.214355,0.989258,-0.00106526,-0.0015979,0
1773775387984,0.090332,-0.212402,0.991211,-0.000532632,-0.000532632,-0.0015979
1773775388066,0.0893555,-0.213379,0.990723,-0.000532632,0,0.000532632
1773775388144,0.0888672,-0.214355,0.989746,0,-0.00106526,0
1773775388225,0.0874023,-0.216309,0.990723,-0.000532632,-0.000532632,-0.000532632
1773775388295,0.0883789,-0.215332,0.992676,-0.00106526,-0.000532632,-0.00213053
1773775388376,0.0878906,-0.21582,0.991211,0.000532632,-0.000532632,0.000532632
1773775388446,0.0883789,-0.212402,0.989746,-0.000532632,-0.000532632,0.000532632
1773775388527,0.0898438,-0.21582,0.990234,0.000532632,0,-0.000532632
1773775388607,0.090332,-0.214844,0.989258,0.00106526,0,-0.00106526
1773775388678,0.0893555,-0.216309,0.990234,-0.000532632,-0.000532632,0.000532632
1773775388758,0.0878906,-0.215332,0.990234,-0.00106526,-0.00106526,-0.00106526
1773775388839,0.090332,-0.214844,0.989746,0.000532632,-0.000532632,-0.00106526
1773775388910,0.0883789,-0.213867,0.990234,0.00106526,-0.00106526,0.000532632
1773775388990,0.0883789,-0.21582,0.990234,0.000532632,0,0.000532632
1773775389063,0.0893555,-0.215332,0.989746,-0.000532632,-0.000532632,-0.000532632
1773775389141,0.0898438,-0.214844,0.990234,-0.00106526,-0.000532632,0.00106526
1773775389222,0.0883789,-0.216309,0.988281,0,0,-0.000532632
1773775389292,0.0893555,-0.213867,0.987793,0.000532632,-0.000532632,0
1773775389373,0.090332,-0.21582,0.990723,0,-0.000532632,0
1773775389455,0.0883789,-0.214844,0.989258,0.000532632,-0.000532632,-0.000532632
1773775389524,0.0888672,-0.21582,0.989746,0,-0.00106526,-0.000532632
1773775389604,0.0883789,-0.214844,0.990723,0,0,0
1773775389685,0.090332,-0.215332,0.990234,0,-0.000532632,-0.000532632
1773775389758,0.0888672,-0.214844,0.990234,0,-0.000532632,0.000532632
1773775389836,0.0874023,-0.214355,0.98877,-0.000532632,-0.000532632,-0.00106526
1773775389916,0.0888672,-0.214844,0.989746,-0.000532632,0.000532632,0
1773775389988,0.0893555,-0.214844,0.989746,0.000532632,-0.00106526,0.000532632
1773775390068,0.0898438,-0.214355,0.989258,0,-0.000532632,-0.0015979
1773775390149,0.0888672,-0.215332,0.988281,0.000532632,-0.00106526,0.00106526
1773775390219,0.0898438,-0.215332,0.990234,0,-0.0015979,-0.000532632
1773775390299,0.0883789,-0.212402,0.991211,0.000532632,-0.000532632,-0.000532632
1773775390380,0.090332,-0.214844,0.989258,0.000532632,-0.000532632,0.000532632
1773775390451,0.090332,-0.216797,0.990234,-0.000532632,-0.00106526,0
1773775390531,0.0893555,-0.217773,0.991211,-0.000532632,0,0.000532632
1773775390603,0.0878906,-0.213379,0.991211,0.000532632,-0.000532632,0
1773775390682,0.0878906,-0.214844,0.990723,-0.000532632,0,0
1773775390764,0.0878906,-0.215332,0.990234,0,-0.000532632,0
1773775390833,0.090332,-0.213867,0.992188,0,-0.0015979,0
1773775390913,0.0874023,-0.213867,0.98877,-0.000532632,0,0.000532632
1773775390994,0.0878906,-0.214355,0.989746,0,-0.00106526,-0.000532632
1773775391064,0.0878906,-0.214844,0.991211,0,-0.000532632,-0.000532632
1773775391145,0.0883789,-0.213379,0.98877,0,-0.00106526,0.000532632
1773775391225,0.0908203,-0.214355,0.989746,-0.000532632,-0.00106526,0
1773775391296,0.0869141,-0.214844,0.989746,-0.000532632,-0.000532632,0
1773775391377,0.0878906,-0.214355,0.992188,-0.000532632,-0.0015979,0.000532632
1773775391457,0.0898438,-0.214844,0.990234,0,-0.00106526,-0.000532632
1773775391528,0.090332,-0.21582,0.990723,-0.000532632,-0.00106526,-0.00106526
1773775391608,0.090332,-0.215332,0.989746,0.000532632,-0.0015979,-0.000532632
1773775391689,0.0874023,-0.214844,0.989746,0.000532632,-0.000532632,-0.000532632
1773775391759,0.0874023,-0.214355,0.990234,-0.000532632,-0.0015979,-0.000532632
1773775391840,0.0888672,-0.214844,0.990234,-0.000532632,-0.00106526,0
1773775391920,0.0888672,-0.216309,0.990723,0.00106526,-0.000532632,0
1773775391991,0.0883789,-0.215332,0.987305,0.00106526,-0.0015979,0.00106526
1773775392072,0.0878906,-0.216797,0.989258,0,-0.00106526,0
1773775392142,0.0883789,-0.215332,0.989746,0,-0.0015979,-0.000532632
1773775392224,0.0874023,-0.213379,0.991211,0.000532632,0.000532632,-0.000532632
1773775392303,0.0878906,-0.214355,0.98877,-0.00106526,-0.00106526,-0.00106526
1773775392374,0.0878906,-0.214844,0.990723,0,0,0
1773775392454,0.0883789,-0.21582,0.991211,0.000532632,-0.000532632,0
1773775392535,0.0893555,-0.214355,0.992188,0,0,-0.000532632
1773775392606,0.0908203,-0.211426,0.989258,-0.000532632,0,-0.000532632
1773775392686,0.0888672,-0.212402,0.989746,-0.000532632,0,-0.000532632
1773775392759,0.0893555,-0.213867,0.990234,0.000532632,-0.000532632,-0.000532632
1773775392837,0.0893555,-0.21582,0.991699,0,-0.000532632,0.000532632
1773775392918,0.0898438,-0.21582,0.991211,0,-0.000532632,-0.000532632
1773775392998,0.0908203,-0.215332,0.989746,0,-0.000532632,-0.00106526
1773775393070,0.0878906,-0.214844,0.990723,0,-0.00106526,-0.000532632
1773775393149,0.0878906,-0.214355,0.989746,0.000532632,0,-0.00106526
1773775393220,0.0898438,-0.214844,0.991699,0.000532632,-0.000532632,-0.000532632
1773775393303,0.090332,-0.21582,0.990234,0.000532632,0,0
1773775393381,0.0888672,-0.214844,0.989258,0,0,0.000532632
1773775393452,0.0893555,-0.215332,0.990723,0.000532632,-0.000532632,-0.000532632
1773775393532,0.0893555,-0.21582,0.990234,-0.000532632,-0.000532632,0
1773775393613,0.0893555,-0.214355,0.990234,0,0.000532632,-0.000532632
1773775393683,0.090332,-0.214355,0.989746,0,-0.00106526,-0.000532632
1773775393764,0.0893555,-0.212891,0.991699,0,-0.00106526,0.000532632
1773775393844,0.0888672,-0.216309,0.989746,0.000532632,-0.000532632,0
1773775393915,0.0888672,-0.213379,0.989746,0.000532632,-0.000532632,0.000532632
1773775393995,0.0893555,-0.21582,0.990234,-0.000532632,-0.00106526,0
1773775394076,0.0898438,-0.21582,0.991211,0.000532632,-0.00106526,0
1773775394146,0.0913086,-0.214844,0.991699,0,-0.000532632,-0.000532632
1773775394227,0.0898438,-0.211914,0.990234,0,-0.000532632,-0.000532632
1773775394308,0.0893555,-0.213379,0.991211,-0.000532632,-0.000532632,0.000532632
1773775394378,0.0898438,-0.216797,0.988281,-0.000532632,-0.00106526,0
1773775394461,0.0893555,-0.215332,0.991211,0.00106526,-0.000532632,-0.000532632
1773775394529,0.0913086,-0.212402,0.991211,0,-0.00106526,-0.000532632
1773775394610,0.0874023,-0.215332,0.990234,-0.000532632,-0.00106526,-0.000532632
1773775394690,0.0888672,-0.213379,0.992188,-0.000532632,-0.00106526,0
1773775394761,0.090332,-0.21582,0.991699,0.000532632,-0.00106526,-0.00106526
1773775394841,0.0893555,-0.213867,0.988281,-0.000532632,-0.000532632,0
1773775394922,0.0893555,-0.21582,0.990234,0,-0.00106526,0.00106526
1773775394992,0.0893555,-0.216797,0.988281,0,-0.00106526,-0.000532632
1773775395073,0.0878906,-0.214844,0.991211,-0.000532632,-0.000532632,0
1773775395143,0.0883789,-0.213379,0.989258,0,-0.000532632,0.000532632
1773775395224,0.0913086,-0.212891,0.991699,-0.000532632,-0.000532632,0
1773775395304,0.0908203,-0.213867,0.990723,-0.000532632,-0.00106526,-0.00106526
1773775395385,0.090332,-0.212891,0.990234,0,-0.0015979,0
1773775395455,0.090332,-0.21582,0.991699,0,0,0
1773775395537,0.0893555,-0.216309,0.989258,0.000532632,-0.00106526,-0.000532632
1773775395617,0.0898438,-0.21582,0.991699,0.000532632,0,0
1773775395687,0.0878906,-0.213379,0.991699,0,0,0.000532632
1773775395767,0.0908203,-0.211914,0.98877,0.00106526,-0.00106526,-0.00106526
1773775395838,0.0888672,-0.214844,0.991211,0.000532632,0,0.000532632
1773775395919,0.0878906,-0.214355,0.991211,0,0,-0.000532632
1773775395999,0.0917969,-0.214355,0.989258,0,-0.000532632,0
1773775396071,0.0878906,-0.214844,0.989746,0.000532632,0,0.000532632
1773775396150,0.0908203,-0.21582,0.991699,0.000532632,-0.000532632,-0.000532632
1773775396231,0.0893555,-0.216797,0.990234,-0.0015979,-0.000532632,-0.000532632
1773775396301,0.0888672,-0.216309,0.989746,0,0.000532632,-0.00106526
1773775396382,0.0859375,-0.213867,0.990723,0,-0.0015979,0.000532632
1773775396462,0.0878906,-0.213379,0.990234,-0.00213053,0,0.000532632
1773775396533,0.0898438,-0.214844,0.992188,0.00106526,-0.00106526,-0.00106526
1773775396613,0.0893555,-0.214355,0.989746,0.00106526,-0.00106526,0
1773775396694,0.0888672,-0.216309,0.990234,0,-0.000532632,0
1773775396764,0.0893555,-0.213867,0.988281,0,-0.00106526,0
1773775396845,0.0913086,-0.214844,0.992676,0.000532632,-0.00106526,0
1773775396925,0.0898438,-0.214355,0.98877,0.000532632,-0.00213053,0
1773775396996,0.0893555,-0.214844,0.991211,0,-0.0015979,-0.000532632
1773775397077,0.0883789,-0.21582,0.990723,0.000532632,0.000532632,0
1773775397147,0.0898438,-0.214844,0.990723,-0.000532632,0.000532632,0
1773775397227,0.0883789,-0.213867,0.991211,-0.000532632,-0.00106526,-0.000532632
1773775397308,0.0878906,-0.213867,0.98877,0.000532632,0,0
1773775397378,0.0893555,-0.214844,0.992676,-0.000532632,-0.00106526,-0.00106526
1773775397459,0.0888672,-0.214355,0.991211,0,0,0.000532632
1773775397539,0.0898438,-0.213867,0.991211,0.000532632,0,0
1773775397610,0.0893555,-0.214355,0.989746,0.000532632,0,0.000532632
1773775397691,0.0888672,-0.213867,0.990234,0.000532632,-0.000532632,-0.00106526
1773775397771,0.0893555,-0.214355,0.990723,0,-0.00106526,0.000532632
1773775397842,0.0917969,-0.214355,0.98877,0,0,0
1773775397922,0.0883789,-0.212402,0.991699,0.00106526,-0.00106526,0.000532632
1773775397996,0.0878906,-0.214355,0.989746,-0.000532632,-0.00106526,0
1773775398075,0.0898438,-0.214844,0.991211,0.000532632,0.00106526,-0.000532632
1773775398154,0.0883789,-0.214844,0.989258,0,0.000532632,0.00106526
1773775398234,0.0883789,-0.214355,0.98877,0,0,0
1773775398305,0.0908203,-0.211914,0.991699,0,-0.000532632,0.000532632
1773775398385,0.0898438,-0.215332,0.991211,0.00106526,-0.00106526,-0.000532632
1773775398456,0.090332,-0.214355,0.990234,0.000532632,-0.00106526,0.000532632
1773775398537,0.0917969,-0.212891,0.991211,0.00106526,0.000532632,0
1773775398618,0.0888672,-0.214355,0.989746,0,0,0
1773775398688,0.0878906,-0.214355,0.988281,0.000532632,0,0
1773775398769,0.0888672,-0.213379,0.990234,-0.000532632,0.000532632,-0.00106526
1773775398849,0.090332,-0.212891,0.990723,0,-0.00213053,0
1773775398920,0.0888672,-0.214844,0.991211,-0.000532632,-0.000532632,0.000532632
1773775399003,0.0898438,-0.215332,0.989746,0.000532632,0,0.000532632
1773775399081,0.0883789,-0.214355,0.989258,0.00106526,0,-0.000532632
1773775399151,0.0898438,-0.212891,0.988281,0.00106526,0,0
1773775399233,0.0898438,-0.214844,0.989746,-0.000532632,-0.00106526,0
1773775399303,0.0883789,-0.214355,0.988281,0,-0.000532632,0.000532632
1773775399384,0.0874023,-0.215332,0.989746,0.000532632,-0.0015979,0
1773775399464,0.0888672,-0.21582,0.98877,0,0,-0.00106526
1773775399534,0.0883789,-0.212891,0.989746,0,0,0.000532632
1773775399615,0.0893555,-0.216797,0.990723,0,-0.00106526,0
1773775399696,0.0898438,-0.216309,0.989258,0,-0.000532632,0
1773775399767,0.0893555,-0.214355,0.990234,0,0,0
1773775399847,0.0874023,-0.211914,0.990723,0,-0.00106526,0.000532632
1773775399928,0.0898438,-0.21582,0.989258,-0.000532632,-0.000532632,-0.000532632
1773775400002,0.0898438,-0.21582,0.989746,0,0,0
1773775400078,0.0878906,-0.213867,0.990234,-0.000532632,-0.000532632,0
1773775400159,0.0898438,-0.214844,0.989258,0.000532632,-0.000532632,0
1773775400230,0.0898438,-0.212891,0.992188,0,-0.000532632,-0.00106526
1773775400310,0.0898438,-0.214355,0.991211,0.000532632,-0.000532632,0
1773775400390,0.090332,-0.216309,0.989746,-0.00106526,0,-0.00106526
1773775400461,0.0893555,-0.214355,0.992188,-0.00106526,-0.000532632,0
1773775400542,0.0893555,-0.214844,0.989746,0.000532632,-0.000532632,-0.000532632
1773775400612,0.0888672,-0.214844,0.98877,0,0,-0.000532632
1773775400693,0.0898438,-0.214844,0.991699,-0.00106526,-0.00106526,0
1773775400774,0.0888672,-0.213379,0.990723,-0.000532632,-0.000532632,-0.000532632
1773775400843,0.0888672,-0.212891,0.991211,-0.000532632,-0.000532632,-0.000532632
1773775400924,0.0908203,-0.214844,0.991211,0.000532632,-0.000532632,-0.00106526
1773775401004,0.0883789,-0.213867,0.989746,-0.000532632,-0.000532632,0
1773775401075,0.0878906,-0.215332,0.990234,0,-0.000532632,0.000532632
1773775401155,0.0874023,-0.212402,0.990723,-0.00106526,-0.000532632,0
1773775401236,0.090332,-0.213379,0.991699,0.000532632,0,-0.00106526
1773775401307,0.0883789,-0.214355,0.990234,0.000532632,-0.00106526,0.00106526
1773775401387,0.090332,-0.215332,0.991211,-0.000532632,-0.00106526,-0.000532632
1773775401468,0.0893555,-0.215332,0.990234,0,-0.000532632,0
1773775401538,0.0893555,-0.212402,0.991211,0,0,0
1773775401619,0.0888672,-0.21582,0.990234,0.00106526,-0.000532632,0.000532632
1773775401690,0.0888672,-0.214355,0.990234,0,-0.00106526,-0.00106526
1773775401770,0.0888672,-0.216309,0.986816,0,-0.000532632,0
1773775401850,0.0883789,-0.21582,0.992188,0,-0.000532632,0
1773775401931,0.0893555,-0.213867,0.990234,0,-0.00106526,-0.000532632
1773775402001,0.0908203,-0.214355,0.990723,0,-0.000532632,0
1773775402083,0.0888672,-0.213379,0.989258,0,-0.000532632,0
1773775402154,0.0878906,-0.215332,0.989258,-0.000532632,-0.000532632,-0.000532632
1773775402233,0.0898438,-0.214355,0.991211,0,-0.00106526,0
1773775402313,0.0874023,-0.215332,0.990234,0,-0.000532632,-0.000532632
1773775402384,0.0883789,-0.213867,0.989746,0.000532632,0,0.000532632
1773775402464,0.090332,-0.213867,0.98877,0,0,-0.000532632
1773775402545,0.0878906,-0.216309,0.990234,0,0,0.000532632
1773775402617,0.0917969,-0.214355,0.989746,0,-0.000532632,0
1773775402686,0.0883789,-0.213867,0.989258,-0.000532632,-0.00106526,0
1773775402767,0.0893555,-0.213379,0.988281,0.00106526,-0.00106526,0
1773775402847,0.0888672,-0.214844,0.989258,0.000532632,-0.000532632,-0.00106526
1773775402928,0.090332,-0.21582,0.990723,0.000532632,-0.000532632,-0.000532632
1773775403001,0.0893555,-0.214844,0.991211,0,-0.00106526,-0.000532632
1773775403082,0.0898438,-0.21582,0.990234,0,-0.00106526,-0.000532632
1773775403160,0.0917969,-0.214355,0.98877,0,-0.000532632,-0.000532632
1773775403230,0.0898438,-0.213867,0.991211,-0.00106526,0,-0.000532632
1773775403311,0.0893555,-0.213867,0.990234,0,-0.000532632,0.00106526
1773775403391,0.0888672,-0.214844,0.986816,-0.000532632,-0.00213053,0
1773775403462,0.0908203,-0.214355,0.98877,0.00106526,-0.00106526,-0.00106526
1773775403544,0.0898438,-0.216797,0.989746,-0.000532632,-0.000532632,-0.0015979
1773775403623,0.0883789,-0.214355,0.991699,-0.000532632,0,0
1773775403694,0.0888672,-0.213867,0.990234,0.000532632,0,0.000532632
1773775403774,0.090332,-0.214844,0.990723,-0.000532632,0,0
1773775403855,0.0888672,-0.214355,0.98877,-0.000532632,-0.000532632,-0.000532632
1773775403925,0.0893555,-0.216797,0.989746,0.000532632,-0.00106526,-0.000532632
1773775404007,0.0908203,-0.21582,0.98877,0.000532632,-0.000532632,0.000532632
1773775404086,0.0893555,-0.214355,0.989746,0.00106526,-0.000532632,-0.000532632
1773775404157,0.0874023,-0.214844,0.989746,0.000532632,-0.000532632,-0.000532632
1773775404237,0.0869141,-0.213867,0.989746,-0.000532632,-0.0015979,0
1773775404318,0.0878906,-0.212891,0.989258,0,-0.000532632,-0.0015979
1773775404389,0.0893555,-0.212891,0.991211,-0.000532632,-0.00106526,-0.00106526
1773775404469,0.090332,-0.213867,0.990723,-0.000532632,-0.000532632,0
1773775404539,0.090332,-0.214355,0.991211,-0.000532632,-0.000532632,0
1773775404620,0.0883789,-0.21582,0.988281,-0.000532632,0,-0.000532632
1773775404700,0.0898438,-0.213867,0.989746,-0.000532632,-0.0015979,-0.000532632
1773775404771,0.0893555,-0.213867,0.988281,0.000532632,-0.00106526,0
1773775404851,0.0874023,-0.21582,0.988281,0,0,0
1773775404932,0.0883789,-0.214844,0.991211,0.000532632,-0.000532632,0
1773775405004,0.0883789,-0.213867,0.990234,0.000532632,-0.000532632,0.000532632
1773775405083,0.0898438,-0.213867,0.992188,0.000532632,-0.00106526,-0.000532632
1773775405163,0.0898438,-0.212402,0.98877,-0.00106526,-0.000532632,0
1773775405234,0.0888672,-0.216309,0.989746,0,-0.00106526,-0.00106526
1773775405314,0.0898438,-0.214844,0.990234,-0.000532632,-0.000532632,-0.000532632
1773775405395,0.0908203,-0.214355,0.989258,0,-0.000532632,-0.0015979
1773775405466,0.0878906,-0.21582,0.98877,0,-0.000532632,-0.000532632
1773775405548,0.0888672,-0.214844,0.989258,-0.00106526,-0.00213053,0
1773775405617,0.0893555,-0.216309,0.992188,0.00106526,-0.0015979,0
1773775405702,0.0908203,-0.212402,0.991211,-0.00106526,-0.000532632,0.000532632
1773775405778,0.0893555,-0.21582,0.990234,-0.000532632,-0.000532632,-0.0015979
1773775405848,0.0913086,-0.214355,0.992188,0,-0.000532632,-0.00106526
1773775405931,0.0913086,-0.213379,0.991211,0,-0.000532632,0
1773775406011,0.0883789,-0.213379,0.990234,0,0.000532632,0.000532632
1773775406080,0.0898438,-0.214844,0.989258,0.00106526,-0.00106526,-0.000532632
1773775406161,0.0932617,-0.213867,0.991699,0,0,0
1773775406241,0.0913086,-0.213867,0.989258,0,-0.0015979,0.00106526
1773775406312,0.0898438,-0.214355,0.990234,0.000532632,-0.000532632,-0.000532632
1773775406392,0.0888672,-0.215332,0.991211,0,0,0
1773775406463,0.0898438,-0.21582,0.98877,0,-0.00213053,-0.000532632
1773775406544,0.0888672,-0.212891,0.990723,-0.000532632,-0.000532632,-0.00106526
1773775406624,0.0898438,-0.213867,0.989746,-0.000532632,-0.000532632,-0.000532632
1773775406696,0.0898438,-0.214355,0.989746,0,-0.00106526,-0.000532632
1773775406776,0.0888672,-0.215332,0.991211,-0.000532632,0,-0.000532632
1773775406856,0.0888672,-0.214355,0.990234,-0.00106526,-0.000532632,-0.000532632
1773775406927,0.0888672,-0.214844,0.990234,0.000532632,-0.000532632,-0.000532632
1773775407008,0.090332,-0.21582,0.991211,0,-0.000532632,0
1773775407089,0.0878906,-0.215332,0.992188,0,-0.00106526,-0.000532632
1773775407158,0.0893555,-0.216309,0.990234,-0.00106526,-0.00106526,0
1773775407239,0.0883789,-0.214355,0.989258,0,-0.00106526,-0.00106526
1773775407319,0.0893555,-0.213867,0.989258,0,-0.000532632,0.00106526
1773775407389,0.090332,-0.215332,0.989258,0.000532632,0,0
1773775407470,0.0893555,-0.213867,0.990723,0.000532632,-0.000532632,0.000532632
1773775407550,0.0908203,-0.212402,0.990234,0,-0.00106526,-0.000532632
1773775407621,0.0888672,-0.214355,0.993164,0.000532632,-0.00106526,-0.00106526
1773775407701,0.0893555,-0.214844,0.991699,-0.000532632,-0.000532632,0.000532632
1773775407782,0.0898438,-0.214355,0.989746,0,-0.000532632,-0.00106526
1773775407852,0.0883789,-0.216797,0.989746,0,0,0.000532632
1773775407934,0.090332,-0.215332,0.991211,-0.000532632,0,-0.000532632
1773775408013,0.0893555,-0.212402,0.990234,-0.000532632,-0.000532632,0.00106526
1773775408086,0.0883789,-0.213379,0.991699,-0.000532632,-0.00106526,0
1773775408164,0.0922852,-0.213867,0.990723,0.00106526,-0.000532632,0
1773775408236,0.0888672,-0.213379,0.990723,0,0,0
1773775408315,0.0883789,-0.215332,0.990234,0,-0.000532632,0.000532632
1773775408396,0.0888672,-0.213867,0.991699,0.000532632,-0.00106526,-0.000532632
1773775408467,0.0888672,-0.213379,0.990234,0.000532632,-0.000532632,0.000532632
1773775408547,0.0888672,-0.21582,0.991699,0.00106526,-0.000532632,0
1773775408628,0.0878906,-0.214355,0.990723,0.000532632,-0.000532632,0.000532632
1773775408698,0.0908203,-0.213379,0.990234,0,-0.000532632,0
1773775408779,0.0898438,-0.217285,0.990234,0.000532632,0,-0.000532632
1773775408859,0.0893555,-0.213867,0.987793,-0.000532632,-0.00213053,0
1773775408931,0.0888672,-0.213379,0.990723,-0.000532632,-0.00106526,0.000532632
1773775409012,0.0888672,-0.216309,0.990723,-0.00106526,-0.00106526,0.000532632
1773775409091,0.0913086,-0.215332,0.989258,0,-0.0015979,-0.000532632
1773775409161,0.0898438,-0.216797,0.990234,0.000532632,-0.000532632,-0.00106526
1773775409242,0.090332,-0.213379,0.989258,0.000532632,-0.00106526,-0.000532632
1773775409322,0.090332,-0.215332,0.989746,0,0.000532632,0
1773775409393,0.0888672,-0.213867,0.990723,0,-0.000532632,-0.00106526
1773775409473,0.0874023,-0.213867,0.990723,0.000532632,-0.000532632,-0.000532632
1773775409544,0.0874023,-0.215332,0.989746,0,-0.00106526,0.000532632
1773775409624,0.0883789,-0.215332,0.991699,0.000532632,-0.000532632,-0.00106526
1773775409705,0.0898438,-0.21582,0.990234,0,-0.00106526,0.000532632
1773775409777,0.0898438,-0.215332,0.989746,0,-0.00106526,0
1773775409856,0.0908203,-0.213867,0.990234,0,0,-0.000532632
1773775409937,0.0898438,-0.214844,0.98877,-0.000532632,-0.000532632,0.000532632
1773775410007,0.0898438,-0.214355,0.98877,0.000532632,0,0
1773775410088,0.0908203,-0.216309,0.989746,-0.000532632,0,-0.000532632
1773775410168,0.0898438,-0.216797,0.989746,0,0,-0.000532632
1773775410239,0.0898438,-0.214355,0.991699,0.000532632,-0.00106526,0
1773775410319,0.0913086,-0.215332,0.992676,-0.000532632,-0.000532632,-0.000532632
1773775410400,0.0883789,-0.214355,0.989746,-0.000532632,0,-0.000532632
1773775410470,0.0898438,-0.212402,0.989746,-0.000532632,0.000532632,0
1773775410551,0.0893555,-0.214355,0.989258,0.000532632,-0.00106526,0
1773775410621,0.090332,-0.213867,0.991211,-0.000532632,0,-0.000532632
1773775410702,0.090332,-0.215332,0.989746,0.000532632,-0.00106526,0
1773775410783,0.0893555,-0.213379,0.991211,0.000532632,-0.00106526,0.00106526
1773775410853,0.0898438,-0.216309,0.990723,0.000532632,-0.000532632,-0.000532632
1773775410934,0.0893555,-0.213867,0.990723,0,-0.000532632,-0.00106526
1773775411014,0.0893555,-0.214844,0.990234,-0.00106526,0,-0.000532632
1773775411087,0.0908203,-0.212891,0.990723,-0.000532632,-0.00106526,0.000532632
1773775411165,0.0908203,-0.215332,0.990723,0,-0.000532632,0
1773775411246,0.0878906,-0.214355,0.990723,0.000532632,-0.000532632,0.000532632
1773775411316,0.0883789,-0.214355,0.991699,0.00106526,0,0
1773775411397,0.0893555,-0.214355,0.990723,-0.00106526,0,0
1773775411477,0.090332,-0.21582,0.989258,0,0,0
1773775411548,0.0888672,-0.212891,0.990234,0.000532632,0,0.000532632
1773775411628,0.0888672,-0.214355,0.991211,0.000532632,0,0.000532632
1773775411709,0.0888672,-0.214844,0.990723,0,-0.000532632,-0.00106526
1773775411783,0.0878906,-0.214355,0.991211,0,-0.000532632,0
1773775411860,0.0898438,-0.214355,0.990234,0,0,-0.000532632
1773775411930,0.0898438,-0.213867,0.991211,-0.000532632,-0.00106526,0.00106526
1773775412011,0.0893555,-0.21582,0.990234,0,-0.000532632,0
1773775412092,0.0898438,-0.211914,0.992676,0.000532632,-0.000532632,-0.000532632
1773775412162,0.0888672,-0.216797,0.990723,-0.000532632,-0.000532632,-0.000532632
1773775412244,0.090332,-0.215332,0.991211,0.000532632,-0.000532632,0.00106526
1773775412323,0.090332,-0.216309,0.98877,0.000532632,0,-0.000532632
1773775412394,0.0883789,-0.215332,0.989746,0,-0.000532632,0
1773775412475,0.0908203,-0.214844,0.990723,-0.000532632,-0.0015979,-0.000532632
1773775412555,0.0893555,-0.215332,0.989258,0.00106526,-0.00106526,-0.00106526
1773775412626,0.0893555,-0.213867,0.991211,-0.000532632,0.000532632,0
1773775412706,0.0874023,-0.213379,0.990234,-0.000532632,0,0
1773775412777,0.0893555,-0.216309,0.990723,-0.000532632,0,0.000532632
1773775412857,0.0898438,-0.21582,0.991211,-0.000532632,-0.000532632,0
1773775412938,0.0908203,-0.214844,0.989746,-0.000532632,-0.0015979,0
1773775413008,0.090332,-0.215332,0.991211,0,-0.000532632,0.00106526
1773775413089,0.0908203,-0.215332,0.989258,0,-0.00106526,0
1773775413169,0.090332,-0.214355,0.990234,0.000532632,-0.00106526,-0.000532632
1773775413241,0.0893555,-0.215332,0.991211,0.000532632,0.000532632,0
1773775413320,0.0913086,-0.212402,0.993164,0.000532632,-0.000532632,0.00106526
1773775413401,0.0883789,-0.214844,0.990234,0,-0.000532632,-0.00106526
1773775413471,0.090332,-0.213867,0.990234,-0.000532632,-0.000532632,0.000532632
1773775413552,0.090332,-0.214355,0.990723,0,-0.000532632,-0.000532632
1773775413632,0.0888672,-0.213867,0.989746,0.00106526,0,0.000532632
1773775413704,0.090332,-0.213379,0.989746,-0.000532632,-0.00106526,0.000532632
1773775413784,0.0888672,-0.215332,0.991699,0,-0.000532632,0.000532632
1773775413864,0.090332,-0.213379,0.990234,0,0,0.000532632
1773775413935,0.0883789,-0.214355,0.990723,-0.000532632,-0.000532632,0
1773775414015,0.0917969,-0.213867,0.990723,0,-0.000532632,-0.000532632
1773775414096,0.0898438,-0.216797,0.989258,-0.000532632,-0.0015979,-0.000532632
1773775414166,0.090332,-0.213379,0.990723,-0.000532632,0,0
1773775414247,0.0893555,-0.213867,0.991211,0,-0.000532632,0.0015979
1773775414317,0.0888672,-0.213867,0.990723,0.000532632,-0.000532632,0
1773775414398,0.0888672,-0.213379,0.990234,0,-0.000532632,0
1773775414478,0.0888672,-0.213867,0.990723,0,0,0.000532632
1773775414549,0.0922852,-0.213379,0.990723,0.000532632,-0.0015979,-0.000532632
1773775414629,0.0898438,-0.213379,0.989258,0.00106526,-0.000532632,-0.000532632
1773775414710,0.0888672,-0.214844,0.992188,0.000532632,-0.00106526,0
1773775414780,0.0893555,-0.214355,0.991211,0,-0.0015979,0.000532632
1773775414861,0.090332,-0.216797,0.992676,0.000532632,-0.000532632,0.000532632
1773775414942,0.0883789,-0.213867,0.993164,-0.000532632,0,0
1773775415012,0.0898438,-0.211914,0.990723,0,0,-0.000532632
1773775415093,0.0898438,-0.213867,0.992676,0.000532632,0.000532632,0.000532632
1773775415174,0.0898438,-0.215332,0.991699,-0.000532632,-0.00106526,0.00106526
1773775415244,0.0888672,-0.214844,0.988281,0.000532632,-0.0015979,0
1773775415325,0.0898438,-0.212891,0.989258,0,-0.000532632,0
1773775415396,0.0908203,-0.212402,0.990723,0,-0.00106526,-0.000532632
1773775415476,0.0888672,-0.214355,0.991211,0.000532632,-0.000532632,0.000532632
1773775415556,0.0874023,-0.214355,0.98877,0.000532632,0,-0.000532632
1773775415627,0.090332,-0.21582,0.990723,0.000532632,-0.000532632,0
1773775415707,0.090332,-0.214355,0.989746,0,-0.0015979,-0.000532632
1773775415788,0.0888672,-0.215332,0.989258,-0.00106526,0,0
1773775415858,0.0893555,-0.213379,0.989746,-0.000532632,-0.00106526,-0.000532632
1773775415940,0.0878906,-0.21582,0.990234,-0.00106526,-0.000532632,0
1773775416020,0.0893555,-0.21582,0.990723,0,-0.00106526,-0.000532632
1773775416090,0.0888672,-0.215332,0.990723,-0.000532632,-0.00106526,-0.00106526
1773775416170,0.0898438,-0.214355,0.990723,0.000532632,0,0
1773775416251,0.0908203,-0.215332,0.990234,0,0,0
1773775416323,0.0893555,-0.214355,0.991211,0.000532632,-0.000532632,0.00106526
1773775416402,0.0893555,-0.213867,0.991699,-0.000532632,-0.00106526,0
1773775416482,0.0883789,-0.21582,0.989258,-0.000532632,0,0
1773775416553,0.0883789,-0.215332,0.991699,0,-0.00106526,-0.000532632
1773775416635,0.0888672,-0.216309,0.990234,0,-0.0015979,0.000532632
1773775416705,0.0888672,-0.214355,0.989258,0.00106526,-0.000532632,0.000532632
1773775416785,0.0883789,-0.212891,0.989746,0.00106526,-0.00106526,0
1773775416865,0.0888672,-0.214844,0.990234,0.000532632,0,-0.00106526
1773775416937,0.0883789,-0.213379,0.991699,0,0,-0.000532632
1773775417016,0.0893555,-0.214844,0.991699,0,-0.000532632,-0.00106526
1773775417097,0.0898438,-0.214844,0.989746,0,-0.000532632,-0.000532632
1773775417167,0.090332,-0.215332,0.990723,0,0,-0.000532632
1773775417249,0.0893555,-0.213379,0.990234,0,-0.00106526,-0.00106526
1773775417328,0.0898438,-0.214355,0.98877,0,-0.000532632,0.000532632
1773775417399,0.0874023,-0.214844,0.990234,0,-0.00106526,-0.000532632
1773775417479,0.0888672,-0.215332,0.989746,-0.000532632,-0.000532632,0
1773775417560,0.0888672,-0.214844,0.989746,0.000532632,-0.00106526,-0.000532632
1773775417631,0.0883789,-0.215332,0.989258,-0.000532632,-0.000532632,-0.000532632
1773775417711,0.0898438,-0.214355,0.989258,0.000532632,-0.000532632,-0.000532632
1773775417792,0.0888672,-0.21875,0.991211,0,0,-0.000532632
1773775417862,0.090332,-0.21582,0.990723,0,-0.000532632,0
1773775417942,0.0898438,-0.214844,0.991211,0.000532632,0.000532632,0
1773775418023,0.090332,-0.213867,0.989258,-0.000532632,0,-0.000532632
1773775418094,0.0878906,-0.21582,0.989258,-0.000532632,0,-0.000532632
1773775418174,0.0883789,-0.213379,0.991211,0.000532632,0.000532632,0.000532632
1773775418245,0.0893555,-0.213379,0.991211,-0.000532632,0,-0.00106526
1773775418325,0.0859375,-0.215332,0.990234,0.00106526,0,0.000532632
1773775418405,0.0893555,-0.215332,0.991211,0.000532632,-0.000532632,-0.000532632
1773775418476,0.0898438,-0.214355,0.991211,0,-0.000532632,0.000532632
1773775418556,0.0883789,-0.213867,0.989746,0,-0.000532632,-0.0015979
1773775418637,0.0869141,-0.212891,0.989258,0.00106526,-0.0015979,-0.000532632
1773775418707,0.0888672,-0.215332,0.989258,0.000532632,-0.00106526,-0.000532632
1773775418788,0.0893555,-0.213379,0.989746,0.000532632,0,0.000532632
1773775418869,0.0888672,-0.217773,0.990234,0,-0.000532632,0
1773775418939,0.0883789,-0.213379,0.992676,0.00106526,0,-0.000532632
1773775419020,0.0893555,-0.21582,0.989258,0,-0.000532632,-0.00106526
1773775419100,0.0874023,-0.214844,0.990723,0,-0.000532632,0
1773775419171,0.0898438,-0.214355,0.990234,-0.00106526,-0.0015979,0.000532632
1773775419251,0.0893555,-0.21582,0.989746,0,0,-0.00106526
1773775419332,0.0898438,-0.214844,0.990234,0,0,0.000532632
1773775419403,0.0893555,-0.21582,0.988281,0.0015979,-0.000532632,0.000532632
1773775419483,0.0913086,-0.214844,0.989746,0,0,0
1773775419553,0.0898438,-0.214844,0.990234,-0.000532632,-0.00106526,0
1773775419634,0.0888672,-0.212891,0.990234,0,-0.000532632,0.00106526
1773775419715,0.0893555,-0.214355,0.98877,0,-0.000532632,0
1773775419785,0.0898438,-0.214355,0.990723,0,-0.0015979,-0.000532632
1773775419865,0.0888672,-0.214355,0.990234,-0.000532632,0,-0.000532632
1773775419947,0.0893555,-0.215332,0.990723,0,-0.00106526,-0.000532632
1773775420016,0.0908203,-0.216797,0.989258,0,0,0.000532632
1773775420098,0.0913086,-0.213867,0.990234,-0.000532632,-0.000532632,0.000532632
1773775420178,0.0878906,-0.214355,0.989746,0,-0.00106526,0
1773775420248,0.0898438,-0.216309,0.990234,0,-0.000532632,0.000532632
1773775420328,0.0908203,-0.215332,0.989746,0,-0.000532632,-0.000532632
1773775420409,0.0893555,-0.214844,0.991211,-0.000532632,0,-0.00106526
1773775420479,0.0898438,-0.215332,0.990723,0,-0.00106526,0
1773775420560,0.0898438,-0.214355,0.992188,0,-0.000532632,0.000532632
1773775420641,0.0888672,-0.213379,0.990723,0.00106526,-0.000532632,0
1773775420711,0.090332,-0.214355,0.990234,-0.000532632,-0.000532632,-0.000532632
1773775420792,0.0893555,-0.215332,0.988281,-0.000532632,-0.0015979,-0.000532632
1773775420862,0.0898438,-0.214355,0.990723,0.000532632,-0.000532632,-0.000532632
1773775420944,0.0898438,-0.217285,0.990723,-0.00106526,-0.000532632,0
1773775421023,0.0893555,-0.213867,0.989258,0,-0.00106526,-0.000532632
1773775421094,0.0888672,-0.21582,0.991211,0,-0.000532632,-0.000532632
1773775421174,0.0883789,-0.216797,0.990723,0,-0.00106526,0.000532632
1773775421255,0.090332,-0.216309,0.990234,0,-0.000532632,0
1773775421325,0.0888672,-0.214844,0.990723,-0.000532632,-0.0015979,0.000532632
1773775421406,0.0917969,-0.212891,0.988281,0.000532632,-0.000532632,0
1773775421486,0.0898438,-0.215332,0.990723,0,-0.00106526,0.000532632
1773775421557,0.0893555,-0.213379,0.989258,-0.000532632,-0.000532632,0.000532632
1773775421637,0.0898438,-0.213379,0.990723,0,-0.000532632,0
1773775421718,0.0893555,-0.216797,0.990234,0,-0.0015979,0
1773775421788,0.090332,-0.21582,0.990234,-0.00106526,-0.000532632,0
1773775421869,0.090332,-0.214844,0.991699,0,0,0.000532632
1773775421939,0.0883789,-0.213867,0.990234,0,0,-0.000532632
1773775422020,0.0888672,-0.212891,0.989746,-0.00106526,-0.000532632,-0.00106526
1773775422101,0.0888672,-0.214844,0.989258,0,-0.0015979,-0.00106526
1773775422171,0.0898438,-0.214844,0.990723,0,-0.000532632,-0.000532632
1773775422252,0.0898438,-0.216797,0.989746,0,0,-0.0015979
1773775422332,0.0898438,-0.216309,0.990723,0.00106526,-0.000532632,-0.000532632
1773775422403,0.0888672,-0.214355,0.989746,-0.000532632,-0.0015979,0.000532632
1773775422484,0.0883789,-0.215332,0.989746,0.000532632,0,-0.000532632
1773775422564,0.090332,-0.212402,0.989746,-0.000532632,-0.000532632,0
1773775422634,0.0893555,-0.214355,0.989746,-0.000532632,-0.000532632,-0.000532632
1773775422715,0.0888672,-0.216309,0.990723,-0.000532632,-0.000532632,0.000532632
1773775422796,0.0898438,-0.215332,0.990723,0,0,0.00106526
1773775422866,0.0883789,-0.21582,0.991211,0.000532632,-0.00106526,-0.000532632
1773775422947,0.0893555,-0.216309,0.990723,-0.000532632,-0.000532632,-0.000532632
1773775423027,0.0893555,-0.214355,0.991699,0.000532632,0.000532632,0.000532632
1773775423098,0.0898438,-0.213867,0.989746,0.000532632,-0.000532632,0
1773775423178,0.0888672,-0.214355,0.989258,0.0015979,-0.000532632,0
1773775423249,0.0883789,-0.214844,0.990234,-0.0015979,0,-0.000532632
1773775423329,0.0883789,-0.213867,0.990234,0,-0.00106526,-0.000532632
1773775423410,0.0883789,-0.213867,0.989258,0.000532632,-0.00106526,0
1773775423480,0.0898438,-0.213379,0.990723,-0.000532632,-0.000532632,0.000532632
1773775423561,0.0898438,-0.215332,0.990723,0.000532632,-0.000532632,0.000532632
1773775423642,0.0893555,-0.213867,0.990234,0.000532632,-0.000532632,0
1773775423712,0.0893555,-0.212891,0.991699,-0.000532632,-0.00106526,0.000532632
1773775423793,0.0908203,-0.214355,0.989746,0,-0.0015979,-0.00106526
1773775423873,0.0888672,-0.213379,0.991211,-0.000532632,0,0.000532632
1773775423944,0.0898438,-0.214355,0.989258,0.00106526,-0.000532632,0
1773775424024,0.0874023,-0.214844,0.990723,-0.00106526,-0.00106526,-0.000532632
1773775424105,0.0874023,-0.217285,0.98877,0,0,0.000532632
1773775424175,0.090332,-0.216309,0.990723,0.000532632,-0.0015979,0.000532632
1773775424256,0.0913086,-0.21582,0.990234,0,-0.000532632,0.000532632
1773775424336,0.0908203,-0.214844,0.990234,-0.000532632,-0.000532632,-0.000532632
1773775424407,0.0883789,-0.215332,0.989258,0,-0.0015979,0.000532632
1773775424487,0.0898438,-0.214355,0.990234,0.000532632,-0.00106526,0.00106526
1773775424568,0.0893555,-0.213867,0.989746,-0.000532632,-0.0015979,0.000532632
1773775424638,0.0888672,-0.214355,0.989258,-0.000532632,-0.000532632,-0.00106526
1773775424719,0.0883789,-0.214844,0.990723,0,-0.00106526,-0.000532632
1773775424789,0.0898438,-0.215332,0.987793,0.000532632,-0.00106526,-0.0015979
1773775424870,0.0869141,-0.214844,0.991211,-0.000532632,-0.00106526,0.00106526
1773775424950,0.0893555,-0.215332,0.988281,0,-0.00106526,0.00106526
1773775425021,0.0932617,-0.21582,0.990234,0,0,-0.0015979
1773775425101,0.090332,-0.214355,0.991211,0.000532632,-0.000532632,0.00106526
1773775425182,0.0883789,-0.212402,0.988281,0,-0.000532632,-0.0015979
1773775425252,0.0898438,-0.214355,0.988281,0.000532632,-0.000532632,0
1773775425333,0.0893555,-0.213867,0.98877,0,-0.0015979,0
1773775425414,0.0898438,-0.21582,0.98877,0.00106526,-0.00106526,-0.000532632
1773775425484,0.0888672,-0.212402,0.989746,0,0.000532632,0
1773775425565,0.0898438,-0.214355,0.990234,-0.000532632,-0.00106526,-0.00106526
1773775425645,0.090332,-0.214844,0.989258,0,-0.00106526,0.00106526
1773775425716,0.0888672,-0.214844,0.989746,-0.000532632,-0.00106526,-0.00106526
1773775425796,0.0883789,-0.214355,0.990723,0.000532632,-0.000532632,-0.000532632
1773775425867,0.0908203,-0.215332,0.989746,0,-0.00106526,-0.000532632
1773775425947,0.0893555,-0.213867,0.989746,-0.000532632,-0.00106526,-0.00106526
1773775426020,0.0888672,-0.21582,0.990234,0,-0.000532632,0
1773775426099,0.0893555,-0.21582,0.990234,0,-0.000532632,0
1773775426179,0.0888672,-0.213867,0.989258,0.000532632,0.000532632,-0.000532632
1773775426260,0.0883789,-0.213867,0.98877,0,0.000532632,0
1773775426331,0.0893555,-0.214844,0.989746,0.000532632,-0.000532632,0.000532632
1773775426410,0.0898438,-0.214844,0.987793,0,0,-0.000532632
1773775426491,0.0908203,-0.21582,0.989746,-0.000532632,-0.0015979,-0.000532632
1773775426563,0.0898438,-0.213379,0.987305,-0.000532632,-0.000532632,-0.000532632
1773775426642,0.0922852,-0.213379,0.990234,0,-0.00106526,0
1773775426723,0.0898438,-0.214844,0.991699,0.000532632,-0.000532632,0
1773775426793,0.0883789,-0.21582,0.989258,0,-0.000532632,0
1773775426874,0.0898438,-0.213379,0.991699,0.000532632,-0.00106526,0.00106526
1773775426946,0.0888672,-0.213867,0.989746,0.000532632,-0.00106526,-0.00106526
1773775427028,0.0908203,-0.213379,0.989746,0,-0.000532632,0.000532632
1773775427107,0.090332,-0.21582,0.988281,-0.000532632,-0.000532632,0
1773775427186,0.0908203,-0.216309,0.990234,-0.000532632,-0.000532632,0.0015979
1773775427257,0.0878906,-0.216309,0.992188,-0.000532632,0,0.000532632
1773775427337,0.0893555,-0.214844,0.990723,-0.000532632,-0.00106526,-0.00106526
1773775427408,0.0878906,-0.216309,0.990723,0,-0.0015979,-0.00106526
1773775427488,0.090332,-0.21582,0.989746,0,0,0
1773775427570,0.090332,-0.213379,0.991211,0,-0.000532632,0
1773775427639,0.090332,-0.214355,0.989746,0.000532632,-0.0015979,-0.000532632
1773775427720,0.0878906,-0.213379,0.990723,-0.0015979,-0.000532632,-0.00106526
1773775427800,0.0888672,-0.213867,0.990234,0.000532632,-0.000532632,-0.000532632
1773775427872,0.090332,-0.212402,0.990234,0.000532632,-0.000532632,0
1773775427952,0.0898438,-0.213867,0.990723,0.000532632,-0.00106526,0.000532632
1773775428023,0.0893555,-0.214844,0.991211,0,0,0
1773775428102,0.0898438,-0.215332,0.987793,-0.000532632,-0.0015979,0
1773775428184,0.0898438,-0.214844,0.989746,-0.000532632,-0.00106526,0
1773775428263,0.0898438,-0.214355,0.990723,0,-0.000532632,0.000532632
1773775428334,0.0883789,-0.215332,0.990723,0.000532632,-0.000532632,-0.000532632
1773775428414,0.0883789,-0.212891,0.990723,0.00106526,-0.000532632,-0.000532632
1773775428485,0.0888672,-0.215332,0.989746,-0.00106526,-0.00106526,-0.000532632
1773775428565,0.0898438,-0.214844,0.990234,0.0015979,-0.00106526,0.000532632
1773775428646,0.0913086,-0.21582,0.991211,0.000532632,-0.000532632,-0.00106526
1773775428716,0.0883789,-0.214355,0.990723,0,0,-0.000532632
1773775428797,0.0888672,-0.213867,0.989746,0,-0.000532632,-0.000532632
1773775428878,0.090332,-0.214844,0.989258,-0.000532632,-0.000532632,-0.000532632
1773775428948,0.0888672,-0.214844,0.989258,0,0,0.00106526
1773775429029,0.0869141,-0.215332,0.990234,-0.000532632,-0.00106526,-0.000532632
1773775429109,0.0893555,-0.21582,0.990723,0,0,-0.000532632
1773775429180,0.0888672,-0.216309,0.990723,-0.00106526,-0.000532632,-0.000532632
1773775429260,0.0898438,-0.214844,0.990234,0,-0.000532632,-0.000532632
1773775429341,0.0883789,-0.214844,0.989746,-0.000532632,-0.00106526,0.000532632
1773775429411,0.090332,-0.215332,0.991211,0,0.00106526,-0.000532632
1773775429492,0.0883789,-0.211914,0.989258,-0.000532632,-0.000532632,0
1773775429572,0.0878906,-0.213379,0.989258,-0.00106526,0.000532632,0
1773775429643,0.0898438,-0.214844,0.992188,0.000532632,-0.00106526,0.000532632
1773775429724,0.0893555,-0.214355,0.990723,0,-0.00106526,-0.000532632
1773775429794,0.0888672,-0.214844,0.990234,0.000532632,-0.000532632,-0.000532632
1773775429874,0.0898438,-0.212402,0.991211,0,-0.00106526,0
1773775429955,0.0883789,-0.217285,0.989258,-0.000532632,-0.000532632,-0.00106526
1773775430025,0.0908203,-0.215332,0.991211,0.00106526,-0.00106526,-0.00106526
1773775430106,0.0893555,-0.215332,0.989746,0,0.000532632,0.000532632
1773775430187,0.0883789,-0.214844,0.990234,0,-0.000532632,-0.00106526
1773775430257,0.0893555,-0.215332,0.990723,0.000532632,0,-0.000532632
1773775430338,0.0878906,-0.21582,0.98877,0.000532632,-0.00106526,0
1773775430409,0.0893555,-0.214844,0.989258,0,-0.000532632,0.00106526
1773775430490,0.0864258,-0.216309,0.988281,0,-0.0015979,0.000532632
1773775430570,0.0888672,-0.213379,0.989746,0,-0.000532632,0.000532632
1773775430641,0.0913086,-0.215332,0.991699,-0.000532632,0,-0.0015979
1773775430721,0.0898438,-0.212891,0.989746,0.000532632,-0.0015979,0
1773775430802,0.0883789,-0.214355,0.989258,0,-0.000532632,-0.0015979
1773775430872,0.0888672,-0.215332,0.991211,-0.000532632,0,-0.000532632
1773775430953,0.0854492,-0.212891,0.990723,0.000532632,-0.000532632,-0.00106526
1773775431034,0.0898438,-0.214355,0.991211,0,-0.000532632,0
1773775431104,0.0893555,-0.215332,0.991211,0.00106526,-0.000532632,-0.00106526
1773775431185,0.0883789,-0.215332,0.98877,0.000532632,-0.00106526,0
1773775431265,0.0888672,-0.211914,0.989258,-0.000532632,-0.00106526,-0.000532632
1773775431336,0.0864258,-0.213379,0.991699,0,-0.00106526,0
1773775431416,0.0888672,-0.214355,0.990723,0.000532632,0,0
1773775431497,0.090332,-0.216309,0.988281,0.000532632,-0.00106526,0.000532632
1773775431567,0.0878906,-0.214355,0.990234,-0.000532632,-0.0015979,-0.000532632
1773775431648,0.0888672,-0.214355,0.989746,0.000532632,-0.00106526,-0.000532632
1773775431722,0.0893555,-0.215332,0.990234,0.000532632,0,0.000532632
1773775431799,0.090332,-0.213867,0.991211,-0.000532632,-0.000532632,-0.000532632
1773775431880,0.0898438,-0.214844,0.986816,-0.00106526,0.000532632,0
1773775431950,0.0898438,-0.21582,0.990234,0.000532632,0,-0.000532632
1773775432032,0.0893555,-0.214844,0.98877,0.000532632,-0.000532632,-0.000532632
1773775432111,0.0893555,-0.214844,0.989746,0,0.000532632,-0.000532632
1773775432182,0.0898438,-0.215332,0.98877,0.00106526,-0.0015979,0
1773775432263,0.090332,-0.21582,0.991211,-0.000532632,0,-0.00106526
1773775432343,0.0878906,-0.214844,0.98877,0,-0.00106526,0.00106526
1773775432413,0.0913086,-0.213379,0.988281,-0.000532632,-0.00106526,-0.000532632
1773775432495,0.0888672,-0.214355,0.990723,0,-0.000532632,0
1773775432574,0.0883789,-0.215332,0.989258,0,-0.00106526,-0.000532632
1773775432645,0.0893555,-0.214844,0.992188,0.000532632,-0.000532632,0.000532632
1773775432725,0.0888672,-0.216309,0.989746,-0.000532632,-0.000532632,0.000532632
1773775432806,0.0898438,-0.212891,0.990234,-0.000532632,0.000532632,-0.000532632
1773775432877,0.0898438,-0.213867,0.989746,0,0,-0.00106526
1773775432957,0.0893555,-0.21582,0.990234,-0.000532632,0,-0.000532632
1773775433038,0.0888672,-0.213867,0.98877,0,-0.0015979,-0.000532632
1773775433108,0.0898438,-0.216309,0.990234,0,-0.000532632,0.00106526
1773775433189,0.0878906,-0.214844,0.990234,0.000532632,-0.000532632,-0.00106526
1773775433259,0.0898438,-0.212891,0.991211,0,0,-0.000532632
1773775433340,0.0898438,-0.214355,0.989258,0.000532632,0,-0.000532632
1773775433420,0.0922852,-0.212402,0.989746,0,-0.00106526,0.000532632
1773775433491,0.0888672,-0.215332,0.990234,-0.000532632,-0.000532632,0.00106526
1773775433571,0.090332,-0.215332,0.990723,-0.000532632,0,-0.000532632
1773775433652,0.090332,-0.214844,0.989258,0.000532632,-0.000532632,0
1773775433722,0.0908203,-0.214844,0.990723,0.000532632,-0.00106526,0.000532632
1773775433803,0.0874023,-0.21582,0.990234,0,-0.00106526,-0.000532632
1773775433883,0.0893555,-0.214844,0.989746,-0.000532632,0,0
1773775433954,0.0893555,-0.214844,0.988281,0.000532632,0,0.000532632
1773775434034,0.090332,-0.216309,0.990234,-0.000532632,-0.000532632,-0.00106526
1773775434116,0.0898438,-0.214355,0.991699,0,-0.000532632,0
1773775434185,0.0878906,-0.216309,0.989746,-0.00106526,-0.000532632,0
1773775434266,0.0913086,-0.214844,0.98877,-0.000532632,-0.00106526,0.000532632
1773775434346,0.0917969,-0.21582,0.990234,-0.000532632,-0.00106526,-0.000532632
1773775434417,0.0883789,-0.216797,0.98877,-0.000532632,0,-0.000532632
1773775434497,0.0908203,-0.214844,0.989746,0,0,-0.000532632
1773775434568,0.0898438,-0.213867,0.98877,0.000532632,0,0.000532632
1773775434648,0.0908203,-0.214844,0.990723,0.00106526,0,-0.000532632
1773775434729,0.0908203,-0.213379,0.991211,-0.000532632,-0.00106526,-0.00106526
1773775434799,0.0893555,-0.21582,0.989746,0.000532632,-0.000532632,0.000532632
1773775434881,0.0898438,-0.215332,0.989258,0,-0.00106526,-0.00106526
1773775434962,0.0893555,-0.21582,0.990234,0,0.000532632,-0.000532632
1773775435031,0.090332,-0.214844,0.990234,0.000532632,-0.000532632,0.00106526
1773775435112,0.0893555,-0.213379,0.990234,0,0,0.000532632
1773775435192,0.0898438,-0.214355,0.991211,0,-0.000532632,0.000532632
1773775435263,0.0908203,-0.212402,0.991211,0,-0.000532632,0
1773775435343,0.0893555,-0.213867,0.989258,-0.000532632,0,-0.00106526
1773775435424,0.0883789,-0.215332,0.990234,-0.0015979,-0.00106526,-0.000532632
1773775435494,0.0888672,-0.215332,0.991211,-0.000532632,-0.000532632,-0.000532632
1773775435575,0.0893555,-0.214844,0.989258,0,-0.000532632,0.000532632
1773775435655,0.0893555,-0.212891,0.990723,0,-0.000532632,-0.000532632
1773775435726,0.0888672,-0.214844,0.991699,0.000532632,-0.000532632,-0.000532632
1773775435806,0.090332,-0.214844,0.990723,0,0,0
1773775435878,0.0883789,-0.215332,0.989258,-0.000532632,-0.00106526,-0.000532632
1773775435957,0.0908203,-0.215332,0.990234,0.000532632,-0.000532632,0
1773775436039,0.0922852,-0.21582,0.990234,0.00106526,-0.00106526,0
1773775436108,0.0874023,-0.217285,0.990234,0.00106526,-0.00106526,-0.000532632
1773775436189,0.0908203,-0.214355,0.990723,0,-0.00106526,0
1773775436270,0.0883789,-0.213867,0.990723,0,0.000532632,-0.000532632
1773775436340,0.0883789,-0.213867,0.990234,0,-0.00106526,0
1773775436420,0.0898438,-0.216797,0.98877,0,-0.000532632,-0.000532632
1773775436501,0.0878906,-0.21582,0.991211,0,-0.000532632,0
1773775436572,0.0893555,-0.21582,0.989258,0.000532632,-0.000532632,0
1773775436652,0.0898438,-0.212891,0.989258,-0.00106526,-0.000532632,0
1773775436723,0.0878906,-0.214844,0.989746,-0.0015979,-0.000532632,0
1773775436803,0.0888672,-0.214844,0.991211,0.000532632,-0.000532632,-0.000532632
1773775436884,0.0908203,-0.214844,0.990234,0,-0.00106526,-0.00106526
1773775436954,0.0878906,-0.213379,0.989258,-0.000532632,-0.00106526,0
1773775437035,0.0893555,-0.214355,0.990234,0.000532632,-0.000532632,-0.000532632
1773775437115,0.0893555,-0.213867,0.990234,0.000532632,0,0
1773775437186,0.0888672,-0.214355,0.991699,0,-0.000532632,-0.000532632
1773775437266,0.0893555,-0.214355,0.991211,0,-0.00106526,-0.00106526
1773775437347,0.0898438,-0.214355,0.990234,0.000532632,0,0
1773775437418,0.0893555,-0.216309,0.989258,-0.000532632,-0.000532632,-0.000532632
1773775437498,0.0864258,-0.213867,0.990723,0.000532632,-0.000532632,0.000532632
1773775437579,0.0883789,-0.212891,0.989258,-0.0015979,-0.000532632,0
1773775437649,0.0883789,-0.216309,0.98877,0,-0.00106526,0.000532632
1773775437730,0.0893555,-0.213379,0.98877,-0.000532632,-0.00106526,-0.000532632
1773775437810,0.090332,-0.21582,0.991211,-0.000532632,-0.00106526,-0.00106526
1773775437881,0.0883789,-0.217285,0.989746,0.000532632,-0.00106526,0
1773775437961,0.0869141,-0.215332,0.989258,0,-0.0015979,0.00106526
1773775438042,0.0888672,-0.21582,0.990234,0.000532632,-0.00213053,0.000532632
1773775438112,0.090332,-0.213867,0.990234,0.000532632,-0.000532632,-0.000532632
1773775438193,0.090332,-0.213379,0.989746,-0.000532632,-0.00106526,-0.000532632
1773775438273,0.0878906,-0.213379,0.990234,0,-0.000532632,0
1773775438344,0.0898438,-0.216309,0.991211,0.000532632,-0.00106526,0
1773775438425,0.0883789,-0.213867,0.990234,-0.000532632,0,0
1773775438495,0.0898438,-0.215332,0.98877,0,-0.000532632,0
1773775438576,0.090332,-0.21582,0.991211,0,-0.000532632,0
1773775438656,0.0878906,-0.213867,0.98877,0,0,0
1773775438727,0.0888672,-0.215332,0.989258,0.00106526,-0.0015979,-0.000532632
1773775438808,0.0878906,-0.214844,0.988281,0,-0.000532632,-0.000532632
1773775438888,0.0898438,-0.215332,0.989746,0,-0.00106526,0.000532632
1773775438958,0.0888672,-0.213867,0.989258,-0.000532632,-0.00106526,-0.000532632
1773775439039,0.0898438,-0.212891,0.989746,-0.000532632,0,-0.000532632
1773775439119,0.0874023,-0.216797,0.991211,-0.000532632,-0.000532632,0
1773775439190,0.0908203,-0.214844,0.990234,0,0,0
1773775439271,0.0888672,-0.216309,0.98877,0,-0.00106526,-0.0015979
1773775439351,0.0893555,-0.216309,0.988281,0.000532632,-0.00106526,0
1773775439421,0.0898438,-0.215332,0.990723,0,-0.00106526,-0.000532632
1773775439502,0.0888672,-0.215332,0.990234,-0.000532632,-0.00106526,-0.000532632
1773775439572,0.0893555,-0.213379,0.991211,-0.000532632,-0.000532632,0
1773775439653,0.0878906,-0.212891,0.990234,0,-0.00106526,-0.00106526
1773775439734,0.0908203,-0.213379,0.992188,0,0,-0.00106526
1773775439804,0.0888672,-0.213379,0.98877,0,0.000532632,-0.000532632
1773775439885,0.0898438,-0.213867,0.989258,0,-0.0015979,-0.000532632
1773775439965,0.0898438,-0.213867,0.989746,0,-0.00106526,0.00106526
1773775440036,0.0874023,-0.214355,0.98877,0,0.000532632,0
1773775440116,0.0883789,-0.213867,0.989258,-0.000532632,-0.000532632,-0.000532632
1773775440197,0.0878906,-0.216309,0.98877,-0.00106526,0,0.000532632
1773775440267,0.0888672,-0.216309,0.989258,0,-0.000532632,-0.000532632
1773775440348,0.0893555,-0.21582,0.991211,0,-0.0015979,0
1773775440428,0.0888672,-0.216309,0.991211,-0.00106526,-0.000532632,0.000532632
1773775440499,0.090332,-0.214844,0.989746,0,0,-0.000532632
1773775440579,0.0888672,-0.21582,0.990234,-0.000532632,-0.000532632,-0.000532632
1773775440660,0.0898438,-0.213379,0.990723,-0.000532632,-0.00106526,0
1773775440733,0.0898438,-0.216309,0.98877,-0.000532632,0,-0.00106526
1773775440811,0.0898438,-0.21582,0.98877,0,0,0
1773775440881,0.0878906,-0.214844,0.989746,-0.00106526,0,0.000532632
1773775440963,0.0864258,-0.214355,0.989746,-0.000532632,-0.000532632,-0.000532632
1773775441042,0.0898438,-0.214844,0.990723,0,-0.000532632,0
1773775441113,0.0898438,-0.214355,0.98877,0,0,0
1773775441193,0.090332,-0.216797,0.989746,-0.000532632,-0.000532632,0
1773775441274,0.0883789,-0.217285,0.987793,0,-0.00106526,-0.0015979
1773775441344,0.090332,-0.216797,0.989746,0.000532632,0.000532632,0.000532632
1773775441425,0.0883789,-0.216797,0.990723,-0.000532632,-0.00106526,0.000532632
1773775441506,0.0888672,-0.212891,0.989258,-0.000532632,-0.000532632,0
1773775441576,0.0893555,-0.216309,0.989746,0.000532632,-0.000532632,-0.000532632
1773775441657,0.090332,-0.215332,0.988281,0,0,0.00106526
1773775441737,0.0874023,-0.214844,0.987793,0.000532632,0.000532632,0
1773775441808,0.0878906,-0.214844,0.990234,0.000532632,-0.000532632,-0.000532632
1773775441888,0.0878906,-0.214844,0.98877,-0.00106526,-0.000532632,0.000532632
1773775441969,0.0898438,-0.215332,0.990723,0.000532632,-0.000532632,-0.00106526
1773775442040,0.0874023,-0.21582,0.988281,-0.000532632,0.000532632,0.000532632
1773775442120,0.0893555,-0.214844,0.989746,0,-0.00106526,0.000532632
1773775442200,0.0898438,-0.21582,0.991699,0.000532632,-0.00106526,-0.000532632
1773775442271,0.0888672,-0.215332,0.987793,0,0,0
1773775442351,0.0888672,-0.213867,0.990234,0.000532632,-0.000532632,0
1773775442422,0.0883789,-0.214355,0.988281,0,-0.0015979,-0.00106526
1773775442502,0.0888672,-0.214355,0.989746,0.000532632,-0.000532632,-0.000532632
1773775442583,0.0908203,-0.214844,0.991699,-0.000532632,-0.00106526,0
1773775442653,0.0888672,-0.214844,0.990234,0.000532632,-0.00106526,0
1773775442734,0.0883789,-0.215332,0.989746,0.00106526,-0.000532632,0.00106526
1773775442815,0.0893555,-0.214355,0.990234,0.000532632,-0.000532632,0
1773775442885,0.090332,-0.214355,0.987305,0,-0.000532632,0
1773775442966,0.0878906,-0.214355,0.98877,0.000532632,0,-0.00106526
1773775443046,0.0898438,-0.213867,0.989258,-0.000532632,-0.00106526,0
1773775443117,0.090332,-0.216309,0.989746,0,-0.0015979,0
1773775443197,0.0898438,-0.213379,0.990723,0,-0.000532632,-0.000532632
1773775443278,0.090332,-0.21582,0.989746,-0.000532632,0,-0.00106526
1773775443348,0.0883789,-0.212891,0.990723,-0.00106526,-0.000532632,0
1773775443429,0.0917969,-0.215332,0.98877,-0.000532632,-0.000532632,-0.00106526
1773775443499,0.0888672,-0.215332,0.990234,0,-0.0015979,0
1773775443580,0.0888672,-0.21582,0.990234,0,-0.00106526,0
1773775443661,0.0888672,-0.216797,0.992676,-0.000532632,-0.000532632,0
1773775443731,0.0888672,-0.213867,0.990234,-0.000532632,-0.000532632,-0.000532632
1773775443812,0.0898438,-0.214844,0.989746,-0.000532632,-0.00106526,-0.000532632
1773775443892,0.0888672,-0.216309,0.988281,0,-0.00106526,-0.000532632
1773775443964,0.0878906,-0.217285,0.989258,0,0,0
1773775444044,0.090332,-0.213867,0.990723,0.00106526,0,-0.000532632
1773775444124,0.0898438,-0.216309,0.989258,0,-0.0015979,-0.0015979
1773775444194,0.0898438,-0.214355,0.991211,0.000532632,-0.000532632,0.000532632
1773775444275,0.0893555,-0.216309,0.990723,0,-0.00106526,-0.000532632
1773775444356,0.0883789,-0.21582,0.990234,-0.000532632,-0.000532632,0.000532632
1773775444426,0.0888672,-0.213867,0.989258,0,0,-0.000532632
1773775444507,0.0908203,-0.215332,0.98877,0,-0.00106526,-0.000532632
1773775444577,0.0898438,-0.213379,0.992676,0,0,-0.000532632
1773775444658,0.0883789,-0.215332,0.991211,0,-0.00106526,0.000532632
1773775444738,0.090332,-0.217285,0.991211,0,-0.00213053,-0.00106526
1773775444809,0.0878906,-0.21582,0.991211,0,-0.000532632,0.00106526
1773775444889,0.0888672,-0.214844,0.98877,0.000532632,-0.000532632,0
1773775444970,0.0888672,-0.214844,0.989258,-0.000532632,-0.00213053,-0.000532632
1773775445043,0.0893555,-0.216309,0.991211,-0.00106526,0,0
1773775445121,0.0878906,-0.21582,0.989258,-0.000532632,-0.000532632,-0.00106526
1773775445202,0.0888672,-0.216797,0.98877,0.000532632,-0.000532632,0
1773775445272,0.0888672,-0.21582,0.989258,0.00106526,-0.000532632,0
1773775445353,0.0864258,-0.216309,0.991211,0,0,0.000532632
1773775445433,0.0888672,-0.214844,0.991211,-0.000532632,-0.00106526,0
1773775445504,0.0888672,-0.213867,0.991699,0,0,-0.000532632
1773775445585,0.0893555,-0.21582,0.990234,-0.000532632,0,0.000532632
1773775445665,0.0893555,-0.21582,0.990234,0,-0.000532632,-0.000532632
1773775445736,0.090332,-0.213867,0.990234,-0.000532632,-0.00106526,0
1773775445816,0.0883789,-0.214844,0.989746,0.000532632,-0.000532632,0
1773775445886,0.0874023,-0.216309,0.989746,0.000532632,-0.000532632,-0.000532632
1773775445967,0.0888672,-0.215332,0.989746,0,-0.0015979,-0.000532632
1773775446048,0.0898438,-0.213867,0.989746,-0.000532632,0,-0.000532632
1773775446119,0.0893555,-0.215332,0.989258,-0.000532632,-0.00213053,0
1773775446199,0.0893555,-0.216309,0.989746,-0.000532632,-0.000532632,0
1773775446279,0.0864258,-0.216309,0.988281,-0.000532632,-0.00106526,0
1773775446350,0.0888672,-0.214355,0.989746,-0.000532632,-0.00106526,-0.00106526
1773775446432,0.0893555,-0.214355,0.988281,0.000532632,-0.000532632,0
1773775446511,0.0898438,-0.213867,0.987793,0,-0.000532632,0.000532632
1773775446582,0.0883789,-0.21582,0.990234,-0.00106526,-0.00106526,0
1773775446662,0.0893555,-0.215332,0.991211,-0.000532632,0.000532632,0.000532632
1773775446732,0.0888672,-0.214844,0.988281,0,-0.00106526,-0.00106526
1773775446813,0.0913086,-0.215332,0.990723,0,0,-0.000532632
1773775446894,0.0893555,-0.216309,0.991211,0,-0.00106526,-0.000532632
1773775446968,0.0874023,-0.215332,0.992188,-0.000532632,-0.0015979,0
1773775447045,0.0883789,-0.215332,0.993652,0.000532632,0,-0.000532632
1773775447125,0.0898438,-0.217285,0.989746,-0.000532632,-0.000532632,-0.000532632
1773775447198,0.0883789,-0.214844,0.990234,0,0.000532632,-0.00106526
1773775447278,0.0898438,-0.214355,0.990234,0.00106526,-0.000532632,-0.000532632
1773775447357,0.0888672,-0.214844,0.989258,0,-0.000532632,-0.000532632
1773775447428,0.0874023,-0.216797,0.989258,-0.000532632,-0.00106526,0.000532632
1773775447508,0.0898438,-0.214355,0.990234,0,-0.00106526,-0.000532632
1773775447590,0.0878906,-0.216797,0.990723,0.000532632,-0.000532632,0
1773775447659,0.090332,-0.213867,0.989746,0.000532632,0,-0.00106526
1773775447740,0.090332,-0.214844,0.991211,-0.000532632,-0.00106526,0
1773775447820,0.0878906,-0.213867,0.990723,-0.000532632,-0.00106526,0.000532632
1773775447892,0.0898438,-0.215332,0.991699,-0.000532632,-0.00106526,0
1773775447971,0.0893555,-0.214355,0.990234,0,0.000532632,0
1773775448052,0.0893555,-0.212891,0.989258,-0.000532632,0,-0.000532632
1773775448123,0.0888672,-0.214844,0.990234,-0.000532632,0,0
1773775448204,0.0893555,-0.214844,0.989746,0.000532632,0,0.000532632
1773775448276,0.0869141,-0.216309,0.989746,0.000532632,0,0.00106526
1773775448354,0.0888672,-0.216309,0.988281,0,-0.000532632,-0.000532632
1773775448435,0.0893555,-0.21582,0.986816,-0.00106526,0,0.00106526
1773775448505,0.0883789,-0.212891,0.98877,0,-0.00106526,0
1773775448586,0.0874023,-0.214355,0.990234,0,-0.000532632,-0.000532632
1773775448667,0.0874023,-0.214844,0.991211,0,-0.0015979,-0.000532632
1773775448737,0.0898438,-0.215332,0.990723,0,0,0
1773775448818,0.0893555,-0.214844,0.989746,0.000532632,-0.000532632,0
1773775448898,0.0888672,-0.214355,0.990723,-0.000532632,0,-0.000532632
1773775448969,0.0898438,-0.215332,0.989746,0,-0.000532632,0.000532632
1773775449049,0.0888672,-0.213379,0.990234,0.0015979,-0.000532632,0
1773775449130,0.0888672,-0.216309,0.990234,0.000532632,0,0.000532632
1773775449200,0.090332,-0.214844,0.98877,-0.000532632,-0.00106526,-0.0015979
1773775449281,0.0878906,-0.214355,0.992188,0,-0.0015979,0
1773775449362,0.0893555,-0.21582,0.989746,0,-0.00106526,-0.000532632
1773775449432,0.0898438,-0.21582,0.98877,-0.000532632,0,-0.000532632
1773775449513,0.0898438,-0.214844,0.989746,0.000532632,-0.000532632,0
1773775449583,0.0893555,-0.212402,0.991699,0.00106526,-0.000532632,0
1773775449664,0.0878906,-0.216309,0.989746,-0.000532632,-0.000532632,0
1773775449744,0.0883789,-0.215332,0.98877,0,-0.000532632,-0.000532632
1773775449815,0.0893555,-0.214844,0.991211,0.000532632,-0.000532632,0
1773775449895,0.0888672,-0.215332,0.989258,-0.000532632,-0.000532632,0
1773775449976,0.0874023,-0.216309,0.990234,0.000532632,-0.000532632,-0.000532632
1773775450046,0.0883789,-0.214355,0.989746,0,-0.000532632,0
1773775450129,0.0874023,-0.214844,0.989258,0,-0.000532632,0.000532632
1773775450207,0.0888672,-0.214844,0.990234,0.000532632,-0.000532632,-0.000532632
1773775450278,0.0888672,-0.216309,0.990234,0.000532632,-0.000532632,0
1773775450358,0.0898438,-0.21582,0.991211,0,-0.000532632,0
1773775450439,0.0883789,-0.21582,0.989746,0,0,0.000532632
1773775450509,0.0888672,-0.215332,0.990234,0,-0.000532632,0
1773775450590,0.0883789,-0.214355,0.990723,0,-0.00106526,-0.0015979
1773775450671,0.0893555,-0.213379,0.990234,-0.00106526,0,0
1773775450742,0.0883789,-0.212891,0.987793,0,0,-0.000532632
1773775450822,0.0893555,-0.216309,0.989258,-0.000532632,-0.000532632,0.000532632
1773775450894,0.090332,-0.214844,0.989746,0.000532632,-0.000532632,0
1773775450973,0.0888672,-0.21582,0.989258,0.000532632,0,-0.000532632
1773775451053,0.0913086,-0.214844,0.990723,-0.00106526,-0.00106526,0.000532632
1773775451124,0.0898438,-0.214844,0.989746,-0.00106526,-0.00106526,0.000532632
1773775451204,0.0893555,-0.214355,0.990723,-0.000532632,-0.000532632,-0.000532632
1773775451285,0.0898438,-0.214355,0.987793,-0.000532632,-0.000532632,0
1773775451355,0.0908203,-0.215332,0.989258,-0.00106526,-0.000532632,0.000532632
1773775451436,0.0913086,-0.214355,0.991211,0.000532632,-0.000532632,0
1773775451516,0.0888672,-0.214355,0.990234,0,-0.00106526,0
1773775451587,0.0898438,-0.214355,0.990234,0.000532632,0,-0.000532632
1773775451668,0.0893555,-0.214355,0.991699,0.000532632,0.000532632,-0.000532632
1773775451742,0.0913086,-0.213867,0.991211,-0.000532632,-0.00106526,0
1773775451819,0.0898438,-0.214355,0.989746,0.000532632,-0.00106526,0
1773775451899,0.090332,-0.213867,0.989258,0.00106526,0.000532632,0
1773775451979,0.0893555,-0.214355,0.990723,0.000532632,0,0.000532632
1773775452050,0.090332,-0.21582,0.990234,0.000532632,-0.000532632,0.000532632
1773775452130,0.090332,-0.213867,0.989258,0.000532632,0,-0.000532632
1773775452201,0.0893555,-0.217285,0.98877,0.00106526,-0.00106526,0
1773775452282,0.0878906,-0.215332,0.989746,0,-0.000532632,0
1773775452362,0.0898438,-0.213379,0.98877,-0.000532632,-0.000532632,0.00106526
1773775452433,0.0898438,-0.213867,0.991211,0.000532632,0,-0.000532632
1773775452513,0.0878906,-0.215332,0.989746,0,-0.000532632,0.000532632
1773775452594,0.0898438,-0.216309,0.986816,-0.000532632,-0.000532632,0
1773775452664,0.090332,-0.214844,0.991211,0,0,-0.000532632
1773775452745,0.0893555,-0.216797,0.98877,0,-0.000532632,0
1773775452825,0.0888672,-0.214355,0.991211,0,-0.000532632,-0.000532632
1773775452896,0.0893555,-0.213379,0.990723,-0.000532632,-0.0015979,0
1773775452977,0.0898438,-0.214844,0.991211,-0.000532632,-0.00106526,0.000532632
1773775453057,0.0878906,-0.21582,0.991211,0.000532632,-0.000532632,0
1773775453127,0.0888672,-0.216309,0.989746,0,0,-0.000532632
1773775453208,0.0888672,-0.216309,0.989258,-0.000532632,-0.000532632,-0.0015979
1773775453279,0.0908203,-0.214844,0.989258,-0.000532632,0,-0.000532632
1773775453359,0.090332,-0.213379,0.991211,0.000532632,0,0
1773775453440,0.0888672,-0.215332,0.989746,0,-0.00106526,0
1773775453511,0.0893555,-0.213867,0.990723,-0.000532632,-0.000532632,0
1773775453591,0.090332,-0.21582,0.991699,0.000532632,0,-0.00106526
1773775453672,0.0874023,-0.213379,0.989746,0.00106526,-0.00106526,0.000532632
1773775453742,0.0893555,-0.212891,0.989746,0.000532632,-0.000532632,0.000532632
1773775453823,0.0883789,-0.213379,0.990723,0.00106526,-0.000532632,0
1773775453903,0.0893555,-0.213379,0.990234,0,-0.000532632,-0.000532632
1773775453974,0.0898438,-0.213379,0.988281,0,-0.00106526,0
1773775454056,0.0883789,-0.214844,0.992676,-0.000532632,-0.000532632,-0.000532632
1773775454135,0.0878906,-0.212891,0.991699,0,-0.000532632,-0.000532632
1773775454206,0.0898438,-0.213379,0.991699,-0.000532632,-0.00106526,-0.00106526
1773775454288,0.0888672,-0.213379,0.989746,0,-0.00106526,0
1773775454357,0.0913086,-0.216797,0.990723,0,-0.0015979,0
1773775454437,0.0908203,-0.214355,0.991211,0,0,-0.000532632
1773775454518,0.0878906,-0.21582,0.989746,0,-0.000532632,-0.000532632
1773775454589,0.0898438,-0.21582,0.990234,-0.000532632,-0.000532632,0.00106526
1773775454669,0.0888672,-0.214355,0.989746,-0.000532632,0,0
1773775454750,0.0883789,-0.214844,0.98877,0,-0.00106526,0.000532632
1773775454820,0.0898438,-0.214844,0.991211,0,-0.000532632,-0.000532632
1773775454901,0.0908203,-0.216309,0.989258,0,-0.00106526,0.000532632
1773775454971,0.0888672,-0.216309,0.988281,-0.000532632,-0.00106526,-0.000532632
1773775455052,0.0883789,-0.21582,0.988281,0,0,0
1773775455132,0.0883789,-0.215332,0.993164,0,0,-0.000532632
1773775455213,0.0913086,-0.214844,0.991211,0,-0.0015979,-0.000532632
1773775455287,0.090332,-0.214844,0.988281,-0.000532632,-0.00106526,0
1773775455364,0.0888672,-0.21582,0.989746,0,0,0
1773775455434,0.090332,-0.214355,0.990723,-0.000532632,-0.000532632,0.000532632
1773775455515,0.0883789,-0.214844,0.990723,0,-0.00106526,-0.00106526
1773775455596,0.0893555,-0.214844,0.991211,-0.000532632,0,0
1773775455666,0.090332,-0.216797,0.992676,-0.000532632,0.000532632,0
1773775455747,0.0878906,-0.214355,0.990234,0.000532632,-0.000532632,-0.000532632
1773775455827,0.0917969,-0.213379,0.992676,0.000532632,-0.00106526,0
1773775455900,0.0878906,-0.212891,0.990723,0,-0.000532632,-0.000532632
1773775455979,0.0888672,-0.214844,0.989258,0,-0.000532632,0
1773775456059,0.0874023,-0.212402,0.989258,0,-0.000532632,0
1773775456129,0.090332,-0.213867,0.991699,0,0,0.0015979
1773775456210,0.0888672,-0.216309,0.990723,0,0,0
1773775456291,0.090332,-0.215332,0.989746,-0.000532632,-0.00106526,-0.000532632
1773775456361,0.0898438,-0.213379,0.990723,0,-0.000532632,0.000532632
1773775456442,0.0888672,-0.212402,0.989258,0.000532632,0,-0.000532632
1773775456522,0.0883789,-0.215332,0.990234,0,0,-0.00106526
1773775456593,0.0888672,-0.215332,0.991211,-0.00106526,-0.00106526,0.000532632
1773775456673,0.0869141,-0.214355,0.990723,0,-0.000532632,0
1773775456744,0.0898438,-0.214844,0.990234,-0.00106526,-0.0015979,-0.000532632
1773775456824,0.0883789,-0.212891,0.990234,0,-0.000532632,0.000532632
1773775456905,0.0888672,-0.213867,0.988281,0.000532632,-0.000532632,-0.000532632
1773775456976,0.090332,-0.213867,0.989746,-0.000532632,0,0
1773775457058,0.0898438,-0.214844,0.988281,0,-0.000532632,0
1773775457136,0.0888672,-0.214844,0.989746,-0.00106526,-0.000532632,0.000532632
1773775457209,0.090332,-0.213867,0.989258,-0.00106526,-0.00106526,0
1773775457289,0.0898438,-0.216797,0.992188,0,-0.000532632,-0.000532632
1773775457368,0.0908203,-0.213379,0.990723,-0.000532632,0,-0.00106526
1773775457438,0.0893555,-0.216309,0.991699,0.000532632,-0.00106526,-0.000532632
1773775457519,0.0913086,-0.213379,0.990723,-0.000532632,-0.0015979,0.000532632
1773775457600,0.0883789,-0.21582,0.989258,0,-0.000532632,-0.000532632
1773775457670,0.0883789,-0.216309,0.989258,-0.000532632,-0.00106526,-0.000532632
1773775457750,0.0898438,-0.21582,0.989746,0,-0.000532632,0
1773775457831,0.0883789,-0.215332,0.989258,-0.00106526,-0.000532632,0.000532632
1773775457904,0.0883789,-0.212402,0.990234,0.000532632,-0.00106526,0
1773775457982,0.0888672,-0.213867,0.989258,0,-0.00106526,0
1773775458062,0.0898438,-0.216309,0.989258,0.000532632,-0.000532632,0.000532632
1773775458133,0.090332,-0.214844,0.988281,-0.000532632,-0.0015979,-0.000532632
1773775458213,0.0898438,-0.215332,0.991211,0,-0.000532632,-0.00106526
1773775458284,0.0893555,-0.214355,0.989258,0.000532632,0.000532632,-0.000532632
1773775458364,0.0883789,-0.21582,0.991211,0.000532632,-0.00106526,-0.00106526
1773775458445,0.090332,-0.213867,0.990723,0,0,0
1773775458516,0.0893555,-0.213867,0.989746,0.000532632,-0.00106526,-0.000532632
1773775458596,0.0888672,-0.214355,0.988281,-0.00106526,-0.00106526,0.000532632
1773775458677,0.0908203,-0.214844,0.991699,-0.000532632,-0.00106526,0.000532632
1773775458747,0.0893555,-0.213379,0.989258,0.000532632,-0.000532632,0
1773775458828,0.0908203,-0.214844,0.990723,0.000532632,-0.0015979,-0.000532632
1773775458902,0.0888672,-0.212891,0.989258,-0.000532632,-0.000532632,-0.000532632
1773775458979,0.0888672,-0.21582,0.992188,0.00106526,-0.00106526,-0.000532632
1773775459059,0.0888672,-0.21582,0.990234,0,-0.000532632,-0.000532632
1773775459140,0.0878906,-0.21582,0.989746,0.000532632,0,0
1773775459210,0.0898438,-0.213379,0.989746,-0.000532632,-0.0015979,-0.00106526
1773775459291,0.0883789,-0.214355,0.989746,-0.000532632,-0.000532632,-0.000532632
1773775459371,0.0893555,-0.216309,0.990723,-0.000532632,0,0
1773775459442,0.090332,-0.213379,0.989258,-0.000532632,-0.000532632,0.000532632
1773775459523,0.0883789,-0.215332,0.989258,-0.000532632,0.000532632,-0.00106526
1773775459593,0.090332,-0.213379,0.990723,0.000532632,0,0.000532632
1773775459673,0.0888672,-0.214355,0.990234,0,-0.000532632,0
1773775459754,0.0908203,-0.214844,0.989258,0,-0.00106526,0
1773775459825,0.0893555,-0.214844,0.992188,0,-0.000532632,0.000532632
1773775459906,0.0908203,-0.214844,0.992188,0.000532632,0,-0.000532632
1773775459985,0.0883789,-0.214355,0.990723,-0.000532632,-0.00106526,0
1773775460057,0.0898438,-0.214844,0.989746,0,-0.00106526,0.000532632
1773775460136,0.0893555,-0.214355,0.991699,0.000532632,-0.00106526,0.000532632
1773775460207,0.0898438,-0.216309,0.98877,-0.000532632,-0.000532632,0
1773775460287,0.0908203,-0.214844,0.991211,0.00106526,-0.00106526,-0.000532632
1773775460368,0.0898438,-0.214844,0.991211,0,-0.000532632,0.000532632
1773775460439,0.0913086,-0.215332,0.991211,0.000532632,-0.0015979,0.00106526
1773775460520,0.090332,-0.214844,0.991211,0,-0.000532632,0.000532632
1773775460601,0.0893555,-0.214844,0.98877,0,-0.000532632,-0.000532632
1773775460671,0.090332,-0.213379,0.989258,0,-0.00106526,0
1773775460752,0.0898438,-0.213867,0.990234,0,-0.000532632,-0.000532632
1773775460832,0.0893555,-0.214844,0.990234,0,-0.000532632,-0.000532632
1773775460903,0.0917969,-0.214844,0.991211,0,0,0.000532632
1773775460984,0.0893555,-0.213379,0.990234,-0.000532632,-0.00106526,0.000532632
1773775461064,0.0893555,-0.215332,0.991699,0.000532632,-0.000532632,0.000532632
1773775461135,0.0913086,-0.214355,0.990234,-0.000532632,0,0
1773775461216,0.0888672,-0.214844,0.990234,0,-0.00106526,0.000532632
1773775461296,0.0888672,-0.213379,0.990234,-0.000532632,0,-0.00106526
1773775461367,0.0888672,-0.215332,0.990234,0,0,0
1773775461448,0.0913086,-0.21582,0.98877,-0.000532632,-0.000532632,0.000532632
1773775461518,0.0922852,-0.213867,0.989746,0,-0.0015979,0
1773775461598,0.0893555,-0.213379,0.990234,-0.00106526,-0.00106526,0.000532632
1773775461679,0.0893555,-0.216309,0.990234,0,0,0
1773775461751,0.0893555,-0.215332,0.990723,0.00106526,-0.000532632,-0.000532632
1773775461830,0.0898438,-0.214844,0.989746,-0.000532632,-0.00106526,-0.000532632
1773775461910,0.090332,-0.216797,0.992676,-0.00106526,-0.00106526,-0.000532632
1773775461981,0.0883789,-0.215332,0.98877,-0.000532632,0,-0.000532632
1773775462061,0.0913086,-0.213867,0.989258,0.000532632,-0.000532632,-0.000532632
1773775462142,0.0883789,-0.215332,0.988281,0,-0.0015979,0.000532632
1773775462212,0.0888672,-0.213867,0.990234,0.000532632,-0.000532632,0.000532632
1773775462295,0.0893555,-0.214844,0.989746,0.000532632,-0.00106526,0.000532632
1773775462373,0.0883789,-0.215332,0.989746,-0.000532632,0,0
1773775462444,0.0878906,-0.214844,0.993164,-0.000532632,-0.00106526,0
1773775462525,0.0908203,-0.214355,0.993652,-0.000532632,0,0
1773775462596,0.0888672,-0.214844,0.991211,0,-0.00106526,0
1773775462675,0.0874023,-0.215332,0.990723,0,-0.00106526,0
1773775462756,0.0883789,-0.214844,0.989258,0,-0.000532632,-0.00106526
1773775462827,0.0898438,-0.212891,0.990234,0.000532632,0,-0.000532632
1773775462908,0.0898438,-0.214355,0.990723,0,0,-0.000532632
1773775462988,0.0893555,-0.213867,0.98877,-0.000532632,0.000532632,-0.000532632
1773775463058,0.0878906,-0.21582,0.990234,0.00106526,-0.0015979,-0.00213053
1773775463139,0.0898438,-0.214355,0.989258,0.000532632,-0.000532632,-0.00106526
1773775463219,0.0893555,-0.214844,0.992188,0.00106526,-0.000532632,-0.000532632
1773775463292,0.0878906,-0.214355,0.991211,0.000532632,-0.000532632,-0.000532632
1773775463370,0.0883789,-0.216309,0.990723,0,-0.00106526,-0.00106526
1773775463451,0.0893555,-0.214844,0.98877,-0.000532632,-0.00106526,0
1773775463522,0.090332,-0.216309,0.989258,-0.000532632,-0.000532632,0.000532632
1773775463602,0.0893555,-0.214844,0.990723,0,0,-0.000532632
1773775463682,0.0893555,-0.213867,0.990723,0,-0.000532632,0
1773775463753,0.0898438,-0.214355,0.989746,0,-0.000532632,-0.00106526
1773775463833,0.0874023,-0.214355,0.98877,-0.0015979,0,0
1773775463914,0.0898438,-0.213867,0.990234,-0.000532632,-0.00106526,0.00106526
1773775463984,0.0878906,-0.214355,0.991699,0.000532632,0,-0.00106526
1773775464066,0.0917969,-0.213379,0.98877,-0.000532632,-0.00213053,-0.00106526
1773775464139,0.0913086,-0.213379,0.990723,0,-0.000532632,0
1773775464220,0.0893555,-0.213867,0.991211,0,-0.000532632,-0.000532632
1773775464289,0.0888672,-0.213867,0.992188,0,0,0
1773775464367,0.0893555,-0.21582,0.992188,-0.000532632,0,0
1773775464448,0.0888672,-0.213867,0.991211,0,0,0
1773775464528,0.090332,-0.214844,0.990723,0,-0.0015979,-0.00106526
1773775464599,0.090332,-0.214355,0.989746,0,0.000532632,0.000532632
1773775464679,0.0888672,-0.21582,0.990723,0,0,0
1773775464760,0.090332,-0.216797,0.990723,-0.000532632,0,0.000532632
1773775464830,0.0888672,-0.214355,0.988281,0,-0.000532632,0
1773775464913,0.0917969,-0.214355,0.992188,-0.00106526,0,0.00106526
1773775464991,0.0874023,-0.214844,0.990234,-0.000532632,-0.000532632,-0.000532632
1773775465062,0.090332,-0.214355,0.990234,-0.000532632,-0.000532632,0.000532632
1773775465142,0.0898438,-0.215332,0.990723,0,0,0
1773775465213,0.0898438,-0.216309,0.990234,0.00106526,-0.000532632,0
1773775465294,0.0893555,-0.215332,0.989746,0.00106526,0,0
1773775465374,0.0878906,-0.213867,0.990723,0,0,-0.000532632
1773775465455,0.0874023,-0.213867,0.992188,0.000532632,0,0.000532632
1773775465525,0.0888672,-0.213379,0.992188,0,-0.0015979,-0.000532632
1773775465606,0.0883789,-0.213867,0.991211,0.000532632,-0.000532632,0.000532632
1773775465676,0.0898438,-0.212891,0.990234,-0.000532632,0.00106526,0
1773775465757,0.0888672,-0.215332,0.990723,0.000532632,-0.000532632,-0.00106526
1773775465837,0.0883789,-0.214355,0.990723,0,0,0
1773775465908,0.0898438,-0.215332,0.990723,-0.000532632,-0.00106526,0
1773775465988,0.0908203,-0.214355,0.990234,-0.000532632,-0.000532632,0
1773775466062,0.0888672,-0.214355,0.990234,-0.000532632,-0.000532632,0
1773775466139,0.0888672,-0.215332,0.991699,0,-0.00106526,0
1773775466220,0.0893555,-0.212891,0.990234,0,0,-0.00106526
1773775466291,0.0898438,-0.215332,0.989258,0,-0.000532632,0
1773775466371,0.0878906,-0.214844,0.990234,0.000532632,0.000532632,0
1773775466451,0.0913086,-0.213379,0.990234,0,-0.00106526,0.000532632
1773775466532,0.0878906,-0.213379,0.98877,-0.000532632,0,0.000532632
1773775466602,0.0874023,-0.216309,0.990234,0,-0.000532632,-0.000532632
1773775466683,0.0878906,-0.21582,0.990234,-0.000532632,-0.000532632,-0.000532632
1773775466764,0.0878906,-0.213379,0.990723,-0.00106526,-0.00106526,-0.0015979
1773775466836,0.0883789,-0.214844,0.992188,0,-0.00106526,0.000532632
1773775466915,0.0913086,-0.213379,0.989746,0,-0.000532632,-0.000532632
1773775466985,0.090332,-0.213867,0.992188,0.00106526,0,0.000532632
1773775467069,0.0898438,-0.214355,0.989258,0,-0.00106526,0
1773775467148,0.0893555,-0.214355,0.992676,0,0.000532632,-0.00106526
1773775467221,0.0913086,-0.216309,0.992676,0,-0.0015979,0
1773775467301,0.090332,-0.215332,0.98877,0.000532632,-0.000532632,0
1773775467378,0.0908203,-0.215332,0.991211,0.000532632,-0.000532632,-0.00106526
1773775467448,0.0908203,-0.210938,0.990234,0,-0.000532632,0.000532632
1773775467529,0.0883789,-0.212891,0.990723,-0.000532632,-0.00106526,-0.0015979
1773775467609,0.0893555,-0.216309,0.991699,0.000532632,0,0.000532632
1773775467680,0.0898438,-0.213379,0.989258,0.00106526,0.000532632,-0.000532632
1773775467760,0.0898438,-0.214844,0.992676,0,-0.000532632,0
1773775467841,0.0893555,-0.213867,0.991211,0,-0.00106526,0
1773775467911,0.0888672,-0.213867,0.991699,0.000532632,-0.000532632,0
1773775467992,0.0874023,-0.215332,0.98877,-0.00106526,0,0
1773775468072,0.0893555,-0.213379,0.990723,0,-0.000532632,-0.000532632
1773775468143,0.0888672,-0.212891,0.990234,0,-0.00106526,0
1773775468223,0.0908203,-0.214844,0.991211,-0.00106526,-0.00106526,0
1773775468294,0.0888672,-0.215332,0.990723,0.000532632,0.000532632,0.000532632
1773775468375,0.090332,-0.21582,0.991699,-0.000532632,-0.000532632,-0.00106526
1773775468455,0.090332,-0.214355,0.98877,-0.000532632,-0.00106526,-0.000532632
1773775468526,0.0888672,-0.214355,0.98877,-0.00106526,0,-0.000532632
1773775468606,0.0898438,-0.213867,0.990234,0,0,-0.00106526
1773775468677,0.0869141,-0.21582,0.991211,0.000532632,-0.00106526,0.000532632
1773775468757,0.0908203,-0.215332,0.990234,-0.00106526,-0.000532632,-0.000532632
1773775468838,0.0908203,-0.214844,0.992676,0,-0.000532632,-0.000532632
1773775468918,0.0893555,-0.212891,0.990234,-0.00106526,-0.00106526,0.000532632
1773775468989,0.0908203,-0.214844,0.98877,0.000532632,-0.000532632,-0.000532632
1773775469069,0.090332,-0.213867,0.990234,-0.00106526,0,0
1773775469150,0.0893555,-0.213867,0.990723,0,-0.00106526,-0.00106526
1773775469220,0.0888672,-0.215332,0.991211,0.000532632,-0.0015979,0
1773775469301,0.0888672,-0.213379,0.989746,0,0,-0.000532632
1773775469381,0.0913086,-0.214844,0.990234,0,0.000532632,-0.00106526
1773775469452,0.0878906,-0.214844,0.991211,-0.000532632,-0.000532632,0
1773775469533,0.090332,-0.213867,0.990234,0.000532632,-0.000532632,-0.000532632
1773775469603,0.0883789,-0.213867,0.991699,0.000532632,0,0
1773775469684,0.0893555,-0.215332,0.989746,0.000532632,0,-0.0015979
1773775469764,0.0908203,-0.214844,0.990234,-0.000532632,-0.000532632,0
1773775469835,0.0888672,-0.213867,0.991211,0,0,0
1773775469917,0.0893555,-0.216309,0.989258,-0.000532632,-0.00106526,0
1773775469996,0.0888672,-0.215332,0.990234,-0.000532632,-0.000532632,0
1773775470068,0.0893555,-0.214844,0.989258,0,0,0.00106526
1773775470147,0.090332,-0.214844,0.989746,0,-0.000532632,0
1773775470227,0.0888672,-0.214844,0.989746,0,-0.00106526,-0.0015979
1773775470298,0.0883789,-0.214844,0.992188,-0.000532632,-0.00106526,-0.00106526
1773775470379,0.090332,-0.213867,0.991211,0,-0.000532632,-0.000532632
1773775470459,0.0893555,-0.213867,0.990234,0,-0.000532632,0
1773775470529,0.0898438,-0.215332,0.990234,-0.000532632,-0.0015979,0
1773775470610,0.0874023,-0.215332,0.98877,-0.00106526,0.00106526,-0.000532632
1773775470690,0.0888672,-0.215332,0.989746,0.00106526,-0.0015979,-0.00106526
1773775470761,0.0893555,-0.214355,0.990723,-0.000532632,-0.000532632,0
1773775470841,0.0883789,-0.214844,0.990234,-0.000532632,-0.000532632,-0.00106526
1773775470922,0.0869141,-0.214844,0.989746,0.00106526,-0.00106526,-0.000532632
1773775470993,0.0913086,-0.214844,0.990234,0.000532632,0,0
1773775471073,0.0908203,-0.213867,0.990723,0,-0.000532632,0.000532632
1773775471143,0.0893555,-0.214844,0.991699,0.00106526,0,0.000532632
1773775471224,0.0898438,-0.214844,0.989746,-0.000532632,-0.0015979,0.000532632
1773775471305,0.0893555,-0.214355,0.989746,0,-0.000532632,-0.000532632
1773775471375,0.0888672,-0.213867,0.990234,-0.000532632,-0.00106526,-0.00106526
1773775471456,0.0883789,-0.214355,0.989746,0.000532632,0,0
1773775471536,0.0898438,-0.214355,0.990723,0.000532632,-0.0015979,-0.000532632
1773775471607,0.0913086,-0.215332,0.989746,0.000532632,-0.00106526,-0.000532632
1773775471687,0.0883789,-0.213867,0.990723,0,-0.00106526,0.000532632
1773775471768,0.0913086,-0.213379,0.990234,0.000532632,0,0.000532632
1773775471840,0.0913086,-0.213867,0.990723,-0.000532632,-0.000532632,-0.00106526
1773775471920,0.0908203,-0.214844,0.992676,0,-0.00106526,-0.00106526
1773775471999,0.0893555,-0.213867,0.989258,0,-0.00106526,0
1773775472071,0.0883789,-0.214355,0.989746,-0.000532632,0,-0.000532632
1773775472151,0.0893555,-0.214844,0.991211,0.000532632,-0.000532632,-0.000532632
1773775472224,0.0893555,-0.214355,0.989746,0,-0.000532632,0.000532632
1773775472302,0.090332,-0.21582,0.98877,0,0.000532632,0
1773775472382,0.0874023,-0.213379,0.991699,0,-0.000532632,0
1773775472453,0.0908203,-0.213867,0.989258,0,-0.0015979,-0.000532632
1773775472534,0.090332,-0.214355,0.990723,-0.000532632,-0.000532632,0.000532632
1773775472614,0.0888672,-0.213379,0.991211,0,-0.00106526,0
1773775472684,0.090332,-0.214844,0.990723,-0.000532632,-0.000532632,-0.000532632
1773775472765,0.0898438,-0.215332,0.992188,0.00106526,-0.0015979,-0.000532632
1773775472845,0.090332,-0.215332,0.991699,-0.000532632,-0.00106526,-0.000532632
1773775472918,0.0893555,-0.213379,0.990234,0.000532632,-0.0015979,-0.000532632
1773775472997,0.0898438,-0.214355,0.989258,-0.00106526,0,-0.00106526
1773775473077,0.0898438,-0.214844,0.989746,0.000532632,-0.00106526,0
1773775473147,0.090332,-0.214355,0.991211,0,-0.000532632,-0.000532632
1773775473228,0.090332,-0.213379,0.990723,-0.000532632,-0.000532632,-0.000532632
1773775473309,0.0908203,-0.214355,0.991211,-0.000532632,-0.000532632,-0.000532632
1773775473379,0.0898438,-0.214355,0.991699,-0.00106526,-0.00106526,-0.000532632
1773775473459,0.0888672,-0.213867,0.989746,0.000532632,-0.00106526,-0.000532632
1773775473540,0.090332,-0.214844,0.991211,0,-0.000532632,-0.000532632
1773775473610,0.0913086,-0.21582,0.989746,-0.00106526,0.000532632,0
1773775473691,0.090332,-0.212891,0.990723,-0.000532632,-0.00106526,0
1773775473771,0.0898438,-0.213379,0.990234,0,-0.000532632,0
1773775473842,0.0908203,-0.214844,0.989746,0.00106526,-0.000532632,0.000532632
1773775473924,0.0893555,-0.215332,0.990723,-0.00106526,-0.00106526,-0.000532632
1773775473993,0.0898438,-0.213379,0.990234,0,-0.0015979,0
1773775474075,0.0888672,-0.213867,0.991699,-0.000532632,0,0.000532632
1773775474154,0.0898438,-0.214355,0.989746,-0.000532632,-0.00106526,-0.00106526
1773775474224,0.0883789,-0.213867,0.989746,0,-0.000532632,-0.000532632
1773775474307,0.0908203,-0.214844,0.989746,0.000532632,-0.00106526,0.000532632
1773775474386,0.0898438,-0.212891,0.990234,0,-0.00106526,0
1773775474456,0.0893555,-0.212402,0.992676,-0.000532632,-0.000532632,0.000532632
1773775474537,0.0878906,-0.21582,0.992188,0,-0.00106526,-0.000532632
1773775474617,0.0908203,-0.214355,0.991211,0,-0.00106526,-0.0015979
1773775474688,0.0893555,-0.215332,0.989746,-0.00106526,0,0.000532632
1773775474769,0.0898438,-0.214844,0.990234,0.000532632,-0.00106526,-0.0015979
1773775474849,0.090332,-0.21582,0.992188,0.000532632,-0.0015979,0.000532632
1773775474920,0.0913086,-0.214844,0.989746,-0.00106526,-0.000532632,-0.00106526
1773775475000,0.090332,-0.212891,0.990723,0.00106526,-0.000532632,0.000532632
1773775475072,0.0922852,-0.215332,0.992188,0,-0.000532632,-0.000532632
1773775475152,0.0883789,-0.213867,0.989258,-0.000532632,-0.000532632,-0.00106526
1773775475232,0.090332,-0.214844,0.992676,-0.000532632,-0.00106526,0.00106526
1773775475302,0.0883789,-0.214844,0.990723,0,-0.0015979,0
1773775475383,0.0893555,-0.213867,0.991699,0.000532632,0,-0.000532632
1773775475463,0.090332,-0.214355,0.991699,-0.00106526,-0.00106526,-0.000532632
1773775475534,0.0893555,-0.216309,0.992676,0.000532632,0.0015979,0
1773775475615,0.0883789,-0.215332,0.990234,-0.000532632,0.000532632,-0.000532632
1773775475695,0.0888672,-0.213867,0.990723,0,0,0
1773775475765,0.090332,-0.214844,0.989258,0,-0.000532632,-0.0015979
1773775475846,0.0898438,-0.215332,0.989746,0,-0.00106526,0
1773775475926,0.0917969,-0.212402,0.990234,0,0,-0.000532632
1773775475997,0.0893555,-0.213867,0.989746,0,-0.000532632,-0.000532632
1773775476077,0.0888672,-0.216309,0.990234,0,0,0
1773775476158,0.0883789,-0.214844,0.989746,0,-0.000532632,0
1773775476228,0.0908203,-0.21582,0.990723,0.000532632,-0.000532632,-0.000532632
1773775476309,0.090332,-0.215332,0.992676,0.000532632,-0.000532632,0
1773775476379,0.0893555,-0.213379,0.988281,-0.00106526,0,-0.000532632
1773775476460,0.0883789,-0.214355,0.990723,0.0015979,0,-0.000532632
1773775476541,0.090332,-0.214844,0.990234,0.000532632,-0.00106526,0
1773775476612,0.0908203,-0.215332,0.989746,-0.000532632,-0.000532632,-0.00106526
1773775476691,0.0888672,-0.213867,0.990234,0,-0.00213053,0
1773775476772,0.0898438,-0.216309,0.991211,0.000532632,-0.00106526,-0.000532632
1773775476844,0.0883789,-0.215332,0.991211,-0.000532632,-0.00106526,-0.000532632
1773775476923,0.0893555,-0.214844,0.990234,0.000532632,-0.00106526,-0.00106526
1773775477004,0.0898438,-0.214844,0.990723,0.000532632,-0.000532632,0.000532632
1773775477074,0.090332,-0.214844,0.989258,0.00106526,-0.0015979,0.000532632
1773775477155,0.0893555,-0.214355,0.989746,-0.00106526,0,0.000532632
1773775477235,0.0883789,-0.216309,0.98877,0,0,-0.0015979
1773775477307,0.0898438,-0.213867,0.990234,-0.00106526,0,0
1773775477386,0.0888672,-0.213379,0.989258,-0.000532632,-0.000532632,-0.00106526
1773775477467,0.0893555,-0.214355,0.989258,0.000532632,-0.000532632,-0.0015979
1773775477537,0.090332,-0.216309,0.989258,-0.00106526,-0.000532632,0.000532632
1773775477618,0.0898438,-0.216797,0.991699,-0.00106526,0,-0.000532632
1773775477689,0.0893555,-0.212891,0.989258,0.000532632,-0.000532632,0
1773775477769,0.0893555,-0.214355,0.993164,-0.000532632,-0.0015979,0.000532632
1773775477850,0.0898438,-0.214355,0.991211,0,0,-0.000532632
1773775477920,0.0888672,-0.214844,0.989746,-0.00106526,-0.00106526,-0.000532632
1773775478001,0.0893555,-0.214844,0.989746,0.000532632,-0.000532632,0
1773775478081,0.0888672,-0.215332,0.990234,0,-0.00106526,-0.000532632
1773775478152,0.0888672,-0.213867,0.991211,-0.000532632,-0.00106526,0.000532632
1773775478233,0.090332,-0.214355,0.989258,0.00106526,-0.000532632,-0.000532632
1773775478313,0.0874023,-0.214844,0.990234,0,0,0.000532632
1773775478383,0.0893555,-0.213379,0.989746,-0.000532632,0,0
1773775478464,0.090332,-0.216797,0.991211,-0.00106526,-0.000532632,0
1773775478535,0.0874023,-0.214844,0.989746,-0.000532632,-0.0015979,0.000532632
1773775478615,0.0898438,-0.213379,0.991211,0,-0.00213053,-0.000532632
1773775478696,0.0888672,-0.21582,0.990234,0.000532632,-0.00106526,0.000532632
1773775478776,0.0883789,-0.213867,0.990723,0.00106526,-0.000532632,-0.00106526
1773775478849,0.0898438,-0.214844,0.991211,0.000532632,-0.0015979,0
1773775478928,0.0893555,-0.215332,0.991211,0,-0.000532632,-0.000532632
1773775478998,0.0874023,-0.212402,0.991211,0,-0.00106526,-0.000532632
1773775479083,0.090332,-0.215332,0.990723,-0.00106526,-0.000532632,-0.0015979
1773775479159,0.0908203,-0.214844,0.990234,0,0,0
1773775479230,0.0913086,-0.214355,0.991211,0.000532632,-0.000532632,0
1773775479310,0.0917969,-0.214355,0.989258,-0.000532632,-0.00106526,0.000532632
1773775479391,0.0898438,-0.214844,0.989258,0,0,0
1773775479461,0.0878906,-0.214844,0.990723,-0.000532632,0,0
1773775479541,0.0893555,-0.213379,0.990234,-0.00106526,0,-0.000532632
1773775479622,0.0893555,-0.214355,0.990723,0,-0.00106526,-0.00106526
1773775479693,0.0898438,-0.213379,0.991699,0,-0.0015979,0.00106526
1773775479773,0.0908203,-0.213867,0.992188,-0.000532632,-0.0015979,0
1773775479854,0.0893555,-0.212402,0.989258,0,-0.0015979,0
1773775479925,0.0878906,-0.216797,0.988281,0,-0.000532632,0
1773775480005,0.0917969,-0.213379,0.989258,0,0,-0.000532632
1773775480085,0.0878906,-0.213379,0.990234,0.000532632,-0.000532632,0
1773775480156,0.090332,-0.213379,0.989746,-0.000532632,-0.00106526,0
1773775480236,0.0888672,-0.212402,0.990234,0,-0.000532632,-0.000532632
1773775480307,0.0893555,-0.214844,0.98877,-0.000532632,-0.00106526,-0.000532632
1773775480387,0.0888672,-0.21582,0.988281,0,-0.00106526,0.000532632
1773775480468,0.0893555,-0.213379,0.990723,0.000532632,-0.000532632,0
1773775480538,0.090332,-0.214355,0.989258,0,0,-0.000532632
1773775480619,0.0917969,-0.213867,0.990234,-0.00106526,0,-0.000532632
1773775480699,0.0893555,-0.215332,0.991211,0,0.000532632,0
1773775480771,0.0913086,-0.214355,0.990723,0,-0.000532632,-0.000532632
1773775480850,0.0908203,-0.214355,0.989746,0,0.000532632,-0.000532632
1773775480931,0.0898438,-0.216309,0.989258,-0.000532632,-0.000532632,0
1773775481001,0.0888672,-0.21582,0.989746,-0.000532632,-0.000532632,0
1773775481082,0.0893555,-0.215332,0.991211,0.00106526,-0.00106526,-0.00106526
1773775481163,0.0898438,-0.214844,0.989746,0.00106526,0,0.000532632
1773775481233,0.0917969,-0.213867,0.990234,0,0,-0.000532632
1773775481314,0.0878906,-0.214844,0.989258,-0.000532632,-0.000532632,0.000532632
1773775481394,0.0888672,-0.214355,0.991211,0,-0.000532632,0
1773775481465,0.0893555,-0.212891,0.990234,0.000532632,-0.000532632,-0.000532632
1773775481546,0.0898438,-0.212891,0.990234,-0.000532632,0,-0.000532632
1773775481616,0.0883789,-0.214844,0.990234,-0.000532632,-0.00106526,0
1773775481697,0.090332,-0.216309,0.98877,-0.000532632,-0.00106526,0
1773775481777,0.0893555,-0.215332,0.989258,-0.00106526,-0.0015979,-0.0015979
1773775481847,0.0888672,-0.212891,0.991211,-0.00106526,-0.000532632,0.000532632
1773775481928,0.0888672,-0.214355,0.989746,0.000532632,-0.000532632,-0.000532632
1773775482009,0.0878906,-0.21582,0.992188,-0.0015979,-0.00106526,-0.00106526
1773775482079,0.0927734,-0.214844,0.990234,0,-0.00106526,-0.00106526
1773775482160,0.0883789,-0.214355,0.989258,-0.000532632,0,-0.00106526
1773775482240,0.0893555,-0.213867,0.989746,0,-0.000532632,-0.00106526
1773775482311,0.0893555,-0.213867,0.990723,0,-0.00106526,0.000532632
1773775482391,0.0878906,-0.213379,0.990234,0,-0.000532632,0.000532632
1773775482472,0.090332,-0.213867,0.992676,0,-0.000532632,0.000532632
1773775482542,0.0893555,-0.213379,0.989746,-0.000532632,-0.00106526,-0.00106526
1773775482624,0.0883789,-0.214355,0.989746,-0.000532632,0,0
1773775482694,0.090332,-0.213867,0.989746,0.000532632,-0.000532632,0
1773775482774,0.0878906,-0.214844,0.990234,0.0015979,-0.00106526,-0.00106526
1773775482855,0.0883789,-0.212402,0.989258,0,0,0
1773775482927,0.0908203,-0.214844,0.98877,-0.000532632,-0.00106526,-0.000532632
1773775483008,0.0878906,-0.214355,0.991699,0,0,0
1773775483086,0.0874023,-0.216309,0.987305,0.00106526,-0.000532632,-0.000532632
1773775483157,0.090332,-0.213867,0.990234,0,0.000532632,-0.000532632
1773775483237,0.0883789,-0.213867,0.989746,-0.00106526,-0.000532632,-0.00106526
1773775483318,0.0913086,-0.214844,0.991699,-0.000532632,-0.00106526,-0.000532632
1773775483388,0.0878906,-0.213867,0.990234,0.000532632,-0.000532632,0
1773775483469,0.0908203,-0.214355,0.989746,-0.000532632,-0.00106526,-0.000532632
1773775483549,0.090332,-0.214355,0.990234,0,-0.000532632,-0.000532632
1773775483620,0.0883789,-0.213867,0.98877,-0.00106526,-0.00106526,-0.000532632
1773775483701,0.0893555,-0.214844,0.991211,0.00106526,-0.0015979,0.00106526
1773775483781,0.0883789,-0.21582,0.989746,0.000532632,-0.00106526,-0.000532632
1773775483851,0.0874023,-0.213867,0.990234,-0.000532632,-0.000532632,-0.000532632
1773775483932,0.0874023,-0.214355,0.990234,-0.000532632,-0.000532632,-0.00106526
1773775484004,0.0898438,-0.214844,0.98877,0,-0.000532632,-0.000532632
1773775484085,0.0893555,-0.21582,0.989258,0.000532632,-0.00106526,0.000532632
1773775484164,0.0869141,-0.213867,0.98877,0,-0.00106526,-0.000532632
1773775484234,0.0864258,-0.213867,0.989258,0,-0.000532632,-0.000532632
1773775484314,0.0874023,-0.212891,0.990234,0.000532632,-0.00106526,0
1773775484395,0.0898438,-0.213867,0.991211,0,-0.000532632,0
1773775484466,0.0908203,-0.214355,0.991211,0,0,-0.00106526
1773775484546,0.0893555,-0.213379,0.991211,-0.000532632,-0.0015979,-0.00106526
1773775484627,0.0888672,-0.213867,0.990723,-0.00106526,-0.000532632,-0.000532632
1773775484697,0.0898438,-0.213379,0.98877,-0.00106526,-0.000532632,-0.000532632
1773775484778,0.0883789,-0.214844,0.990234,-0.000532632,-0.000532632,0.000532632
1773775484859,0.090332,-0.214844,0.989258,0,-0.000532632,0.000532632
1773775484929,0.0898438,-0.21582,0.989746,-0.000532632,-0.000532632,0
1773775485009,0.0908203,-0.214355,0.989258,-0.00106526,-0.000532632,0
1773775485090,0.090332,-0.215332,0.989258,0.000532632,-0.000532632,-0.000532632
1773775485160,0.0917969,-0.214355,0.992188,0,-0.00106526,0.000532632
1773775485241,0.0893555,-0.213379,0.990723,-0.000532632,-0.000532632,0.000532632
1773775485311,0.0878906,-0.215332,0.991211,0.000532632,-0.00106526,0.000532632
1773775485392,0.0888672,-0.213379,0.989258,0.000532632,-0.000532632,-0.000532632
1773775485473,0.090332,-0.21582,0.990234,0.0015979,-0.00106526,0
1773775485543,0.0888672,-0.214844,0.989746,0,-0.000532632,-0.000532632
1773775485624,0.0883789,-0.213867,0.990723,0.000532632,-0.00106526,0
1773775485705,0.0864258,-0.212891,0.990723,-0.000532632,-0.0015979,-0.000532632
1773775485775,0.0888672,-0.214844,0.98877,-0.00106526,-0.00106526,0
1773775485855,0.090332,-0.213379,0.987793,0.000532632,-0.00106526,0.000532632
1773775485936,0.0888672,-0.216797,0.991699,0,-0.000532632,-0.000532632
1773775486006,0.090332,-0.217285,0.990234,-0.00106526,-0.00106526,-0.00106526
1773775486087,0.0913086,-0.21582,0.990234,-0.00106526,0,0.000532632
1773775486168,0.0898438,-0.214844,0.991699,-0.000532632,-0.000532632,-0.000532632
1773775486238,0.090332,-0.214844,0.989746,-0.00106526,-0.0015979,-0.000532632
1773775486319,0.0883789,-0.214355,0.990234,-0.000532632,-0.000532632,0
1773775486399,0.0883789,-0.213379,0.990234,0,0,0
1773775486470,0.0888672,-0.212891,0.991211,-0.000532632,-0.00106526,0
1773775486550,0.0893555,-0.216797,0.98877,0.00106526,-0.00106526,0
1773775486621,0.0888672,-0.216797,0.990234,0,0,0
1773775486702,0.090332,-0.215332,0.989258,0.000532632,-0.000532632,-0.000532632
1773775486782,0.0883789,-0.217285,0.987793,0.000532632,-0.00106526,0.0015979
1773775486853,0.0898438,-0.214355,0.989258,-0.000532632,-0.000532632,-0.0015979
1773775486933,0.090332,-0.215332,0.991699,0,0,0
1773775487014,0.0878906,-0.214355,0.990723,0,-0.0015979,-0.000532632
1773775487084,0.0893555,-0.215332,0.987793,-0.000532632,-0.00106526,0
1773775487165,0.0893555,-0.214355,0.98877,-0.000532632,0.000532632,0
1773775487245,0.0883789,-0.214844,0.990723,-0.000532632,-0.0015979,-0.000532632
1773775487316,0.0913086,-0.21582,0.991211,-0.00106526,-0.0015979,0
1773775487396,0.0898438,-0.215332,0.989746,-0.000532632,-0.00106526,0
1773775487477,0.0874023,-0.21582,0.98877,-0.000532632,-0.000532632,0
1773775487548,0.0888672,-0.213379,0.990234,-0.000532632,-0.000532632,-0.000532632
1773775487628,0.0898438,-0.214844,0.989746,0,-0.00106526,0
1773775487698,0.090332,-0.214844,0.990723,-0.000532632,-0.0015979,-0.000532632
1773775487779,0.0913086,-0.215332,0.990723,0,-0.00106526,0
1773775487859,0.0908203,-0.213867,0.991211,0,-0.000532632,0
1773775487930,0.0874023,-0.214355,0.991699,-0.00106526,-0.000532632,-0.000532632
1773775488010,0.0898438,-0.215332,0.990723,0,0,-0.000532632
1773775488091,0.0893555,-0.213867,0.989746,0,-0.000532632,0
1773775488161,0.0888672,-0.21582,0.990723,-0.000532632,0,-0.000532632
1773775488242,0.0898438,-0.212402,0.991211,-0.000532632,0,-0.000532632
1773775488323,0.0908203,-0.213379,0.989258,0,-0.000532632,0
1773775488393,0.090332,-0.214355,0.989258,-0.00106526,-0.00106526,0
1773775488474,0.090332,-0.214844,0.989746,0,0,-0.000532632
1773775488554,0.0883789,-0.212891,0.990723,-0.000532632,-0.000532632,0.000532632
1773775488625,0.0898438,-0.213867,0.991211,-0.00106526,-0.000532632,-0.000532632
1773775488705,0.0893555,-0.216309,0.989258,0,-0.00106526,-0.00106526
1773775488786,0.0883789,-0.213379,0.990723,0.00106526,-0.000532632,-0.000532632
1773775488856,0.0908203,-0.215332,0.988281,0.000532632,0.000532632,0
1773775488937,0.0898438,-0.215332,0.98877,0,-0.000532632,-0.00106526
1773775489007,0.090332,-0.214844,0.989258,-0.000532632,-0.00106526,0.00106526
1773775489088,0.0893555,-0.213867,0.988281,0,-0.000532632,0
1773775489168,0.0893555,-0.216309,0.989258,0,-0.000532632,0
1773775489240,0.0898438,-0.214844,0.990723,-0.000532632,-0.0015979,0
1773775489320,0.090332,-0.213379,0.990234,-0.000532632,0,0.000532632
1773775489400,0.0883789,-0.214844,0.989746,0.000532632,-0.000532632,0
1773775489470,0.0888672,-0.215332,0.991699,-0.000532632,-0.0015979,-0.000532632
1773775489551,0.090332,-0.21582,0.992188,-0.000532632,-0.000532632,0.000532632
1773775489632,0.0883789,-0.213867,0.990234,0,-0.000532632,0
1773775489702,0.0874023,-0.214844,0.991211,0.000532632,0,-0.000532632
1773775489782,0.0898438,-0.213867,0.990234,-0.000532632,-0.00106526,0
1773775489864,0.0893555,-0.21582,0.990234,0.00106526,-0.00106526,-0.0015979
1773775489933,0.0893555,-0.21582,0.987305,0,-0.000532632,-0.000532632
1773775490014,0.0883789,-0.21582,0.990723,0.000532632,-0.00106526,0.0015979
1773775490095,0.0893555,-0.214844,0.990234,0,0,-0.000532632
1773775490165,0.0893555,-0.213867,0.990723,0.000532632,0,-0.000532632
1773775490247,0.0869141,-0.215332,0.989258,0,0.000532632,0
1773775490317,0.090332,-0.215332,0.990234,0,-0.00213053,0.000532632
1773775490397,0.090332,-0.214355,0.990234,0.000532632,0,-0.000532632
1773775490478,0.090332,-0.21582,0.990723,-0.000532632,0,-0.00106526
1773775490548,0.0883789,-0.21582,0.989258,0.000532632,-0.000532632,-0.0015979
1773775490629,0.0888672,-0.21582,0.989746,-0.00106526,-0.0015979,0.000532632
1773775490709,0.0898438,-0.214355,0.990234,0,0,-0.00106526
1773775490780,0.0893555,-0.212891,0.991211,-0.000532632,-0.000532632,0
1773775490860,0.0898438,-0.214355,0.990234,-0.000532632,-0.000532632,-0.00106526
1773775490941,0.0898438,-0.215332,0.990234,-0.00106526,-0.000532632,0
1773775491011,0.0888672,-0.212891,0.990234,0.000532632,0,0.00106526
1773775491092,0.0893555,-0.214844,0.990234,0.00106526,-0.000532632,-0.000532632
1773775491173,0.0908203,-0.215332,0.989746,0.00106526,-0.00106526,0
1773775491244,0.0878906,-0.216309,0.991211,-0.000532632,-0.000532632,0
1773775491324,0.0898438,-0.214844,0.990234,-0.0015979,-0.000532632,-0.000532632
1773775491404,0.0898438,-0.214844,0.989746,0.000532632,0.000532632,-0.000532632
1773775491474,0.0898438,-0.212891,0.991211,0.000532632,-0.00106526,0.000532632
1773775491555,0.0883789,-0.214355,0.98877,0,0,0.000532632
1773775491625,0.090332,-0.214844,0.990723,-0.00106526,0,-0.000532632
1773775491706,0.0878906,-0.213867,0.989746,0,0,0
1773775491787,0.0898438,-0.214844,0.990723,0,-0.00106526,0
1773775491857,0.0878906,-0.214355,0.98877,0,-0.000532632,0
1773775491937,0.0893555,-0.214355,0.989746,0,-0.000532632,-0.00106526
1773775492018,0.0888672,-0.217285,0.989746,-0.000532632,-0.00106526,-0.00106526
1773775492088,0.0893555,-0.215332,0.990723,-0.000532632,-0.00213053,0
1773775492169,0.0898438,-0.214844,0.990723,0,-0.00106526,-0.0015979
1773775492250,0.0908203,-0.214355,0.989258,-0.000532632,0,-0.000532632
1773775492320,0.0908203,-0.216309,0.992188,-0.000532632,-0.000532632,-0.000532632
1773775492401,0.0898438,-0.214844,0.990723,0.000532632,-0.000532632,-0.000532632
1773775492481,0.0888672,-0.215332,0.991699,-0.000532632,-0.000532632,-0.000532632
1773775492552,0.0913086,-0.214844,0.990234,0,-0.00106526,-0.00106526
1773775492632,0.0888672,-0.214844,0.990723,0,-0.00106526,0
1773775492703,0.0878906,-0.213379,0.990723,0,-0.00106526,0
1773775492783,0.0913086,-0.216309,0.991211,0.000532632,-0.000532632,0
1773775492864,0.090332,-0.215332,0.98877,-0.000532632,0,-0.0015979
1773775492934,0.0888672,-0.214844,0.989746,0,-0.000532632,-0.000532632
1773775493015,0.0883789,-0.213379,0.991699,0.000532632,0.000532632,0.00106526
1773775493095,0.0893555,-0.214355,0.990723,0,-0.000532632,0
1773775493166,0.0878906,-0.215332,0.989258,0.000532632,-0.0015979,-0.000532632
1773775493246,0.0893555,-0.217285,0.989746,-0.000532632,-0.000532632,-0.00106526
1773775493327,0.0883789,-0.214355,0.990234,0,-0.00106526,-0.00106526
1773775493399,0.0888672,-0.214355,0.990723,0,-0.000532632,0
1773775493478,0.0893555,-0.212891,0.990723,-0.000532632,0,0
1773775493559,0.0888672,-0.214355,0.989258,0,-0.000532632,-0.00106526
1773775493630,0.0883789,-0.215332,0.989258,0,-0.000532632,0.000532632
1773775493713,0.0893555,-0.21582,0.991211,0,0,0
1773775493790,0.090332,-0.214355,0.990723,0,-0.000532632,-0.00106526
1773775493861,0.090332,-0.212402,0.990234,0.000532632,-0.000532632,-0.000532632
1773775493941,0.0883789,-0.214844,0.98877,0.000532632,0,-0.000532632
1773775494013,0.0893555,-0.214844,0.989258,-0.000532632,-0.00106526,-0.000532632
1773775494093,0.0913086,-0.214844,0.990234,-0.00106526,-0.00106526,-0.0015979
1773775494173,0.0888672,-0.213867,0.990234,-0.000532632,-0.00106526,0
1773775494243,0.0898438,-0.213867,0.989746,-0.000532632,-0.00106526,-0.000532632
1773775494324,0.0893555,-0.212891,0.987793,-0.000532632,-0.0015979,0
1773775494404,0.0878906,-0.216309,0.991699,0.000532632,-0.00106526,0.00106526
1773775494475,0.0898438,-0.215332,0.990234,-0.0015979,-0.000532632,-0.00106526
1773775494555,0.0893555,-0.215332,0.98877,0.000532632,-0.000532632,0.000532632
1773775494636,0.0898438,-0.215332,0.989746,0.000532632,0.000532632,0.00106526
1773775494706,0.0883789,-0.216309,0.990234,0,-0.00106526,-0.000532632
1773775494787,0.0883789,-0.21582,0.989258,0,-0.00106526,0.000532632
1773775494857,0.0893555,-0.213867,0.991211,-0.00106526,-0.000532632,0
1773775494938,0.0883789,-0.214844,0.991699,-0.000532632,-0.00106526,0
1773775495018,0.0898438,-0.214844,0.993164,0.00106526,-0.00106526,-0.00106526
1773775495099,0.090332,-0.21582,0.989258,-0.000532632,-0.00106526,0
1773775495172,0.090332,-0.213379,0.989258,-0.000532632,-0.00106526,0.00106526
1773775495250,0.0888672,-0.216309,0.991699,-0.000532632,-0.000532632,-0.000532632
1773775495330,0.0874023,-0.214844,0.989746,0,-0.00106526,-0.000532632
1773775495401,0.090332,-0.215332,0.991211,0,-0.0015979,0
1773775495482,0.0883789,-0.212891,0.991699,0.000532632,-0.0015979,-0.000532632
1773775495552,0.0874023,-0.214355,0.992188,0,-0.00106526,-0.000532632
1773775495633,0.0898438,-0.213379,0.990723,0,-0.00106526,0
1773775495713,0.0893555,-0.214355,0.990723,0,-0.00106526,0
1773775495784,0.0888672,-0.214355,0.98877,0,-0.00106526,-0.00106526
1773775495864,0.0898438,-0.215332,0.990234,-0.00106526,-0.000532632,0.000532632
1773775495945,0.0908203,-0.213867,0.990723,-0.000532632,-0.000532632,0
1773775496017,0.0883789,-0.214355,0.98877,-0.000532632,-0.000532632,-0.000532632
1773775496096,0.0888672,-0.214355,0.991699,-0.000532632,0,0
1773775496177,0.0893555,-0.214844,0.989746,-0.00106526,-0.000532632,-0.000532632
1773775496251,0.0883789,-0.214844,0.989746,0,-0.000532632,0
1773775496328,0.0913086,-0.214355,0.991211,0.000532632,-0.000532632,0
1773775496398,0.0883789,-0.215332,0.990234,0,0,0.000532632
1773775496479,0.0893555,-0.214355,0.989746,0,-0.00106526,0
1773775496559,0.0893555,-0.215332,0.991699,0.000532632,-0.000532632,-0.00106526
1773775496640,0.0893555,-0.212891,0.990723,-0.00106526,0,-0.000532632
1773775496710,0.0893555,-0.214844,0.990723,-0.000532632,-0.000532632,0
1773775496791,0.0893555,-0.215332,0.991699,0.000532632,0.000532632,-0.0015979
1773775496861,0.0888672,-0.215332,0.987793,0.00106526,0.000532632,0.000532632
1773775496942,0.0893555,-0.213867,0.989746,-0.000532632,0.000532632,0
1773775497024,0.0883789,-0.214844,0.988281,-0.000532632,0,-0.00106526
1773775497093,0.0883789,-0.215332,0.990234,-0.000532632,-0.000532632,-0.00106526
1773775497174,0.0898438,-0.21582,0.991211,-0.00106526,-0.00106526,0.000532632
1773775497254,0.0898438,-0.212402,0.98877,0.000532632,0.000532632,0.000532632
1773775497325,0.0883789,-0.212891,0.989746,0,-0.000532632,0.000532632
1773775497405,0.0908203,-0.21582,0.990723,-0.000532632,-0.000532632,-0.000532632
1773775497486,0.0883789,-0.211914,0.991211,0,-0.000532632,-0.00106526
1773775497556,0.0893555,-0.214844,0.992676,0,-0.000532632,0
1773775497637,0.0893555,-0.214844,0.98877,-0.000532632,-0.000532632,0.000532632
1773775497717,0.0883789,-0.21582,0.98877,0,-0.000532632,-0.000532632
1773775497788,0.0888672,-0.214355,0.987305,0,0.000532632,-0.00106526
1773775497871,0.0888672,-0.214355,0.990234,0.000532632,-0.000532632,0
1773775497939,0.0893555,-0.213379,0.991211,-0.000532632,-0.000532632,-0.000532632
1773775498020,0.0898438,-0.215332,0.989258,-0.000532632,0,0.000532632
1773775498100,0.0888672,-0.212891,0.990234,0,-0.000532632,-0.00106526
1773775498172,0.0893555,-0.216309,0.991211,0.00106526,-0.00106526,-0.00106526
1773775498254,0.0888672,-0.213379,0.991211,0,-0.00106526,0
1773775498332,0.090332,-0.216309,0.990234,0,-0.000532632,-0.000532632
1773775498404,0.0893555,-0.214355,0.991211,0,-0.000532632,-0.00106526
1773775498483,0.0898438,-0.21582,0.991211,0.00106526,-0.000532632,-0.000532632
1773775498564,0.0893555,-0.21582,0.990234,0.000532632,-0.000532632,-0.000532632
1773775498635,0.0893555,-0.21582,0.992188,-0.000532632,-0.000532632,-0.000532632
1773775498715,0.090332,-0.214355,0.990234,0,-0.00106526,0
1773775498796,0.0888672,-0.215332,0.992676,-0.000532632,-0.000532632,0
1773775498866,0.0883789,-0.213867,0.989258,0,-0.000532632,0
1773775498947,0.0893555,-0.214355,0.991211,-0.000532632,0,0
1773775499017,0.0898438,-0.214355,0.989746,0,-0.000532632,0.00106526
1773775499098,0.0898438,-0.214844,0.98877,-0.00106526,-0.00106526,-0.000532632
1773775499178,0.090332,-0.216309,0.989746,0,0,0
1773775499249,0.0888672,-0.213867,0.990234,0,0,0
1773775499329,0.0878906,-0.21582,0.991211,-0.00106526,-0.000532632,-0.00213053
1773775499411,0.0898438,-0.214844,0.989258,-0.0015979,-0.00106526,-0.00106526
1773775499481,0.0888672,-0.21582,0.992676,-0.000532632,-0.000532632,0
1773775499562,0.0898438,-0.213379,0.991211,-0.00106526,-0.00106526,0
1773775499642,0.0888672,-0.213379,0.989258,0,-0.000532632,-0.000532632
1773775499713,0.0883789,-0.216797,0.98877,0.000532632,0,-0.000532632
1773775499793,0.0898438,-0.213379,0.991699,-0.000532632,-0.000532632,0
1773775499865,0.090332,-0.213867,0.990723,0,-0.00106526,-0.00106526
1773775499944,0.0913086,-0.215332,0.990234,-0.000532632,-0.000532632,0.000532632
1773775500025,0.0893555,-0.214355,0.990723,0,-0.000532632,0.000532632
1773775500095,0.0878906,-0.21582,0.989258,0.000532632,-0.00106526,-0.00106526
1773775500176,0.0898438,-0.212402,0.991211,0.000532632,-0.000532632,0
1773775500256,0.0913086,-0.212402,0.990723,-0.00106526,-0.00106526,0
1773775500327,0.0913086,-0.214355,0.990234,0,-0.00106526,0.000532632
1773775500407,0.0893555,-0.214844,0.990234,0,0,0
1773775500489,0.0898438,-0.214844,0.989258,-0.000532632,-0.000532632,-0.000532632
1773775500558,0.0908203,-0.211426,0.98877,0.000532632,0,-0.000532632
1773775500639,0.0883789,-0.213867,0.990723,0.00106526,-0.000532632,-0.00106526
1773775500720,0.0908203,-0.213867,0.989746,0,-0.000532632,0
1773775500790,0.0888672,-0.214355,0.989746,-0.000532632,-0.0015979,0
1773775500872,0.0883789,-0.213867,0.989746,-0.000532632,0,-0.000532632
1773775500951,0.0888672,-0.215332,0.991211,0,0,-0.000532632
1773775501022,0.0883789,-0.214355,0.989746,0.000532632,-0.000532632,0
1773775501104,0.0888672,-0.216309,0.989258,-0.000532632,0.000532632,0
1773775501183,0.0908203,-0.213867,0.990234,-0.00106526,-0.000532632,0
1773775501253,0.090332,-0.215332,0.990234,-0.000532632,-0.0015979,0
1773775501334,0.090332,-0.214355,0.988281,0.000532632,-0.00106526,-0.000532632
1773775501404,0.090332,-0.214844,0.990234,-0.000532632,-0.0015979,0
1773775501485,0.0893555,-0.214844,0.990723,0.000532632,-0.000532632,0
1773775501556,0.090332,-0.214844,0.98877,0,-0.00106526,-0.000532632
1773775501636,0.0898438,-0.213379,0.990234,0.000532632,-0.00106526,-0.00106526
1773775501716,0.0888672,-0.213867,0.991699,0,-0.000532632,-0.000532632
1773775501797,0.0893555,-0.214355,0.990234,-0.000532632,-0.000532632,0
1773775501870,0.0888672,-0.215332,0.990234,0.00106526,-0.000532632,-0.000532632
1773775501948,0.0893555,-0.214355,0.991211,0,-0.000532632,0.000532632
1773775502028,0.0888672,-0.214355,0.989746,-0.000532632,-0.00106526,0
1773775502099,0.0913086,-0.214355,0.990723,0.000532632,-0.000532632,0.000532632
1773775502179,0.0874023,-0.215332,0.989746,0.000532632,-0.000532632,0.000532632
1773775502261,0.0878906,-0.215332,0.989746,-0.000532632,-0.00106526,-0.000532632
1773775502330,0.0883789,-0.213867,0.991699,0,-0.000532632,0.000532632
1773775502411,0.0908203,-0.214355,0.991211,-0.000532632,-0.000532632,0
1773775502481,0.0888672,-0.213379,0.98877,0.000532632,-0.000532632,-0.000532632
1773775502564,0.0893555,-0.214844,0.992676,-0.000532632,-0.00106526,-0.000532632
1773775502644,0.0893555,-0.215332,0.989746,-0.00106526,0,0.000532632
1773775502713,0.0898438,-0.214355,0.990723,-0.000532632,0,-0.000532632
1773775502794,0.090332,-0.21582,0.989258,-0.000532632,-0.00106526,-0.00106526
1773775502874,0.0898438,-0.213379,0.993652,-0.00106526,-0.000532632,0
1773775502945,0.0883789,-0.213379,0.990723,0.00106526,0,0
1773775503025,0.0908203,-0.214355,0.991211,0.00106526,-0.000532632,-0.000532632
1773775503097,0.090332,-0.214844,0.989258,0,0,-0.000532632
1773775503176,0.0888672,-0.214355,0.992188,0,-0.00106526,0
1773775503257,0.0893555,-0.21582,0.991211,-0.000532632,-0.000532632,0
1773775503337,0.0898438,-0.213867,0.991211,-0.000532632,-0.00106526,-0.00106526
1773775503408,0.0888672,-0.214844,0.992676,0.000532632,-0.000532632,0
1773775503489,0.0898438,-0.214355,0.990234,0,-0.000532632,0.00106526
1773775503569,0.0888672,-0.212891,0.990723,0.000532632,-0.000532632,-0.00106526
1773775503641,0.090332,-0.215332,0.989746,0.000532632,-0.00106526,-0.000532632
1773775503720,0.0883789,-0.21582,0.989258,0.000532632,-0.000532632,0
1773775503800,0.0893555,-0.214355,0.990234,0.000532632,0,-0.000532632
1773775503871,0.0893555,-0.214844,0.989258,0,-0.000532632,-0.000532632
1773775503953,0.0893555,-0.214355,0.990723,0.00106526,0,-0.00106526
1773775504022,0.090332,-0.215332,0.989258,-0.000532632,-0.000532632,0.00106526
1773775504102,0.0893555,-0.216309,0.991211,0,-0.000532632,0
1773775504183,0.0893555,-0.214355,0.989746,-0.00106526,-0.00106526,-0.000532632
1773775504254,0.0917969,-0.214844,0.989746,0.000532632,-0.00106526,-0.000532632
1773775504334,0.090332,-0.213867,0.991211,-0.000532632,0,0
1773775504416,0.0874023,-0.214844,0.990234,0,-0.000532632,0.00106526
1773775504485,0.0893555,-0.214355,0.98877,-0.00106526,-0.00106526,-0.00106526
1773775504570,0.0893555,-0.21582,0.989258,0,-0.000532632,0
1773775504646,0.090332,-0.215332,0.989746,0,0,0
1773775504717,0.0883789,-0.213379,0.991699,-0.000532632,0,-0.000532632
1773775504797,0.0883789,-0.212891,0.990234,0.00106526,-0.00106526,0
1773775504878,0.0898438,-0.211914,0.991211,-0.00106526,-0.00106526,0
1773775504948,0.0898438,-0.214844,0.989746,-0.00106526,-0.00106526,-0.000532632
1773775505029,0.0878906,-0.214355,0.989746,-0.000532632,-0.000532632,0
1773775505110,0.0864258,-0.214844,0.990234,-0.000532632,-0.000532632,0
1773775505180,0.0888672,-0.215332,0.991211,0,-0.0015979,-0.000532632
1773775505261,0.0883789,-0.213867,0.990723,0,-0.000532632,-0.000532632
1773775505332,0.0908203,-0.211914,0.989258,0.000532632,-0.0015979,-0.000532632
1773775505414,0.0893555,-0.213379,0.992188,0,-0.000532632,-0.000532632
1773775505492,0.0893555,-0.214355,0.990234,0.000532632,0,-0.000532632
1773775505563,0.0908203,-0.21582,0.991211,0,-0.000532632,0.000532632
1773775505645,0.0898438,-0.214355,0.990234,-0.000532632,-0.00106526,0.000532632
1773775505724,0.0888672,-0.21582,0.989746,0,-0.00106526,-0.000532632
1773775505794,0.0893555,-0.213867,0.989258,0,-0.000532632,0.000532632
1773775505875,0.0883789,-0.21582,0.989746,0.000532632,-0.000532632,-0.000532632
1773775505955,0.0878906,-0.215332,0.989746,0.000532632,0,0
1773775506030,0.0893555,-0.214844,0.991699,0.000532632,-0.000532632,0
1773775506109,0.0883789,-0.214844,0.991211,0,-0.000532632,0.000532632
1773775506187,0.0893555,-0.214355,0.990234,-0.000532632,-0.00106526,0
1773775506258,0.0874023,-0.216797,0.991211,0.00106526,0,-0.00106526
1773775506338,0.0883789,-0.215332,0.98877,0.000532632,-0.00106526,-0.00106526
1773775506408,0.0893555,-0.214844,0.989258,0,-0.000532632,-0.000532632
1773775506489,0.0893555,-0.212891,0.991699,0,-0.000532632,-0.00213053
1773775506570,0.0893555,-0.214844,0.990234,-0.000532632,0.000532632,0.000532632
1773775506640,0.0898438,-0.212402,0.990234,0.00106526,-0.000532632,0.000532632
1773775506721,0.0898438,-0.213867,0.990234,-0.000532632,-0.000532632,-0.000532632
1773775506801,0.0898438,-0.213867,0.989258,0.00106526,-0.00106526,0
1773775506872,0.0893555,-0.215332,0.989746,0.000532632,0,0
1773775506952,0.0893555,-0.214355,0.989258,-0.000532632,-0.000532632,0
1773775507033,0.0893555,-0.213867,0.991211,0,-0.00106526,0
1773775507103,0.0908203,-0.21582,0.991699,0.000532632,-0.00106526,-0.000532632
1773775507184,0.0893555,-0.21582,0.989258,0,-0.000532632,0
1773775507255,0.0883789,-0.215332,0.988281,-0.00106526,-0.00106526,-0.000532632
1773775507335,0.0917969,-0.214355,0.989258,0.000532632,-0.00106526,0
1773775507415,0.090332,-0.211426,0.989746,0,0.000532632,-0.0015979
1773775507496,0.0898438,-0.214844,0.992188,0,-0.0015979,0.000532632
1773775507566,0.0893555,-0.212891,0.990723,0,-0.00106526,0
1773775507647,0.0888672,-0.213867,0.989258,0.000532632,-0.000532632,0
1773775507727,0.0888672,-0.214355,0.991211,-0.00106526,-0.0015979,-0.000532632
1773775507798,0.0888672,-0.212891,0.989258,0.00106526,0,-0.000532632
1773775507879,0.0888672,-0.211426,0.989258,0,-0.000532632,-0.000532632
1773775507949,0.0893555,-0.215332,0.991699,0,-0.0015979,0
1773775508030,0.0898438,-0.214355,0.990723,0,-0.000532632,-0.000532632
1773775508110,0.0878906,-0.213867,0.990723,0.00106526,-0.000532632,-0.000532632
1773775508180,0.090332,-0.21582,0.989746,0,-0.000532632,-0.00106526
1773775508261,0.0888672,-0.212402,0.989746,-0.00106526,-0.000532632,0.000532632
1773775508343,0.0917969,-0.212891,0.992188,-0.000532632,-0.00106526,-0.00106526
1773775508413,0.0898438,-0.213379,0.990234,-0.000532632,-0.000532632,-0.00106526
1773775508494,0.0888672,-0.213867,0.991699,0.00106526,-0.000532632,0
1773775508565,0.0888672,-0.215332,0.989258,0.000532632,-0.00106526,-0.00106526
1773775508645,0.0888672,-0.214355,0.989258,-0.000532632,-0.000532632,-0.00106526
1773775508725,0.0917969,-0.214844,0.990234,-0.00106526,0,0
1773775508796,0.0898438,-0.213867,0.992188,0,-0.0015979,0.000532632
1773775508876,0.0874023,-0.214355,0.991699,0.000532632,-0.00106526,0.000532632
1773775508957,0.0888672,-0.21582,0.989258,-0.000532632,-0.00106526,-0.00106526
1773775509027,0.0893555,-0.213867,0.990234,0.000532632,-0.000532632,-0.000532632
1773775509108,0.0878906,-0.215332,0.990234,0,-0.00106526,-0.000532632
1773775509188,0.0917969,-0.215332,0.989258,-0.000532632,-0.00106526,-0.000532632
1773775509259,0.0893555,-0.213867,0.991211,0,-0.00106526,-0.000532632
1773775509341,0.0898438,-0.215332,0.991211,0.000532632,-0.000532632,-0.000532632
1773775509410,0.0908203,-0.214844,0.990234,-0.00106526,0,-0.000532632
1773775509490,0.090332,-0.213867,0.990234,0,0,-0.000532632
1773775509572,0.0888672,-0.214844,0.989746,0,-0.000532632,0.00106526
1773775509652,0.0913086,-0.215332,0.989746,0.000532632,-0.000532632,-0.000532632
1773775509722,0.0883789,-0.215332,0.989746,0,-0.00106526,0.000532632
1773775509803,0.0888672,-0.214355,0.989746,0.000532632,-0.000532632,-0.000532632
1773775509883,0.0883789,-0.213867,0.991211,0.000532632,-0.00106526,0.000532632
1773775509954,0.0898438,-0.215332,0.990234,0,-0.000532632,0
1773775510034,0.0893555,-0.213379,0.990723,-0.000532632,-0.00106526,-0.000532632
1773775510115,0.0888672,-0.213867,0.987793,0.000532632,-0.000532632,0
1773775510185,0.0908203,-0.214355,0.990723,-0.00106526,-0.00106526,-0.00106526
1773775510266,0.090332,-0.215332,0.990234,-0.00106526,-0.000532632,-0.000532632
1773775510337,0.0888672,-0.215332,0.990723,-0.000532632,-0.000532632,0
1773775510417,0.090332,-0.215332,0.991211,0.000532632,0.000532632,0
1773775510498,0.0913086,-0.212891,0.990723,0.000532632,0,-0.000532632
1773775510568,0.0898438,-0.215332,0.990723,0,0.000532632,0
1773775510651,0.0908203,-0.214844,0.989258,0.000532632,0,-0.000532632
1773775510729,0.0878906,-0.213867,0.990234,0.000532632,-0.00106526,-0.0015979
1773775510800,0.0898438,-0.214844,0.989746,0,-0.0015979,-0.00106526
1773775510880,0.090332,-0.216309,0.98877,0.00106526,-0.00106526,0
1773775510961,0.090332,-0.214844,0.987793,0,-0.00106526,-0.000532632
1773775511031,0.0888672,-0.214844,0.992188,-0.00106526,-0.00106526,-0.000532632
1773775511112,0.0908203,-0.214844,0.990723,-0.000532632,0,-0.000532632
1773775511193,0.0883789,-0.213379,0.990723,-0.00106526,-0.000532632,0
1773775511263,0.0888672,-0.214844,0.990234,0,-0.00106526,0.000532632
1773775511344,0.0908203,-0.214844,0.994141,-0.000532632,-0.00106526,0.000532632
1773775511414,0.0893555,-0.214355,0.98877,-0.000532632,-0.000532632,0.000532632
1773775511495,0.090332,-0.214844,0.988281,0,0,0
1773775511576,0.0878906,-0.214844,0.990234,0,-0.000532632,-0.000532632
1773775511646,0.0893555,-0.213867,0.990723,-0.000532632,0,0
1773775511727,0.090332,-0.214355,0.991211,0,-0.000532632,-0.000532632
1773775511807,0.090332,-0.213867,0.990723,-0.0015979,0,0.000532632
1773775511878,0.0888672,-0.214844,0.989258,0,-0.00106526,0.000532632
1773775511958,0.0898438,-0.214844,0.991211,-0.000532632,-0.000532632,0.000532632
1773775512039,0.0908203,-0.213867,0.991699,0,-0.0015979,0
1773775512109,0.0898438,-0.214355,0.990723,0,-0.000532632,-0.00106526
1773775512190,0.0893555,-0.215332,0.990723,0,-0.00106526,0.000532632
1773775512270,0.0893555,-0.212402,0.989746,-0.000532632,-0.00106526,-0.000532632
1773775512341,0.0908203,-0.212891,0.990234,-0.000532632,-0.000532632,-0.000532632
1773775512421,0.090332,-0.216309,0.991211,0.000532632,-0.000532632,0
1773775512492,0.0893555,-0.214844,0.989746,-0.000532632,-0.000532632,-0.0015979
1773775512572,0.090332,-0.213379,0.989746,0,-0.00106526,0
1773775512653,0.0917969,-0.214844,0.989258,0.000532632,0,0
1773775512723,0.0898438,-0.21582,0.990234,0,-0.000532632,-0.000532632
1773775512804,0.0893555,-0.214844,0.990723,0,-0.000532632,0
1773775512884,0.0883789,-0.214355,0.989746,-0.000532632,-0.000532632,0.000532632
1773775512956,0.0898438,-0.213867,0.989258,-0.000532632,0,0.000532632
1773775513037,0.090332,-0.21582,0.990723,0.00106526,-0.000532632,-0.000532632
1773775513116,0.0898438,-0.21582,0.98877,-0.000532632,0,-0.00106526
1773775513190,0.0898438,-0.21582,0.989746,0.00106526,0,0
1773775513270,0.0898438,-0.214355,0.991211,0,-0.000532632,-0.000532632
1773775513348,0.0893555,-0.214844,0.989258,0,-0.00106526,-0.000532632
1773775513419,0.0888672,-0.213379,0.990723,0.000532632,-0.000532632,-0.000532632
1773775513499,0.090332,-0.214844,0.98877,0,-0.00106526,0.000532632
1773775513579,0.0888672,-0.216309,0.990234,0.000532632,-0.00106526,0
1773775513651,0.0888672,-0.214844,0.98877,0.000532632,-0.00213053,0
1773775513731,0.0893555,-0.214844,0.98877,-0.000532632,-0.0015979,0.00106526
1773775513801,0.0888672,-0.21582,0.98877,0,0,-0.000532632
1773775513881,0.0888672,-0.214844,0.991699,0.000532632,-0.000532632,0
1773775513962,0.0898438,-0.218262,0.98877,0,0,0.000532632
1773775514033,0.0893555,-0.21582,0.990723,0,-0.000532632,-0.000532632
1773775514113,0.0898438,-0.215332,0.990723,-0.00106526,0,0.000532632
1773775514193,0.0898438,-0.214844,0.989258,0.000532632,0,0
1773775514264,0.0878906,-0.212891,0.98877,0.000532632,-0.000532632,0
1773775514344,0.0888672,-0.213867,0.990234,-0.000532632,-0.00106526,-0.000532632
1773775514415,0.0888672,-0.217285,0.990234,0,-0.000532632,-0.000532632
1773775514496,0.0898438,-0.216309,0.989258,-0.000532632,-0.00106526,-0.000532632
1773775514576,0.0898438,-0.214844,0.990234,0.000532632,-0.000532632,0.000532632
1773775514657,0.090332,-0.214844,0.98877,0,-0.00106526,0
1773775514727,0.0893555,-0.214844,0.991211,0.000532632,0,0.000532632
1773775514808,0.0922852,-0.213867,0.990723,0,-0.000532632,0
1773775514888,0.0893555,-0.214355,0.991211,0,-0.000532632,0
1773775514959,0.0908203,-0.212402,0.991699,0,0.00106526,-0.000532632
1773775515039,0.0883789,-0.214355,0.98877,0,-0.00106526,-0.000532632
1773775515110,0.0898438,-0.214355,0.989746,0.00106526,-0.00106526,0.00106526
1773775515190,0.0917969,-0.217285,0.989258,0.000532632,-0.0015979,0.000532632
1773775515271,0.0908203,-0.212402,0.989746,0,0.000532632,0.000532632
1773775515341,0.0898438,-0.215332,0.989258,-0.000532632,0,0
1773775515422,0.0893555,-0.214355,0.991211,-0.00106526,-0.0015979,0.000532632
1773775515502,0.0898438,-0.214844,0.992188,-0.0015979,-0.00106526,0.00106526
1773775515573,0.0888672,-0.214844,0.989746,-0.000532632,-0.000532632,0
1773775515654,0.0883789,-0.214355,0.990723,0,-0.000532632,-0.0015979
1773775515734,0.0888672,-0.214844,0.989258,-0.000532632,-0.00106526,-0.000532632
1773775515805,0.0874023,-0.216309,0.990234,0.000532632,0,0
1773775515886,0.0908203,-0.216309,0.989258,-0.000532632,-0.000532632,-0.000532632
1773775515956,0.0908203,-0.213379,0.989746,0,-0.00213053,0
1773775516036,0.0913086,-0.213379,0.989746,0,-0.000532632,-0.000532632
1773775516117,0.0908203,-0.214844,0.98877,-0.000532632,-0.00106526,-0.000532632
1773775516198,0.0893555,-0.213379,0.990234,-0.000532632,0,0
1773775516271,0.0888672,-0.214844,0.989258,0,-0.00106526,0
1773775516349,0.0878906,-0.214844,0.98877,0.00106526,-0.000532632,-0.00106526
1773775516419,0.0898438,-0.214844,0.990723,0.000532632,-0.000532632,0
1773775516500,0.0888672,-0.213867,0.98877,0.000532632,0,0.000532632
1773775516580,0.0898438,-0.213867,0.987793,0.000532632,-0.00106526,-0.000532632
1773775516651,0.0898438,-0.215332,0.989258,0,0,0
1773775516734,0.0898438,-0.213379,0.989746,0,-0.00106526,0.000532632
1773775516812,0.0913086,-0.213867,0.990723,0.00106526,-0.000532632,-0.000532632
1773775516885,0.090332,-0.214355,0.989746,0.000532632,-0.00106526,-0.00106526
1773775516965,0.090332,-0.21582,0.98877,0,-0.00106526,0
1773775517044,0.0913086,-0.21582,0.987793,0.000532632,-0.00213053,0
1773775517115,0.0878906,-0.214355,0.989258,0.000532632,-0.000532632,0
1773775517195,0.0883789,-0.213867,0.987793,-0.000532632,-0.00106526,-0.000532632
1773775517275,0.0883789,-0.215332,0.990723,0.000532632,-0.000532632,-0.000532632
1773775517346,0.0893555,-0.21582,0.989258,0,-0.0015979,0
1773775517427,0.0874023,-0.214844,0.98877,0.000532632,-0.000532632,0.000532632
1773775517497,0.0898438,-0.213867,0.991211,0,-0.00106526,0
1773775517577,0.0898438,-0.215332,0.98877,-0.000532632,0,-0.000532632
1773775517658,0.0893555,-0.213379,0.98877,0,0,-0.00106526
1773775517728,0.0883789,-0.214355,0.991211,0,-0.000532632,-0.000532632
1773775517809,0.0893555,-0.216309,0.989746,0,-0.00106526,-0.00213053
1773775517889,0.0883789,-0.215332,0.990234,-0.00106526,-0.000532632,-0.000532632
1773775517960,0.0898438,-0.216309,0.989258,-0.000532632,-0.000532632,0
1773775518041,0.0883789,-0.214844,0.988281,-0.00106526,-0.00106526,0.000532632
1773775518121,0.0898438,-0.213867,0.991211,0.000532632,-0.0015979,0
1773775518192,0.0913086,-0.214844,0.989746,-0.00106526,0,0.00106526
1773775518272,0.0888672,-0.213867,0.990723,-0.00106526,-0.0015979,-0.000532632
1773775518353,0.0898438,-0.214355,0.991211,0,0,-0.00106526
1773775518424,0.0878906,-0.213867,0.98877,0,-0.00106526,0
1773775518504,0.0893555,-0.215332,0.990723,0.000532632,-0.00106526,0.000532632
1773775518584,0.0908203,-0.215332,0.990234,0,-0.000532632,0
1773775518655,0.0874023,-0.21582,0.990723,-0.00106526,-0.00106526,-0.000532632
1773775518736,0.0893555,-0.214355,0.989746,-0.000532632,-0.00106526,-0.000532632
1773775518806,0.0883789,-0.213867,0.991211,0,-0.0015979,0
1773775518887,0.0898438,-0.214355,0.989746,0,-0.000532632,0
1773775518968,0.0888672,-0.214355,0.990234,-0.00106526,-0.000532632,-0.000532632
1773775519039,0.0888672,-0.214844,0.991211,0,-0.000532632,-0.000532632
1773775519118,0.090332,-0.213867,0.989746,0.000532632,-0.0015979,0.00106526
1773775519199,0.0913086,-0.217285,0.991211,0,-0.000532632,-0.00106526
1773775519272,0.0883789,-0.214355,0.990723,0.00106526,-0.000532632,0.000532632
1773775519350,0.0883789,-0.214844,0.990234,0,-0.00106526,-0.000532632
1773775519430,0.0878906,-0.214844,0.991211,0,0,-0.000532632
1773775519503,0.0883789,-0.215332,0.989746,-0.000532632,-0.00106526,-0.000532632
1773775519581,0.0888672,-0.21582,0.990723,-0.0015979,-0.00106526,0
1773775519663,0.090332,-0.212402,0.990234,0,-0.00106526,-0.000532632
1773775519733,0.0893555,-0.214844,0.989746,0,-0.000532632,0
1773775519813,0.0888672,-0.214355,0.990234,-0.000532632,0.000532632,-0.000532632
1773775519884,0.0869141,-0.216797,0.990234,0,0,0.000532632
1773775519964,0.0908203,-0.213379,0.989746,0,-0.000532632,0
1773775520047,0.0898438,-0.213379,0.989746,0.000532632,-0.00106526,0.000532632
1773775520115,0.0913086,-0.213867,0.98877,0.000532632,0,0
1773775520196,0.0898438,-0.215332,0.991211,-0.000532632,0,0.000532632
1773775520276,0.0883789,-0.211426,0.989746,0,-0.000532632,-0.000532632
1773775520347,0.0893555,-0.213867,0.990234,0.00106526,-0.00106526,-0.000532632
1773775520427,0.0898438,-0.211914,0.98877,0.000532632,-0.000532632,0
1773775520508,0.0888672,-0.213867,0.990723,0,0,0
1773775520578,0.0893555,-0.214355,0.991699,0,0,-0.0015979
1773775520659,0.0893555,-0.213379,0.989746,-0.00106526,-0.00106526,-0.000532632
1773775520739,0.0898438,-0.21582,0.989258,0.000532632,-0.0015979,-0.000532632
1773775520810,0.0883789,-0.213867,0.990234,0,-0.0015979,0
1773775520890,0.090332,-0.21582,0.989746,0.000532632,-0.00106526,-0.000532632
1773775520971,0.0878906,-0.213867,0.989258,-0.000532632,-0.000532632,0.000532632
1773775521041,0.0893555,-0.214355,0.990723,0,-0.0015979,-0.000532632
1773775521122,0.0893555,-0.213379,0.990723,-0.00106526,-0.00106526,0
1773775521192,0.0878906,-0.214355,0.991211,0,-0.000532632,0
1773775521273,0.0878906,-0.213867,0.98877,0.000532632,-0.000532632,0
1773775521355,0.0898438,-0.215332,0.990234,0,-0.000532632,0.000532632
1773775521424,0.0888672,-0.215332,0.989258,0,-0.000532632,0
1773775521504,0.0893555,-0.213867,0.989258,0,-0.00106526,-0.00106526
1773775521585,0.0878906,-0.216309,0.991699,-0.000532632,-0.0015979,-0.00106526
1773775521656,0.0893555,-0.215332,0.989746,0,-0.0015979,0
1773775521738,0.090332,-0.21582,0.989746,0.000532632,-0.00106526,0.000532632
1773775521816,0.090332,-0.215332,0.989258,-0.00106526,0,0
1773775521891,0.0883789,-0.214355,0.991699,0,-0.000532632,0.000532632
1773775521970,0.0917969,-0.214844,0.991699,0,-0.000532632,0.000532632
1773775522038,0.0927734,-0.211914,0.990234,0,0,0.000532632
1773775522119,0.0888672,-0.213379,0.990723,0.000532632,-0.00106526,0.000532632
1773775522202,0.0898438,-0.213379,0.990723,0,-0.000532632,-0.00106526
1773775522280,0.0908203,-0.214355,0.990234,0,-0.0015979,-0.000532632
1773775522350,0.0913086,-0.215332,0.989746,-0.000532632,-0.000532632,0
1773775522431,0.090332,-0.214844,0.990234,0,-0.000532632,0
1773775522511,0.090332,-0.212402,0.991211,0,-0.00106526,-0.000532632
1773775522581,0.0893555,-0.213867,0.989258,0,-0.00106526,-0.000532632
1773775522662,0.0883789,-0.216797,0.988281,0,0.000532632,0
1773775522732,0.0883789,-0.215332,0.990234,-0.000532632,-0.00106526,-0.000532632
1773775522813,0.0888672,-0.214355,0.990723,0,-0.0015979,-0.00106526
1773775522894,0.0888672,-0.214355,0.991211,-0.000532632,-0.0015979,0.00106526
1773775522964,0.0874023,-0.214844,0.989746,-0.000532632,-0.000532632,0.000532632
1773775523045,0.0888672,-0.213379,0.992188,-0.000532632,0,0
1773775523126,0.0913086,-0.21582,0.991699,-0.000532632,-0.000532632,-0.000532632
1773775523196,0.090332,-0.216309,0.989746,-0.000532632,-0.00106526,-0.000532632
1773775523277,0.0893555,-0.213379,0.989746,0,-0.000532632,-0.000532632
1773775523357,0.090332,-0.214355,0.990234,-0.000532632,0,0
1773775523428,0.0878906,-0.215332,0.991211,0,-0.00106526,-0.000532632
1773775523509,0.0883789,-0.213867,0.989258,-0.0015979,-0.00106526,-0.000532632
1773775523580,0.0878906,-0.214844,0.990723,-0.000532632,-0.0015979,0
1773775523659,0.0883789,-0.216309,0.989258,-0.00106526,-0.000532632,-0.00106526
1773775523740,0.0898438,-0.212891,0.990723,-0.000532632,0,-0.000532632
1773775523820,0.0893555,-0.214844,0.990234,-0.000532632,-0.000532632,-0.000532632
1773775523892,0.0898438,-0.213867,0.989258,-0.000532632,-0.00106526,-0.000532632
1773775523974,0.0908203,-0.216309,0.989258,0.000532632,0,0
1773775524042,0.0893555,-0.214355,0.989746,0,0,0
1773775524122,0.0883789,-0.214355,0.989258,0,0,0
1773775524204,0.0893555,-0.214844,0.990234,0,-0.000532632,-0.000532632
1773775524274,0.0898438,-0.214355,0.991211,-0.000532632,-0.000532632,-0.00106526
1773775524354,0.0893555,-0.214844,0.989258,0,-0.00106526,-0.000532632
1773775524435,0.0893555,-0.214355,0.988281,-0.000532632,0.000532632,0.000532632
1773775524505,0.0893555,-0.216309,0.990723,0,-0.00106526,0
1773775524586,0.0878906,-0.214844,0.987793,0,-0.000532632,-0.00106526
1773775524666,0.0908203,-0.212891,0.990723,0,-0.000532632,0.000532632
1773775524737,0.0878906,-0.213379,0.990723,-0.000532632,-0.000532632,-0.00106526
1773775524817,0.0883789,-0.215332,0.990723,0,-0.000532632,-0.000532632
1773775524898,0.0888672,-0.213867,0.991211,0.000532632,0,0
1773775524970,0.0913086,-0.214355,0.990723,0.00106526,0,-0.0015979
1773775525051,0.090332,-0.214844,0.990234,0.000532632,-0.0015979,-0.000532632
1773775525129,0.0878906,-0.213379,0.991211,0.00106526,-0.00106526,-0.000532632
1773775525200,0.0878906,-0.215332,0.990723,-0.000532632,0,0
1773775525282,0.0917969,-0.214844,0.990234,-0.000532632,-0.000532632,-0.000532632
1773775525351,0.0898438,-0.214355,0.991699,0,0,-0.000532632
1773775525431,0.0883789,-0.213379,0.989746,0,-0.00106526,0.000532632
1773775525512,0.0898438,-0.215332,0.98877,-0.000532632,-0.000532632,-0.000532632
1773775525583,0.0898438,-0.216309,0.990234,0,0.000532632,0
1773775525663,0.0893555,-0.214844,0.991211,0,0,0.000532632
1773775525735,0.0898438,-0.214844,0.990234,-0.000532632,-0.00106526,0.000532632
1773775525815,0.0888672,-0.215332,0.991211,-0.00106526,-0.00106526,0
1773775525896,0.0908203,-0.215332,0.990723,0,0,0
1773775525976,0.0883789,-0.213379,0.991699,0,-0.000532632,0
1773775526048,0.0893555,-0.213379,0.990234,0,0.000532632,-0.000532632
1773775526126,0.090332,-0.214355,0.991211,-0.000532632,-0.00106526,0
1773775526198,0.0883789,-0.214355,0.990234,0.000532632,-0.000532632,0.000532632
1773775526277,0.0888672,-0.214355,0.98877,-0.000532632,0,0
1773775526358,0.0888672,-0.216309,0.992188,0,-0.00106526,0.000532632
1773775526438,0.0898438,-0.21582,0.990234,0,0,-0.000532632
1773775526509,0.0908203,-0.214355,0.989746,0.000532632,-0.000532632,0.00106526
1773775526589,0.090332,-0.214355,0.990234,0.000532632,-0.00106526,0
1773775526660,0.0888672,-0.213867,0.989746,-0.000532632,0.000532632,0.0015979
1773775526740,0.0874023,-0.214355,0.991211,0.000532632,-0.0015979,0.000532632
1773775526821,0.0888672,-0.213867,0.990234,-0.000532632,0,-0.000532632
1773775526893,0.0893555,-0.214844,0.990234,-0.000532632,-0.00106526,0.000532632
1773775526975,0.0883789,-0.215332,0.989746,0,0.000532632,0
1773775527053,0.0893555,-0.214355,0.990234,0,-0.00106526,0
1773775527123,0.0898438,-0.214355,0.991211,-0.000532632,-0.0015979,0
1773775527207,0.0893555,-0.214355,0.989746,0.000532632,0,-0.000532632
1773775527276,0.090332,-0.214355,0.989746,0,-0.0015979,-0.000532632
1773775527355,0.0893555,-0.213379,0.989746,0,-0.000532632,-0.000532632
1773775527435,0.0893555,-0.216309,0.991699,0.000532632,-0.000532632,0.000532632
1773775527516,0.0898438,-0.212891,0.990234,0,-0.000532632,0.000532632
1773775527586,0.090332,-0.211914,0.989258,-0.000532632,-0.00106526,0
1773775527667,0.0888672,-0.212891,0.98877,-0.000532632,-0.000532632,0
1773775527739,0.0913086,-0.214844,0.990234,0,-0.00106526,-0.000532632
1773775527818,0.0913086,-0.213379,0.990234,-0.00106526,-0.00106526,0.000532632
1773775527900,0.0888672,-0.214844,0.991211,-0.000532632,0.000532632,0
1773775527972,0.0898438,-0.214355,0.989746,-0.00106526,-0.0015979,0
1773775528052,0.0883789,-0.214355,0.991699,-0.000532632,-0.000532632,-0.000532632
1773775528130,0.0898438,-0.21582,0.990723,0,-0.000532632,-0.000532632
1773775528201,0.0913086,-0.213867,0.98877,0.000532632,-0.00106526,0
1773775528281,0.0888672,-0.213867,0.989746,0.000532632,-0.000532632,0
1773775528362,0.0888672,-0.214355,0.989258,-0.00106526,-0.00106526,0
1773775528432,0.090332,-0.215332,0.990234,-0.000532632,-0.000532632,0.00106526
1773775528514,0.0893555,-0.214355,0.988281,0,0,0.00106526
1773775528593,0.0893555,-0.214844,0.989746,-0.000532632,-0.00106526,0.000532632
1773775528664,0.0883789,-0.216797,0.990234,0.000532632,-0.000532632,0.000532632
1773775528744,0.0883789,-0.214844,0.989746,0,0,0
1773775528825,0.0893555,-0.215332,0.98877,0.000532632,0,0.000532632
1773775528895,0.0893555,-0.214355,0.991211,-0.000532632,-0.000532632,-0.000532632
1773775528976,0.0888672,-0.213867,0.990723,0.000532632,0,-0.000532632
1773775529057,0.0893555,-0.214844,0.988281,0,0,0
1773775529128,0.0878906,-0.214355,0.989258,0.000532632,-0.000532632,0.000532632
1773775529198,0.0898438,-0.214844,0.98877,0,-0.000532632,0.00106526
1773775529279,0.0874023,-0.214355,0.989258,0.000532632,0,-0.000532632
1773775529359,0.0883789,-0.215332,0.990234,-0.0015979,0,-0.000532632
1773775529439,0.0883789,-0.213867,0.990234,0,-0.000532632,0
1773775529510,0.0908203,-0.213867,0.990723,0,-0.000532632,0
1773775529590,0.0893555,-0.215332,0.990723,0,0.000532632,-0.00106526
1773775529672,0.0898438,-0.213867,0.990723,0.000532632,-0.000532632,0.000532632
1773775529741,0.0893555,-0.213867,0.990723,-0.000532632,-0.00106526,0.0015979
1773775529822,0.0908203,-0.214844,0.989258,-0.000532632,-0.00106526,0
1773775529895,0.0888672,-0.214844,0.98877,0.000532632,-0.00106526,-0.000532632
1773775529973,0.0898438,-0.213379,0.988281,0,-0.000532632,-0.00106526
1773775530053,0.0893555,-0.21582,0.989258,-0.000532632,-0.000532632,-0.000532632
1773775530134,0.0898438,-0.215332,0.989746,0,-0.000532632,-0.0015979
1773775530205,0.0898438,-0.213379,0.991211,0,0,0
1773775530288,0.090332,-0.216797,0.989258,0,-0.000532632,0.000532632
1773775530366,0.0913086,-0.215332,0.990723,0,-0.000532632,-0.000532632
1773775530436,0.0913086,-0.21582,0.990723,0,-0.00106526,0
1773775530517,0.0869141,-0.214844,0.989258,0,-0.00106526,0.000532632
1773775530587,0.0898438,-0.21582,0.989746,-0.000532632,-0.000532632,0
1773775530668,0.0888672,-0.21582,0.991211,0,-0.00106526,-0.000532632
1773775530749,0.0883789,-0.212891,0.991211,0,-0.000532632,0
1773775530819,0.0893555,-0.215332,0.98877,-0.000532632,-0.00106526,0.000532632
1773775530899,0.090332,-0.214355,0.990234,0,0,-0.000532632
1773775530980,0.0878906,-0.213379,0.991211,0.000532632,-0.00106526,0.00106526
1773775531051,0.0893555,-0.214355,0.989258,0.000532632,-0.00106526,-0.000532632
1773775531131,0.0898438,-0.214844,0.98877,-0.000532632,0,0.000532632
1773775531212,0.0888672,-0.213867,0.990723,0,-0.00106526,-0.000532632
1773775531282,0.0893555,-0.214355,0.989746,-0.000532632,-0.000532632,0
1773775531362,0.0893555,-0.217285,0.992188,0.000532632,0,0
1773775531443,0.0922852,-0.217773,0.989258,-0.00106526,-0.000532632,-0.000532632
1773775531513,0.0888672,-0.215332,0.98877,0.000532632,-0.000532632,0.000532632
1773775531594,0.090332,-0.217773,0.989746,0.000532632,-0.000532632,-0.000532632
1773775531674,0.0888672,-0.215332,0.989746,-0.0015979,-0.00106526,0
1773775531745,0.090332,-0.213867,0.989746,0,-0.000532632,0.000532632
1773775531825,0.0898438,-0.212402,0.990723,0.000532632,-0.000532632,-0.00106526
1773775531896,0.0917969,-0.214355,0.989746,-0.000532632,0,0.000532632
1773775531976,0.0913086,-0.214355,0.990723,0.000532632,-0.000532632,0.000532632
1773775532057,0.090332,-0.211914,0.989258,0,-0.000532632,0
1773775532128,0.0898438,-0.214844,0.989258,0.000532632,-0.000532632,0
1773775532208,0.0878906,-0.213867,0.988281,0.000532632,-0.00106526,0
1773775532289,0.0913086,-0.214355,0.989258,0,-0.000532632,-0.000532632
1773775532359,0.0883789,-0.214355,0.990234,0.00106526,-0.000532632,-0.00106526
1773775532440,0.0888672,-0.214844,0.990723,0.000532632,0.000532632,-0.000532632
1773775532520,0.0883789,-0.212891,0.990723,-0.00106526,-0.00106526,-0.00106526
1773775532591,0.0893555,-0.21582,0.990723,-0.000532632,0,0.00106526
1773775532671,0.0869141,-0.216309,0.990234,0.000532632,-0.00106526,0
1773775532752,0.0898438,-0.215332,0.991211,0,-0.00106526,-0.000532632
1773775532823,0.0874023,-0.212891,0.989258,0,0,0
1773775532903,0.0913086,-0.215332,0.990234,-0.000532632,0,0.000532632
1773775532974,0.0883789,-0.213867,0.990234,0,-0.000532632,-0.00106526
1773775533054,0.0888672,-0.214355,0.990723,-0.00106526,-0.000532632,0.000532632
1773775533135,0.0908203,-0.213379,0.98877,0,-0.00106526,0
1773775533205,0.0888672,-0.214355,0.992188,0,-0.000532632,-0.000532632
1773775533286,0.0893555,-0.214355,0.990234,-0.000532632,-0.000532632,0.000532632
1773775533366,0.0908203,-0.214844,0.987793,0,-0.00106526,-0.000532632
1773775533437,0.0908203,-0.213867,0.988281,0.00106526,0.00106526,0
1773775533519,0.0908203,-0.215332,0.990234,0,-0.000532632,0.000532632
1773775533598,0.0878906,-0.216309,0.989258,0.000532632,-0.000532632,0.000532632
1773775533669,0.090332,-0.214844,0.990234,0.000532632,0.000532632,-0.000532632
1773775533749,0.0883789,-0.213379,0.990234,0,0,0.000532632
1773775533830,0.0883789,-0.213379,0.98877,0.000532632,0,0.00106526
1773775533900,0.0883789,-0.214844,0.989258,0.00106526,-0.000532632,-0.00106526
1773775533981,0.0883789,-0.214844,0.988281,0,-0.000532632,0
1773775534061,0.0893555,-0.214844,0.991211,0,0,-0.000532632
1773775534132,0.0888672,-0.21582,0.992676,0,-0.000532632,-0.000532632
1773775534212,0.090332,-0.21582,0.990234,0.000532632,-0.00106526,0
1773775534283,0.0883789,-0.214844,0.988281,0,-0.0015979,0
1773775534363,0.090332,-0.216309,0.990234,-0.0015979,-0.000532632,0.000532632
1773775534444,0.090332,-0.213867,0.989746,0,-0.00106526,0.00106526
1773775534514,0.090332,-0.215332,0.990234,0,0,0
1773775534595,0.0883789,-0.215332,0.991699,-0.00106526,0,0
1773775534675,0.090332,-0.213867,0.98877,0.000532632,-0.00106526,-0.000532632
1773775534746,0.090332,-0.213867,0.991211,0.000532632,-0.00106526,0.000532632
1773775534827,0.090332,-0.213379,0.990723,0.0015979,-0.000532632,0
1773775534897,0.0883789,-0.214844,0.989746,0.000532632,0,0.000532632
1773775534979,0.0913086,-0.21582,0.990234,-0.000532632,-0.000532632,0
1773775535060,0.0893555,-0.215332,0.989746,-0.000532632,-0.00106526,0.00106526
1773775535138,0.0893555,-0.213867,0.989258,0,-0.0015979,0
1773775535209,0.0917969,-0.21582,0.991699,0,-0.000532632,0
1773775535290,0.0893555,-0.215332,0.989746,0,-0.00106526,0.000532632
1773775535364,0.0913086,-0.215332,0.992188,-0.000532632,0,0
1773775535441,0.090332,-0.214355,0.990234,-0.000532632,-0.000532632,0
1773775535522,0.0878906,-0.214355,0.991699,-0.00106526,-0.0015979,-0.000532632
1773775535593,0.090332,-0.215332,0.989746,0,-0.000532632,-0.000532632
1773775535673,0.0893555,-0.215332,0.989746,0.000532632,-0.000532632,0
1773775535754,0.0888672,-0.212891,0.990723,-0.000532632,-0.000532632,0.00106526
1773775535824,0.0922852,-0.21582,0.989746,0.000532632,-0.00106526,0
1773775535905,0.0922852,-0.214355,0.990723,-0.000532632,0.000532632,0
1773775535977,0.0908203,-0.213379,0.989746,-0.000532632,0,0
1773775536056,0.0893555,-0.216309,0.990234,0,0.000532632,0
1773775536136,0.0908203,-0.213379,0.989258,0,-0.000532632,-0.000532632
1773775536217,0.0913086,-0.214844,0.989258,0,-0.00106526,0
1773775536287,0.0917969,-0.214355,0.990723,0,-0.00106526,0.000532632
1773775536368,0.090332,-0.214355,0.98877,0,0,-0.000532632
1773775536439,0.0878906,-0.213867,0.989258,-0.000532632,-0.00106526,0
1773775536519,0.0893555,-0.213379,0.990723,-0.000532632,-0.00106526,0
1773775536600,0.0893555,-0.213867,0.989746,-0.000532632,-0.00106526,0
1773775536671,0.0898438,-0.213867,0.991211,-0.00106526,-0.000532632,0
1773775536751,0.0883789,-0.214844,0.990234,0,-0.00106526,0
1773775536832,0.0888672,-0.214844,0.989258,-0.00106526,-0.000532632,0
1773775536904,0.0908203,-0.213867,0.991699,0.00106526,0,-0.00106526
1773775536982,0.0893555,-0.215332,0.98877,-0.000532632,-0.0015979,-0.000532632
1773775537053,0.0883789,-0.213379,0.988281,0.000532632,0,-0.000532632
1773775537133,0.0922852,-0.216309,0.989746,0.000532632,-0.00106526,0
1773775537214,0.0917969,-0.214355,0.991699,-0.000532632,0.000532632,0.00106526
1773775537295,0.0898438,-0.213379,0.989746,0,-0.000532632,0
1773775537365,0.090332,-0.21582,0.989746,-0.00106526,-0.000532632,-0.000532632
1773775537445,0.0908203,-0.214844,0.991699,0,0,0
1773775537526,0.0898438,-0.213379,0.990234,0,0,-0.000532632
1773775537596,0.090332,-0.216309,0.990234,0.000532632,-0.000532632,0.00106526
1773775537677,0.0893555,-0.213379,0.990234,0.000532632,-0.00106526,0.00106526
1773775537748,0.0893555,-0.21582,0.989258,-0.000532632,0,0
1773775537828,0.0908203,-0.21582,0.990723,0.000532632,0,-0.00106526
1773775537910,0.0898438,-0.213379,0.989258,0.000532632,-0.000532632,0
1773775537979,0.090332,-0.213379,0.991699,0,0,0
1773775538059,0.0898438,-0.211914,0.991211,0.000532632,-0.00106526,-0.000532632
1773775538140,0.0893555,-0.215332,0.990234,0,-0.00106526,0
1773775538212,0.0893555,-0.21582,0.990234,-0.000532632,-0.000532632,0.000532632
1773775538291,0.090332,-0.215332,0.987793,0.000532632,-0.000532632,0
1773775538372,0.0898438,-0.214355,0.989746,-0.000532632,-0.000532632,-0.000532632
1773775538443,0.0883789,-0.214844,0.989746,0.000532632,-0.00106526,0.000532632
1773775538523,0.0888672,-0.216309,0.989746,-0.000532632,-0.000532632,0
1773775538595,0.0874023,-0.21582,0.989258,-0.000532632,-0.000532632,-0.0015979
1773775538674,0.0874023,-0.214355,0.992188,-0.000532632,-0.000532632,0.000532632
1773775538755,0.0888672,-0.215332,0.990723,0.000532632,-0.000532632,0.000532632
1773775538825,0.0893555,-0.215332,0.989746,0,-0.000532632,0
1773775538906,0.090332,-0.215332,0.990234,0,0.000532632,-0.000532632
1773775538986,0.090332,-0.214355,0.989746,0.000532632,-0.000532632,-0.000532632
1773775539058,0.0893555,-0.214844,0.991211,0,-0.000532632,0
1773775539138,0.0898438,-0.216309,0.989258,0,-0.00106526,0.000532632
1773775539218,0.0893555,-0.213379,0.989746,0,-0.000532632,-0.000532632
1773775539288,0.0878906,-0.213379,0.988281,0.00106526,-0.00106526,-0.000532632
1773775539369,0.0888672,-0.215332,0.990723,0.000532632,0,0
1773775539450,0.090332,-0.215332,0.989258,0,-0.000532632,0.00106526
1773775539520,0.0898438,-0.21582,0.991699,0,-0.000532632,-0.00106526
1773775539601,0.0888672,-0.214355,0.989746,-0.000532632,0,0.00106526
1773775539681,0.0893555,-0.214355,0.992188,0,-0.000532632,-0.00106526
1773775539752,0.0898438,-0.215332,0.989746,0,-0.000532632,-0.000532632
1773775539832,0.0908203,-0.214844,0.990723,0,-0.000532632,0.000532632
1773775539913,0.0898438,-0.213379,0.991699,0.000532632,0,0
1773775539987,0.0883789,-0.212402,0.98877,0.00106526,0.000532632,-0.000532632
1773775540064,0.0893555,-0.213379,0.992188,0,-0.000532632,-0.00106526
1773775540135,0.090332,-0.214844,0.991699,-0.000532632,0,0.000532632
1773775540216,0.0898438,-0.213867,0.991699,0.000532632,-0.00106526,0.000532632
1773775540295,0.090332,-0.214355,0.990234,0,-0.000532632,0
1773775540366,0.0913086,-0.213379,0.990234,0.000532632,0.000532632,0.000532632
1773775540446,0.0908203,-0.214355,0.991699,0,0,0
1773775540527,0.0888672,-0.214844,0.990723,0.000532632,-0.00106526,0.000532632
1773775540599,0.0908203,-0.21582,0.992188,-0.000532632,0.000532632,0
1773775540678,0.0893555,-0.214844,0.990723,-0.000532632,-0.000532632,0
1773775540759,0.0908203,-0.214355,0.990723,0.00106526,-0.00106526,0
1773775540829,0.0893555,-0.214844,0.990234,0.000532632,-0.000532632,0
1773775540912,0.0908203,-0.215332,0.989258,0.000532632,-0.000532632,0.000532632
1773775540980,0.0913086,-0.215332,0.990234,0.000532632,-0.00106526,-0.000532632
1773775541061,0.0893555,-0.213867,0.991699,-0.000532632,-0.0015979,0
1773775541141,0.0893555,-0.213867,0.990234,0.000532632,-0.000532632,0
1773775541222,0.0898438,-0.216309,0.991211,0.000532632,-0.000532632,0.000532632
1773775541292,0.0898438,-0.214844,0.990723,0.000532632,0,-0.000532632
1773775541373,0.0913086,-0.21582,0.98877,-0.000532632,-0.00106526,-0.000532632
1773775541444,0.0888672,-0.21582,0.989746,0,-0.00106526,-0.000532632
1773775541524,0.0878906,-0.214355,0.992188,-0.000532632,-0.000532632,-0.000532632
1773775541604,0.0898438,-0.213379,0.990723,0,-0.000532632,-0.000532632
1773775541675,0.0898438,-0.216309,0.990234,0.0015979,-0.000532632,0.000532632
1773775541755,0.0898438,-0.213867,0.991211,0.000532632,-0.00106526,0.000532632
1773775541837,0.0888672,-0.213867,0.992676,-0.000532632,-0.000532632,-0.000532632
1773775541906,0.0888672,-0.21582,0.992188,0,-0.00106526,-0.000532632
1773775541987,0.0888672,-0.213867,0.989746,0,-0.000532632,-0.000532632
1773775542057,0.0883789,-0.215332,0.989746,-0.000532632,-0.0015979,0.000532632
1773775542138,0.0908203,-0.212402,0.990234,-0.000532632,-0.0015979,0
1773775542219,0.0888672,-0.214844,0.991211,-0.000532632,-0.000532632,0
1773775542299,0.0898438,-0.212891,0.989746,0,0,0
1773775542370,0.0898438,-0.213379,0.990234,0,0,0
1773775542450,0.0908203,-0.214844,0.989746,0.000532632,-0.000532632,0.00106526
1773775542531,0.0913086,-0.216309,0.990234,0,0,0
1773775542602,0.0888672,-0.213867,0.991211,0,-0.000532632,-0.000532632
1773775542682,0.0893555,-0.216309,0.991211,0,0,0
1773775542752,0.0898438,-0.213379,0.989258,0.00106526,-0.0015979,0.000532632
1773775542833,0.0913086,-0.212891,0.991699,-0.00106526,-0.00106526,0.00106526
1773775542913,0.0913086,-0.214844,0.989258,0.00106526,-0.00106526,0.000532632
1773775542984,0.0922852,-0.216309,0.990234,0,-0.00106526,0
1773775543064,0.0898438,-0.213867,0.990723,0.000532632,0.000532632,0
1773775543145,0.0883789,-0.214355,0.990723,0,-0.000532632,0.00106526
1773775543215,0.0898438,-0.213379,0.989746,0,-0.000532632,0.000532632
1773775543296,0.090332,-0.213379,0.991699,-0.00106526,-0.000532632,0
1773775543376,0.0888672,-0.214844,0.990234,0,-0.0015979,-0.00106526
1773775543447,0.0893555,-0.211426,0.990234,0.000532632,-0.000532632,0
1773775543527,0.0893555,-0.215332,0.991211,0.000532632,-0.000532632,0
1773775543608,0.0893555,-0.215332,0.991211,0,-0.000532632,-0.000532632
1773775543678,0.0898438,-0.212891,0.991211,0,-0.0015979,-0.000532632
1773775543759,0.0893555,-0.213379,0.989258,-0.000532632,-0.0015979,-0.000532632
1773775543839,0.0878906,-0.214844,0.988281,0,-0.00106526,-0.000532632
1773775543910,0.0898438,-0.213867,0.988281,0,-0.00106526,0
1773775543990,0.090332,-0.212891,0.990723,0,-0.000532632,-0.000532632
1773775544062,0.0893555,-0.216309,0.989258,0,-0.0015979,0.000532632
1773775544142,0.0893555,-0.214844,0.989746,0.00106526,-0.000532632,0
1773775544224,0.0888672,-0.216309,0.991699,-0.000532632,-0.000532632,-0.000532632
1773775544293,0.0888672,-0.213379,0.989746,0,-0.00106526,0
1773775544373,0.090332,-0.212891,0.992188,0,-0.000532632,-0.000532632
1773775544454,0.0888672,-0.214355,0.990723,-0.000532632,-0.000532632,0
1773775544525,0.0908203,-0.214844,0.991211,0.00106526,-0.000532632,0
1773775544605,0.090332,-0.214355,0.990723,0.000532632,-0.00106526,-0.00106526
1773775544685,0.0913086,-0.215332,0.991211,0,-0.00106526,-0.00106526
1773775544756,0.0908203,-0.213379,0.991699,-0.0015979,-0.00106526,-0.000532632
1773775544837,0.0883789,-0.214355,0.990234,0.000532632,0.000532632,0
1773775544917,0.0883789,-0.214844,0.989746,0.000532632,0,0.000532632
1773775544990,0.0888672,-0.214844,0.991699,-0.000532632,-0.00106526,-0.000532632
1773775545068,0.090332,-0.214355,0.990723,0,-0.00106526,0
1773775545140,0.0888672,-0.216797,0.990723,0,-0.00106526,-0.000532632
1773775545224,0.0874023,-0.214355,0.991699,0,0.000532632,0
1773775545300,0.0888672,-0.213379,0.990234,0.0015979,-0.000532632,0.000532632
1773775545371,0.0898438,-0.211914,0.990234,0.000532632,0,-0.00106526
1773775545452,0.090332,-0.214355,0.989746,0.000532632,-0.000532632,0
1773775545524,0.090332,-0.214355,0.989258,0,-0.000532632,-0.000532632
1773775545602,0.0893555,-0.214844,0.989258,0,-0.00106526,-0.000532632
1773775545684,0.0888672,-0.21582,0.98877,-0.000532632,-0.000532632,-0.000532632
1773775545763,0.0888672,-0.214355,0.991211,0.00106526,-0.000532632,-0.000532632
1773775545834,0.090332,-0.213379,0.98877,0,0,0
1773775545914,0.090332,-0.21582,0.989746,0,-0.000532632,0.000532632
1773775545995,0.0878906,-0.213867,0.990234,0.000532632,-0.000532632,0.00106526
1773775546067,0.0917969,-0.214355,0.990234,-0.000532632,0,0
1773775546146,0.0893555,-0.213867,0.991211,0.000532632,0,-0.000532632
1773775546216,0.0898438,-0.212402,0.991699,0,-0.000532632,0
1773775546297,0.0883789,-0.213867,0.991211,0.000532632,-0.000532632,-0.000532632
1773775546379,0.0878906,-0.213867,0.991699,-0.000532632,-0.00106526,-0.000532632
1773775546448,0.0893555,-0.214844,0.989258,-0.000532632,-0.00106526,0.000532632
1773775546528,0.0893555,-0.215332,0.989258,0,-0.00106526,-0.000532632
1773775546609,0.0888672,-0.214844,0.989746,0,0.000532632,0.000532632
1773775546681,0.0888672,-0.214355,0.988281,0,0,0.00106526
1773775546760,0.0898438,-0.215332,0.991699,0.00106526,0,-0.000532632
1773775546841,0.0893555,-0.212891,0.990234,0,-0.00106526,0
1773775546911,0.0908203,-0.214355,0.989258,0,-0.000532632,0
1773775546992,0.0883789,-0.216309,0.992188,0,0.000532632,-0.000532632
1773775547073,0.0888672,-0.217285,0.990234,-0.000532632,-0.000532632,0
1773775547146,0.0893555,-0.213379,0.990723,0,-0.000532632,0
1773775547223,0.0883789,-0.216797,0.990234,0.000532632,0,0
1773775547304,0.0888672,-0.215332,0.990234,0.000532632,-0.000532632,0.000532632
1773775547374,0.090332,-0.213867,0.989746,-0.000532632,0,0
1773775547455,0.0913086,-0.21582,0.989746,0,-0.00106526,-0.000532632
1773775547528,0.0893555,-0.214844,0.98877,0,-0.000532632,0
1773775547606,0.0878906,-0.212891,0.991211,0,-0.000532632,0
1773775547686,0.090332,-0.216309,0.991699,0.000532632,-0.00106526,-0.000532632
1773775547767,0.0893555,-0.211914,0.991699,0.0015979,-0.000532632,-0.000532632
1773775547837,0.0893555,-0.214844,0.989746,0,-0.000532632,-0.00106526
1773775547918,0.090332,-0.216797,0.989746,0,-0.00106526,0
1773775547990,0.0908203,-0.214844,0.992188,0,-0.00106526,0
1773775548069,0.0883789,-0.213867,0.991699,0,-0.00106526,0
1773775548149,0.090332,-0.214355,0.991699,-0.00106526,-0.0015979,0
1773775548220,0.090332,-0.213867,0.991211,0,-0.000532632,-0.00106526
1773775548300,0.0878906,-0.21582,0.990234,-0.000532632,-0.000532632,0
1773775548382,0.0898438,-0.214844,0.990723,0.00106526,-0.000532632,0
1773775548452,0.0883789,-0.217285,0.989258,0,0,0
1773775548533,0.0893555,-0.212891,0.990234,0,0.000532632,-0.000532632
1773775548613,0.0893555,-0.213867,0.990234,0,-0.00106526,0.000532632
1773775548684,0.0908203,-0.21582,0.990723,0,-0.000532632,0.000532632
1773775548764,0.0917969,-0.213379,0.990723,0,0,-0.000532632
1773775548845,0.0898438,-0.214844,0.98877,0,0,-0.000532632
1773775548915,0.0893555,-0.214355,0.990234,-0.00106526,-0.000532632,0
1773775548996,0.0898438,-0.213867,0.990723,0,-0.000532632,0
1773775549066,0.0888672,-0.215332,0.989746,0,0,-0.00106526
1773775549147,0.0893555,-0.213867,0.991211,-0.000532632,-0.000532632,-0.000532632
1773775549228,0.0893555,-0.216309,0.991699,0,-0.000532632,0.000532632
1773775549298,0.0908203,-0.216797,0.988281,-0.000532632,-0.000532632,0
1773775549379,0.0878906,-0.213379,0.990234,-0.000532632,0,-0.00106526
1773775549459,0.0869141,-0.214844,0.989746,0,0,-0.000532632
1773775549530,0.0878906,-0.212891,0.989746,-0.000532632,0.000532632,-0.000532632
1773775549610,0.0878906,-0.21582,0.989258,-0.00106526,-0.0015979,0
1773775549691,0.0893555,-0.214355,0.989746,0,-0.000532632,0
1773775549761,0.0888672,-0.21582,0.990234,-0.000532632,-0.00106526,0
1773775549842,0.0908203,-0.214355,0.989258,0.000532632,-0.00106526,-0.00106526
1773775549923,0.0878906,-0.212891,0.989258,-0.00106526,-0.00106526,-0.000532632
1773775549993,0.0893555,-0.214355,0.989746,0.000532632,-0.000532632,-0.000532632
1773775550074,0.0908203,-0.214355,0.991211,-0.0015979,-0.00106526,0
1773775550144,0.0893555,-0.21582,0.990234,0,-0.000532632,0
1773775550225,0.0878906,-0.213867,0.991699,-0.00106526,-0.000532632,0
1773775550305,0.0883789,-0.217773,0.990234,-0.00106526,-0.000532632,0.00106526
1773775550376,0.0898438,-0.213867,0.991699,-0.000532632,0,0
1773775550456,0.0898438,-0.21582,0.991699,0,-0.00106526,-0.000532632
1773775550537,0.0888672,-0.214844,0.989746,-0.00106526,-0.000532632,-0.000532632
1773775550607,0.0888672,-0.214844,0.990234,0,-0.0015979,0.0015979
1773775550689,0.0874023,-0.213867,0.991699,0,0,-0.000532632
1773775550769,0.0893555,-0.21582,0.989258,-0.000532632,-0.000532632,0
1773775550840,0.0888672,-0.214844,0.991699,-0.000532632,0,-0.000532632
1773775550920,0.0908203,-0.215332,0.992188,-0.000532632,-0.00106526,0
1773775551001,0.0908203,-0.212891,0.990234,-0.00106526,0,0
1773775551071,0.0893555,-0.214355,0.989746,-0.00106526,-0.0015979,0
1773775551151,0.0883789,-0.212891,0.990234,0.000532632,-0.0015979,-0.00106526
1773775551222,0.0908203,-0.214355,0.990723,-0.000532632,-0.0015979,0
1773775551303,0.0917969,-0.21582,0.990723,0,-0.000532632,0.000532632
1773775551383,0.0898438,-0.213379,0.992188,0.000532632,0,0
1773775551453,0.0908203,-0.213867,0.990234,0,0,-0.000532632
1773775551534,0.0893555,-0.214844,0.991211,0.000532632,0,-0.000532632
1773775551615,0.0898438,-0.215332,0.990723,0.000532632,0,-0.000532632
1773775551685,0.0893555,-0.213867,0.991699,0,-0.000532632,-0.0015979
1773775551769,0.0922852,-0.214844,0.990234,0,-0.0015979,0
1773775551846,0.0893555,-0.21582,0.989746,0,-0.000532632,0
1773775551917,0.0878906,-0.214844,0.990723,0.000532632,0,0
1773775551998,0.0917969,-0.212891,0.991699,-0.000532632,-0.00106526,-0.000532632
1773775552079,0.090332,-0.214844,0.990723,-0.000532632,-0.000532632,0.000532632
1773775552150,0.0893555,-0.213379,0.989258,0.000532632,-0.00106526,-0.00106526
1773775552229,0.0908203,-0.213867,0.991699,0,-0.0015979,-0.00106526
1773775552309,0.0908203,-0.214844,0.990723,-0.000532632,-0.00106526,-0.000532632
1773775552380,0.0874023,-0.214355,0.989258,0,-0.0015979,-0.00106526
1773775552460,0.090332,-0.212891,0.989746,0.000532632,-0.00106526,0.000532632
1773775552532,0.0883789,-0.213379,0.990234,0.00106526,-0.0015979,0
1773775552611,0.0878906,-0.213379,0.992188,-0.000532632,-0.0015979,0.000532632
1773775552692,0.090332,-0.214355,0.989258,0,0,-0.00106526
1773775552762,0.0883789,-0.214355,0.990723,-0.000532632,-0.000532632,0
1773775552843,0.090332,-0.214355,0.989746,-0.000532632,-0.000532632,-0.000532632
1773775552924,0.0888672,-0.213867,0.990234,0,-0.000532632,0
1773775552995,0.0864258,-0.214355,0.989746,-0.000532632,0,-0.000532632
1773775553074,0.0893555,-0.214355,0.989746,-0.000532632,-0.000532632,0
1773775553156,0.0888672,-0.216309,0.991211,0,-0.000532632,0.000532632
1773775553226,0.0908203,-0.214844,0.989746,-0.000532632,-0.000532632,-0.000532632
1773775553306,0.0893555,-0.215332,0.992188,0,-0.000532632,-0.00106526
1773775553387,0.0888672,-0.212402,0.989746,0.000532632,-0.000532632,-0.000532632
1773775553457,0.0888672,-0.213867,0.991211,0,0,-0.000532632
1773775553538,0.090332,-0.213867,0.991211,0,-0.00106526,0
1773775553618,0.0883789,-0.21582,0.992188,0,-0.000532632,0
1773775553691,0.0888672,-0.212891,0.990723,0.00106526,-0.00106526,0
1773775553770,0.0913086,-0.214844,0.989746,-0.000532632,-0.000532632,-0.0015979
1773775553840,0.0883789,-0.214355,0.987793,0,0,0
1773775553920,0.0893555,-0.214844,0.990234,0,0.000532632,0
1773775554001,0.0888672,-0.214844,0.991211,0.00106526,-0.00106526,0
1773775554071,0.0893555,-0.213867,0.991699,0,-0.000532632,0
1773775554152,0.0893555,-0.213379,0.990234,0.000532632,0,0
1773775554233,0.0893555,-0.212891,0.990234,0,0,-0.00106526
1773775554303,0.0898438,-0.213867,0.991211,-0.000532632,-0.000532632,0.000532632
1773775554384,0.0898438,-0.213379,0.989746,0.000532632,-0.000532632,-0.000532632
1773775554464,0.090332,-0.21582,0.990723,0.0015979,-0.00106526,-0.000532632
1773775554535,0.0913086,-0.213867,0.989746,0,-0.0015979,-0.00106526
1773775554616,0.0898438,-0.21582,0.990234,-0.000532632,-0.000532632,0.00106526
1773775554696,0.0898438,-0.214355,0.991211,0.000532632,-0.00106526,-0.000532632
1773775554766,0.0893555,-0.212402,0.990723,0.000532632,-0.000532632,0
1773775554847,0.0913086,-0.213379,0.991211,-0.000532632,-0.00106526,0.000532632
1773775554927,0.090332,-0.214355,0.989258,-0.000532632,-0.0015979,-0.000532632
1773775554998,0.0893555,-0.214355,0.989746,-0.000532632,-0.00106526,0
1773775555078,0.0898438,-0.214844,0.989746,-0.000532632,0.000532632,0
1773775555159,0.0893555,-0.214844,0.991699,-0.000532632,0,0.00106526
1773775555229,0.0893555,-0.212402,0.990723,-0.000532632,-0.000532632,-0.000532632
1773775555310,0.0888672,-0.214844,0.988281,0,0,0.00106526
1773775555380,0.0893555,-0.214844,0.990234,0,-0.000532632,-0.000532632
1773775555461,0.0898438,-0.213867,0.991211,-0.000532632,-0.0015979,-0.00106526
1773775555544,0.0893555,-0.215332,0.989746,-0.000532632,0,-0.00106526
1773775555612,0.0898438,-0.214355,0.990723,0,-0.000532632,-0.000532632
1773775555692,0.0898438,-0.21582,0.991211,0.00106526,-0.00106526,-0.00106526
1773775555773,0.0888672,-0.215332,0.990723,-0.000532632,-0.00106526,-0.00106526
1773775555845,0.0888672,-0.215332,0.990723,0.000532632,-0.00106526,0.000532632
1773775555925,0.090332,-0.214844,0.990723,-0.000532632,-0.00106526,0.000532632
1773775556006,0.0893555,-0.21582,0.989746,0,0.000532632,-0.00106526
1773775556075,0.0874023,-0.214355,0.98877,0.00106526,-0.0015979,0
1773775556156,0.0888672,-0.212891,0.990234,0,-0.00106526,0.00106526
1773775556236,0.0898438,-0.215332,0.990723,-0.000532632,-0.000532632,0
1773775556307,0.090332,-0.212891,0.990234,0,-0.0015979,0.000532632
1773775556387,0.0888672,-0.212891,0.991699,0,-0.000532632,0
1773775556458,0.0893555,-0.213867,0.990723,0.000532632,-0.00106526,0
1773775556540,0.0893555,-0.214844,0.991211,-0.00106526,-0.000532632,0
1773775556619,0.0893555,-0.213379,0.989746,-0.000532632,0,-0.000532632
1773775556689,0.0883789,-0.214355,0.991699,-0.000532632,-0.000532632,0
1773775556772,0.0888672,-0.213379,0.989746,0.000532632,0.000532632,0
1773775556852,0.0888672,-0.213379,0.991699,0,-0.00106526,0
1773775556921,0.0898438,-0.214355,0.990234,-0.000532632,-0.000532632,0.000532632
1773775557002,0.090332,-0.213867,0.992188,0.000532632,-0.0015979,0
1773775557084,0.0888672,-0.213379,0.990723,-0.000532632,0,0
1773775557154,0.090332,-0.213867,0.992676,0.000532632,0.000532632,0
1773775557234,0.0888672,-0.217285,0.991211,0.000532632,-0.0015979,0.000532632
1773775557314,0.0893555,-0.212891,0.992188,-0.00106526,-0.0015979,-0.000532632
1773775557384,0.090332,-0.215332,0.991211,0,0,0
1773775557465,0.0898438,-0.214355,0.990234,-0.000532632,-0.00106526,0
1773775557536,0.0908203,-0.215332,0.988281,-0.000532632,-0.000532632,0
1773775557616,0.0898438,-0.214355,0.991211,0,-0.000532632,0
1773775557697,0.0898438,-0.213867,0.990234,-0.000532632,-0.00106526,0.000532632
1773775557768,0.0898438,-0.214355,0.991699,-0.000532632,-0.00106526,0.00106526
1773775557847,0.0874023,-0.214355,0.989258,-0.000532632,-0.00106526,-0.000532632
1773775557928,0.0898438,-0.212402,0.992188,-0.000532632,-0.00106526,-0.00106526
1773775558000,0.0913086,-0.214844,0.989258,0.000532632,-0.00106526,0
1773775558079,0.0913086,-0.214844,0.990723,0,0.000532632,0
1773775558160,0.0922852,-0.214355,0.991699,-0.00106526,-0.00106526,0
1773775558232,0.0898438,-0.21875,0.990723,-0.000532632,-0.00106526,0
1773775558311,0.0883789,-0.215332,0.98877,-0.00106526,-0.00106526,-0.000532632
1773775558391,0.090332,-0.215332,0.991211,0,-0.00106526,-0.000532632
1773775558462,0.0893555,-0.213379,0.989746,-0.000532632,-0.000532632,0.000532632
1773775558544,0.0898438,-0.214355,0.989746,0,-0.000532632,0
1773775558623,0.0883789,-0.213379,0.991211,0.000532632,-0.00106526,-0.00106526
1773775558693,0.0898438,-0.213379,0.991211,0,0,-0.000532632
1773775558774,0.0893555,-0.213867,0.991211,-0.000532632,-0.0015979,-0.000532632
1773775558854,0.0893555,-0.214844,0.990234,-0.000532632,-0.00106526,-0.00106526
1773775558925,0.0888672,-0.214844,0.990723,0,-0.00106526,0.000532632
1773775559009,0.0898438,-0.215332,0.991699,0,-0.00106526,0
1773775559086,0.0888672,-0.214844,0.991699,-0.00106526,0.000532632,0
1773775559156,0.0893555,-0.212891,0.988281,0,-0.00106526,-0.000532632
1773775559237,0.0898438,-0.214844,0.990234,-0.000532632,-0.000532632,-0.000532632
1773775559307,0.0898438,-0.212891,0.991211,0.000532632,-0.000532632,0.000532632
1773775559388,0.090332,-0.215332,0.98877,-0.000532632,-0.00106526,-0.000532632
1773775559469,0.0893555,-0.215332,0.989746,-0.000532632,-0.000532632,0.00106526
1773775559539,0.0913086,-0.215332,0.990723,0,-0.00106526,0
1773775559620,0.0908203,-0.214355,0.98877,0.00106526,0,0
1773775559700,0.0898438,-0.215332,0.990234,-0.00106526,0,-0.000532632
1773775559771,0.090332,-0.215332,0.990234,-0.00106526,-0.00106526,0
1773775559851,0.0888672,-0.213867,0.990234,0,0.000532632,-0.00106526
1773775559932,0.0908203,-0.215332,0.989258,-0.000532632,-0.000532632,-0.000532632
1773775560003,0.0927734,-0.214844,0.987793,0,-0.00106526,-0.0015979
1773775560083,0.0878906,-0.213379,0.989258,0,-0.000532632,0
1773775560153,0.0913086,-0.214355,0.991699,0,-0.000532632,-0.000532632
1773775560234,0.0917969,-0.215332,0.992188,0,-0.00106526,-0.000532632
1773775560314,0.0898438,-0.213867,0.990723,-0.000532632,-0.00106526,0
1773775560385,0.0913086,-0.215332,0.990234,0,-0.000532632,0.000532632
1773775560465,0.0913086,-0.214355,0.991699,0,-0.000532632,0.000532632
1773775560546,0.0878906,-0.213379,0.990234,-0.00106526,0.000532632,0
1773775560616,0.0888672,-0.215332,0.989746,0.00106526,-0.000532632,-0.00106526
1773775560697,0.0878906,-0.215332,0.992676,0,-0.000532632,0
1773775560778,0.0888672,-0.214355,0.989746,0,-0.00106526,-0.00106526
1773775560848,0.0893555,-0.21582,0.991211,0,-0.000532632,-0.00106526
1773775560929,0.0888672,-0.214844,0.989746,0,-0.0015979,0.000532632
1773775561010,0.0883789,-0.214844,0.990723,0,-0.00106526,-0.000532632
1773775561080,0.0908203,-0.214844,0.990234,0,-0.000532632,-0.0015979
1773775561160,0.0878906,-0.211914,0.990234,-0.000532632,-0.0015979,0
1773775561232,0.0888672,-0.214355,0.989258,0.000532632,-0.000532632,-0.000532632
1773775561312,0.0898438,-0.214844,0.989258,-0.000532632,-0.000532632,0.000532632
1773775561392,0.0874023,-0.214844,0.990234,0,-0.00106526,0.00106526
1773775561472,0.0888672,-0.215332,0.991211,0,-0.00106526,0
1773775561543,0.0878906,-0.214844,0.990723,-0.000532632,-0.000532632,-0.00106526
1773775561623,0.0893555,-0.215332,0.988281,0,-0.000532632,0
1773775561694,0.0888672,-0.214355,0.990234,0.000532632,0,0.000532632
1773775561774,0.0908203,-0.213867,0.990723,0,0,-0.000532632
1773775561855,0.0898438,-0.21582,0.989258,-0.000532632,-0.000532632,-0.0015979
1773775561925,0.0888672,-0.214355,0.988281,-0.000532632,-0.000532632,0
1773775562008,0.0898438,-0.212402,0.988281,0.000532632,-0.00106526,0
1773775562087,0.0908203,-0.214844,0.988281,0,0,0
1773775562159,0.0913086,-0.213867,0.989258,0,-0.000532632,-0.000532632
1773775562239,0.0888672,-0.213379,0.992188,-0.00106526,-0.000532632,-0.000532632
1773775562318,0.0878906,-0.213867,0.990234,-0.000532632,-0.0015979,-0.000532632
1773775562389,0.0888672,-0.21582,0.989746,0,0,0
1773775562469,0.0888672,-0.214355,0.990234,0.000532632,-0.00106526,-0.000532632
1773775562550,0.090332,-0.212891,0.989746,0.00106526,-0.000532632,-0.000532632
1773775562620,0.0922852,-0.216797,0.991211,0,-0.000532632,0.000532632
1773775562701,0.0893555,-0.215332,0.989746,0.000532632,-0.00106526,0.000532632
1773775562782,0.0913086,-0.214844,0.990234,0.000532632,-0.00106526,-0.000532632
1773775562852,0.0893555,-0.214844,0.990723,0.000532632,-0.00106526,0
1773775562933,0.0869141,-0.21582,0.991699,0,-0.0015979,0
1773775563005,0.0893555,-0.214844,0.990723,0,0,0.000532632
1773775563084,0.0878906,-0.213379,0.990234,0,-0.000532632,-0.000532632
1773775563164,0.0908203,-0.214844,0.990723,-0.000532632,-0.00106526,-0.000532632
1773775563236,0.0893555,-0.21582,0.989258,-0.000532632,0,0
1773775563316,0.090332,-0.213867,0.989258,0,-0.000532632,-0.000532632
1773775563396,0.090332,-0.213867,0.989258,-0.000532632,-0.0015979,0.000532632
1773775563466,0.090332,-0.214844,0.990234,-0.000532632,0,-0.000532632
1773775563548,0.0898438,-0.212891,0.990234,0,0,-0.000532632
1773775563628,0.0878906,-0.215332,0.989258,-0.00106526,-0.000532632,0
1773775563698,0.0888672,-0.214355,0.986816,-0.00106526,-0.00106526,0.00106526
1773775563780,0.090332,-0.213867,0.990723,0,-0.00106526,0.000532632
1773775563849,0.0898438,-0.214355,0.990723,0.000532632,-0.000532632,-0.000532632
1773775563930,0.0898438,-0.213379,0.990723,-0.000532632,-0.00106526,-0.000532632
1773775564011,0.090332,-0.213867,0.990234,-0.000532632,-0.00106526,-0.000532632
1773775564082,0.090332,-0.215332,0.991211,-0.000532632,-0.00106526,-0.0015979
1773775564164,0.0859375,-0.213379,0.990234,0.00106526,-0.000532632,0
1773775564242,0.0893555,-0.212891,0.98877,0,0,0
1773775564313,0.0893555,-0.213379,0.989258,-0.0015979,-0.000532632,-0.000532632
1773775564394,0.0888672,-0.214844,0.990234,-0.000532632,-0.00106526,-0.000532632
1773775564474,0.0878906,-0.214355,0.991211,0,-0.000532632,-0.000532632
1773775564545,0.0898438,-0.214355,0.989746,0.000532632,-0.000532632,0
1773775564625,0.0898438,-0.214355,0.990234,0,-0.0015979,-0.00106526
1773775564706,0.090332,-0.213867,0.989746,0,-0.000532632,0.000532632
1773775564776,0.0888672,-0.214844,0.991211,0.00106526,0,-0.000532632
1773775564857,0.0893555,-0.213379,0.990234,-0.000532632,-0.0015979,0
1773775564937,0.090332,-0.214844,0.990723,-0.000532632,-0.000532632,0
1773775565008,0.0893555,-0.213867,0.990234,0.0015979,0.000532632,0.000532632
1773775565088,0.090332,-0.213867,0.990234,-0.000532632,-0.0015979,0
1773775565159,0.0883789,-0.21582,0.990234,0.000532632,0,-0.00106526
1773775565239,0.0893555,-0.214355,0.990234,0.000532632,-0.00106526,0
1773775565320,0.0883789,-0.216309,0.98877,-0.000532632,-0.000532632,0
1773775565390,0.0888672,-0.215332,0.98877,-0.000532632,-0.00106526,0.000532632
1773775565471,0.0898438,-0.214355,0.989746,0.0015979,-0.0015979,0
1773775565551,0.0883789,-0.214355,0.990234,0,-0.00106526,-0.000532632
1773775565622,0.0898438,-0.21582,0.989258,0,-0.00106526,0
1773775565702,0.0878906,-0.215332,0.990234,-0.000532632,-0.00106526,-0.0015979
1773775565783,0.0888672,-0.217285,0.98877,-0.000532632,0,-0.00106526
1773775565855,0.0898438,-0.213867,0.989746,-0.00106526,0.000532632,0.000532632
1773775565934,0.0878906,-0.213379,0.991211,-0.000532632,0.000532632,0
1773775566015,0.0908203,-0.213379,0.989746,0.000532632,-0.0015979,0.00106526
1773775566085,0.0898438,-0.214355,0.98877,-0.000532632,-0.00106526,-0.000532632
1773775566166,0.0898438,-0.214355,0.990234,0,-0.00106526,0.000532632
1773775566246,0.0893555,-0.215332,0.989746,-0.000532632,-0.000532632,0.000532632
1773775566317,0.0898438,-0.21582,0.989746,-0.000532632,-0.000532632,-0.000532632
1773775566398,0.0908203,-0.213379,0.990234,0.000532632,0.000532632,0.000532632
1773775566468,0.0888672,-0.215332,0.991699,-0.000532632,-0.000532632,0.000532632
1773775566549,0.0908203,-0.216797,0.990723,0.000532632,-0.000532632,0.000532632
1773775566629,0.0883789,-0.213379,0.990723,0,-0.0015979,0
1773775566700,0.0888672,-0.214355,0.990723,0,-0.00106526,-0.0015979
1773775566780,0.0898438,-0.215332,0.991211,0,-0.00106526,0
1773775566861,0.0888672,-0.21582,0.991211,0,0,0
1773775566931,0.0913086,-0.214355,0.989746,0,-0.00106526,-0.00106526
1773775567012,0.0883789,-0.216309,0.989746,-0.00106526,-0.000532632,-0.000532632
1773775567093,0.0888672,-0.21582,0.988281,-0.000532632,-0.000532632,-0.000532632
1773775567163,0.0883789,-0.215332,0.986816,-0.000532632,0,0.000532632
1773775567244,0.090332,-0.214844,0.989258,-0.000532632,-0.00106526,0.000532632
1773775567324,0.0888672,-0.213379,0.990723,-0.000532632,-0.000532632,0
1773775567395,0.0898438,-0.21582,0.990234,-0.000532632,0,-0.000532632
1773775567475,0.0893555,-0.21582,0.990234,0,0.000532632,0.00106526
1773775567546,0.090332,-0.214844,0.990234,0,-0.000532632,0.00106526
1773775567626,0.0888672,-0.212891,0.990723,0.000532632,-0.0015979,0.000532632
1773775567707,0.0888672,-0.214844,0.990723,0,-0.00106526,-0.000532632
1773775567777,0.0888672,-0.216309,0.989746,0,0,0
1773775567858,0.0888672,-0.213379,0.989258,0,-0.00213053,-0.0015979
1773775567938,0.0893555,-0.214355,0.989746,-0.000532632,0.000532632,0
1773775568009,0.0878906,-0.213867,0.991699,0.000532632,-0.000532632,-0.00106526
1773775568089,0.0893555,-0.214844,0.990234,-0.000532632,-0.000532632,-0.00106526
1773775568170,0.0908203,-0.216309,0.990234,0,-0.00106526,0
1773775568240,0.0878906,-0.214844,0.990234,0.000532632,-0.000532632,0
1773775568321,0.0893555,-0.215332,0.989746,0,0,0.000532632
1773775568402,0.0878906,-0.215332,0.989258,0.00106526,-0.000532632,-0.00106526
1773775568472,0.0888672,-0.215332,0.990723,0.000532632,-0.00106526,0
1773775568553,0.0898438,-0.216309,0.989258,-0.000532632,-0.0015979,0
1773775568633,0.090332,-0.215332,0.989746,0,0.000532632,0
1773775568704,0.090332,-0.216309,0.991699,0,-0.00106526,0.000532632
1773775568785,0.0893555,-0.213379,0.989258,0,-0.000532632,-0.000532632
1773775568855,0.0883789,-0.21582,0.988281,0.000532632,0,-0.00106526
1773775568935,0.090332,-0.213379,0.991211,0,-0.000532632,0
1773775569018,0.0883789,-0.212402,0.991211,-0.000532632,-0.000532632,-0.000532632
1773775569087,0.0893555,-0.214355,0.990234,0,-0.00106526,-0.0015979
1773775569168,0.0898438,-0.213379,0.991211,0,-0.000532632,0
1773775569248,0.0888672,-0.215332,0.990723,0.000532632,-0.000532632,-0.00106526
1773775569318,0.0908203,-0.213379,0.989258,-0.000532632,-0.000532632,0
1773775569399,0.090332,-0.215332,0.991211,-0.000532632,-0.00106526,-0.000532632
1773775569479,0.0874023,-0.213379,0.989746,0,0,0
1773775569550,0.0898438,-0.213379,0.990234,-0.000532632,-0.00106526,-0.000532632
1773775569630,0.0898438,-0.213379,0.98877,-0.00106526,0,-0.00106526
1773775569701,0.0888672,-0.215332,0.990723,0,-0.000532632,-0.000532632
1773775569781,0.0883789,-0.214844,0.989258,0,-0.00213053,-0.000532632
1773775569862,0.0888672,-0.213867,0.990234,-0.000532632,0,0.000532632
1773775569942,0.0888672,-0.216797,0.990723,0,-0.0015979,0.00106526
1773775570013,0.0898438,-0.214355,0.990234,0,0,-0.000532632
1773775570093,0.0888672,-0.214844,0.990723,-0.00106526,-0.000532632,0
1773775570164,0.0888672,-0.21582,0.989258,0,-0.000532632,-0.000532632
1773775570244,0.0898438,-0.214355,0.991699,0,-0.000532632,-0.000532632
1773775570325,0.0893555,-0.215332,0.990723,0.000532632,0,0
1773775570395,0.0883789,-0.215332,0.991699,0,0,-0.000532632
1773775570476,0.0893555,-0.214355,0.991211,0,-0.00106526,-0.000532632
1773775570557,0.0874023,-0.216309,0.989746,0,-0.000532632,0.00106526
1773775570627,0.0888672,-0.21582,0.990723,0,-0.000532632,0
1773775570708,0.090332,-0.214844,0.988281,0,0,-0.000532632
1773775570788,0.0908203,-0.21582,0.989258,0,-0.000532632,0.00106526
1773775570859,0.0913086,-0.21582,0.991211,0,-0.0015979,0
1773775570939,0.090332,-0.212402,0.989746,-0.000532632,-0.000532632,0.000532632
1773775571020,0.090332,-0.213379,0.989258,0.000532632,-0.000532632,-0.000532632
1773775571090,0.0893555,-0.214844,0.990723,-0.000532632,0,0.000532632
1773775571171,0.0888672,-0.215332,0.990723,0,0,0.000532632
1773775571242,0.0898438,-0.212891,0.98877,0,-0.00106526,0
1773775571322,0.0893555,-0.213867,0.98877,0,-0.00106526,0
1773775571403,0.0883789,-0.214355,0.991699,0,-0.000532632,0
1773775571473,0.0917969,-0.214844,0.988281,0,-0.00106526,0
1773775571554,0.0898438,-0.216309,0.989746,-0.00106526,0,0
1773775571634,0.0888672,-0.215332,0.989258,0.000532632,-0.000532632,0
1773775571705,0.0888672,-0.21582,0.991211,-0.000532632,0,-0.000532632
1773775571785,0.0898438,-0.212891,0.987793,0.000532632,-0.0015979,-0.000532632
1773775571866,0.0893555,-0.216309,0.989746,0.000532632,-0.000532632,0.000532632
1773775571936,0.0893555,-0.214844,0.991211,-0.000532632,0,-0.000532632
1773775572017,0.0883789,-0.215332,0.989746,0,-0.000532632,-0.000532632
1773775572097,0.0913086,-0.214355,0.98877,0.000532632,-0.000532632,-0.000532632
1773775572168,0.0908203,-0.212891,0.989258,0,-0.0015979,-0.000532632
1773775572248,0.0888672,-0.214844,0.989746,0,-0.00106526,-0.00106526
1773775572329,0.0893555,-0.213867,0.990234,0.00106526,-0.00213053,-0.00106526
1773775572399,0.0893555,-0.215332,0.990723,0.000532632,-0.000532632,0
1773775572480,0.0898438,-0.214844,0.990723,-0.000532632,0,0.00106526
1773775572550,0.0878906,-0.212891,0.990234,0,-0.00106526,0
1773775572631,0.0874023,-0.215332,0.990234,-0.000532632,-0.000532632,0
1773775572713,0.0874023,-0.213379,0.989258,0.000532632,-0.000532632,-0.00106526
1773775572782,0.090332,-0.212891,0.989746,-0.000532632,-0.00106526,-0.000532632
1773775572864,0.0878906,-0.214355,0.990234,0,-0.000532632,0
1773775572943,0.0908203,-0.213867,0.990234,-0.000532632,-0.00106526,0.000532632
1773775573015,0.0888672,-0.215332,0.98877,-0.000532632,0,-0.000532632
1773775573094,0.0893555,-0.214844,0.989746,-0.000532632,-0.000532632,0
1773775573175,0.0898438,-0.213867,0.989746,0.00106526,0,-0.000532632
1773775573246,0.0893555,-0.213379,0.991699,-0.000532632,-0.000532632,0
1773775573326,0.090332,-0.216309,0.98877,-0.00106526,0,-0.000532632
1773775573407,0.0908203,-0.214844,0.990723,-0.000532632,0,0
1773775573477,0.0888672,-0.214355,0.989258,0.000532632,-0.00106526,-0.00106526
1773775573558,0.0898438,-0.213379,0.990723,0.000532632,-0.000532632,-0.00106526
1773775573638,0.0893555,-0.212891,0.991699,-0.000532632,-0.000532632,0
1773775573709,0.0888672,-0.214844,0.989258,0,-0.0015979,0.000532632
1773775573789,0.0893555,-0.214355,0.991699,-0.000532632,0,-0.000532632
1773775573861,0.090332,-0.213379,0.989258,0.000532632,0,-0.00106526
1773775573940,0.0893555,-0.215332,0.990234,-0.000532632,-0.000532632,-0.000532632
1773775574021,0.0893555,-0.21582,0.989258,-0.000532632,-0.000532632,-0.000532632
1773775574092,0.0888672,-0.21582,0.990234,0.000532632,-0.000532632,-0.000532632
1773775574172,0.0893555,-0.212891,0.989258,-0.000532632,-0.000532632,0.000532632
1773775574246,0.0893555,-0.216309,0.989258,0,-0.000532632,-0.00106526
1773775574324,0.0908203,-0.214844,0.990723,-0.000532632,0.000532632,0.000532632
1773775574403,0.0908203,-0.214355,0.991211,-0.000532632,-0.000532632,0
1773775574485,0.0874023,-0.214355,0.990723,0,-0.00106526,0
1773775574556,0.0893555,-0.214844,0.989746,-0.000532632,0,0
1773775574636,0.0893555,-0.215332,0.989746,0,0,0.000532632
1773775574717,0.0883789,-0.213379,0.990234,-0.000532632,-0.000532632,-0.000532632
1773775574787,0.0908203,-0.215332,0.990234,-0.000532632,-0.0015979,0.000532632
1773775574867,0.0874023,-0.214844,0.989258,0,-0.00106526,0
1773775574947,0.0888672,-0.214844,0.990234,-0.000532632,-0.00106526,-0.00106526
1773775575019,0.0898438,-0.213379,0.991211,-0.000532632,-0.000532632,-0.000532632
1773775575098,0.0878906,-0.21582,0.989258,0,0.000532632,-0.000532632
1773775575169,0.0893555,-0.216309,0.991211,0.000532632,-0.000532632,0.000532632
1773775575250,0.0893555,-0.215332,0.990234,0.000532632,-0.000532632,0
1773775575330,0.0888672,-0.215332,0.98877,-0.000532632,-0.000532632,0.00106526
1773775575401,0.0883789,-0.215332,0.98877,-0.00106526,-0.000532632,0
1773775575481,0.090332,-0.214844,0.989258,0,-0.0015979,0.000532632
1773775575562,0.0883789,-0.215332,0.991211,0.000532632,-0.00106526,0
1773775575632,0.0917969,-0.216309,0.990723,0.000532632,0,0
1773775575714,0.0888672,-0.216309,0.98877,-0.000532632,0,0
1773775575794,0.0869141,-0.214355,0.990723,-0.000532632,0,0.000532632
1773775575864,0.0883789,-0.213867,0.991211,-0.000532632,0,-0.00106526
1773775575944,0.0888672,-0.214355,0.988281,0,-0.00106526,-0.000532632
1773775576015,0.0878906,-0.216309,0.989746,-0.000532632,0,0
1773775576096,0.0893555,-0.216797,0.989746,0.00106526,-0.00106526,0.000532632
1773775576177,0.0913086,-0.215332,0.989258,0,-0.00106526,-0.000532632
1773775576257,0.0908203,-0.214844,0.991211,0.000532632,-0.000532632,0
1773775576328,0.090332,-0.213867,0.988281,0,-0.00106526,0.000532632
1773775576408,0.0893555,-0.211914,0.991211,-0.000532632,0,0
1773775576479,0.090332,-0.213379,0.990723,0,-0.000532632,-0.000532632
1773775576559,0.0908203,-0.214355,0.989258,-0.000532632,-0.00106526,0
1773775576640,0.090332,-0.215332,0.990234,0.000532632,-0.00106526,-0.000532632
1773775576710,0.0888672,-0.213867,0.991699,0.000532632,-0.00106526,-0.000532632
1773775576791,0.0878906,-0.214844,0.992188,0,-0.000532632,0
1773775576871,0.0883789,-0.215332,0.990234,0,-0.000532632,-0.000532632
1773775576942,0.090332,-0.213379,0.989746,0,0,0.00106526
1773775577022,0.0888672,-0.216797,0.990234,-0.000532632,-0.00106526,-0.000532632
1773775577103,0.0888672,-0.213867,0.98877,0,-0.000532632,0
1773775577174,0.0878906,-0.215332,0.989258,0.00106526,0,0
1773775577254,0.0898438,-0.214355,0.988281,-0.000532632,-0.00106526,0.000532632
1773775577334,0.0917969,-0.21582,0.988281,-0.000532632,0,0
1773775577409,0.0898438,-0.213867,0.990234,0,-0.00106526,0.000532632
1773775577485,0.0888672,-0.214355,0.991211,0.000532632,-0.00106526,-0.00106526
1773775577556,0.0908203,-0.212891,0.989258,0.000532632,-0.000532632,-0.000532632
1773775577638,0.0883789,-0.21582,0.990723,0,-0.000532632,-0.000532632
1773775577718,0.0883789,-0.211914,0.990234,-0.000532632,0,0
1773775577788,0.0927734,-0.212402,0.990723,0.00106526,-0.00106526,-0.00106526
1773775577868,0.0874023,-0.214355,0.988281,0.00106526,-0.000532632,0
1773775577949,0.0917969,-0.214355,0.990234,0.000532632,0,-0.000532632
1773775578020,0.0888672,-0.212891,0.98877,-0.000532632,0,0
1773775578100,0.0893555,-0.213867,0.989746,0.00106526,0,0.00106526
1773775578180,0.0913086,-0.214355,0.989746,0.000532632,0,0
1773775578254,0.0898438,-0.21582,0.990723,0,-0.000532632,0
1773775578331,0.0898438,-0.213867,0.991211,0,-0.00106526,0.00106526
1773775578412,0.0888672,-0.212891,0.989258,0,-0.0015979,0
1773775578482,0.0913086,-0.214355,0.991211,0,-0.000532632,-0.000532632
1773775578563,0.0888672,-0.215332,0.987793,0.00106526,-0.000532632,0
1773775578643,0.0898438,-0.215332,0.98877,0,-0.000532632,-0.000532632
1773775578714,0.0917969,-0.214355,0.989258,0,-0.000532632,-0.000532632
1773775578795,0.0917969,-0.213867,0.989258,0,-0.000532632,0.000532632
1773775578865,0.0908203,-0.214355,0.989258,-0.000532632,0,0
1773775578946,0.0932617,-0.214355,0.989746,0,0,0.000532632
1773775579026,0.0878906,-0.214355,0.98877,0,0,0
1773775579096,0.090332,-0.214355,0.990234,0.000532632,-0.000532632,0.000532632
1773775579178,0.0893555,-0.214844,0.990234,-0.000532632,-0.00106526,-0.000532632
1773775579257,0.0888672,-0.213379,0.989746,0.000532632,-0.000532632,0.000532632
1773775579328,0.0893555,-0.214844,0.989746,-0.000532632,-0.000532632,0.000532632
1773775579408,0.0883789,-0.215332,0.989746,0,-0.00106526,0.000532632
1773775579489,0.0888672,-0.212891,0.990723,-0.00106526,-0.00106526,0.00106526
1773775579560,0.0883789,-0.214355,0.990234,0.000532632,-0.00106526,-0.000532632
1773775579640,0.0888672,-0.215332,0.990234,0,-0.000532632,-0.000532632
1773775579721,0.0908203,-0.214844,0.989746,0.00106526,-0.000532632,0.00106526
1773775579791,0.090332,-0.213379,0.990234,0.000532632,-0.000532632,-0.000532632
1773775579874,0.090332,-0.212891,0.989258,0,-0.000532632,0.00106526
1773775579952,0.0893555,-0.212891,0.98877,0.000532632,-0.000532632,-0.000532632
1773775580024,0.0898438,-0.214844,0.990234,0.000532632,-0.000532632,-0.000532632
1773775580104,0.0883789,-0.213867,0.993164,0.000532632,-0.000532632,0
1773775580174,0.0888672,-0.215332,0.991211,0,-0.00106526,0.00106526
1773775580256,0.0893555,-0.213379,0.991211,-0.000532632,-0.00106526,0
1773775580335,0.0888672,-0.214355,0.991699,0,-0.00106526,0
1773775580406,0.0883789,-0.214844,0.990723,0,-0.000532632,0
1773775580486,0.0878906,-0.215332,0.989258,0.000532632,-0.000532632,-0.00106526
1773775580567,0.090332,-0.213379,0.98877,0.000532632,-0.00106526,0.000532632
1773775580638,0.0908203,-0.214844,0.991699,0,-0.000532632,0.00106526
1773775580718,0.0883789,-0.214844,0.991211,-0.00106526,0,-0.000532632
1773775580799,0.0883789,-0.215332,0.990723,0.00106526,-0.000532632,-0.000532632
1773775580871,0.090332,-0.214844,0.989746,0.000532632,0,-0.000532632
1773775580950,0.0908203,-0.214844,0.989258,0.00106526,-0.00106526,-0.000532632
1773775581021,0.0883789,-0.214355,0.989746,0,-0.000532632,-0.000532632
1773775581101,0.0898438,-0.214844,0.989746,0,-0.000532632,0
1773775581172,0.0888672,-0.214355,0.989746,0,-0.000532632,0
1773775581252,0.0893555,-0.213867,0.98877,0.000532632,0,0.000532632
1773775581333,0.0898438,-0.213867,0.990723,0.000532632,-0.00106526,-0.000532632
1773775581413,0.0908203,-0.212891,0.990234,-0.00106526,-0.000532632,0
1773775581484,0.0893555,-0.21582,0.991699,0.00106526,0,-0.000532632
1773775581564,0.0898438,-0.213379,0.991211,0,-0.000532632,0
1773775581645,0.0908203,-0.214844,0.989746,-0.000532632,-0.000532632,-0.000532632
1773775581715,0.0874023,-0.215332,0.990234,0.0015979,0,0
1773775581796,0.0878906,-0.214355,0.989258,-0.000532632,-0.000532632,0
1773775581877,0.0913086,-0.214355,0.987305,0.000532632,-0.00106526,0.00106526
1773775581949,0.0888672,-0.214844,0.991699,-0.000532632,-0.000532632,-0.00106526
1773775582027,0.0878906,-0.213379,0.989746,0,0.000532632,-0.000532632
1773775582108,0.0869141,-0.217285,0.989746,0.000532632,0,-0.000532632
1773775582179,0.0893555,-0.213867,0.992188,0.000532632,-0.000532632,-0.000532632
1773775582259,0.0893555,-0.213379,0.990234,0.000532632,-0.00106526,0.00106526
1773775582340,0.0888672,-0.214355,0.989258,0.000532632,0,0
1773775582411,0.0888672,-0.212402,0.990723,0,0,0.000532632
1773775582491,0.0888672,-0.21582,0.990234,0,-0.00106526,-0.000532632
1773775582561,0.0908203,-0.214844,0.990723,-0.00106526,-0.000532632,0.00106526
1773775582643,0.0893555,-0.214355,0.990234,0.00106526,0,0
1773775582723,0.0898438,-0.213867,0.992188,0,-0.00106526,-0.000532632
1773775582793,0.0898438,-0.214355,0.989746,0,-0.000532632,-0.000532632
1773775582874,0.0898438,-0.216309,0.988281,0,0,0
1773775582955,0.0908203,-0.214844,0.990723,-0.000532632,-0.00106526,-0.00106526
1773775583027,0.0908203,-0.214844,0.989746,0.000532632,0,-0.000532632
1773775583105,0.0893555,-0.214844,0.991211,-0.00106526,0,-0.0015979
1773775583186,0.0874023,-0.214355,0.991211,0.000532632,-0.000532632,-0.000532632
1773775583257,0.0893555,-0.21582,0.990723,0.000532632,0,-0.00106526
1773775583338,0.0898438,-0.213867,0.988281,0,-0.00106526,0.000532632
1773775583418,0.0893555,-0.213867,0.989746,0.000532632,-0.000532632,0.00106526
1773775583488,0.0893555,-0.213867,0.989258,0,-0.00106526,0.000532632
1773775583569,0.0888672,-0.214844,0.98877,-0.00106526,-0.000532632,0
1773775583639,0.0888672,-0.214844,0.990234,-0.000532632,-0.00106526,-0.000532632
1773775583720,0.0898438,-0.213379,0.989746,0,-0.00106526,0.000532632
1773775583800,0.0898438,-0.214844,0.991211,0,-0.000532632,0
1773775583872,0.0888672,-0.216309,0.990723,0.00106526,-0.000532632,0
1773775583952,0.0913086,-0.213867,0.990723,-0.000532632,0,0
1773775584032,0.0883789,-0.213867,0.990234,0.000532632,0,0.000532632
1773775584103,0.0893555,-0.213379,0.98877,-0.000532632,0.000532632,-0.00106526
1773775584186,0.0908203,-0.21582,0.98877,-0.000532632,-0.000532632,0
1773775584264,0.0893555,-0.214355,0.988281,0,-0.00106526,0.000532632
1773775584334,0.0888672,-0.214355,0.991211,0.00106526,0.000532632,0
1773775584415,0.090332,-0.213867,0.98877,-0.000532632,-0.000532632,-0.00106526
1773775584487,0.0893555,-0.216797,0.989746,0.00106526,-0.000532632,0.00106526
1773775584567,0.0893555,-0.214844,0.992188,0,-0.000532632,0
1773775584646,0.0917969,-0.214844,0.990723,0,-0.000532632,0
1773775584717,0.0888672,-0.213867,0.990723,0,-0.000532632,-0.000532632
1773775584798,0.0878906,-0.217285,0.990234,-0.000532632,-0.00106526,-0.00106526
1773775584880,0.0883789,-0.215332,0.992676,-0.000532632,-0.00106526,-0.000532632
1773775584949,0.0893555,-0.214355,0.990234,0,-0.000532632,-0.0015979
1773775585029,0.090332,-0.213379,0.990723,0,-0.00106526,0
1773775585109,0.0898438,-0.213867,0.98877,-0.00106526,-0.00106526,0
1773775585180,0.090332,-0.214355,0.991699,0,-0.000532632,0.000532632
1773775585260,0.0883789,-0.213867,0.989746,0.000532632,-0.000532632,0.000532632
1773775585341,0.0888672,-0.214844,0.990234,-0.000532632,-0.00106526,-0.000532632
1773775585411,0.0898438,-0.215332,0.990723,0.000532632,-0.000532632,0.000532632
1773775585492,0.0878906,-0.214355,0.990723,0.000532632,-0.00106526,-0.00106526
1773775585573,0.0908203,-0.214355,0.990234,-0.00106526,-0.00213053,0
1773775585643,0.0888672,-0.214355,0.990723,0,-0.00106526,-0.000532632
1773775585723,0.0908203,-0.214844,0.991211,0.000532632,-0.000532632,0.00106526
1773775585804,0.0898438,-0.211914,0.991211,0.000532632,-0.000532632,0.000532632
1773775585875,0.090332,-0.213379,0.991211,-0.000532632,0,0.000532632
1773775585955,0.0883789,-0.212891,0.990234,0.00106526,-0.000532632,0
1773775586026,0.0908203,-0.21582,0.990234,0,-0.000532632,0.00106526
1773775586106,0.0898438,-0.213867,0.991211,-0.000532632,0,0.00106526
1773775586188,0.0898438,-0.214355,0.989746,-0.000532632,0,0.00106526
1773775586257,0.0883789,-0.214355,0.990723,0.00106526,-0.000532632,0.000532632
1773775586338,0.090332,-0.214355,0.991699,0.000532632,0.000532632,-0.000532632
1773775586418,0.0878906,-0.21582,0.989258,0.000532632,0,-0.000532632
1773775586489,0.0893555,-0.21582,0.990723,-0.000532632,-0.000532632,-0.000532632
1773775586569,0.0888672,-0.213379,0.991699,-0.000532632,-0.00106526,0.000532632
1773775586650,0.090332,-0.214844,0.991211,0.000532632,-0.0015979,0.00106526
1773775586720,0.0878906,-0.212402,0.990723,0.00106526,-0.000532632,0.000532632
1773775586801,0.0874023,-0.212402,0.990723,0,-0.000532632,0
1773775586882,0.090332,-0.216797,0.991211,0,0,-0.000532632
1773775586953,0.0893555,-0.213379,0.98877,0,-0.000532632,-0.000532632
1773775587033,0.0898438,-0.214844,0.990234,0.000532632,-0.000532632,0.000532632
1773775587113,0.0908203,-0.215332,0.98877,0,0,0.000532632
1773775587186,0.0874023,-0.213867,0.989746,-0.000532632,-0.000532632,0
1773775587264,0.0898438,-0.213867,0.990723,0,-0.000532632,0
1773775587335,0.0917969,-0.213867,0.991699,0.00106526,0.000532632,0.000532632
1773775587415,0.0893555,-0.212891,0.989258,0,-0.00106526,-0.000532632
1773775587496,0.0883789,-0.21582,0.98877,-0.000532632,-0.000532632,-0.00106526
1773775587567,0.0893555,-0.212891,0.990723,0,-0.000532632,0
1773775587648,0.090332,-0.214355,0.992188,0.000532632,0,0
1773775587727,0.090332,-0.214844,0.990234,-0.000532632,-0.00213053,-0.000532632
1773775587798,0.0898438,-0.215332,0.990234,0,-0.00106526,0
1773775587880,0.0898438,-0.215332,0.989258,-0.000532632,-0.00106526,-0.00106526
1773775587959,0.0893555,-0.214355,0.990723,-0.000532632,0,-0.000532632
1773775588030,0.0893555,-0.21582,0.990234,0,0,-0.000532632
1773775588110,0.090332,-0.213867,0.98877,-0.000532632,-0.000532632,0.000532632
1773775588186,0.0898438,-0.213867,0.990234,-0.000532632,-0.000532632,0
1773775588261,0.0888672,-0.214355,0.989746,0,-0.00106526,0.000532632
1773775588342,0.0883789,-0.214355,0.990234,0.000532632,-0.000532632,-0.00213053
1773775588422,0.0888672,-0.215332,0.990234,0,-0.000532632,-0.000532632
1773775588493,0.0883789,-0.214844,0.990723,0.00106526,0.000532632,0.000532632
1773775588575,0.0913086,-0.214355,0.992188,0.00106526,0,0.000532632
1773775588646,0.0883789,-0.213867,0.98877,0.000532632,0,0.0015979
1773775588724,0.0898438,-0.213867,0.989258,0,-0.00106526,0
1773775588805,0.0888672,-0.214355,0.989258,0,0,0.00106526
1773775588877,0.0883789,-0.214355,0.988281,0,-0.0015979,0
1773775588956,0.0864258,-0.213867,0.990723,0,-0.000532632,-0.000532632
1773775589037,0.0908203,-0.213379,0.989746,0,-0.000532632,0
1773775589107,0.0888672,-0.215332,0.987793,-0.000532632,-0.000532632,0
1773775589188,0.090332,-0.214355,0.988281,0.000532632,-0.0015979,-0.00106526
1773775589268,0.0883789,-0.214355,0.990234,-0.000532632,0.000532632,0
1773775589339,0.0913086,-0.215332,0.990234,-0.000532632,-0.000532632,-0.00106526
1773775589419,0.0888672,-0.214844,0.990723,0,-0.000532632,0
1773775589500,0.0898438,-0.216309,0.990234,0,-0.00106526,-0.000532632
1773775589570,0.0908203,-0.213379,0.991211,0.00106526,-0.00106526,0
1773775589652,0.0883789,-0.214844,0.989258,-0.000532632,-0.000532632,-0.000532632
1773775589721,0.0893555,-0.214844,0.989258,0,0,0
1773775589802,0.0913086,-0.213867,0.991699,0,-0.00106526,-0.000532632
1773775589885,0.0883789,-0.213867,0.990234,-0.00106526,0.000532632,-0.000532632
1773775589953,0.090332,-0.212402,0.98877,0.00106526,0.000532632,0
1773775590034,0.0869141,-0.21582,0.989746,0.000532632,-0.000532632,-0.000532632
1773775590114,0.0883789,-0.213867,0.991211,0.00106526,-0.00106526,-0.000532632
1773775590185,0.0893555,-0.215332,0.989258,0,-0.00106526,0
1773775590265,0.0917969,-0.214355,0.990723,0.000532632,-0.00106526,0.000532632
1773775590346,0.0908203,-0.213867,0.991211,0.000532632,-0.000532632,-0.00106526
1773775590416,0.0888672,-0.214844,0.990234,0.000532632,-0.000532632,-0.000532632
1773775590497,0.0888672,-0.213867,0.991211,0.000532632,0.000532632,0
1773775590567,0.0893555,-0.214355,0.98877,0,-0.00106526,-0.0015979
1773775590648,0.090332,-0.214355,0.989746,0,-0.000532632,0
1773775590728,0.0883789,-0.213867,0.98877,-0.000532632,-0.00106526,0.000532632
1773775590809,0.0888672,-0.214355,0.990234,0.000532632,-0.000532632,0
1773775590883,0.0893555,-0.214844,0.991211,-0.0015979,-0.000532632,0
1773775590960,0.0883789,-0.214355,0.990234,-0.000532632,-0.0015979,0
1773775591040,0.0893555,-0.213379,0.990234,0,-0.00106526,0
1773775591111,0.0893555,-0.214844,0.98877,-0.000532632,-0.00106526,-0.000532632
1773775591192,0.0874023,-0.213867,0.987793,0,-0.000532632,0.00106526
1773775591262,0.0913086,-0.214844,0.989746,0,0,-0.00106526
1773775591343,0.0883789,-0.213379,0.989746,0.000532632,-0.0015979,0
1773775591423,0.0898438,-0.214355,0.989746,-0.000532632,0,0
1773775591494,0.0908203,-0.214355,0.990234,0,-0.0015979,0.00106526
1773775591574,0.0888672,-0.215332,0.990234,0.000532632,-0.00106526,-0.000532632
1773775591655,0.090332,-0.213379,0.990234,-0.000532632,-0.00106526,0
1773775591725,0.090332,-0.213867,0.989746,-0.000532632,-0.000532632,0
1773775591806,0.0898438,-0.213867,0.989258,-0.000532632,0.000532632,-0.000532632
1773775591886,0.0869141,-0.214355,0.989746,0,0,-0.000532632
1773775591957,0.0898438,-0.216309,0.98877,0,-0.00106526,-0.00106526
1773775592038,0.0893555,-0.213379,0.990234,-0.000532632,0,-0.000532632
1773775592118,0.0893555,-0.214355,0.990234,0,-0.000532632,0
1773775592189,0.0888672,-0.212891,0.98877,-0.000532632,0,-0.000532632
1773775592269,0.090332,-0.213867,0.989746,0,0,0
1773775592340,0.0893555,-0.21582,0.98877,0,-0.00106526,-0.000532632
1773775592420,0.0898438,-0.212891,0.993652,0.000532632,-0.000532632,0
1773775592501,0.0888672,-0.21582,0.991211,0,-0.00106526,0.000532632
1773775592571,0.0898438,-0.215332,0.990234,0.000532632,-0.0015979,-0.00106526
1773775592652,0.0883789,-0.214844,0.98877,0,0,0
1773775592732,0.0883789,-0.214844,0.990723,0.000532632,0,0.000532632
1773775592804,0.0898438,-0.214844,0.990234,-0.000532632,-0.0015979,0
1773775592888,0.0893555,-0.213379,0.990723,0,-0.000532632,0
1773775592964,0.0883789,-0.215332,0.98877,0,-0.000532632,-0.000532632
1773775593034,0.090332,-0.216309,0.991211,-0.000532632,-0.00106526,0.000532632
1773775593115,0.0908203,-0.212402,0.991211,0,-0.000532632,-0.000532632
1773775593195,0.0898438,-0.214844,0.990234,0,-0.000532632,0
1773775593266,0.0883789,-0.21582,0.989746,0,0,-0.00106526
1773775593347,0.090332,-0.216309,0.991699,0,-0.000532632,-0.000532632
1773775593417,0.0883789,-0.214355,0.990234,0,0,0
1773775593498,0.0913086,-0.213379,0.989746,0.000532632,-0.00106526,-0.000532632
1773775593579,0.0893555,-0.213379,0.990723,0,0,-0.000532632
1773775593649,0.0898438,-0.213867,0.98877,0.00106526,-0.00106526,0
1773775593730,0.0913086,-0.214355,0.989258,0,-0.000532632,-0.00106526
1773775593811,0.0883789,-0.21582,0.990234,-0.000532632,-0.000532632,-0.000532632
1773775593881,0.0883789,-0.215332,0.98877,0,-0.000532632,0.000532632
1773775593961,0.0913086,-0.212402,0.991211,-0.000532632,-0.00106526,-0.000532632
1773775594042,0.0898438,-0.213867,0.989746,0.000532632,-0.00106526,-0.000532632
1773775594113,0.0898438,-0.215332,0.991699,0,-0.00106526,-0.00106526
1773775594194,0.0888672,-0.214355,0.990234,-0.000532632,0,0
1773775594274,0.0898438,-0.215332,0.989746,-0.000532632,0,-0.00106526
1773775594344,0.090332,-0.21582,0.989258,-0.000532632,-0.00106526,0
1773775594425,0.0883789,-0.213867,0.989258,0,0,0
1773775594496,0.090332,-0.215332,0.989746,-0.000532632,0,-0.000532632
1773775594576,0.0893555,-0.212891,0.98877,0.000532632,-0.00106526,0
1773775594657,0.090332,-0.214844,0.990234,-0.000532632,-0.000532632,0
1773775594728,0.0883789,-0.214844,0.989258,-0.000532632,-0.00106526,-0.000532632
1773775594808,0.0898438,-0.216309,0.989746,-0.000532632,-0.00106526,-0.00106526
1773775594889,0.0893555,-0.211914,0.991699,0,-0.00106526,0.000532632
1773775594959,0.0883789,-0.214355,0.991699,0.00106526,0,-0.00106526
1773775595039,0.0883789,-0.21582,0.991211,0.000532632,-0.000532632,-0.000532632
1773775595120,0.0898438,-0.213867,0.989746,0.00106526,-0.000532632,-0.000532632
1773775595192,0.0888672,-0.214844,0.989746,0.00106526,-0.000532632,0
1773775595271,0.0908203,-0.213867,0.989746,0,-0.000532632,0
1773775595352,0.0869141,-0.214355,0.988281,-0.00106526,-0.000532632,0
1773775595422,0.0883789,-0.21582,0.990723,0,-0.00106526,0
1773775595503,0.0874023,-0.215332,0.990723,0,0.00106526,0.000532632
1773775595573,0.0878906,-0.21582,0.990723,0.000532632,0,-0.000532632
1773775595653,0.0893555,-0.213867,0.991699,0.000532632,0,0
1773775595734,0.0893555,-0.212891,0.990234,0.000532632,-0.000532632,0.000532632
1773775595804,0.0878906,-0.214355,0.991211,0.00106526,-0.000532632,-0.00106526
1773775595887,0.0913086,-0.215332,0.990234,-0.000532632,0,0
1773775595966,0.0878906,-0.212402,0.990723,-0.000532632,-0.00106526,0
1773775596036,0.0908203,-0.213867,0.991211,-0.000532632,-0.000532632,0.00106526
1773775596116,0.090332,-0.213379,0.989746,0,0,0.00106526
1773775596197,0.0893555,-0.213379,0.987305,0,-0.000532632,-0.000532632
1773775596270,0.0893555,-0.215332,0.989746,0,-0.00106526,0
1773775596348,0.0893555,-0.212402,0.990234,0,-0.000532632,-0.000532632
1773775596429,0.0888672,-0.212891,0.98877,0.000532632,-0.000532632,-0.00106526
1773775596499,0.0888672,-0.213867,0.990234,0.000532632,-0.000532632,0
1773775596580,0.0883789,-0.216309,0.991211,-0.000532632,-0.0015979,0
1773775596660,0.0893555,-0.213867,0.989746,-0.000532632,0.000532632,0
1773775596731,0.0888672,-0.211426,0.990723,0.00106526,-0.00106526,-0.000532632
1773775596811,0.0888672,-0.21582,0.989746,0.000532632,-0.000532632,0
1773775596882,0.0898438,-0.212891,0.990234,0,-0.000532632,0
1773775596962,0.0888672,-0.215332,0.990234,0,-0.00106526,-0.000532632
1773775597043,0.0883789,-0.216309,0.989258,0,-0.00106526,0
1773775597113,0.0898438,-0.21582,0.990234,-0.000532632,-0.0015979,0
1773775597194,0.0874023,-0.214355,0.990234,0,-0.0015979,-0.0015979
1773775597275,0.0883789,-0.215332,0.989746,0.000532632,-0.00106526,0
1773775597345,0.0874023,-0.214844,0.991211,0.000532632,-0.000532632,0
1773775597425,0.0913086,-0.214844,0.989746,0,0,0.000532632
1773775597507,0.0898438,-0.214355,0.989746,0,-0.00106526,-0.00106526
1773775597577,0.0878906,-0.214355,0.989746,0,-0.000532632,-0.000532632
1773775597657,0.0908203,-0.214844,0.991211,0,0,0.00106526
1773775597738,0.0888672,-0.21582,0.98877,-0.00106526,-0.000532632,-0.000532632
1773775597808,0.0883789,-0.214844,0.989258,0.00106526,-0.000532632,0
1773775597890,0.0888672,-0.213867,0.991699,0,-0.000532632,-0.000532632
1773775597969,0.0893555,-0.214844,0.990723,0.00106526,-0.000532632,0
1773775598040,0.0893555,-0.214844,0.989258,-0.000532632,-0.00106526,-0.00106526
1773775598120,0.0893555,-0.213379,0.992188,0,-0.0015979,0
1773775598201,0.0893555,-0.214844,0.990234,0,-0.000532632,-0.00106526
1773775598272,0.090332,-0.214844,0.990723,0,-0.00106526,0
1773775598352,0.0888672,-0.212891,0.990723,0,-0.00106526,0.000532632
1773775598422,0.0893555,-0.215332,0.990234,-0.000532632,-0.00106526,-0.000532632
1773775598503,0.0883789,-0.211426,0.988281,0,-0.000532632,0
1773775598583,0.0883789,-0.213867,0.991211,0,-0.000532632,-0.000532632
1773775598654,0.0888672,-0.212891,0.990234,-0.000532632,0.000532632,-0.000532632
1773775598735,0.0883789,-0.214844,0.989746,0.000532632,-0.0015979,-0.000532632
1773775598815,0.090332,-0.214844,0.990234,0.00106526,-0.000532632,-0.000532632
1773775598886,0.0878906,-0.213867,0.990234,0.000532632,0,0
1773775598968,0.0878906,-0.213379,0.989746,0.000532632,-0.0015979,0.000532632
1773775599047,0.0893555,-0.213867,0.990234,-0.00106526,-0.000532632,0.000532632
1773775599117,0.090332,-0.214355,0.987793,0,0,0.000532632
1773775599199,0.0878906,-0.216797,0.990723,-0.000532632,-0.00266316,0.000532632
1773775599278,0.0898438,-0.212891,0.990723,-0.000532632,-0.00106526,0.000532632
1773775599349,0.0888672,-0.215332,0.990234,-0.000532632,0,-0.00106526
1773775599429,0.0888672,-0.215332,0.990723,-0.000532632,-0.000532632,-0.000532632
1773775599510,0.090332,-0.214355,0.989258,0,-0.0015979,0
1773775599581,0.090332,-0.214355,0.990234,0,-0.0015979,-0.000532632
1773775599661,0.0883789,-0.213379,0.989746,0,0,0
1773775599732,0.090332,-0.213867,0.991211,0,-0.0015979,-0.0015979
1773775599812,0.0893555,-0.216309,0.98877,0.000532632,-0.00106526,0.000532632
1773775599893,0.0888672,-0.215332,0.990723,0,0,0
1773775599963,0.0898438,-0.213867,0.990723,0.000532632,0,-0.000532632
1773775600044,0.0874023,-0.211914,0.990723,0,-0.00106526,0
1773775600125,0.0888672,-0.214355,0.98877,0.00106526,0.000532632,0
1773775600195,0.0888672,-0.214355,0.990723,-0.00106526,-0.00106526,0.000532632
1773775600276,0.0883789,-0.212891,0.990723,0.000532632,-0.00106526,0
1773775600357,0.0883789,-0.212891,0.989746,0,-0.000532632,-0.000532632
1773775600427,0.090332,-0.215332,0.990723,-0.000532632,0,0
1773775600507,0.0898438,-0.213867,0.990234,0.000532632,-0.000532632,0
1773775600588,0.0893555,-0.214355,0.989258,0,0,0.000532632
1773775600658,0.090332,-0.213867,0.990723,0,-0.0015979,-0.000532632
1773775600739,0.0898438,-0.216797,0.989258,0,-0.00106526,-0.00106526
1773775600819,0.0864258,-0.212402,0.98877,-0.00106526,-0.000532632,0
1773775600890,0.0888672,-0.214355,0.990234,0,-0.00106526,0
1773775600970,0.0883789,-0.214355,0.990234,0,-0.000532632,0
1773775601041,0.0898438,-0.214355,0.989258,0.0015979,-0.000532632,-0.00106526
1773775601121,0.0893555,-0.214355,0.989746,-0.000532632,-0.000532632,0.000532632
1773775601202,0.0898438,-0.217285,0.991699,-0.000532632,-0.000532632,0
1773775601272,0.0883789,-0.215332,0.98877,0.000532632,-0.000532632,0
1773775601353,0.0898438,-0.213867,0.989258,-0.000532632,-0.00106526,0
1773775601433,0.0888672,-0.214355,0.991699,0.000532632,0,0
1773775601504,0.0908203,-0.213379,0.989746,0.00106526,-0.00106526,-0.000532632
1773775601584,0.0908203,-0.214355,0.992676,0,-0.00106526,0.000532632
1773775601665,0.0917969,-0.215332,0.989746,-0.000532632,-0.00106526,-0.000532632
1773775601736,0.090332,-0.215332,0.991699,0,-0.000532632,-0.00106526
1773775601816,0.0898438,-0.215332,0.989746,0,-0.000532632,-0.000532632
1773775601887,0.0888672,-0.213379,0.990723,-0.00106526,0,-0.000532632
1773775601968,0.0898438,-0.213867,0.991699,0.000532632,0,0
1773775602048,0.0878906,-0.213379,0.988281,-0.000532632,-0.000532632,-0.00106526
1773775602118,0.090332,-0.214844,0.989746,0,-0.00106526,0
1773775602200,0.0893555,-0.213867,0.989746,0.000532632,-0.000532632,0
1773775602280,0.0888672,-0.216309,0.989258,0.000532632,-0.000532632,-0.000532632
1773775602350,0.0888672,-0.214844,0.989746,0.000532632,0,-0.00106526
1773775602430,0.0893555,-0.213867,0.988281,-0.000532632,-0.000532632,0.000532632
1773775602512,0.0888672,-0.213379,0.990234,0,0,0.000532632
1773775602583,0.090332,-0.214844,0.990723,-0.000532632,0.000532632,0.000532632
1773775602662,0.0922852,-0.215332,0.991211,0.000532632,-0.000532632,-0.000532632
1773775602733,0.0888672,-0.213867,0.990234,-0.000532632,-0.0015979,0.000532632
1773775602813,0.0883789,-0.21582,0.991699,0,-0.000532632,0
1773775602894,0.0893555,-0.214355,0.98877,0,0,-0.000532632
1773775602975,0.0883789,-0.214355,0.990234,-0.00106526,-0.000532632,-0.000532632
1773775603046,0.0883789,-0.214355,0.989258,-0.000532632,-0.000532632,0
1773775603126,0.090332,-0.213867,0.988281,-0.00106526,-0.00106526,0.000532632
1773775603206,0.090332,-0.21582,0.990234,0.000532632,-0.00106526,0.00106526
1773775603277,0.090332,-0.214844,0.992188,0.00106526,-0.00106526,0
1773775603357,0.0888672,-0.21582,0.990234,0,-0.000532632,0
1773775603428,0.0908203,-0.214844,0.98877,0,0,0
1773775603508,0.0869141,-0.215332,0.990234,0,-0.000532632,-0.000532632
1773775603589,0.0898438,-0.212402,0.991211,0,0,-0.000532632
1773775603660,0.0913086,-0.213867,0.990723,0.000532632,-0.000532632,0.000532632
1773775603740,0.0908203,-0.215332,0.989258,0.000532632,0,-0.000532632
1773775603820,0.0893555,-0.21582,0.991699,0,-0.00106526,-0.00106526
1773775603891,0.0898438,-0.212891,0.989746,0.000532632,-0.000532632,-0.000532632
1773775603971,0.0898438,-0.213867,0.989258,0,-0.000532632,0
1773775604052,0.0917969,-0.216309,0.991211,-0.000532632,-0.000532632,-0.00106526
1773775604126,0.0898438,-0.213379,0.988281,-0.000532632,-0.000532632,0
1773775604204,0.0908203,-0.214844,0.98877,0.000532632,-0.00106526,-0.000532632
1773775604283,0.0893555,-0.212891,0.989258,-0.000532632,-0.000532632,0
1773775604354,0.0883789,-0.212402,0.988281,-0.000532632,-0.00106526,-0.00106526
1773775604434,0.0888672,-0.215332,0.989258,-0.000532632,0,-0.00106526
1773775604515,0.0883789,-0.214355,0.991211,0,0,-0.00106526
1773775604585,0.0893555,-0.214355,0.991699,0,0,-0.000532632
1773775604666,0.0888672,-0.21582,0.989746,0.00106526,0,0
1773775604747,0.0922852,-0.215332,0.991699,0,-0.000532632,0.000532632
1773775604817,0.090332,-0.214355,0.989746,0,-0.00106526,0
1773775604898,0.090332,-0.214355,0.989746,0.000532632,-0.000532632,0
1773775604968,0.0908203,-0.215332,0.990723,-0.000532632,-0.00106526,-0.000532632
1773775605049,0.0908203,-0.215332,0.991211,0,0,-0.000532632
1773775605129,0.0893555,-0.214355,0.990234,-0.000532632,0,0
1773775605200,0.0898438,-0.215332,0.992188,0,-0.000532632,0
1773775605280,0.0898438,-0.215332,0.990234,0,0,0
1773775605361,0.0888672,-0.213379,0.990723,0,-0.00106526,0.000532632
1773775605431,0.0908203,-0.213379,0.989258,-0.000532632,-0.000532632,-0.000532632
1773775605512,0.0888672,-0.213379,0.990234,0.00106526,-0.00106526,0
1773775605593,0.0888672,-0.213867,0.990723,-0.00106526,0,0
1773775605664,0.0883789,-0.214355,0.991211,0.00106526,-0.000532632,0
1773775605744,0.0908203,-0.21582,0.990723,0.000532632,-0.000532632,0
1773775605824,0.0883789,-0.213867,0.987305,0.000532632,0,0.000532632
1773775605895,0.090332,-0.212891,0.991699,0,0.000532632,-0.000532632
1773775605975,0.0888672,-0.214844,0.989746,0.000532632,-0.000532632,0.000532632
1773775606046,0.0908203,-0.215332,0.98877,0,-0.0015979,-0.00106526
1773775606126,0.0878906,-0.21582,0.990234,0,-0.000532632,-0.000532632
1773775606207,0.0888672,-0.214844,0.991211,0.000532632,-0.0015979,0
1773775606277,0.0888672,-0.215332,0.990723,-0.000532632,0,0.000532632
1773775606360,0.0883789,-0.214355,0.989746,0.000532632,-0.000532632,-0.000532632
1773775606439,0.0898438,-0.213379,0.989746,0.00106526,-0.00106526,0.0015979
1773775606511,0.0888672,-0.213379,0.992676,0.000532632,-0.00106526,-0.000532632
1773775606590,0.0908203,-0.214844,0.991699,-0.000532632,-0.00106526,0.00106526
1773775606670,0.090332,-0.214844,0.989746,-0.000532632,-0.000532632,0
1773775606741,0.0898438,-0.213379,0.991211,0,0,0
1773775606824,0.0874023,-0.212891,0.989258,0,-0.000532632,0.000532632
1773775606892,0.0888672,-0.214355,0.990723,0,0,0.000532632
1773775606972,0.0893555,-0.213867,0.990234,0,0,0.000532632
1773775607054,0.0893555,-0.211914,0.991699,0,0,0.000532632
1773775607129,0.0917969,-0.213867,0.989258,0,-0.000532632,0.000532632
1773775607205,0.0908203,-0.214355,0.989258,0,-0.000532632,-0.00106526
1773775607284,0.0898438,-0.213867,0.990234,0,-0.000532632,0.000532632
1773775607355,0.0874023,-0.211914,0.991211,-0.000532632,-0.000532632,0.00106526
1773775607436,0.0893555,-0.214844,0.990723,0.000532632,-0.000532632,0.000532632
1773775607516,0.0888672,-0.21582,0.991211,0,-0.00106526,0.000532632
1773775607588,0.0883789,-0.213379,0.991699,-0.000532632,-0.00106526,0
1773775607668,0.0883789,-0.21582,0.98877,0.000532632,-0.000532632,0.000532632
1773775607748,0.0883789,-0.214844,0.990234,-0.000532632,-0.000532632,0
1773775607818,0.0888672,-0.215332,0.990234,0,-0.000532632,-0.00106526
1773775607900,0.0898438,-0.214844,0.989258,0.000532632,0,0.000532632
1773775607979,0.0883789,-0.214844,0.991211,-0.000532632,0.000532632,0
1773775608050,0.090332,-0.214355,0.990723,0.000532632,-0.000532632,0.000532632
1773775608130,0.0898438,-0.215332,0.991699,-0.00106526,-0.00106526,-0.000532632
1773775608211,0.0908203,-0.213867,0.989746,0,-0.00106526,-0.000532632
1773775608281,0.0908203,-0.214844,0.990723,-0.000532632,-0.000532632,0
1773775608362,0.0913086,-0.215332,0.990234,0,0.000532632,-0.000532632
1773775608442,0.090332,-0.214355,0.990234,0,-0.000532632,0
1773775608513,0.0898438,-0.214844,0.98877,0.00106526,-0.000532632,-0.000532632
1773775608593,0.0898438,-0.214355,0.990234,0.000532632,0,-0.000532632
1773775608664,0.0908203,-0.214355,0.990234,0,-0.000532632,-0.000532632
1773775608744,0.090332,-0.213379,0.991211,0,-0.000532632,-0.00106526
1773775608826,0.090332,-0.214844,0.991699,0.000532632,-0.00213053,-0.00106526
1773775608898,0.0883789,-0.216309,0.991699,0.000532632,-0.00106526,-0.000532632
1773775608976,0.0878906,-0.213867,0.990234,0.00106526,-0.000532632,0
1773775609056,0.0917969,-0.214355,0.991699,-0.000532632,-0.000532632,0
1773775609128,0.090332,-0.214355,0.98877,0.000532632,0,0
1773775609208,0.0878906,-0.213379,0.991699,0.000532632,-0.000532632,-0.00106526
1773775609278,0.0888672,-0.215332,0.990723,-0.000532632,-0.000532632,0.000532632
1773775609359,0.0878906,-0.213867,0.989746,0,0,0
1773775609439,0.090332,-0.214355,0.988281,0.000532632,-0.000532632,-0.00106526
1773775609520,0.0898438,-0.21582,0.98877,0,-0.000532632,-0.00106526
1773775609591,0.0893555,-0.215332,0.990234,0.00106526,-0.000532632,-0.000532632
1773775609671,0.0888672,-0.21582,0.991699,0,-0.000532632,0
1773775609741,0.090332,-0.213379,0.989258,-0.000532632,-0.00106526,0
1773775609822,0.090332,-0.212891,0.991699,-0.000532632,-0.000532632,0.00106526
1773775609903,0.0898438,-0.214355,0.98877,-0.000532632,-0.000532632,0
1773775609973,0.0917969,-0.21582,0.990234,0,-0.00106526,0
1773775610053,0.0878906,-0.213379,0.990723,0,-0.0015979,0
1773775610134,0.0888672,-0.213867,0.991211,0.000532632,0,-0.000532632
1773775610204,0.0874023,-0.213379,0.989746,0,-0.000532632,-0.00106526
1773775610285,0.0898438,-0.213379,0.990234,0.00106526,-0.000532632,0.00106526
1773775610366,0.0898438,-0.213379,0.991699,0,-0.00106526,-0.000532632
1773775610436,0.0898438,-0.216309,0.989746,0,-0.00106526,0
1773775610517,0.090332,-0.214844,0.991211,0,-0.00106526,0
1773775610597,0.0888672,-0.213379,0.990723,-0.000532632,0,0.000532632
1773775610668,0.0893555,-0.212891,0.991699,0.000532632,0,0.000532632
1773775610748,0.0888672,-0.214355,0.990723,0.00106526,-0.000532632,0
1773775610829,0.0917969,-0.214355,0.990234,0.00106526,-0.00106526,0.000532632
1773775610900,0.0893555,-0.212891,0.990723,0,-0.0015979,-0.00106526
1773775610980,0.0878906,-0.212402,0.990723,0.00213053,-0.000532632,-0.00106526
1773775611050,0.0908203,-0.214844,0.990234,0,-0.00106526,0.000532632
1773775611131,0.0898438,-0.215332,0.990234,0.000532632,-0.0015979,0
1773775611212,0.0922852,-0.213379,0.992676,0,-0.000532632,0.000532632
1773775611282,0.0908203,-0.214355,0.990723,0.000532632,-0.000532632,0.000532632
1773775611364,0.0908203,-0.213379,0.992188,-0.000532632,-0.000532632,0.000532632
1773775611443,0.0888672,-0.214355,0.991699,0.000532632,0.000532632,-0.000532632
1773775611514,0.0878906,-0.214355,0.989258,-0.000532632,-0.000532632,0
1773775611595,0.0883789,-0.214355,0.991699,-0.000532632,-0.000532632,0
1773775611675,0.0898438,-0.215332,0.992676,0.000532632,-0.000532632,0
1773775611745,0.0888672,-0.21582,0.989258,-0.000532632,-0.00106526,-0.00106526
1773775611826,0.090332,-0.21582,0.991699,0.00106526,-0.000532632,0
1773775611906,0.0908203,-0.214355,0.991211,0,0,-0.000532632
1773775611978,0.0893555,-0.214844,0.991211,0.000532632,-0.000532632,0
1773775612057,0.0908203,-0.214355,0.991699,0,-0.00106526,0
1773775612128,0.0898438,-0.214355,0.991699,0.000532632,-0.000532632,-0.0015979
1773775612211,0.0893555,-0.21582,0.991211,0,-0.0015979,-0.000532632
1773775612289,0.0898438,-0.214844,0.990723,0.000532632,-0.000532632,0.000532632
1773775612359,0.0898438,-0.213867,0.991699,0,0,0.000532632
1773775612440,0.090332,-0.214355,0.990723,0,-0.000532632,0.000532632
1773775612521,0.0913086,-0.214355,0.990234,0.00106526,-0.00106526,-0.000532632
1773775612591,0.0893555,-0.214355,0.989258,0,-0.0015979,0
1773775612672,0.090332,-0.215332,0.990234,0,-0.000532632,0.000532632
1773775612752,0.0908203,-0.213379,0.990723,0,-0.000532632,0.000532632
1773775612825,0.0883789,-0.21582,0.989746,0.000532632,-0.00106526,-0.00106526
1773775612903,0.0913086,-0.213379,0.990723,0,0.000532632,-0.000532632
1773775612975,0.0878906,-0.213867,0.989746,-0.000532632,-0.00106526,-0.000532632
1773775613054,0.0893555,-0.215332,0.991699,0,0,-0.000532632
1773775613135,0.0898438,-0.215332,0.98877,0,-0.00106526,-0.000532632
1773775613215,0.0898438,-0.214844,0.990723,0.000532632,0,0
1773775613286,0.0874023,-0.215332,0.990234,0,-0.000532632,0.000532632
1773775613366,0.0898438,-0.213379,0.989746,0,-0.000532632,0.000532632
1773775613447,0.0883789,-0.21582,0.991699,-0.000532632,-0.000532632,-0.000532632
1773775613517,0.090332,-0.214844,0.989746,-0.000532632,-0.00213053,0
1773775613598,0.0888672,-0.213379,0.992676,0,0,0.000532632
1773775613668,0.0898438,-0.214355,0.990234,0.00106526,-0.000532632,0
1773775613749,0.0898438,-0.213867,0.991211,0,0.000532632,0
1773775613829,0.0874023,-0.213379,0.98877,0,-0.000532632,0
1773775613900,0.0898438,-0.213867,0.990723,0.000532632,0,0.0015979
1773775613980,0.0917969,-0.215332,0.98877,-0.000532632,-0.00106526,-0.000532632
1773775614061,0.0883789,-0.212402,0.991211,0,0.000532632,-0.000532632
1773775614132,0.0898438,-0.215332,0.990723,0.000532632,-0.00106526,0
1773775614212,0.0878906,-0.214844,0.987793,0,-0.00106526,0
1773775614293,0.0888672,-0.213379,0.98877,0,-0.000532632,0
1773775614364,0.0898438,-0.214844,0.990234,0,-0.000532632,0
1773775614444,0.0888672,-0.214355,0.987305,0.000532632,-0.00106526,0
1773775614515,0.0893555,-0.212891,0.989258,0,-0.0015979,0.000532632
1773775614596,0.0893555,-0.214844,0.989746,-0.00106526,-0.00106526,0
1773775614676,0.0869141,-0.215332,0.988281,0.000532632,-0.00106526,-0.000532632
1773775614747,0.0888672,-0.215332,0.990723,0,-0.000532632,-0.000532632
1773775614827,0.090332,-0.214844,0.987793,0,-0.0015979,0
1773775614908,0.0893555,-0.216797,0.989746,-0.000532632,-0.00106526,0.000532632
1773775614978,0.090332,-0.213379,0.989258,0.000532632,-0.000532632,0.000532632
1773775615059,0.0908203,-0.213379,0.990723,-0.000532632,-0.00106526,-0.000532632
1773775615139,0.0898438,-0.211914,0.991699,-0.000532632,0,0.000532632
1773775615210,0.0908203,-0.215332,0.991211,-0.00106526,-0.000532632,-0.00106526
1773775615290,0.0898438,-0.215332,0.990234,0,-0.0015979,0.000532632
1773775615372,0.0893555,-0.214844,0.989746,0,-0.000532632,0
1773775615442,0.0893555,-0.214355,0.990723,0.000532632,-0.000532632,-0.000532632
1773775615523,0.0893555,-0.214355,0.990234,0.000532632,-0.000532632,0.000532632
1773775615593,0.0883789,-0.215332,0.989258,0.000532632,0,-0.000532632
1773775615675,0.0893555,-0.216797,0.990234,0,0,0.000532632
1773775615754,0.0913086,-0.215332,0.990723,0.000532632,0,0.000532632
1773775615826,0.0908203,-0.213867,0.989258,0.000532632,-0.00106526,-0.000532632
1773775615905,0.0898438,-0.215332,0.992188,-0.000532632,-0.000532632,-0.00106526
1773775615986,0.090332,-0.215332,0.989258,-0.000532632,-0.000532632,0
1773775616056,0.0883789,-0.214844,0.988281,-0.000532632,0,0.000532632
1773775616137,0.0888672,-0.214844,0.991211,0,0,-0.000532632
1773775616218,0.0878906,-0.213379,0.988281,-0.000532632,-0.00106526,-0.000532632
1773775616288,0.0893555,-0.215332,0.990234,0,-0.000532632,-0.000532632
1773775616369,0.0888672,-0.214844,0.98877,0,0,-0.000532632
1773775616449,0.0913086,-0.214355,0.989746,-0.0015979,-0.00106526,-0.00106526
1773775616520,0.0898438,-0.212891,0.991211,0.000532632,-0.00106526,0.000532632
1773775616601,0.0893555,-0.215332,0.991211,-0.000532632,0,0
1773775616671,0.0908203,-0.213379,0.989746,-0.00106526,-0.000532632,0
1773775616752,0.0888672,-0.213867,0.990234,-0.000532632,-0.000532632,0.000532632
1773775616834,0.090332,-0.214355,0.990234,-0.000532632,-0.000532632,0
1773775616903,0.0874023,-0.214844,0.990234,0.000532632,0,0
1773775616983,0.0898438,-0.214355,0.989746,-0.00106526,-0.00106526,0
1773775617064,0.0888672,-0.212891,0.990723,0,0,-0.000532632
1773775617135,0.090332,-0.214355,0.990723,-0.00106526,-0.000532632,-0.00106526
1773775617218,0.090332,-0.213867,0.991699,-0.000532632,-0.000532632,0.000532632
1773775617296,0.090332,-0.214844,0.989746,-0.000532632,0,-0.00106526
1773775617366,0.0888672,-0.214844,0.990234,0,-0.000532632,-0.000532632
1773775617447,0.0874023,-0.215332,0.989258,0,-0.000532632,-0.000532632
1773775617517,0.0883789,-0.213867,0.98877,0,-0.0015979,0.000532632
1773775617598,0.0913086,-0.213867,0.990723,0.00106526,-0.00106526,-0.000532632
1773775617679,0.0893555,-0.212402,0.992676,0,0,0.000532632
1773775617751,0.0878906,-0.215332,0.989746,0,0,0
1773775617832,0.0908203,-0.213379,0.991699,-0.00106526,0,-0.000532632
1773775617910,0.0908203,-0.214844,0.990723,0,-0.000532632,-0.00106526
1773775617981,0.0917969,-0.214355,0.988281,0,0,-0.000532632
1773775618061,0.0908203,-0.214355,0.993164,0.000532632,-0.000532632,0.000532632
1773775618142,0.0878906,-0.214355,0.990723,0.00106526,-0.00106526,-0.00106526
1773775618212,0.0898438,-0.214355,0.990723,-0.000532632,-0.000532632,-0.00106526
1773775618293,0.0888672,-0.214355,0.990234,0,-0.000532632,0.000532632
1773775618373,0.0898438,-0.214355,0.990723,-0.00106526,-0.00106526,-0.00106526
1773775618444,0.0883789,-0.213867,0.990234,0,-0.000532632,-0.000532632
1773775618527,0.0908203,-0.213379,0.991211,0,-0.00106526,0.00106526
1773775618605,0.0888672,-0.214844,0.98877,-0.000532632,0,-0.00106526
1773775618675,0.0883789,-0.213379,0.98877,0,0.000532632,-0.000532632
1773775618756,0.0913086,-0.213867,0.991211,0,-0.00106526,0
1773775618826,0.0898438,-0.213867,0.991211,-0.000532632,-0.000532632,0
1773775618907,0.0898438,-0.214844,0.989746,-0.000532632,-0.0015979,0
1773775618987,0.090332,-0.215332,0.988281,-0.000532632,-0.00213053,0
1773775619058,0.0888672,-0.213379,0.990234,0.000532632,-0.000532632,-0.00106526
1773775619138,0.0898438,-0.214844,0.989746,-0.000532632,-0.000532632,-0.00106526
1773775619219,0.0908203,-0.215332,0.990723,-0.000532632,-0.00106526,-0.000532632
1773775619289,0.090332,-0.212891,0.989746,0.000532632,-0.000532632,-0.000532632
1773775619370,0.090332,-0.214844,0.991699,-0.00106526,-0.000532632,0
1773775619450,0.0878906,-0.214844,0.98877,0.000532632,-0.000532632,-0.000532632
1773775619521,0.0908203,-0.214355,0.989746,-0.000532632,0,0
1773775619601,0.0883789,-0.213379,0.990234,0.000532632,-0.000532632,-0.000532632
1773775619682,0.0888672,-0.213867,0.989746,-0.000532632,-0.00106526,0
1773775619752,0.0898438,-0.213379,0.990234,0,-0.000532632,0
1773775619833,0.0893555,-0.214844,0.989746,0,-0.0015979,0
1773775619913,0.0917969,-0.214844,0.990723,-0.00106526,-0.000532632,-0.000532632
1773775619984,0.0888672,-0.213867,0.988281,-0.000532632,-0.00106526,-0.00106526
1773775620065,0.0893555,-0.21582,0.990234,0,-0.000532632,-0.00106526
1773775620145,0.0893555,-0.21582,0.990723,0,-0.00106526,0
1773775620216,0.0898438,-0.213379,0.989746,0,-0.000532632,-0.00106526
1773775620296,0.090332,-0.214355,0.990234,-0.000532632,-0.000532632,0
1773775620367,0.0913086,-0.214844,0.989746,0.000532632,-0.000532632,-0.00106526
1773775620447,0.0883789,-0.213379,0.990723,0.000532632,-0.0015979,-0.00106526
1773775620528,0.0898438,-0.213867,0.98877,-0.00106526,-0.000532632,0
1773775620598,0.0888672,-0.214844,0.990234,0,-0.000532632,-0.000532632
1773775620679,0.0908203,-0.214355,0.993164,0,-0.0015979,0.000532632
1773775620759,0.0878906,-0.213867,0.991699,-0.00106526,-0.000532632,-0.000532632
1773775620830,0.090332,-0.213379,0.989746,-0.000532632,-0.000532632,-0.00106526
1773775620910,0.0922852,-0.214355,0.990234,-0.00106526,-0.00106526,-0.00106526
1773775620992,0.0898438,-0.215332,0.991699,0.000532632,-0.000532632,-0.000532632
1773775621061,0.0874023,-0.21582,0.989746,-0.000532632,0.000532632,0
1773775621142,0.0888672,-0.214355,0.990234,-0.000532632,-0.000532632,0
1773775621223,0.090332,-0.212891,0.990723,0,0,-0.000532632
1773775621293,0.0883789,-0.214355,0.990234,0.00106526,-0.00106526,-0.000532632
1773775621374,0.090332,-0.213379,0.990723,0,-0.00213053,-0.00106526
1773775621454,0.090332,-0.213379,0.98877,-0.000532632,-0.00106526,0
1773775621525,0.0883789,-0.213867,0.990234,-0.000532632,-0.00106526,0
1773775621606,0.090332,-0.214355,0.988281,0.000532632,-0.000532632,0
1773775621676,0.0878906,-0.215332,0.988281,-0.000532632,-0.0015979,-0.000532632
1773775621756,0.0898438,-0.214844,0.989746,-0.000532632,-0.00106526,-0.000532632
1773775621839,0.0898438,-0.212891,0.989258,0.000532632,0.000532632,-0.0015979
1773775621907,0.0869141,-0.214355,0.989746,-0.000532632,-0.00106526,-0.000532632
1773775621990,0.0913086,-0.213379,0.989746,0,-0.00106526,-0.000532632
1773775622068,0.0898438,-0.216309,0.989746,0.000532632,0,-0.000532632
1773775622139,0.0898438,-0.21582,0.989258,0.000532632,-0.000532632,0
1773775622219,0.0888672,-0.216309,0.990723,0,-0.000532632,0.000532632
1773775622300,0.0893555,-0.213867,0.990234,-0.000532632,-0.000532632,-0.00106526
1773775622371,0.0893555,-0.216797,0.989746,0.000532632,-0.000532632,0
1773775622451,0.0888672,-0.216309,0.990234,0,-0.00106526,0.000532632
1773775622533,0.0898438,-0.213867,0.989258,0.000532632,0,-0.000532632
1773775622603,0.0888672,-0.213867,0.991211,0.00106526,-0.000532632,-0.00106526
1773775622684,0.0878906,-0.213379,0.990723,0,0,-0.000532632
1773775622764,0.0893555,-0.213379,0.990723,0.000532632,-0.00106526,0
1773775622836,0.0893555,-0.213867,0.990723,-0.000532632,-0.00106526,-0.000532632
1773775622916,0.0898438,-0.214355,0.991211,0.000532632,0,-0.000532632
1773775622987,0.0883789,-0.212891,0.990234,-0.000532632,0,-0.0015979
1773775623066,0.0883789,-0.214355,0.990234,0.000532632,-0.0015979,-0.000532632
1773775623146,0.090332,-0.214844,0.990723,-0.00106526,-0.00106526,0.000532632
1773775623218,0.0893555,-0.215332,0.988281,-0.00106526,0,0.000532632
1773775623298,0.0898438,-0.213867,0.989258,0,0,0.000532632
1773775623378,0.090332,-0.214355,0.98877,0,-0.00106526,-0.000532632
1773775623449,0.0878906,-0.214355,0.988281,-0.000532632,-0.00106526,0
1773775623530,0.0908203,-0.214355,0.991211,-0.000532632,-0.000532632,0
1773775623610,0.0888672,-0.214844,0.990723,-0.000532632,-0.000532632,-0.000532632
1773775623680,0.090332,-0.214355,0.991211,-0.000532632,0.000532632,-0.00106526
1773775623761,0.0888672,-0.214355,0.989258,0,0,-0.000532632
1773775623842,0.0878906,-0.213867,0.989258,0,0,0.000532632
1773775623912,0.0893555,-0.213867,0.990723,-0.000532632,-0.00106526,0
1773775623992,0.0893555,-0.215332,0.990723,0,-0.000532632,0
1773775624073,0.0883789,-0.216309,0.989258,0,-0.000532632,-0.00106526
1773775624144,0.090332,-0.213867,0.990234,-0.000532632,0,0.000532632
1773775624224,0.0898438,-0.212891,0.990234,0,0,-0.00106526
1773775624295,0.0898438,-0.212402,0.990234,-0.00106526,-0.00106526,-0.000532632
1773775624375,0.0908203,-0.216309,0.992188,-0.00106526,-0.00106526,0
1773775624456,0.0888672,-0.213379,0.990234,-0.00106526,0,0
1773775624527,0.0888672,-0.214355,0.990723,0.000532632,0,0.000532632
1773775624607,0.0908203,-0.213379,0.990723,-0.000532632,-0.000532632,-0.000532632
1773775624687,0.0893555,-0.214355,0.991211,0,-0.000532632,0.000532632
1773775624758,0.0893555,-0.214844,0.990723,0,0.000532632,0.000532632
1773775624839,0.0888672,-0.213867,0.990723,0,-0.000532632,0.000532632
1773775624919,0.0908203,-0.214355,0.991211,-0.000532632,-0.000532632,-0.00106526
1773775624989,0.0917969,-0.214844,0.992676,-0.00106526,-0.000532632,0
1773775625070,0.0888672,-0.214355,0.989258,0.000532632,-0.00106526,-0.0015979
1773775625151,0.0874023,-0.213379,0.991211,-0.000532632,-0.000532632,0
1773775625221,0.0893555,-0.21582,0.990723,0,-0.00106526,-0.00106526
1773775625302,0.0913086,-0.214844,0.990723,0,-0.000532632,0
1773775625372,0.0908203,-0.21582,0.990723,0,-0.000532632,0.00106526
1773775625453,0.0883789,-0.214844,0.990723,0.000532632,-0.000532632,-0.000532632
1773775625535,0.090332,-0.213379,0.990723,-0.000532632,-0.000532632,0.000532632
1773775625604,0.0893555,-0.214844,0.990723,0.000532632,-0.00106526,0.000532632
1773775625684,0.0908203,-0.212402,0.991699,-0.000532632,-0.00106526,-0.000532632
1773775625765,0.0888672,-0.214355,0.991699,-0.00106526,0,0.000532632
1773775625835,0.0888672,-0.213379,0.989746,0.000532632,-0.000532632,-0.000532632
1773775625916,0.0893555,-0.214844,0.989258,0.000532632,0,0.000532632
1773775625996,0.0898438,-0.214355,0.991699,0,0,0
1773775626067,0.0908203,-0.212891,0.991699,-0.000532632,-0.000532632,0
1773775626148,0.0883789,-0.213379,0.991211,-0.00106526,0.00106526,0
1773775626228,0.0898438,-0.212402,0.991211,0.000532632,-0.000532632,0
1773775626298,0.0893555,-0.212891,0.990234,0.000532632,0.000532632,0
1773775626379,0.0888672,-0.213867,0.990723,0,-0.0015979,0
1773775626460,0.0893555,-0.213379,0.990723,-0.00106526,-0.000532632,0
1773775626530,0.0888672,-0.215332,0.991211,0.0015979,-0.00106526,-0.000532632
1773775626611,0.0888672,-0.214355,0.993164,0,-0.000532632,-0.000532632
1773775626691,0.0883789,-0.213867,0.992188,0.00106526,-0.0015979,0
1773775626762,0.0898438,-0.216797,0.988281,-0.00106526,-0.000532632,0.00106526
1773775626844,0.090332,-0.212402,0.990234,0,-0.000532632,-0.000532632
1773775626913,0.090332,-0.214844,0.992188,0,-0.00106526,0
1773775626994,0.090332,-0.212402,0.992188,0,-0.00106526,0
1773775627074,0.0888672,-0.215332,0.989746,0,-0.000532632,0
1773775627144,0.0888672,-0.214355,0.990723,-0.000532632,-0.000532632,0
1773775627225,0.0898438,-0.213867,0.991699,0,0,0.000532632
1773775627305,0.090332,-0.213867,0.990723,-0.000532632,-0.000532632,0
1773775627376,0.0893555,-0.213867,0.989258,0,0.000532632,-0.000532632
1773775627457,0.0898438,-0.213379,0.989258,-0.000532632,-0.000532632,-0.000532632
1773775627537,0.090332,-0.216309,0.989258,0,-0.000532632,-0.000532632
1773775627608,0.0917969,-0.212402,0.993652,-0.000532632,-0.00106526,-0.000532632
1773775627688,0.0888672,-0.214355,0.98877,0,-0.000532632,-0.000532632
1773775627769,0.090332,-0.21582,0.991699,0,-0.000532632,0
1773775627839,0.090332,-0.214844,0.991699,0,-0.000532632,0
1773775627920,0.0913086,-0.213867,0.990723,0,-0.00106526,0
1773775627990,0.0893555,-0.213867,0.991699,-0.00106526,-0.000532632,0
1773775628071,0.0917969,-0.214355,0.991699,-0.000532632,-0.00106526,0
1773775628152,0.090332,-0.213867,0.991699,0,-0.000532632,0
1773775628222,0.0908203,-0.213867,0.989746,-0.000532632,-0.000532632,-0.000532632
1773775628302,0.0888672,-0.214355,0.990234,0,-0.00106526,0
1773775628383,0.0888672,-0.213867,0.989746,0.000532632,0,0.00106526
1773775628453,0.0908203,-0.212402,0.990234,0,-0.000532632,-0.000532632
1773775628534,0.0908203,-0.216309,0.990234,0,-0.00106526,0
1773775628614,0.0917969,-0.214844,0.989746,-0.000532632,0,0.00106526
1773775628685,0.090332,-0.214355,0.990723,-0.00106526,0,-0.000532632
1773775628765,0.090332,-0.213379,0.990723,0.000532632,-0.000532632,0.000532632
1773775628846,0.0913086,-0.213379,0.991699,0.000532632,-0.00106526,0.000532632
1773775628918,0.0908203,-0.214355,0.989746,-0.000532632,-0.000532632,-0.000532632
1773775628997,0.0898438,-0.214844,0.990723,0,-0.0015979,0.000532632
1773775629077,0.0908203,-0.213867,0.991211,0.000532632,-0.000532632,-0.000532632
1773775629148,0.0874023,-0.216797,0.989746,-0.0015979,-0.00106526,0
1773775629230,0.0898438,-0.213867,0.992676,0,0,0.000532632
1773775629299,0.0898438,-0.214355,0.990234,0.000532632,-0.000532632,-0.000532632
1773775629380,0.090332,-0.214355,0.990234,0,0,0.000532632
1773775629460,0.0908203,-0.21582,0.989746,-0.00106526,-0.000532632,0
1773775629531,0.090332,-0.215332,0.991211,-0.0015979,-0.00106526,0
1773775629611,0.090332,-0.213379,0.990723,0,-0.00106526,0.000532632
1773775629692,0.0878906,-0.214844,0.989258,-0.000532632,-0.000532632,0
1773775629762,0.0878906,-0.215332,0.990723,0,-0.000532632,0
1773775629843,0.0913086,-0.215332,0.98877,0,-0.00106526,0
1773775629923,0.0898438,-0.214355,0.990234,0,-0.000532632,0
1773775629994,0.0908203,-0.214844,0.989746,-0.000532632,-0.0015979,-0.00106526
1773775630074,0.0898438,-0.212891,0.990723,-0.000532632,-0.000532632,-0.000532632
1773775630155,0.0908203,-0.214844,0.991211,-0.00106526,-0.00106526,-0.000532632
1773775630227,0.090332,-0.214844,0.989258,0.000532632,0,0
1773775630306,0.0893555,-0.213379,0.990723,0.000532632,-0.000532632,-0.000532632
1773775630377,0.0917969,-0.215332,0.991699,0,-0.000532632,-0.000532632
1773775630458,0.0898438,-0.214355,0.989258,0,-0.0015979,-0.00106526
1773775630539,0.0898438,-0.214355,0.991211,0.000532632,0,0
1773775630609,0.0898438,-0.215332,0.987793,-0.000532632,0,-0.000532632
1773775630690,0.0893555,-0.213867,0.990234,0,-0.00106526,0.000532632
1773775630770,0.0908203,-0.214355,0.991699,-0.00106526,0,0
1773775630841,0.0893555,-0.214844,0.989746,-0.000532632,-0.000532632,0.00106526
1773775630921,0.0874023,-0.213379,0.989746,0.000532632,-0.000532632,-0.00106526
1773775631003,0.0883789,-0.213379,0.98877,0,-0.000532632,-0.000532632
1773775631075,0.0908203,-0.21582,0.991211,0.000532632,-0.00106526,-0.000532632
1773775631153,0.0908203,-0.213379,0.989746,0,-0.000532632,0
1773775631224,0.0888672,-0.214355,0.990723,-0.000532632,0,-0.00106526
1773775631305,0.0888672,-0.214844,0.990723,-0.000532632,-0.000532632,0.000532632
1773775631385,0.0908203,-0.21582,0.990723,0.000532632,-0.000532632,0
1773775631457,0.090332,-0.212402,0.989746,-0.000532632,-0.000532632,0.000532632
1773775631536,0.0888672,-0.211914,0.991211,0.000532632,-0.000532632,0
1773775631617,0.0908203,-0.214355,0.990723,0.00106526,-0.000532632,-0.000532632
1773775631687,0.0908203,-0.214355,0.989258,0,-0.00106526,-0.000532632
1773775631770,0.0888672,-0.212402,0.990723,0,0.000532632,0.00106526
1773775631848,0.0888672,-0.214355,0.98877,-0.00106526,-0.000532632,-0.000532632
1773775631921,0.0908203,-0.214844,0.990234,0.00106526,-0.00106526,0.000532632
1773775632002,0.0898438,-0.214355,0.990234,0,0,0
1773775632080,0.090332,-0.212891,0.991211,0,-0.000532632,-0.000532632
1773775632152,0.0893555,-0.213867,0.990723,0.000532632,-0.000532632,0
1773775632231,0.090332,-0.213867,0.990234,0,-0.00106526,0.000532632
1773775632302,0.0878906,-0.21582,0.992188,0.000532632,-0.000532632,-0.000532632
1773775632384,0.0898438,-0.213867,0.991699,0,0,-0.000532632
1773775632464,0.0898438,-0.214844,0.991699,0,-0.00106526,-0.00106526
1773775632534,0.0888672,-0.211914,0.990234,0.000532632,0.000532632,0
1773775632614,0.0908203,-0.213867,0.989746,-0.00106526,-0.00213053,-0.000532632
1773775632695,0.090332,-0.216309,0.989746,-0.00106526,-0.000532632,-0.00106526
1773775632766,0.0893555,-0.215332,0.990234,0,-0.00106526,0.00106526
1773775632847,0.0893555,-0.211914,0.991699,0,-0.00106526,-0.000532632
1773775632927,0.090332,-0.214844,0.991211,-0.000532632,-0.000532632,-0.000532632
1773775632998,0.0893555,-0.21582,0.990723,0.000532632,0,-0.00106526
1773775633079,0.0893555,-0.214355,0.991211,0,-0.000532632,0.000532632
1773775633158,0.0913086,-0.214355,0.989258,-0.000532632,0.000532632,0.000532632
1773775633228,0.0898438,-0.214844,0.989258,-0.000532632,-0.000532632,-0.000532632
1773775633309,0.0898438,-0.21582,0.98877,0,-0.0015979,-0.00106526
1773775633390,0.0874023,-0.213379,0.991211,-0.000532632,-0.00106526,-0.0015979
1773775633460,0.0874023,-0.212891,0.990723,0,0,-0.00106526
1773775633541,0.0913086,-0.214355,0.989746,0,0,0
1773775633611,0.0893555,-0.21582,0.989746,-0.00106526,-0.00106526,0
1773775633692,0.0878906,-0.216309,0.989746,0,-0.000532632,-0.000532632
1773775633772,0.0898438,-0.212402,0.992188,-0.000532632,-0.00106526,0.000532632
1773775633845,0.0888672,-0.214844,0.992676,-0.00106526,-0.000532632,-0.000532632
1773775633923,0.0893555,-0.215332,0.990234,-0.000532632,-0.00106526,-0.00106526
1773775634004,0.0893555,-0.213867,0.989746,-0.000532632,-0.00106526,0
1773775634075,0.0883789,-0.214844,0.989746,-0.00106526,-0.000532632,-0.00106526
1773775634155,0.090332,-0.21582,0.98877,-0.00106526,-0.000532632,0
1773775634235,0.0883789,-0.213867,0.990234,0.000532632,-0.000532632,-0.00106526
1773775634306,0.0898438,-0.214844,0.990723,-0.000532632,0,-0.00106526
1773775634386,0.0913086,-0.21582,0.990723,-0.000532632,0,-0.00106526
1773775634467,0.0888672,-0.214355,0.988281,-0.000532632,0,-0.00106526
1773775634537,0.0893555,-0.215332,0.990234,-0.000532632,-0.000532632,-0.000532632
1773775634618,0.0888672,-0.214355,0.990723,0.000532632,-0.00106526,0
1773775634698,0.0893555,-0.211914,0.991699,0,-0.000532632,-0.000532632
1773775634769,0.0893555,-0.212891,0.992188,-0.000532632,-0.000532632,0
1773775634849,0.0898438,-0.214355,0.990234,0,-0.00106526,-0.000532632
1773775634920,0.0913086,-0.213379,0.991699,0,-0.00106526,-0.000532632
1773775635000,0.0883789,-0.214355,0.991699,0,-0.00106526,-0.000532632
1773775635081,0.090332,-0.21582,0.98877,-0.000532632,0,-0.000532632
1773775635151,0.0883789,-0.214844,0.989746,-0.00106526,-0.00106526,0
1773775635232,0.0874023,-0.214844,0.990234,0,0.000532632,-0.000532632
1773775635314,0.0898438,-0.214355,0.990234,-0.000532632,-0.000532632,-0.00106526
1773775635383,0.0893555,-0.216309,0.989746,0.000532632,-0.00106526,-0.000532632
1773775635464,0.0888672,-0.211426,0.991699,0,0,0
1773775635544,0.090332,-0.213379,0.990723,-0.000532632,-0.0015979,-0.000532632
1773775635615,0.0908203,-0.214355,0.991211,0.000532632,-0.00106526,-0.00106526
1773775635695,0.0917969,-0.213379,0.989258,-0.00106526,-0.00106526,0
1773775635776,0.0869141,-0.214355,0.990234,-0.000532632,0.000532632,0
1773775635846,0.0898438,-0.212402,0.991211,0,-0.00106526,0.000532632
1773775635927,0.0893555,-0.213867,0.991699,0,-0.000532632,-0.000532632
1773775636007,0.0878906,-0.212891,0.989258,-0.000532632,-0.000532632,0
1773775636078,0.0898438,-0.213379,0.990723,0,-0.00213053,-0.000532632
1773775636160,0.0898438,-0.214355,0.991211,0.000532632,-0.0015979,-0.00106526
1773775636231,0.0893555,-0.216309,0.990723,0.000532632,-0.0015979,0.000532632
1773775636309,0.0874023,-0.215332,0.990234,0.000532632,0.000532632,0
1773775636390,0.0893555,-0.213379,0.991211,0,0,0.000532632
1773775636460,0.090332,-0.215332,0.992188,0.000532632,0,0.000532632
1773775636541,0.0888672,-0.214355,0.991699,-0.00106526,0,0
1773775636622,0.0888672,-0.216797,0.98877,-0.000532632,-0.00106526,-0.000532632
1773775636692,0.0883789,-0.213867,0.990723,0.000532632,-0.000532632,0
1773775636773,0.0888672,-0.214355,0.989258,0.000532632,-0.00106526,0
1773775636844,0.0893555,-0.214844,0.989746,0,0,0.000532632
1773775636924,0.0913086,-0.213379,0.989746,0,-0.00106526,-0.000532632
1773775637005,0.0898438,-0.213867,0.990723,0.000532632,-0.0015979,0
1773775637085,0.0893555,-0.216309,0.989746,-0.00106526,-0.000532632,-0.000532632
1773775637157,0.0888672,-0.214844,0.990234,0,-0.000532632,0.00106526
1773775637238,0.0883789,-0.214844,0.989258,-0.000532632,-0.000532632,0
1773775637308,0.0878906,-0.213867,0.988281,0,-0.000532632,0
1773775637387,0.0893555,-0.215332,0.990234,-0.000532632,-0.000532632,0.000532632
1773775637468,0.0888672,-0.214844,0.989746,-0.000532632,-0.00213053,0.00106526
1773775637538,0.0898438,-0.213867,0.989746,-0.000532632,-0.00106526,-0.000532632
1773775637619,0.090332,-0.215332,0.990234,0.000532632,-0.000532632,-0.000532632
1773775637699,0.0883789,-0.216309,0.989746,0.000532632,-0.00106526,-0.000532632
1773775637770,0.0908203,-0.215332,0.990723,-0.00106526,-0.000532632,0
1773775637852,0.090332,-0.217285,0.991211,0,-0.000532632,0
1773775637932,0.0893555,-0.215332,0.991699,0.000532632,-0.000532632,-0.000532632
1773775638001,0.0888672,-0.216309,0.989746,0,-0.00106526,0.000532632
1773775638082,0.0874023,-0.212891,0.988281,-0.000532632,-0.000532632,-0.000532632
1773775638162,0.0893555,-0.213867,0.990234,0,-0.00106526,0
1773775638233,0.0898438,-0.214844,0.989258,0,0,-0.000532632
1773775638313,0.0893555,-0.212891,0.989258,0,-0.000532632,0.000532632
1773775638394,0.0898438,-0.213867,0.991211,-0.000532632,-0.00106526,0
1773775638465,0.0878906,-0.212891,0.989258,0.00106526,-0.0015979,-0.00106526
1773775638545,0.0883789,-0.214844,0.990723,0,0,0
1773775638616,0.0898438,-0.21875,0.990234,0,-0.00106526,-0.00106526
1773775638697,0.0883789,-0.215332,0.991699,0,-0.00106526,-0.000532632
1773775638777,0.0898438,-0.214355,0.989258,0,-0.000532632,-0.000532632
1773775638847,0.0888672,-0.214355,0.991699,-0.000532632,-0.000532632,0.000532632
1773775638928,0.0898438,-0.213867,0.991211,0,-0.0015979,0
1773775639010,0.0888672,-0.215332,0.990723,0.00106526,-0.000532632,0
1773775639080,0.0888672,-0.215332,0.989746,0.000532632,-0.00106526,0.00106526
1773775639160,0.0883789,-0.215332,0.991211,0,-0.0015979,0
1773775639240,0.0888672,-0.212891,0.989258,-0.000532632,-0.000532632,-0.00106526
1773775639310,0.090332,-0.215332,0.990234,0.000532632,-0.000532632,-0.00106526
1773775639391,0.0888672,-0.215332,0.98877,0.000532632,-0.00106526,0.00106526
1773775639472,0.0893555,-0.213867,0.98877,0,-0.000532632,0
1773775639542,0.0883789,-0.213867,0.989746,0,-0.00106526,0
1773775639622,0.0874023,-0.214844,0.991211,0,-0.000532632,-0.00106526
1773775639693,0.090332,-0.214355,0.989258,0,0.000532632,0
1773775639774,0.0874023,-0.214844,0.989746,-0.000532632,-0.00106526,0.000532632
1773775639854,0.0898438,-0.214844,0.990723,0,-0.00106526,0.000532632
1773775639935,0.0913086,-0.214844,0.989258,-0.00106526,0,-0.00106526
1773775640005,0.090332,-0.212891,0.990723,0.000532632,-0.00106526,0
1773775640086,0.0908203,-0.214355,0.992188,-0.000532632,-0.00106526,0
1773775640156,0.0917969,-0.213867,0.990234,0.000532632,-0.000532632,0
1773775640237,0.0869141,-0.216797,0.990723,-0.000532632,-0.00106526,0
1773775640317,0.090332,-0.214355,0.990723,0,-0.000532632,-0.000532632
1773775640388,0.090332,-0.214355,0.991699,0,0,-0.000532632
1773775640468,0.0869141,-0.213867,0.989746,-0.000532632,-0.00213053,0.000532632
1773775640549,0.0878906,-0.214355,0.98877,0,0,-0.000532632
1773775640619,0.0859375,-0.215332,0.989258,0.000532632,-0.000532632,-0.000532632
1773775640700,0.0874023,-0.214355,0.990723,0.000532632,0,0
1773775640782,0.0893555,-0.215332,0.98877,0.00106526,0,0
1773775640851,0.0898438,-0.213867,0.991211,0.00106526,-0.000532632,-0.000532632
1773775640932,0.0888672,-0.214355,0.990234,0,-0.00106526,-0.000532632
1773775641012,0.0898438,-0.212891,0.990723,0,-0.0015979,0.00106526
1773775641085,0.0883789,-0.214844,0.989746,-0.000532632,-0.000532632,-0.000532632
1773775641165,0.090332,-0.214844,0.988281,-0.000532632,-0.000532632,0.000532632
1773775641244,0.0898438,-0.213867,0.989258,-0.00106526,0,-0.000532632
1773775641314,0.0893555,-0.215332,0.990234,0.000532632,-0.0015979,0
1773775641395,0.0908203,-0.214844,0.98877,0,-0.00106526,-0.000532632
1773775641465,0.0888672,-0.212402,0.990723,-0.000532632,-0.000532632,0
1773775641546,0.0888672,-0.217773,0.990723,0,-0.000532632,-0.000532632
1773775641627,0.0908203,-0.214355,0.989746,0,-0.00106526,0.000532632
1773775641697,0.0888672,-0.213379,0.989746,0,-0.000532632,0.000532632
1773775641778,0.0922852,-0.216309,0.991211,-0.000532632,-0.000532632,-0.000532632
1773775641858,0.0869141,-0.215332,0.990723,0,-0.0015979,-0.000532632
1773775641929,0.0893555,-0.214844,0.989258,-0.00106526,0,0.000532632
1773775642009,0.0898438,-0.214355,0.992676,0,-0.00106526,-0.00106526
1773775642090,0.0898438,-0.214844,0.988281,0,-0.00106526,0
1773775642160,0.0917969,-0.214844,0.989746,0.000532632,-0.000532632,-0.000532632
1773775642241,0.0898438,-0.21582,0.989258,0,-0.000532632,0.000532632
1773775642322,0.0883789,-0.214844,0.991211,-0.000532632,-0.00106526,0
1773775642392,0.0893555,-0.214355,0.990723,0,0,-0.00106526
1773775642472,0.0922852,-0.214355,0.990723,0.000532632,-0.000532632,0.00106526
1773775642543,0.0917969,-0.213867,0.989258,0,-0.00106526,-0.000532632
1773775642624,0.0883789,-0.217773,0.987793,-0.000532632,-0.00106526,0
1773775642704,0.0898438,-0.213379,0.992188,0,-0.000532632,-0.000532632
1773775642775,0.0898438,-0.215332,0.989746,0,-0.0015979,-0.000532632
1773775642855,0.0898438,-0.215332,0.989746,0.000532632,-0.00106526,0
1773775642936,0.0893555,-0.216309,0.991211,-0.000532632,0,0
1773775643007,0.090332,-0.215332,0.990234,0,-0.0015979,-0.000532632
1773775643087,0.0898438,-0.213867,0.989746,0.00106526,-0.000532632,-0.000532632
1773775643168,0.0898438,-0.214844,0.991699,0.000532632,0,-0.000532632
1773775643238,0.0898438,-0.214355,0.990234,-0.00106526,-0.00106526,0.00106526
1773775643319,0.090332,-0.214844,0.991699,0,-0.0015979,0
1773775643400,0.0917969,-0.214844,0.990234,-0.00106526,-0.000532632,0
1773775643470,0.0878906,-0.213867,0.98877,0.000532632,-0.0015979,0.000532632
1773775643551,0.090332,-0.213867,0.991211,0,-0.000532632,-0.000532632
1773775643621,0.0893555,-0.21582,0.989746,0.000532632,-0.000532632,0.000532632
1773775643701,0.0898438,-0.215332,0.990723,0.00106526,0,0
1773775643782,0.0898438,-0.214844,0.991211,0.000532632,-0.000532632,0
1773775643852,0.0883789,-0.214844,0.990723,0,0,0
1773775643933,0.0878906,-0.214844,0.989258,0,-0.000532632,0
1773775644015,0.0898438,-0.214355,0.989746,0,-0.000532632,-0.000532632
1773775644085,0.0888672,-0.216309,0.98877,0,-0.00106526,-0.000532632
1773775644169,0.0878906,-0.214844,0.989258,-0.000532632,-0.00106526,0
1773775644235,0.090332,-0.214355,0.991211,0,-0.000532632,0
1773775644315,0.0888672,-0.214844,0.991211,-0.000532632,-0.00106526,-0.00106526
1773775644396,0.0913086,-0.215332,0.991699,0,-0.00106526,-0.000532632
1773775644477,0.0898438,-0.213867,0.991699,-0.000532632,-0.000532632,0.000532632
1773775644547,0.0913086,-0.213867,0.991211,-0.000532632,0,0.000532632
1773775644627,0.0908203,-0.213867,0.990723,-0.000532632,-0.00106526,0
1773775644709,0.0898438,-0.215332,0.990234,0,-0.000532632,0
1773775644779,0.0908203,-0.213867,0.989746,0.000532632,-0.000532632,-0.00106526
1773775644860,0.0908203,-0.21582,0.991699,0,0.000532632,0
1773775644930,0.0888672,-0.212891,0.991211,0,0,-0.000532632
1773775645011,0.0883789,-0.21582,0.990723,0,0,0
1773775645091,0.090332,-0.213867,0.989746,0.000532632,0,-0.00106526
1773775645162,0.0883789,-0.214355,0.989746,0,0,-0.000532632
1773775645245,0.0883789,-0.216309,0.988281,-0.00106526,0,0
1773775645323,0.090332,-0.212891,0.992676,0,-0.0015979,0
1773775645393,0.0888672,-0.214355,0.990234,0,-0.00106526,0.000532632
1773775645474,0.0898438,-0.212402,0.992188,0.000532632,0,-0.00106526
1773775645554,0.0893555,-0.213867,0.990234,0,-0.00106526,0
1773775645625,0.0893555,-0.21582,0.989258,0.000532632,-0.00106526,0
1773775645705,0.0888672,-0.212891,0.989746,0,0,-0.00106526
1773775645786,0.0898438,-0.212402,0.989746,0,-0.000532632,0
1773775645856,0.0898438,-0.214844,0.990234,0.00106526,-0.000532632,0
1773775645937,0.0917969,-0.215332,0.991211,0.000532632,-0.00106526,0
1773775646010,0.0898438,-0.213867,0.989258,-0.000532632,0,0
1773775646089,0.0908203,-0.214844,0.990723,-0.000532632,-0.000532632,-0.00106526
1773775646169,0.0883789,-0.213379,0.992188,0,0.000532632,0
1773775646239,0.0908203,-0.212891,0.990234,-0.000532632,-0.000532632,0
1773775646320,0.0898438,-0.214844,0.989258,-0.000532632,0,-0.000532632
1773775646402,0.0893555,-0.213379,0.989258,0.000532632,0,0
1773775646471,0.090332,-0.214844,0.989746,0,-0.00106526,-0.000532632
1773775646552,0.0898438,-0.215332,0.990234,0.000532632,-0.000532632,0.000532632
1773775646632,0.0908203,-0.214844,0.991211,0,0.000532632,0
1773775646703,0.0893555,-0.214355,0.988281,0,-0.00106526,-0.000532632
1773775646783,0.090332,-0.213379,0.990234,0,-0.000532632,0
1773775646864,0.0893555,-0.214844,0.988281,-0.000532632,-0.00106526,0
1773775646934,0.090332,-0.215332,0.990234,0,-0.00106526,0.000532632
1773775647015,0.0878906,-0.215332,0.989258,-0.000532632,-0.000532632,-0.000532632
1773775647095,0.0898438,-0.21582,0.990234,0.00106526,0,-0.00106526
1773775647166,0.0888672,-0.214844,0.989746,0,-0.00106526,-0.000532632
1773775647249,0.0888672,-0.212891,0.990723,0.000532632,-0.00106526,0
1773775647318,0.0883789,-0.213379,0.989746,0,-0.00106526,0
1773775647397,0.0874023,-0.213379,0.990723,-0.000532632,-0.00106526,0.000532632
1773775647478,0.0898438,-0.213867,0.990234,0.000532632,-0.00106526,-0.00106526
1773775647548,0.090332,-0.215332,0.988281,0,0,-0.000532632
1773775647629,0.0893555,-0.215332,0.991211,0,-0.000532632,0
1773775647709,0.0898438,-0.215332,0.990723,0.000532632,0,0.000532632
1773775647780,0.0883789,-0.212891,0.989746,-0.000532632,-0.000532632,0
1773775647860,0.0878906,-0.214355,0.990234,0.00106526,-0.00106526,-0.0015979
1773775647931,0.0908203,-0.212891,0.991699,0,-0.00106526,0
1773775648011,0.090332,-0.214355,0.98877,0.000532632,-0.00106526,0.00106526
1773775648092,0.0888672,-0.213867,0.990723,0.00106526,0,0.000532632
1773775648173,0.090332,-0.213379,0.990723,-0.00106526,0,-0.000532632
1773775648248,0.0888672,-0.213379,0.98877,0.00106526,-0.000532632,-0.00106526
1773775648324,0.0869141,-0.214844,0.989746,-0.000532632,-0.000532632,-0.00106526
1773775648404,0.0898438,-0.214844,0.98877,0.000532632,-0.000532632,-0.000532632
1773775648475,0.0888672,-0.214355,0.990234,0,-0.000532632,-0.0015979
1773775648555,0.0893555,-0.215332,0.989746,-0.000532632,-0.000532632,0
1773775648626,0.0908203,-0.214355,0.989746,0,0.000532632,0
1773775648706,0.0908203,-0.213867,0.98877,0.000532632,-0.00106526,0
1773775648787,0.0883789,-0.212891,0.991211,0,-0.000532632,0.000532632
1773775648857,0.090332,-0.215332,0.990234,0,-0.000532632,0.000532632
1773775648938,0.090332,-0.213379,0.989746,0.000532632,-0.000532632,-0.000532632
1773775649019,0.0908203,-0.213867,0.98877,0,0.000532632,-0.000532632
1773775649090,0.0893555,-0.214355,0.992188,0,-0.0015979,-0.0015979
1773775649170,0.0888672,-0.21582,0.990723,0.000532632,-0.000532632,0.000532632
1773775649251,0.0898438,-0.211914,0.98877,0,0,-0.000532632
1773775649322,0.0893555,-0.214355,0.991211,0,-0.000532632,-0.000532632
1773775649402,0.0888672,-0.214844,0.989258,0,-0.00106526,-0.000532632
1773775649482,0.0878906,-0.213867,0.990723,-0.000532632,-0.00213053,-0.00106526
1773775649553,0.0888672,-0.213379,0.989258,-0.000532632,-0.000532632,-0.00106526
1773775649633,0.0913086,-0.213379,0.990234,0,-0.000532632,0
1773775649704,0.0888672,-0.213379,0.987305,0,-0.00106526,-0.000532632
1773775649784,0.090332,-0.214355,0.991699,-0.000532632,-0.000532632,-0.000532632
1773775649866,0.0917969,-0.21582,0.990723,0,-0.00213053,-0.000532632
1773775649936,0.0893555,-0.213867,0.990723,0.000532632,-0.000532632,-0.000532632
1773775650016,0.0893555,-0.212891,0.990723,-0.00106526,-0.000532632,-0.000532632
1773775650096,0.0888672,-0.213379,0.98877,0.000532632,0,-0.000532632
1773775650170,0.090332,-0.214844,0.991211,0,-0.000532632,0.00106526
1773775650247,0.0888672,-0.214355,0.989258,0,-0.00106526,-0.000532632
1773775650328,0.0888672,-0.213867,0.989746,0.000532632,0,-0.000532632
1773775650399,0.0898438,-0.214355,0.990234,0,0,0
1773775650479,0.090332,-0.214355,0.989258,0,0,0.000532632
1773775650559,0.0893555,-0.213867,0.990723,-0.000532632,-0.00106526,-0.000532632
1773775650630,0.0893555,-0.214355,0.990234,-0.000532632,-0.000532632,-0.000532632
1773775650711,0.0878906,-0.213379,0.990723,0.000532632,-0.00106526,-0.00106526
1773775650791,0.0888672,-0.214355,0.990234,-0.000532632,-0.000532632,0
1773775650862,0.0874023,-0.215332,0.990234,-0.000532632,-0.0015979,-0.000532632
1773775650942,0.090332,-0.214355,0.991211,-0.00106526,-0.000532632,0.000532632
1773775651013,0.0888672,-0.21582,0.989258,0,-0.000532632,0
1773775651093,0.0888672,-0.212402,0.990234,0,-0.0015979,-0.000532632
1773775651174,0.0913086,-0.212891,0.990723,0,-0.0015979,0.000532632
1773775651244,0.090332,-0.213379,0.98877,-0.00106526,-0.000532632,-0.00106526
1773775651325,0.0888672,-0.214355,0.989746,-0.000532632,-0.00106526,0
1773775651405,0.0898438,-0.211914,0.990234,0.000532632,0,0
1773775651476,0.0888672,-0.215332,0.991211,0,-0.0015979,-0.00106526
1773775651556,0.0893555,-0.213867,0.990234,0,-0.00106526,0.00106526
1773775651637,0.0913086,-0.213379,0.98877,0.000532632,-0.000532632,0.00106526
1773775651707,0.0893555,-0.212891,0.989746,0,-0.000532632,0.00106526
1773775651788,0.0913086,-0.214355,0.992188,0,0.00106526,-0.000532632
1773775651868,0.0888672,-0.214355,0.990723,-0.00106526,-0.0015979,-0.000532632
1773775651939,0.0878906,-0.214355,0.989258,0.000532632,0.00106526,-0.000532632
1773775652019,0.0898438,-0.214844,0.991211,0,-0.0015979,-0.000532632
1773775652100,0.0898438,-0.214355,0.991699,0.000532632,0.000532632,-0.000532632
1773775652170,0.0898438,-0.213867,0.989746,0.000532632,-0.000532632,0.00106526
1773775652251,0.0883789,-0.214355,0.990723,0,-0.000532632,-0.000532632
1773775652322,0.0878906,-0.214844,0.989258,0,0.000532632,-0.000532632
1773775652402,0.0888672,-0.214355,0.991699,0.000532632,-0.00106526,-0.000532632
1773775652484,0.0888672,-0.214355,0.989746,-0.000532632,0,0
1773775652553,0.0883789,-0.213867,0.990234,0.000532632,-0.000532632,0
1773775652634,0.0893555,-0.21582,0.991211,0.000532632,-0.00106526,-0.000532632
1773775652714,0.0893555,-0.213867,0.990723,0.000532632,-0.000532632,0.000532632
1773775652785,0.0898438,-0.214844,0.98877,0,-0.000532632,0
1773775652865,0.0888672,-0.213867,0.989746,0.00106526,-0.000532632,0.000532632
1773775652946,0.090332,-0.214355,0.98877,-0.000532632,0,-0.0015979
1773775653016,0.0874023,-0.218262,0.989258,-0.000532632,0.000532632,-0.000532632
1773775653097,0.0888672,-0.214844,0.989258,0,0,-0.000532632
1773775653178,0.0888672,-0.215332,0.989746,0,0,0.000532632
1773775653248,0.0898438,-0.214355,0.991211,-0.000532632,-0.000532632,-0.000532632
1773775653328,0.0888672,-0.214844,0.990234,0.000532632,-0.00106526,0.000532632
1773775653409,0.0883789,-0.214844,0.991211,0,-0.00106526,-0.000532632
1773775653479,0.0893555,-0.215332,0.98877,-0.000532632,-0.00106526,0.00106526
1773775653551,0.0878906,-0.215332,0.990234,-0.000532632,0,0.000532632
1773775653632,0.0888672,-0.214844,0.990723,0.000532632,-0.000532632,0
1773775653712,0.0869141,-0.21582,0.990723,0.000532632,0,0
1773775653792,0.0883789,-0.214355,0.988281,0,-0.000532632,0
1773775653862,0.0893555,-0.213867,0.98877,0,-0.000532632,0.000532632
1773775653944,0.0898438,-0.216309,0.991699,0,-0.00106526,-0.000532632
1773775654024,0.0878906,-0.214355,0.991211,0.00106526,-0.0015979,0.000532632
1773775654094,0.0878906,-0.21582,0.989258,0,-0.0015979,0.000532632
1773775654176,0.0917969,-0.213379,0.989258,0,0,0
1773775654247,0.0913086,-0.213379,0.989258,0.00106526,-0.000532632,-0.000532632
1773775654326,0.0869141,-0.212891,0.990234,0,-0.000532632,-0.000532632
1773775654407,0.0888672,-0.216797,0.98877,0,0,0
1773775654487,0.0893555,-0.213867,0.990234,0.00106526,-0.00106526,-0.00106526
1773775654557,0.0908203,-0.215332,0.98877,0,-0.000532632,0
1773775654640,0.0898438,-0.213379,0.990723,0,0.000532632,0
1773775654709,0.0888672,-0.213867,0.990234,0.000532632,-0.00106526,-0.000532632
1773775654790,0.0888672,-0.215332,0.989258,-0.000532632,-0.00106526,0
1773775654870,0.0893555,-0.215332,0.989258,0,-0.00106526,0
1773775654941,0.0908203,-0.213379,0.990234,0,-0.000532632,0
1773775655021,0.0908203,-0.213867,0.990234,0,-0.000532632,-0.000532632
1773775655102,0.0898438,-0.213867,0.989258,0,0.000532632,0.000532632
1773775655172,0.0908203,-0.214355,0.992676,-0.000532632,-0.000532632,0.000532632
1773775655253,0.090332,-0.213867,0.990723,0,-0.000532632,-0.00106526
1773775655333,0.0898438,-0.214844,0.990234,0,-0.000532632,0
1773775655404,0.0893555,-0.213867,0.989258,0.000532632,0,0.0015979
1773775655484,0.0874023,-0.214355,0.990234,-0.000532632,-0.0015979,0
1773775655565,0.0898438,-0.212402,0.98877,-0.000532632,0,-0.000532632
1773775655636,0.0888672,-0.214355,0.989746,0,-0.00106526,0
1773775655716,0.0898438,-0.212402,0.991211,-0.00106526,-0.00106526,-0.000532632
1773775655796,0.0883789,-0.214355,0.989746,0,-0.00106526,0
1773775655867,0.0864258,-0.213867,0.991211,0,-0.000532632,0
1773775655947,0.0888672,-0.214355,0.991211,0,0,-0.000532632
1773775656018,0.0883789,-0.216309,0.988281,-0.00106526,-0.0015979,0.00106526
1773775656098,0.0898438,-0.214355,0.989258,0,-0.000532632,0.00106526
1773775656179,0.0888672,-0.212891,0.989258,0,-0.00106526,-0.000532632
1773775656251,0.0864258,-0.21582,0.988281,0,-0.00106526,-0.00106526
1773775656330,0.0893555,-0.214355,0.990234,0,0,-0.000532632
1773775656410,0.0898438,-0.216797,0.991211,-0.00106526,-0.00106526,-0.000532632
1773775656481,0.0883789,-0.213379,0.98877,0,-0.000532632,0
1773775656561,0.0893555,-0.212891,0.989746,-0.000532632,-0.000532632,-0.000532632
1773775656633,0.0893555,-0.215332,0.990234,0,-0.00106526,0
1773775656712,0.0913086,-0.214355,0.990234,0,-0.00106526,0.000532632
1773775656793,0.0888672,-0.214355,0.990234,0.000532632,0.000532632,0
1773775656874,0.0893555,-0.21582,0.991211,0,-0.000532632,-0.000532632
1773775656948,0.090332,-0.214355,0.990234,-0.000532632,-0.000532632,-0.000532632
1773775657025,0.0917969,-0.215332,0.98877,0,-0.000532632,0
1773775657095,0.0888672,-0.212891,0.990234,0.000532632,-0.000532632,-0.00106526
1773775657176,0.090332,-0.214844,0.990723,0.000532632,-0.000532632,0
1773775657258,0.0869141,-0.213867,0.990723,-0.000532632,-0.00106526,0.000532632
1773775657327,0.0888672,-0.213379,0.992188,-0.000532632,-0.000532632,0.00106526
1773775657407,0.0917969,-0.213379,0.991211,0,-0.00106526,0
1773775657488,0.0908203,-0.214844,0.991699,0.000532632,-0.000532632,-0.000532632
1773775657559,0.090332,-0.214844,0.990234,0,-0.000532632,0
1773775657639,0.090332,-0.213867,0.991211,0.000532632,-0.000532632,0
1773775657720,0.0893555,-0.212891,0.990234,0,0,-0.000532632
1773775657790,0.0874023,-0.214355,0.989746,0.000532632,0,0.00106526
1773775657871,0.0913086,-0.21582,0.991211,-0.000532632,-0.00106526,0
1773775657952,0.0917969,-0.21582,0.990234,-0.000532632,-0.00106526,-0.000532632
1773775658024,0.0893555,-0.212891,0.989746,0,0.000532632,-0.000532632
1773775658104,0.090332,-0.21582,0.991211,0,-0.000532632,-0.000532632
1773775658183,0.0893555,-0.216797,0.991699,0,0.000532632,0.000532632
1773775658253,0.0913086,-0.212891,0.990723,0,0,0.000532632
1773775658334,0.090332,-0.213867,0.989746,0.000532632,-0.00106526,0.000532632
1773775658414,0.0898438,-0.21582,0.990234,0,0,0
1773775658485,0.090332,-0.212402,0.992188,0.00106526,-0.00106526,-0.00106526
1773775658566,0.0898438,-0.212402,0.991699,0.000532632,-0.000532632,0
1773775658639,0.0883789,-0.213867,0.990234,0,0.00106526,0.000532632
1773775658716,0.0898438,-0.212891,0.989258,0,-0.00106526,0
1773775658797,0.0893555,-0.214844,0.991211,0,0,0
1773775658868,0.0898438,-0.214355,0.992676,0.000532632,0.000532632,0
1773775658950,0.090332,-0.214355,0.990723,0.000532632,0,0
1773775659029,0.0888672,-0.212891,0.992188,0,-0.00213053,-0.000532632
1773775659100,0.0888672,-0.213379,0.992188,0,0,-0.000532632
1773775659180,0.0888672,-0.214355,0.990234,0.000532632,-0.00106526,0
1773775659260,0.0913086,-0.214844,0.989746,0,0,-0.000532632
1773775659331,0.0883789,-0.213379,0.991211,-0.000532632,-0.000532632,-0.000532632
1773775659411,0.0908203,-0.21582,0.990723,0.000532632,-0.000532632,-0.00106526
1773775659492,0.090332,-0.215332,0.990234,0,0.000532632,0
1773775659562,0.0908203,-0.214844,0.991699,0,-0.00106526,0
1773775659644,0.0893555,-0.212402,0.989746,0,-0.000532632,-0.0015979
1773775659714,0.0888672,-0.214844,0.989258,0,0,0
1773775659794,0.0898438,-0.213379,0.991699,0.000532632,-0.0015979,-0.000532632
1773775659876,0.0913086,-0.214844,0.989746,-0.00106526,-0.000532632,-0.00106526
1773775659947,0.0908203,-0.214844,0.989258,0.000532632,-0.0015979,-0.000532632
1773775660026,0.0888672,-0.213867,0.991211,0.000532632,0,-0.00213053
1773775660097,0.0898438,-0.213379,0.990723,0.000532632,-0.00106526,0
1773775660177,0.0898438,-0.21582,0.991211,0.000532632,-0.000532632,-0.000532632
1773775660257,0.0898438,-0.214355,0.990234,0.000532632,-0.00106526,0.00106526
1773775660338,0.0893555,-0.216309,0.991211,0.000532632,0,-0.000532632
1773775660408,0.0888672,-0.214844,0.989258,0.00106526,-0.000532632,-0.000532632
1773775660490,0.0878906,-0.215332,0.989258,-0.000532632,-0.000532632,0.000532632
1773775660561,0.0908203,-0.215332,0.990234,-0.000532632,-0.000532632,0
1773775660641,0.0893555,-0.21582,0.990723,0.000532632,-0.000532632,0.00106526
1773775660721,0.0898438,-0.21582,0.989746,0,-0.000532632,0
1773775660801,0.0893555,-0.214355,0.989746,0,0,-0.000532632
1773775660872,0.0888672,-0.215332,0.989258,0.000532632,-0.000532632,0
1773775660952,0.0898438,-0.213867,0.991699,-0.000532632,-0.00106526,-0.000532632
1773775661023,0.0883789,-0.214844,0.98877,0,-0.000532632,0.000532632
1773775661105,0.0908203,-0.215332,0.98877,0,-0.00106526,0
1773775661184,0.0888672,-0.214355,0.991211,0.000532632,-0.000532632,0.000532632
1773775661255,0.090332,-0.214355,0.991211,-0.000532632,-0.00106526,-0.000532632
1773775661335,0.0893555,-0.214355,0.989258,0,-0.0015979,0
1773775661415,0.0883789,-0.213867,0.990234,0.000532632,-0.000532632,-0.00106526
1773775661486,0.0898438,-0.213867,0.989258,0.000532632,-0.000532632,0
1773775661570,0.0883789,-0.211914,0.991699,-0.000532632,-0.00106526,0
1773775661638,0.0913086,-0.215332,0.989258,0,0,0.000532632
1773775661718,0.0898438,-0.213379,0.990234,0.000532632,-0.000532632,-0.000532632
1773775661798,0.0888672,-0.213379,0.990234,0,-0.000532632,-0.000532632
1773775661879,0.090332,-0.213867,0.990234,-0.000532632,-0.000532632,0
1773775661952,0.0908203,-0.214355,0.990723,0.000532632,0,-0.000532632
1773775662030,0.0878906,-0.215332,0.98877,-0.00106526,-0.000532632,-0.000532632
1773775662101,0.0898438,-0.213379,0.991211,0,-0.0015979,-0.000532632
1773775662181,0.0898438,-0.214355,0.989746,0.000532632,-0.00106526,-0.000532632
1773775662261,0.0888672,-0.214355,0.989746,0.000532632,-0.000532632,0
1773775662332,0.0893555,-0.214355,0.990234,-0.000532632,-0.00106526,0
1773775662412,0.0922852,-0.214355,0.989258,0.000532632,0,0.000532632
1773775662493,0.0898438,-0.215332,0.989258,0,-0.00106526,0
1773775662563,0.0913086,-0.216309,0.989746,0,-0.000532632,0.00106526
1773775662644,0.0869141,-0.214844,0.990723,0,0,-0.00106526
1773775662724,0.090332,-0.213867,0.989746,0,0.000532632,-0.000532632
1773775662795,0.0927734,-0.212402,0.989258,-0.000532632,-0.000532632,-0.000532632
1773775662875,0.090332,-0.215332,0.990234,0,-0.00106526,0
1773775662956,0.0869141,-0.213379,0.98877,0.000532632,0,-0.000532632
1773775663026,0.0878906,-0.215332,0.991699,-0.000532632,0,-0.000532632
1773775663107,0.0908203,-0.213867,0.991211,0.000532632,-0.0015979,-0.000532632
1773775663187,0.0888672,-0.213379,0.990234,-0.000532632,-0.000532632,-0.000532632
1773775663259,0.0893555,-0.212891,0.991211,0,-0.00106526,-0.0015979
1773775663339,0.0922852,-0.213867,0.989746,-0.000532632,-0.000532632,0.000532632
1773775663409,0.0908203,-0.213867,0.991211,0,0,-0.000532632
1773775663490,0.0878906,-0.213379,0.990234,0.000532632,-0.00106526,0
1773775663570,0.0874023,-0.213867,0.989258,0,0.000532632,0
1773775663641,0.0893555,-0.215332,0.990234,-0.000532632,0,0.000532632
1773775663722,0.090332,-0.215332,0.990234,-0.000532632,-0.00106526,-0.000532632
1773775663802,0.0893555,-0.213379,0.991699,0.00106526,0,-0.000532632
1773775663873,0.090332,-0.214844,0.991211,0.000532632,-0.0015979,0.00106526
1773775663953,0.0893555,-0.213867,0.990723,0.00106526,0.000532632,-0.000532632
1773775664034,0.090332,-0.214355,0.993164,0,-0.00106526,0
1773775664108,0.0898438,-0.214355,0.991211,0,-0.000532632,-0.0015979
1773775664189,0.0888672,-0.213867,0.991211,-0.000532632,0,0
1773775664256,0.0898438,-0.214355,0.991211,0.000532632,0,-0.000532632
1773775664336,0.0898438,-0.214355,0.990234,-0.000532632,-0.000532632,-0.00106526
1773775664416,0.090332,-0.216797,0.990723,-0.000532632,-0.000532632,-0.00106526
1773775664497,0.0883789,-0.214844,0.990723,0.000532632,-0.000532632,-0.000532632
1773775664567,0.0878906,-0.213867,0.990234,-0.000532632,-0.00106526,0.000532632
1773775664648,0.0908203,-0.214355,0.991211,0,-0.00106526,0
1773775664719,0.0869141,-0.214844,0.98877,-0.00106526,0,0.000532632
1773775664799,0.0908203,-0.214844,0.98877,0.000532632,0.000532632,-0.0015979
1773775664879,0.090332,-0.214355,0.990234,-0.000532632,-0.000532632,0
1773775664950,0.0888672,-0.214844,0.990234,0.00106526,0,0.00106526
1773775665031,0.090332,-0.213867,0.989258,0.000532632,0,-0.000532632
1773775665111,0.0883789,-0.213867,0.989258,-0.000532632,-0.00106526,0.000532632
1773775665181,0.0898438,-0.212891,0.990723,-0.00106526,0,0.000532632
1773775665264,0.0883789,-0.214844,0.989258,0.000532632,-0.000532632,-0.000532632
1773775665342,0.0898438,-0.212402,0.991211,-0.000532632,0,-0.000532632
1773775665413,0.0898438,-0.214844,0.990723,0,-0.000532632,0
1773775665493,0.0888672,-0.214844,0.989746,-0.000532632,0.000532632,0.000532632
1773775665574,0.0888672,-0.214844,0.990723,-0.000532632,-0.00106526,0.000532632
1773775665645,0.0893555,-0.213867,0.991211,0,-0.00106526,-0.000532632
1773775665725,0.090332,-0.213867,0.991699,0,-0.00106526,0.00106526
1773775665806,0.090332,-0.214844,0.990723,-0.00106526,0,-0.00106526
1773775665876,0.0908203,-0.215332,0.990723,0.000532632,-0.00106526,0.000532632
1773775665957,0.090332,-0.213867,0.989258,0,-0.000532632,-0.00106526
1773775666027,0.0883789,-0.212402,0.991699,-0.000532632,-0.00106526,0
1773775666108,0.0898438,-0.21582,0.991211,0,0,-0.000532632
1773775666188,0.0888672,-0.213379,0.990234,-0.000532632,-0.00106526,-0.000532632
1773775666259,0.0883789,-0.21582,0.990723,0,-0.000532632,-0.000532632
1773775666340,0.0898438,-0.215332,0.990234,-0.00106526,0,-0.000532632
1773775666420,0.0888672,-0.213867,0.989258,0.00106526,-0.000532632,0.00106526
1773775666491,0.0888672,-0.21582,0.98877,0.000532632,-0.00106526,0
1773775666572,0.0917969,-0.215332,0.992188,0,-0.000532632,0
1773775666653,0.0883789,-0.213867,0.991699,-0.000532632,0.000532632,-0.00106526
1773775666723,0.0908203,-0.214844,0.98877,-0.000532632,0,-0.000532632
1773775666804,0.0878906,-0.214355,0.990723,0,0,0
1773775666874,0.0888672,-0.214844,0.991211,0.000532632,0,0.000532632
1773775666955,0.0883789,-0.214844,0.98877,0,-0.00106526,-0.00106526
1773775667035,0.0888672,-0.21582,0.992188,-0.000532632,-0.000532632,0.000532632
1773775667110,0.0913086,-0.214355,0.990723,-0.000532632,-0.0015979,-0.000532632
1773775667186,0.0893555,-0.215332,0.990234,0,0,0.000532632
1773775667267,0.0878906,-0.214355,0.990234,0,0.000532632,0.000532632
1773775667337,0.0883789,-0.216309,0.990234,0.000532632,-0.00106526,-0.000532632
1773775667418,0.0913086,-0.214844,0.989258,-0.000532632,0,0.000532632
1773775667498,0.0893555,-0.213379,0.989746,0.000532632,-0.00106526,-0.00106526
1773775667569,0.0874023,-0.212402,0.990723,-0.000532632,-0.000532632,-0.00106526
1773775667650,0.0898438,-0.213867,0.989746,-0.000532632,-0.000532632,0
1773775667721,0.0898438,-0.214355,0.991211,-0.00106526,-0.000532632,0
1773775667803,0.0893555,-0.214844,0.990723,0,-0.00106526,0
1773775667881,0.0893555,-0.211426,0.98877,0,-0.00106526,-0.000532632
1773775667952,0.090332,-0.21582,0.989746,0,-0.00106526,0.000532632
1773775668033,0.0893555,-0.214355,0.989258,0.000532632,0,0.000532632
1773775668107,0.0883789,-0.214844,0.98877,0,0,-0.000532632
1773775668184,0.0883789,-0.211914,0.98877,0.000532632,-0.000532632,-0.000532632
1773775668266,0.0898438,-0.213867,0.991211,0,-0.00106526,-0.000532632
1773775668345,0.0908203,-0.213867,0.990234,0.0015979,0,0.000532632
1773775668415,0.090332,-0.214844,0.989746,0.000532632,-0.00106526,0
1773775668496,0.0888672,-0.215332,0.989258,0,-0.000532632,-0.000532632
1773775668576,0.090332,-0.215332,0.986816,-0.000532632,-0.000532632,-0.000532632
1773775668647,0.0874023,-0.215332,0.990723,0.000532632,-0.000532632,-0.000532632
1773775668727,0.0908203,-0.215332,0.990234,-0.000532632,-0.00106526,-0.00106526
1773775668798,0.0898438,-0.21582,0.989746,0,-0.000532632,0.000532632
1773775668879,0.0883789,-0.21582,0.990234,0.000532632,-0.00106526,-0.00106526
1773775668959,0.0878906,-0.214355,0.989258,0.000532632,-0.00106526,0
1773775669040,0.0883789,-0.212891,0.991699,0.00106526,-0.000532632,0
1773775669111,0.0898438,-0.214355,0.990234,0,-0.000532632,0
1773775669191,0.0888672,-0.215332,0.989258,0.000532632,0,0
1773775669261,0.0898438,-0.212891,0.989258,0,0.000532632,0
1773775669342,0.0888672,-0.214844,0.991211,0,-0.000532632,-0.000532632
1773775669422,0.0874023,-0.214844,0.990234,0.000532632,-0.00106526,0
1773775669493,0.0913086,-0.215332,0.989746,0.000532632,-0.000532632,0.000532632
1773775669574,0.0898438,-0.21582,0.991699,0.00106526,-0.000532632,0.00106526
1773775669654,0.0883789,-0.21582,0.989746,-0.000532632,-0.00106526,0.000532632
1773775669724,0.0888672,-0.214355,0.98877,0,0.000532632,0
1773775669805,0.0878906,-0.214844,0.990234,0,-0.00106526,0
1773775669886,0.0888672,-0.214355,0.988281,0,-0.0015979,-0.000532632
1773775669958,0.0888672,-0.213379,0.991699,-0.000532632,0,0
1773775670037,0.0917969,-0.213867,0.990723,0.00106526,-0.00106526,-0.000532632
1773775670117,0.0898438,-0.214355,0.989258,-0.000532632,0,-0.000532632
1773775670187,0.090332,-0.214844,0.98877,0,-0.000532632,-0.000532632
1773775670268,0.0878906,-0.216309,0.98877,-0.000532632,-0.000532632,0
1773775670348,0.0883789,-0.214355,0.989746,0,-0.000532632,0.000532632
1773775670419,0.0878906,-0.215332,0.988281,0.000532632,0,0.000532632
1773775670499,0.0893555,-0.214355,0.990234,0,-0.00106526,-0.000532632
1773775670570,0.0888672,-0.214355,0.991699,-0.000532632,-0.0015979,-0.000532632
1773775670651,0.0883789,-0.21582,0.990234,0,-0.0015979,0
1773775670732,0.0893555,-0.214844,0.991211,0,-0.000532632,0.000532632
1773775670803,0.0908203,-0.215332,0.989746,0.000532632,-0.000532632,-0.000532632
1773775670884,0.0883789,-0.214355,0.988281,0,-0.0015979,0
1773775670954,0.0888672,-0.215332,0.991699,0,0.000532632,0
1773775671034,0.0893555,-0.213867,0.989746,-0.000532632,0,0
1773775671114,0.0888672,-0.213867,0.989746,0,0,-0.000532632
1773775671195,0.0893555,-0.21582,0.991699,0,0,0
1773775671267,0.090332,-0.213379,0.98877,0.000532632,0,-0.000532632
1773775671345,0.090332,-0.21582,0.98877,-0.00106526,-0.000532632,-0.000532632
1773775671416,0.0898438,-0.214355,0.990723,-0.000532632,0,0.00106526
1773775671496,0.0883789,-0.214355,0.990723,-0.000532632,-0.000532632,-0.000532632
1773775671577,0.0893555,-0.214844,0.990723,0,0.000532632,-0.00106526
1773775671657,0.0893555,-0.214355,0.991211,0.000532632,0,0.000532632
1773775671728,0.0908203,-0.214844,0.989258,-0.000532632,-0.000532632,-0.00106526
1773775671809,0.0893555,-0.214844,0.990723,0,-0.000532632,0.000532632
1773775671880,0.090332,-0.215332,0.989746,-0.000532632,-0.00106526,0
1773775671960,0.0913086,-0.21582,0.990234,0.000532632,-0.000532632,-0.00106526
1773775672031,0.090332,-0.215332,0.990234,-0.000532632,-0.000532632,-0.000532632
1773775672112,0.0883789,-0.214844,0.992188,0.000532632,0,0.000532632
1773775672191,0.0898438,-0.213867,0.989746,-0.00106526,0,0.000532632
1773775672272,0.0888672,-0.214844,0.990234,0.000532632,-0.000532632,0
1773775672342,0.0893555,-0.213867,0.989746,-0.000532632,-0.00106526,-0.000532632
1773775672423,0.0893555,-0.214355,0.991699,0.00106526,-0.00106526,-0.000532632
1773775672504,0.0869141,-0.214844,0.990234,0,0,0.000532632
1773775672574,0.0874023,-0.214355,0.991699,0.000532632,-0.00106526,0.000532632
1773775672655,0.0878906,-0.212891,0.989746,0.00106526,0,0
1773775672735,0.0898438,-0.214355,0.989746,0.000532632,-0.0015979,0
1773775672805,0.0893555,-0.213379,0.989258,0.000532632,-0.00106526,-0.000532632
1773775672889,0.0878906,-0.214844,0.990234,0,-0.00106526,0.000532632
1773775672956,0.0908203,-0.214355,0.989746,-0.00106526,0,0.000532632
1773775673037,0.0913086,-0.215332,0.990723,0,0.000532632,-0.0015979
1773775673118,0.0893555,-0.213379,0.991211,0.000532632,-0.000532632,0.000532632
1773775673192,0.090332,-0.214355,0.990234,0.00106526,-0.00106526,0
1773775673268,0.0878906,-0.21582,0.989746,-0.00106526,-0.000532632,0
1773775673349,0.0888672,-0.215332,0.991211,0,-0.0015979,-0.00106526
1773775673420,0.0883789,-0.214355,0.991211,0.000532632,0,0.000532632
1773775673500,0.0908203,-0.211914,0.989746,0,0.00106526,0
1773775673581,0.0883789,-0.214355,0.990723,-0.000532632,0,-0.000532632
1773775673651,0.0878906,-0.212891,0.989746,0.000532632,0,-0.00106526
1773775673732,0.0898438,-0.214355,0.990234,0,0,-0.00106526
1773775673812,0.0874023,-0.214844,0.990234,-0.000532632,-0.000532632,0
1773775673884,0.0888672,-0.215332,0.989258,0,-0.0015979,0.000532632
1773775673964,0.0888672,-0.213867,0.990723,0.000532632,-0.00106526,0.000532632
1773775674044,0.0874023,-0.212402,0.990234,0,-0.000532632,-0.000532632
1773775674115,0.0893555,-0.212891,0.990234,-0.000532632,-0.000532632,0.000532632
1773775674195,0.0893555,-0.215332,0.990723,0.00106526,0.000532632,0
1773775674267,0.0893555,-0.214355,0.991211,0.000532632,-0.000532632,-0.000532632
1773775674346,0.090332,-0.21582,0.989746,0,-0.000532632,-0.000532632
1773775674417,0.0878906,-0.213867,0.990723,0,-0.000532632,0.00106526
1773775674497,0.0878906,-0.214844,0.989258,0,-0.00106526,0.000532632
1773775674578,0.0888672,-0.214844,0.987793,0.000532632,-0.000532632,0
1773775674658,0.0898438,-0.216797,0.988281,0,-0.000532632,-0.000532632
1773775674729,0.0888672,-0.216309,0.990234,0.000532632,-0.000532632,-0.00106526
1773775674809,0.0893555,-0.212402,0.990723,0,-0.000532632,-0.000532632
1773775674890,0.0898438,-0.213867,0.990723,0.00106526,0,-0.000532632
1773775674961,0.090332,-0.214844,0.993164,0,-0.00106526,-0.000532632
1773775675041,0.0883789,-0.214355,0.991211,0.000532632,-0.000532632,-0.000532632
1773775675122,0.0893555,-0.214355,0.989258,-0.000532632,-0.00106526,-0.000532632
1773775675192,0.0893555,-0.214355,0.990234,0,0,0
1773775675276,0.0888672,-0.213867,0.990723,0,-0.000532632,-0.000532632
1773775675354,0.0898438,-0.215332,0.991211,0,-0.00106526,-0.00106526
1773775675425,0.0883789,-0.216309,0.990723,-0.000532632,-0.000532632,-0.000532632
1773775675505,0.0898438,-0.215332,0.990723,0.000532632,-0.00106526,-0.000532632
1773775675575,0.0883789,-0.215332,0.98877,0,-0.000532632,-0.000532632
1773775675656,0.0888672,-0.214844,0.990234,0,-0.00106526,0.000532632
1773775675736,0.0888672,-0.214355,0.990723,-0.000532632,0.000532632,-0.000532632
1773775675807,0.0874023,-0.213867,0.992676,0,-0.00106526,-0.00106526
1773775675887,0.0898438,-0.214355,0.990723,0.000532632,0,-0.00106526
1773775675968,0.0893555,-0.21582,0.989746,0,-0.000532632,0.000532632
1773775676038,0.090332,-0.215332,0.990234,0.000532632,-0.000532632,-0.000532632
1773775676119,0.0883789,-0.215332,0.990234,0,-0.000532632,0
1773775676199,0.090332,-0.213867,0.990234,-0.000532632,0,-0.000532632
1773775676272,0.0878906,-0.216309,0.989258,0.000532632,-0.000532632,0.00106526
1773775676350,0.0898438,-0.21582,0.991699,0,-0.000532632,0.000532632
1773775676431,0.0893555,-0.214355,0.990723,0.000532632,0.000532632,0.000532632
1773775676501,0.0878906,-0.213867,0.990234,-0.000532632,-0.000532632,0.00106526
1773775676585,0.0883789,-0.215332,0.989746,0,-0.000532632,0
1773775676652,0.0888672,-0.216309,0.990234,0,0,-0.00106526
1773775676733,0.0888672,-0.216797,0.990234,-0.000532632,-0.00106526,-0.000532632
1773775676814,0.0878906,-0.215332,0.988281,0,0,-0.000532632
1773775676894,0.0888672,-0.212891,0.989746,0,-0.000532632,0.000532632
1773775676965,0.0883789,-0.215332,0.990234,0,-0.000532632,0
1773775677045,0.0888672,-0.214355,0.991699,0.000532632,-0.00106526,0.000532632
1773775677116,0.0883789,-0.213867,0.98877,-0.00106526,0,0
1773775677198,0.0878906,-0.212891,0.990234,0.000532632,0,0
1773775677277,0.0883789,-0.214355,0.991699,0.000532632,0,0.000532632
1773775677347,0.0883789,-0.215332,0.990234,-0.000532632,-0.00106526,0.0015979
1773775677431,0.0878906,-0.214355,0.989746,0.000532632,-0.000532632,0.000532632
1773775677510,0.0908203,-0.21582,0.989746,-0.000532632,-0.000532632,-0.0015979
1773775677580,0.0874023,-0.213867,0.990234,0,-0.00106526,0
1773775677660,0.0874023,-0.214355,0.991211,0,0.000532632,-0.000532632
1773775677740,0.0893555,-0.213379,0.991699,0.000532632,-0.000532632,0
1773775677811,0.0888672,-0.212891,0.991211,0,-0.000532632,0.000532632
1773775677891,0.0922852,-0.214844,0.98877,-0.00106526,-0.000532632,0
1773775677972,0.0898438,-0.211914,0.98877,0.000532632,-0.000532632,0.000532632
1773775678042,0.0888672,-0.216309,0.990234,0.00106526,-0.00106526,-0.000532632
1773775678123,0.0893555,-0.21582,0.989746,0,-0.000532632,0
1773775678203,0.0893555,-0.213379,0.990723,-0.000532632,-0.000532632,0
1773775678274,0.0898438,-0.213379,0.990723,0,-0.000532632,0
1773775678354,0.0883789,-0.213867,0.98877,0,-0.000532632,0.000532632
1773775678426,0.0898438,-0.214355,0.990723,0.000532632,0,0
1773775678505,0.0874023,-0.212891,0.991211,0,0,-0.000532632
1773775678586,0.0908203,-0.21582,0.991211,-0.000532632,-0.00106526,-0.00106526
1773775678656,0.0883789,-0.215332,0.989746,0,-0.0015979,0.000532632
1773775678737,0.0898438,-0.213379,0.989258,-0.00106526,-0.00106526,-0.000532632
1773775678817,0.0898438,-0.21582,0.990723,0,0.000532632,-0.000532632
1773775678888,0.0883789,-0.213379,0.991211,0,0,-0.000532632
1773775678968,0.090332,-0.213867,0.990234,-0.000532632,0.000532632,-0.000532632
1773775679049,0.0893555,-0.215332,0.989746,-0.000532632,-0.000532632,0
1773775679119,0.090332,-0.213867,0.989746,0,-0.00106526,0
1773775679200,0.0888672,-0.211914,0.98877,0.000532632,-0.0015979,0
1773775679280,0.0898438,-0.213379,0.991211,0.00106526,-0.000532632,0
1773775679351,0.0864258,-0.215332,0.990234,0,-0.000532632,0.00106526
1773775679432,0.090332,-0.216309,0.989258,0.000532632,0,0
1773775679512,0.0898438,-0.215332,0.991211,-0.000532632,0,0.000532632
1773775679583,0.0898438,-0.216309,0.989258,0.000532632,0.000532632,0
1773775679663,0.0888672,-0.213379,0.989258,-0.000532632,-0.000532632,-0.000532632
1773775679734,0.0888672,-0.21582,0.990723,0,-0.000532632,0
1773775679814,0.0893555,-0.215332,0.989746,-0.000532632,0.000532632,-0.000532632
1773775679896,0.0898438,-0.215332,0.989746,0,-0.000532632,0.000532632
1773775679965,0.090332,-0.21582,0.989258,-0.000532632,0,-0.000532632
1773775680046,0.0893555,-0.214844,0.98877,0,-0.0015979,0.000532632
1773775680127,0.0908203,-0.213867,0.989258,0.00106526,0,0
1773775680197,0.0883789,-0.214355,0.98877,0.00106526,-0.00106526,-0.000532632
1773775680278,0.0908203,-0.213867,0.991211,0.000532632,-0.0015979,-0.000532632
1773775680358,0.090332,-0.213379,0.989258,0,-0.000532632,0
1773775680429,0.090332,-0.216797,0.990234,0,0,0.00106526
1773775680509,0.090332,-0.214355,0.991211,0.000532632,-0.000532632,0
1773775680590,0.0898438,-0.21582,0.990234,0.000532632,0,-0.000532632
1773775680660,0.0878906,-0.217285,0.989258,0,-0.00106526,-0.00106526
1773775680741,0.0893555,-0.21582,0.992188,0,-0.00106526,0
1773775680821,0.090332,-0.213867,0.991211,-0.000532632,-0.000532632,-0.00106526
1773775680892,0.0898438,-0.214844,0.990234,0.000532632,-0.000532632,-0.00106526
1773775680972,0.0898438,-0.213867,0.990723,0.000532632,-0.000532632,-0.000532632
1773775681043,0.0898438,-0.21582,0.991699,0,-0.00106526,-0.000532632
1773775681127,0.0883789,-0.213867,0.990234,-0.00106526,-0.000532632,-0.00106526
1773775681204,0.0888672,-0.213379,0.989746,-0.00106526,-0.000532632,0
1773775681276,0.0893555,-0.213379,0.989258,-0.000532632,-0.000532632,-0.00106526
1773775681355,0.0898438,-0.214844,0.989746,0.00106526,0,0
1773775681436,0.0898438,-0.214355,0.989746,-0.00106526,-0.000532632,0.000532632
1773775681509,0.0878906,-0.213867,0.98877,0.000532632,-0.000532632,0
1773775681587,0.0893555,-0.212402,0.990234,-0.000532632,-0.000532632,-0.000532632
1773775681667,0.090332,-0.214355,0.989258,0,-0.000532632,0.000532632
1773775681738,0.0893555,-0.215332,0.990234,0,-0.00106526,0.000532632
1773775681819,0.0908203,-0.213379,0.993164,0,-0.000532632,0
1773775681889,0.0888672,-0.215332,0.989746,0.000532632,-0.00106526,-0.00106526
1773775681971,0.0898438,-0.214355,0.990234,-0.00106526,-0.000532632,0
1773775682050,0.0883789,-0.21582,0.990723,0.000532632,0,0
1773775682120,0.0888672,-0.212891,0.990723,0.000532632,0,-0.000532632
1773775682201,0.0888672,-0.213867,0.989746,-0.000532632,-0.000532632,0.000532632
1773775682282,0.090332,-0.215332,0.989746,-0.000532632,-0.00106526,-0.00106526
1773775682352,0.0888672,-0.214844,0.98877,0,0,0
1773775682433,0.0883789,-0.214355,0.987793,-0.0015979,0,0.000532632
1773775682514,0.0898438,-0.213867,0.989258,0,-0.000532632,0
1773775682585,0.0888672,-0.213379,0.990723,0.000532632,-0.00106526,0
1773775682665,0.0908203,-0.214844,0.988281,0.00106526,-0.000532632,0.000532632
1773775682745,0.0898438,-0.213379,0.989258,-0.000532632,0,0
1773775682816,0.0893555,-0.212891,0.992188,0,0.00106526,0
1773775682896,0.0908203,-0.214355,0.990234,0.000532632,-0.000532632,-0.000532632
1773775682977,0.0898438,-0.214355,0.991699,-0.00106526,0.000532632,0
1773775683047,0.0898438,-0.216309,0.990723,0,-0.00106526,0
1773775683128,0.0883789,-0.21582,0.988281,-0.00106526,-0.0015979,-0.000532632
1773775683208,0.0893555,-0.215332,0.991211,0.00106526,-0.0015979,-0.000532632
1773775683279,0.0888672,-0.214844,0.989258,0,-0.0015979,0.000532632
1773775683359,0.0883789,-0.215332,0.990234,-0.000532632,0.000532632,-0.000532632
1773775683430,0.0917969,-0.215332,0.990234,0.000532632,-0.000532632,0.000532632
1773775683510,0.0878906,-0.213379,0.991699,-0.000532632,0,0.000532632
1773775683591,0.0878906,-0.213379,0.990234,-0.0015979,-0.000532632,-0.000532632
1773775683662,0.0893555,-0.214355,0.990723,0.000532632,-0.00106526,0.000532632
1773775683742,0.0878906,-0.21582,0.98877,0,-0.00106526,-0.000532632
1773775683823,0.0874023,-0.21582,0.989746,-0.000532632,-0.00106526,-0.00106526
1773775683893,0.0888672,-0.214844,0.989258,0,-0.000532632,-0.00106526
1773775683974,0.0898438,-0.212891,0.990723,0,-0.00106526,0.000532632
1773775684054,0.0898438,-0.212891,0.991699,0.000532632,0,-0.000532632
1773775684125,0.0874023,-0.215332,0.989746,0,-0.0015979,-0.000532632
1773775684205,0.0883789,-0.214355,0.98877,0,-0.000532632,-0.000532632
1773775684286,0.0893555,-0.214844,0.989258,0.000532632,-0.00106526,0.000532632
1773775684356,0.090332,-0.214844,0.991211,-0.000532632,-0.000532632,0
1773775684437,0.0888672,-0.213379,0.990723,0,-0.00106526,0.000532632
1773775684507,0.0888672,-0.214844,0.990723,0.000532632,-0.000532632,0.000532632
1773775684588,0.0917969,-0.214844,0.990234,0.000532632,-0.000532632,0
1773775684669,0.0878906,-0.214844,0.990234,-0.000532632,-0.00106526,0.00106526
1773775684740,0.0898438,-0.215332,0.991211,0,-0.00106526,-0.000532632
1773775684820,0.090332,-0.214844,0.989746,-0.000532632,-0.000532632,0
1773775684900,0.0898438,-0.214355,0.990234,0.0015979,-0.000532632,0
1773775684971,0.0913086,-0.213867,0.991211,0.000532632,-0.00106526,-0.00106526
1773775685051,0.0888672,-0.216797,0.990234,0,0,0
1773775685132,0.0888672,-0.213379,0.990723,0.000532632,-0.00106526,0.000532632
1773775685203,0.0878906,-0.21582,0.991211,0.000532632,-0.00106526,0.00106526
1773775685283,0.0908203,-0.214355,0.992676,0,-0.000532632,0
1773775685363,0.0883789,-0.213379,0.990723,0.00106526,-0.00106526,0.000532632
1773775685434,0.090332,-0.215332,0.990234,-0.000532632,-0.00106526,0
1773775685514,0.0888672,-0.214355,0.990234,-0.000532632,0,0.00106526
1773775685587,0.0888672,-0.214844,0.990234,0,-0.000532632,0
1773775685665,0.0908203,-0.216309,0.991211,0.000532632,-0.00106526,-0.000532632
1773775685746,0.0893555,-0.215332,0.990234,0.000532632,-0.00106526,0.00106526
1773775685816,0.0893555,-0.214355,0.991699,0.000532632,-0.0015979,-0.000532632
1773775685897,0.0898438,-0.214844,0.989258,0,-0.00106526,-0.00106526
1773775685978,0.0883789,-0.214844,0.991699,-0.000532632,0,-0.000532632
1773775686048,0.0883789,-0.213379,0.989258,0.0015979,-0.000532632,-0.000532632
1773775686129,0.090332,-0.214355,0.989258,-0.000532632,-0.00213053,0
1773775686209,0.0908203,-0.213867,0.989258,0.00106526,0,-0.0015979
1773775686280,0.0908203,-0.212891,0.989258,-0.000532632,0,0.00106526
1773775686360,0.090332,-0.213867,0.988281,0,0,0.000532632
1773775686441,0.0878906,-0.213379,0.992188,0.0015979,-0.000532632,0.000532632
1773775686512,0.0878906,-0.214355,0.990723,-0.000532632,-0.00106526,-0.000532632
1773775686592,0.0898438,-0.213379,0.988281,0.000532632,0,0.000532632
1773775686672,0.0893555,-0.215332,0.98877,0,-0.000532632,-0.000532632
1773775686743,0.0888672,-0.214355,0.989746,-0.000532632,0.000532632,-0.00106526
1773775686824,0.0893555,-0.214844,0.989746,-0.000532632,-0.000532632,-0.000532632
1773775686904,0.090332,-0.213379,0.992188,-0.000532632,0,0.00106526
1773775686975,0.090332,-0.213867,0.987793,0.000532632,-0.000532632,0.000532632
1773775687055,0.090332,-0.213379,0.990234,0,-0.0015979,-0.000532632
1773775687126,0.090332,-0.212402,0.990234,0.000532632,-0.00106526,0.000532632
1773775687210,0.0878906,-0.214355,0.987793,0.000532632,0,0
1773775687286,0.090332,-0.214844,0.990723,0.000532632,-0.000532632,0
1773775687357,0.0893555,-0.215332,0.990234,-0.000532632,-0.000532632,0
1773775687438,0.0893555,-0.212402,0.991211,0.000532632,-0.00106526,0.000532632
1773775687518,0.0893555,-0.212891,0.991699,0.000532632,0,0.000532632
1773775687588,0.0908203,-0.213379,0.989258,0.00106526,-0.00106526,0.00106526
1773775687669,0.0908203,-0.214844,0.990234,-0.000532632,-0.000532632,0
1773775687750,0.0908203,-0.215332,0.990234,0.00106526,-0.000532632,0.000532632
1773775687820,0.0898438,-0.212402,0.989258,0,-0.000532632,0
1773775687901,0.0883789,-0.213379,0.990723,-0.000532632,0,0
1773775687981,0.090332,-0.212891,0.989258,0,-0.0015979,-0.000532632
1773775688052,0.0898438,-0.214844,0.98877,0,-0.000532632,0.000532632
1773775688132,0.0893555,-0.213867,0.990234,0.00106526,-0.00106526,-0.000532632
1773775688213,0.0908203,-0.214844,0.987793,0.000532632,-0.000532632,0
1773775688283,0.0898438,-0.214355,0.990723,-0.000532632,-0.00106526,0
1773775688364,0.0898438,-0.214844,0.990234,-0.00106526,-0.00106526,-0.000532632
1773775688434,0.0898438,-0.217285,0.990723,0,0,-0.000532632
1773775688515,0.0888672,-0.212891,0.991211,-0.000532632,0.000532632,0.000532632
1773775688596,0.0898438,-0.214844,0.992188,0.000532632,-0.00106526,0.00106526
1773775688666,0.090332,-0.214844,0.990723,-0.00106526,0.000532632,0.000532632
1773775688746,0.0908203,-0.213379,0.992188,0.000532632,-0.00106526,0.000532632
1773775688817,0.0898438,-0.215332,0.98877,0.000532632,-0.000532632,-0.000532632
1773775688897,0.0898438,-0.212402,0.989258,0,-0.0015979,0
1773775688979,0.0898438,-0.213867,0.991211,0,0,-0.000532632
1773775689059,0.0893555,-0.213867,0.991699,-0.000532632,-0.000532632,-0.00106526
1773775689130,0.0908203,-0.214844,0.98877,0.000532632,0,0.000532632
1773775689210,0.0883789,-0.213867,0.990234,-0.000532632,0,0
1773775689280,0.090332,-0.214355,0.992188,0.000532632,-0.000532632,0
1773775689361,0.0888672,-0.214355,0.98877,0,0,0.000532632
1773775689441,0.0883789,-0.213867,0.989258,0,0.000532632,0.000532632
1773775689512,0.0898438,-0.214355,0.990723,0,-0.00106526,-0.000532632
1773775689593,0.0888672,-0.214844,0.989258,0.000532632,-0.000532632,0
1773775689673,0.0898438,-0.213867,0.991211,0.000532632,0.00106526,0
1773775689747,0.0883789,-0.214844,0.991211,-0.000532632,0.000532632,0
1773775689824,0.0898438,-0.213379,0.990723,0,-0.000532632,0
1773775689905,0.0898438,-0.214355,0.991699,-0.000532632,-0.00106526,-0.000532632
1773775689975,0.0883789,-0.213867,0.991211,0.00106526,0.000532632,0.00106526
1773775690056,0.0888672,-0.214355,0.991211,0,0,0.00106526
1773775690137,0.0898438,-0.213867,0.989258,0,0,0
1773775690207,0.0883789,-0.213867,0.991699,0.000532632,0,0
1773775690291,0.0893555,-0.214355,0.989746,-0.00106526,-0.000532632,0.000532632
1773775690368,0.0893555,-0.215332,0.98877,0,0.00106526,0.000532632
1773775690439,0.0888672,-0.216309,0.989746,-0.00106526,0,-0.000532632
1773775690519,0.0883789,-0.214355,0.989258,0.000532632,-0.00106526,0.00106526
1773775690590,0.0917969,-0.214355,0.990234,0,0,0
1773775690670,0.0893555,-0.215332,0.990234,0,-0.00106526,-0.000532632
1773775690752,0.090332,-0.215332,0.98877,0,-0.00106526,0.000532632
1773775690821,0.0898438,-0.215332,0.990723,0,-0.000532632,-0.000532632
1773775690902,0.0898438,-0.216309,0.990723,0,-0.000532632,-0.000532632
1773775690982,0.0908203,-0.213379,0.991211,0.00106526,-0.000532632,-0.000532632
1773775691053,0.0908203,-0.213379,0.991699,-0.000532632,-0.00106526,-0.00106526
1773775691133,0.0898438,-0.212891,0.990234,0,0,0
1773775691214,0.0898438,-0.215332,0.988281,0,0,0
1773775691284,0.0878906,-0.213867,0.991211,0,-0.000532632,0
1773775691365,0.0888672,-0.214355,0.990234,0,0,0.000532632
1773775691446,0.0883789,-0.216309,0.989746,0.00106526,-0.000532632,0.000532632
1773775691516,0.0874023,-0.214355,0.987305,-0.00106526,-0.00106526,0
1773775691597,0.090332,-0.214844,0.988281,0,-0.000532632,0
1773775691677,0.0908203,-0.214355,0.989746,0.0015979,-0.000532632,0
1773775691748,0.0898438,-0.212402,0.990234,0.000532632,-0.000532632,-0.000532632
1773775691828,0.0883789,-0.214355,0.989746,0,-0.000532632,-0.000532632
1773775691899,0.0883789,-0.213379,0.988281,0.000532632,-0.000532632,-0.000532632
1773775691979,0.0878906,-0.214844,0.990234,0,-0.000532632,0.000532632
1773775692060,0.0893555,-0.213379,0.989746,0.000532632,-0.000532632,0.00106526
1773775692130,0.0888672,-0.214844,0.990234,-0.000532632,0,0
1773775692212,0.0893555,-0.21582,0.992188,-0.000532632,-0.00106526,0.000532632
1773775692291,0.090332,-0.212402,0.990234,0.00106526,-0.000532632,0
1773775692362,0.0893555,-0.212891,0.991211,0.000532632,0,0
1773775692442,0.0888672,-0.213379,0.989746,0.00106526,-0.000532632,-0.000532632
1773775692516,0.0893555,-0.213867,0.990723,0.000532632,-0.00106526,0
1773775692596,0.0893555,-0.216797,0.991211,0,-0.00106526,0.000532632
1773775692674,0.0878906,-0.214844,0.988281,0,-0.000532632,-0.000532632
1773775692745,0.0898438,-0.214844,0.990234,0,0,0.00106526
1773775692825,0.0898438,-0.213867,0.990234,-0.00106526,-0.000532632,0.00106526
1773775692897,0.0893555,-0.212891,0.990234,0.000532632,-0.00106526,0.00106526
1773775692976,0.090332,-0.214355,0.990234,0.000532632,-0.000532632,0
1773775693057,0.0893555,-0.215332,0.989258,-0.00106526,0,-0.000532632
1773775693137,0.090332,-0.213867,0.991699,0.000532632,-0.000532632,0
1773775693208,0.0888672,-0.214844,0.990723,-0.00106526,-0.000532632,0
1773775693288,0.0898438,-0.212891,0.991699,0,-0.000532632,0.00106526
1773775693369,0.090332,-0.214355,0.991211,0.000532632,0.000532632,0.0015979
1773775693439,0.0898438,-0.21582,0.989746,0.00106526,-0.00106526,0
1773775693520,0.0913086,-0.215332,0.991699,0,-0.000532632,-0.000532632
1773775693600,0.0908203,-0.214844,0.991699,0.00106526,-0.000532632,0
1773775693672,0.0898438,-0.216309,0.988281,0.00106526,0.000532632,0.000532632
1773775693751,0.0888672,-0.214844,0.990723,0.00106526,0,-0.000532632
1773775693832,0.090332,-0.213867,0.989746,-0.000532632,-0.000532632,-0.000532632
1773775693903,0.0888672,-0.214844,0.989746,0.000532632,0,0.000532632
1773775693983,0.0888672,-0.214355,0.991211,0.000532632,-0.000532632,-0.000532632
1773775694064,0.0908203,-0.214355,0.990234,0.00106526,-0.000532632,0
1773775694136,0.0883789,-0.214355,0.990723,-0.0015979,0,0
1773775694215,0.0893555,-0.215332,0.989746,0.000532632,0,-0.000532632
1773775694285,0.0888672,-0.216797,0.989746,0,-0.000532632,0
1773775694366,0.0893555,-0.213379,0.991211,-0.000532632,0,0
1773775694447,0.0908203,-0.21582,0.991211,0,-0.000532632,0.000532632
1773775694517,0.0883789,-0.214844,0.990234,0,-0.000532632,0.000532632
1773775694597,0.0898438,-0.213379,0.989258,0,-0.000532632,-0.000532632
1773775694678,0.0893555,-0.215332,0.990234,0.00106526,-0.0015979,-0.00106526
1773775694748,0.0883789,-0.21582,0.989746,0.000532632,0,0
1773775694829,0.0898438,-0.213867,0.991211,0.000532632,-0.000532632,0.000532632
1773775694910,0.090332,-0.214844,0.990723,0,0,0
1773775694980,0.090332,-0.215332,0.990723,0.000532632,-0.000532632,0
1773775695060,0.0893555,-0.212891,0.990234,-0.000532632,-0.00106526,-0.000532632
1773775695141,0.0898438,-0.216309,0.992188,0,-0.000532632,0
1773775695211,0.0898438,-0.213867,0.989746,0,-0.000532632,-0.000532632
1773775695295,0.0888672,-0.215332,0.990723,0,0,0
1773775695373,0.0917969,-0.215332,0.990234,-0.000532632,-0.00106526,0
1773775695443,0.0888672,-0.214844,0.990234,0.00106526,0.000532632,0
1773775695524,0.090332,-0.213867,0.990723,-0.000532632,-0.000532632,0
1773775695595,0.0917969,-0.213379,0.988281,0.000532632,0.000532632,0.000532632
1773775695675,0.090332,-0.215332,0.990723,-0.000532632,-0.00106526,0.000532632
1773775695756,0.0888672,-0.214355,0.989746,-0.000532632,-0.00106526,0.000532632
1773775695826,0.0908203,-0.214844,0.992188,0.000532632,0,-0.00106526
1773775695907,0.090332,-0.214355,0.989258,0.000532632,-0.000532632,0.000532632
1773775695987,0.090332,-0.214844,0.98877,0.000532632,-0.0015979,0
1773775696058,0.0898438,-0.212891,0.992188,-0.000532632,-0.000532632,-0.000532632
1773775696138,0.0898438,-0.214355,0.990723,0,-0.000532632,0
1773775696219,0.0908203,-0.215332,0.991211,0,-0.00106526,-0.000532632
1773775696289,0.0893555,-0.216309,0.989258,0,-0.00106526,0.000532632
1773775696370,0.0893555,-0.213379,0.990723,0.00106526,-0.000532632,0.000532632
1773775696451,0.0893555,-0.214355,0.990234,0,0,-0.00106526
1773775696521,0.090332,-0.213867,0.990723,-0.0015979,0,0
1773775696602,0.0883789,-0.214355,0.989746,0,0.000532632,0
1773775696682,0.090332,-0.215332,0.991699,0,-0.000532632,0
1773775696754,0.0908203,-0.213379,0.991211,0.000532632,-0.00106526,0
1773775696835,0.0888672,-0.214355,0.989746,0.000532632,-0.00106526,0
1773775696907,0.090332,-0.215332,0.990234,-0.000532632,-0.000532632,-0.000532632
1773775696984,0.0874023,-0.213379,0.991211,0.000532632,0,0
1773775697065,0.0893555,-0.213867,0.989258,-0.000532632,0.000532632,0.000532632
1773775697135,0.0878906,-0.213379,0.989258,0.00106526,0,0
1773775697218,0.0883789,-0.213867,0.991211,0,0,-0.000532632
1773775697296,0.090332,-0.214355,0.990234,0.0015979,-0.000532632,0.000532632
1773775697367,0.0883789,-0.214844,0.989258,0,-0.000532632,-0.000532632
1773775697448,0.0888672,-0.213867,0.989746,0,-0.0015979,0.000532632
1773775697528,0.0893555,-0.213379,0.990234,0.000532632,-0.00106526,0.000532632
1773775697598,0.0908203,-0.215332,0.989258,0,0,0
1773775697679,0.0893555,-0.212891,0.990723,0.000532632,-0.000532632,-0.000532632
1773775697759,0.0913086,-0.213379,0.991211,0,-0.000532632,-0.000532632
1773775697832,0.090332,-0.212402,0.98877,0,0.000532632,-0.00106526
1773775697912,0.0893555,-0.214355,0.991211,0.000532632,-0.00106526,-0.000532632
1773775697981,0.0883789,-0.214355,0.989258,0,0.000532632,0.00106526
1773775698062,0.0913086,-0.212402,0.990234,-0.000532632,-0.000532632,0
1773775698145,0.0898438,-0.213867,0.990234,0,0.00106526,0.000532632
1773775698213,0.0908203,-0.214355,0.989746,0.00106526,0,0.000532632
1773775698293,0.0893555,-0.214844,0.990234,0.000532632,0.000532632,0.000532632
1773775698374,0.0869141,-0.215332,0.990234,0,-0.00106526,0
1773775698444,0.0898438,-0.214844,0.98877,0,-0.000532632,0
1773775698525,0.090332,-0.213867,0.989746,-0.000532632,-0.00106526,0.000532632
1773775698606,0.0898438,-0.212891,0.988281,0,-0.000532632,0
1773775698676,0.0893555,-0.21582,0.991699,-0.000532632,-0.00106526,-0.000532632
1773775698757,0.0908203,-0.213867,0.989746,0.00106526,0,0.00106526
1773775698837,0.0908203,-0.213867,0.990234,0.00106526,-0.00106526,-0.000532632
1773775698910,0.0913086,-0.214844,0.991211,-0.000532632,-0.00106526,0
1773775698988,0.0908203,-0.213867,0.990234,-0.000532632,-0.000532632,-0.000532632
1773775699069,0.0888672,-0.213867,0.991211,0.000532632,-0.000532632,-0.00106526
1773775699139,0.0888672,-0.213867,0.989258,0.000532632,0,0
1773775699220,0.0893555,-0.214844,0.987793,0.00106526,-0.00106526,0
1773775699291,0.0893555,-0.215332,0.991211,0,-0.00106526,0
1773775699371,0.0893555,-0.212891,0.988281,-0.00106526,-0.000532632,0
1773775699452,0.0913086,-0.215332,0.990723,-0.000532632,-0.000532632,0
1773775699522,0.090332,-0.213867,0.990234,0.000532632,-0.000532632,-0.000532632
1773775699603,0.0893555,-0.214844,0.993164,0.000532632,-0.000532632,-0.000532632
1773775699684,0.0874023,-0.211914,0.991211,-0.000532632,-0.000532632,0
1773775699754,0.090332,-0.213867,0.991211,0,-0.000532632,0.000532632
1773775699835,0.0908203,-0.214844,0.98877,-0.000532632,-0.000532632,0.000532632
1773775699915,0.0888672,-0.214355,0.990723,0.0015979,-0.000532632,0.000532632
1773775699986,0.0888672,-0.213867,0.990723,0,-0.000532632,-0.000532632
1773775700070,0.0898438,-0.213379,0.990723,0,-0.000532632,0.00106526
1773775700147,0.0888672,-0.214355,0.989258,0,-0.000532632,0
1773775700219,0.0898438,-0.213379,0.990723,0,-0.000532632,0
1773775700300,0.0917969,-0.212891,0.990234,-0.000532632,-0.000532632,0
1773775700378,0.0908203,-0.213867,0.990234,0.000532632,-0.00106526,0
1773775700449,0.0893555,-0.213867,0.990723,-0.000532632,-0.00106526,-0.000532632
1773775700529,0.0893555,-0.213379,0.989258,0,-0.00106526,0.000532632
1773775700600,0.090332,-0.213379,0.989258,0,-0.00106526,0.00106526
1773775700681,0.0883789,-0.213867,0.991699,-0.000532632,0.00106526,-0.000532632
1773775700761,0.0883789,-0.214844,0.991699,-0.000532632,-0.000532632,-0.000532632
1773775700834,0.0898438,-0.212891,0.990234,0.000532632,0,0
1773775700913,0.0888672,-0.213379,0.990234,0.000532632,-0.00106526,0.00106526
1773775700994,0.0893555,-0.215332,0.991211,0.000532632,-0.00106526,-0.00106526
1773775701065,0.0893555,-0.214844,0.990234,0,-0.000532632,-0.000532632
1773775701147,0.090332,-0.214355,0.989746,0.000532632,-0.00106526,-0.000532632
1773775701217,0.0893555,-0.213867,0.988281,-0.000532632,0,-0.00106526
1773775701295,0.0908203,-0.212891,0.990234,-0.000532632,-0.000532632,0
1773775701376,0.0898438,-0.216309,0.990234,-0.000532632,0,-0.000532632
1773775701449,0.090332,-0.214355,0.990234,0,-0.000532632,-0.000532632
1773775701527,0.0883789,-0.214355,0.987793,0.00106526,0,0.000532632
1773775701608,0.0908203,-0.213379,0.989746,-0.000532632,-0.000532632,-0.00106526
1773775701678,0.0888672,-0.213867,0.990234,0,-0.00106526,0
1773775701759,0.0874023,-0.213379,0.990234,0.000532632,-0.000532632,0
1773775701840,0.090332,-0.213867,0.991699,-0.000532632,0,0
1773775701911,0.0898438,-0.214844,0.989258,-0.000532632,0,0
1773775701992,0.0888672,-0.213379,0.990723,0,-0.000532632,-0.0015979
1773775702071,0.090332,-0.214844,0.988281,0,-0.000532632,0
1773775702141,0.0888672,-0.213867,0.988281,0,0,0.000532632
1773775702222,0.0888672,-0.212891,0.989746,0.000532632,-0.00106526,0
1773775702303,0.0878906,-0.213867,0.991211,0,0,0
1773775702373,0.0888672,-0.213379,0.991699,0.000532632,0,0
1773775702453,0.0883789,-0.214844,0.989746,-0.000532632,0.00106526,-0.000532632
1773775702534,0.090332,-0.213379,0.989258,-0.000532632,-0.0015979,0.000532632
1773775702605,0.0888672,-0.215332,0.991699,0,-0.00106526,0.000532632
1773775702685,0.0908203,-0.212402,0.990234,-0.000532632,-0.00106526,0
1773775702756,0.090332,-0.212891,0.990234,0,-0.00106526,-0.000532632
1773775702836,0.0883789,-0.212891,0.989258,0.000532632,0.000532632,-0.000532632
1773775702918,0.090332,-0.21582,0.98877,0,-0.000532632,0.000532632
1773775702988,0.0908203,-0.214355,0.992676,0,-0.00106526,0
1773775703070,0.0893555,-0.21582,0.989746,-0.000532632,-0.000532632,0.000532632
1773775703138,0.0898438,-0.213379,0.990723,0,-0.00106526,-0.0015979
1773775703219,0.0913086,-0.213867,0.989258,0,-0.000532632,0.000532632
1773775703300,0.0908203,-0.212402,0.98877,0.000532632,-0.000532632,0
1773775703380,0.0888672,-0.213867,0.989746,0.000532632,-0.00106526,-0.00106526
1773775703450,0.0893555,-0.213867,0.990234,0.000532632,-0.00106526,0
1773775703531,0.0883789,-0.21582,0.990723,0.000532632,-0.000532632,-0.000532632
1773775703611,0.0898438,-0.214355,0.992676,0.00106526,-0.000532632,0
1773775703682,0.0898438,-0.212402,0.989258,0.00106526,-0.000532632,-0.000532632
1773775703762,0.0883789,-0.214355,0.990234,0,0,0.000532632
1773775703843,0.0898438,-0.214844,0.989746,0.000532632,0,0.000532632
1773775703915,0.0888672,-0.213867,0.990234,0,-0.000532632,-0.000532632
1773775703994,0.0898438,-0.215332,0.991699,-0.000532632,-0.00106526,0
1773775704064,0.0893555,-0.213867,0.98877,0,-0.00106526,0.000532632
1773775704145,0.0893555,-0.214355,0.98877,0.000532632,-0.00106526,-0.000532632
1773775704226,0.0917969,-0.214355,0.989258,0,-0.000532632,0
1773775704296,0.0908203,-0.214355,0.989746,0.000532632,-0.000532632,0
1773775704377,0.0888672,-0.214355,0.990723,0.000532632,-0.00106526,-0.000532632
1773775704457,0.0893555,-0.21582,0.989258,0.00106526,0,0.000532632
1773775704528,0.0898438,-0.213867,0.990723,0,-0.000532632,0.000532632
1773775704608,0.0927734,-0.213867,0.990234,0.000532632,0,0.00106526
1773775704689,0.0878906,-0.214844,0.989746,0.000532632,-0.000532632,0.000532632
1773775704759,0.0893555,-0.214355,0.991211,0.00106526,-0.00106526,-0.000532632
1773775704840,0.0898438,-0.214844,0.991211,0.000532632,0,0.000532632
1773775704920,0.0898438,-0.215332,0.989746,-0.00106526,-0.000532632,0
1773775704991,0.0898438,-0.214355,0.990234,0,-0.00106526,0
1773775705071,0.0908203,-0.21582,0.989258,0,-0.00106526,-0.000532632
1773775705152,0.0883789,-0.213867,0.990234,0.000532632,0.000532632,0.000532632
1773775705225,0.0908203,-0.213867,0.991211,0,0.00106526,0
1773775705304,0.090332,-0.214355,0.990723,0,-0.000532632,0.000532632
1773775705374,0.0927734,-0.215332,0.989746,0.0015979,-0.000532632,-0.000532632
1773775705455,0.0878906,-0.215332,0.990723,0,-0.00106526,-0.000532632
1773775705535,0.0898438,-0.212891,0.989258,-0.0015979,-0.000532632,-0.000532632
1773775705606,0.0869141,-0.214355,0.990723,0,-0.000532632,-0.00106526
1773775705686,0.0883789,-0.214355,0.989746,-0.000532632,0.000532632,0
1773775705767,0.0888672,-0.213379,0.989746,0,-0.000532632,0
1773775705837,0.0874023,-0.214355,0.989746,0,-0.00106526,0
1773775705918,0.0893555,-0.213379,0.98877,0,0,0.000532632
1773775705998,0.090332,-0.213867,0.991211,-0.0015979,0.000532632,0
1773775706069,0.0883789,-0.215332,0.990723,0.000532632,0,0
1773775706149,0.0908203,-0.213379,0.990234,0.000532632,-0.000532632,-0.000532632
1773775706220,0.0898438,-0.214844,0.990234,0.000532632,0,0
1773775706300,0.090332,-0.213379,0.991699,0,0.000532632,0.000532632
1773775706381,0.0893555,-0.214355,0.990234,0.000532632,-0.0015979,-0.000532632
1773775706451,0.090332,-0.212402,0.991211,-0.000532632,-0.000532632,0.000532632
1773775706532,0.0932617,-0.212891,0.990234,0,-0.000532632,-0.000532632
1773775706612,0.0888672,-0.214844,0.98877,0.000532632,-0.00106526,0.000532632
1773775706683,0.090332,-0.21582,0.990723,0,0,0
1773775706765,0.090332,-0.213379,0.992676,0,-0.000532632,-0.00106526
1773775706846,0.0878906,-0.213379,0.990234,0.00106526,-0.000532632,-0.000532632
1773775706915,0.0888672,-0.212402,0.98877,0,-0.000532632,-0.0015979
1773775706995,0.0893555,-0.214355,0.990234,0.0015979,-0.000532632,0.00106526
1773775707076,0.090332,-0.213379,0.990234,0,0,-0.000532632
1773775707146,0.0888672,-0.213379,0.990234,0,-0.000532632,0
1773775707230,0.0913086,-0.214844,0.989746,-0.00106526,0,-0.00106526
1773775707307,0.0888672,-0.214355,0.990723,0.000532632,-0.0015979,0
1773775707378,0.0898438,-0.214355,0.990723,-0.00106526,-0.00106526,-0.00106526
1773775707458,0.0917969,-0.212891,0.988281,0.000532632,-0.000532632,-0.00106526
1773775707530,0.0898438,-0.215332,0.990234,0.00106526,0,0
1773775707609,0.090332,-0.211426,0.989258,0.000532632,0,0.000532632
1773775707690,0.0908203,-0.21582,0.990723,0.00106526,0,-0.000532632
1773775707760,0.0893555,-0.214355,0.990723,0.000532632,-0.000532632,0
1773775707843,0.0888672,-0.214844,0.991699,0,-0.000532632,-0.000532632
1773775707921,0.0888672,-0.214844,0.990234,-0.000532632,-0.000532632,-0.000532632
1773775707992,0.0893555,-0.213867,0.990234,0,0,0
1773775708074,0.0883789,-0.214844,0.990723,0.000532632,-0.000532632,0.000532632
1773775708155,0.0898438,-0.214844,0.991211,0.000532632,-0.000532632,-0.000532632
1773775708228,0.0888672,-0.214355,0.990723,0.000532632,-0.000532632,-0.00106526
1773775708304,0.090332,-0.21582,0.991211,0.00106526,-0.000532632,0.000532632
1773775708385,0.0888672,-0.212402,0.991211,0.00106526,0,0
1773775708455,0.0898438,-0.214844,0.991211,-0.000532632,-0.000532632,0.000532632
1773775708536,0.0908203,-0.213379,0.989746,0.00106526,-0.000532632,-0.000532632
1773775708616,0.090332,-0.216309,0.990234,0.000532632,0,0.000532632
1773775708687,0.0913086,-0.212891,0.991211,0.000532632,-0.000532632,0
1773775708767,0.0888672,-0.213379,0.991211,0.00106526,-0.00106526,0
1773775708842,0.0917969,-0.213867,0.990234,0,-0.000532632,-0.00106526
1773775708920,0.0893555,-0.214844,0.98877,-0.000532632,-0.000532632,0
1773775708999,0.0913086,-0.214844,0.990723,-0.0015979,-0.000532632,-0.000532632
1773775709071,0.0913086,-0.213867,0.991699,-0.000532632,-0.00106526,-0.000532632
1773775709150,0.0883789,-0.213867,0.989258,-0.000532632,0.000532632,-0.000532632
1773775709231,0.0883789,-0.216797,0.991211,-0.000532632,-0.000532632,-0.000532632
1773775709301,0.0908203,-0.214844,0.991211,0.00106526,-0.00106526,0
1773775709382,0.0898438,-0.213867,0.990723,0,-0.000532632,-0.00106526
1773775709462,0.0893555,-0.211914,0.989746,0.000532632,-0.000532632,0
1773775709533,0.0898438,-0.21582,0.990234,0,-0.0015979,0
1773775709613,0.0883789,-0.214844,0.990234,0,-0.00106526,-0.000532632
1773775709694,0.0888672,-0.213867,0.989746,0.000532632,-0.000532632,0
1773775709764,0.0898438,-0.213379,0.990723,-0.00106526,0,0
1773775709846,0.0893555,-0.213379,0.986816,-0.000532632,0.000532632,0.000532632
1773775709917,0.090332,-0.214355,0.98877,0.000532632,-0.000532632,-0.000532632
1773775709996,0.0898438,-0.214355,0.989258,-0.000532632,-0.00106526,-0.00106526
1773775710076,0.0893555,-0.213867,0.991211,0.00106526,-0.00106526,-0.000532632
1773775710149,0.0893555,-0.212402,0.990723,-0.000532632,-0.000532632,-0.00106526
1773775710227,0.090332,-0.213379,0.989746,0,-0.000532632,0
1773775710308,0.090332,-0.213867,0.989746,0.00106526,-0.000532632,-0.000532632
1773775710378,0.0898438,-0.212891,0.990723,0,-0.00106526,-0.00106526
1773775710459,0.090332,-0.213867,0.989746,0.000532632,-0.000532632,0.000532632
1773775710540,0.090332,-0.21582,0.991699,0,-0.000532632,-0.000532632
1773775710610,0.0908203,-0.213867,0.98877,0,-0.00106526,0.000532632
1773775710692,0.0893555,-0.213867,0.990723,0.000532632,0.000532632,-0.000532632
1773775710772,0.0883789,-0.211914,0.989746,-0.000532632,-0.00213053,0
1773775710842,0.0913086,-0.214355,0.991211,0.000532632,-0.00106526,-0.00106526
1773775710925,0.0888672,-0.215332,0.98877,0,-0.00106526,0
1773775711004,0.0908203,-0.214355,0.990234,0,-0.000532632,-0.00106526
1773775711074,0.0888672,-0.214844,0.989746,0,-0.00106526,-0.000532632
1773775711154,0.090332,-0.215332,0.988281,0.00106526,-0.000532632,-0.00106526
1773775711235,0.0893555,-0.213379,0.991211,-0.000532632,0,0
1773775711305,0.0878906,-0.21582,0.991211,0,-0.000532632,0.000532632
1773775711385,0.0898438,-0.215332,0.98877,0.000532632,-0.000532632,-0.000532632
1773775711466,0.0888672,-0.212402,0.990234,-0.000532632,-0.00106526,-0.000532632
1773775711537,0.0878906,-0.214355,0.98877,-0.00106526,0,-0.000532632
1773775711617,0.0898438,-0.214355,0.989258,0.000532632,0,-0.00106526
1773775711690,0.0898438,-0.214844,0.990723,0,0,0.000532632
1773775711768,0.090332,-0.213867,0.991211,-0.000532632,-0.000532632,-0.000532632
1773775711848,0.0888672,-0.213867,0.989258,-0.000532632,0,-0.000532632
1773775711920,0.090332,-0.212891,0.990723,0.000532632,-0.000532632,-0.000532632
1773775711999,0.090332,-0.216309,0.987793,-0.000532632,-0.000532632,0.000532632
1773775712080,0.0883789,-0.213867,0.990723,0,0,-0.000532632
1773775712150,0.0888672,-0.214355,0.992676,0,0,0
1773775712232,0.0888672,-0.213379,0.987305,0,-0.000532632,0
1773775712312,0.0883789,-0.214355,0.991211,-0.000532632,0.000532632,0
1773775712382,0.0893555,-0.213867,0.98877,-0.000532632,-0.00106526,-0.000532632
1773775712462,0.0883789,-0.213867,0.988281,0.00106526,0,0.00106526
1773775712543,0.0893555,-0.213867,0.989258,0,-0.00106526,0.00106526
1773775712614,0.0893555,-0.212402,0.989258,-0.000532632,-0.000532632,-0.000532632
1773775712694,0.0893555,-0.215332,0.992188,0,-0.000532632,-0.000532632
1773775712775,0.0893555,-0.213379,0.98877,0,-0.00106526,0.000532632
1773775712845,0.0888672,-0.213379,0.990234,0.00106526,-0.0015979,-0.000532632
1773775712926,0.0883789,-0.214844,0.991699,-0.000532632,-0.000532632,-0.000532632
1773775712996,0.0898438,-0.213867,0.990234,0,-0.000532632,0
1773775713077,0.090332,-0.212891,0.989258,-0.00106526,-0.000532632,0
1773775713157,0.0888672,-0.213379,0.990723,0.000532632,-0.000532632,-0.000532632
1773775713228,0.0927734,-0.214355,0.992188,0.000532632,-0.000532632,0
1773775713308,0.0898438,-0.21582,0.989258,0,-0.0015979,-0.000532632
1773775713389,0.0893555,-0.213867,0.991699,-0.0015979,-0.00106526,0.00106526
1773775713459,0.0908203,-0.214355,0.990723,0,-0.00106526,0
1773775713540,0.0893555,-0.21582,0.989746,-0.000532632,-0.0015979,-0.000532632
1773775713620,0.0898438,-0.214844,0.989258,0,0,-0.00106526
1773775713692,0.0883789,-0.216309,0.991699,0,-0.000532632,-0.00106526
1773775713773,0.090332,-0.215332,0.990234,0.000532632,-0.0015979,0
1773775713852,0.0888672,-0.213379,0.988281,0,0.00106526,0.0015979
1773775713925,0.090332,-0.213867,0.991211,0,-0.000532632,-0.000532632
1773775714003,0.0893555,-0.214355,0.990234,0.000532632,-0.000532632,-0.000532632
1773775714084,0.0893555,-0.213379,0.987305,0,-0.000532632,0
1773775714154,0.0874023,-0.214844,0.989746,-0.000532632,0.000532632,0
1773775714235,0.0898438,-0.214355,0.98877,0,0,0
1773775714305,0.0893555,-0.214844,0.991699,-0.000532632,-0.000532632,-0.000532632
1773775714386,0.0883789,-0.213379,0.989258,0.000532632,-0.000532632,0
1773775714466,0.0888672,-0.214355,0.990723,-0.000532632,-0.000532632,-0.000532632
1773775714537,0.0878906,-0.215332,0.990234,0.000532632,0.000532632,0.000532632
1773775714618,0.0913086,-0.213379,0.991211,0.000532632,-0.00106526,0.000532632
1773775714698,0.0913086,-0.214355,0.992188,0,-0.00106526,-0.0015979
1773775714770,0.0888672,-0.213379,0.989746,0,-0.000532632,0.000532632
1773775714852,0.0888672,-0.213867,0.991211,0.000532632,-0.00106526,0.000532632
1773775714930,0.090332,-0.214355,0.989746,-0.00106526,0,-0.000532632
1773775715000,0.090332,-0.213379,0.992188,0,0,-0.000532632
1773775715081,0.0898438,-0.214355,0.990723,-0.000532632,-0.00106526,-0.000532632
1773775715161,0.0893555,-0.215332,0.990234,0,0.000532632,0
1773775715232,0.0898438,-0.213379,0.990234,-0.000532632,-0.000532632,0
1773775715312,0.0893555,-0.213379,0.988281,0,-0.00106526,-0.000532632
1773775715383,0.0888672,-0.213379,0.987793,0,0,0
1773775715463,0.0874023,-0.215332,0.989746,0,-0.000532632,0.000532632
1773775715544,0.0888672,-0.213867,0.992676,-0.000532632,-0.000532632,0.00106526
1773775715615,0.0908203,-0.214844,0.990234,-0.000532632,-0.00106526,0
1773775715695,0.090332,-0.210938,0.989746,0,-0.000532632,-0.000532632
1773775715776,0.0898438,-0.214355,0.989746,-0.000532632,-0.000532632,0.000532632
1773775715846,0.0893555,-0.214844,0.991211,0,-0.00106526,0.00106526
1773775715927,0.0874023,-0.214355,0.990234,0.000532632,-0.00106526,0
1773775716007,0.0888672,-0.213867,0.991211,0.0015979,0,0
1773775716078,0.090332,-0.212891,0.990723,0.000532632,-0.000532632,-0.000532632
1773775716159,0.0888672,-0.214844,0.990723,0.000532632,-0.00106526,0
1773775716239,0.0874023,-0.215332,0.991211,0,0,0.0015979
1773775716310,0.0878906,-0.214355,0.989746,0.000532632,0,0
1773775716390,0.0883789,-0.214844,0.98877,0,-0.00106526,0.000532632
1773775716464,0.090332,-0.213867,0.989746,0.000532632,0,0.000532632
1773775716542,0.0888672,-0.216797,0.990234,0,0,0.000532632
1773775716622,0.0913086,-0.215332,0.991211,-0.000532632,-0.00106526,-0.000532632
1773775716693,0.0878906,-0.213867,0.989746,0,-0.00106526,-0.000532632
1773775716774,0.0893555,-0.213379,0.990234,0.000532632,-0.000532632,0.000532632
1773775716854,0.0874023,-0.213867,0.990234,0,-0.00106526,0.000532632
1773775716927,0.0898438,-0.214355,0.990723,0,-0.000532632,-0.000532632
1773775717005,0.0898438,-0.214355,0.98877,-0.00106526,-0.0015979,-0.0015979
1773775717085,0.0898438,-0.214844,0.991211,0.000532632,-0.00106526,0.000532632
1773775717156,0.0883789,-0.212891,0.991699,0,0,-0.00106526
1773775717238,0.0888672,-0.215332,0.989258,-0.00106526,-0.000532632,0
1773775717317,0.0908203,-0.211914,0.990723,0.000532632,0.000532632,-0.00106526
1773775717387,0.090332,-0.213867,0.989746,0.00106526,-0.000532632,0
1773775717468,0.0898438,-0.212402,0.990723,0.000532632,0,0
1773775717549,0.0898438,-0.215332,0.987305,0,0.000532632,0
1773775717619,0.0898438,-0.213867,0.989746,0,0,0
1773775717700,0.0888672,-0.21582,0.990234,-0.000532632,-0.000532632,0.000532632
1773775717770,0.0898438,-0.214355,0.989746,0.000532632,-0.000532632,-0.000532632
1773775717851,0.0888672,-0.214355,0.991211,0.000532632,-0.0015979,-0.00106526
1773775717931,0.0893555,-0.21582,0.990723,0.000532632,-0.000532632,-0.00106526
1773775718002,0.090332,-0.212402,0.991211,-0.000532632,0,-0.00106526
1773775718083,0.0898438,-0.213379,0.98877,0,0.000532632,-0.000532632
1773775718163,0.0893555,-0.213867,0.990234,0,-0.000532632,-0.000532632
1773775718235,0.0883789,-0.213379,0.989258,-0.000532632,-0.000532632,-0.000532632
1773775718314,0.0908203,-0.216309,0.989746,0,0,0
1773775718394,0.0888672,-0.213867,0.989746,-0.00106526,-0.00106526,0.000532632
1773775718465,0.0908203,-0.214355,0.990234,0,-0.000532632,0.000532632
1773775718545,0.0874023,-0.21582,0.991699,-0.000532632,0,0.00106526
1773775718626,0.0898438,-0.21582,0.990723,0,-0.000532632,0.00106526
1773775718696,0.0888672,-0.215332,0.990234,-0.000532632,-0.00106526,0
1773775718777,0.090332,-0.21582,0.989746,0.000532632,0.000532632,0
