timestamp_ms,acc_x,acc_y,acc_z,gyro_x,gyro_y,gyro_z
1773772871800,0.0864258,-0.220703,0.986816,0.0015979,-0.00106526,0.000532632
1773772871870,0.0883789,-0.217285,0.989258,-0.00213053,0.000532632,-0.000532632
1773772871951,0.0854492,-0.219727,0.98877,0,-0.000532632,0.000532632
1773772872031,0.0883789,-0.220215,0.987793,-0.000532632,0,-0.000532632
1773772872102,0.0859375,-0.219238,0.986816,-0.000532632,0.000532632,0.000532632
1773772872183,0.0864258,-0.219727,0.987793,0,-0.00106526,-0.00106526
1773772872253,0.0874023,-0.217773,0.987305,0,0,0
1773772872334,0.0878906,-0.21875,0.98877,0,-0.000532632,-0.000532632
1773772872415,0.0864258,-0.21875,0.986816,0.000532632,0.000532632,0.000532632
1773772872485,0.0878906,-0.218262,0.986328,0,0.000532632,-0.000532632
1773772872565,0.0878906,-0.218262,0.987793,0,-0.000532632,-0.000532632
1773772872646,0.0883789,-0.220703,0.98877,-0.000532632,-0.000532632,-0.000532632
1773772872716,0.0869141,-0.218262,0.989258,-0.000532632,0,0
1773772872797,0.0878906,-0.219727,0.986816,0.000532632,-0.000532632,0.000532632
1773772872877,0.0878906,-0.217773,0.989258,0,0,0.000532632
1773772872948,0.0878906,-0.217773,0.992188,0.000532632,-0.00106526,0
1773772873028,0.0878906,-0.219727,0.98877,0,0,0.00106526
1773772873109,0.0898438,-0.219238,0.988281,0.000532632,0,0.000532632
1773772873179,0.0864258,-0.220215,0.987793,-0.000532632,0.000532632,0.000532632
1773772873260,0.0874023,-0.219238,0.987793,-0.000532632,-0.000532632,0.00106526
1773772873330,0.0883789,-0.219238,0.987793,0.000532632,-0.000532632,0.00106526
1773772873412,0.0898438,-0.219238,0.98877,0,-0.000532632,-0.000532632
1773772873492,0.0888672,-0.219238,0.989258,0,0.000532632,-0.000532632
1773772873562,0.0874023,-0.219238,0.990234,0,0,0.000532632
1773772873643,0.0859375,-0.217773,0.989258,0.000532632,-0.00106526,0.00106526
1773772873723,0.0854492,-0.218262,0.988281,0,-0.000532632,0
1773772873794,0.0859375,-0.219238,0.986816,0.000532632,0,0
1773772873874,0.0874023,-0.219238,0.98877,-0.000532632,0.000532632,0.000532632
1773772873955,0.0888672,-0.219727,0.98877,-0.000532632,0,0.00106526
1773772874025,0.0874023,-0.22168,0.98877,-0.000532632,0,-0.000532632
1773772874106,0.0878906,-0.21875,0.989258,0.000532632,-0.000532632,0
1773772874186,0.0883789,-0.216797,0.987305,0,0,0
1773772874257,0.0864258,-0.21875,0.987793,0,-0.000532632,0
1773772874337,0.0869141,-0.217773,0.987793,-0.000532632,0,0.00106526
1773772874418,0.0874023,-0.217773,0.989746,0.00106526,-0.000532632,0
1773772874489,0.0864258,-0.216797,0.988281,0.000532632,-0.000532632,0.000532632
1773772874569,0.0869141,-0.21875,0.989258,0.000532632,0,-0.000532632
1773772874640,0.0874023,-0.21875,0.989258,0,-0.000532632,-0.0015979
1773772874720,0.0869141,-0.21875,0.986328,-0.000532632,-0.000532632,0.0015979
1773772874801,0.0874023,-0.217285,0.985352,0,-0.000532632,0
1773772874871,0.0869141,-0.22168,0.988281,0,0,0.000532632
1773772874952,0.0878906,-0.220215,0.987793,0,0,0
1773772875032,0.0878906,-0.218262,0.986328,0,0.000532632,0.000532632
1773772875103,0.0864258,-0.21875,0.98877,-0.00106526,-0.000532632,-0.000532632
1773772875183,0.0874023,-0.21875,0.987793,0,-0.000532632,0.000532632
1773772875264,0.0864258,-0.221191,0.989258,0.000532632,0,0.0015979
1773772875334,0.0878906,-0.217773,0.991211,0,-0.000532632,-0.00106526
1773772875415,0.0859375,-0.217773,0.989746,0,-0.000532632,-0.00106526
1773772875485,0.0859375,-0.218262,0.988281,-0.000532632,0.000532632,0
1773772875566,0.0864258,-0.219238,0.987305,0.00106526,0,-0.000532632
1773772875647,0.0888672,-0.220215,0.987305,0,0,0
1773772875727,0.0864258,-0.21875,0.987793,-0.000532632,-0.000532632,0
1773772875798,0.0883789,-0.21875,0.986328,-0.000532632,-0.000532632,0.00106526
1773772875878,0.0883789,-0.21875,0.988281,0.000532632,0.000532632,-0.0015979
1773772875949,0.0874023,-0.21875,0.989746,0.000532632,-0.00106526,-0.000532632
1773772876029,0.0888672,-0.219238,0.988281,0,-0.000532632,0
1773772876110,0.0864258,-0.218262,0.987793,0,-0.000532632,0.000532632
1773772876180,0.0888672,-0.216309,0.987305,0,-0.000532632,0
1773772876261,0.0878906,-0.218262,0.988281,-0.00106526,0.000532632,-0.0015979
1773772876342,0.0864258,-0.219238,0.988281,-0.000532632,0.000532632,0.000532632
1773772876412,0.0854492,-0.219238,0.987305,0,0,0
1773772876493,0.0874023,-0.218262,0.989258,-0.000532632,-0.00106526,-0.00106526
1773772876573,0.0864258,-0.217773,0.98877,-0.00106526,-0.000532632,-0.000532632
1773772876644,0.0864258,-0.21875,0.98877,0,0,0.000532632
1773772876724,0.0859375,-0.21875,0.989258,-0.000532632,-0.00106526,-0.00106526
1773772876805,0.0864258,-0.21875,0.988281,-0.0015979,-0.000532632,0
1773772876875,0.0878906,-0.217285,0.988281,0.000532632,-0.00106526,-0.00106526
1773772876956,0.0893555,-0.219727,0.987793,0.000532632,-0.000532632,0.000532632
1773772877036,0.0864258,-0.21875,0.988281,-0.000532632,0,0
1773772877107,0.0869141,-0.217285,0.987793,0,-0.000532632,0.000532632
1773772877187,0.0869141,-0.218262,0.987793,0,-0.00106526,-0.000532632
1773772877258,0.0854492,-0.219238,0.988281,0.000532632,-0.00106526,0
1773772877338,0.0849609,-0.21875,0.990234,0,-0.000532632,-0.000532632
1773772877419,0.0859375,-0.21875,0.98877,0.000532632,0,0
1773772877490,0.0898438,-0.219727,0.989258,-0.00106526,-0.00106526,0
1773772877570,0.0859375,-0.218262,0.988281,0,-0.000532632,0
1773772877651,0.0878906,-0.218262,0.989258,0,0,-0.000532632
1773772877721,0.0878906,-0.219727,0.986328,-0.000532632,-0.000532632,0.000532632
1773772877802,0.0869141,-0.217773,0.987793,0,0,0.000532632
1773772877882,0.0874023,-0.219238,0.987793,-0.000532632,-0.000532632,0.000532632
1773772877953,0.0888672,-0.219727,0.990234,0,-0.00106526,-0.000532632
1773772878033,0.0869141,-0.21875,0.989258,-0.000532632,-0.00106526,0
1773772878114,0.0874023,-0.216797,0.990234,0.00106526,-0.000532632,0
1773772878184,0.0869141,-0.219238,0.987793,0.00106526,-0.00106526,-0.000532632
1773772878265,0.0874023,-0.219727,0.989258,-0.000532632,0,0.00106526
1773772878335,0.0888672,-0.219238,0.988281,0.000532632,-0.00106526,-0.000532632
1773772878416,0.0893555,-0.219727,0.987305,-0.000532632,0.000532632,0.000532632
1773772878497,0.0874023,-0.218262,0.986328,-0.000532632,-0.0015979,0.000532632
1773772878567,0.0893555,-0.219727,0.988281,0.000532632,0,-0.000532632
1773772878648,0.0864258,-0.219727,0.988281,-0.00106526,0,0.000532632
1773772878728,0.0859375,-0.21875,0.987793,0,0,0.000532632
1773772878799,0.0869141,-0.220215,0.987793,0,0.000532632,0.000532632
1773772878879,0.0883789,-0.219238,0.98584,0.000532632,-0.00106526,-0.00106526
1773772878960,0.0869141,-0.22168,0.988281,-0.000532632,-0.000532632,0
1773772879030,0.0883789,-0.219238,0.988281,0,0,0
1773772879111,0.0878906,-0.219727,0.988281,0,0,-0.000532632
1773772879191,0.0859375,-0.217773,0.989258,-0.000532632,0.00106526,0
1773772879262,0.0883789,-0.219727,0.98877,0.000532632,-0.000532632,-0.000532632
1773772879342,0.0869141,-0.216797,0.990234,0,0.000532632,-0.000532632
1773772879423,0.0883789,-0.216309,0.988281,0.000532632,-0.000532632,-0.000532632
1773772879494,0.0864258,-0.218262,0.988281,0,0,0
1773772879574,0.0874023,-0.219238,0.990234,-0.000532632,0.000532632,0.000532632
1773772879645,0.0878906,-0.217285,0.986816,0.000532632,0.000532632,-0.000532632
1773772879725,0.0874023,-0.218262,0.988281,-0.00106526,0.000532632,-0.00106526
1773772879806,0.0878906,-0.21875,0.986328,0.000532632,-0.000532632,-0.00106526
1773772879876,0.0864258,-0.21875,0.986328,-0.000532632,-0.000532632,0
1773772879957,0.0874023,-0.220215,0.988281,0,-0.000532632,-0.000532632
1773772880037,0.0864258,-0.21875,0.988281,0,0,0
1773772880108,0.0883789,-0.219238,0.989746,0,-0.00106526,-0.0015979
1773772880188,0.0874023,-0.21875,0.987793,0.000532632,0,-0.00106526
1773772880269,0.0893555,-0.218262,0.988281,0,0,0
1773772880339,0.0883789,-0.21875,0.989746,-0.000532632,0.000532632,0
1773772880420,0.0878906,-0.218262,0.987305,-0.000532632,-0.000532632,-0.000532632
1773772880501,0.0854492,-0.219238,0.987793,0.00106526,-0.00106526,-0.000532632
1773772880571,0.0874023,-0.219727,0.989746,0.000532632,0.000532632,-0.000532632
1773772880652,0.0883789,-0.218262,0.988281,0,0,0
1773772880732,0.0869141,-0.219238,0.989258,0,-0.000532632,0.00106526
1773772880803,0.0859375,-0.219727,0.987793,-0.000532632,-0.000532632,0
1773772880883,0.0869141,-0.218262,0.986328,0,-0.00106526,0.00106526
1773772880954,0.0893555,-0.21875,0.988281,0,-0.00106526,0.000532632
1773772881034,0.0869141,-0.217773,0.98877,0,0,-0.00106526
1773772881115,0.0874023,-0.219727,0.987793,0,0,0
1773772881185,0.0854492,-0.216797,0.987793,-0.000532632,-0.000532632,0
1773772881266,0.0864258,-0.21875,0.986816,0.000532632,0,0
1773772881347,0.0869141,-0.219727,0.988281,-0.000532632,-0.000532632,0.000532632
1773772881417,0.0869141,-0.219238,0.988281,-0.00213053,-0.000532632,0
1773772881498,0.0883789,-0.217285,0.98584,-0.000532632,-0.000532632,0
1773772881578,0.0864258,-0.219238,0.987305,0,-0.000532632,0.00106526
1773772881649,0.0864258,-0.217285,0.987793,0.000532632,0,0.000532632
1773772881729,0.0874023,-0.217285,0.988281,0,0,0
1773772881810,0.0878906,-0.219238,0.989746,0,0,0.000532632
1773772881880,0.0864258,-0.219727,0.989746,-0.00106526,0,0
1773772881961,0.0888672,-0.217285,0.986328,0,0,0.000532632
1773772882031,0.0864258,-0.217285,0.988281,0.000532632,-0.000532632,0
1773772882112,0.0864258,-0.217285,0.989258,0.00106526,0,-0.0015979
1773772882192,0.0878906,-0.217285,0.987793,0,-0.000532632,0
1773772882263,0.0874023,-0.218262,0.98877,0.000532632,0,0.000532632
1773772882343,0.0878906,-0.217285,0.987305,0.000532632,-0.000532632,0
1773772882425,0.0878906,-0.219238,0.989258,0.00106526,-0.000532632,-0.000532632
1773772882497,0.0859375,-0.219727,0.98877,0,-0.000532632,0.000532632
1773772882575,0.0874023,-0.217773,0.986816,0.000532632,0,0
1773772882655,0.0864258,-0.217773,0.990234,0.00106526,0.000532632,-0.000532632
1773772882726,0.0859375,-0.219238,0.986816,-0.000532632,0,0
1773772882807,0.0888672,-0.217285,0.988281,0.000532632,0,0.000532632
1773772882887,0.0878906,-0.217285,0.990234,0.000532632,0,0
1773772882958,0.0874023,-0.21875,0.98877,0.000532632,0,0
1773772883038,0.0839844,-0.217285,0.990234,0,-0.000532632,0
1773772883119,0.0883789,-0.21875,0.990234,0.000532632,-0.000532632,-0.000532632
1773772883189,0.0883789,-0.21875,0.989746,0,-0.00106526,0
1773772883270,0.0888672,-0.220215,0.989746,0.000532632,0.000532632,-0.000532632
1773772883340,0.0874023,-0.219238,0.988281,-0.000532632,0.000532632,0.000532632
1773772883421,0.0888672,-0.217285,0.989746,0,0,0.000532632
1773772883501,0.0878906,-0.21875,0.987793,0,0,-0.000532632
1773772883572,0.0874023,-0.21875,0.98877,-0.000532632,0,-0.00106526
1773772883652,0.0883789,-0.218262,0.989258,0.000532632,-0.0015979,0.000532632
1773772883733,0.0874023,-0.218262,0.989258,0.000532632,0,0
1773772883804,0.0878906,-0.218262,0.988281,0,-0.00106526,-0.000532632
1773772883884,0.090332,-0.218262,0.988281,0.000532632,0,-0.000532632
1773772883965,0.0869141,-0.218262,0.98877,0,0.000532632,0
1773772884035,0.0878906,-0.217285,0.989258,0,0,-0.00106526
1773772884116,0.0878906,-0.218262,0.990234,0.000532632,-0.00106526,-0.000532632
1773772884196,0.0874023,-0.21875,0.989746,0.000532632,0.000532632,0.000532632
1773772884267,0.0878906,-0.219727,0.987793,0.000532632,-0.000532632,0.000532632
1773772884348,0.0874023,-0.218262,0.987793,-0.000532632,-0.000532632,0
1773772884428,0.0883789,-0.217285,0.988281,-0.000532632,0,-0.00106526
1773772884498,0.0883789,-0.216309,0.98877,0.000532632,0.000532632,-0.000532632
1773772884579,0.0864258,-0.219238,0.989746,-0.000532632,0,-0.0015979
1773772884649,0.0874023,-0.219238,0.987305,0,0,0
1773772884730,0.0864258,-0.218262,0.989746,0.000532632,0.000532632,0.000532632
1773772884810,0.0869141,-0.219727,0.989258,0.000532632,-0.000532632,0.000532632
1773772884881,0.0883789,-0.218262,0.988281,-0.00106526,0,-0.000532632
1773772884961,0.0874023,-0.218262,0.987793,0,0,0
1773772885042,0.0874023,-0.220215,0.986816,-0.000532632,-0.0015979,-0.000532632
1773772885113,0.0888672,-0.220703,0.989746,-0.000532632,-0.00106526,0.000532632
1773772885193,0.0874023,-0.221191,0.986328,0,0,-0.00106526
1773772885274,0.0869141,-0.217285,0.987305,0,0,0
1773772885344,0.0849609,-0.219238,0.989258,-0.00106526,0,0.00106526
1773772885425,0.0874023,-0.217285,0.988281,-0.000532632,0,0
1773772885505,0.0878906,-0.21875,0.987305,0,0.000532632,0.00106526
1773772885576,0.0878906,-0.219727,0.986816,0,-0.000532632,0.00106526
1773772885656,0.0893555,-0.218262,0.989258,0.00106526,-0.000532632,0.000532632
1773772885737,0.0878906,-0.21875,0.987793,0,-0.000532632,0
1773772885807,0.0878906,-0.217773,0.987793,0,0.000532632,0
1773772885888,0.0874023,-0.218262,0.987305,0.00106526,0,0.000532632
1773772885958,0.0874023,-0.217285,0.989258,0.000532632,0,0.0015979
1773772886039,0.0888672,-0.217773,0.988281,0,-0.000532632,0.000532632
1773772886119,0.0859375,-0.219238,0.98877,0,0,0
1773772886190,0.0893555,-0.220215,0.98877,0,-0.000532632,-0.000532632
1773772886271,0.0859375,-0.219727,0.987305,0.000532632,-0.000532632,0
1773772886351,0.0874023,-0.219238,0.98877,0.000532632,0,0.00106526
1773772886422,0.0849609,-0.216797,0.989746,-0.000532632,-0.000532632,-0.00106526
1773772886503,0.0869141,-0.217773,0.988281,0.00106526,0,-0.000532632
1773772886583,0.0874023,-0.219238,0.988281,0,0,0
1773772886654,0.0878906,-0.217285,0.98877,-0.000532632,0.000532632,0
1773772886734,0.0869141,-0.21875,0.988281,0,-0.00106526,0.000532632
1773772886815,0.0888672,-0.21875,0.987793,0.000532632,0,0.000532632
1773772886885,0.0874023,-0.217285,0.990723,-0.00106526,0,0.00106526
1773772886966,0.0874023,-0.220215,0.989258,-0.000532632,-0.00106526,-0.000532632
1773772887046,0.0869141,-0.21875,0.987793,-0.000532632,0,-0.000532632
1773772887117,0.0864258,-0.218262,0.98877,0,-0.000532632,0.00106526
1773772887197,0.0888672,-0.217773,0.988281,-0.000532632,-0.00106526,0.000532632
1773772887268,0.0883789,-0.219727,0.986328,0.000532632,-0.00106526,0.00106526
1773772887348,0.0869141,-0.217773,0.98877,-0.000532632,-0.000532632,0
1773772887429,0.0878906,-0.219727,0.989258,-0.00106526,0,0
1773772887500,0.0874023,-0.216309,0.988281,0.00106526,0.000532632,0
1773772887580,0.0869141,-0.218262,0.990234,0.000532632,-0.000532632,0
1773772887660,0.0869141,-0.219727,0.987305,-0.000532632,0.000532632,0.000532632
1773772887730,0.0864258,-0.21875,0.987793,0.000532632,0,0
1773772887811,0.0869141,-0.219238,0.989258,0.00106526,0,0
1773772887891,0.0859375,-0.218262,0.990234,0,0.000532632,0
1773772887962,0.0859375,-0.21875,0.987793,0,-0.000532632,0.000532632
1773772888042,0.0864258,-0.219727,0.989258,0.00106526,-0.000532632,0
1773772888122,0.0864258,-0.216797,0.988281,0,-0.00106526,0
1773772888193,0.0878906,-0.21875,0.988281,0,0,0.000532632
1773772888273,0.0878906,-0.218262,0.987793,-0.000532632,-0.0015979,0.000532632
1773772888354,0.0883789,-0.219238,0.98877,-0.000532632,0,-0.000532632
1773772888424,0.0874023,-0.219238,0.989258,-0.00106526,-0.000532632,0
1773772888504,0.0878906,-0.217285,0.98877,0,-0.00106526,0
1773772888585,0.0874023,-0.21875,0.989258,-0.000532632,-0.000532632,0.000532632
1773772888655,0.0854492,-0.218262,0.986328,-0.000532632,-0.000532632,0.000532632
1773772888736,0.0878906,-0.21875,0.988281,0,-0.000532632,-0.000532632
1773772888816,0.0874023,-0.221191,0.986816,0.000532632,0,-0.000532632
1773772888886,0.0878906,-0.220215,0.989746,0.000532632,-0.00106526,0.00106526
1773772888967,0.0869141,-0.220215,0.987793,-0.000532632,-0.000532632,0
1773772889047,0.0883789,-0.219238,0.986328,0,0,-0.0015979
1773772889118,0.0883789,-0.219727,0.988281,-0.0015979,-0.000532632,0
1773772889199,0.0878906,-0.219238,0.988281,0,-0.000532632,-0.000532632
1773772889269,0.0874023,-0.219727,0.986816,0.000532632,0,-0.00106526
1773772889350,0.0878906,-0.219238,0.989258,-0.000532632,0,0.00106526
1773772889430,0.0859375,-0.218262,0.987793,0,0,-0.000532632
1773772889501,0.0878906,-0.217773,0.989746,0,-0.00106526,-0.000532632
1773772889581,0.0878906,-0.219238,0.987793,0.000532632,-0.000532632,0
1773772889662,0.0849609,-0.220215,0.989258,0.00106526,0.00106526,0.000532632
1773772889733,0.0859375,-0.219238,0.987793,0,0,-0.0015979
1773772889813,0.0883789,-0.217285,0.989258,0.000532632,-0.000532632,-0.00106526
1773772889894,0.0878906,-0.219238,0.988281,0,0,-0.00106526
1773772889964,0.0859375,-0.21875,0.988281,-0.000532632,0,0
1773772890045,0.0878906,-0.220215,0.987305,0,0,0
1773772890125,0.0859375,-0.219238,0.989258,-0.00106526,0,0
1773772890196,0.0869141,-0.218262,0.990234,0.000532632,-0.00106526,-0.000532632
1773772890276,0.0854492,-0.219727,0.988281,0,-0.000532632,0
1773772890357,0.0883789,-0.219238,0.989258,-0.000532632,0,0
1773772890427,0.0854492,-0.219727,0.986328,0,0,0
1773772890508,0.0869141,-0.219238,0.988281,0,0,0.000532632
1773772890578,0.0878906,-0.217773,0.989258,0,0,0.000532632
1773772890659,0.0874023,-0.217773,0.987305,0.000532632,0,0.000532632
1773772890739,0.0869141,-0.21875,0.990234,0.00106526,0,0
1773772890810,0.0874023,-0.21875,0.986816,-0.000532632,-0.000532632,0
1773772890890,0.0859375,-0.219727,0.988281,0,0,0
1773772890971,0.0878906,-0.220215,0.98877,0.000532632,0,0.000532632
1773772891041,0.0878906,-0.21875,0.987305,0.0015979,-0.000532632,0
1773772891122,0.0849609,-0.220215,0.988281,0.000532632,0,0
1773772891203,0.0864258,-0.219727,0.98877,0.000532632,-0.000532632,0.000532632
1773772891273,0.0883789,-0.21875,0.987793,0.000532632,0,-0.00106526
1773772891354,0.0878906,-0.218262,0.98877,-0.000532632,-0.000532632,-0.00106526
1773772891434,0.0874023,-0.217773,0.987793,-0.000532632,0.000532632,0.000532632
1773772891505,0.0869141,-0.218262,0.988281,0,0,0
1773772891585,0.0859375,-0.217773,0.988281,0.000532632,-0.000532632,-0.00106526
1773772891666,0.0874023,-0.21875,0.990234,0.0015979,-0.000532632,0
1773772891736,0.0888672,-0.217773,0.987305,0,0,0.000532632
1773772891817,0.0888672,-0.21875,0.98877,-0.000532632,0.000532632,0
1773772891887,0.0893555,-0.219238,0.989258,-0.000532632,0.000532632,0.0015979
1773772891968,0.0878906,-0.219238,0.990234,0,-0.000532632,0.000532632
1773772892048,0.0883789,-0.217773,0.98877,-0.000532632,0,-0.000532632
1773772892119,0.0859375,-0.217773,0.991211,0.000532632,-0.000532632,-0.00106526
1773772892199,0.0878906,-0.219238,0.989258,0,-0.00106526,0.000532632
1773772892280,0.0864258,-0.217285,0.98877,-0.000532632,-0.000532632,-0.000532632
1773772892351,0.0878906,-0.219727,0.989746,0,0,0
1773772892431,0.0883789,-0.219238,0.98877,0.000532632,0.000532632,0.000532632
1773772892511,0.0839844,-0.219238,0.987793,0.000532632,0.0015979,0
1773772892582,0.0854492,-0.219238,0.988281,0.000532632,-0.000532632,0
1773772892663,0.0874023,-0.216797,0.989258,0.000532632,-0.000532632,0.00106526
1773772892743,0.0869141,-0.219727,0.989258,0,-0.000532632,0.00106526
1773772892813,0.0859375,-0.218262,0.987305,-0.000532632,-0.00106526,0
1773772892894,0.0883789,-0.219238,0.986816,0,-0.000532632,0
1773772892975,0.0874023,-0.21875,0.986816,0,-0.000532632,0.00106526
1773772893045,0.0869141,-0.220215,0.986328,-0.000532632,0,0
1773772893126,0.0878906,-0.21875,0.98877,0,-0.000532632,-0.000532632
1773772893196,0.0893555,-0.217285,0.987793,-0.000532632,0,0
1773772893277,0.0864258,-0.218262,0.98877,-0.000532632,0,0.000532632
1773772893357,0.0869141,-0.21875,0.986328,0,-0.00106526,0
1773772893428,0.0864258,-0.218262,0.986328,0,-0.000532632,0
1773772893508,0.0874023,-0.218262,0.989746,0,0,-0.000532632
1773772893589,0.0854492,-0.219238,0.990234,-0.000532632,0.00106526,0
1773772893660,0.0883789,-0.21875,0.990234,0,-0.000532632,0
1773772893740,0.0864258,-0.218262,0.988281,0,0,0
1773772893820,0.0874023,-0.219727,0.98877,0.00106526,0.000532632,0.000532632
1773772893891,0.0869141,-0.220215,0.988281,0.00106526,0,-0.000532632
1773772893973,0.0864258,-0.218262,0.990234,0,-0.000532632,-0.00106526
1773772894052,0.0869141,-0.219238,0.990723,-0.000532632,-0.000532632,0
1773772894122,0.0898438,-0.220703,0.989746,0,-0.0015979,-0.00106526
1773772894203,0.0883789,-0.219238,0.987793,0,-0.000532632,0
1773772894284,0.0898438,-0.216797,0.98877,0.000532632,0,0
1773772894354,0.0883789,-0.219238,0.989746,0,0,0.000532632
1773772894435,0.0883789,-0.220703,0.989746,0.00106526,-0.000532632,0.000532632
1773772894505,0.0859375,-0.217285,0.987305,-0.00106526,-0.00106526,0.000532632
1773772894585,0.0874023,-0.221191,0.988281,0,-0.000532632,0
1773772894666,0.0869141,-0.21875,0.986816,0.000532632,0.000532632,0
1773772894737,0.0864258,-0.219238,0.987793,-0.000532632,-0.00106526,-0.00106526
1773772894817,0.0893555,-0.219238,0.987793,0,-0.000532632,0.000532632
1773772894898,0.0874023,-0.21875,0.98877,0.000532632,0,0
1773772894968,0.0869141,-0.21875,0.986816,0.000532632,-0.000532632,0.000532632
1773772895049,0.0859375,-0.218262,0.98877,-0.000532632,-0.000532632,0.000532632
1773772895129,0.0874023,-0.219238,0.987793,-0.00106526,0,0.00213053
1773772895200,0.0864258,-0.217773,0.989746,0.000532632,-0.000532632,0.00106526
1773772895280,0.0854492,-0.219727,0.98877,0,-0.000532632,0.000532632
1773772895361,0.0888672,-0.219727,0.989258,0.000532632,-0.000532632,0
1773772895431,0.0849609,-0.218262,0.988281,0.000532632,0,0
1773772895512,0.0883789,-0.219727,0.987305,0,-0.000532632,0.000532632
1773772895592,0.0869141,-0.217773,0.989746,0.000532632,0.000532632,0.000532632
1773772895663,0.0883789,-0.217773,0.987305,0.000532632,0,-0.00106526
1773772895744,0.0869141,-0.220215,0.988281,0.000532632,0,-0.000532632
1773772895814,0.0874023,-0.219238,0.988281,-0.0015979,0,0
1773772895895,0.0869141,-0.217285,0.989258,0.00106526,0,0
1773772895975,0.0859375,-0.219727,0.986328,0,0,0.000532632
1773772896046,0.0854492,-0.217285,0.987793,-0.000532632,-0.000532632,0
1773772896126,0.0864258,-0.21875,0.988281,-0.000532632,-0.000532632,0.000532632
1773772896207,0.0883789,-0.219727,0.986816,0,-0.000532632,0
1773772896278,0.0864258,-0.219238,0.988281,0,0,0.00106526
1773772896358,0.0888672,-0.219238,0.98877,0,0.000532632,0
1773772896439,0.0874023,-0.21875,0.987305,-0.000532632,-0.000532632,-0.00106526
1773772896509,0.0864258,-0.21875,0.989258,0,0,-0.000532632
1773772896590,0.0864258,-0.220215,0.988281,0,-0.000532632,0
1773772896670,0.0869141,-0.219238,0.987305,0.0015979,0,0
1773772896741,0.0878906,-0.218262,0.988281,0,-0.000532632,0
1773772896821,0.0893555,-0.217773,0.988281,-0.000532632,-0.000532632,0
1773772896892,0.0854492,-0.21875,0.987305,-0.000532632,-0.000532632,0
1773772896972,0.0878906,-0.217773,0.987793,0.000532632,0.000532632,0
1773772897053,0.0874023,-0.219727,0.986816,-0.000532632,0,0
1773772897123,0.0888672,-0.21875,0.988281,-0.00106526,-0.000532632,-0.00106526
1773772897204,0.0869141,-0.217285,0.989258,-0.00106526,-0.000532632,-0.000532632
1773772897285,0.0888672,-0.21875,0.989258,-0.000532632,-0.000532632,0.000532632
1773772897355,0.0888672,-0.21875,0.989258,-0.000532632,0.000532632,0
1773772897436,0.0883789,-0.219238,0.988281,0.000532632,0.000532632,0
1773772897516,0.0869141,-0.21875,0.987793,0.00106526,-0.00106526,-0.000532632
1773772897587,0.0869141,-0.219238,0.98877,0,0,0.00106526
1773772897667,0.0864258,-0.219727,0.98877,0,-0.000532632,0.000532632
1773772897748,0.0869141,-0.219238,0.98877,-0.000532632,-0.000532632,0
1773772897818,0.0878906,-0.219238,0.989746,-0.000532632,0,0.000532632
1773772897899,0.0878906,-0.217773,0.987793,0.000532632,0,-0.000532632
1773772897979,0.0878906,-0.218262,0.98877,-0.000532632,0,-0.000532632
1773772898050,0.0869141,-0.218262,0.987305,0.000532632,0,-0.0015979
1773772898130,0.0878906,-0.21875,0.990234,-0.000532632,0.000532632,-0.000532632
1773772898201,0.0864258,-0.21875,0.989746,-0.00106526,0,-0.000532632
1773772898281,0.0893555,-0.218262,0.987305,0,-0.00106526,0.000532632
1773772898362,0.0874023,-0.218262,0.987793,0.000532632,-0.000532632,-0.000532632
1773772898432,0.0878906,-0.218262,0.989258,0.000532632,0.000532632,0.000532632
1773772898513,0.0864258,-0.218262,0.988281,0,-0.00106526,0
1773772898593,0.0878906,-0.21875,0.98877,0.000532632,-0.000532632,0
1773772898664,0.0854492,-0.219238,0.987793,0,-0.000532632,0
1773772898744,0.0854492,-0.219238,0.987305,0.000532632,-0.00106526,0
1773772898825,0.0898438,-0.217773,0.98877,0,0,-0.00106526
1773772898895,0.0869141,-0.217285,0.989746,0.000532632,0,0
1773772898976,0.0883789,-0.21875,0.98877,-0.000532632,-0.000532632,0.000532632
1773772899056,0.0883789,-0.217773,0.98877,-0.00106526,0,0
1773772899127,0.0864258,-0.21875,0.986816,0.000532632,-0.000532632,0.000532632
1773772899208,0.0883789,-0.220215,0.98877,0,-0.000532632,0.000532632
1773772899288,0.0869141,-0.216797,0.986816,0,-0.000532632,0.00106526
1773772899359,0.0883789,-0.219727,0.988281,-0.000532632,0,0.00106526
1773772899439,0.0883789,-0.219727,0.989258,0,-0.000532632,0.000532632
1773772899510,0.0859375,-0.21875,0.988281,0.000532632,0,0.000532632
1773772899590,0.0869141,-0.219727,0.989258,0,-0.000532632,0.000532632
1773772899671,0.0859375,-0.218262,0.98877,0,0,0.00106526
1773772899741,0.0878906,-0.218262,0.986816,0,-0.000532632,-0.000532632
1773772899822,0.0869141,-0.220703,0.990234,0.000532632,0,0.000532632
1773772899902,0.0869141,-0.217285,0.98877,0,0,0
1773772899973,0.0874023,-0.217773,0.988281,0.000532632,0.000532632,0.000532632
1773772900053,0.0878906,-0.220215,0.990234,0.000532632,0.000532632,0
1773772900134,0.0874023,-0.220215,0.989258,0.000532632,-0.000532632,-0.000532632
1773772900205,0.0878906,-0.21875,0.988281,0,0.000532632,0.00106526
1773772900285,0.0888672,-0.218262,0.989258,0,-0.000532632,0.00106526
1773772900366,0.0859375,-0.218262,0.988281,0.000532632,0.000532632,0.000532632
1773772900436,0.0883789,-0.218262,0.989258,0.000532632,0.00106526,0.00106526
1773772900517,0.0874023,-0.217773,0.98877,0,0,0
1773772900597,0.0869141,-0.21875,0.987305,0.00106526,0.000532632,-0.000532632
1773772900668,0.0849609,-0.219238,0.987793,0,0,0.000532632
1773772900748,0.0869141,-0.219727,0.987305,-0.000532632,0,0.00106526
1773772900819,0.0869141,-0.219238,0.988281,0,-0.000532632,0
1773772900899,0.0864258,-0.21875,0.989258,0.00106526,-0.000532632,0.000532632
1773772900980,0.0864258,-0.21875,0.987793,0,0,0.000532632
1773772901050,0.0888672,-0.21875,0.988281,0,0,-0.00106526
1773772901131,0.0883789,-0.218262,0.988281,0.000532632,0,0
1773772901211,0.0874023,-0.220703,0.989258,-0.00106526,0,0
1773772901282,0.0878906,-0.219727,0.987305,0,-0.000532632,0.000532632
1773772901362,0.0869141,-0.217285,0.988281,0,-0.000532632,-0.000532632
1773772901443,0.0854492,-0.219238,0.988281,-0.000532632,-0.00106526,0
1773772901513,0.0883789,-0.218262,0.990234,0,0.000532632,-0.000532632
1773772901594,0.0859375,-0.220215,0.987793,0.000532632,0.00106526,0.000532632
1773772901675,0.0869141,-0.21875,0.98877,0.00106526,-0.000532632,0.000532632
1773772901745,0.0869141,-0.217773,0.98877,-0.000532632,-0.00106526,0.000532632
1773772901826,0.0859375,-0.220703,0.98877,0.000532632,-0.000532632,0
1773772901906,0.0883789,-0.217773,0.986816,-0.000532632,0.000532632,0
1773772901977,0.0883789,-0.21875,0.98877,0,-0.000532632,0
1773772902057,0.0864258,-0.219727,0.989746,0,-0.00106526,0
1773772902128,0.0864258,-0.217773,0.987793,0.000532632,-0.000532632,0
1773772902208,0.0869141,-0.21875,0.989258,0.00106526,0.0015979,0.000532632
1773772902289,0.0854492,-0.21875,0.989746,0,0,0.000532632
1773772902360,0.0869141,-0.220703,0.987793,0.000532632,0,0
1773772902440,0.0874023,-0.21875,0.986328,0.000532632,0,0.000532632
1773772902521,0.0893555,-0.21875,0.988281,0,0.000532632,0
1773772902591,0.0864258,-0.218262,0.986816,-0.000532632,0,0
1773772902672,0.0888672,-0.219238,0.986816,0.000532632,-0.00106526,0.000532632
1773772902752,0.0859375,-0.21875,0.986328,-0.000532632,-0.00106526,0
1773772902823,0.0864258,-0.217285,0.989258,0.000532632,-0.000532632,0
1773772902903,0.0883789,-0.220215,0.98877,0.000532632,-0.000532632,0.000532632
1773772902984,0.0864258,-0.217773,0.987793,0.000532632,0,0.000532632
1773772903054,0.0859375,-0.219238,0.987793,0.00106526,-0.000532632,0
1773772903135,0.0878906,-0.219727,0.987793,-0.000532632,0,0.00106526
1773772903205,0.0864258,-0.21875,0.989258,0,0,-0.00106526
1773772903286,0.0869141,-0.21875,0.987793,-0.000532632,-0.000532632,-0.000532632
1773772903367,0.0869141,-0.219727,0.989746,-0.00106526,0.000532632,0
1773772903437,0.0883789,-0.218262,0.989258,0,-0.000532632,0.000532632
1773772903518,0.0859375,-0.219238,0.989258,0.000532632,-0.000532632,0
1773772903598,0.0874023,-0.21875,0.988281,0.000532632,0,0
1773772903669,0.0864258,-0.219727,0.988281,0,-0.000532632,-0.00106526
1773772903749,0.0874023,-0.217285,0.986328,0.000532632,0,0.000532632
1773772903830,0.0859375,-0.217773,0.987793,0.000532632,-0.00106526,0.000532632
1773772903900,0.0874023,-0.21875,0.986328,-0.000532632,0,-0.000532632
1773772903981,0.0849609,-0.216797,0.988281,0.000532632,-0.000532632,-0.00106526
1773772904061,0.0874023,-0.218262,0.989258,0.000532632,0.000532632,0.000532632
1773772904132,0.0859375,-0.217285,0.987305,0.000532632,0,-0.000532632
1773772904212,0.0874023,-0.217773,0.989258,0.000532632,0,0
1773772904293,0.0893555,-0.217773,0.988281,0,0,0.00106526
1773772904364,0.0893555,-0.219727,0.98877,0,-0.000532632,0.000532632
1773772904444,0.0859375,-0.21875,0.985352,0,-0.00106526,0.0015979
1773772904515,0.0878906,-0.220703,0.988281,-0.0015979,0,0
1773772904595,0.0883789,-0.218262,0.989746,0.000532632,-0.000532632,0
1773772904676,0.0864258,-0.219238,0.989746,0.00106526,-0.000532632,0
1773772904746,0.0883789,-0.219238,0.987305,-0.000532632,-0.000532632,0
1773772904827,0.0854492,-0.217773,0.98877,0.000532632,0,0.000532632
1773772904907,0.0854492,-0.21875,0.986328,0,0,0.00106526
1773772904978,0.0859375,-0.220703,0.985352,0.000532632,0.00106526,0.000532632
1773772905058,0.0864258,-0.216797,0.987793,0.000532632,0,0
1773772905139,0.0864258,-0.218262,0.987793,0,0,0.00106526
1773772905210,0.0864258,-0.218262,0.989746,0.00106526,-0.000532632,0.000532632
1773772905290,0.0869141,-0.217773,0.987793,0.000532632,0.000532632,-0.000532632
1773772905371,0.0893555,-0.220215,0.987793,0.000532632,0.000532632,0
1773772905441,0.0874023,-0.218262,0.987793,0.000532632,-0.00106526,0.00106526
1773772905522,0.0874023,-0.219727,0.988281,0,0,0.00106526
1773772905592,0.0874023,-0.21875,0.989258,-0.000532632,-0.000532632,0.000532632
1773772905673,0.0874023,-0.219238,0.988281,-0.00106526,-0.000532632,-0.000532632
1773772905753,0.0888672,-0.218262,0.986328,-0.000532632,-0.000532632,0
1773772905824,0.0874023,-0.217285,0.986328,0.000532632,-0.000532632,0.000532632
1773772905905,0.0874023,-0.219727,0.989746,0.000532632,-0.000532632,0.00106526
1773772905985,0.0883789,-0.218262,0.988281,0,0,0.000532632
1773772906056,0.0898438,-0.21875,0.98877,0.000532632,-0.0015979,-0.000532632
1773772906136,0.0878906,-0.219238,0.987793,0,-0.000532632,-0.000532632
1773772906217,0.0869141,-0.220703,0.989258,0,-0.000532632,0
1773772906288,0.0864258,-0.219238,0.98877,0,0.000532632,0.00106526
1773772906369,0.0883789,-0.216797,0.986328,0,0,-0.000532632
1773772906449,0.0878906,-0.218262,0.986328,0.000532632,0.00106526,0.000532632
1773772906519,0.0874023,-0.220703,0.98877,0.000532632,0.000532632,0.000532632
1773772906600,0.0874023,-0.21875,0.98877,0,-0.000532632,-0.000532632
1773772906670,0.0864258,-0.219238,0.987793,-0.000532632,0,0
1773772906751,0.0874023,-0.219238,0.986816,0.000532632,-0.000532632,-0.000532632
1773772906831,0.0869141,-0.219238,0.989258,0,-0.000532632,0.000532632
1773772906902,0.0878906,-0.219238,0.989746,0,0.00106526,0.000532632
1773772906983,0.0878906,-0.21875,0.987793,0.000532632,0,0
1773772907063,0.0869141,-0.21875,0.98877,0,0.000532632,0
1773772907134,0.0883789,-0.221191,0.986816,-0.000532632,0,0
1773772907214,0.0869141,-0.220215,0.990234,0,-0.00106526,-0.000532632
1773772907295,0.0878906,-0.220703,0.987793,-0.000532632,-0.000532632,0
1773772907365,0.0874023,-0.219238,0.989258,0,0.000532632,0
1773772907446,0.0874023,-0.219727,0.989746,-0.000532632,0.000532632,0.00106526
1773772907526,0.0874023,-0.218262,0.987793,0,0,0
1773772907597,0.0883789,-0.216309,0.989258,0,-0.000532632,0.00106526
1773772907677,0.0874023,-0.220215,0.988281,0.000532632,-0.000532632,-0.000532632
1773772907758,0.0893555,-0.218262,0.987305,0.000532632,-0.000532632,0.000532632
1773772907828,0.0878906,-0.216309,0.990723,0.000532632,0,0
1773772907909,0.0888672,-0.21875,0.989258,0,-0.000532632,0
1773772907979,0.0874023,-0.219238,0.990234,-0.000532632,-0.000532632,0
1773772908060,0.0864258,-0.217773,0.989258,-0.000532632,-0.00106526,0
1773772908140,0.0874023,-0.218262,0.987793,0.000532632,-0.000532632,-0.000532632
1773772908211,0.0878906,-0.21875,0.98584,0.000532632,-0.000532632,-0.000532632
1773772908292,0.0878906,-0.218262,0.98877,-0.00106526,-0.00106526,0
1773772908372,0.0893555,-0.219727,0.989746,-0.000532632,0.000532632,0
1773772908443,0.0874023,-0.21875,0.987793,0.000532632,-0.000532632,-0.000532632
1773772908523,0.0854492,-0.216797,0.987305,0.000532632,0,0.000532632
1773772908604,0.0839844,-0.221191,0.987305,0,0,-0.000532632
1773772908674,0.0874023,-0.220215,0.98877,-0.000532632,-0.000532632,-0.000532632
1773772908755,0.0869141,-0.217773,0.98877,0.000532632,-0.000532632,0
1773772908835,0.0864258,-0.219238,0.987793,0.00106526,0,-0.000532632
1773772908906,0.0859375,-0.21875,0.98877,0,0,0
1773772908986,0.0854492,-0.219727,0.989746,0,0,0.00106526
1773772909067,0.0878906,-0.217773,0.989258,0.00106526,0.000532632,0
1773772909138,0.0874023,-0.219727,0.988281,0,-0.000532632,-0.000532632
1773772909218,0.0888672,-0.216797,0.989746,0,-0.00106526,-0.000532632
1773772909288,0.0878906,-0.220215,0.98877,-0.0015979,0,0
1773772909369,0.0878906,-0.219238,0.987793,-0.000532632,-0.000532632,0.000532632
1773772909450,0.0864258,-0.217773,0.98877,0.000532632,0,0.00106526
1773772909520,0.0864258,-0.219238,0.98877,0.00106526,0,0.000532632
1773772909601,0.0869141,-0.217773,0.988281,0.000532632,0,0.00106526
1773772909681,0.0888672,-0.21875,0.989258,0,0.000532632,0.000532632
1773772909752,0.0869141,-0.219238,0.98877,0.00106526,-0.000532632,0.0015979
1773772909832,0.0854492,-0.220215,0.98877,0.000532632,-0.00106526,0
1773772909913,0.0893555,-0.219727,0.98877,0,-0.000532632,0.000532632
1773772909983,0.0883789,-0.217285,0.988281,0.00106526,-0.000532632,-0.000532632
1773772910064,0.0878906,-0.219238,0.987793,-0.0015979,0,0.000532632
1773772910144,0.0874023,-0.217773,0.988281,0.000532632,-0.0015979,0.000532632
1773772910215,0.0874023,-0.218262,0.987305,0,0,0.00106526
1773772910295,0.0869141,-0.21875,0.986328,0,0,0.00106526
1773772910376,0.0859375,-0.219238,0.988281,0.000532632,0,0
1773772910446,0.0864258,-0.219238,0.98877,0,0,0.000532632
1773772910527,0.0874023,-0.221191,0.987793,-0.000532632,0.000532632,0
1773772910597,0.0864258,-0.220215,0.987305,0,-0.000532632,-0.000532632
1773772910678,0.0883789,-0.218262,0.989258,0.000532632,-0.000532632,0.000532632
1773772910758,0.0869141,-0.217773,0.987793,0,0.00106526,0
1773772910829,0.0849609,-0.21875,0.989258,0,0,0
1773772910909,0.0888672,-0.218262,0.987793,0,0,-0.00106526
1773772910990,0.0883789,-0.219238,0.987305,0,0.000532632,0.000532632
1773772911060,0.0864258,-0.220703,0.98877,0.000532632,-0.000532632,-0.000532632
1773772911141,0.0878906,-0.217285,0.988281,0,-0.000532632,0.000532632
1773772911222,0.0874023,-0.21875,0.989746,0,0.00106526,-0.000532632
1773772911292,0.0883789,-0.21875,0.989258,0.000532632,-0.000532632,-0.000532632
1773772911373,0.0864258,-0.219238,0.987793,-0.000532632,0,0
1773772911453,0.0869141,-0.218262,0.988281,0.000532632,0,0
1773772911524,0.0864258,-0.220215,0.988281,0.00106526,0.000532632,-0.000532632
1773772911604,0.0869141,-0.21875,0.986816,0.000532632,-0.00106526,0.00106526
1773772911685,0.0878906,-0.222168,0.987305,0,0.00106526,0.000532632
1773772911755,0.0859375,-0.21875,0.989746,0.00106526,0,-0.000532632
1773772911836,0.0869141,-0.21875,0.98877,-0.000532632,-0.000532632,0
1773772911906,0.0869141,-0.218262,0.988281,0,-0.000532632,0.00106526
1773772911987,0.0883789,-0.219727,0.98877,0,0,-0.000532632
1773772912067,0.0869141,-0.219727,0.988281,0,0,0
1773772912138,0.0893555,-0.219238,0.987305,0.000532632,-0.000532632,0.000532632
1773772912218,0.0874023,-0.220703,0.98877,0.000532632,0,0.000532632
1773772912299,0.0864258,-0.219238,0.987793,0,0,-0.000532632
1773772912370,0.0849609,-0.220703,0.988281,0.00106526,-0.000532632,-0.000532632
1773772912450,0.0878906,-0.219238,0.987793,0,-0.000532632,0
1773772912531,0.0869141,-0.220215,0.988281,0.000532632,-0.000532632,0
1773772912601,0.0864258,-0.219238,0.988281,0,0.000532632,0.000532632
1773772912682,0.0859375,-0.217773,0.987305,0,-0.00106526,0.000532632
1773772912762,0.0878906,-0.219238,0.988281,0.000532632,0,0.000532632
1773772912833,0.0874023,-0.219727,0.986328,0.000532632,0,0
1773772912913,0.0878906,-0.219238,0.989746,0.00106526,-0.000532632,-0.000532632
1773772912994,0.0874023,-0.21875,0.986816,-0.000532632,-0.00106526,-0.000532632
1773772913064,0.0878906,-0.21875,0.987305,-0.000532632,-0.000532632,-0.000532632
1773772913145,0.0869141,-0.219727,0.988281,0.000532632,0.00106526,-0.00106526
1773772913215,0.0869141,-0.216797,0.987793,0.000532632,0.000532632,0.000532632
1773772913296,0.0869141,-0.217773,0.988281,-0.000532632,0.000532632,-0.000532632
1773772913376,0.0859375,-0.221191,0.987793,-0.000532632,-0.0015979,0.000532632
1773772913447,0.0883789,-0.220215,0.989258,0,-0.000532632,0
1773772913527,0.0869141,-0.219727,0.989258,0,0,0
1773772913608,0.0874023,-0.21875,0.990234,0.000532632,-0.000532632,0.000532632
1773772913678,0.0864258,-0.218262,0.988281,-0.000532632,-0.000532632,0
1773772913759,0.0864258,-0.217285,0.989746,-0.000532632,0,0.000532632
1773772913840,0.0888672,-0.21875,0.989258,0.00106526,-0.00106526,0
1773772913910,0.0859375,-0.220703,0.987793,0.000532632,-0.000532632,0
1773772913991,0.0883789,-0.22168,0.987305,-0.000532632,0.000532632,0.00106526
1773772914071,0.0883789,-0.219238,0.987793,-0.000532632,0,0.000532632
1773772914142,0.0869141,-0.21875,0.987305,0,0.000532632,0.00106526
1773772914222,0.0878906,-0.218262,0.988281,0.00106526,-0.000532632,-0.000532632
1773772914303,0.0864258,-0.217285,0.989258,-0.000532632,0,-0.000532632
1773772914373,0.0888672,-0.21875,0.989258,0,0,0.000532632
1773772914454,0.0859375,-0.216797,0.989258,0,-0.000532632,0
1773772914524,0.0888672,-0.218262,0.98877,-0.00106526,0,0
1773772914605,0.0869141,-0.217773,0.986816,0,-0.000532632,0.000532632
1773772914685,0.0874023,-0.217773,0.986328,0.000532632,-0.000532632,0
1773772914756,0.0883789,-0.218262,0.988281,0,0,0.000532632
1773772914837,0.0878906,-0.216309,0.98877,0,0,0
1773772914917,0.0878906,-0.21875,0.987793,-0.000532632,-0.00106526,0
1773772914987,0.0869141,-0.217285,0.990234,0.000532632,0,-0.00106526
1773772915068,0.0869141,-0.21875,0.98877,0.000532632,-0.000532632,0
1773772915149,0.0869141,-0.216797,0.989258,-0.000532632,-0.000532632,0.000532632
1773772915219,0.0869141,-0.217773,0.988281,-0.00106526,-0.000532632,0.000532632
1773772915300,0.0878906,-0.218262,0.987793,0.000532632,0.000532632,0
1773772915380,0.0844727,-0.216309,0.989258,-0.000532632,-0.000532632,0.000532632
1773772915451,0.0869141,-0.220215,0.98877,0.000532632,0,0
1773772915531,0.0849609,-0.218262,0.990234,0.00106526,-0.00106526,0
1773772915612,0.0874023,-0.218262,0.987305,0,0,0.000532632
1773772915683,0.0893555,-0.21875,0.98877,-0.000532632,-0.000532632,0.000532632
1773772915763,0.0859375,-0.216797,0.98877,-0.000532632,-0.00106526,-0.000532632
1773772915834,0.0893555,-0.218262,0.990234,0.00106526,0,0.000532632
1773772915914,0.0864258,-0.217773,0.986328,0.000532632,0,0.00106526
1773772915995,0.0893555,-0.219238,0.990723,-0.000532632,0,0
1773772916065,0.0874023,-0.217773,0.989746,0.000532632,-0.000532632,0.000532632
1773772916146,0.0854492,-0.21875,0.990234,0.000532632,0,-0.000532632
1773772916227,0.0883789,-0.216309,0.990723,0,0,0
1773772916297,0.0883789,-0.216797,0.989746,0.000532632,0,-0.00106526
1773772916378,0.0864258,-0.218262,0.989258,0,-0.000532632,0.00106526
1773772916458,0.0883789,-0.219727,0.987793,0,0.000532632,0.000532632
1773772916529,0.0874023,-0.216797,0.987793,0,-0.000532632,0.00106526
1773772916609,0.0874023,-0.219727,0.988281,0,0,0.000532632
1773772916690,0.0883789,-0.217285,0.989746,0.00106526,-0.00106526,0.000532632
1773772916760,0.0883789,-0.21875,0.987305,0.000532632,-0.000532632,-0.000532632
1773772916841,0.0869141,-0.216309,0.98877,0,0,-0.000532632
1773772916911,0.0869141,-0.218262,0.987793,-0.000532632,-0.000532632,0
1773772916992,0.0883789,-0.21875,0.991699,-0.000532632,0.00106526,0
1773772917072,0.0878906,-0.21875,0.989258,0.000532632,0,-0.0015979
1773772917143,0.0883789,-0.217285,0.989258,-0.000532632,0.000532632,0.000532632
1773772917223,0.0864258,-0.21875,0.986816,0.000532632,-0.000532632,0
1773772917304,0.0878906,-0.220215,0.989258,0.00106526,0,0
1773772917375,0.0869141,-0.21875,0.98877,-0.000532632,0.000532632,0
1773772917455,0.0888672,-0.219727,0.989258,0.000532632,0,0.000532632
1773772917536,0.0874023,-0.21875,0.988281,0.00106526,-0.000532632,0.000532632
1773772917606,0.0883789,-0.219727,0.991699,0.000532632,0.00106526,0.000532632
1773772917687,0.0859375,-0.218262,0.990234,0,-0.000532632,-0.000532632
1773772917767,0.0883789,-0.218262,0.98877,0.000532632,0.000532632,-0.000532632
1773772917838,0.0874023,-0.217773,0.98877,-0.000532632,0,-0.00106526
1773772917918,0.0883789,-0.217285,0.989258,0.000532632,0.000532632,0
1773772917999,0.0883789,-0.219238,0.988281,0,0,0
1773772918069,0.0869141,-0.21875,0.98877,0,0,0
1773772918150,0.0878906,-0.219238,0.98877,0.000532632,-0.00106526,0.00106526
1773772918221,0.0883789,-0.217285,0.987305,0,-0.000532632,0
1773772918301,0.0878906,-0.218262,0.988281,0,0,0.000532632
1773772918382,0.0883789,-0.219727,0.989746,0.000532632,-0.00106526,-0.000532632
1773772918452,0.0874023,-0.217285,0.988281,0.000532632,0.000532632,0.000532632
1773772918533,0.0883789,-0.218262,0.987793,-0.000532632,-0.000532632,0.000532632
1773772918613,0.0874023,-0.220215,0.989258,0,0,0.000532632
1773772918684,0.0874023,-0.217773,0.987793,0.000532632,0.000532632,0
1773772918764,0.0874023,-0.219238,0.990234,-0.000532632,-0.00106526,0.000532632
1773772918845,0.0864258,-0.217773,0.989258,0.00106526,0,0
1773772918916,0.0869141,-0.219727,0.988281,0.000532632,-0.00106526,0
1773772918996,0.0874023,-0.219727,0.986328,0,-0.000532632,0.000532632
1773772919067,0.0864258,-0.218262,0.990234,0.00106526,0.000532632,0.000532632
1773772919147,0.0859375,-0.217773,0.987793,0,0,-0.000532632
1773772919228,0.0869141,-0.217773,0.989258,0.000532632,-0.00106526,-0.00106526
1773772919299,0.0874023,-0.220215,0.987793,0,0,0.000532632
1773772919379,0.0854492,-0.217773,0.987793,-0.000532632,0,0
1773772919460,0.0888672,-0.217773,0.98877,0,0,0.000532632
1773772919530,0.0883789,-0.218262,0.989746,0.000532632,-0.000532632,-0.000532632
1773772919611,0.0878906,-0.216309,0.989258,0.000532632,-0.000532632,0.000532632
1773772919692,0.0878906,-0.220215,0.987793,0.00106526,0.000532632,0
1773772919762,0.0893555,-0.219727,0.989258,0.000532632,0,0.000532632
1773772919843,0.0888672,-0.218262,0.989746,-0.000532632,0.000532632,0
1773772919923,0.0878906,-0.219727,0.987305,-0.000532632,-0.000532632,0.000532632
1773772919994,0.0864258,-0.218262,0.988281,0.00106526,0,-0.000532632
1773772920074,0.0874023,-0.219238,0.988281,0.000532632,-0.00106526,-0.000532632
1773772920155,0.0859375,-0.21875,0.98877,0,0,0
1773772920225,0.0869141,-0.218262,0.988281,0.000532632,0,-0.000532632
1773772920306,0.0883789,-0.216309,0.989746,0,0.000532632,0
1773772920376,0.0898438,-0.219238,0.98877,0.000532632,-0.000532632,0.00106526
1773772920457,0.0869141,-0.216797,0.989746,0,-0.00106526,0.00106526
1773772920537,0.0864258,-0.21875,0.988281,0.00106526,-0.00106526,-0.00106526
1773772920612,0.0878906,-0.217773,0.987793,0,-0.000532632,-0.00106526
1773772920688,0.0854492,-0.218262,0.988281,-0.000532632,0.000532632,0.000532632
1773772920769,0.0869141,-0.218262,0.98877,0.000532632,0.00106526,0
1773772920840,0.0874023,-0.216797,0.989258,0,0,0.000532632
1773772920920,0.0874023,-0.217285,0.988281,0,0,0
1773772921001,0.0883789,-0.21875,0.989258,0.00106526,0,0
1773772921071,0.0864258,-0.21875,0.987305,0.000532632,-0.000532632,0.000532632
1773772921152,0.0859375,-0.220703,0.988281,0,0.000532632,0
1773772921233,0.0869141,-0.217773,0.989746,-0.000532632,0.000532632,-0.000532632
1773772921303,0.0878906,-0.218262,0.989258,-0.000532632,0.000532632,-0.000532632
1773772921384,0.0883789,-0.219238,0.989258,0,0,0.000532632
1773772921454,0.0874023,-0.217773,0.989258,0.000532632,0,-0.000532632
1773772921535,0.0869141,-0.219238,0.989258,0.00106526,-0.000532632,0
1773772921615,0.0883789,-0.217773,0.98877,0.000532632,0,0.00106526
1773772921686,0.0869141,-0.219727,0.98877,-0.000532632,0,-0.00106526
1773772921766,0.0883789,-0.220703,0.989746,0,0,0.000532632
1773772921847,0.0878906,-0.218262,0.989746,0,0,0
1773772921917,0.0869141,-0.218262,0.990723,0.000532632,0,0.000532632
1773772921998,0.0874023,-0.218262,0.989258,0.000532632,0.000532632,-0.000532632
1773772922078,0.0869141,-0.219727,0.98877,0,0.000532632,-0.0015979
1773772922149,0.0878906,-0.21875,0.987305,0.000532632,0,0.000532632
1773772922229,0.0883789,-0.218262,0.990234,0,0,0.000532632
1773772922310,0.0893555,-0.216797,0.987793,0,-0.000532632,-0.000532632
1773772922381,0.0874023,-0.21875,0.987305,0,-0.000532632,-0.000532632
1773772922461,0.0893555,-0.217773,0.987793,0.00106526,0,-0.000532632
1773772922533,0.0864258,-0.218262,0.98584,0.000532632,-0.000532632,-0.00106526
1773772922613,0.0864258,-0.21875,0.989258,0.000532632,-0.00106526,-0.000532632
1773772922694,0.0898438,-0.218262,0.98877,0,-0.00106526,0.000532632
1773772922764,0.0888672,-0.220215,0.988281,0,0,0.00106526
1773772922845,0.0898438,-0.217773,0.986816,-0.000532632,0,0
1773772922925,0.0878906,-0.218262,0.988281,0,0.000532632,0
1773772922996,0.0883789,-0.217773,0.986816,0.000532632,0,0
1773772923076,0.0878906,-0.217285,0.988281,0.00106526,0,0.000532632
1773772923157,0.0878906,-0.217773,0.98877,0,-0.00106526,0
1773772923227,0.0869141,-0.220215,0.987793,0.000532632,-0.00106526,-0.000532632
1773772923308,0.0874023,-0.219727,0.98877,-0.00106526,-0.00106526,0
1773772923389,0.0878906,-0.216797,0.986328,0,0,0.000532632
1773772923459,0.0878906,-0.21875,0.988281,-0.00106526,0,-0.00106526
1773772923540,0.0878906,-0.219238,0.987793,0.000532632,0,0.00106526
1773772923610,0.0883789,-0.21875,0.987793,0.000532632,-0.00106526,0
1773772923691,0.0869141,-0.217285,0.98877,0.000532632,-0.00106526,-0.000532632
1773772923771,0.0864258,-0.219727,0.986816,0.00106526,0,0
1773772923842,0.0874023,-0.219238,0.989746,0.000532632,0,0.00106526
1773772923922,0.0883789,-0.218262,0.989746,0,-0.00106526,0.000532632
1773772924003,0.0864258,-0.217773,0.987793,0,0,-0.000532632
1773772924073,0.0864258,-0.218262,0.988281,0.000532632,-0.00106526,-0.00106526
1773772924154,0.0878906,-0.219238,0.988281,0,0,-0.0015979
1773772924234,0.0888672,-0.217773,0.987305,0,0,0.00106526
1773772924305,0.0883789,-0.219238,0.987793,-0.000532632,0,0.00106526
1773772924385,0.0878906,-0.216797,0.987793,0,0.000532632,0.000532632
1773772924466,0.0874023,-0.219238,0.989746,0,0,0
1773772924536,0.0864258,-0.217773,0.98877,0.000532632,0,0
1773772924617,0.0869141,-0.216309,0.990234,0,-0.000532632,0.000532632
1773772924698,0.0878906,-0.218262,0.98877,-0.000532632,-0.00106526,-0.00106526
1773772924768,0.0874023,-0.218262,0.987793,0,-0.00106526,0.0015979
1773772924849,0.0864258,-0.220215,0.988281,-0.000532632,0,0
1773772924919,0.0859375,-0.217773,0.98877,0.000532632,-0.000532632,-0.000532632
1773772925000,0.0864258,-0.217285,0.98877,0,0,-0.000532632
1773772925080,0.0864258,-0.21875,0.988281,0.000532632,0,0
1773772925151,0.0878906,-0.219238,0.987793,0.000532632,-0.00106526,-0.000532632
1773772925231,0.0893555,-0.217773,0.98877,-0.00106526,0,0
1773772925312,0.0869141,-0.217773,0.98877,0,-0.000532632,-0.000532632
1773772925382,0.0883789,-0.218262,0.988281,0.000532632,0,0
1773772925463,0.0869141,-0.220703,0.988281,0.000532632,0.00106526,0.0015979
1773772925544,0.0864258,-0.21875,0.98877,-0.000532632,-0.000532632,-0.000532632
1773772925614,0.0874023,-0.218262,0.987793,0,-0.00106526,0.000532632
1773772925694,0.0898438,-0.21875,0.987793,0.00106526,-0.00106526,0.00106526
1773772925775,0.0883789,-0.219238,0.989746,0,0.000532632,0.000532632
1773772925845,0.0893555,-0.218262,0.988281,0.000532632,0.00106526,0
1773772925926,0.0883789,-0.217773,0.98877,-0.000532632,0,-0.000532632
1773772926007,0.0883789,-0.219727,0.989258,0.00106526,0,0
1773772926077,0.0878906,-0.218262,0.98877,0,0,0.00106526
1773772926158,0.0869141,-0.217285,0.98877,0.000532632,-0.000532632,0
1773772926228,0.0874023,-0.216797,0.988281,0,0,0.000532632
1773772926309,0.0874023,-0.219238,0.989746,0,-0.00106526,0
1773772926390,0.0874023,-0.220215,0.98877,-0.000532632,-0.00106526,0.00106526
1773772926460,0.0883789,-0.217773,0.990234,0,0,0
1773772926540,0.0859375,-0.219238,0.98877,0.00106526,0,0
1773772926621,0.0874023,-0.218262,0.987793,-0.000532632,-0.00106526,0
1773772926691,0.0878906,-0.216797,0.987793,0,0,0
1773772926772,0.0874023,-0.216797,0.989746,-0.000532632,0,0.000532632
1773772926852,0.0874023,-0.21875,0.987793,0,0,0.0015979
1773772926923,0.0898438,-0.219727,0.98877,0.000532632,-0.00106526,0
1773772927003,0.0864258,-0.219727,0.98877,0,-0.000532632,0
1773772927084,0.0859375,-0.216797,0.987793,0,0,0.00106526
1773772927154,0.0864258,-0.218262,0.987305,-0.000532632,0,-0.00106526
1773772927235,0.0854492,-0.217773,0.98877,0.000532632,-0.000532632,0.000532632
1773772927316,0.0874023,-0.217285,0.98877,0.000532632,-0.00106526,0
1773772927386,0.0859375,-0.21875,0.986816,0.000532632,0,0
1773772927467,0.0854492,-0.220703,0.990234,0,-0.000532632,0
1773772927537,0.0883789,-0.216797,0.987793,-0.000532632,0,0
1773772927618,0.0869141,-0.217773,0.991211,0.000532632,-0.000532632,0.000532632
1773772927698,0.0874023,-0.218262,0.988281,0.000532632,-0.000532632,0.000532632
1773772927769,0.0869141,-0.217285,0.98877,0,0,0
1773772927849,0.0869141,-0.217773,0.988281,0,-0.000532632,-0.000532632
1773772927930,0.0854492,-0.21875,0.987793,0.000532632,0,0.00106526
1773772928000,0.0874023,-0.216309,0.987793,0.000532632,0,0
1773772928081,0.0878906,-0.220703,0.987305,-0.000532632,0,0
1773772928161,0.0874023,-0.219238,0.987793,0,0,0
1773772928232,0.0878906,-0.217773,0.98877,0.000532632,0.000532632,-0.00106526
1773772928312,0.0883789,-0.219238,0.989746,0.000532632,0,0.000532632
1773772928393,0.0888672,-0.218262,0.987793,0,-0.000532632,0
1773772928464,0.0869141,-0.219727,0.98877,0.000532632,0.000532632,0.000532632
1773772928544,0.0878906,-0.216797,0.987793,0.000532632,-0.00106526,0
1773772928615,0.0874023,-0.216797,0.988281,0,-0.000532632,0
1773772928695,0.0883789,-0.216309,0.986816,-0.00106526,-0.000532632,-0.000532632
1773772928776,0.0869141,-0.220703,0.987305,0.000532632,0,-0.000532632
1773772928846,0.0883789,-0.220215,0.98877,0.000532632,0,-0.000532632
1773772928927,0.0854492,-0.218262,0.987793,-0.000532632,0.00106526,-0.000532632
1773772929007,0.0859375,-0.220703,0.987793,-0.000532632,0,0
1773772929078,0.090332,-0.218262,0.989746,0,-0.00106526,0.0015979
1773772929159,0.0878906,-0.217773,0.989746,-0.000532632,-0.000532632,0
1773772929239,0.0859375,-0.218262,0.989258,0.0015979,0,0
1773772929310,0.0878906,-0.218262,0.988281,-0.000532632,-0.000532632,0.00106526
1773772929390,0.0874023,-0.220215,0.989746,-0.00106526,0,0
1773772929471,0.0883789,-0.219238,0.987793,-0.000532632,0,0
1773772929541,0.0859375,-0.219238,0.988281,-0.000532632,0.000532632,0.000532632
1773772929622,0.0874023,-0.219238,0.989746,0,-0.00106526,0
1773772929702,0.0859375,-0.217285,0.986816,-0.000532632,0,0
1773772929773,0.0859375,-0.216797,0.98877,0.000532632,-0.00106526,0
1773772929853,0.090332,-0.219238,0.988281,0,-0.000532632,-0.000532632
1773772929924,0.0878906,-0.219238,0.986816,0.00106526,-0.000532632,0
1773772930005,0.0874023,-0.219238,0.989746,0,0,0
1773772930085,0.0869141,-0.217773,0.987793,0.0015979,-0.000532632,0.000532632
1773772930156,0.0898438,-0.219238,0.987793,0,0,-0.000532632
1773772930236,0.0893555,-0.216797,0.990723,0,-0.00106526,0
1773772930317,0.0869141,-0.21875,0.986816,0.00106526,-0.000532632,0
1773772930387,0.0883789,-0.219727,0.987793,0,0.000532632,0
1773772930468,0.0859375,-0.218262,0.987793,0,-0.000532632,-0.000532632
1773772930548,0.0864258,-0.219238,0.98877,0.000532632,-0.00106526,-0.000532632
1773772930619,0.0864258,-0.217773,0.990723,0,0,-0.000532632
1773772930699,0.0878906,-0.219727,0.989746,-0.000532632,0,0
1773772930780,0.0893555,-0.217285,0.987793,-0.000532632,-0.000532632,0
1773772930850,0.0864258,-0.21875,0.986816,0,0.000532632,-0.000532632
1773772930931,0.0874023,-0.217773,0.988281,0.000532632,0,0
1773772931011,0.0888672,-0.21875,0.987793,-0.00106526,0,0
1773772931082,0.0883789,-0.219727,0.989746,0.000532632,0,-0.000532632
1773772931163,0.0888672,-0.217773,0.987305,0,0,0.000532632
1773772931233,0.0888672,-0.21875,0.989258,0,0,-0.000532632
1773772931314,0.0883789,-0.219238,0.987305,-0.000532632,-0.000532632,0
1773772931394,0.0878906,-0.218262,0.987305,0,-0.000532632,0.00106526
1773772931465,0.0864258,-0.218262,0.988281,-0.000532632,-0.00106526,-0.000532632
1773772931546,0.0869141,-0.219238,0.987793,0,0,-0.000532632
1773772931626,0.0878906,-0.21875,0.986816,-0.000532632,0,0
1773772931697,0.0898438,-0.220215,0.986816,-0.000532632,-0.000532632,0
1773772931777,0.0874023,-0.217773,0.98877,-0.000532632,0,-0.000532632
1773772931858,0.0883789,-0.21875,0.98877,0.000532632,0,-0.00106526
1773772931928,0.0874023,-0.21875,0.988281,0.00106526,-0.000532632,0
1773772932009,0.0874023,-0.221191,0.98877,0,0,-0.00106526
1773772932089,0.0874023,-0.217773,0.989258,0.00106526,0,-0.000532632
1773772932160,0.0854492,-0.217773,0.987793,-0.000532632,0,0
1773772932240,0.0869141,-0.219238,0.986816,-0.000532632,0.00106526,-0.000532632
1773772932311,0.0869141,-0.220703,0.989746,0,-0.000532632,-0.000532632
1773772932392,0.0883789,-0.21875,0.988281,0.0015979,-0.000532632,0
1773772932472,0.0878906,-0.218262,0.98877,0,-0.000532632,0
1773772932542,0.0874023,-0.218262,0.985352,-0.000532632,0,-0.0015979
1773772932623,0.0883789,-0.21875,0.98877,0,-0.000532632,0
1773772932704,0.0859375,-0.21875,0.987793,0,-0.000532632,0.0015979
1773772932774,0.0859375,-0.219727,0.987793,-0.000532632,-0.000532632,0.000532632
1773772932855,0.0869141,-0.21875,0.987305,-0.000532632,-0.00106526,0.000532632
1773772932935,0.0878906,-0.219727,0.98877,-0.000532632,0,0
1773772933006,0.0883789,-0.219238,0.987793,0,-0.000532632,-0.000532632
1773772933086,0.0888672,-0.219238,0.98877,0,-0.000532632,0.000532632
1773772933167,0.0874023,-0.218262,0.987793,-0.000532632,0.000532632,0
1773772933237,0.0849609,-0.217773,0.988281,0.000532632,-0.000532632,0
1773772933318,0.0864258,-0.219238,0.989258,-0.000532632,-0.000532632,0
1773772933398,0.0859375,-0.219238,0.98877,0.000532632,-0.00106526,-0.000532632
1773772933469,0.0864258,-0.219238,0.988281,0.000532632,0,0
1773772933550,0.0864258,-0.218262,0.988281,0,-0.000532632,0.000532632
1773772933620,0.0878906,-0.218262,0.986816,0,0,-0.00106526
1773772933700,0.0883789,-0.218262,0.988281,0.000532632,0,0.000532632
1773772933781,0.0839844,-0.21875,0.986328,0,-0.000532632,0.00106526
1773772933851,0.0869141,-0.220215,0.98877,0,0,0.00106526
1773772933932,0.0878906,-0.217773,0.989258,-0.000532632,-0.000532632,0.00106526
1773772934012,0.0859375,-0.219238,0.989258,0.000532632,-0.000532632,-0.00106526
1773772934083,0.0874023,-0.218262,0.988281,-0.00106526,0.000532632,0.000532632
1773772934163,0.0859375,-0.219727,0.989746,0,0,0
1773772934244,0.0883789,-0.218262,0.987793,-0.000532632,0.000532632,0.000532632
1773772934315,0.0859375,-0.220215,0.988281,0.00106526,-0.000532632,0.00106526
1773772934395,0.0883789,-0.219727,0.98877,0,-0.000532632,0
1773772934476,0.0859375,-0.220215,0.986816,0.0015979,0,0
1773772934546,0.0869141,-0.217773,0.990234,0,0,0.000532632
1773772934627,0.0883789,-0.217773,0.989258,0.000532632,-0.000532632,0
1773772934707,0.0874023,-0.216797,0.98877,0.000532632,-0.000532632,-0.000532632
1773772934778,0.0888672,-0.216797,0.989746,0.000532632,-0.00106526,-0.000532632
1773772934858,0.0869141,-0.21875,0.988281,0,0,-0.000532632
1773772934929,0.0888672,-0.21875,0.989258,0.000532632,0.000532632,0.000532632
1773772935009,0.0869141,-0.217773,0.987793,0,0,0
1773772935090,0.0864258,-0.217773,0.98877,0.000532632,0,0
1773772935160,0.0869141,-0.21875,0.989746,-0.000532632,-0.000532632,0.000532632
1773772935241,0.0874023,-0.219238,0.989746,0,-0.000532632,0.000532632
1773772935321,0.0859375,-0.217773,0.988281,-0.000532632,-0.000532632,-0.000532632
1773772935392,0.0874023,-0.21875,0.987793,0,-0.000532632,-0.000532632
1773772935473,0.0864258,-0.219727,0.989258,0,-0.000532632,0.0015979
1773772935553,0.0864258,-0.218262,0.989258,-0.000532632,0,-0.00106526
1773772935624,0.0883789,-0.217773,0.987793,0,0,0
1773772935704,0.0859375,-0.21875,0.989258,0,-0.000532632,0
1773772935785,0.0869141,-0.21875,0.990234,0,-0.00106526,0
1773772935855,0.0874023,-0.21875,0.986328,0.000532632,-0.000532632,0.000532632
1773772935936,0.0869141,-0.219727,0.987793,0.00106526,-0.00106526,0.000532632
1773772936016,0.0878906,-0.218262,0.988281,0,-0.000532632,-0.000532632
1773772936087,0.0859375,-0.220215,0.987305,0.000532632,0.000532632,0
1773772936167,0.0893555,-0.216797,0.990723,0,-0.000532632,-0.000532632
1773772936238,0.0878906,-0.220215,0.98877,0.00106526,0,0
1773772936318,0.0888672,-0.21875,0.988281,0,0,0.00106526
1773772936399,0.0893555,-0.221191,0.984863,0.000532632,-0.000532632,0.00106526
1773772936469,0.0859375,-0.218262,0.986816,-0.00106526,0,0.000532632
1773772936550,0.0874023,-0.217285,0.98877,-0.000532632,-0.000532632,0
1773772936631,0.0893555,-0.218262,0.988281,-0.000532632,0.000532632,0
1773772936701,0.0869141,-0.216797,0.989746,0,0,0
1773772936782,0.0869141,-0.219238,0.987793,0,-0.000532632,0
1773772936862,0.0859375,-0.217285,0.987793,-0.000532632,0,0.000532632
1773772936933,0.0869141,-0.219727,0.987793,0.000532632,-0.000532632,-0.00106526
1773772937013,0.0878906,-0.217773,0.986328,-0.000532632,-0.000532632,0
1773772937094,0.0859375,-0.218262,0.987793,0.000532632,-0.000532632,0
1773772937164,0.0893555,-0.219238,0.98877,0,0,0
1773772937245,0.0859375,-0.219727,0.988281,0.000532632,-0.00106526,-0.000532632
1773772937315,0.0859375,-0.219238,0.988281,0,0,0
1773772937396,0.0893555,-0.219727,0.987305,0,-0.000532632,0
1773772937476,0.0854492,-0.221191,0.989258,-0.000532632,-0.000532632,0.000532632
1773772937547,0.0893555,-0.217285,0.98877,0,-0.000532632,0
1773772937628,0.0898438,-0.218262,0.990234,0,-0.000532632,0.000532632
1773772937708,0.0874023,-0.217773,0.987305,0.00213053,-0.000532632,0.000532632
1773772937779,0.0883789,-0.220215,0.987793,0,-0.0015979,0.000532632
1773772937859,0.0869141,-0.219727,0.989746,0.000532632,-0.000532632,0
1773772937940,0.0859375,-0.218262,0.988281,-0.00106526,-0.00106526,-0.000532632
1773772938010,0.0893555,-0.217285,0.98877,0.00106526,-0.00106526,-0.000532632
1773772938091,0.0883789,-0.217773,0.986816,0.000532632,0,0.000532632
1773772938171,0.0859375,-0.217285,0.988281,0.000532632,0,-0.000532632
1773772938242,0.0878906,-0.218262,0.987793,0.000532632,0.000532632,0.000532632
1773772938322,0.0883789,-0.217773,0.989746,0.000532632,-0.000532632,-0.000532632
1773772938403,0.0854492,-0.21875,0.988281,-0.000532632,-0.000532632,0.000532632
1773772938473,0.0869141,-0.219727,0.988281,-0.000532632,0,0.000532632
1773772938554,0.0864258,-0.218262,0.987793,0.000532632,0.000532632,0
1773772938624,0.0874023,-0.219238,0.986816,-0.00106526,-0.000532632,0
1773772938705,0.0864258,-0.217773,0.98877,0,-0.000532632,-0.00106526
1773772938785,0.0878906,-0.219238,0.989746,0,-0.000532632,-0.000532632
1773772938856,0.0869141,-0.214844,0.986328,0.000532632,-0.00106526,0
1773772938937,0.0874023,-0.219238,0.987793,-0.000532632,-0.00106526,0
1773772939017,0.0864258,-0.217285,0.98877,0,-0.00106526,0
1773772939091,0.0864258,-0.21875,0.988281,0,-0.000532632,0
1773772939169,0.0864258,-0.21875,0.989258,-0.000532632,-0.000532632,0.00106526
1773772939249,0.0888672,-0.222168,0.98877,-0.000532632,0,0.000532632
1773772939319,0.0869141,-0.219727,0.987305,0,0,-0.000532632
1773772939400,0.0869141,-0.217285,0.987305,0,0.000532632,0.000532632
1773772939481,0.0893555,-0.216797,0.988281,0,-0.000532632,-0.000532632
1773772939551,0.0869141,-0.217773,0.987793,0,-0.000532632,-0.00106526
1773772939632,0.0874023,-0.21875,0.987793,0,-0.00106526,0
1773772939712,0.0854492,-0.218262,0.987305,-0.000532632,-0.000532632,0
1773772939783,0.0878906,-0.219727,0.98877,0,-0.000532632,-0.000532632
1773772939863,0.0854492,-0.217285,0.989746,0.000532632,0,0.000532632
1773772939934,0.0888672,-0.21875,0.987305,-0.000532632,0.000532632,0.00106526
1773772940014,0.0878906,-0.217773,0.988281,0.000532632,-0.00106526,0.00106526
1773772940095,0.0898438,-0.217285,0.990234,0.000532632,-0.000532632,0
1773772940165,0.0883789,-0.217773,0.989258,0.000532632,0,0
1773772940246,0.0859375,-0.219238,0.989258,0,0,-0.000532632
1773772940326,0.0883789,-0.21875,0.989746,0.000532632,0,-0.000532632
1773772940397,0.0878906,-0.21875,0.988281,0.00106526,-0.00213053,0.000532632
1773772940477,0.0888672,-0.217285,0.98877,0,0,0
1773772940558,0.0874023,-0.21875,0.987793,-0.00106526,0,-0.000532632
1773772940629,0.0874023,-0.218262,0.98877,0,-0.000532632,0
1773772940709,0.0874023,-0.220703,0.98877,0,-0.000532632,0
1773772940790,0.0883789,-0.21875,0.989258,0.000532632,-0.000532632,0.000532632
1773772940860,0.0893555,-0.21875,0.988281,-0.00106526,0,0
1773772940941,0.0854492,-0.220215,0.989746,0.000532632,-0.0015979,0
1773772941021,0.0878906,-0.21875,0.987793,0.000532632,-0.000532632,0
1773772941092,0.0869141,-0.22168,0.988281,0,0,0
1773772941172,0.0888672,-0.218262,0.988281,0,-0.000532632,-0.000532632
1773772941243,0.0878906,-0.217285,0.990723,-0.000532632,-0.000532632,0.000532632
1773772941323,0.0878906,-0.220215,0.98877,0.00106526,-0.000532632,0
1773772941404,0.0869141,-0.218262,0.988281,0,-0.000532632,0.000532632
1773772941475,0.0854492,-0.220703,0.98877,-0.000532632,-0.00106526,0
1773772941555,0.0874023,-0.218262,0.986816,0.00106526,-0.000532632,0
1773772941636,0.0883789,-0.218262,0.988281,0,0,-0.000532632
1773772941706,0.0869141,-0.21875,0.988281,0,0,0.000532632
1773772941787,0.0864258,-0.21582,0.986816,0.00106526,0,-0.000532632
1773772941867,0.0854492,-0.218262,0.988281,-0.000532632,-0.000532632,0
1773772941938,0.0888672,-0.215332,0.989746,-0.000532632,0,0.000532632
1773772942018,0.0878906,-0.219727,0.988281,0,-0.00106526,0.00106526
1773772942099,0.0893555,-0.219727,0.989746,-0.000532632,0.000532632,0.000532632
1773772942169,0.0878906,-0.217773,0.990723,0,-0.000532632,0
1773772942250,0.0859375,-0.216797,0.988281,0,0.000532632,0.000532632
1773772942330,0.0869141,-0.219727,0.98877,0,0,-0.000532632
1773772942401,0.0878906,-0.216797,0.98877,0,-0.00106526,0
1773772942481,0.0869141,-0.219727,0.987793,-0.00106526,-0.000532632,-0.00106526
1773772942552,0.0883789,-0.220215,0.990723,0,0.00106526,0
1773772942632,0.0883789,-0.217773,0.986328,0,-0.00106526,-0.000532632
1773772942713,0.0864258,-0.216309,0.989746,0.000532632,0.000532632,-0.000532632
1773772942784,0.0878906,-0.219238,0.98877,0.000532632,0,0
1773772942864,0.0878906,-0.217773,0.988281,0,-0.000532632,-0.000532632
1773772942945,0.0888672,-0.218262,0.989746,0,-0.000532632,0
1773772943015,0.0874023,-0.216309,0.98877,0,-0.000532632,-0.000532632
1773772943096,0.0854492,-0.21875,0.988281,-0.000532632,-0.000532632,-0.00106526
1773772943176,0.0883789,-0.217773,0.989258,0.000532632,0,0.000532632
1773772943247,0.0883789,-0.218262,0.988281,0.000532632,-0.00106526,-0.000532632
1773772943327,0.0859375,-0.220215,0.98584,0,0,0
1773772943408,0.0874023,-0.216797,0.989258,0.000532632,0,0.000532632
1773772943478,0.0888672,-0.219238,0.990234,0,0,0
1773772943559,0.0874023,-0.217773,0.98877,-0.000532632,-0.000532632,0
1773772943639,0.0893555,-0.21875,0.989746,0,-0.000532632,0.000532632
1773772943710,0.0893555,-0.218262,0.98877,-0.000532632,0.000532632,-0.000532632
1773772943791,0.0869141,-0.218262,0.98877,0.000532632,-0.00106526,0
1773772943861,0.0874023,-0.218262,0.98877,0.00106526,-0.000532632,-0.000532632
1773772943942,0.0859375,-0.218262,0.987793,0,0,0
1773772944022,0.0869141,-0.219727,0.987305,0.00106526,-0.000532632,0
1773772944093,0.0883789,-0.220215,0.988281,0.000532632,0,-0.00106526
1773772944174,0.0844727,-0.219727,0.988281,-0.000532632,-0.000532632,0
1773772944254,0.0883789,-0.217773,0.988281,0.000532632,-0.0015979,0.000532632
1773772944325,0.0869141,-0.219727,0.987793,0.000532632,0,0.000532632
1773772944405,0.0874023,-0.21875,0.989746,0,0,0.000532632
1773772944486,0.0883789,-0.219238,0.988281,0.000532632,0,0.000532632
1773772944557,0.0878906,-0.217773,0.987793,0,0,-0.000532632
1773772944637,0.0869141,-0.21875,0.986816,0.000532632,-0.000532632,0
1773772944708,0.0874023,-0.219727,0.98877,-0.000532632,-0.000532632,-0.000532632
1773772944788,0.0859375,-0.220215,0.986816,0,0,-0.000532632
1773772944869,0.0864258,-0.218262,0.988281,0.000532632,-0.000532632,-0.000532632
1773772944939,0.0874023,-0.219727,0.98877,0.000532632,-0.00106526,0
1773772945020,0.0883789,-0.217773,0.98877,-0.000532632,-0.00106526,0.000532632
1773772945100,0.0864258,-0.221191,0.98877,0.000532632,0.000532632,0
1773772945171,0.0874023,-0.216797,0.98877,0.00106526,-0.000532632,0.00106526
1773772945251,0.0878906,-0.219238,0.987305,0.00106526,0.000532632,-0.000532632
1773772945332,0.0874023,-0.218262,0.98877,0,-0.000532632,0
1773772945403,0.0883789,-0.21875,0.989746,0.000532632,-0.000532632,0.000532632
1773772945483,0.0844727,-0.220215,0.987793,0,-0.000532632,-0.000532632
1773772945564,0.0864258,-0.220215,0.988281,0.000532632,0.000532632,0.000532632
1773772945634,0.0874023,-0.217773,0.986816,0.00106526,0,0
1773772945715,0.0874023,-0.220703,0.98877,0.000532632,-0.000532632,0
1773772945795,0.0878906,-0.21875,0.988281,-0.000532632,-0.000532632,0
1773772945866,0.0893555,-0.216309,0.986328,-0.000532632,0,0
1773772945946,0.0883789,-0.218262,0.988281,0.000532632,0,0.000532632
1773772946017,0.0883789,-0.219727,0.988281,0.000532632,-0.00106526,0.000532632
1773772946097,0.0864258,-0.21875,0.987793,0.000532632,-0.000532632,0.00106526
1773772946178,0.0864258,-0.21875,0.986816,0.00106526,0.000532632,0
1773772946248,0.0888672,-0.217773,0.987305,0,0,0.000532632
1773772946329,0.0869141,-0.220215,0.988281,0,-0.000532632,0.000532632
1773772946410,0.0869141,-0.218262,0.986816,0.000532632,-0.000532632,0
1773772946480,0.0864258,-0.219727,0.988281,-0.000532632,-0.00106526,0
1773772946561,0.0883789,-0.220215,0.98877,-0.00106526,0,0
1773772946641,0.0883789,-0.219238,0.987305,0.000532632,0,0
1773772946712,0.0878906,-0.220215,0.98877,0,0,0.000532632
1773772946792,0.0854492,-0.217285,0.98877,-0.000532632,0,0
1773772946873,0.0864258,-0.21875,0.98877,0,-0.000532632,-0.000532632
1773772946943,0.0854492,-0.219727,0.98584,-0.000532632,-0.000532632,0.0015979
1773772947024,0.0874023,-0.219727,0.986816,-0.000532632,-0.000532632,0
1773772947104,0.0859375,-0.219238,0.990234,0,-0.000532632,-0.000532632
1773772947175,0.0859375,-0.218262,0.987793,0,-0.00106526,0
1773772947255,0.0869141,-0.219238,0.989258,-0.000532632,-0.000532632,0
1773772947326,0.0888672,-0.217773,0.98877,-0.00106526,-0.00106526,0
1773772947407,0.0864258,-0.219238,0.988281,0,-0.000532632,0
1773772947487,0.0878906,-0.219727,0.98877,0.000532632,0,-0.000532632
1773772947557,0.0869141,-0.219727,0.989746,0.000532632,-0.000532632,0.000532632
1773772947638,0.0888672,-0.218262,0.987305,0,-0.000532632,0
1773772947719,0.0859375,-0.219238,0.98877,0,-0.00106526,-0.000532632
1773772947789,0.0888672,-0.219727,0.986816,0,0,0
1773772947870,0.0864258,-0.21875,0.989258,0,-0.000532632,0
1773772947950,0.0869141,-0.219238,0.989258,0,0,0
1773772948021,0.0888672,-0.218262,0.98877,0.000532632,0.000532632,0
1773772948101,0.0859375,-0.219238,0.987305,0.000532632,0,0
1773772948182,0.0864258,-0.217773,0.987793,0,-0.000532632,0
1773772948252,0.0854492,-0.217773,0.98584,0.000532632,-0.00106526,0.00106526
1773772948333,0.0849609,-0.21875,0.990234,0.00106526,-0.000532632,0.000532632
1773772948413,0.0864258,-0.219238,0.988281,0.000532632,0,0
1773772948484,0.0864258,-0.219238,0.98877,0.000532632,-0.00106526,0.000532632
1773772948564,0.0893555,-0.218262,0.988281,0,-0.000532632,0
1773772948635,0.0869141,-0.220215,0.988281,0.000532632,-0.000532632,-0.000532632
1773772948716,0.0854492,-0.21875,0.987793,0,-0.00106526,0.00106526
1773772948796,0.0878906,-0.21875,0.989258,0.00106526,-0.000532632,0
1773772948867,0.0854492,-0.218262,0.987793,0,0,0
1773772948947,0.0878906,-0.220215,0.987305,0.000532632,0,0.0015979
1773772949028,0.0878906,-0.219727,0.98877,0.000532632,-0.000532632,0.000532632
1773772949099,0.0854492,-0.21875,0.987793,-0.000532632,-0.000532632,0
1773772949179,0.0859375,-0.219727,0.989746,0,0,-0.00106526
1773772949259,0.0864258,-0.219238,0.98877,0.000532632,-0.000532632,-0.00106526
1773772949335,0.0864258,-0.217773,0.986816,0.000532632,-0.000532632,0
1773772949410,0.0878906,-0.219727,0.990234,-0.000532632,-0.000532632,0.000532632
1773772949491,0.0869141,-0.219238,0.989258,0.000532632,-0.000532632,-0.000532632
1773772949561,0.0883789,-0.219727,0.988281,-0.000532632,-0.0015979,-0.000532632
1773772949642,0.0883789,-0.217285,0.98877,0.000532632,0.000532632,0
1773772949723,0.0883789,-0.220703,0.988281,-0.000532632,0,-0.00106526
1773772949793,0.0859375,-0.217285,0.989258,-0.000532632,0.000532632,-0.000532632
1773772949874,0.0883789,-0.219238,0.986328,0,0,0.000532632
1773772949944,0.0849609,-0.219238,0.986816,0,-0.000532632,-0.000532632
1773772950025,0.0874023,-0.219238,0.988281,0,-0.000532632,-0.0015979
1773772950105,0.0878906,-0.217285,0.990723,0.00106526,-0.000532632,0
1773772950176,0.0864258,-0.217773,0.987793,0.000532632,0,0.000532632
1773772950256,0.0878906,-0.217773,0.986816,0.000532632,-0.000532632,0
1773772950337,0.0874023,-0.21875,0.988281,-0.000532632,-0.000532632,0
1773772950407,0.0859375,-0.219727,0.98584,0.000532632,0,0.000532632
1773772950488,0.0874023,-0.220215,0.990723,0,-0.000532632,0.000532632
1773772950568,0.0869141,-0.219238,0.988281,0.000532632,0,0
1773772950639,0.0874023,-0.219727,0.98877,-0.000532632,0,0.000532632
1773772950720,0.0883789,-0.220215,0.987305,0.000532632,0,0
1773772950800,0.0869141,-0.219238,0.987793,0.000532632,-0.0015979,0
1773772950871,0.0869141,-0.21875,0.986816,-0.000532632,-0.00106526,0.00106526
1773772950951,0.0878906,-0.219238,0.986328,0.000532632,0,-0.000532632
1773772951022,0.0883789,-0.219727,0.987793,-0.000532632,0,-0.000532632
1773772951103,0.0878906,-0.216309,0.988281,0.000532632,-0.000532632,0
1773772951183,0.0869141,-0.218262,0.988281,0.00106526,-0.000532632,0
1773772951254,0.0874023,-0.216797,0.986816,0,-0.000532632,0
1773772951334,0.0864258,-0.221191,0.987793,0.000532632,-0.000532632,-0.00106526
1773772951414,0.0849609,-0.21875,0.987305,0.000532632,-0.000532632,-0.00106526
1773772951485,0.0888672,-0.217285,0.988281,0.000532632,0.000532632,0
1773772951565,0.0859375,-0.218262,0.987793,0,0.000532632,-0.000532632
1773772951646,0.0859375,-0.218262,0.987793,0.000532632,-0.000532632,0
1773772951717,0.0864258,-0.21875,0.986328,0,0,0.000532632
1773772951798,0.0869141,-0.220703,0.988281,-0.000532632,-0.000532632,0.000532632
1773772951878,0.0869141,-0.219238,0.989746,-0.000532632,-0.000532632,-0.00106526
1773772951948,0.0859375,-0.21875,0.988281,-0.000532632,0,0.00106526
1773772952029,0.0878906,-0.219238,0.98877,0,0,0.000532632
1773772952099,0.0874023,-0.218262,0.98877,-0.000532632,0,0.00106526
1773772952180,0.0874023,-0.216797,0.988281,0,-0.000532632,0
1773772952261,0.0874023,-0.220215,0.987793,-0.000532632,-0.000532632,0
1773772952331,0.0859375,-0.219238,0.987305,0,0,0
1773772952412,0.0859375,-0.21875,0.988281,-0.000532632,0,-0.000532632
1773772952492,0.0878906,-0.220703,0.98877,0,0.000532632,0
1773772952563,0.0869141,-0.218262,0.98877,0,-0.000532632,-0.000532632
1773772952643,0.0878906,-0.21875,0.989746,0,0.00106526,0.00106526
1773772952724,0.0859375,-0.220215,0.98877,0.00106526,0,0.000532632
1773772952794,0.0874023,-0.220215,0.990234,0.000532632,-0.00106526,0.000532632
1773772952875,0.0859375,-0.220215,0.988281,0.00106526,-0.000532632,0
1773772952955,0.0888672,-0.220215,0.98877,0,0,0
1773772953026,0.0883789,-0.219727,0.98877,-0.000532632,-0.000532632,0
1773772953107,0.0883789,-0.217773,0.988281,0,-0.000532632,-0.000532632
1773772953187,0.0874023,-0.21875,0.987305,0.000532632,-0.000532632,0.000532632
1773772953257,0.0859375,-0.219727,0.986816,-0.000532632,-0.000532632,0.000532632
1773772953338,0.0893555,-0.219238,0.989258,0,0,0
1773772953409,0.0878906,-0.21875,0.988281,0,0.000532632,0.000532632
1773772953489,0.0869141,-0.217773,0.98877,-0.000532632,-0.00106526,0
1773772953570,0.0859375,-0.219238,0.986328,0.000532632,0,-0.00106526
1773772953640,0.0859375,-0.219238,0.987305,-0.000532632,0.000532632,-0.00106526
1773772953721,0.0864258,-0.219727,0.989746,0,0,0
1773772953802,0.0859375,-0.219238,0.98877,0,0,-0.000532632
1773772953872,0.0869141,-0.220215,0.986816,0,-0.00106526,-0.00106526
1773772953953,0.0834961,-0.220215,0.986816,0.000532632,-0.000532632,-0.000532632
1773772954033,0.0859375,-0.217773,0.987793,0,-0.000532632,0.00106526
1773772954104,0.0859375,-0.219727,0.988281,0,-0.00106526,0.00106526
1773772954184,0.0898438,-0.219727,0.987305,0,0.000532632,0.000532632
1773772954265,0.0874023,-0.217773,0.987793,0,0.000532632,0.000532632
1773772954335,0.0878906,-0.21875,0.98877,-0.000532632,0,-0.000532632
1773772954419,0.0878906,-0.21875,0.989746,0,-0.00106526,0
1773772954486,0.0878906,-0.217285,0.990723,0.000532632,-0.00106526,0
1773772954567,0.0869141,-0.220215,0.98877,0.000532632,0,0.000532632
1773772954647,0.0898438,-0.216797,0.987793,-0.000532632,-0.000532632,0.00106526
1773772954718,0.0878906,-0.219727,0.987793,-0.000532632,-0.000532632,-0.000532632
1773772954798,0.090332,-0.222168,0.986816,0.000532632,-0.000532632,0
1773772954879,0.0908203,-0.219238,0.988281,-0.000532632,0.000532632,0.00106526
1773772954949,0.0874023,-0.216797,0.987793,-0.00106526,-0.00106526,0
1773772955030,0.0883789,-0.218262,0.988281,-0.000532632,0,0.000532632
1773772955111,0.0874023,-0.219727,0.988281,-0.000532632,-0.000532632,0
1773772955181,0.0869141,-0.216797,0.987793,0,-0.00106526,0.0015979
1773772955262,0.0864258,-0.217773,0.988281,0.000532632,-0.000532632,-0.00106526
1773772955342,0.0864258,-0.218262,0.986816,0,0,0
1773772955413,0.0878906,-0.21875,0.987793,-0.00106526,0.000532632,0.000532632
1773772955493,0.0859375,-0.220215,0.987305,-0.000532632,-0.00106526,0
1773772955574,0.0869141,-0.219727,0.98877,0.000532632,-0.000532632,-0.000532632
1773772955644,0.0874023,-0.21875,0.987793,-0.000532632,-0.000532632,-0.000532632
1773772955725,0.0869141,-0.21875,0.987793,-0.000532632,-0.00106526,0.00106526
1773772955795,0.0874023,-0.21875,0.988281,0,0,0
1773772955876,0.0874023,-0.217773,0.98877,0.000532632,0,0
1773772955957,0.0888672,-0.219727,0.98877,-0.000532632,0,0.000532632
1773772956027,0.0888672,-0.21875,0.98877,0.000532632,0,0
1773772956108,0.0854492,-0.217773,0.988281,-0.000532632,-0.000532632,0.000532632
1773772956188,0.0874023,-0.21875,0.989258,0,0,-0.000532632
1773772956259,0.0869141,-0.217285,0.98877,-0.00106526,0,0.000532632
1773772956340,0.0878906,-0.217285,0.98877,-0.000532632,0.00106526,-0.000532632
1773772956420,0.0864258,-0.220215,0.987793,-0.000532632,-0.000532632,-0.000532632
1773772956491,0.0874023,-0.217285,0.986816,0.00106526,0.000532632,0.000532632
1773772956571,0.0883789,-0.21875,0.988281,-0.000532632,-0.000532632,0
1773772956652,0.0883789,-0.219238,0.987793,-0.000532632,-0.000532632,0
1773772956722,0.0869141,-0.21875,0.987305,0,0,-0.00106526
1773772956803,0.0869141,-0.219727,0.98877,-0.000532632,-0.000532632,0.000532632
1773772956873,0.0893555,-0.219238,0.989258,-0.00106526,0,0
1773772956954,0.0878906,-0.217773,0.98877,-0.000532632,0,0.000532632
1773772957034,0.0893555,-0.21875,0.989746,0,0,0
1773772957105,0.0864258,-0.219238,0.988281,0,-0.000532632,-0.00106526
1773772957185,0.0869141,-0.219727,0.988281,-0.000532632,0,-0.000532632
1773772957266,0.0878906,-0.21875,0.990234,0,0,-0.000532632
1773772957337,0.0864258,-0.217285,0.989746,0,0,0.000532632
1773772957417,0.0869141,-0.219727,0.989746,0.00106526,-0.000532632,0.000532632
1773772957498,0.0883789,-0.219238,0.987793,0.000532632,-0.00106526,-0.0015979
1773772957568,0.0888672,-0.218262,0.988281,-0.000532632,0,0.000532632
1773772957649,0.0869141,-0.218262,0.989258,-0.000532632,0,0.000532632
1773772957729,0.0864258,-0.218262,0.987305,0.000532632,0,0.00106526
1773772957800,0.0864258,-0.21875,0.987305,0.00106526,-0.00106526,-0.000532632
1773772957880,0.0864258,-0.218262,0.987793,0,0,-0.000532632
1773772957961,0.0869141,-0.220703,0.98877,0,0,0
1773772958031,0.0854492,-0.21875,0.98877,-0.000532632,-0.00106526,0
1773772958112,0.0883789,-0.221191,0.98877,0.000532632,-0.000532632,0.000532632
1773772958182,0.0878906,-0.21875,0.987793,0,0.000532632,-0.00106526
1773772958263,0.0869141,-0.21875,0.98877,0,0,0
1773772958343,0.0869141,-0.217773,0.987793,0.00106526,-0.000532632,0
1773772958414,0.0878906,-0.218262,0.986816,0,-0.000532632,0
1773772958494,0.0878906,-0.21875,0.989258,-0.000532632,-0.000532632,0.000532632
1773772958575,0.0864258,-0.21875,0.987793,0.000532632,0,0
1773772958645,0.0869141,-0.219727,0.988281,0,-0.00106526,0.00106526
1773772958726,0.0839844,-0.21875,0.990234,0.00106526,0.000532632,0
1773772958806,0.0883789,-0.219238,0.98877,0,0,0.0015979
1773772958877,0.0859375,-0.221191,0.987793,0.00106526,-0.00106526,0
1773772958958,0.0859375,-0.219238,0.986816,-0.000532632,-0.000532632,-0.00106526
1773772959038,0.0878906,-0.21875,0.986816,0,-0.00106526,-0.00106526
1773772959109,0.0883789,-0.219727,0.987305,0,-0.000532632,0
1773772959189,0.0874023,-0.218262,0.987305,0.00106526,-0.000532632,-0.000532632
1773772959270,0.0883789,-0.219238,0.989746,-0.000532632,-0.00106526,0.000532632
1773772959340,0.0874023,-0.217285,0.988281,0.00106526,0,0.000532632
1773772959421,0.0888672,-0.218262,0.989258,0.000532632,0,0
1773772959491,0.0874023,-0.21875,0.98877,0,-0.000532632,0
1773772959572,0.0874023,-0.21875,0.988281,0,-0.000532632,0
1773772959652,0.0864258,-0.218262,0.989746,-0.000532632,-0.000532632,-0.000532632
1773772959723,0.0864258,-0.219238,0.990723,0.000532632,-0.000532632,0.000532632
1773772959804,0.0888672,-0.219238,0.989258,-0.000532632,0,0.000532632
1773772959884,0.0874023,-0.21875,0.988281,0,-0.00106526,-0.000532632
1773772959955,0.0878906,-0.21875,0.988281,0,-0.000532632,-0.000532632
1773772960035,0.0874023,-0.219238,0.989258,0.000532632,0,0
1773772960116,0.0883789,-0.219727,0.988281,0,0,0
1773772960186,0.0864258,-0.22168,0.986328,0,-0.00106526,-0.000532632
1773772960267,0.0874023,-0.218262,0.989746,0,0.0015979,0
1773772960348,0.0869141,-0.218262,0.988281,0,-0.000532632,0.000532632
1773772960418,0.0874023,-0.217285,0.988281,0.000532632,0,0.000532632
1773772960499,0.0893555,-0.21875,0.988281,0,-0.00106526,0
1773772960579,0.0888672,-0.21875,0.989746,0.00213053,0,0.00106526
1773772960650,0.0874023,-0.219238,0.98877,0.000532632,0,0.0015979
1773772960731,0.0878906,-0.219238,0.988281,0,0,0.000532632
1773772960801,0.0893555,-0.218262,0.987793,0.000532632,0,0.000532632
1773772960882,0.0888672,-0.217285,0.988281,-0.00106526,0,0.000532632
1773772960962,0.0883789,-0.218262,0.987793,0.000532632,-0.000532632,0
1773772961033,0.0874023,-0.218262,0.98877,0,-0.00106526,0
1773772961113,0.0878906,-0.219238,0.988281,0,-0.00106526,0.00106526
1773772961194,0.0869141,-0.219238,0.98877,0,-0.000532632,0
1773772961264,0.0878906,-0.220215,0.989258,0.000532632,0.000532632,0
1773772961345,0.0859375,-0.21875,0.986816,0.00106526,-0.000532632,0
1773772961426,0.0869141,-0.219238,0.98877,0.000532632,0,0.000532632
1773772961496,0.0864258,-0.21875,0.990723,0,-0.000532632,-0.000532632
1773772961577,0.0869141,-0.218262,0.990723,0.000532632,0.00106526,0
1773772961657,0.0883789,-0.220215,0.987793,0.00106526,0,-0.000532632
1773772961728,0.0859375,-0.219238,0.987305,0.00106526,-0.000532632,0.000532632
1773772961808,0.0888672,-0.217773,0.986816,-0.000532632,-0.000532632,-0.0015979
1773772961879,0.0898438,-0.217773,0.989258,0.000532632,0.000532632,-0.000532632
1773772961959,0.0888672,-0.217773,0.987793,0.000532632,0,0.000532632
1773772962040,0.0854492,-0.21875,0.989746,0.000532632,0,0
1773772962110,0.0888672,-0.216797,0.987793,0.00106526,-0.000532632,0.00106526
1773772962191,0.0869141,-0.219238,0.987793,0,0.000532632,0
1773772962271,0.0869141,-0.217285,0.98877,0.00106526,0,0.000532632
1773772962342,0.0888672,-0.218262,0.988281,0.00106526,0,0.000532632
1773772962423,0.0878906,-0.217773,0.990234,0,0,-0.00106526
1773772962503,0.0908203,-0.220215,0.987793,0,0.000532632,0.000532632
1773772962574,0.0874023,-0.216797,0.989746,-0.00106526,-0.0015979,-0.000532632
1773772962654,0.0888672,-0.219727,0.987305,0,-0.000532632,0.000532632
1773772962735,0.0883789,-0.218262,0.987793,0.000532632,-0.000532632,-0.000532632
1773772962805,0.0869141,-0.21875,0.988281,0.000532632,-0.00106526,-0.000532632
1773772962886,0.0888672,-0.216309,0.990234,0.000532632,0,-0.00106526
1773772962956,0.0874023,-0.218262,0.987305,0.00106526,-0.00106526,-0.000532632
1773772963037,0.0864258,-0.219727,0.988281,0.000532632,-0.00106526,-0.000532632
1773772963117,0.0874023,-0.218262,0.989746,0.000532632,0,-0.000532632
1773772963188,0.0874023,-0.21582,0.987793,0,-0.000532632,0
1773772963268,0.0878906,-0.217773,0.988281,0.000532632,-0.000532632,0.000532632
1773772963349,0.0859375,-0.219727,0.987793,0,-0.000532632,0
1773772963419,0.0874023,-0.21875,0.987305,0.000532632,-0.000532632,0.000532632
1773772963500,0.0864258,-0.219727,0.990234,0.000532632,-0.00106526,-0.000532632
1773772963581,0.0874023,-0.220215,0.988281,0.000532632,0,0.0015979
1773772963651,0.0844727,-0.219238,0.989258,0.00106526,0,0.00106526
1773772963732,0.0874023,-0.218262,0.990234,0,0.00106526,0.000532632
1773772963812,0.0869141,-0.217773,0.988281,0.000532632,0,-0.00106526
1773772963883,0.0869141,-0.219727,0.98877,-0.000532632,-0.00106526,0
1773772963963,0.0878906,-0.220215,0.98877,-0.000532632,0,0.000532632
1773772964044,0.0888672,-0.21875,0.989258,0,0.000532632,-0.000532632
1773772964114,0.0874023,-0.21875,0.987793,0,-0.000532632,-0.00106526
1773772964195,0.0864258,-0.217773,0.989258,0.000532632,0.000532632,0.000532632
1773772964265,0.0883789,-0.21875,0.986816,0,0.000532632,0.000532632
1773772964346,0.0888672,-0.219238,0.987793,0,-0.000532632,-0.000532632
1773772964426,0.0883789,-0.219238,0.987793,0.000532632,-0.00106526,0.000532632
1773772964497,0.0878906,-0.21875,0.988281,0,0,0
1773772964577,0.0878906,-0.218262,0.988281,0.000532632,-0.000532632,0
1773772964658,0.0878906,-0.216797,0.987793,0.000532632,-0.00106526,0.000532632
1773772964728,0.0878906,-0.216797,0.988281,0,-0.000532632,-0.00106526
1773772964809,0.0893555,-0.219238,0.987305,0,0,0
1773772964890,0.0878906,-0.21875,0.989746,-0.000532632,0,0.000532632
1773772964960,0.0883789,-0.218262,0.989258,0.000532632,-0.00106526,0
1773772965041,0.0878906,-0.217773,0.98877,-0.000532632,-0.000532632,-0.00106526
1773772965121,0.0874023,-0.217773,0.989258,-0.000532632,-0.000532632,0
1773772965192,0.0864258,-0.21875,0.989258,-0.00106526,-0.00106526,0
1773772965272,0.0874023,-0.215332,0.98877,0,0,-0.000532632
1773772965353,0.0859375,-0.217285,0.990723,0,0.000532632,-0.000532632
1773772965423,0.0893555,-0.218262,0.987793,0.000532632,-0.000532632,-0.000532632
1773772965504,0.0878906,-0.217285,0.987793,-0.000532632,-0.0015979,0.00106526
1773772965574,0.0878906,-0.220215,0.987305,0.000532632,0,0.00106526
1773772965655,0.0878906,-0.218262,0.988281,0.00106526,0,0
1773772965735,0.0893555,-0.217285,0.98877,0.000532632,0,0.000532632
1773772965806,0.0893555,-0.217285,0.989746,0.000532632,-0.000532632,0.000532632
1773772965887,0.0869141,-0.218262,0.988281,-0.000532632,0,0
1773772965967,0.0869141,-0.217773,0.987793,0.000532632,0,0
1773772966037,0.0869141,-0.218262,0.990234,0,-0.000532632,0.000532632
1773772966118,0.0859375,-0.220215,0.986816,0,0.000532632,0.00106526
1773772966199,0.0878906,-0.216797,0.986328,0.000532632,-0.0015979,0
1773772966269,0.0888672,-0.219238,0.988281,0,-0.000532632,0.000532632
1773772966350,0.0859375,-0.216797,0.98877,0.000532632,0,0
1773772966430,0.0874023,-0.220215,0.98877,0,-0.000532632,0
1773772966501,0.0869141,-0.217285,0.988281,0.000532632,0.000532632,0.00106526
1773772966581,0.0874023,-0.218262,0.988281,-0.000532632,0,0.000532632
1773772966662,0.0869141,-0.218262,0.98877,0,-0.000532632,-0.00106526
1773772966732,0.0883789,-0.21875,0.987305,0.000532632,-0.00106526,0
1773772966813,0.0869141,-0.217773,0.987793,0,-0.0015979,0.00106526
1773772966883,0.0874023,-0.217773,0.98877,0,0,0.000532632
1773772966964,0.0869141,-0.21875,0.986816,0.000532632,-0.000532632,0.000532632
1773772967044,0.0878906,-0.21875,0.98877,0.00106526,-0.000532632,0.00106526
1773772967115,0.0869141,-0.217773,0.986328,0.000532632,-0.000532632,0
1773772967196,0.0874023,-0.218262,0.986328,-0.000532632,0,-0.000532632
1773772967276,0.0869141,-0.219238,0.989258,-0.000532632,-0.000532632,0.000532632
1773772967347,0.0883789,-0.217285,0.987305,0.000532632,0.000532632,0
1773772967427,0.0869141,-0.21875,0.987793,0.00213053,0,-0.000532632
1773772967508,0.0864258,-0.217773,0.986328,0.000532632,-0.000532632,0.000532632
1773772967578,0.0859375,-0.218262,0.988281,0.000532632,0,0.000532632
1773772967659,0.0859375,-0.219727,0.988281,0,0,-0.000532632
1773772967739,0.0864258,-0.219727,0.98584,0,0,-0.00106526
1773772967810,0.0859375,-0.218262,0.986816,-0.000532632,-0.000532632,0
1773772967890,0.0888672,-0.220703,0.988281,-0.000532632,0.000532632,0.000532632
1773772967971,0.0878906,-0.21875,0.98877,0,0,0
1773772968042,0.0893555,-0.216797,0.98877,0,0,0
1773772968122,0.0874023,-0.218262,0.988281,0,-0.000532632,-0.000532632
1773772968192,0.0883789,-0.21875,0.987305,0.000532632,0.000532632,-0.000532632
1773772968273,0.0878906,-0.217773,0.988281,0.00106526,0.000532632,0
1773772968354,0.0888672,-0.217773,0.987793,0.000532632,0.000532632,0
1773772968424,0.0878906,-0.218262,0.986328,0,-0.00106526,0
1773772968505,0.0893555,-0.217773,0.98877,-0.000532632,-0.000532632,0.000532632
1773772968585,0.0898438,-0.218262,0.988281,0.000532632,-0.00106526,0
1773772968656,0.0869141,-0.220215,0.987305,0,0,-0.000532632
1773772968736,0.0854492,-0.219238,0.987305,0.000532632,-0.000532632,-0.000532632
1773772968817,0.0869141,-0.217285,0.988281,0.000532632,-0.000532632,0.00106526
1773772968887,0.0864258,-0.218262,0.988281,0,0,0.00106526
1773772968968,0.0864258,-0.217773,0.990723,-0.000532632,0,0.000532632
1773772969048,0.0883789,-0.218262,0.988281,0.000532632,-0.000532632,0
1773772969119,0.0864258,-0.216797,0.989258,0,-0.00106526,0
1773772969199,0.0898438,-0.217773,0.98877,0,-0.000532632,0
1773772969270,0.0893555,-0.219238,0.990234,0.000532632,0,0.00106526
1773772969351,0.0874023,-0.21875,0.991211,0,-0.000532632,0
1773772969431,0.0874023,-0.217773,0.989258,-0.00106526,0,0.000532632
1773772969502,0.0874023,-0.218262,0.989258,0,-0.00106526,0.000532632
1773772969582,0.0874023,-0.217773,0.987793,0.000532632,0.000532632,0.000532632
1773772969663,0.0869141,-0.218262,0.988281,0.000532632,0,0.000532632
1773772969733,0.0874023,-0.21875,0.987793,0,-0.00106526,0.000532632
1773772969814,0.0874023,-0.216797,0.987305,0.00106526,0.000532632,0
1773772969894,0.0883789,-0.219238,0.987793,0.000532632,-0.00106526,-0.000532632
1773772969965,0.0874023,-0.219727,0.98877,0.000532632,-0.000532632,0
1773772970045,0.0878906,-0.216309,0.98877,0.00106526,0,0.000532632
1773772970126,0.0849609,-0.218262,0.987793,0.000532632,0.000532632,0.000532632
1773772970196,0.0878906,-0.218262,0.986328,0,-0.000532632,-0.000532632
1773772970277,0.0878906,-0.217773,0.987793,-0.000532632,-0.00106526,0
1773772970358,0.0864258,-0.219727,0.987793,0,0,0.000532632
1773772970429,0.0864258,-0.21875,0.98877,0,-0.000532632,-0.000532632
1773772970509,0.0888672,-0.220215,0.989746,-0.000532632,-0.000532632,0
1773772970580,0.0878906,-0.218262,0.989746,0,-0.00106526,0
1773772970661,0.0874023,-0.219238,0.98877,0.000532632,-0.000532632,0.000532632
1773772970742,0.0878906,-0.220703,0.98877,0,-0.00106526,0
1773772970812,0.0854492,-0.220215,0.98877,0,-0.000532632,0.000532632
1773772970892,0.0878906,-0.217773,0.990234,0.000532632,-0.000532632,0.00106526
1773772970973,0.0888672,-0.217773,0.989746,-0.000532632,0,-0.000532632
1773772971043,0.0864258,-0.218262,0.987793,0.000532632,-0.0015979,-0.00106526
1773772971124,0.0854492,-0.219727,0.986816,0,-0.00106526,0
1773772971204,0.0888672,-0.216309,0.98877,0.000532632,-0.00106526,0.000532632
1773772971275,0.0878906,-0.216797,0.98877,0.000532632,0.000532632,0
1773772971355,0.0859375,-0.220703,0.987305,-0.00106526,0,0
1773772971426,0.0864258,-0.217285,0.987305,0.000532632,-0.000532632,0
1773772971506,0.0854492,-0.217285,0.987793,0,-0.000532632,0
1773772971587,0.0893555,-0.21875,0.988281,-0.000532632,-0.000532632,0.000532632
1773772971657,0.0859375,-0.221191,0.987793,-0.000532632,-0.000532632,-0.0015979
1773772971738,0.0869141,-0.220703,0.989746,-0.000532632,0,0
1773772971818,0.0874023,-0.220215,0.987793,0,-0.00106526,-0.000532632
1773772971889,0.0869141,-0.217285,0.989258,-0.000532632,-0.00106526,0
1773772971969,0.0874023,-0.217773,0.987793,0.000532632,0,0
1773772972050,0.0883789,-0.218262,0.990723,0,0.000532632,0.0015979
1773772972121,0.0869141,-0.216797,0.988281,0.00106526,-0.00106526,-0.00106526
1773772972201,0.0874023,-0.21875,0.987793,-0.000532632,0,0
1773772972282,0.0883789,-0.220215,0.988281,0,-0.000532632,0
1773772972352,0.0878906,-0.217773,0.989258,-0.000532632,0.000532632,-0.000532632
1773772972433,0.0874023,-0.21875,0.987305,-0.00106526,-0.00106526,0
1773772972514,0.0864258,-0.217773,0.98877,-0.000532632,-0.000532632,-0.000532632
1773772972584,0.0874023,-0.218262,0.987793,0.000532632,-0.000532632,0.000532632
1773772972665,0.0874023,-0.220215,0.987305,-0.000532632,0,-0.000532632
1773772972735,0.0864258,-0.219727,0.98877,0.00106526,0,-0.000532632
1773772972816,0.0883789,-0.220215,0.989258,0,-0.000532632,0
1773772972896,0.0874023,-0.219727,0.98877,0,-0.00106526,0.000532632
1773772972967,0.0878906,-0.217285,0.990723,0.000532632,0,0
1773772973047,0.0874023,-0.21875,0.989258,-0.000532632,-0.0015979,0.000532632
1773772973128,0.0883789,-0.21875,0.989258,-0.000532632,-0.00106526,-0.000532632
1773772973199,0.0859375,-0.219727,0.987793,0,-0.00106526,-0.000532632
1773772973279,0.0878906,-0.218262,0.98877,0,0.000532632,0.000532632
1773772973360,0.0874023,-0.219727,0.987793,-0.000532632,-0.00106526,0
1773772973430,0.0859375,-0.219727,0.989746,0,-0.0015979,0.00106526
1773772973511,0.0869141,-0.216797,0.988281,0.000532632,0,0.000532632
1773772973591,0.0869141,-0.217285,0.988281,0,-0.000532632,0.00106526
1773772973662,0.0859375,-0.219238,0.987793,-0.00106526,-0.000532632,-0.000532632
1773772973742,0.0869141,-0.219727,0.987793,0.000532632,0,0.000532632
1773772973813,0.0878906,-0.219727,0.988281,0,0,0.000532632
1773772973893,0.0859375,-0.217773,0.98877,0,0,0.000532632
1773772973974,0.0859375,-0.218262,0.986816,-0.000532632,-0.00106526,0
1773772974044,0.0898438,-0.21875,0.98877,0.00106526,0,-0.000532632
1773772974125,0.0878906,-0.219238,0.98877,0.00106526,0.00106526,-0.000532632
1773772974205,0.0878906,-0.220215,0.987793,0,-0.00106526,-0.000532632
1773772974276,0.0859375,-0.21875,0.987793,0,0,0.000532632
1773772974357,0.0854492,-0.220215,0.98877,0,-0.000532632,0
1773772974437,0.0864258,-0.219238,0.986816,0.0015979,-0.000532632,0.000532632
1773772974508,0.0864258,-0.219238,0.98877,-0.000532632,0.000532632,-0.000532632
1773772974588,0.0859375,-0.21875,0.987793,0,0.00106526,0.000532632
1773772974669,0.0869141,-0.221191,0.98877,0.00106526,0,-0.000532632
1773772974739,0.0874023,-0.21875,0.98877,0.000532632,-0.000532632,0.000532632
1773772974820,0.0859375,-0.220215,0.987305,-0.000532632,-0.000532632,-0.000532632
1773772974900,0.0859375,-0.219727,0.988281,0.000532632,-0.00106526,-0.000532632
1773772974971,0.0859375,-0.219727,0.987793,0.000532632,-0.00106526,0
1773772975051,0.0864258,-0.217773,0.990234,0.00106526,-0.00106526,0
1773772975122,0.0878906,-0.216797,0.989746,0,0,0.000532632
1773772975202,0.0869141,-0.21875,0.986816,0.000532632,-0.0015979,-0.000532632
1773772975283,0.0849609,-0.21875,0.98877,-0.00106526,-0.00106526,-0.000532632
1773772975353,0.0859375,-0.217285,0.986816,-0.000532632,0,-0.0015979
1773772975434,0.0898438,-0.217285,0.987793,0,0,0
1773772975514,0.0883789,-0.21875,0.987793,0.000532632,-0.000532632,0.000532632
1773772975585,0.0888672,-0.217773,0.98877,0.0015979,0,0.000532632
1773772975665,0.0864258,-0.218262,0.98877,0.000532632,-0.00106526,-0.000532632
1773772975746,0.0869141,-0.219238,0.991211,0,0,-0.00106526
1773772975817,0.0864258,-0.217773,0.989258,0.000532632,0,-0.000532632
1773772975897,0.0878906,-0.219727,0.986816,0,-0.000532632,0.000532632
1773772975978,0.0888672,-0.218262,0.989258,-0.000532632,-0.000532632,0
1773772976048,0.0888672,-0.217773,0.987793,0,0,0
1773772976129,0.0869141,-0.220215,0.987305,0,0,0
1773772976209,0.0874023,-0.216309,0.98877,0.000532632,-0.0015979,0.000532632
1773772976280,0.0869141,-0.216797,0.989258,0,-0.000532632,0
1773772976361,0.0864258,-0.220215,0.989746,0,0.000532632,0.000532632
1773772976431,0.0874023,-0.219238,0.989258,0,-0.000532632,0.000532632
1773772976512,0.0898438,-0.217773,0.988281,-0.00106526,-0.00106526,0.00106526
1773772976592,0.0883789,-0.216797,0.987305,-0.000532632,0,-0.000532632
1773772976663,0.090332,-0.220215,0.98877,-0.000532632,0,0
1773772976743,0.0874023,-0.217773,0.987793,0.000532632,-0.000532632,0
1773772976824,0.0874023,-0.218262,0.987305,-0.000532632,0,0.000532632
1773772976894,0.0874023,-0.219727,0.98877,0,-0.00106526,-0.00106526
1773772976975,0.0883789,-0.217773,0.990234,-0.000532632,0,0.000532632
1773772977056,0.0878906,-0.217773,0.98877,-0.000532632,0.00106526,0
1773772977126,0.0869141,-0.220703,0.986816,-0.000532632,-0.000532632,0
1773772977207,0.0869141,-0.218262,0.986816,0,-0.0015979,0
1773772977287,0.0859375,-0.219238,0.987305,-0.000532632,-0.000532632,0
1773772977358,0.0869141,-0.217773,0.989258,0.000532632,-0.00106526,0
1773772977438,0.0874023,-0.219238,0.987793,-0.000532632,0,0
1773772977519,0.0898438,-0.21875,0.987793,0,-0.000532632,-0.000532632
1773772977589,0.0878906,-0.21875,0.987305,-0.000532632,0.000532632,-0.000532632
1773772977670,0.0869141,-0.219727,0.987305,0.000532632,-0.000532632,-0.000532632
1773772977740,0.0878906,-0.218262,0.986816,0.000532632,0.000532632,0.0015979
1773772977821,0.0864258,-0.219238,0.987793,-0.000532632,-0.000532632,0.000532632
1773772977901,0.0859375,-0.219727,0.987305,0,-0.000532632,-0.00106526
1773772977972,0.0844727,-0.22168,0.987305,-0.000532632,-0.00106526,-0.000532632
1773772978053,0.0864258,-0.217285,0.990234,-0.000532632,-0.000532632,0
1773772978133,0.0874023,-0.219238,0.987793,-0.00106526,-0.00106526,0.00106526
1773772978204,0.090332,-0.217773,0.987305,-0.000532632,-0.000532632,0
1773772978284,0.0869141,-0.219238,0.987305,-0.000532632,-0.000532632,0
1773772978365,0.0859375,-0.217773,0.989258,0,0,0
1773772978436,0.0883789,-0.219238,0.989258,0,-0.000532632,0
1773772978517,0.0874023,-0.220703,0.98877,0,-0.00106526,0
1773772978587,0.0874023,-0.216797,0.989258,-0.000532632,-0.00106526,0
1773772978667,0.0864258,-0.21875,0.988281,-0.000532632,0.000532632,0
1773772978748,0.0878906,-0.220703,0.98877,-0.000532632,0.000532632,-0.00106526
1773772978819,0.0878906,-0.21875,0.988281,0.00106526,-0.00106526,0
1773772978899,0.0854492,-0.217285,0.989258,0.000532632,-0.000532632,0.000532632
1773772978980,0.0864258,-0.216797,0.98877,-0.000532632,-0.000532632,-0.000532632
1773772979051,0.0883789,-0.217285,0.989746,0.000532632,-0.000532632,-0.000532632
1773772979131,0.0874023,-0.216797,0.989746,0,-0.000532632,0
1773772979212,0.0878906,-0.219238,0.986816,0,-0.0015979,0
1773772979282,0.0869141,-0.219727,0.989258,0.000532632,0,-0.000532632
1773772979363,0.0898438,-0.219727,0.990723,0,0,0.000532632
1773772979443,0.0874023,-0.219727,0.98877,0,0,-0.00106526
1773772979514,0.0869141,-0.220215,0.990234,-0.00106526,-0.0015979,0.000532632
1773772979594,0.0893555,-0.21875,0.98877,0.000532632,-0.00106526,-0.000532632
1773772979665,0.0869141,-0.217285,0.989258,-0.000532632,-0.00106526,0.000532632
1773772979745,0.0878906,-0.21875,0.990234,0,-0.00106526,-0.000532632
1773772979826,0.0883789,-0.218262,0.989258,0.000532632,-0.000532632,0.000532632
1773772979896,0.0869141,-0.219238,0.987793,-0.000532632,-0.00106526,-0.000532632
1773772979977,0.0874023,-0.220215,0.98877,0,-0.00106526,0.00106526
1773772980057,0.0864258,-0.219727,0.989258,-0.000532632,0.000532632,0.000532632
1773772980128,0.0878906,-0.219238,0.988281,-0.000532632,-0.000532632,0
1773772980208,0.0893555,-0.216797,0.987305,0,-0.000532632,-0.000532632
1773772980289,0.0878906,-0.220215,0.987793,0.000532632,-0.000532632,-0.00106526
1773772980360,0.0874023,-0.217285,0.986816,0,-0.000532632,0
1773772980440,0.0874023,-0.21875,0.98877,0.000532632,-0.000532632,0.0015979
1773772980521,0.0864258,-0.218262,0.990234,0.0015979,0.000532632,0.000532632
1773772980591,0.0888672,-0.21875,0.988281,0,0,-0.00106526
1773772980672,0.0883789,-0.21875,0.98877,0,-0.000532632,0
1773772980752,0.0878906,-0.218262,0.987793,0,0,0.00106526
1773772980823,0.0874023,-0.216797,0.98877,0.000532632,-0.000532632,-0.000532632
1773772980903,0.0883789,-0.218262,0.988281,0.000532632,0.000532632,0
1773772980974,0.0859375,-0.216309,0.989746,0.000532632,-0.000532632,0
1773772981054,0.0864258,-0.217773,0.987793,-0.000532632,-0.000532632,0
1773772981135,0.0888672,-0.219238,0.989258,-0.000532632,-0.000532632,-0.000532632
1773772981206,0.0878906,-0.21875,0.989746,-0.000532632,0,0
1773772981286,0.0869141,-0.218262,0.987305,0,0,0.000532632
1773772981367,0.0869141,-0.218262,0.988281,0,0.000532632,0
1773772981437,0.0864258,-0.217773,0.98877,0.000532632,-0.00106526,0
1773772981518,0.0883789,-0.220703,0.988281,0,-0.000532632,0
1773772981598,0.0878906,-0.219238,0.989258,0.000532632,0,-0.000532632
1773772981669,0.0854492,-0.220215,0.988281,0,-0.000532632,0.00106526
1773772981749,0.0859375,-0.219238,0.987305,0,-0.000532632,0.00106526
1773772981830,0.0859375,-0.217773,0.988281,-0.00106526,-0.000532632,-0.000532632
1773772981900,0.0878906,-0.220703,0.98877,0,-0.000532632,0.000532632
1773772981981,0.0869141,-0.218262,0.986816,0.000532632,0,0.000532632
1773772982061,0.0869141,-0.219727,0.989258,0.000532632,-0.0015979,-0.000532632
1773772982132,0.0864258,-0.217773,0.987305,0.000532632,0,0.00106526
1773772982212,0.0893555,-0.219238,0.989258,-0.000532632,-0.00106526,0.0015979
1773772982283,0.0854492,-0.21875,0.988281,0.000532632,-0.000532632,-0.00106526
1773772982363,0.0864258,-0.219238,0.986816,0.000532632,-0.000532632,-0.000532632
1773772982444,0.0874023,-0.217773,0.987793,0.000532632,0,0
1773772982514,0.0869141,-0.21875,0.988281,-0.000532632,-0.000532632,0
1773772982595,0.0874023,-0.218262,0.987793,0,-0.000532632,0.000532632
1773772982676,0.0893555,-0.218262,0.98877,0,0,-0.000532632
1773772982746,0.0878906,-0.219238,0.989746,0,0,0
1773772982827,0.0878906,-0.217773,0.988281,0,-0.00106526,0.000532632
1773772982907,0.0864258,-0.219727,0.98877,0.000532632,0,0.00106526
1773772982978,0.0874023,-0.219727,0.986816,-0.000532632,0.00106526,0
1773772983058,0.0869141,-0.219238,0.987793,0,0.000532632,-0.00106526
1773772983139,0.0874023,-0.21875,0.98877,0.000532632,-0.00106526,-0.000532632
1773772983209,0.0878906,-0.21875,0.98877,-0.000532632,-0.000532632,-0.000532632
1773772983290,0.0859375,-0.219238,0.986816,0.000532632,-0.00106526,0
1773772983370,0.0864258,-0.216797,0.987793,-0.000532632,0,0.0015979
1773772983441,0.0854492,-0.219727,0.986328,0,-0.000532632,-0.000532632
1773772983521,0.0864258,-0.219238,0.988281,-0.000532632,0,0
1773772983592,0.0878906,-0.216797,0.989258,0.000532632,0.000532632,-0.000532632
1773772983672,0.0854492,-0.218262,0.987305,0.000532632,-0.00106526,0.000532632
1773772983753,0.0869141,-0.21875,0.987305,0.00106526,0.000532632,0.000532632
1773772983824,0.0854492,-0.21875,0.987793,0.000532632,0,0
1773772983904,0.0893555,-0.21875,0.98877,0,-0.000532632,0.000532632
1773772983985,0.0893555,-0.21875,0.990234,-0.000532632,0.000532632,0
1773772984055,0.0878906,-0.216309,0.988281,0.000532632,0,-0.00106526
1773772984136,0.0864258,-0.219727,0.986816,0,0,0
1773772984216,0.0864258,-0.218262,0.98877,-0.000532632,-0.000532632,-0.000532632
1773772984287,0.0883789,-0.220703,0.987793,0.000532632,0.000532632,0.000532632
1773772984367,0.0878906,-0.217773,0.989746,0,-0.00106526,0
1773772984448,0.0869141,-0.218262,0.98877,0.000532632,0,-0.000532632
1773772984518,0.0878906,-0.219238,0.98877,-0.00106526,0.000532632,0.00106526
1773772984599,0.0874023,-0.219238,0.989746,0.00106526,-0.000532632,-0.00106526
1773772984669,0.0874023,-0.217285,0.98877,0,0,0.00106526
1773772984750,0.0874023,-0.220215,0.987793,0,-0.00106526,0.00213053
1773772984831,0.0869141,-0.219727,0.990723,0,0,-0.000532632
1773772984901,0.0878906,-0.219238,0.988281,0.000532632,0.000532632,0
1773772984982,0.0864258,-0.220215,0.989258,0.000532632,-0.000532632,0
1773772985062,0.0893555,-0.219727,0.98877,0,0,0
1773772985133,0.0888672,-0.21875,0.987305,0.000532632,-0.000532632,0
1773772985213,0.0878906,-0.217285,0.98877,0.000532632,-0.00106526,0.000532632
1773772985294,0.0864258,-0.219727,0.98877,0.00106526,-0.00106526,0.000532632
1773772985364,0.0869141,-0.21875,0.989746,-0.000532632,0,-0.000532632
1773772985445,0.0883789,-0.219727,0.987793,0.000532632,-0.00106526,0
1773772985525,0.0898438,-0.217773,0.989258,0.000532632,0,0
1773772985596,0.0864258,-0.219727,0.98877,0,0,0
1773772985676,0.0864258,-0.21875,0.987793,0.000532632,0.000532632,0.00106526
1773772985757,0.0864258,-0.216309,0.987305,0,0,0.000532632
1773772985827,0.0883789,-0.216309,0.98877,0.000532632,-0.000532632,-0.000532632
1773772985908,0.0874023,-0.21875,0.989746,0,-0.000532632,0.00213053
1773772985988,0.0874023,-0.218262,0.987793,0,-0.000532632,-0.00106526
1773772986059,0.0883789,-0.21875,0.987793,0,0,-0.000532632
1773772986140,0.0883789,-0.216797,0.987793,0.000532632,0.000532632,0
1773772986210,0.0869141,-0.217773,0.990234,0,0.000532632,0.000532632
1773772986291,0.0878906,-0.219727,0.98877,-0.000532632,0,0.000532632
1773772986371,0.0869141,-0.220215,0.986816,0.000532632,0,-0.000532632
1773772986442,0.0869141,-0.21875,0.986328,-0.000532632,-0.00106526,0.000532632
1773772986522,0.0869141,-0.218262,0.98877,0,-0.00106526,0
1773772986603,0.0878906,-0.221191,0.989258,-0.000532632,-0.000532632,0
1773772986673,0.0854492,-0.219238,0.987305,-0.000532632,-0.000532632,-0.000532632
1773772986754,0.0864258,-0.219238,0.987305,0.000532632,-0.000532632,0.00106526
1773772986834,0.0883789,-0.219238,0.987793,0,-0.000532632,0
1773772986905,0.0883789,-0.219727,0.98877,0,0,-0.000532632
1773772986986,0.0864258,-0.218262,0.987793,0.000532632,-0.000532632,0
1773772987066,0.0869141,-0.219727,0.987793,0,0,0
1773772987137,0.0864258,-0.21875,0.988281,0.000532632,0,0
1773772987217,0.0864258,-0.218262,0.985352,0.000532632,0.000532632,0
1773772987288,0.0869141,-0.21875,0.988281,0.000532632,-0.000532632,0.000532632
1773772987368,0.0869141,-0.219238,0.987305,0.000532632,0,-0.00106526
1773772987449,0.0874023,-0.22168,0.988281,0,-0.000532632,-0.00106526
1773772987519,0.0869141,-0.217285,0.988281,0,-0.000532632,0
1773772987600,0.0883789,-0.217773,0.98877,0.000532632,-0.000532632,0.000532632
1773772987680,0.0874023,-0.219238,0.987793,0,0,0
1773772987751,0.0859375,-0.218262,0.987793,0,-0.000532632,0
1773772987831,0.0869141,-0.21875,0.984863,0.000532632,-0.00106526,0
1773772987912,0.0864258,-0.21875,0.989746,0,0,0
1773772987983,0.0883789,-0.219727,0.986816,-0.000532632,-0.000532632,0.000532632
1773772988063,0.0874023,-0.219238,0.986816,0.000532632,0,0.000532632
1773772988144,0.0869141,-0.218262,0.987305,0.000532632,0,0.000532632
1773772988214,0.0844727,-0.21875,0.986816,-0.00106526,0,0.000532632
1773772988295,0.0874023,-0.219238,0.987793,0.000532632,0,0.00106526
1773772988375,0.0854492,-0.220215,0.988281,0,0,-0.000532632
1773772988446,0.0874023,-0.21875,0.986816,0.00106526,-0.00106526,0.000532632
1773772988526,0.0874023,-0.218262,0.988281,0,-0.000532632,0.00106526
1773772988597,0.0874023,-0.219238,0.98877,-0.000532632,0.000532632,0.00106526
1773772988677,0.0864258,-0.217285,0.987793,-0.00106526,-0.00106526,0.000532632
1773772988758,0.0864258,-0.21875,0.990234,-0.00106526,-0.000532632,0
1773772988828,0.0859375,-0.217285,0.988281,-0.000532632,0,0.000532632
1773772988909,0.0859375,-0.220703,0.988281,-0.000532632,-0.000532632,0.000532632
1773772988989,0.0859375,-0.216797,0.988281,0,0.000532632,0.000532632
1773772989060,0.0869141,-0.219238,0.987793,0.000532632,-0.000532632,-0.000532632
1773772989141,0.0878906,-0.219727,0.988281,-0.000532632,0,0.000532632
1773772989221,0.0883789,-0.21875,0.98877,0.000532632,0,0.000532632
1773772989292,0.0864258,-0.220215,0.988281,0.000532632,0,0.000532632
1773772989372,0.0878906,-0.216309,0.989258,-0.000532632,-0.000532632,0
1773772989443,0.0869141,-0.219238,0.988281,-0.00106526,0,0.000532632
1773772989523,0.0878906,-0.218262,0.98877,0,-0.00106526,0.000532632
1773772989604,0.0859375,-0.217285,0.989258,-0.00106526,0,-0.0015979
1773772989674,0.0864258,-0.217285,0.98877,-0.00106526,-0.000532632,0.000532632
1773772989755,0.0883789,-0.21582,0.988281,0.000532632,0,0.000532632
1773772989836,0.0878906,-0.21875,0.990234,-0.000532632,0,0
1773772989906,0.0859375,-0.220703,0.98877,0.000532632,0,-0.000532632
1773772989987,0.090332,-0.219727,0.986816,-0.00106526,-0.000532632,0
1773772990067,0.0878906,-0.218262,0.987305,0,-0.000532632,0
1773772990138,0.0854492,-0.217773,0.989746,0.000532632,0,0
1773772990218,0.0883789,-0.217285,0.988281,0,0,0.000532632
1773772990299,0.0874023,-0.219238,0.987305,0,0,0.000532632
1773772990369,0.0859375,-0.219238,0.988281,0,-0.00106526,0.00106526
1773772990450,0.0864258,-0.219238,0.986328,0,0.000532632,-0.0015979
1773772990530,0.0859375,-0.21875,0.987305,0,-0.00106526,-0.000532632
1773772990601,0.0874023,-0.217285,0.987793,-0.000532632,0,-0.000532632
1773772990681,0.0864258,-0.220215,0.987793,-0.000532632,-0.000532632,-0.00106526
1773772990762,0.0883789,-0.216797,0.98877,0,0.000532632,0.000532632
1773772990832,0.0869141,-0.219238,0.98584,0,0,0
1773772990913,0.0869141,-0.219238,0.986816,0,0,-0.000532632
1773772990983,0.0864258,-0.218262,0.987305,0.000532632,-0.000532632,0.00106526
1773772991064,0.0878906,-0.217285,0.986816,-0.00106526,0,-0.000532632
1773772991144,0.0888672,-0.217285,0.98877,0.000532632,0.00106526,0.00106526
1773772991215,0.0864258,-0.217773,0.988281,0,0,0.000532632
1773772991295,0.0859375,-0.217773,0.989746,0,-0.00106526,0.000532632
1773772991376,0.0878906,-0.220703,0.98877,0,-0.00106526,-0.000532632
1773772991447,0.0864258,-0.219727,0.990234,-0.0015979,0,-0.000532632
1773772991528,0.0859375,-0.21875,0.986328,0.00106526,-0.000532632,0
1773772991608,0.0854492,-0.216797,0.988281,0,-0.000532632,0
1773772991678,0.0864258,-0.21875,0.987793,0.000532632,-0.00106526,0.000532632
1773772991759,0.0874023,-0.219238,0.987793,0,-0.0015979,0
1773772991839,0.0839844,-0.218262,0.98877,0,-0.000532632,0
1773772991910,0.0864258,-0.218262,0.987793,0,-0.000532632,-0.000532632
1773772991990,0.0883789,-0.218262,0.988281,-0.000532632,-0.000532632,0.0015979
1773772992071,0.0878906,-0.217285,0.986816,-0.00106526,-0.000532632,-0.000532632
1773772992141,0.0874023,-0.218262,0.98877,0,-0.00106526,0
1773772992222,0.0874023,-0.219727,0.988281,0.000532632,0,-0.000532632
1773772992292,0.0864258,-0.218262,0.990723,0,0,-0.00106526
1773772992373,0.0883789,-0.219727,0.987305,0.000532632,-0.0015979,0.000532632
1773772992453,0.0874023,-0.217285,0.989258,-0.000532632,0.000532632,0.000532632
1773772992524,0.0878906,-0.216797,0.989258,0,0.00106526,0.000532632
1773772992605,0.0864258,-0.219727,0.987793,0.000532632,-0.00106526,0.00106526
1773772992685,0.0864258,-0.219238,0.986816,0,-0.000532632,0
1773772992756,0.0859375,-0.219727,0.990234,0.000532632,-0.000532632,-0.000532632
1773772992836,0.0874023,-0.21875,0.98877,0.000532632,-0.000532632,-0.000532632
1773772992917,0.0854492,-0.217773,0.988281,0.000532632,-0.000532632,0
1773772992987,0.0878906,-0.219727,0.986328,0.000532632,0,-0.000532632
1773772993068,0.0869141,-0.21875,0.986816,-0.000532632,0.000532632,-0.000532632
1773772993148,0.0864258,-0.220703,0.98877,0,0.000532632,0.000532632
1773772993219,0.0878906,-0.21875,0.98877,-0.000532632,-0.0015979,0
1773772993299,0.0854492,-0.21875,0.987305,0,-0.000532632,0
1773772993380,0.0869141,-0.217773,0.989746,-0.00106526,-0.000532632,-0.00106526
1773772993450,0.0859375,-0.220215,0.987793,0,0.000532632,0
1773772993531,0.0869141,-0.218262,0.988281,0,-0.00106526,-0.00106526
1773772993602,0.0874023,-0.219727,0.989258,0,-0.000532632,0.00106526
1773772993682,0.0874023,-0.217773,0.987793,0.000532632,-0.000532632,0.000532632
1773772993763,0.0878906,-0.220703,0.988281,-0.000532632,-0.00106526,-0.00106526
1773772993833,0.0878906,-0.221191,0.988281,0.00106526,-0.000532632,0.000532632
1773772993914,0.0883789,-0.219727,0.987305,0.00106526,-0.000532632,0
1773772993994,0.0874023,-0.219238,0.988281,0.000532632,-0.000532632,0.000532632
1773772994065,0.0878906,-0.21875,0.987793,-0.000532632,0,0.000532632
1773772994145,0.0893555,-0.21875,0.989746,0,-0.000532632,0.000532632
1773772994226,0.0888672,-0.21875,0.989258,0.000532632,-0.00106526,-0.000532632
1773772994296,0.0869141,-0.219238,0.988281,0.000532632,0,0.000532632
1773772994377,0.0869141,-0.219238,0.988281,-0.000532632,-0.00106526,-0.00106526
1773772994457,0.0874023,-0.219727,0.987305,-0.0015979,-0.00106526,-0.000532632
1773772994528,0.0874023,-0.21875,0.989258,-0.000532632,0.000532632,-0.00106526
1773772994609,0.0854492,-0.21875,0.986328,0,0,-0.000532632
1773772994689,0.0878906,-0.218262,0.989258,-0.00106526,-0.00106526,0
1773772994760,0.0869141,-0.218262,0.987793,0.000532632,-0.000532632,0
1773772994840,0.0864258,-0.217773,0.989746,-0.000532632,-0.000532632,0
1773772994911,0.0874023,-0.219238,0.987793,0,-0.000532632,0.00106526
1773772994991,0.0893555,-0.220215,0.989258,0.00106526,0,-0.00106526
1773772995072,0.0864258,-0.219238,0.987305,-0.000532632,0,0.000532632
1773772995142,0.0878906,-0.217773,0.987793,-0.00106526,-0.000532632,-0.0015979
1773772995223,0.0854492,-0.218262,0.988281,0,0.000532632,0.000532632
1773772995303,0.0883789,-0.217285,0.987793,0,0,0
1773772995374,0.0888672,-0.219727,0.987793,0.000532632,0,0
1773772995455,0.0869141,-0.219238,0.986816,0.000532632,-0.000532632,0
1773772995525,0.0859375,-0.220703,0.987305,-0.000532632,-0.000532632,0
1773772995606,0.0854492,-0.219727,0.986328,-0.000532632,-0.000532632,0
1773772995686,0.0849609,-0.21875,0.98584,0,-0.000532632,0.000532632
1773772995767,0.0874023,-0.220215,0.988281,0,-0.000532632,0
1773772995837,0.0869141,-0.219238,0.990234,-0.00106526,-0.000532632,-0.0015979
1773772995918,0.0878906,-0.219238,0.989258,0,-0.00106526,0.000532632
1773772995988,0.0859375,-0.21875,0.98877,0,0.000532632,-0.000532632
1773772996069,0.0859375,-0.21875,0.987793,0,0,0.000532632
1773772996149,0.0883789,-0.217285,0.987793,0,-0.00106526,0.00106526
1773772996220,0.0849609,-0.219238,0.988281,0.000532632,0,0.00106526
1773772996300,0.0854492,-0.21875,0.989258,0,-0.000532632,0
1773772996381,0.0883789,-0.219238,0.98584,-0.000532632,0.000532632,0.000532632
1773772996451,0.0878906,-0.21875,0.987305,0.000532632,-0.000532632,0
1773772996532,0.0898438,-0.218262,0.98877,0,-0.000532632,0.00106526
1773772996612,0.0869141,-0.217285,0.986816,0,-0.00106526,0.0015979
1773772996683,0.0869141,-0.219727,0.986816,0.00106526,-0.0015979,0
1773772996764,0.0834961,-0.217773,0.98877,-0.000532632,0,0.00106526
1773772996844,0.0869141,-0.219238,0.988281,-0.000532632,0,0
1773772996915,0.0869141,-0.216797,0.988281,0.000532632,0,0
1773772996995,0.0878906,-0.21875,0.987305,-0.000532632,0,0
1773772997076,0.0859375,-0.22168,0.989258,0.000532632,0.000532632,0.000532632
1773772997146,0.0864258,-0.21875,0.987305,0,-0.000532632,-0.00106526
1773772997227,0.0878906,-0.219238,0.987793,0.000532632,0,0.000532632
1773772997297,0.0859375,-0.218262,0.986328,0,-0.000532632,0
1773772997378,0.0878906,-0.217285,0.989258,0.00106526,-0.00106526,0
1773772997458,0.0869141,-0.220215,0.988281,0,-0.000532632,0.00106526
1773772997529,0.0869141,-0.217773,0.987793,-0.0015979,0,0
1773772997609,0.0849609,-0.218262,0.987305,0.000532632,-0.00106526,0.000532632
1773772997690,0.0859375,-0.218262,0.987793,0,-0.00106526,-0.000532632
1773772997761,0.0874023,-0.21875,0.98877,-0.000532632,-0.000532632,-0.000532632
1773772997841,0.0849609,-0.218262,0.989746,0,-0.000532632,0
1773772997922,0.0864258,-0.218262,0.98877,-0.000532632,-0.000532632,-0.000532632
1773772997992,0.0864258,-0.21875,0.988281,0,-0.00106526,-0.000532632
1773772998073,0.0883789,-0.218262,0.988281,-0.000532632,0,-0.000532632
1773772998153,0.0869141,-0.219727,0.988281,0.00106526,-0.00106526,0
1773772998224,0.0854492,-0.22168,0.987793,0.00106526,0,0.00106526
1773772998304,0.0878906,-0.219727,0.98877,-0.0015979,-0.00106526,0.000532632
1773772998375,0.0854492,-0.217773,0.987305,0,-0.00106526,-0.00106526
1773772998456,0.0878906,-0.220703,0.987793,0,0,0
1773772998536,0.0859375,-0.219238,0.984375,0,-0.000532632,0.000532632
1773772998607,0.0888672,-0.21875,0.987305,0,0.000532632,0.00106526
1773772998687,0.0874023,-0.220215,0.986328,-0.00106526,-0.000532632,0
1773772998768,0.0864258,-0.217773,0.987793,0,-0.000532632,0.000532632
1773772998838,0.0869141,-0.219727,0.987793,-0.000532632,-0.000532632,0.000532632
1773772998919,0.0878906,-0.219238,0.98877,0,-0.000532632,0.000532632
1773772998999,0.0878906,-0.219727,0.989258,0,-0.00106526,0
1773772999070,0.0874023,-0.218262,0.98877,-0.000532632,-0.00106526,0.000532632
1773772999150,0.0864258,-0.219727,0.988281,0,-0.00106526,-0.000532632
1773772999231,0.0878906,-0.219727,0.987305,-0.000532632,-0.000532632,0.000532632
1773772999301,0.0878906,-0.22168,0.987305,-0.00106526,-0.0015979,-0.000532632
1773772999382,0.0854492,-0.218262,0.986328,0.000532632,-0.00106526,0.00106526
1773772999462,0.0859375,-0.21875,0.987305,0,-0.000532632,-0.00106526
1773772999533,0.0864258,-0.217773,0.988281,-0.000532632,-0.00106526,0
1773772999614,0.0874023,-0.219727,0.986328,-0.000532632,-0.000532632,0.00106526
1773772999684,0.0854492,-0.220215,0.987793,0.000532632,-0.000532632,0
1773772999766,0.0849609,-0.219238,0.987793,0.000532632,0,0.000532632
1773772999845,0.0859375,-0.21875,0.988281,0,-0.00106526,0.000532632
1773772999916,0.0874023,-0.219727,0.987305,-0.000532632,-0.00106526,-0.00106526
1773772999996,0.0859375,-0.219727,0.98877,0.000532632,-0.000532632,0
1773773000077,0.0883789,-0.218262,0.988281,0,0,-0.00106526
1773773000147,0.0874023,-0.219727,0.987305,0.00106526,-0.000532632,-0.0015979
1773773000228,0.0864258,-0.218262,0.987305,0,-0.00106526,0
1773773000308,0.0859375,-0.218262,0.989258,-0.00106526,0.000532632,0.000532632
1773773000379,0.0878906,-0.218262,0.988281,-0.000532632,-0.000532632,-0.00106526
1773773000460,0.0878906,-0.219727,0.988281,-0.000532632,-0.000532632,-0.000532632
1773773000540,0.0874023,-0.219727,0.987793,0.000532632,0,0.000532632
1773773000611,0.0859375,-0.219238,0.986328,-0.000532632,-0.000532632,-0.00106526
1773773000691,0.0859375,-0.217773,0.987305,0.00106526,-0.000532632,0
1773773000772,0.0859375,-0.220703,0.987305,-0.000532632,-0.000532632,0.000532632
1773773000842,0.0878906,-0.218262,0.987793,0,0.000532632,0
1773773000923,0.0869141,-0.219238,0.987793,0,-0.000532632,-0.000532632
1773773000993,0.0854492,-0.21875,0.989746,0,-0.000532632,0.00106526
1773773001074,0.0893555,-0.219238,0.987305,0.000532632,0,0
1773773001154,0.0859375,-0.219727,0.986816,-0.000532632,-0.00106526,0
1773773001225,0.0864258,-0.219727,0.987793,-0.00106526,-0.000532632,0.000532632
1773773001305,0.0844727,-0.21875,0.987305,0.00106526,-0.000532632,0
1773773001387,0.0859375,-0.21875,0.98877,0,-0.00106526,0.00106526
1773773001457,0.0869141,-0.21875,0.98877,-0.000532632,-0.000532632,0
1773773001537,0.0859375,-0.21875,0.987793,0.00106526,-0.000532632,0
1773773001618,0.0869141,-0.220215,0.987305,0,-0.00106526,0.000532632
1773773001688,0.0874023,-0.217773,0.988281,0,-0.00106526,0
1773773001769,0.0869141,-0.21875,0.98584,0,-0.000532632,-0.0015979
1773773001849,0.0883789,-0.217773,0.987793,-0.000532632,-0.000532632,0.000532632
1773773001920,0.0864258,-0.220215,0.988281,0,0.000532632,0.000532632
1773773002000,0.0878906,-0.21875,0.98584,0.000532632,0.000532632,0
1773773002081,0.0864258,-0.217285,0.987793,-0.000532632,0.000532632,0
1773773002151,0.0854492,-0.217285,0.986816,0,-0.000532632,-0.000532632
1773773002232,0.0869141,-0.219727,0.987305,-0.000532632,0,0
1773773002302,0.0864258,-0.216797,0.987793,-0.000532632,0.00106526,-0.000532632
1773773002383,0.0864258,-0.221191,0.987793,0.000532632,-0.00106526,0
1773773002463,0.0874023,-0.219238,0.988281,0.000532632,-0.000532632,0.0015979
1773773002534,0.0864258,-0.219727,0.987793,0.000532632,-0.00106526,-0.000532632
1773773002615,0.0859375,-0.219238,0.989746,0,0.000532632,0
1773773002695,0.0869141,-0.21875,0.986816,0,-0.00106526,0.000532632
1773773002766,0.0878906,-0.21875,0.986816,0.000532632,-0.000532632,0
1773773002846,0.0874023,-0.219238,0.988281,0,-0.00106526,0
1773773002927,0.0874023,-0.21875,0.987305,-0.000532632,-0.000532632,0
1773773002997,0.0869141,-0.219727,0.987305,0.000532632,0,0
1773773003078,0.0869141,-0.219727,0.986328,-0.000532632,0,0.00106526
1773773003158,0.0883789,-0.219727,0.989258,0.000532632,-0.000532632,0.000532632
1773773003229,0.0869141,-0.219238,0.986816,-0.00106526,0,0
1773773003309,0.0869141,-0.220215,0.986328,0,-0.0015979,-0.00106526
1773773003380,0.0878906,-0.220215,0.98877,0,-0.00106526,0
1773773003460,0.0878906,-0.219727,0.987305,0,0,0.00106526
1773773003541,0.0874023,-0.220215,0.987793,0.000532632,0,0.000532632
1773773003612,0.0859375,-0.21875,0.989258,0.000532632,-0.000532632,0
1773773003692,0.0874023,-0.219727,0.986328,-0.000532632,0.000532632,-0.000532632
1773773003773,0.0874023,-0.21875,0.987793,0,0,0
1773773003843,0.0878906,-0.217773,0.987793,-0.000532632,-0.00106526,0
1773773003924,0.0883789,-0.218262,0.986328,-0.00106526,-0.00106526,0.00106526
1773773004004,0.0864258,-0.219727,0.989258,0.00106526,-0.000532632,-0.000532632
1773773004075,0.0888672,-0.21875,0.987793,0.000532632,-0.00106526,-0.00106526
1773773004155,0.0869141,-0.21875,0.986328,0,0,0.000532632
1773773004236,0.0883789,-0.217773,0.989258,0,-0.000532632,0.00106526
1773773004306,0.0874023,-0.217773,0.98877,0.00106526,-0.000532632,-0.000532632
1773773004388,0.0859375,-0.22168,0.987793,0,-0.000532632,0
1773773004458,0.0874023,-0.217773,0.989258,-0.000532632,-0.000532632,-0.000532632
1773773004539,0.0869141,-0.21875,0.989258,-0.00106526,-0.000532632,-0.000532632
1773773004619,0.0864258,-0.218262,0.987793,0.000532632,0,0.000532632
1773773004690,0.0874023,-0.21875,0.988281,-0.00106526,-0.000532632,0.000532632
1773773004770,0.0874023,-0.21875,0.989258,0,-0.000532632,0.00106526
1773773004851,0.0859375,-0.21875,0.987305,0,-0.00106526,-0.00106526
1773773004921,0.0888672,-0.218262,0.990723,-0.00106526,-0.000532632,0
1773773005002,0.0864258,-0.217285,0.987305,0.000532632,-0.000532632,0
1773773005082,0.0869141,-0.219238,0.98877,0.000532632,-0.000532632,0
1773773005153,0.0874023,-0.219727,0.987793,-0.000532632,-0.000532632,0.000532632
1773773005233,0.0883789,-0.217285,0.988281,0.000532632,-0.000532632,0
1773773005314,0.0864258,-0.220215,0.989746,0,-0.00106526,-0.000532632
1773773005385,0.0869141,-0.221191,0.987305,0,0,0.000532632
1773773005465,0.0898438,-0.217773,0.98877,0,-0.000532632,0
1773773005546,0.0878906,-0.217773,0.98877,0.000532632,0,-0.00106526
1773773005616,0.0844727,-0.220703,0.98877,0.000532632,-0.00106526,0
1773773005697,0.0869141,-0.217773,0.987793,0.000532632,0.000532632,-0.000532632
1773773005767,0.0869141,-0.21582,0.990234,-0.00106526,-0.000532632,0.0015979
1773773005848,0.0869141,-0.220703,0.987793,0,-0.0015979,0.000532632
1773773005928,0.0883789,-0.21875,0.989258,-0.000532632,-0.00106526,-0.000532632
1773773005999,0.0874023,-0.217773,0.98877,0.000532632,-0.000532632,0
1773773006079,0.0874023,-0.217773,0.989258,0,-0.000532632,-0.000532632
1773773006160,0.0874023,-0.218262,0.987793,0,0,0.000532632
1773773006230,0.0878906,-0.219238,0.98877,0,-0.000532632,-0.000532632
1773773006311,0.0874023,-0.21875,0.98584,0.000532632,-0.000532632,0.000532632
1773773006392,0.0888672,-0.220215,0.98877,-0.000532632,-0.000532632,0.000532632
1773773006462,0.0864258,-0.219238,0.98877,-0.000532632,0,0
1773773006543,0.0883789,-0.218262,0.987793,0,-0.00106526,0.000532632
1773773006624,0.0878906,-0.219238,0.989746,0,-0.000532632,0
1773773006694,0.0878906,-0.220703,0.989746,0.000532632,-0.00106526,0
1773773006775,0.0874023,-0.21875,0.990234,0,0,0.000532632
1773773006845,0.0883789,-0.218262,0.987793,-0.000532632,-0.000532632,0.000532632
1773773006926,0.0878906,-0.216309,0.987305,0.000532632,0.000532632,-0.000532632
1773773007006,0.0854492,-0.21875,0.98877,-0.000532632,-0.00106526,0
1773773007077,0.0874023,-0.218262,0.989258,-0.00106526,0,0.000532632
1773773007157,0.0878906,-0.219238,0.987793,0.000532632,0,-0.000532632
1773773007238,0.0869141,-0.218262,0.987305,0,0,0.000532632
1773773007308,0.0859375,-0.219238,0.987793,0.000532632,-0.000532632,0.000532632
1773773007389,0.0878906,-0.21875,0.987305,-0.000532632,-0.000532632,0
1773773007470,0.0859375,-0.21875,0.989258,0,-0.000532632,-0.000532632
1773773007540,0.0864258,-0.217285,0.987305,0,-0.000532632,0
1773773007621,0.0878906,-0.21875,0.987305,0.000532632,-0.00106526,-0.000532632
1773773007701,0.0878906,-0.219238,0.989258,0,0,0.000532632
1773773007772,0.0898438,-0.220703,0.987305,-0.000532632,-0.000532632,0.00106526
1773773007852,0.0874023,-0.219727,0.989258,-0.000532632,0,0
1773773007923,0.0869141,-0.220215,0.990723,0,-0.000532632,0.000532632
1773773008003,0.0864258,-0.219238,0.98877,-0.000532632,-0.000532632,0
1773773008084,0.0874023,-0.220703,0.989258,0.000532632,-0.00106526,0.000532632
1773773008154,0.0869141,-0.217773,0.987793,0.000532632,-0.00106526,0.00106526
1773773008235,0.0874023,-0.220215,0.989258,0,0.000532632,0
1773773008315,0.0874023,-0.219238,0.988281,0.000532632,-0.000532632,0
1773773008386,0.0883789,-0.217773,0.987793,0.000532632,-0.00106526,-0.000532632
1773773008467,0.0883789,-0.217285,0.988281,-0.00106526,0,0.00106526
1773773008547,0.0878906,-0.217773,0.98877,0.000532632,-0.000532632,0.000532632
1773773008618,0.0844727,-0.21875,0.98877,0,0,0
1773773008698,0.0874023,-0.22168,0.98877,-0.000532632,-0.000532632,0.000532632
1773773008779,0.0874023,-0.217773,0.987305,0.000532632,-0.000532632,0
1773773008849,0.0864258,-0.219727,0.98877,0,-0.00106526,0
1773773008930,0.0864258,-0.21875,0.989746,-0.000532632,0,0
1773773009010,0.0883789,-0.219238,0.98877,0.000532632,0,0.000532632
1773773009081,0.0859375,-0.218262,0.989258,0,0.000532632,0
1773773009161,0.0893555,-0.217773,0.987793,0.000532632,-0.000532632,0
1773773009232,0.0883789,-0.216797,0.990234,0,0,-0.000532632
1773773009312,0.0883789,-0.218262,0.987793,-0.000532632,-0.00106526,0
1773773009393,0.0888672,-0.217773,0.989258,0,0,0
1773773009464,0.0874023,-0.217285,0.990234,0.00106526,0,0.000532632
1773773009544,0.0854492,-0.218262,0.989746,0.000532632,-0.000532632,0
1773773009625,0.0864258,-0.21875,0.987305,0.000532632,0,0.000532632
1773773009695,0.0874023,-0.219238,0.987793,-0.000532632,-0.0015979,0
1773773009776,0.0864258,-0.217773,0.987793,0.000532632,0,0.000532632
1773773009856,0.0878906,-0.218262,0.989258,-0.000532632,0,-0.000532632
1773773009927,0.0874023,-0.219727,0.989746,0,-0.000532632,0
1773773010007,0.0874023,-0.219238,0.987793,0.00106526,-0.00106526,0.000532632
1773773010088,0.0883789,-0.219238,0.986816,0,0,-0.00106526
1773773010158,0.0883789,-0.219238,0.98877,0,-0.000532632,0
1773773010239,0.0859375,-0.21875,0.987793,0,-0.00106526,0
1773773010320,0.0859375,-0.217285,0.990234,-0.000532632,-0.000532632,0.000532632
1773773010390,0.0878906,-0.218262,0.988281,0,-0.000532632,0.000532632
1773773010471,0.0864258,-0.220215,0.986816,-0.00106526,-0.00106526,0
1773773010541,0.0864258,-0.218262,0.987793,0,-0.00106526,0
1773773010622,0.0878906,-0.220703,0.98877,0.000532632,0.000532632,0
1773773010703,0.0883789,-0.218262,0.988281,-0.000532632,0.000532632,-0.000532632
1773773010773,0.0864258,-0.218262,0.988281,-0.000532632,-0.000532632,-0.000532632
1773773010853,0.0864258,-0.218262,0.990234,0.000532632,0,-0.000532632
1773773010934,0.0888672,-0.220215,0.98584,-0.000532632,-0.000532632,0.000532632
1773773011005,0.0859375,-0.220703,0.990234,0,-0.0015979,-0.000532632
1773773011085,0.0888672,-0.219238,0.98877,0.000532632,-0.00106526,0
1773773011166,0.0854492,-0.216797,0.989746,0.00106526,0,0
1773773011236,0.090332,-0.21875,0.989746,0,-0.00106526,0.000532632
1773773011317,0.0869141,-0.21875,0.987793,0.000532632,0.00106526,0.000532632
1773773011387,0.0893555,-0.218262,0.988281,0,-0.000532632,0
1773773011468,0.0883789,-0.218262,0.987305,0,0.000532632,-0.000532632
1773773011549,0.0893555,-0.219727,0.98877,0,-0.000532632,0.000532632
1773773011619,0.0893555,-0.218262,0.987793,-0.000532632,0,0.000532632
1773773011700,0.0883789,-0.219238,0.987793,-0.000532632,-0.00106526,0
1773773011780,0.0869141,-0.218262,0.987305,0,-0.00106526,0.00106526
1773773011851,0.0893555,-0.216797,0.987793,0.000532632,0.000532632,0.00106526
1773773011931,0.0854492,-0.21582,0.987793,0,0,0.000532632
1773773012012,0.0888672,-0.217773,0.989258,0,-0.000532632,0
1773773012082,0.0883789,-0.217285,0.987305,0.000532632,-0.000532632,-0.000532632
1773773012163,0.0854492,-0.21875,0.989258,0,-0.000532632,0.00106526
1773773012243,0.0874023,-0.217773,0.988281,-0.000532632,-0.00106526,0.000532632
1773773012314,0.0864258,-0.218262,0.988281,0.000532632,0,0.000532632
1773773012394,0.0859375,-0.217773,0.98877,0,0.000532632,0.000532632
1773773012475,0.0869141,-0.21875,0.989258,0.000532632,0,0.000532632
1773773012545,0.0893555,-0.218262,0.987793,-0.000532632,0,-0.000532632
1773773012626,0.0888672,-0.218262,0.987305,0.000532632,-0.00106526,-0.000532632
1773773012707,0.0874023,-0.218262,0.988281,0,0,0.000532632
1773773012777,0.0883789,-0.216797,0.98584,0.000532632,-0.00106526,0
1773773012858,0.0878906,-0.217773,0.987305,-0.000532632,-0.000532632,0.000532632
1773773012928,0.0864258,-0.218262,0.986816,0,-0.00106526,0
1773773013009,0.090332,-0.220215,0.987305,-0.000532632,-0.00106526,0
1773773013089,0.0883789,-0.217773,0.989258,0,-0.000532632,0
1773773013160,0.0878906,-0.218262,0.988281,0.00106526,0,0
1773773013240,0.0869141,-0.216797,0.989258,0.000532632,-0.000532632,0.000532632
1773773013321,0.0869141,-0.21875,0.988281,0.00106526,0.000532632,0
1773773013391,0.0874023,-0.218262,0.989258,0,-0.000532632,-0.000532632
1773773013472,0.0874023,-0.220215,0.988281,0,-0.00106526,0
1773773013553,0.0864258,-0.216309,0.988281,0,0.0015979,0.000532632
1773773013623,0.0878906,-0.219238,0.989258,0,0,0
1773773013704,0.0859375,-0.21875,0.988281,-0.000532632,-0.00106526,0
1773773013784,0.0874023,-0.220215,0.987305,-0.00106526,-0.000532632,-0.000532632
1773773013855,0.0864258,-0.219727,0.986328,0,0.000532632,0
1773773013935,0.0883789,-0.218262,0.98877,0.000532632,-0.000532632,0.000532632
1773773014006,0.0883789,-0.21875,0.988281,-0.00106526,-0.000532632,0
1773773014086,0.0898438,-0.218262,0.98877,0,0.000532632,0.00106526
1773773014167,0.0888672,-0.217773,0.988281,0,0.000532632,0.000532632
1773773014237,0.0869141,-0.218262,0.988281,0.00106526,0,-0.000532632
1773773014318,0.0874023,-0.217285,0.986816,-0.000532632,0,0
1773773014399,0.0878906,-0.219238,0.987305,0,-0.000532632,0
1773773014469,0.0869141,-0.220215,0.987793,0,-0.00106526,0.000532632
1773773014550,0.0854492,-0.219238,0.988281,0.00106526,0,0.000532632
1773773014631,0.0878906,-0.21875,0.987793,0.00106526,-0.00106526,0
1773773014701,0.0878906,-0.219238,0.98877,0,-0.00106526,0
1773773014782,0.0874023,-0.21875,0.988281,0.000532632,0,0.000532632
1773773014862,0.0883789,-0.217773,0.988281,0.00106526,-0.000532632,0
1773773014933,0.0864258,-0.216797,0.986816,0.00106526,0,0.000532632
1773773015013,0.0878906,-0.219727,0.987793,0.000532632,0,0
1773773015094,0.0849609,-0.21875,0.987305,0,-0.00106526,0
1773773015164,0.0864258,-0.219238,0.986816,-0.000532632,0.000532632,0
1773773015245,0.0878906,-0.218262,0.989258,-0.000532632,-0.000532632,0
1773773015315,0.0869141,-0.21875,0.988281,-0.000532632,0,0.000532632
1773773015396,0.0854492,-0.217773,0.987305,0.000532632,0,0.000532632
1773773015477,0.0874023,-0.21875,0.988281,0,-0.000532632,-0.000532632
1773773015547,0.0874023,-0.220215,0.988281,0.00106526,0,0
1773773015627,0.0874023,-0.21875,0.988281,0.000532632,0,-0.000532632
1773773015708,0.0864258,-0.217773,0.989258,0,-0.00106526,0.000532632
1773773015779,0.0849609,-0.219238,0.988281,0.000532632,-0.0015979,0
1773773015859,0.0864258,-0.219238,0.98877,0.000532632,-0.00106526,0
1773773015940,0.0883789,-0.21875,0.98584,0.0015979,0.00106526,0.000532632
1773773016010,0.0869141,-0.217773,0.987793,-0.0015979,-0.000532632,0.00106526
1773773016091,0.0893555,-0.218262,0.989746,0,-0.000532632,-0.000532632
1773773016171,0.0874023,-0.216797,0.987793,0.000532632,0,-0.000532632
1773773016242,0.0878906,-0.218262,0.98877,0.00106526,-0.00106526,0.000532632
1773773016322,0.0883789,-0.21875,0.988281,0.00106526,0.000532632,0
1773773016393,0.0874023,-0.217773,0.988281,0.000532632,0,0.000532632
1773773016473,0.0878906,-0.218262,0.989746,0,0,0.000532632
1773773016554,0.0864258,-0.217773,0.989746,0,-0.000532632,0.000532632
1773773016625,0.0888672,-0.21875,0.989746,0,-0.000532632,-0.000532632
1773773016705,0.0878906,-0.219727,0.987305,0,-0.00106526,0
1773773016786,0.0888672,-0.219727,0.989746,0.000532632,-0.000532632,-0.00106526
1773773016857,0.0874023,-0.21875,0.989258,0.000532632,-0.00106526,0
1773773016937,0.0874023,-0.21875,0.987793,0,0,-0.00106526
1773773017017,0.0908203,-0.220703,0.98877,-0.000532632,0,0.000532632
1773773017088,0.0874023,-0.218262,0.988281,0,0.000532632,0.00106526
1773773017168,0.0854492,-0.218262,0.98877,0,0.000532632,-0.000532632
1773773017249,0.0888672,-0.218262,0.986816,0,-0.00106526,0.000532632
1773773017319,0.0883789,-0.220215,0.98877,0.000532632,-0.000532632,0.000532632
1773773017400,0.0874023,-0.219238,0.989746,0.000532632,-0.00106526,0
1773773017480,0.0883789,-0.21875,0.98877,0,-0.000532632,0.000532632
1773773017551,0.0878906,-0.216309,0.989258,0.000532632,0.000532632,0
1773773017631,0.0874023,-0.218262,0.988281,0,-0.000532632,-0.0015979
1773773017702,0.0869141,-0.219727,0.990723,-0.00106526,0,0
1773773017782,0.0883789,-0.21875,0.989258,0,-0.0015979,-0.000532632
1773773017863,0.0869141,-0.216797,0.98877,0.00106526,-0.000532632,-0.000532632
1773773017933,0.0883789,-0.219727,0.989258,0.00106526,0,-0.000532632
1773773018014,0.0883789,-0.219727,0.989258,-0.000532632,-0.0015979,0.000532632
1773773018094,0.0888672,-0.219727,0.98877,-0.00106526,-0.000532632,0
1773773018165,0.0849609,-0.219238,0.988281,-0.000532632,0,0.000532632
1773773018246,0.0869141,-0.217773,0.985352,-0.000532632,0,0
1773773018326,0.0874023,-0.21875,0.986328,0.000532632,-0.000532632,0.00106526
1773773018397,0.0874023,-0.219238,0.990234,0,-0.000532632,0.000532632
1773773018477,0.0883789,-0.219238,0.987793,0.000532632,0,0.00106526
1773773018558,0.0864258,-0.218262,0.986328,0,-0.00106526,0.00106526
1773773018628,0.0864258,-0.219727,0.988281,-0.000532632,-0.000532632,0.000532632
1773773018709,0.0878906,-0.219238,0.98877,-0.000532632,-0.000532632,0.000532632
1773773018789,0.0864258,-0.216797,0.987793,0,0,0
1773773018860,0.0893555,-0.217773,0.987305,0,-0.000532632,0.00106526
1773773018940,0.0874023,-0.219238,0.98877,0.000532632,-0.000532632,0
1773773019011,0.0864258,-0.21875,0.986816,0.000532632,-0.000532632,-0.000532632
1773773019091,0.0864258,-0.217773,0.989258,-0.000532632,-0.000532632,0.000532632
1773773019172,0.0883789,-0.217285,0.987305,0.00106526,0,0
1773773019242,0.0874023,-0.219238,0.987305,-0.000532632,0,-0.000532632
1773773019323,0.0878906,-0.220215,0.989746,0,-0.00106526,-0.000532632
1773773019404,0.0878906,-0.220703,0.985352,-0.00106526,0,-0.000532632
1773773019474,0.0893555,-0.219238,0.98877,0.000532632,-0.000532632,0.00106526
1773773019555,0.0878906,-0.220215,0.989746,0.000532632,0,0.0015979
1773773019635,0.0883789,-0.217285,0.987793,0.000532632,0.000532632,0.000532632
1773773019706,0.0878906,-0.21875,0.98584,0,0,0
1773773019786,0.0883789,-0.220703,0.987793,0.0015979,-0.000532632,0.000532632
1773773019867,0.0859375,-0.221191,0.989258,0,-0.000532632,-0.000532632
1773773019937,0.0878906,-0.219727,0.989258,0,-0.000532632,-0.00106526
1773773020018,0.0878906,-0.217773,0.986816,0,-0.000532632,0
1773773020098,0.0854492,-0.21875,0.98877,-0.00106526,0.000532632,0
1773773020169,0.0888672,-0.218262,0.987793,0.00106526,0,0
1773773020249,0.0874023,-0.220703,0.989258,0.000532632,-0.00106526,0.000532632
1773773020320,0.0864258,-0.221191,0.98877,0,0,-0.000532632
1773773020400,0.0874023,-0.217285,0.987793,0.000532632,0.000532632,0.0015979
1773773020481,0.0874023,-0.217773,0.987793,0.00106526,0,-0.00106526
1773773020551,0.0878906,-0.217773,0.988281,0,0,0
1773773020632,0.0874023,-0.217285,0.988281,0.000532632,-0.00106526,0.000532632
1773773020712,0.0874023,-0.21875,0.986328,0,0,0
1773773020783,0.0883789,-0.217285,0.98877,0.000532632,-0.000532632,0.000532632
1773773020864,0.0883789,-0.217773,0.98877,0.000532632,0,0
1773773020944,0.0869141,-0.219238,0.987305,0.00106526,0.000532632,0
1773773021015,0.0859375,-0.21875,0.986816,0,-0.000532632,0.00106526
1773773021095,0.0854492,-0.219238,0.986328,-0.00106526,0,-0.000532632
1773773021176,0.0864258,-0.219238,0.989258,-0.000532632,0,0
1773773021246,0.0859375,-0.220215,0.990723,0,0,-0.000532632
1773773021327,0.0849609,-0.21875,0.98877,0.00106526,-0.000532632,0
1773773021407,0.0878906,-0.217285,0.989746,-0.000532632,-0.00106526,0
1773773021478,0.0864258,-0.217773,0.98877,0,-0.00106526,0.000532632
1773773021559,0.0893555,-0.220703,0.987793,0,0.000532632,0.000532632
1773773021629,0.0878906,-0.220703,0.98877,0,0.000532632,0
1773773021710,0.0854492,-0.219727,0.987793,-0.000532632,0,-0.000532632
1773773021790,0.0893555,-0.219727,0.989258,0.000532632,-0.0015979,0
1773773021861,0.0869141,-0.21875,0.989258,0,0,-0.000532632
1773773021941,0.0878906,-0.217773,0.987793,0,-0.00106526,0.000532632
1773773022022,0.0869141,-0.217285,0.988281,0,0,0.000532632
1773773022092,0.0878906,-0.21875,0.989258,-0.000532632,-0.000532632,-0.000532632
1773773022173,0.0874023,-0.219727,0.987305,-0.000532632,-0.000532632,0.000532632
1773773022253,0.0878906,-0.217773,0.98877,-0.000532632,-0.000532632,0
1773773022324,0.0869141,-0.21875,0.989746,0.00106526,0.000532632,0
1773773022405,0.0869141,-0.218262,0.987793,-0.000532632,0,0
1773773022485,0.0893555,-0.219727,0.987793,0.00106526,-0.000532632,-0.00106526
1773773022556,0.0859375,-0.220215,0.989258,-0.000532632,0,0.000532632
1773773022637,0.0878906,-0.217285,0.98877,0.000532632,-0.000532632,0.00106526
1773773022707,0.0883789,-0.219238,0.989746,0,-0.00106526,0
1773773022788,0.090332,-0.218262,0.986816,0,-0.000532632,0.000532632
1773773022868,0.0893555,-0.217285,0.987793,0.00106526,-0.000532632,-0.000532632
1773773022939,0.0878906,-0.219238,0.987793,-0.000532632,0,0.000532632
1773773023019,0.0883789,-0.218262,0.988281,0.000532632,-0.000532632,0
1773773023100,0.0874023,-0.217285,0.988281,0.000532632,0.00106526,0.00106526
1773773023170,0.0859375,-0.21875,0.988281,0.00106526,-0.000532632,0.00106526
1773773023251,0.0913086,-0.21582,0.98877,-0.000532632,-0.00106526,0
1773773023331,0.0874023,-0.218262,0.987793,-0.00106526,-0.00106526,-0.000532632
1773773023402,0.0874023,-0.219727,0.989258,0.00106526,0,0
1773773023482,0.0878906,-0.218262,0.988281,0,-0.00106526,-0.000532632
1773773023563,0.0878906,-0.220215,0.98877,0.000532632,0,-0.000532632
1773773023633,0.0883789,-0.21875,0.987793,-0.000532632,0.000532632,0
1773773023714,0.0869141,-0.220703,0.98877,-0.000532632,0,0
1773773023795,0.0864258,-0.217773,0.987793,0,0,-0.000532632
1773773023865,0.0888672,-0.21875,0.989746,0.000532632,-0.000532632,0.000532632
1773773023946,0.0878906,-0.217285,0.987793,0.000532632,0.000532632,0
1773773024016,0.0883789,-0.217773,0.986816,0.000532632,-0.000532632,0
1773773024097,0.0878906,-0.21875,0.988281,0,-0.0015979,0.00106526
1773773024177,0.0874023,-0.217773,0.988281,-0.000532632,0,0
1773773024248,0.0874023,-0.217773,0.98877,0.00106526,-0.0015979,0
1773773024328,0.0883789,-0.218262,0.98877,0,-0.000532632,0
1773773024409,0.0874023,-0.21875,0.989746,-0.000532632,-0.00106526,0
1773773024479,0.0874023,-0.216309,0.98877,0.000532632,-0.000532632,0.000532632
1773773024560,0.0854492,-0.217773,0.988281,-0.00106526,-0.00106526,0.000532632
1773773024640,0.0893555,-0.217285,0.98877,0,0,0
1773773024711,0.0878906,-0.219238,0.98877,0.000532632,-0.000532632,-0.000532632
1773773024791,0.0859375,-0.217773,0.988281,-0.000532632,-0.00106526,0
1773773024872,0.0874023,-0.21875,0.98877,-0.000532632,-0.000532632,0.000532632
1773773024942,0.0869141,-0.21875,0.989258,-0.000532632,0.000532632,-0.000532632
1773773025023,0.0893555,-0.219238,0.987305,0.00106526,-0.00106526,0
1773773025104,0.0878906,-0.219238,0.988281,-0.000532632,-0.000532632,0.000532632
1773773025174,0.0878906,-0.21875,0.990234,-0.000532632,0,0
1773773025255,0.0859375,-0.221191,0.987793,0,-0.0015979,-0.00106526
1773773025325,0.0869141,-0.21875,0.987793,0.000532632,0.00106526,-0.000532632
1773773025406,0.0869141,-0.217773,0.988281,0,-0.000532632,0.000532632
1773773025486,0.0864258,-0.219238,0.987793,0.000532632,-0.00106526,0
1773773025557,0.0869141,-0.217773,0.986328,-0.00106526,0.000532632,0.000532632
1773773025637,0.0898438,-0.217285,0.989746,0.000532632,0,-0.000532632
1773773025718,0.0864258,-0.217773,0.989746,0,-0.000532632,0.000532632
1773773025788,0.0888672,-0.216797,0.990234,-0.000532632,-0.000532632,0
1773773025869,0.0878906,-0.219727,0.990234,0.000532632,0.000532632,-0.00106526
1773773025949,0.0859375,-0.217773,0.988281,-0.000532632,-0.00106526,0
1773773026020,0.0888672,-0.219238,0.986816,-0.000532632,-0.00106526,0.000532632
1773773026100,0.0874023,-0.219727,0.988281,-0.000532632,0.000532632,0
1773773026181,0.0869141,-0.219238,0.987793,0,0,0.000532632
1773773026251,0.0874023,-0.218262,0.98877,0,0,0
1773773026332,0.0874023,-0.21875,0.98877,0,-0.00106526,0
1773773026413,0.0864258,-0.21875,0.986816,0.000532632,0,0
1773773026483,0.0893555,-0.219727,0.986328,-0.000532632,0,-0.000532632
1773773026564,0.0869141,-0.217773,0.989258,-0.000532632,-0.000532632,-0.000532632
1773773026634,0.0888672,-0.219238,0.988281,-0.000532632,-0.000532632,-0.00106526
1773773026715,0.0854492,-0.216309,0.987305,0,-0.00106526,-0.000532632
1773773026795,0.0888672,-0.218262,0.988281,0.00106526,-0.000532632,0
1773773026866,0.0883789,-0.218262,0.987793,0,-0.000532632,0
1773773026946,0.0874023,-0.21875,0.989258,0.000532632,-0.00106526,0.0015979
1773773027027,0.0883789,-0.21875,0.98877,0.000532632,0.000532632,-0.000532632
1773773027097,0.0874023,-0.218262,0.98877,-0.000532632,0,-0.000532632
1773773027178,0.0878906,-0.220215,0.990234,0,0,0.000532632
1773773027258,0.0864258,-0.219238,0.987305,-0.000532632,-0.00106526,0
1773773027329,0.0888672,-0.21875,0.990234,0.000532632,-0.000532632,-0.000532632
1773773027409,0.0864258,-0.217773,0.990234,-0.000532632,0,-0.000532632
1773773027490,0.0874023,-0.21875,0.987305,0,0,-0.0015979
1773773027561,0.0869141,-0.21875,0.987793,0,-0.000532632,0
1773773027641,0.0878906,-0.21875,0.989746,-0.000532632,0,-0.000532632
1773773027712,0.0878906,-0.218262,0.98877,0.000532632,-0.00106526,0.000532632
1773773027792,0.0878906,-0.219238,0.986328,-0.000532632,-0.00106526,-0.000532632
1773773027873,0.0883789,-0.215332,0.988281,-0.00106526,0,0
1773773027943,0.0869141,-0.218262,0.989258,0,-0.0015979,0
1773773028024,0.0874023,-0.21875,0.987305,0,-0.000532632,0
1773773028105,0.0869141,-0.21875,0.987305,0.000532632,0,0.0015979
1773773028175,0.0869141,-0.217773,0.98877,0.00106526,-0.00106526,0.000532632
1773773028256,0.0869141,-0.21875,0.987793,0.000532632,-0.000532632,0
1773773028336,0.0878906,-0.21875,0.98877,0,-0.00106526,0.000532632
1773773028407,0.0874023,-0.21875,0.987793,-0.000532632,-0.00106526,0
1773773028487,0.0874023,-0.217773,0.986816,0.00106526,0,-0.000532632
1773773028568,0.0869141,-0.220215,0.987793,0,0,-0.00106526
1773773028638,0.0878906,-0.220215,0.987793,0,0.000532632,-0.000532632
1773773028719,0.0893555,-0.217773,0.987793,0.000532632,-0.000532632,-0.00106526
1773773028800,0.0859375,-0.21875,0.988281,-0.000532632,-0.000532632,-0.000532632
1773773028870,0.0874023,-0.218262,0.987305,-0.000532632,-0.000532632,0.00106526
1773773028951,0.0883789,-0.219238,0.987305,0.000532632,-0.000532632,0.000532632
1773773029021,0.0878906,-0.21875,0.989258,0,-0.000532632,0.000532632
1773773029102,0.0898438,-0.21875,0.989258,0.00106526,0,0
1773773029182,0.0878906,-0.218262,0.986328,-0.00106526,0,0.000532632
1773773029253,0.0878906,-0.217285,0.989258,-0.000532632,-0.000532632,0.000532632
1773773029333,0.0864258,-0.217773,0.98877,0,-0.000532632,0.000532632
1773773029414,0.0883789,-0.21875,0.987793,0,0,0.000532632
1773773029484,0.0878906,-0.217773,0.989258,0,0,0.000532632
1773773029565,0.0869141,-0.217285,0.987305,0.000532632,-0.00106526,-0.00106526
1773773029646,0.0878906,-0.218262,0.990234,0,-0.000532632,-0.000532632
1773773029716,0.0874023,-0.218262,0.987305,0,-0.000532632,-0.000532632
1773773029797,0.0869141,-0.219238,0.990234,-0.000532632,0,0
1773773029867,0.0883789,-0.21875,0.987793,0,0,-0.00106526
1773773029948,0.0869141,-0.21875,0.989258,0.000532632,-0.00106526,0
1773773030028,0.0883789,-0.218262,0.98877,0,0,0
1773773030099,0.0888672,-0.218262,0.986816,0.000532632,-0.000532632,0
1773773030179,0.0888672,-0.21875,0.98877,0,0,0
1773773030260,0.0874023,-0.217773,0.989258,0.000532632,-0.000532632,-0.00106526
1773773030331,0.0878906,-0.218262,0.98877,-0.000532632,0,0.000532632
1773773030411,0.0878906,-0.217773,0.988281,0,-0.000532632,0
1773773030492,0.0869141,-0.218262,0.987793,0,0,0
1773773030562,0.0864258,-0.217285,0.988281,0.000532632,0,0
1773773030643,0.0869141,-0.218262,0.987305,-0.000532632,-0.00106526,-0.00106526
1773773030723,0.0883789,-0.21875,0.989746,0,0,-0.000532632
1773773030794,0.0874023,-0.217773,0.990234,0.000532632,-0.00106526,-0.000532632
1773773030874,0.0878906,-0.217285,0.98877,-0.000532632,0,-0.000532632
1773773030955,0.0874023,-0.216309,0.990723,0.00106526,-0.000532632,0
1773773031025,0.0883789,-0.21875,0.987793,0,0,0
1773773031106,0.0898438,-0.217285,0.987793,0,0,0
1773773031186,0.0874023,-0.219727,0.987793,0.000532632,-0.000532632,0.000532632
1773773031257,0.0869141,-0.219238,0.98877,0.000532632,0,0.000532632
1773773031338,0.0883789,-0.218262,0.98877,0,0,-0.000532632
1773773031408,0.0869141,-0.217773,0.986328,0.000532632,-0.000532632,0.000532632
1773773031489,0.0874023,-0.219238,0.989746,-0.000532632,-0.000532632,0
1773773031569,0.0859375,-0.220703,0.987305,-0.000532632,0,0.000532632
1773773031640,0.0898438,-0.218262,0.98877,-0.000532632,0,0.00106526
1773773031720,0.0869141,-0.218262,0.988281,-0.000532632,-0.000532632,-0.00106526
1773773031801,0.0878906,-0.218262,0.989746,0,0,0.000532632
1773773031872,0.0864258,-0.217285,0.987793,0,-0.000532632,-0.00106526
1773773031952,0.0854492,-0.220215,0.989746,0,0,0.000532632
1773773032023,0.0859375,-0.218262,0.989258,0.000532632,0,-0.000532632
1773773032103,0.0878906,-0.219727,0.989258,0.000532632,-0.00106526,0.00106526
1773773032184,0.0883789,-0.218262,0.988281,-0.000532632,0,0
1773773032264,0.0883789,-0.218262,0.987793,0,-0.0015979,-0.000532632
1773773032335,0.0893555,-0.21875,0.986816,-0.000532632,-0.000532632,-0.00106526
1773773032415,0.0888672,-0.216309,0.988281,0.00106526,0,0
1773773032486,0.0874023,-0.217773,0.989258,0,0,0.000532632
1773773032566,0.0869141,-0.217773,0.988281,0.000532632,0,0
1773773032647,0.0874023,-0.21875,0.987305,0.00106526,-0.000532632,0.000532632
1773773032717,0.0859375,-0.21875,0.98877,0.000532632,-0.00213053,-0.00106526
1773773032798,0.0883789,-0.216797,0.988281,0.000532632,-0.000532632,-0.000532632
1773773032879,0.0898438,-0.219238,0.98877,-0.000532632,-0.000532632,-0.00106526
1773773032949,0.0874023,-0.217773,0.987305,0,-0.000532632,-0.000532632
1773773033029,0.0869141,-0.218262,0.989258,-0.000532632,-0.00106526,-0.000532632
1773773033110,0.0869141,-0.21875,0.988281,0.00106526,-0.000532632,0
1773773033181,0.0874023,-0.216797,0.988281,0.00106526,-0.000532632,-0.000532632
1773773033262,0.0869141,-0.217773,0.986816,0,-0.000532632,-0.000532632
1773773033342,0.0883789,-0.219238,0.989258,0,-0.00106526,0
1773773033413,0.0878906,-0.21875,0.98877,0,0.00106526,0
1773773033494,0.0864258,-0.21875,0.989258,-0.000532632,-0.00106526,0.000532632
1773773033564,0.0854492,-0.218262,0.987793,0.000532632,0,0
1773773033645,0.0883789,-0.220215,0.987305,0,0,0
1773773033725,0.0854492,-0.220215,0.988281,-0.000532632,-0.000532632,0
1773773033796,0.0898438,-0.220215,0.984863,0,-0.00106526,0
1773773033876,0.0893555,-0.220703,0.989258,0.000532632,-0.000532632,0.00106526
1773773033957,0.0878906,-0.218262,0.986816,-0.000532632,0.000532632,0.000532632
1773773034027,0.0878906,-0.218262,0.987793,-0.000532632,0,0.000532632
1773773034108,0.0869141,-0.21582,0.98877,0,-0.00106526,0
1773773034188,0.0883789,-0.21875,0.987793,-0.000532632,0,0.000532632
1773773034259,0.0878906,-0.220703,0.988281,0,0,0
1773773034339,0.0883789,-0.21875,0.987305,0.00106526,-0.00106526,0
1773773034420,0.0874023,-0.216797,0.990234,-0.00106526,0,0
1773773034490,0.0888672,-0.217773,0.987793,0.000532632,0,0.0015979
1773773034571,0.0888672,-0.216797,0.98877,0,0,0.000532632
1773773034651,0.0874023,-0.220215,0.988281,0.000532632,-0.000532632,0
1773773034722,0.0888672,-0.219727,0.988281,0.00106526,-0.000532632,-0.000532632
1773773034802,0.0864258,-0.21875,0.986816,-0.00106526,-0.00106526,-0.000532632
1773773034873,0.0874023,-0.217773,0.988281,0,-0.000532632,-0.000532632
1773773034954,0.0864258,-0.217773,0.989746,0,0,0.00106526
1773773035034,0.0869141,-0.217773,0.986328,-0.000532632,-0.00106526,0
1773773035104,0.0869141,-0.220215,0.989258,-0.000532632,-0.000532632,-0.00106526
1773773035185,0.0874023,-0.217773,0.988281,0,0,-0.00106526
1773773035266,0.0893555,-0.218262,0.989746,0.000532632,0,0.000532632
1773773035336,0.0893555,-0.21875,0.986816,-0.000532632,-0.00106526,0.00106526
1773773035417,0.0869141,-0.21875,0.987305,0,-0.000532632,-0.00106526
1773773035497,0.0864258,-0.219727,0.987793,-0.0015979,0.000532632,-0.000532632
1773773035568,0.0874023,-0.217285,0.98877,0.0015979,-0.000532632,0.000532632
1773773035648,0.0874023,-0.220215,0.987793,-0.000532632,-0.000532632,0.000532632
1773773035729,0.0878906,-0.217773,0.98877,0,0,-0.000532632
1773773035800,0.0883789,-0.217773,0.986816,-0.00106526,0,0.000532632
1773773035880,0.0878906,-0.219238,0.98877,-0.000532632,-0.000532632,0.000532632
1773773035951,0.0878906,-0.217285,0.986816,-0.000532632,-0.000532632,-0.00106526
1773773036032,0.0878906,-0.219238,0.98877,0,-0.00106526,0
1773773036112,0.0878906,-0.219238,0.988281,0.000532632,0,-0.000532632
1773773036182,0.0878906,-0.216797,0.987793,0.000532632,-0.00106526,0.000532632
1773773036263,0.0878906,-0.219727,0.988281,-0.000532632,0,0.000532632
1773773036343,0.0888672,-0.219238,0.98877,0,-0.000532632,0
1773773036414,0.0874023,-0.218262,0.986328,0.0015979,-0.000532632,0
1773773036494,0.0864258,-0.217285,0.987305,0,-0.00106526,-0.000532632
1773773036575,0.0864258,-0.218262,0.990234,-0.00106526,0,0.000532632
1773773036645,0.0878906,-0.217285,0.990234,0.000532632,0,0
1773773036726,0.0878906,-0.217773,0.98877,-0.000532632,0.000532632,0.000532632
1773773036807,0.0888672,-0.219238,0.988281,0.00106526,0,0.000532632
1773773036877,0.0883789,-0.219238,0.988281,0,0,0
1773773036958,0.0883789,-0.218262,0.989746,-0.000532632,-0.000532632,0
1773773037038,0.0878906,-0.21875,0.989746,-0.000532632,-0.000532632,0.000532632
1773773037109,0.0874023,-0.219238,0.986816,-0.000532632,-0.000532632,0.00106526
1773773037189,0.0874023,-0.218262,0.988281,0.00106526,-0.00106526,-0.000532632
1773773037260,0.0878906,-0.217773,0.989258,-0.00106526,0,-0.000532632
1773773037341,0.0874023,-0.217773,0.989258,-0.000532632,0,-0.00106526
1773773037421,0.0864258,-0.218262,0.988281,0.00106526,-0.000532632,-0.00106526
1773773037491,0.0874023,-0.21875,0.989746,0.00106526,-0.000532632,0.000532632
1773773037572,0.0859375,-0.216797,0.989258,0.000532632,0,0
1773773037653,0.0878906,-0.217285,0.989258,0.0015979,-0.00106526,0.000532632
1773773037723,0.0874023,-0.21875,0.988281,0.00106526,-0.000532632,-0.000532632
1773773037804,0.0898438,-0.218262,0.989258,0.00106526,-0.000532632,0
1773773037884,0.0888672,-0.217285,0.989746,0,-0.000532632,-0.000532632
1773773037955,0.0878906,-0.21875,0.989258,0.00106526,0,0.000532632
1773773038035,0.0893555,-0.218262,0.989746,0,0,0
1773773038116,0.0844727,-0.219727,0.990234,-0.000532632,0,0.000532632
1773773038187,0.0874023,-0.218262,0.990234,0.000532632,0,0
1773773038268,0.0893555,-0.21582,0.98877,-0.000532632,-0.000532632,-0.00106526
1773773038338,0.0849609,-0.218262,0.989258,0,-0.000532632,0.00106526
1773773038419,0.0893555,-0.219727,0.98877,0,0,0.00106526
1773773038499,0.0864258,-0.216797,0.98877,0.000532632,0,-0.00106526
1773773038570,0.090332,-0.217773,0.989746,-0.000532632,0.000532632,0.000532632
1773773038651,0.0888672,-0.217285,0.988281,-0.000532632,-0.000532632,0
1773773038731,0.0878906,-0.217773,0.987305,0.000532632,-0.000532632,0
1773773038802,0.0874023,-0.216797,0.98877,0,0.000532632,-0.00106526
1773773038882,0.0878906,-0.217773,0.98877,0,0,0.000532632
1773773038963,0.0869141,-0.218262,0.986328,0.000532632,-0.000532632,0.00106526
1773773039034,0.0883789,-0.21875,0.988281,0,-0.00106526,0.000532632
1773773039114,0.0869141,-0.21875,0.988281,0.000532632,-0.000532632,0
1773773039185,0.0883789,-0.217773,0.988281,0,0.000532632,0
1773773039265,0.0888672,-0.21875,0.987793,0,0.000532632,-0.000532632
1773773039346,0.0874023,-0.216309,0.989258,0.0015979,0.000532632,0
1773773039416,0.0883789,-0.218262,0.987793,0,0.00106526,0.00106526
1773773039497,0.0874023,-0.21875,0.991211,0,-0.000532632,0
1773773039577,0.0859375,-0.21875,0.989258,-0.000532632,-0.000532632,0
1773773039648,0.0898438,-0.217773,0.987793,0,-0.000532632,-0.00106526
1773773039728,0.0844727,-0.21875,0.987305,0.000532632,-0.000532632,0.00106526
1773773039809,0.0893555,-0.217773,0.989258,0.00106526,-0.000532632,-0.000532632
1773773039880,0.0864258,-0.21875,0.988281,0.000532632,-0.000532632,-0.000532632
1773773039960,0.0874023,-0.218262,0.986816,0,-0.000532632,0
1773773040041,0.0874023,-0.219238,0.986816,0,0,0
1773773040111,0.0893555,-0.217285,0.987305,0,-0.000532632,0
1773773040192,0.0878906,-0.217285,0.98877,-0.00106526,-0.000532632,0
1773773040272,0.0869141,-0.218262,0.989258,0,0.000532632,-0.000532632
1773773040343,0.0878906,-0.219727,0.988281,0.000532632,0,0.000532632
1773773040423,0.0864258,-0.21875,0.987793,0.000532632,0,-0.000532632
1773773040494,0.0859375,-0.217773,0.98877,0,-0.000532632,-0.000532632
1773773040574,0.0878906,-0.219727,0.990234,0,0,-0.000532632
1773773040655,0.0869141,-0.217773,0.986816,0.000532632,0,-0.00106526
1773773040725,0.0874023,-0.21875,0.98877,0,0,0.000532632
1773773040806,0.0888672,-0.218262,0.988281,0.000532632,0,-0.00106526
1773773040887,0.0859375,-0.218262,0.98877,0,-0.00106526,0
1773773040957,0.0874023,-0.218262,0.986816,-0.000532632,-0.000532632,0
1773773041038,0.0883789,-0.218262,0.989258,0,0,0
1773773041118,0.0869141,-0.216309,0.988281,0.000532632,-0.00106526,0.000532632
1773773041189,0.0888672,-0.219238,0.990234,0,-0.000532632,-0.00106526
1773773041269,0.0883789,-0.217773,0.98877,-0.000532632,-0.000532632,0.00106526
1773773041350,0.0874023,-0.21875,0.989258,0.000532632,-0.000532632,0.000532632
1773773041420,0.0854492,-0.217773,0.990234,0,-0.000532632,-0.000532632
1773773041501,0.0869141,-0.217285,0.98877,-0.000532632,-0.000532632,0.000532632
1773773041571,0.0878906,-0.21875,0.986816,0,-0.000532632,0
1773773041652,0.0864258,-0.219727,0.987793,0.000532632,-0.00106526,0
1773773041733,0.0898438,-0.217773,0.986816,0.000532632,-0.00106526,0.000532632
1773773041803,0.0874023,-0.217285,0.986816,-0.000532632,-0.0015979,0.000532632
1773773041885,0.0888672,-0.217773,0.987793,0.000532632,0,-0.000532632
1773773041964,0.0864258,-0.217773,0.987793,0,0.000532632,0
1773773042035,0.0893555,-0.21875,0.988281,0,-0.00106526,0
1773773042115,0.0869141,-0.218262,0.98877,0.00106526,0,0
1773773042196,0.0874023,-0.21875,0.990723,-0.00106526,0,0.000532632
1773773042266,0.0893555,-0.217773,0.989258,0,0,0.000532632
1773773042347,0.0864258,-0.218262,0.98877,0.000532632,0.000532632,0
1773773042428,0.0878906,-0.217773,0.989258,-0.000532632,-0.000532632,-0.000532632
1773773042498,0.0888672,-0.218262,0.98877,0,-0.000532632,0
1773773042579,0.0874023,-0.220215,0.988281,0,0.000532632,-0.000532632
1773773042659,0.0864258,-0.21875,0.989258,-0.000532632,-0.0015979,0
1773773042730,0.090332,-0.217773,0.989258,0,-0.0015979,0.000532632
1773773042810,0.0864258,-0.217773,0.988281,-0.000532632,0,-0.000532632
1773773042881,0.0864258,-0.220215,0.988281,0,0,0.000532632
1773773042961,0.0878906,-0.219238,0.989258,0,0,0.000532632
1773773043042,0.0869141,-0.218262,0.989258,0,-0.000532632,0.000532632
1773773043112,0.0883789,-0.219238,0.989746,0,-0.000532632,0.000532632
1773773043193,0.0869141,-0.218262,0.988281,0.000532632,0,0
1773773043274,0.0878906,-0.217773,0.989258,0,0.000532632,0
1773773043344,0.0869141,-0.220215,0.989258,-0.000532632,-0.000532632,0
1773773043425,0.0878906,-0.219727,0.986328,0.000532632,0,0.000532632
1773773043505,0.0878906,-0.217773,0.987793,-0.000532632,-0.000532632,0
1773773043576,0.0893555,-0.219727,0.988281,-0.000532632,-0.00106526,-0.000532632
1773773043656,0.0893555,-0.21875,0.987305,0.000532632,-0.000532632,-0.000532632
1773773043737,0.0864258,-0.217285,0.98877,0.000532632,-0.000532632,0
1773773043807,0.0878906,-0.220215,0.98877,0.000532632,0,0
1773773043888,0.0878906,-0.219727,0.986816,-0.000532632,-0.000532632,0.000532632
1773773043958,0.0849609,-0.217285,0.987305,-0.000532632,-0.000532632,-0.000532632
1773773044039,0.0864258,-0.218262,0.987305,0.00106526,-0.000532632,0.00106526
1773773044119,0.0874023,-0.219727,0.986816,0,-0.0015979,0
1773773044190,0.0908203,-0.219727,0.986816,0,-0.000532632,0.000532632
1773773044270,0.0874023,-0.217773,0.98584,-0.00106526,0,-0.000532632
1773773044351,0.0864258,-0.21582,0.988281,-0.000532632,0,0.000532632
1773773044421,0.0883789,-0.218262,0.98877,0,-0.00106526,-0.000532632
1773773044502,0.0878906,-0.216797,0.987305,-0.000532632,-0.00106526,-0.000532632
1773773044583,0.0869141,-0.219238,0.987305,-0.000532632,-0.000532632,0.000532632
1773773044653,0.0883789,-0.217773,0.98877,-0.000532632,-0.00106526,0
1773773044734,0.0874023,-0.219238,0.989258,0,-0.000532632,-0.000532632
1773773044814,0.090332,-0.218262,0.988281,-0.000532632,0,0
1773773044885,0.0878906,-0.218262,0.988281,-0.000532632,-0.00213053,0.000532632
1773773044965,0.0874023,-0.220215,0.987793,0,0,-0.00106526
1773773045046,0.0883789,-0.218262,0.988281,-0.000532632,-0.000532632,0.000532632
1773773045116,0.0874023,-0.218262,0.987793,0.00106526,-0.00106526,-0.000532632
1773773045197,0.0864258,-0.21875,0.986816,-0.00106526,-0.000532632,0.000532632
1773773045267,0.0854492,-0.219238,0.986328,-0.000532632,0,0
1773773045348,0.0869141,-0.219727,0.987793,0,-0.000532632,-0.000532632
1773773045429,0.0883789,-0.217773,0.989258,0,-0.00106526,0.000532632
1773773045499,0.0869141,-0.219727,0.987793,-0.000532632,-0.00106526,0.000532632
1773773045580,0.0859375,-0.21875,0.989258,0,-0.000532632,-0.00106526
1773773045660,0.0869141,-0.21875,0.990234,0,-0.000532632,0
1773773045731,0.0878906,-0.219238,0.987793,0.00106526,-0.00106526,-0.000532632
1773773045811,0.0893555,-0.218262,0.987793,-0.0015979,-0.00106526,0.000532632
1773773045892,0.0878906,-0.217773,0.986816,0,-0.000532632,0
1773773045962,0.0883789,-0.218262,0.988281,0,-0.000532632,0
1773773046043,0.0883789,-0.220215,0.986816,0,-0.000532632,0
1773773046123,0.0874023,-0.217773,0.988281,0.000532632,-0.0015979,0
1773773046194,0.0869141,-0.21875,0.988281,0.000532632,-0.000532632,0.000532632
1773773046274,0.0874023,-0.219238,0.987793,0,-0.000532632,0
1773773046355,0.0878906,-0.217773,0.986328,-0.000532632,-0.00106526,0.000532632
1773773046426,0.0869141,-0.218262,0.986816,-0.000532632,-0.00106526,-0.000532632
1773773046506,0.0898438,-0.21875,0.989746,0,0.000532632,0
1773773046577,0.0869141,-0.218262,0.987305,-0.000532632,-0.000532632,-0.00106526
1773773046657,0.0878906,-0.216309,0.98877,0,-0.000532632,-0.000532632
1773773046738,0.0864258,-0.219238,0.987305,0,-0.000532632,-0.000532632
1773773046808,0.0878906,-0.21875,0.986816,0,0,0
1773773046889,0.0898438,-0.217773,0.987305,-0.000532632,0,0
1773773046969,0.0869141,-0.217285,0.987793,0,-0.000532632,-0.000532632
1773773047040,0.0859375,-0.21875,0.989258,-0.000532632,-0.0015979,-0.000532632
1773773047120,0.0864258,-0.220215,0.98877,-0.000532632,0.000532632,0.000532632
1773773047201,0.0859375,-0.220215,0.987793,-0.000532632,-0.00106526,0
1773773047271,0.0869141,-0.217773,0.987305,-0.000532632,0.00106526,0
1773773047352,0.0878906,-0.220215,0.989746,0.000532632,-0.000532632,0
1773773047433,0.0864258,-0.219727,0.98877,0.00106526,0,0
1773773047503,0.0883789,-0.21875,0.987793,0,-0.000532632,-0.000532632
1773773047584,0.0869141,-0.218262,0.987793,0,-0.000532632,-0.000532632
1773773047664,0.0893555,-0.219727,0.987793,0,-0.00106526,0
1773773047735,0.0869141,-0.21875,0.986328,-0.00106526,-0.00106526,-0.000532632
1773773047815,0.0898438,-0.21875,0.988281,-0.000532632,0,0
1773773047886,0.0878906,-0.220215,0.988281,0.000532632,-0.000532632,0
1773773047966,0.0874023,-0.218262,0.98584,0,0,-0.00106526
1773773048047,0.0878906,-0.21875,0.98877,0,-0.000532632,0.000532632
1773773048117,0.0859375,-0.21582,0.988281,-0.000532632,-0.00106526,-0.000532632
1773773048198,0.0888672,-0.218262,0.986816,0.000532632,-0.000532632,0.000532632
1773773048278,0.0878906,-0.21875,0.987305,-0.000532632,0,0
1773773048349,0.0869141,-0.219727,0.986328,-0.0015979,-0.000532632,-0.00106526
1773773048429,0.0874023,-0.219238,0.986816,-0.000532632,0,-0.000532632
1773773048510,0.0869141,-0.217285,0.987793,-0.000532632,0,-0.000532632
1773773048581,0.0849609,-0.21875,0.988281,0,-0.000532632,-0.000532632
1773773048661,0.0864258,-0.220215,0.988281,0.00106526,-0.000532632,0
1773773048742,0.0854492,-0.219727,0.987793,-0.000532632,0,0
1773773048812,0.0864258,-0.218262,0.989746,0,0,0
1773773048893,0.0859375,-0.21875,0.989258,-0.000532632,-0.000532632,0
1773773048973,0.0869141,-0.21875,0.98877,-0.000532632,-0.000532632,0
1773773049044,0.0878906,-0.219238,0.987305,-0.00106526,-0.00106526,0.000532632
1773773049124,0.0878906,-0.217773,0.987305,0.000532632,0,0.000532632
1773773049195,0.0864258,-0.21875,0.988281,0.000532632,0,-0.000532632
1773773049275,0.0874023,-0.217773,0.987793,0.000532632,-0.0015979,0
1773773049356,0.0859375,-0.218262,0.987305,0,-0.0015979,0
1773773049426,0.0893555,-0.218262,0.987793,-0.000532632,0.000532632,-0.000532632
1773773049507,0.0869141,-0.219238,0.98877,0,-0.000532632,0.00106526
1773773049587,0.0874023,-0.219727,0.988281,0,-0.000532632,0
1773773049658,0.0854492,-0.21875,0.988281,0.00106526,-0.000532632,0
1773773049739,0.0878906,-0.217285,0.989746,-0.0015979,0.000532632,0
1773773049819,0.0874023,-0.219238,0.988281,0,-0.00106526,0
1773773049890,0.0874023,-0.218262,0.987793,0,-0.000532632,-0.00106526
1773773049970,0.0859375,-0.218262,0.987793,0,0,0
1773773050051,0.0898438,-0.220215,0.989258,0.000532632,-0.000532632,0
1773773050121,0.0864258,-0.218262,0.987305,0,0,0
1773773050202,0.0864258,-0.220215,0.987793,0,-0.0015979,0
1773773050272,0.0859375,-0.217285,0.989746,-0.000532632,-0.00106526,0
1773773050353,0.0869141,-0.221191,0.988281,0,0,0
1773773050434,0.0874023,-0.219727,0.988281,0.000532632,0,0.000532632
1773773050504,0.0874023,-0.217773,0.98877,-0.000532632,0,-0.000532632
1773773050585,0.0878906,-0.217773,0.98877,-0.000532632,0,0
1773773050666,0.0869141,-0.219238,0.987305,0,-0.000532632,-0.000532632
1773773050736,0.0878906,-0.217285,0.989746,0,-0.000532632,0
1773773050816,0.0874023,-0.21875,0.98877,0,-0.00106526,0
1773773050897,0.0878906,-0.216797,0.988281,0,0.000532632,0
1773773050968,0.0864258,-0.21875,0.987793,0.000532632,-0.00106526,0.000532632
1773773051048,0.0883789,-0.218262,0.989258,-0.000532632,0,-0.00106526
1773773051129,0.0869141,-0.216309,0.987305,0,-0.0015979,0
1773773051199,0.0888672,-0.219727,0.990234,-0.000532632,0,0.000532632
1773773051280,0.0874023,-0.216797,0.986816,0.000532632,-0.000532632,0
1773773051350,0.0874023,-0.219238,0.988281,-0.000532632,-0.00106526,-0.000532632
1773773051431,0.0854492,-0.220215,0.986816,0,0,-0.000532632
1773773051511,0.0874023,-0.218262,0.991211,0.000532632,0,0.00106526
1773773051582,0.0864258,-0.218262,0.989258,0.000532632,0,-0.000532632
1773773051663,0.0878906,-0.219238,0.987793,-0.000532632,-0.000532632,0
1773773051743,0.0859375,-0.21875,0.987793,0,-0.000532632,0.000532632
1773773051814,0.0864258,-0.218262,0.990234,0,0,0
1773773051894,0.0874023,-0.219727,0.988281,0.000532632,0.000532632,-0.000532632
1773773051975,0.0878906,-0.218262,0.98877,-0.000532632,-0.000532632,0
1773773052045,0.0854492,-0.216797,0.98877,0,-0.000532632,-0.00106526
1773773052126,0.0883789,-0.218262,0.987305,-0.000532632,-0.00106526,0
1773773052206,0.0874023,-0.216797,0.987793,0.000532632,0,-0.000532632
1773773052277,0.0883789,-0.217773,0.987793,0,-0.000532632,-0.00106526
1773773052357,0.0869141,-0.219238,0.98877,0,0,0
1773773052438,0.0869141,-0.217285,0.988281,-0.000532632,-0.000532632,0.00106526
1773773052508,0.0874023,-0.21875,0.987793,-0.000532632,-0.000532632,0.000532632
1773773052589,0.0869141,-0.21875,0.98877,-0.00106526,0,-0.0015979
1773773052659,0.0864258,-0.21875,0.987305,-0.000532632,-0.000532632,0
1773773052740,0.0883789,-0.217773,0.98877,0.000532632,-0.000532632,0
1773773052820,0.0869141,-0.216797,0.98877,0,0.000532632,-0.000532632
1773773052891,0.0864258,-0.219238,0.989258,-0.00106526,0,-0.000532632
1773773052972,0.0874023,-0.221191,0.98877,-0.00106526,-0.000532632,0.000532632
1773773053052,0.0869141,-0.216797,0.988281,0,0,0
1773773053123,0.0859375,-0.21875,0.986328,0.000532632,-0.000532632,-0.000532632
1773773053203,0.0874023,-0.217773,0.988281,0,0.000532632,0.000532632
1773773053284,0.0864258,-0.218262,0.989258,0,0,0
1773773053354,0.0864258,-0.219238,0.987305,0,0,0
1773773053435,0.0854492,-0.220215,0.988281,0.00106526,-0.0015979,-0.000532632
1773773053515,0.0874023,-0.216309,0.98877,-0.000532632,0,-0.000532632
1773773053586,0.0859375,-0.21875,0.988281,-0.000532632,0,0.000532632
1773773053667,0.0864258,-0.219727,0.98584,-0.00106526,0.000532632,0.000532632
1773773053747,0.0869141,-0.219727,0.986816,-0.000532632,0,-0.000532632
1773773053818,0.0864258,-0.219238,0.987793,0,-0.000532632,-0.000532632
1773773053898,0.0859375,-0.220215,0.986816,-0.000532632,0,0
1773773053969,0.0859375,-0.219727,0.987305,0.000532632,-0.00106526,0
1773773054049,0.0874023,-0.217773,0.987793,-0.000532632,0,0
1773773054130,0.0869141,-0.21875,0.98877,-0.000532632,0,0
1773773054200,0.0874023,-0.21875,0.98877,0,-0.00106526,0.00106526
1773773054281,0.0869141,-0.219727,0.98877,0.000532632,0,0
1773773054361,0.0864258,-0.219238,0.98877,0.000532632,-0.000532632,-0.000532632
1773773054432,0.0869141,-0.219238,0.989258,-0.000532632,0.000532632,0.000532632
1773773054512,0.0883789,-0.218262,0.986816,-0.000532632,0.000532632,-0.000532632
1773773054593,0.0878906,-0.219238,0.987793,-0.00106526,0,0
1773773054663,0.0864258,-0.220703,0.988281,-0.0015979,0,-0.00106526
1773773054744,0.0869141,-0.21875,0.98584,0.00106526,-0.000532632,0
1773773054825,0.0869141,-0.21875,0.988281,-0.000532632,-0.000532632,0.000532632
1773773054895,0.0883789,-0.219727,0.988281,-0.000532632,-0.00106526,0
1773773054976,0.0869141,-0.21875,0.987793,0.000532632,0,0
1773773055046,0.0874023,-0.218262,0.986816,-0.000532632,0,0.000532632
1773773055127,0.0874023,-0.219727,0.98877,0.00106526,0,0.000532632
1773773055207,0.0874023,-0.21875,0.989258,-0.000532632,0,0.000532632
1773773055278,0.0864258,-0.217285,0.988281,0,0.000532632,0
1773773055358,0.0874023,-0.220215,0.987793,-0.000532632,-0.000532632,0
1773773055439,0.0849609,-0.216309,0.989746,-0.0015979,-0.0015979,0
1773773055510,0.0898438,-0.219238,0.987793,-0.00106526,-0.000532632,0.00106526
1773773055591,0.0869141,-0.21875,0.986816,0,0,-0.00106526
1773773055671,0.0864258,-0.217773,0.98877,0.000532632,0.000532632,-0.00106526
1773773055742,0.0869141,-0.217773,0.988281,-0.000532632,-0.000532632,0
1773773055825,0.0878906,-0.218262,0.989258,0,0,0
1773773055903,0.0874023,-0.21875,0.98584,0.000532632,-0.000532632,0
1773773055974,0.0849609,-0.216797,0.986328,0.000532632,-0.00106526,0
1773773056054,0.0883789,-0.21875,0.986328,0,0,0.000532632
1773773056125,0.0869141,-0.219727,0.986816,0.000532632,-0.000532632,-0.000532632
1773773056205,0.0878906,-0.216309,0.988281,-0.000532632,0,0
1773773056286,0.0874023,-0.218262,0.987305,0.00106526,-0.000532632,-0.00106526
1773773056356,0.0859375,-0.21875,0.987305,-0.00213053,-0.000532632,0
1773773056437,0.0859375,-0.219238,0.987793,0.000532632,-0.000532632,-0.0015979
1773773056517,0.0874023,-0.218262,0.986816,0.000532632,0.000532632,0.00106526
1773773056588,0.0859375,-0.219238,0.986328,0,-0.000532632,-0.000532632
1773773056668,0.0883789,-0.218262,0.989258,0,-0.000532632,0.000532632
1773773056749,0.0878906,-0.219238,0.988281,0,-0.000532632,-0.000532632
1773773056819,0.0874023,-0.219727,0.989746,0,0,0
1773773056900,0.0859375,-0.217773,0.988281,0.000532632,0,0
1773773056980,0.0878906,-0.21875,0.986816,0,-0.000532632,-0.000532632
1773773057051,0.0878906,-0.219238,0.988281,-0.000532632,0,-0.000532632
1773773057131,0.0874023,-0.21875,0.987305,0,0,0
1773773057202,0.0878906,-0.217285,0.988281,-0.000532632,-0.0015979,0.000532632
1773773057283,0.0878906,-0.217773,0.987305,0.000532632,0,0.000532632
1773773057363,0.0888672,-0.219238,0.989746,0,-0.000532632,0
1773773057434,0.0878906,-0.219238,0.988281,-0.000532632,0.000532632,0
1773773057514,0.0878906,-0.21875,0.989746,0,0,-0.00106526
1773773057595,0.0878906,-0.220215,0.990723,0.000532632,-0.00106526,0.00106526
1773773057665,0.0874023,-0.217773,0.987793,-0.000532632,-0.000532632,-0.000532632
1773773057746,0.0888672,-0.21875,0.989258,0.000532632,-0.0015979,0.00106526
1773773057826,0.0874023,-0.217773,0.98877,0,-0.000532632,-0.000532632
1773773057897,0.0869141,-0.219727,0.987305,0.00106526,0.000532632,0.000532632
1773773057977,0.0869141,-0.217773,0.988281,0,-0.000532632,-0.000532632
1773773058058,0.0888672,-0.21875,0.987793,0.000532632,0,0.000532632
1773773058128,0.0878906,-0.217285,0.98877,0.000532632,-0.000532632,0.000532632
1773773058209,0.0854492,-0.219727,0.990723,0,-0.000532632,0
1773773058289,0.0874023,-0.219238,0.988281,0.000532632,-0.000532632,-0.00106526
1773773058360,0.0874023,-0.218262,0.98877,0.000532632,0.000532632,0.000532632
1773773058440,0.0878906,-0.219238,0.987793,-0.000532632,0.000532632,0
1773773058511,0.0888672,-0.217285,0.987305,-0.000532632,-0.000532632,0
1773773058591,0.0854492,-0.218262,0.98877,0.000532632,0.000532632,0.000532632
1773773058672,0.0874023,-0.219238,0.987793,-0.00106526,-0.0015979,-0.000532632
1773773058742,0.0898438,-0.217285,0.988281,0.000532632,-0.000532632,0
1773773058823,0.0878906,-0.218262,0.98877,-0.000532632,-0.000532632,0.000532632
1773773058904,0.0878906,-0.217773,0.98877,0,-0.000532632,0.000532632
1773773058974,0.0874023,-0.217773,0.986328,0,-0.00106526,0
1773773059056,0.0883789,-0.219727,0.98877,0.000532632,-0.000532632,0.000532632
1773773059135,0.0888672,-0.218262,0.988281,-0.000532632,0,0
1773773059206,0.0854492,-0.217773,0.986816,0,0,0
1773773059286,0.0874023,-0.21875,0.989258,0.000532632,-0.000532632,0
1773773059367,0.0888672,-0.220215,0.987305,0,-0.000532632,-0.00106526
1773773059438,0.0869141,-0.219727,0.989258,-0.000532632,-0.0015979,0.00106526
1773773059518,0.0888672,-0.219727,0.98877,0.000532632,-0.00106526,0.000532632
1773773059599,0.0874023,-0.218262,0.988281,-0.000532632,-0.000532632,0.00106526
1773773059669,0.0878906,-0.21875,0.988281,0.000532632,0,0
1773773059750,0.0888672,-0.217773,0.988281,0.000532632,-0.000532632,0.0015979
1773773059820,0.0869141,-0.218262,0.989258,0.000532632,-0.000532632,-0.000532632
1773773059901,0.0874023,-0.219238,0.989258,0,0,0.00106526
1773773059981,0.0878906,-0.217773,0.985352,-0.000532632,-0.000532632,0
1773773060052,0.0893555,-0.217285,0.988281,0,0,0
1773773060132,0.0869141,-0.219238,0.986816,0.000532632,0,0
1773773060213,0.0893555,-0.219238,0.986816,0.000532632,0,-0.000532632
1773773060283,0.0893555,-0.219238,0.987793,-0.000532632,-0.000532632,0
1773773060364,0.0874023,-0.218262,0.98877,0.000532632,0,0
1773773060445,0.0859375,-0.218262,0.988281,0,-0.000532632,-0.000532632
1773773060515,0.0859375,-0.219238,0.987793,0,-0.000532632,0.000532632
1773773060596,0.0869141,-0.21875,0.986328,0.000532632,0,0.0015979
1773773060676,0.0854492,-0.21875,0.98877,-0.000532632,-0.00106526,0
1773773060747,0.0869141,-0.218262,0.98877,0.000532632,-0.000532632,0
1773773060827,0.0878906,-0.220703,0.987305,-0.00106526,0,0.000532632
1773773060898,0.0849609,-0.21875,0.987793,0,-0.00106526,0.000532632
1773773060979,0.0888672,-0.219238,0.987793,0.00106526,-0.0015979,0
1773773061059,0.0864258,-0.219238,0.987793,0.000532632,-0.000532632,-0.000532632
1773773061129,0.0854492,-0.217773,0.986816,0,-0.00106526,0
1773773061210,0.0869141,-0.220215,0.987793,-0.000532632,0,-0.000532632
1773773061290,0.0869141,-0.218262,0.98877,-0.000532632,0,-0.000532632
1773773061361,0.0878906,-0.218262,0.987793,0.000532632,-0.00106526,0
1773773061441,0.0864258,-0.21875,0.989746,0.000532632,0,0.00106526
1773773061522,0.0864258,-0.217773,0.98877,-0.000532632,-0.000532632,-0.000532632
1773773061593,0.0864258,-0.219727,0.98877,0.00106526,-0.000532632,-0.000532632
1773773061673,0.0854492,-0.220703,0.987305,0.000532632,0.000532632,0.000532632
1773773061754,0.0878906,-0.216309,0.987793,0.000532632,-0.00106526,-0.000532632
1773773061824,0.0864258,-0.218262,0.989258,0,0,0
1773773061905,0.0874023,-0.217773,0.987793,0.00106526,0,0.000532632
1773773061986,0.0878906,-0.216797,0.988281,0.000532632,0.000532632,0.000532632
1773773062056,0.0878906,-0.217285,0.98877,0.000532632,-0.000532632,-0.00106526
1773773062137,0.0864258,-0.219727,0.987793,0,-0.00106526,0
1773773062207,0.0898438,-0.21875,0.98877,0,-0.000532632,-0.000532632
1773773062288,0.0874023,-0.218262,0.989258,0,-0.00106526,0.00106526
1773773062368,0.0874023,-0.218262,0.988281,0,-0.000532632,0.0015979
1773773062439,0.0883789,-0.216797,0.98877,0.00106526,0,0.000532632
1773773062519,0.0874023,-0.219238,0.986328,0.000532632,-0.000532632,0.000532632
1773773062600,0.0878906,-0.218262,0.988281,0,-0.000532632,-0.000532632
1773773062670,0.0864258,-0.219727,0.987793,0,-0.0015979,0
1773773062751,0.0874023,-0.220215,0.987305,-0.00106526,-0.000532632,-0.000532632
1773773062831,0.0859375,-0.218262,0.986816,0.000532632,0,0
1773773062902,0.0859375,-0.21875,0.987793,0,-0.000532632,-0.000532632
1773773062982,0.0883789,-0.219727,0.988281,-0.000532632,-0.000532632,-0.0015979
1773773063063,0.0878906,-0.217773,0.988281,-0.000532632,-0.00106526,-0.000532632
1773773063133,0.0864258,-0.218262,0.986816,-0.000532632,-0.00106526,0
1773773063214,0.0888672,-0.219238,0.989258,0.000532632,-0.000532632,-0.000532632
1773773063285,0.0864258,-0.21875,0.986328,0,-0.000532632,-0.00106526
1773773063365,0.0864258,-0.217773,0.989746,0.000532632,-0.000532632,0.00106526
1773773063446,0.0854492,-0.220215,0.987793,0.000532632,0,0
1773773063516,0.0859375,-0.219727,0.986816,0,-0.000532632,0.00106526
1773773063597,0.0874023,-0.21875,0.989258,0.00106526,-0.000532632,0.00106526
1773773063677,0.0874023,-0.219238,0.987305,0.000532632,-0.000532632,0
1773773063748,0.0869141,-0.216797,0.98877,0.00106526,-0.00106526,0.000532632
1773773063829,0.0874023,-0.218262,0.98877,0,-0.000532632,0
1773773063909,0.0869141,-0.218262,0.989746,0,0.000532632,-0.000532632
1773773063980,0.0878906,-0.21875,0.987793,0,-0.000532632,0.00106526
1773773064060,0.0869141,-0.21875,0.987793,0.0015979,-0.000532632,-0.000532632
1773773064141,0.0888672,-0.219238,0.987793,0.000532632,-0.0015979,0.000532632
1773773064211,0.0874023,-0.219238,0.986328,0.00106526,-0.00106526,0
1773773064292,0.0883789,-0.218262,0.987793,0,0,-0.000532632
1773773064373,0.0864258,-0.217773,0.987305,-0.000532632,-0.000532632,-0.000532632
1773773064443,0.0869141,-0.218262,0.987793,0.000532632,-0.00106526,-0.000532632
1773773064523,0.0883789,-0.219727,0.987305,0,-0.000532632,0
1773773064594,0.0869141,-0.219238,0.987793,-0.000532632,-0.000532632,-0.000532632
1773773064675,0.0864258,-0.219727,0.987793,0,0,0.000532632
1773773064755,0.0859375,-0.219238,0.987305,0.00106526,0.000532632,0
1773773064826,0.0859375,-0.220215,0.987305,0,0.000532632,0.000532632
1773773064906,0.0864258,-0.219238,0.986816,0,0,0
1773773064987,0.0869141,-0.21875,0.987793,0,-0.00106526,-0.000532632
1773773065057,0.0869141,-0.218262,0.988281,0,-0.000532632,0
1773773065138,0.0864258,-0.216797,0.98877,0,-0.000532632,-0.000532632
1773773065218,0.0878906,-0.218262,0.98584,0,-0.00106526,-0.000532632
1773773065289,0.0864258,-0.218262,0.987793,0,0.000532632,-0.000532632
1773773065370,0.0859375,-0.220703,0.989258,0.000532632,-0.00106526,-0.00106526
1773773065450,0.0878906,-0.220703,0.989746,0,-0.000532632,0.000532632
1773773065520,0.0878906,-0.217285,0.988281,0.000532632,0,0.000532632
1773773065601,0.0874023,-0.21875,0.986816,0.000532632,0,0
1773773065681,0.0874023,-0.219727,0.987305,0.00106526,-0.000532632,-0.000532632
1773773065752,0.0874023,-0.217773,0.988281,0,-0.000532632,0.000532632
1773773065832,0.0869141,-0.219727,0.987305,0,0,-0.000532632
1773773065903,0.0878906,-0.219238,0.986816,0,0,0
1773773065984,0.0854492,-0.220703,0.987793,-0.00106526,0,-0.000532632
1773773066064,0.0874023,-0.220215,0.985352,-0.000532632,0,-0.00106526
1773773066135,0.0878906,-0.218262,0.987793,0,-0.00106526,0.000532632
1773773066215,0.0854492,-0.216797,0.988281,0.00106526,-0.000532632,0.000532632
1773773066296,0.0878906,-0.219727,0.987793,0.000532632,-0.00106526,0
1773773066366,0.0874023,-0.218262,0.988281,0.00106526,-0.0015979,-0.000532632
1773773066447,0.0859375,-0.21875,0.987305,0.000532632,0.000532632,0
1773773066527,0.0874023,-0.217773,0.988281,-0.00106526,-0.00106526,0.00106526
1773773066598,0.0878906,-0.219238,0.987305,0,-0.000532632,0.000532632
1773773066678,0.0883789,-0.21875,0.98877,0,-0.00106526,0
1773773066759,0.0859375,-0.216309,0.987793,0,-0.000532632,-0.00106526
1773773066829,0.0859375,-0.219238,0.986816,0,0.000532632,-0.000532632
1773773066910,0.0864258,-0.218262,0.986816,0.00106526,-0.00106526,0.00106526
1773773066990,0.0883789,-0.220215,0.987305,-0.000532632,0.000532632,0.000532632
1773773067061,0.0878906,-0.217285,0.987793,0.000532632,-0.0015979,0
1773773067142,0.0864258,-0.219238,0.988281,-0.000532632,0,0
1773773067212,0.0874023,-0.21875,0.989746,0,0,0
1773773067293,0.0898438,-0.21875,0.987793,0,-0.000532632,0
1773773067373,0.0869141,-0.218262,0.986816,0,0,0
1773773067444,0.0874023,-0.219238,0.986816,0.000532632,0,0
1773773067524,0.0854492,-0.21875,0.987793,0.00106526,-0.000532632,-0.000532632
1773773067605,0.0864258,-0.219238,0.987305,0.000532632,-0.00106526,0
1773773067675,0.0869141,-0.219727,0.987305,0.000532632,0,-0.000532632
1773773067756,0.0883789,-0.219238,0.986816,-0.000532632,0.000532632,0
1773773067836,0.0874023,-0.219238,0.991211,0.000532632,0.000532632,0
1773773067907,0.0869141,-0.218262,0.986816,-0.000532632,0,0
1773773067987,0.0854492,-0.220703,0.988281,-0.000532632,-0.000532632,-0.00106526
1773773068068,0.0859375,-0.220215,0.987793,0,-0.000532632,0.000532632
1773773068138,0.0883789,-0.217773,0.989746,0.000532632,-0.000532632,0
1773773068219,0.0854492,-0.219238,0.989258,0.000532632,0.000532632,-0.000532632
1773773068299,0.0883789,-0.217285,0.986328,0,0,0.00106526
1773773068370,0.0878906,-0.218262,0.987793,0,0,0
1773773068451,0.0859375,-0.218262,0.987305,0.000532632,0,-0.000532632
1773773068521,0.0869141,-0.218262,0.98877,-0.000532632,0.000532632,0.000532632
1773773068602,0.0878906,-0.21875,0.98877,-0.000532632,-0.00106526,0
1773773068682,0.0874023,-0.220215,0.989258,-0.000532632,-0.00106526,-0.000532632
1773773068753,0.0874023,-0.219727,0.98877,0.000532632,-0.00106526,0.00106526
1773773068833,0.0874023,-0.21875,0.989258,0,0.000532632,0
1773773068914,0.0874023,-0.217285,0.987305,-0.00106526,-0.00106526,-0.000532632
1773773068984,0.0878906,-0.218262,0.98877,0,0.000532632,-0.00106526
1773773069065,0.0849609,-0.219727,0.98584,0,-0.000532632,-0.000532632
1773773069145,0.0849609,-0.219238,0.987305,0.00106526,-0.00106526,-0.00106526
1773773069216,0.0874023,-0.21875,0.987305,-0.000532632,-0.000532632,-0.00106526
1773773069296,0.0859375,-0.218262,0.987793,0.000532632,-0.000532632,-0.000532632
1773773069377,0.0869141,-0.217773,0.986816,0,-0.000532632,-0.000532632
1773773069447,0.0864258,-0.219238,0.988281,0.000532632,-0.000532632,0.000532632
1773773069528,0.0874023,-0.218262,0.988281,-0.0015979,-0.000532632,-0.000532632
1773773069599,0.0874023,-0.218262,0.98877,0,-0.00106526,-0.00106526
1773773069679,0.0883789,-0.219238,0.986816,-0.000532632,0,-0.000532632
1773773069760,0.0869141,-0.220215,0.988281,0,0.000532632,0
1773773069830,0.0878906,-0.216797,0.987793,0,0,0
1773773069911,0.0869141,-0.219727,0.98877,-0.000532632,-0.000532632,-0.000532632
1773773069991,0.0854492,-0.218262,0.98877,0.000532632,0,0
1773773070062,0.0869141,-0.21875,0.98877,0,0,0.00106526
1773773070142,0.0864258,-0.219727,0.986328,0.00106526,-0.000532632,0.00106526
1773773070223,0.0878906,-0.218262,0.987305,0.000532632,-0.000532632,0
1773773070293,0.0878906,-0.218262,0.987793,0,0.000532632,0.000532632
1773773070374,0.0859375,-0.21875,0.98877,-0.000532632,0,-0.000532632
1773773070455,0.0849609,-0.217773,0.988281,0,0.000532632,0
1773773070525,0.0883789,-0.219727,0.989746,0.00106526,0,0
1773773070605,0.0854492,-0.217773,0.986328,0.00106526,-0.0015979,0
1773773070686,0.0878906,-0.21875,0.987793,0.000532632,0,0
1773773070756,0.0864258,-0.220703,0.987305,-0.00106526,-0.000532632,0.000532632
1773773070837,0.0869141,-0.21875,0.989746,0.00106526,0,-0.000532632
1773773070907,0.0864258,-0.218262,0.986816,0.000532632,-0.00106526,0.00106526
1773773070988,0.0888672,-0.220215,0.98877,-0.000532632,-0.00106526,0.000532632
1773773071069,0.0859375,-0.218262,0.989746,-0.0015979,0,0.00106526
1773773071139,0.0869141,-0.219238,0.98584,-0.000532632,-0.000532632,0.000532632
1773773071220,0.0864258,-0.217285,0.98877,-0.000532632,0,0
1773773071300,0.0864258,-0.21875,0.989258,0,0.000532632,-0.000532632
1773773071372,0.0874023,-0.219238,0.989746,-0.000532632,-0.000532632,0
1773773071451,0.0874023,-0.21875,0.986816,0,-0.00106526,0
1773773071532,0.0869141,-0.21875,0.988281,0.000532632,-0.000532632,0
1773773071602,0.0864258,-0.21875,0.988281,-0.000532632,0.000532632,0
1773773071683,0.0878906,-0.220215,0.986328,-0.00106526,-0.00106526,-0.000532632
1773773071763,0.0878906,-0.220215,0.987305,-0.00106526,-0.00106526,0
1773773071834,0.0898438,-0.219238,0.986328,0,-0.000532632,0.00106526
1773773071915,0.0878906,-0.21875,0.986328,-0.000532632,-0.00106526,0
1773773071995,0.0874023,-0.218262,0.98877,-0.000532632,-0.000532632,0.000532632
1773773072065,0.0883789,-0.219238,0.988281,0,0,0
1773773072146,0.090332,-0.21875,0.989746,-0.000532632,0,0.00106526
1773773072216,0.0878906,-0.21875,0.987793,0,0,-0.00106526
1773773072297,0.0859375,-0.220703,0.986816,0,0,0
1773773072378,0.0869141,-0.219238,0.987305,-0.000532632,-0.000532632,0
1773773072448,0.0864258,-0.219727,0.986816,-0.00106526,0,0
1773773072529,0.0874023,-0.218262,0.986816,0,0,0.000532632
1773773072609,0.0864258,-0.219238,0.988281,0,-0.00106526,0.000532632
1773773072680,0.0859375,-0.220215,0.988281,-0.000532632,0.000532632,-0.000532632
1773773072761,0.0864258,-0.216309,0.988281,0,-0.000532632,0
1773773072841,0.0883789,-0.219727,0.986328,-0.000532632,0,-0.00106526
1773773072912,0.0869141,-0.217285,0.98877,0.000532632,-0.00106526,-0.000532632
1773773072992,0.0864258,-0.21875,0.989258,-0.000532632,-0.000532632,0
1773773073073,0.0859375,-0.216797,0.98877,-0.00106526,0.00106526,-0.000532632
1773773073143,0.0878906,-0.219238,0.988281,-0.000532632,-0.00106526,-0.000532632
1773773073224,0.0869141,-0.219727,0.987305,0.000532632,-0.000532632,0.000532632
1773773073294,0.0878906,-0.220215,0.987305,-0.000532632,-0.000532632,-0.000532632
1773773073375,0.0864258,-0.22168,0.986328,0,0,0.000532632
1773773073455,0.0874023,-0.219238,0.987793,0,0.000532632,0.000532632
1773773073526,0.0869141,-0.218262,0.987793,0,0,-0.000532632
1773773073606,0.0874023,-0.21875,0.987305,0.000532632,0.00106526,-0.000532632
1773773073687,0.0864258,-0.217773,0.987305,0,0,0.00106526
1773773073757,0.0874023,-0.218262,0.987305,-0.000532632,-0.000532632,0
1773773073838,0.0883789,-0.217773,0.98877,0.00106526,-0.0015979,0.000532632
1773773073919,0.0874023,-0.217773,0.987793,0.000532632,0,0
1773773073990,0.0859375,-0.220215,0.98877,0,0,-0.00106526
1773773074069,0.0869141,-0.217285,0.98877,0.000532632,-0.00106526,0
1773773074150,0.0874023,-0.217773,0.988281,-0.00106526,-0.000532632,0
1773773074220,0.0869141,-0.218262,0.98877,0,-0.00106526,-0.000532632
1773773074301,0.0874023,-0.217773,0.98877,0,-0.000532632,0
1773773074372,0.0869141,-0.217773,0.986816,-0.000532632,0,0.000532632
1773773074453,0.0883789,-0.219238,0.989258,0,-0.00106526,0.000532632
1773773074534,0.0883789,-0.219238,0.987793,0.0015979,0,-0.000532632
1773773074604,0.0878906,-0.217285,0.987305,0,-0.0015979,0.000532632
1773773074685,0.0874023,-0.216309,0.98877,-0.000532632,-0.000532632,0
1773773074765,0.0869141,-0.220215,0.987793,0.000532632,-0.00106526,0
1773773074836,0.0874023,-0.21875,0.986816,-0.000532632,-0.000532632,0.00106526
1773773074916,0.0864258,-0.21875,0.989746,0,-0.000532632,0.000532632
1773773074997,0.0878906,-0.217773,0.986328,-0.000532632,0,-0.00106526
1773773075067,0.0869141,-0.219727,0.988281,0.00106526,-0.000532632,-0.000532632
1773773075148,0.0859375,-0.219238,0.987793,0,-0.000532632,0.000532632
1773773075228,0.0878906,-0.219238,0.986816,-0.000532632,0,-0.00106526
1773773075299,0.0883789,-0.219727,0.988281,-0.000532632,0,0
1773773075380,0.0878906,-0.218262,0.989258,0.000532632,-0.000532632,0.000532632
1773773075450,0.0869141,-0.220215,0.986328,0.000532632,-0.00106526,-0.000532632
1773773075531,0.0864258,-0.21875,0.988281,0,-0.000532632,-0.000532632
1773773075612,0.0869141,-0.217773,0.988281,0.00106526,-0.000532632,0
1773773075682,0.0859375,-0.22168,0.990234,-0.00106526,0.00106526,-0.000532632
1773773075763,0.0849609,-0.220215,0.98877,-0.000532632,0,0
1773773075843,0.0869141,-0.218262,0.987305,-0.000532632,-0.00106526,0.00106526
1773773075915,0.0854492,-0.220703,0.986328,0.00106526,0,-0.00106526
1773773075994,0.0864258,-0.220703,0.988281,0,-0.00106526,0.000532632
1773773076075,0.0864258,-0.218262,0.987793,0.000532632,0,0
1773773076145,0.0878906,-0.219238,0.987305,0,-0.000532632,0
1773773076226,0.0859375,-0.216797,0.989258,-0.000532632,-0.000532632,0
1773773076306,0.0859375,-0.21875,0.987793,0,-0.000532632,0
1773773076377,0.0878906,-0.218262,0.987305,-0.000532632,-0.00106526,0.000532632
1773773076457,0.0874023,-0.216309,0.98877,0,-0.000532632,0.000532632
1773773076538,0.0869141,-0.217285,0.988281,0.000532632,-0.000532632,0.000532632
1773773076608,0.0844727,-0.218262,0.986816,-0.00106526,0,-0.000532632
1773773076689,0.0874023,-0.219238,0.987305,-0.00106526,-0.000532632,0
1773773076761,0.0864258,-0.21875,0.989258,0.00106526,0,-0.000532632
1773773076840,0.0874023,-0.218262,0.987793,0.000532632,-0.000532632,0
1773773076920,0.0874023,-0.219238,0.987793,-0.000532632,0,0.000532632
1773773076991,0.0869141,-0.216797,0.987793,0,-0.000532632,0
1773773077072,0.0864258,-0.218262,0.989258,0.000532632,-0.00106526,-0.00106526
1773773077152,0.0854492,-0.219727,0.987305,-0.000532632,0,-0.000532632
1773773077223,0.0864258,-0.216797,0.987793,0.000532632,-0.000532632,0
1773773077303,0.0878906,-0.21875,0.987305,0.00106526,0,0
1773773077384,0.0878906,-0.219727,0.988281,-0.000532632,-0.00106526,0
1773773077455,0.0869141,-0.219727,0.98877,0.000532632,-0.0015979,-0.000532632
1773773077535,0.0874023,-0.217773,0.988281,0,-0.000532632,0
1773773077616,0.0874023,-0.21875,0.98877,-0.000532632,0,0
1773773077686,0.0878906,-0.217773,0.987305,0,-0.0015979,-0.000532632
1773773077767,0.0874023,-0.21875,0.987305,0.000532632,0,-0.000532632
1773773077837,0.0864258,-0.217773,0.986816,-0.000532632,-0.00106526,0.000532632
1773773077918,0.0869141,-0.220703,0.988281,0,-0.000532632,0.000532632
1773773077998,0.0874023,-0.21875,0.986816,0,0,0.000532632
1773773078069,0.0869141,-0.219727,0.986328,-0.000532632,-0.00106526,0
1773773078149,0.0869141,-0.217773,0.987793,0,-0.00106526,0
1773773078230,0.0869141,-0.218262,0.989746,0,-0.000532632,-0.000532632
1773773078300,0.0874023,-0.219727,0.988281,0,-0.000532632,0
1773773078381,0.0878906,-0.217773,0.987305,0.000532632,-0.000532632,0
1773773078461,0.0869141,-0.219238,0.987305,-0.000532632,-0.00106526,0
1773773078532,0.0864258,-0.217773,0.98877,-0.00106526,-0.000532632,0.000532632
1773773078612,0.0878906,-0.220215,0.987793,0,-0.000532632,0
1773773078693,0.0878906,-0.219727,0.988281,0.000532632,0,0.00106526
1773773078763,0.0864258,-0.21875,0.990234,-0.000532632,0,0.000532632
1773773078844,0.0869141,-0.220215,0.987305,0,0,0
1773773078924,0.0864258,-0.21875,0.989258,-0.00106526,-0.00106526,-0.000532632
1773773078995,0.0888672,-0.21875,0.989746,0,-0.00106526,-0.000532632
1773773079076,0.0893555,-0.217285,0.98877,-0.000532632,-0.00106526,0
1773773079146,0.0874023,-0.219238,0.988281,0.000532632,-0.000532632,0.000532632
1773773079227,0.0869141,-0.22168,0.986328,-0.00106526,-0.0015979,0.000532632
1773773079307,0.0869141,-0.219238,0.986328,-0.000532632,0,0.000532632
1773773079378,0.0874023,-0.218262,0.986328,0.000532632,0,0
1773773079458,0.0869141,-0.217773,0.98877,0,0.000532632,0.00106526
1773773079539,0.0878906,-0.219727,0.98877,0,-0.000532632,-0.00106526
1773773079609,0.0878906,-0.220215,0.986816,-0.000532632,-0.00106526,0
1773773079690,0.0874023,-0.219238,0.98877,-0.000532632,-0.000532632,0.000532632
1773773079770,0.0888672,-0.218262,0.988281,0,0,0
1773773079841,0.0883789,-0.219727,0.98877,0,-0.00106526,0
1773773079921,0.0854492,-0.21875,0.987793,0.000532632,0,-0.000532632
1773773080002,0.0869141,-0.217285,0.989258,0,-0.000532632,0.000532632
1773773080072,0.0859375,-0.217285,0.98877,0.000532632,0,0.000532632
1773773080153,0.0874023,-0.21875,0.989746,0.000532632,-0.000532632,0
1773773080233,0.0859375,-0.219727,0.987793,-0.000532632,-0.00106526,0
1773773080304,0.0859375,-0.219238,0.987793,0,-0.000532632,0
1773773080385,0.0864258,-0.219727,0.989746,0.000532632,0,0.000532632
1773773080455,0.0849609,-0.219238,0.986816,-0.000532632,-0.000532632,0.000532632
1773773080536,0.0874023,-0.21875,0.986816,0,0.00106526,0
1773773080617,0.0878906,-0.21875,0.986816,0.000532632,-0.000532632,0.00106526
1773773080687,0.0878906,-0.219238,0.990723,0.000532632,-0.000532632,0
1773773080767,0.0898438,-0.217773,0.987793,-0.00106526,-0.0015979,0.000532632
1773773080848,0.0888672,-0.217773,0.989258,0,0,-0.000532632
1773773080918,0.0874023,-0.220703,0.987793,0,-0.000532632,-0.00106526
1773773080999,0.0864258,-0.21875,0.988281,-0.000532632,0,0.00106526
1773773081079,0.0849609,-0.217773,0.988281,0,-0.000532632,0
1773773081150,0.0869141,-0.219727,0.987793,-0.00106526,-0.00106526,0.000532632
1773773081230,0.0864258,-0.21875,0.986816,0.000532632,-0.000532632,0.000532632
1773773081311,0.0869141,-0.219238,0.988281,-0.000532632,-0.00106526,0.000532632
1773773081382,0.0874023,-0.219238,0.986328,0,-0.00106526,-0.000532632
1773773081462,0.0859375,-0.218262,0.98877,0,0,-0.000532632
1773773081543,0.0864258,-0.218262,0.986328,-0.000532632,0.000532632,0.000532632
1773773081613,0.0874023,-0.220215,0.988281,0,-0.00106526,-0.000532632
1773773081694,0.0859375,-0.220703,0.987305,-0.00106526,-0.000532632,0
1773773081764,0.0878906,-0.220215,0.986816,0,0,-0.000532632
1773773081845,0.0864258,-0.217773,0.986328,0,-0.00106526,0
1773773081926,0.0849609,-0.21875,0.988281,0.000532632,0.000532632,0
1773773081996,0.0869141,-0.21875,0.987793,0,0,0
1773773082077,0.0854492,-0.220215,0.98877,0,-0.000532632,-0.000532632
1773773082157,0.0849609,-0.218262,0.988281,0,0,0
1773773082228,0.0864258,-0.216797,0.988281,0,-0.000532632,0
1773773082308,0.0844727,-0.217285,0.988281,0,-0.000532632,-0.00106526
1773773082389,0.0878906,-0.21875,0.987793,-0.000532632,0,0
1773773082459,0.0849609,-0.220215,0.984863,0.000532632,0,0.000532632
1773773082540,0.0878906,-0.21875,0.987305,0.000532632,-0.000532632,0
1773773082620,0.0869141,-0.218262,0.987793,0.000532632,-0.00106526,0
1773773082691,0.0888672,-0.219238,0.986328,-0.000532632,0,0
1773773082771,0.0864258,-0.220703,0.986328,0.000532632,-0.00106526,0.000532632
1773773082842,0.0893555,-0.217285,0.989258,-0.000532632,-0.000532632,-0.00106526
1773773082923,0.0869141,-0.220215,0.988281,-0.00106526,-0.000532632,-0.00106526
1773773083003,0.0859375,-0.220215,0.986816,0.000532632,-0.000532632,-0.0015979
1773773083074,0.0878906,-0.219238,0.987305,0,-0.00106526,-0.000532632
1773773083154,0.0869141,-0.219238,0.987793,0,0,-0.000532632
1773773083235,0.0893555,-0.218262,0.987305,-0.000532632,-0.00106526,-0.000532632
1773773083305,0.0864258,-0.219727,0.98877,-0.000532632,0,-0.000532632
1773773083387,0.0864258,-0.219238,0.987793,-0.000532632,-0.00106526,0
1773773083466,0.0864258,-0.21875,0.989258,-0.000532632,0,-0.000532632
1773773083538,0.0849609,-0.218262,0.98877,0.000532632,-0.00106526,-0.000532632
1773773083617,0.0883789,-0.217285,0.988281,-0.000532632,0.00106526,-0.000532632
1773773083698,0.0859375,-0.220703,0.989258,0,-0.00106526,-0.000532632
1773773083768,0.0883789,-0.219727,0.987305,-0.000532632,0,0
1773773083849,0.0888672,-0.21875,0.988281,0,-0.00106526,0
1773773083929,0.0878906,-0.220215,0.987793,0.000532632,-0.000532632,0
1773773084000,0.0874023,-0.216797,0.988281,0,-0.000532632,0
1773773084080,0.0874023,-0.216797,0.990234,-0.000532632,-0.000532632,0
1773773084151,0.0878906,-0.217285,0.98877,0,-0.000532632,-0.000532632
1773773084232,0.0883789,-0.218262,0.98877,0,-0.000532632,-0.000532632
1773773084312,0.0888672,-0.21875,0.991211,0,-0.00106526,0
1773773084383,0.0869141,-0.216797,0.986816,0.000532632,0,0
1773773084463,0.0883789,-0.21875,0.989258,0.00106526,0,-0.000532632
1773773084544,0.0869141,-0.218262,0.98877,0.000532632,-0.000532632,0.000532632
1773773084614,0.0874023,-0.218262,0.98877,-0.000532632,-0.0015979,0
1773773084695,0.0874023,-0.220703,0.986816,0.000532632,-0.000532632,0.000532632
1773773084775,0.0864258,-0.21875,0.988281,0,-0.000532632,0.000532632
1773773084846,0.0874023,-0.221191,0.989258,0.000532632,0,-0.000532632
1773773084926,0.0878906,-0.216797,0.988281,0.000532632,0,-0.0015979
1773773085007,0.0888672,-0.21875,0.987793,0.00106526,0,-0.000532632
1773773085077,0.0874023,-0.216309,0.989746,-0.000532632,-0.000532632,0.000532632
1773773085158,0.0849609,-0.217773,0.989258,0.000532632,0,0
1773773085238,0.0878906,-0.217773,0.987793,0,-0.000532632,-0.000532632
1773773085309,0.0878906,-0.217773,0.989746,-0.000532632,-0.000532632,0
1773773085390,0.0878906,-0.21875,0.987793,0.000532632,-0.00106526,0
1773773085460,0.0869141,-0.220215,0.986328,0,0,0
1773773085541,0.0874023,-0.219238,0.986328,0.000532632,-0.000532632,0.000532632
1773773085622,0.0874023,-0.218262,0.989258,0.000532632,-0.00106526,0.000532632
1773773085692,0.0869141,-0.218262,0.988281,0,-0.00106526,0.0015979
1773773085773,0.0874023,-0.218262,0.989746,0.00106526,-0.000532632,0.00106526
1773773085853,0.0864258,-0.216309,0.987793,0,-0.0015979,0.00106526
1773773085924,0.0864258,-0.217773,0.990723,-0.000532632,0,-0.000532632
1773773086004,0.0878906,-0.219727,0.987305,-0.00106526,0,0.000532632
1773773086075,0.0869141,-0.216309,0.987305,0,-0.00106526,-0.000532632
1773773086155,0.0878906,-0.215332,0.986816,0,-0.000532632,0
1773773086236,0.0864258,-0.219727,0.988281,-0.000532632,-0.00106526,0.000532632
1773773086316,0.0878906,-0.21875,0.987793,-0.000532632,0.000532632,-0.00106526
1773773086387,0.0849609,-0.219727,0.987305,-0.000532632,-0.00106526,0.000532632
1773773086467,0.0888672,-0.217773,0.985352,-0.000532632,-0.000532632,0.000532632
1773773086538,0.0878906,-0.219238,0.988281,0.000532632,-0.000532632,0.000532632
1773773086618,0.0869141,-0.21875,0.986328,0,-0.000532632,0
1773773086699,0.0908203,-0.218262,0.989258,0,-0.000532632,0.000532632
1773773086769,0.0888672,-0.21875,0.986816,0.00106526,0,-0.000532632
1773773086850,0.0859375,-0.217773,0.986328,0,-0.00106526,0.000532632
1773773086931,0.0878906,-0.219727,0.986328,0,0,0
1773773087001,0.0864258,-0.219727,0.987793,0.00106526,0,0.00106526
1773773087081,0.0883789,-0.21875,0.98877,0,-0.00106526,0
1773773087162,0.0864258,-0.218262,0.987305,-0.000532632,-0.000532632,-0.00106526
1773773087232,0.0883789,-0.217773,0.987793,-0.000532632,-0.000532632,0.00106526
1773773087313,0.0874023,-0.218262,0.987305,0,-0.00106526,0.00106526
1773773087394,0.0888672,-0.21875,0.987793,0.000532632,-0.000532632,-0.00106526
1773773087464,0.0874023,-0.219727,0.987305,0,-0.000532632,0
1773773087545,0.0859375,-0.218262,0.987793,0,-0.000532632,-0.000532632
1773773087625,0.0874023,-0.219238,0.986816,0,0,-0.000532632
1773773087696,0.0878906,-0.217773,0.987305,0.000532632,0,-0.000532632
1773773087776,0.0883789,-0.219238,0.988281,0,0,0
1773773087847,0.0859375,-0.218262,0.986816,0.00106526,-0.00106526,0
1773773087927,0.0864258,-0.216309,0.986328,-0.000532632,0,0.000532632
1773773088008,0.0869141,-0.219238,0.986328,-0.00106526,-0.0015979,0.000532632
1773773088078,0.0864258,-0.219727,0.986816,0,0,-0.000532632
1773773088159,0.0878906,-0.220215,0.98877,-0.000532632,0.000532632,0.000532632
1773773088239,0.0874023,-0.21875,0.988281,0,-0.00106526,0
1773773088310,0.0869141,-0.217773,0.98584,-0.000532632,0,0
1773773088391,0.0869141,-0.219727,0.987305,0,-0.00106526,0
1773773088471,0.0878906,-0.220215,0.989258,0.000532632,0,0
1773773088542,0.0859375,-0.220215,0.986816,0,-0.00106526,0.000532632
1773773088622,0.0869141,-0.222168,0.988281,0,-0.000532632,-0.000532632
1773773088703,0.0869141,-0.218262,0.986816,-0.00106526,-0.00106526,-0.000532632
1773773088773,0.0883789,-0.220215,0.985352,0.000532632,0,0.000532632
1773773088854,0.0849609,-0.21875,0.98877,0.000532632,-0.0015979,0
1773773088924,0.0878906,-0.220703,0.987305,0.000532632,-0.00106526,0.000532632
1773773089005,0.0888672,-0.220215,0.98877,0.0015979,-0.000532632,-0.000532632
1773773089086,0.0864258,-0.221191,0.98584,0.000532632,-0.000532632,0
1773773089156,0.0869141,-0.21582,0.989258,-0.000532632,-0.00106526,0
1773773089237,0.0878906,-0.218262,0.987305,0.00106526,-0.000532632,0
1773773089317,0.0874023,-0.217773,0.986328,0.000532632,-0.000532632,0.000532632
1773773089388,0.0864258,-0.220215,0.987305,0,0.000532632,0.000532632
1773773089468,0.0878906,-0.219238,0.986816,0.000532632,0,0
1773773089550,0.0874023,-0.219727,0.98584,0.000532632,-0.000532632,0.000532632
1773773089619,0.0874023,-0.22168,0.987305,-0.000532632,0,-0.000532632
1773773089700,0.0883789,-0.218262,0.988281,-0.000532632,0,0
1773773089781,0.0883789,-0.219238,0.987305,0.000532632,0,-0.000532632
1773773089851,0.0854492,-0.219238,0.987793,0.000532632,0,0
1773773089932,0.0878906,-0.21875,0.987793,0,-0.000532632,0
1773773090012,0.0859375,-0.219727,0.986816,-0.000532632,-0.000532632,0
1773773090083,0.0864258,-0.220215,0.986328,0,0,0
1773773090163,0.0844727,-0.218262,0.987793,-0.00106526,-0.00106526,0
1773773090234,0.0874023,-0.217285,0.987793,0,-0.000532632,-0.000532632
1773773090314,0.0839844,-0.219238,0.987305,0.000532632,-0.000532632,0.000532632
1773773090396,0.0869141,-0.219727,0.987305,-0.000532632,0.000532632,0.000532632
1773773090465,0.0878906,-0.219727,0.988281,0.000532632,-0.000532632,-0.000532632
1773773090546,0.0878906,-0.218262,0.989258,-0.000532632,-0.000532632,0
1773773090626,0.0883789,-0.218262,0.989746,0.000532632,-0.000532632,0
1773773090697,0.0864258,-0.219727,0.988281,0,-0.000532632,0
1773773090778,0.0864258,-0.219727,0.988281,-0.000532632,0,0.000532632
1773773090858,0.0869141,-0.218262,0.988281,0,0,0.000532632
1773773090929,0.0854492,-0.218262,0.986816,-0.00106526,0,-0.00106526
1773773091009,0.0864258,-0.21875,0.987793,-0.000532632,-0.000532632,-0.000532632
1773773091090,0.0864258,-0.219238,0.989258,0,0,0.000532632
1773773091160,0.0874023,-0.219727,0.98877,-0.000532632,-0.00106526,0.000532632
1773773091241,0.0849609,-0.219238,0.988281,0.000532632,-0.000532632,0
1773773091311,0.0888672,-0.219238,0.989258,0,0,0
1773773091392,0.0878906,-0.219727,0.989746,0,0.000532632,0
1773773091473,0.0869141,-0.21875,0.987305,0.000532632,-0.000532632,0
1773773091543,0.0844727,-0.219727,0.986816,0.000532632,-0.000532632,0
1773773091624,0.0893555,-0.218262,0.988281,0,-0.00106526,-0.00106526
1773773091704,0.0874023,-0.218262,0.989746,0,-0.000532632,-0.000532632
1773773091775,0.0874023,-0.220215,0.987793,0.000532632,-0.000532632,-0.000532632
1773773091855,0.0869141,-0.220703,0.987793,-0.000532632,-0.00106526,0
1773773091936,0.0864258,-0.219238,0.986816,0.00106526,0,0.000532632
1773773092006,0.0888672,-0.218262,0.986816,0.00106526,-0.000532632,0.00106526
1773773092087,0.0864258,-0.219238,0.98877,0,-0.000532632,-0.000532632
1773773092167,0.0874023,-0.217285,0.988281,-0.000532632,-0.000532632,0.000532632
1773773092238,0.0864258,-0.219727,0.987305,-0.000532632,0,0
1773773092318,0.0874023,-0.219727,0.987793,0,0,0
1773773092389,0.0854492,-0.217773,0.986328,-0.000532632,-0.00106526,0
1773773092469,0.0854492,-0.21875,0.988281,0,0,-0.000532632
1773773092550,0.0859375,-0.218262,0.98584,0,-0.000532632,0.000532632
1773773092621,0.0883789,-0.217773,0.988281,0,-0.00106526,0
1773773092701,0.0869141,-0.21875,0.986816,0.000532632,0,-0.00106526
1773773092782,0.0859375,-0.21875,0.988281,0.000532632,-0.000532632,0.0015979
1773773092852,0.0864258,-0.219238,0.987793,0.000532632,-0.000532632,0
1773773092933,0.0874023,-0.219727,0.986816,0.000532632,-0.000532632,-0.000532632
1773773093013,0.0859375,-0.219238,0.989258,0,0.000532632,0
1773773093084,0.0869141,-0.220215,0.986816,-0.000532632,-0.000532632,0.000532632
1773773093164,0.0844727,-0.216797,0.987793,0.000532632,-0.000532632,0.000532632
1773773093245,0.0839844,-0.217773,0.98877,0.000532632,-0.00106526,0
1773773093315,0.0864258,-0.219727,0.986816,0,-0.000532632,0.00106526
1773773093396,0.0864258,-0.219727,0.986328,-0.000532632,0.000532632,0
1773773093476,0.0883789,-0.219238,0.986816,0.000532632,0,0.000532632
1773773093547,0.0878906,-0.21875,0.986816,-0.000532632,0,-0.000532632
1773773093627,0.0874023,-0.217773,0.987305,0,-0.000532632,-0.000532632
1773773093698,0.0874023,-0.218262,0.987305,0.000532632,-0.000532632,0
1773773093779,0.0888672,-0.217773,0.989258,0,-0.000532632,0.00106526
1773773093860,0.0874023,-0.218262,0.98877,-0.000532632,-0.00106526,-0.000532632
1773773093930,0.0864258,-0.219727,0.989746,0.000532632,-0.000532632,0.0015979
1773773094011,0.0864258,-0.216797,0.98877,0.000532632,0,-0.00106526
1773773094092,0.0864258,-0.21875,0.98877,0.000532632,0,0
1773773094162,0.0874023,-0.217773,0.986328,0.000532632,0,-0.000532632
1773773094242,0.0883789,-0.21875,0.988281,0,0,0.000532632
1773773094323,0.0864258,-0.217773,0.98877,0.000532632,-0.000532632,-0.000532632
1773773094393,0.0874023,-0.218262,0.98584,0.000532632,0,0.000532632
1773773094474,0.0874023,-0.21875,0.987305,0.000532632,-0.0015979,0.00106526
1773773094555,0.0869141,-0.217285,0.988281,0.000532632,-0.0015979,0.000532632
1773773094625,0.0888672,-0.219238,0.987793,0.000532632,-0.00106526,0
1773773094707,0.0864258,-0.220703,0.988281,0.000532632,-0.000532632,0.00106526
1773773094786,0.0859375,-0.217285,0.988281,0.00106526,-0.000532632,0.000532632
1773773094857,0.0859375,-0.219727,0.989258,0,-0.0015979,0
1773773094937,0.0864258,-0.219238,0.987305,0,-0.000532632,0
1773773095008,0.0849609,-0.21875,0.988281,0,-0.00106526,0.00106526
1773773095088,0.0878906,-0.220215,0.987793,-0.00106526,-0.000532632,0
1773773095169,0.0883789,-0.218262,0.988281,0,-0.0015979,0.000532632
1773773095239,0.0888672,-0.219238,0.989258,-0.000532632,-0.000532632,0
1773773095320,0.0854492,-0.218262,0.987305,0.000532632,-0.000532632,-0.00106526
1773773095400,0.0864258,-0.21875,0.987793,0.000532632,-0.000532632,-0.00106526
1773773095471,0.0878906,-0.217773,0.986328,-0.000532632,-0.000532632,0.000532632
1773773095551,0.0854492,-0.220703,0.987793,0.00106526,-0.0015979,0
1773773095632,0.0859375,-0.220215,0.987793,0,-0.000532632,-0.000532632
1773773095702,0.0874023,-0.220215,0.987793,0,-0.0015979,0
1773773095783,0.0878906,-0.21875,0.988281,0.00106526,0,0.000532632
1773773095864,0.0864258,-0.223633,0.987793,-0.000532632,0,-0.0015979
1773773095934,0.0869141,-0.21875,0.989746,0,-0.00106526,-0.000532632
1773773096015,0.0883789,-0.217773,0.988281,0,-0.00106526,-0.00106526
1773773096095,0.0874023,-0.21875,0.98877,0.00106526,0,-0.00106526
1773773096166,0.0869141,-0.217773,0.988281,0,0,0.000532632
1773773096246,0.0874023,-0.215332,0.987305,-0.00106526,-0.000532632,0.000532632
1773773096317,0.0869141,-0.218262,0.989258,0,0,-0.000532632
1773773096398,0.0874023,-0.220215,0.990723,0,-0.00106526,0.000532632
1773773096479,0.0859375,-0.218262,0.990234,0.00106526,-0.000532632,0
1773773096549,0.0883789,-0.21875,0.98877,0,-0.000532632,0.000532632
1773773096630,0.0849609,-0.219727,0.987793,0,-0.000532632,-0.000532632
1773773096710,0.0883789,-0.217773,0.987305,0.000532632,-0.000532632,0
1773773096781,0.0869141,-0.219238,0.985352,-0.000532632,0,-0.000532632
1773773096862,0.0898438,-0.219727,0.987793,0,-0.000532632,0.000532632
1773773096942,0.0878906,-0.220215,0.987305,-0.000532632,0,-0.000532632
1773773097012,0.0869141,-0.217285,0.98877,0.000532632,-0.00106526,-0.000532632
1773773097093,0.0883789,-0.218262,0.988281,-0.00106526,-0.00106526,-0.000532632
1773773097163,0.0888672,-0.217773,0.987305,0,-0.000532632,0
1773773097244,0.0883789,-0.218262,0.986816,0,0,0
1773773097324,0.0874023,-0.219727,0.988281,0.000532632,0,-0.00106526
1773773097395,0.0874023,-0.220215,0.988281,0,0,0.000532632
1773773097476,0.0874023,-0.218262,0.986816,0,-0.00106526,-0.000532632
1773773097556,0.0883789,-0.220215,0.986816,0,-0.000532632,0.000532632
1773773097627,0.0878906,-0.21875,0.986816,0,-0.00106526,-0.000532632
1773773097707,0.0878906,-0.218262,0.988281,0,-0.000532632,0
1773773097788,0.0878906,-0.217285,0.988281,0,-0.000532632,-0.000532632
1773773097858,0.0874023,-0.220215,0.98877,-0.000532632,-0.00106526,-0.000532632
1773773097939,0.0859375,-0.21875,0.988281,0,-0.00106526,0.000532632
1773773098019,0.0893555,-0.216309,0.98877,-0.000532632,0,-0.0015979
1773773098090,0.0874023,-0.21875,0.98877,0,-0.0015979,-0.000532632
1773773098170,0.0888672,-0.21875,0.987305,-0.000532632,0.000532632,-0.000532632
1773773098241,0.0874023,-0.21875,0.987793,0,-0.000532632,-0.00106526
1773773098322,0.0878906,-0.218262,0.989258,0,-0.00106526,-0.000532632
1773773098402,0.0864258,-0.219238,0.98877,-0.00106526,0,-0.0015979
1773773098473,0.0864258,-0.218262,0.988281,0.000532632,0,-0.000532632
1773773098553,0.0854492,-0.219727,0.987793,0.00106526,-0.0015979,0.00106526
1773773098634,0.0874023,-0.219238,0.986328,0,-0.000532632,-0.00106526
1773773098704,0.0859375,-0.219238,0.986328,-0.00106526,-0.0015979,0.00106526
1773773098785,0.0869141,-0.219727,0.986816,0.000532632,0,0
1773773098866,0.0878906,-0.220215,0.987305,0.00106526,-0.000532632,-0.000532632
1773773098936,0.0869141,-0.217773,0.986328,0,-0.00106526,0
1773773099018,0.0874023,-0.220215,0.986816,-0.000532632,-0.00106526,0
1773773099097,0.0888672,-0.217773,0.986816,-0.0015979,-0.00106526,0
1773773099168,0.0859375,-0.218262,0.988281,0.000532632,0,-0.000532632
1773773099249,0.0859375,-0.216797,0.98584,0.000532632,0,0
1773773099329,0.0878906,-0.219238,0.986816,-0.000532632,-0.00106526,-0.000532632
1773773099399,0.0869141,-0.21875,0.986328,-0.000532632,-0.00106526,-0.000532632
1773773099480,0.0864258,-0.219727,0.987793,-0.00106526,-0.00106526,0.000532632
1773773099550,0.0874023,-0.21875,0.985352,-0.000532632,-0.00106526,0
1773773099631,0.0874023,-0.219238,0.985352,0.000532632,-0.0015979,0
1773773099711,0.0874023,-0.219727,0.988281,0,0,0.000532632
1773773099783,0.0874023,-0.218262,0.989746,0,-0.00106526,0.000532632
1773773099863,0.0874023,-0.220703,0.98877,0,-0.00106526,0.000532632
1773773099943,0.0864258,-0.21875,0.986328,0.00106526,0,0
1773773100014,0.0878906,-0.218262,0.987793,0.000532632,-0.0015979,0
1773773100094,0.0864258,-0.220703,0.986816,0.00106526,-0.000532632,0.00106526
1773773100175,0.0864258,-0.219238,0.986328,0,-0.000532632,0.000532632
1773773100245,0.0878906,-0.216309,0.987793,-0.000532632,-0.00106526,0.000532632
1773773100326,0.0854492,-0.220215,0.986328,0,-0.00106526,0.00106526
1773773100406,0.0864258,-0.219727,0.986816,0.00106526,-0.0015979,0
1773773100477,0.0874023,-0.220703,0.984863,0,-0.000532632,0.000532632
1773773100557,0.0869141,-0.216309,0.988281,0.000532632,-0.000532632,-0.00106526
1773773100638,0.0874023,-0.220703,0.988281,-0.000532632,0,0
1773773100708,0.0864258,-0.218262,0.987305,0.00106526,-0.0015979,0
1773773100789,0.0869141,-0.219727,0.988281,-0.00106526,0,0
1773773100859,0.0864258,-0.219238,0.987305,0,-0.000532632,0
1773773100940,0.0874023,-0.220215,0.98877,-0.00106526,0.000532632,0.00106526
1773773101020,0.0878906,-0.220215,0.987793,0,-0.00106526,0.000532632
1773773101091,0.0859375,-0.21875,0.986328,-0.000532632,-0.00106526,0.000532632
1773773101172,0.0878906,-0.219238,0.987305,0,0,-0.00106526
1773773101252,0.0874023,-0.21875,0.986816,0,-0.00213053,-0.00106526
1773773101323,0.0859375,-0.21875,0.989258,0,-0.00106526,0
1773773101403,0.0869141,-0.21875,0.988281,0.000532632,-0.0015979,0
1773773101484,0.0883789,-0.219238,0.987305,0.00106526,-0.000532632,0
1773773101554,0.0864258,-0.21875,0.986816,0,-0.0015979,-0.000532632
1773773101635,0.0864258,-0.220703,0.987305,0,0,-0.000532632
1773773101715,0.0864258,-0.217773,0.988281,0.000532632,-0.00106526,-0.000532632
1773773101786,0.0878906,-0.219238,0.988281,0.00106526,-0.000532632,0
1773773101866,0.0874023,-0.217773,0.986816,0,0,0.00106526
1773773101947,0.0864258,-0.21875,0.987305,0,-0.00106526,0.000532632
1773773102017,0.0874023,-0.220215,0.988281,0,0,0.000532632
1773773102098,0.0898438,-0.218262,0.987305,0.000532632,-0.000532632,0.000532632
1773773102168,0.0878906,-0.219238,0.989258,0,0.000532632,0
1773773102249,0.0869141,-0.218262,0.987793,0,-0.00106526,0.000532632
1773773102330,0.0874023,-0.220215,0.98877,0.000532632,-0.000532632,-0.00106526
1773773102400,0.0874023,-0.219238,0.988281,0,-0.000532632,0
1773773102481,0.0874023,-0.219238,0.987793,0,-0.00106526,-0.00106526
1773773102561,0.0854492,-0.21875,0.988281,-0.000532632,0,-0.000532632
1773773102632,0.0844727,-0.217773,0.986328,-0.000532632,-0.000532632,-0.000532632
1773773102712,0.0859375,-0.219238,0.987793,0,-0.00106526,-0.000532632
1773773102793,0.0878906,-0.218262,0.987305,-0.000532632,-0.000532632,0
1773773102863,0.0864258,-0.219727,0.986328,0,-0.00106526,0
1773773102944,0.0878906,-0.21875,0.986328,0,-0.00106526,0.000532632
1773773103024,0.0874023,-0.221191,0.987305,0,0.000532632,0.000532632
1773773103095,0.0869141,-0.220703,0.987793,-0.000532632,-0.000532632,-0.000532632
1773773103175,0.0883789,-0.219238,0.988281,0,-0.00106526,0.000532632
1773773103256,0.0878906,-0.217285,0.987793,0.000532632,-0.00106526,-0.000532632
1773773103328,0.0878906,-0.21875,0.989258,-0.000532632,0,-0.000532632
1773773103407,0.0874023,-0.219727,0.987793,0.000532632,0,0
1773773103478,0.0844727,-0.21875,0.986816,-0.000532632,-0.00106526,0
1773773103558,0.0874023,-0.217773,0.987305,0,-0.000532632,-0.000532632
1773773103639,0.0849609,-0.21875,0.987793,0.000532632,-0.000532632,0.000532632
1773773103709,0.0854492,-0.217773,0.989258,0,-0.00106526,0.00106526
1773773103790,0.0869141,-0.220215,0.98584,-0.000532632,-0.00106526,0
1773773103870,0.0888672,-0.218262,0.986816,-0.00106526,-0.000532632,0
1773773103941,0.0859375,-0.217773,0.986328,-0.000532632,-0.000532632,-0.000532632
1773773104022,0.0898438,-0.219238,0.986816,-0.00106526,0,-0.00106526
1773773104102,0.0883789,-0.218262,0.987305,0,-0.00106526,0
1773773104172,0.0859375,-0.219238,0.988281,-0.000532632,-0.00106526,-0.000532632
1773773104253,0.0859375,-0.219238,0.986816,0.000532632,0,-0.000532632
1773773104334,0.0888672,-0.217773,0.98584,-0.000532632,-0.0015979,0
1773773104404,0.0869141,-0.217773,0.98877,-0.00106526,-0.00106526,0
1773773104485,0.0869141,-0.217773,0.987305,0,-0.000532632,0
1773773104555,0.0849609,-0.217285,0.986816,-0.000532632,-0.00106526,0.000532632
1773773104636,0.0878906,-0.219727,0.986816,-0.000532632,-0.000532632,-0.00106526
1773773104716,0.0864258,-0.221191,0.988281,0.000532632,-0.00106526,-0.000532632
1773773104787,0.0883789,-0.217285,0.986328,0,-0.000532632,0.000532632
1773773104867,0.0874023,-0.21875,0.988281,0,-0.00106526,0.00106526
1773773104948,0.0869141,-0.21875,0.98877,-0.000532632,0,0
1773773105019,0.0844727,-0.21875,0.989258,-0.000532632,0,-0.000532632
1773773105099,0.0864258,-0.218262,0.989746,-0.000532632,-0.000532632,0
1773773105180,0.0874023,-0.217285,0.988281,-0.000532632,-0.000532632,0
1773773105250,0.0864258,-0.220215,0.990234,0,-0.000532632,0
1773773105331,0.0878906,-0.219238,0.987793,-0.00106526,-0.00106526,-0.000532632
1773773105411,0.0869141,-0.21875,0.98877,-0.00106526,-0.000532632,0.000532632
1773773105482,0.0854492,-0.218262,0.988281,-0.0015979,-0.000532632,-0.000532632
1773773105562,0.0869141,-0.218262,0.987793,-0.00106526,-0.00106526,0.000532632
1773773105643,0.0878906,-0.218262,0.987305,0.00106526,-0.00106526,0.00106526
1773773105714,0.0859375,-0.21875,0.98877,0,-0.00106526,0
1773773105794,0.0864258,-0.219238,0.988281,0,0,0
1773773105865,0.0864258,-0.218262,0.989258,0,-0.000532632,-0.000532632
1773773105946,0.0874023,-0.218262,0.989258,0,-0.000532632,0.000532632
1773773106026,0.0874023,-0.216797,0.98877,0,0,0.000532632
1773773106096,0.0854492,-0.219238,0.987793,-0.00106526,0,-0.000532632
1773773106177,0.0888672,-0.21875,0.987793,-0.00106526,-0.000532632,0.000532632
1773773106257,0.0869141,-0.219238,0.98877,0,-0.0015979,-0.00106526
1773773106328,0.0859375,-0.21875,0.98877,0.000532632,-0.00106526,0.00106526
1773773106409,0.0864258,-0.21875,0.986816,0,0,-0.000532632
1773773106489,0.0888672,-0.220215,0.987793,0,-0.000532632,0
1773773106560,0.0888672,-0.219727,0.98877,-0.000532632,-0.000532632,-0.00106526
1773773106640,0.0883789,-0.219238,0.987793,0,-0.0015979,-0.00106526
1773773106721,0.0888672,-0.219238,0.988281,0,0,0.000532632
1773773106791,0.0874023,-0.219727,0.987305,-0.00106526,0,0.000532632
1773773106872,0.0878906,-0.216309,0.987305,0,-0.000532632,0
1773773106943,0.0893555,-0.220215,0.987793,-0.000532632,0,-0.000532632
1773773107023,0.0878906,-0.21875,0.986816,-0.000532632,-0.0015979,0
1773773107103,0.0869141,-0.219727,0.986816,0,-0.000532632,0
1773773107174,0.0849609,-0.218262,0.987305,0.000532632,0,0.000532632
1773773107255,0.0854492,-0.217773,0.987793,-0.000532632,-0.000532632,0
1773773107335,0.0859375,-0.21875,0.989746,0,0.000532632,0.000532632
1773773107406,0.0864258,-0.21875,0.990723,-0.000532632,-0.000532632,0.000532632
1773773107486,0.0859375,-0.21875,0.986328,0,-0.000532632,0.000532632
1773773107567,0.0864258,-0.219727,0.989258,-0.000532632,0,-0.000532632
1773773107637,0.0864258,-0.21875,0.987793,0,-0.00106526,-0.000532632
1773773107718,0.0864258,-0.217285,0.98877,0,-0.00106526,-0.000532632
1773773107798,0.0883789,-0.218262,0.986816,-0.000532632,-0.000532632,0.000532632
1773773107869,0.0883789,-0.221191,0.986816,0.000532632,0,0
1773773107949,0.0878906,-0.219238,0.98877,0.000532632,-0.000532632,0.000532632
1773773108030,0.0893555,-0.218262,0.989746,0,0,-0.000532632
1773773108100,0.0864258,-0.21875,0.987793,-0.000532632,0,0.000532632
1773773108181,0.0883789,-0.219238,0.987305,0,-0.000532632,0
1773773108251,0.0869141,-0.217773,0.987305,-0.000532632,-0.000532632,0
1773773108332,0.0874023,-0.220215,0.988281,-0.00106526,-0.000532632,0.00106526
1773773108412,0.0864258,-0.217773,0.98877,-0.000532632,0,-0.000532632
1773773108483,0.0874023,-0.217773,0.98877,-0.0015979,-0.000532632,0
1773773108564,0.0869141,-0.21875,0.987305,0.000532632,-0.000532632,-0.000532632
1773773108644,0.0869141,-0.218262,0.989746,0,0,-0.000532632
1773773108715,0.0869141,-0.220215,0.988281,-0.000532632,0.000532632,0
1773773108795,0.0883789,-0.219238,0.986816,0,-0.00106526,-0.00106526
1773773108876,0.0878906,-0.217773,0.988281,0.000532632,-0.000532632,0.000532632
1773773108946,0.0883789,-0.218262,0.98877,0.000532632,-0.00106526,-0.00106526
1773773109027,0.0883789,-0.217773,0.988281,-0.00106526,-0.00106526,0
1773773109107,0.0874023,-0.218262,0.987793,0.000532632,0,0.000532632
1773773109178,0.0869141,-0.21875,0.988281,0.000532632,-0.000532632,0
1773773109259,0.0874023,-0.219238,0.989258,-0.000532632,0.00106526,0.000532632
1773773109339,0.0874023,-0.219238,0.986816,0,0.000532632,0.000532632
1773773109409,0.0874023,-0.220703,0.987305,-0.000532632,-0.000532632,-0.000532632
1773773109490,0.0883789,-0.220703,0.986816,0,-0.000532632,0
1773773109560,0.0878906,-0.21875,0.990234,-0.000532632,-0.00106526,0.000532632
1773773109641,0.0893555,-0.21875,0.988281,0,-0.0015979,0.00106526
1773773109722,0.0864258,-0.21875,0.988281,0.000532632,-0.000532632,0.000532632
1773773109792,0.0888672,-0.220215,0.986816,-0.000532632,-0.00106526,0
1773773109873,0.0864258,-0.217285,0.986816,0,-0.000532632,0
1773773109953,0.0883789,-0.219238,0.987793,-0.000532632,-0.000532632,0.000532632
1773773110024,0.0878906,-0.216309,0.987793,-0.000532632,-0.000532632,-0.000532632
1773773110105,0.0883789,-0.219238,0.987305,0,-0.0015979,0.000532632
1773773110185,0.0888672,-0.220703,0.98584,0.00106526,-0.000532632,0.000532632
1773773110256,0.0864258,-0.219238,0.98877,0,0,0
1773773110336,0.0859375,-0.219727,0.986816,0,-0.000532632,0
1773773110417,0.0859375,-0.21875,0.989746,0.000532632,-0.00106526,0.000532632
1773773110487,0.0864258,-0.217773,0.987305,-0.000532632,-0.000532632,0.00106526
1773773110568,0.0878906,-0.21875,0.98877,0,-0.00213053,0
1773773110638,0.0878906,-0.21875,0.98877,0.000532632,-0.0015979,0.000532632
1773773110719,0.0869141,-0.21875,0.98877,-0.000532632,-0.000532632,0
1773773110799,0.0874023,-0.218262,0.987305,0,-0.000532632,0
1773773110870,0.0893555,-0.216797,0.987793,0,-0.00106526,0
1773773110950,0.0893555,-0.217285,0.988281,0,-0.000532632,-0.000532632
1773773111031,0.0854492,-0.219727,0.987793,0.00106526,-0.000532632,0
1773773111102,0.0854492,-0.219727,0.987793,-0.000532632,0,0
1773773111182,0.0859375,-0.21875,0.98877,0,-0.00106526,0
1773773111263,0.0854492,-0.21875,0.988281,-0.000532632,-0.00106526,0
1773773111333,0.0874023,-0.218262,0.989258,-0.000532632,-0.00106526,-0.000532632
1773773111414,0.0864258,-0.218262,0.988281,0,0,0.000532632
1773773111495,0.0874023,-0.219238,0.986816,0,0.000532632,0.000532632
1773773111565,0.0888672,-0.219727,0.987793,-0.000532632,-0.00106526,0
1773773111645,0.0854492,-0.220215,0.989258,-0.000532632,-0.000532632,0.000532632
1773773111726,0.0874023,-0.21875,0.987793,0,0,0
1773773111796,0.0869141,-0.218262,0.989258,-0.000532632,-0.000532632,0.000532632
1773773111877,0.0893555,-0.219238,0.986328,-0.000532632,0,-0.000532632
1773773111947,0.0878906,-0.221191,0.98584,0,0.000532632,0.000532632
1773773112028,0.0849609,-0.218262,0.986816,0,-0.00106526,0.000532632
1773773112108,0.0849609,-0.21875,0.987793,0.000532632,-0.00106526,0.000532632
1773773112179,0.0893555,-0.21875,0.98877,0,-0.000532632,0
1773773112260,0.0874023,-0.219727,0.987305,-0.000532632,0,0.000532632
1773773112340,0.0874023,-0.220703,0.987793,0.000532632,-0.00106526,-0.000532632
1773773112411,0.0874023,-0.219238,0.986816,0,-0.000532632,0.000532632
1773773112491,0.0859375,-0.217285,0.988281,0,-0.000532632,0
1773773112572,0.0849609,-0.217285,0.989258,-0.000532632,-0.00106526,-0.000532632
1773773112642,0.0878906,-0.219238,0.986816,-0.000532632,-0.0015979,0
1773773112723,0.0869141,-0.219238,0.98584,0,-0.000532632,0.000532632
1773773112803,0.0883789,-0.219238,0.987305,0,-0.000532632,0
1773773112874,0.0874023,-0.22168,0.988281,0.00106526,0,0
1773773112954,0.0888672,-0.220215,0.98877,-0.000532632,-0.000532632,-0.00106526
1773773113035,0.0859375,-0.219727,0.986816,0,-0.000532632,0.000532632
1773773113106,0.0874023,-0.219238,0.989258,0,-0.00106526,0.000532632
1773773113186,0.0893555,-0.217773,0.98584,-0.000532632,-0.000532632,0
1773773113257,0.0888672,-0.220215,0.989258,0,-0.00106526,0.00106526
1773773113337,0.0874023,-0.216797,0.987305,0,0,0
1773773113418,0.0864258,-0.220215,0.988281,0,0,0.000532632
1773773113488,0.0854492,-0.21875,0.989746,-0.000532632,0.000532632,0
1773773113569,0.0859375,-0.220215,0.987305,-0.000532632,-0.00106526,0.000532632
1773773113649,0.0878906,-0.21875,0.989746,0,0,0
1773773113720,0.0869141,-0.219238,0.987305,-0.000532632,-0.000532632,0
1773773113800,0.0878906,-0.21875,0.986328,-0.00106526,-0.00106526,0.000532632
1773773113881,0.0874023,-0.21875,0.987305,0,0,-0.000532632
1773773113951,0.0888672,-0.21875,0.989258,0.000532632,-0.00106526,0
1773773114032,0.0859375,-0.21875,0.98877,-0.00106526,-0.000532632,0.00106526
1773773114112,0.0849609,-0.219727,0.987793,-0.000532632,-0.000532632,0.000532632
1773773114183,0.0859375,-0.219238,0.985352,-0.000532632,-0.000532632,-0.000532632
1773773114264,0.0854492,-0.220215,0.986328,0,0,-0.000532632
1773773114334,0.0869141,-0.220215,0.988281,0.000532632,0,0.000532632
1773773114415,0.0854492,-0.217773,0.988281,-0.000532632,-0.0015979,0.00106526
1773773114495,0.0888672,-0.217285,0.987305,0,-0.00106526,-0.00106526
1773773114566,0.0869141,-0.221191,0.987793,-0.000532632,-0.00106526,0.000532632
1773773114646,0.0874023,-0.216797,0.989258,0.00106526,-0.000532632,0.000532632
1773773114727,0.0869141,-0.218262,0.98877,0,0,0
1773773114797,0.0869141,-0.218262,0.98877,0,-0.000532632,0.000532632
1773773114878,0.0883789,-0.216797,0.987793,0.000532632,0.000532632,0
1773773114959,0.0883789,-0.217773,0.98877,0.000532632,0,0.00106526
1773773115029,0.0883789,-0.217285,0.987793,0,0,0
1773773115110,0.0878906,-0.219727,0.987305,-0.000532632,0,-0.000532632
1773773115190,0.0864258,-0.219238,0.989258,-0.000532632,-0.00106526,0
1773773115260,0.0859375,-0.219238,0.990723,0,-0.000532632,0
1773773115341,0.0874023,-0.219238,0.987305,-0.000532632,-0.0015979,-0.000532632
1773773115412,0.0869141,-0.217773,0.987793,0,-0.000532632,0
1773773115492,0.0874023,-0.219727,0.986328,0,0,-0.000532632
1773773115573,0.0864258,-0.21875,0.98584,0.000532632,-0.0015979,0.000532632
1773773115643,0.0859375,-0.219238,0.987305,0.000532632,-0.00106526,0
1773773115724,0.0874023,-0.218262,0.990234,-0.00106526,-0.000532632,0.00106526
1773773115805,0.0869141,-0.21875,0.987793,0.000532632,-0.000532632,0.000532632
1773773115875,0.0878906,-0.217773,0.987793,0.000532632,0,0
1773773115956,0.0874023,-0.220215,0.987793,0,-0.00106526,0
1773773116036,0.0898438,-0.21875,0.987793,-0.000532632,0,0.00106526
1773773116107,0.0893555,-0.21875,0.98877,0,0.000532632,-0.00106526
1773773116187,0.0883789,-0.218262,0.98584,0.00106526,-0.000532632,0.000532632
1773773116268,0.0878906,-0.219238,0.988281,0,-0.000532632,0.000532632
1773773116338,0.0874023,-0.220703,0.987305,0.000532632,0,0
1773773116419,0.0874023,-0.219727,0.98877,0,-0.00106526,0
1773773116499,0.0878906,-0.218262,0.986816,0.00106526,-0.000532632,0
1773773116570,0.0854492,-0.220215,0.988281,-0.000532632,-0.000532632,0
1773773116650,0.0849609,-0.219727,0.988281,-0.000532632,-0.00106526,0.000532632
1773773116731,0.0859375,-0.217285,0.989258,0.000532632,0,0.000532632
1773773116801,0.0874023,-0.220215,0.989746,0,-0.00106526,0.000532632
1773773116882,0.0854492,-0.219727,0.987305,-0.000532632,-0.00106526,0
1773773116952,0.0878906,-0.220703,0.988281,0,0,0.00106526
1773773117033,0.0864258,-0.219238,0.988281,0,-0.000532632,0.00106526
1773773117114,0.0864258,-0.220215,0.988281,0.000532632,0.000532632,0
1773773117184,0.0878906,-0.21875,0.989746,0,0,-0.000532632
1773773117265,0.0854492,-0.21875,0.986816,0.000532632,-0.00106526,-0.00106526
1773773117345,0.0869141,-0.219727,0.986816,0.000532632,0,-0.000532632
1773773117416,0.0893555,-0.219727,0.987305,0.000532632,0,0
1773773117496,0.0849609,-0.218262,0.987305,0,0,-0.000532632
1773773117577,0.0883789,-0.218262,0.98877,0,0,0
1773773117647,0.0883789,-0.219727,0.988281,0.0015979,-0.000532632,0.000532632
1773773117728,0.0859375,-0.217773,0.987793,0,0,-0.000532632
1773773117808,0.0883789,-0.217773,0.986328,0,-0.000532632,0.00106526
1773773117879,0.0859375,-0.219238,0.988281,-0.000532632,-0.00106526,0
1773773117959,0.0878906,-0.218262,0.987305,0,0,0
1773773118040,0.0869141,-0.219238,0.989746,0,-0.00106526,-0.00106526
1773773118110,0.0888672,-0.219238,0.987793,-0.000532632,-0.000532632,-0.000532632
1773773118191,0.0874023,-0.21875,0.98877,0,0,-0.0015979
1773773118261,0.0888672,-0.218262,0.987305,0.00106526,-0.00106526,0
1773773118342,0.0854492,-0.21875,0.987305,-0.000532632,-0.000532632,0.000532632
1773773118423,0.0854492,-0.219727,0.988281,-0.000532632,-0.000532632,0.00106526
1773773118499,0.0864258,-0.218262,0.989258,0,0,0.000532632
1773773118574,0.0869141,-0.219727,0.990723,-0.000532632,-0.00106526,-0.000532632
1773773118654,0.0874023,-0.217773,0.989746,0.000532632,-0.00106526,0.000532632
1773773118725,0.0869141,-0.218262,0.987793,0.000532632,0,0
1773773118805,0.0874023,-0.21875,0.98877,0,-0.000532632,0
1773773118886,0.0859375,-0.219727,0.989258,-0.000532632,-0.000532632,0.000532632
1773773118956,0.0878906,-0.21875,0.989746,-0.000532632,-0.00106526,0
1773773119037,0.0854492,-0.219727,0.988281,0,0,-0.000532632
1773773119117,0.0888672,-0.219238,0.988281,0,-0.000532632,0
1773773119188,0.0878906,-0.219238,0.988281,0,-0.00106526,0.00106526
1773773119268,0.0874023,-0.220215,0.987305,0.000532632,0,0
1773773119339,0.0849609,-0.220215,0.988281,-0.00106526,-0.000532632,-0.00106526
1773773119420,0.0859375,-0.218262,0.98877,-0.0015979,-0.000532632,-0.000532632
1773773119501,0.0864258,-0.21875,0.989746,-0.000532632,0.000532632,0.000532632
1773773119571,0.090332,-0.218262,0.987305,-0.000532632,-0.00106526,0
1773773119652,0.0859375,-0.219238,0.988281,-0.000532632,0.000532632,-0.000532632
1773773119732,0.0844727,-0.219727,0.988281,0,0,0
1773773119803,0.0883789,-0.220703,0.989258,0.0015979,-0.00106526,0
1773773119883,0.0878906,-0.219238,0.98877,0.000532632,0,-0.000532632
1773773119964,0.0888672,-0.217773,0.988281,0.000532632,-0.000532632,-0.000532632
1773773120034,0.0878906,-0.220215,0.987305,0,-0.000532632,-0.000532632
1773773120115,0.0864258,-0.219238,0.988281,-0.000532632,-0.00106526,0
1773773120195,0.0859375,-0.21582,0.988281,-0.000532632,-0.00106526,0
1773773120266,0.0883789,-0.218262,0.990234,0,-0.00106526,0
1773773120347,0.0883789,-0.21875,0.98877,0,0,-0.000532632
1773773120417,0.0893555,-0.216797,0.987305,-0.000532632,0.000532632,0.0015979
1773773120498,0.0864258,-0.21875,0.988281,-0.00106526,-0.00106526,-0.000532632
1773773120578,0.0869141,-0.220215,0.987793,0.00106526,-0.00106526,-0.000532632
1773773120649,0.0878906,-0.219238,0.988281,0.00106526,-0.00106526,0
1773773120729,0.0869141,-0.219727,0.987305,0,-0.000532632,-0.000532632
1773773120810,0.0893555,-0.218262,0.989746,0.000532632,0,-0.00106526
1773773120880,0.0859375,-0.219238,0.988281,-0.00106526,-0.0015979,0.000532632
1773773120961,0.0869141,-0.219727,0.986328,0,-0.00106526,0
1773773121041,0.0878906,-0.218262,0.989258,0.000532632,-0.000532632,0
1773773121112,0.0874023,-0.217285,0.98877,-0.000532632,-0.000532632,0.000532632
1773773121192,0.0888672,-0.218262,0.989258,-0.000532632,0,-0.000532632
1773773121273,0.0883789,-0.21875,0.988281,-0.000532632,-0.000532632,-0.00106526
1773773121343,0.0878906,-0.218262,0.989746,-0.000532632,0,0.000532632
1773773121424,0.0874023,-0.220215,0.987305,-0.00106526,-0.000532632,0.000532632
1773773121504,0.0864258,-0.217285,0.988281,0,0,0.000532632
1773773121575,0.0869141,-0.219238,0.987793,0,-0.000532632,0.00106526
1773773121656,0.0864258,-0.218262,0.988281,0.000532632,-0.000532632,0.000532632
1773773121726,0.0864258,-0.217773,0.987793,-0.000532632,-0.000532632,-0.0015979
1773773121807,0.0869141,-0.218262,0.986816,0.000532632,-0.00106526,0
1773773121887,0.0874023,-0.216797,0.986328,0.000532632,0,-0.000532632
1773773121957,0.0864258,-0.21875,0.986816,0,-0.0015979,0.000532632
1773773122038,0.0869141,-0.217773,0.988281,-0.00106526,-0.00106526,0.00106526
1773773122119,0.0874023,-0.217773,0.987305,-0.000532632,0,-0.000532632
1773773122189,0.0878906,-0.219238,0.987793,0,-0.000532632,0.000532632
1773773122270,0.0869141,-0.218262,0.987793,0.000532632,0.000532632,-0.0015979
1773773122351,0.0864258,-0.216309,0.988281,0.00106526,-0.0015979,0
1773773122421,0.0898438,-0.219238,0.988281,0.000532632,0.000532632,0
1773773122502,0.0874023,-0.21875,0.986328,-0.00106526,-0.0015979,0.00106526
1773773122582,0.0874023,-0.21875,0.989746,0,-0.0015979,0
1773773122653,0.0869141,-0.218262,0.989258,-0.000532632,0,0
1773773122733,0.0864258,-0.217285,0.986816,-0.000532632,-0.000532632,0.000532632
1773773122814,0.0878906,-0.219238,0.988281,0,0,-0.00106526
1773773122884,0.0893555,-0.218262,0.986816,-0.000532632,-0.00106526,0.000532632
1773773122965,0.0859375,-0.21875,0.987793,0,0,-0.000532632
1773773123035,0.0869141,-0.218262,0.987305,-0.00106526,-0.000532632,-0.00106526
1773773123116,0.0864258,-0.217773,0.98877,-0.000532632,-0.000532632,0
1773773123196,0.0849609,-0.220215,0.988281,0,-0.00106526,0.000532632
1773773123267,0.0859375,-0.21875,0.987305,0.000532632,0,-0.000532632
1773773123348,0.0839844,-0.218262,0.98877,0,-0.00106526,0
1773773123428,0.0869141,-0.21582,0.988281,0,-0.00106526,0
1773773123499,0.0859375,-0.218262,0.987305,-0.0015979,-0.000532632,0
1773773123579,0.0859375,-0.21875,0.98584,0.000532632,0.000532632,0
1773773123660,0.0883789,-0.21875,0.988281,0,0,0.000532632
1773773123730,0.0859375,-0.216797,0.986328,0,0,0.000532632
1773773123811,0.0893555,-0.21875,0.987793,-0.000532632,-0.00106526,0
1773773123891,0.0878906,-0.218262,0.987305,-0.000532632,-0.00106526,0
1773773123962,0.0869141,-0.218262,0.987305,-0.000532632,0,0.000532632
1773773124042,0.0874023,-0.219238,0.988281,0.000532632,-0.000532632,0.000532632
1773773124113,0.0874023,-0.219238,0.986816,0,0,-0.0015979
1773773124193,0.0864258,-0.219727,0.990234,0,0,0
1773773124274,0.0849609,-0.218262,0.987793,0,-0.000532632,-0.00106526
1773773124344,0.0883789,-0.219238,0.98877,0.000532632,0.000532632,-0.000532632
1773773124425,0.0878906,-0.218262,0.986816,-0.000532632,0,0.000532632
1773773124506,0.0854492,-0.22168,0.987793,0,-0.000532632,-0.000532632
1773773124576,0.0859375,-0.219238,0.988281,0,-0.000532632,-0.000532632
1773773124657,0.0854492,-0.220215,0.987305,-0.00106526,-0.00106526,0
1773773124737,0.0859375,-0.221191,0.987305,0.00106526,0,0
1773773124808,0.0859375,-0.217773,0.986816,-0.000532632,-0.000532632,0
1773773124888,0.0878906,-0.218262,0.986816,0,-0.00106526,0
1773773124969,0.0883789,-0.219727,0.98584,0.000532632,0.00106526,0.000532632
1773773125039,0.0878906,-0.218262,0.988281,-0.00106526,-0.00106526,0
1773773125120,0.0883789,-0.21875,0.98877,-0.000532632,-0.000532632,-0.0015979
1773773125200,0.0883789,-0.217285,0.987793,0.000532632,0.000532632,0
1773773125271,0.0869141,-0.217773,0.98584,0.00106526,0.000532632,0.00106526
1773773125351,0.0869141,-0.220215,0.988281,-0.00106526,0,-0.000532632
1773773125422,0.0878906,-0.217773,0.990234,0,0,-0.000532632
1773773125503,0.0864258,-0.219238,0.988281,-0.00106526,-0.000532632,0.000532632
1773773125583,0.0883789,-0.217773,0.990723,-0.000532632,-0.00106526,0
1773773125654,0.0864258,-0.217773,0.98877,0.00106526,-0.000532632,0
1773773125734,0.0874023,-0.21875,0.989258,-0.000532632,-0.000532632,0
1773773125815,0.0869141,-0.21875,0.987305,0.000532632,0,0
1773773125885,0.0893555,-0.217773,0.987793,0.000532632,0,0.0015979
1773773125966,0.0898438,-0.218262,0.986328,0,0,0
1773773126046,0.0869141,-0.217285,0.98877,0,-0.000532632,0
1773773126117,0.0883789,-0.217773,0.986816,0,-0.000532632,0.00106526
1773773126197,0.0898438,-0.217773,0.98877,0,-0.000532632,-0.0015979
1773773126278,0.0874023,-0.219238,0.989258,0,-0.000532632,0
1773773126348,0.0893555,-0.217285,0.989746,0,0.000532632,0
1773773126429,0.0878906,-0.219727,0.988281,-0.000532632,-0.000532632,0
1773773126499,0.0859375,-0.218262,0.988281,0.0015979,0.000532632,-0.000532632
1773773126580,0.0874023,-0.219727,0.98877,-0.000532632,-0.00106526,0
1773773126661,0.0874023,-0.21875,0.989258,0.000532632,0,0
1773773126731,0.0859375,-0.217773,0.987305,0.000532632,-0.000532632,0
1773773126812,0.0874023,-0.216309,0.989258,0.000532632,0,-0.000532632
1773773126892,0.0859375,-0.21875,0.986816,0,0,-0.00106526
1773773126963,0.0888672,-0.219238,0.98877,0,0,-0.000532632
1773773127043,0.0869141,-0.216309,0.987793,0,-0.00106526,-0.000532632
1773773127124,0.0888672,-0.221191,0.987305,-0.000532632,-0.00106526,0.000532632
1773773127194,0.0878906,-0.217285,0.987793,-0.000532632,0,0
1773773127275,0.0854492,-0.217285,0.98877,0.000532632,-0.00106526,0.00106526
1773773127356,0.0883789,-0.220215,0.986328,0,0,0
1773773127426,0.0888672,-0.218262,0.989746,0.00106526,-0.000532632,0.000532632
1773773127507,0.0864258,-0.219238,0.986328,-0.000532632,-0.000532632,-0.00106526
1773773127587,0.0888672,-0.21875,0.989258,-0.000532632,0.000532632,-0.000532632
1773773127658,0.0883789,-0.219727,0.987793,0,-0.000532632,0
1773773127738,0.0864258,-0.219727,0.987793,0.00106526,0,0.00106526
1773773127809,0.0869141,-0.21875,0.988281,0.000532632,-0.00106526,-0.000532632
1773773127889,0.0869141,-0.219238,0.987305,0,0.000532632,-0.000532632
1773773127970,0.0864258,-0.220215,0.987793,-0.000532632,-0.000532632,-0.000532632
1773773128040,0.0854492,-0.21875,0.987305,0,-0.000532632,0
1773773128121,0.0888672,-0.217773,0.987793,0,0.000532632,0
1773773128201,0.0864258,-0.220703,0.990234,-0.000532632,-0.00106526,-0.00106526
1773773128272,0.0878906,-0.21875,0.988281,-0.000532632,0,0
1773773128352,0.0883789,-0.216797,0.98877,-0.000532632,-0.000532632,0
1773773128433,0.0864258,-0.219238,0.98877,0.000532632,-0.000532632,0.000532632
1773773128504,0.0844727,-0.217285,0.988281,0,-0.000532632,0
1773773128584,0.0864258,-0.217285,0.98877,-0.000532632,-0.00106526,-0.00106526
1773773128665,0.0893555,-0.21875,0.987305,0,-0.0015979,-0.000532632
1773773128735,0.0869141,-0.218262,0.987305,0,-0.00106526,0
1773773128816,0.0869141,-0.21875,0.987793,-0.000532632,-0.000532632,0
1773773128896,0.0883789,-0.219238,0.98877,-0.000532632,-0.00106526,-0.000532632
1773773128967,0.0874023,-0.21875,0.984375,0.00106526,0.000532632,0.000532632
1773773129047,0.0878906,-0.21875,0.989258,0.00106526,0,-0.000532632
1773773129118,0.0878906,-0.216309,0.987793,0.000532632,-0.00106526,-0.000532632
1773773129198,0.0869141,-0.219727,0.98877,0,-0.00106526,-0.000532632
1773773129279,0.0869141,-0.217773,0.986328,0,-0.000532632,-0.000532632
1773773129349,0.0878906,-0.218262,0.987793,0,0,0.000532632
1773773129430,0.0859375,-0.220703,0.986328,-0.00106526,0,0
1773773129510,0.0878906,-0.21875,0.987793,0,-0.000532632,-0.00106526
1773773129581,0.0888672,-0.21875,0.989746,0.000532632,-0.00106526,0
1773773129662,0.0893555,-0.219727,0.989258,0,-0.000532632,0
1773773129742,0.0864258,-0.217285,0.986816,0,-0.000532632,-0.000532632
1773773129813,0.0869141,-0.217285,0.987305,-0.000532632,-0.00106526,-0.000532632
1773773129894,0.0874023,-0.217773,0.987305,0.000532632,-0.000532632,-0.000532632
1773773129974,0.0878906,-0.220215,0.989258,0.000532632,-0.000532632,0.000532632
1773773130044,0.0878906,-0.21875,0.989258,0,-0.0015979,0
1773773130125,0.0888672,-0.21875,0.989746,-0.000532632,-0.000532632,0.0015979
1773773130205,0.0869141,-0.220215,0.990234,-0.000532632,0.000532632,0.000532632
1773773130276,0.0883789,-0.217773,0.990723,0,0,0.00106526
1773773130357,0.0878906,-0.217773,0.987793,0,-0.0015979,0.000532632
1773773130427,0.0864258,-0.219238,0.989258,0,-0.000532632,0.000532632
1773773130508,0.0869141,-0.219727,0.988281,0.000532632,-0.00106526,0.00106526
1773773130588,0.0864258,-0.21875,0.98877,0.000532632,-0.000532632,0
1773773130659,0.0874023,-0.219727,0.986816,-0.000532632,-0.000532632,-0.000532632
1773773130739,0.0859375,-0.219238,0.989258,-0.000532632,-0.000532632,0
1773773130820,0.0874023,-0.219727,0.989258,0,-0.000532632,0
1773773130890,0.0864258,-0.219727,0.988281,-0.000532632,-0.00106526,0.000532632
1773773130971,0.0874023,-0.219727,0.987793,0,-0.000532632,-0.000532632
1773773131051,0.0869141,-0.219727,0.986816,0.000532632,-0.000532632,0.000532632
1773773131122,0.0854492,-0.218262,0.988281,0,-0.000532632,0
1773773131202,0.0883789,-0.217773,0.986816,-0.000532632,0,0.000532632
1773773131283,0.0869141,-0.21875,0.989258,0,-0.000532632,0.00106526
1773773131353,0.0893555,-0.217285,0.987793,-0.000532632,-0.00106526,0
1773773131434,0.0883789,-0.218262,0.98877,0.000532632,-0.00106526,0
1773773131505,0.0874023,-0.219238,0.988281,-0.000532632,0.000532632,0
1773773131585,0.0883789,-0.220703,0.988281,-0.000532632,-0.00106526,0
1773773131666,0.0854492,-0.21875,0.986816,-0.00106526,-0.00106526,-0.000532632
1773773131736,0.0878906,-0.218262,0.987793,-0.00106526,-0.000532632,0
1773773131817,0.0854492,-0.21875,0.98877,0.000532632,-0.000532632,0.000532632
1773773131897,0.0883789,-0.219238,0.98877,-0.000532632,-0.00106526,0.000532632
1773773131968,0.0898438,-0.217285,0.98877,0,-0.00106526,0.00106526
1773773132048,0.0874023,-0.218262,0.987793,-0.000532632,-0.000532632,0
1773773132129,0.0883789,-0.220703,0.989746,0,0,-0.000532632
1773773132199,0.0869141,-0.21875,0.987793,-0.00106526,-0.00106526,-0.00106526
1773773132280,0.0878906,-0.21875,0.98584,0.00106526,-0.000532632,0
1773773132361,0.0859375,-0.219727,0.986328,0.000532632,0,-0.000532632
1773773132431,0.0869141,-0.218262,0.988281,0,-0.000532632,0
1773773132512,0.0859375,-0.217773,0.98877,0.000532632,0,0
1773773132582,0.0869141,-0.220215,0.986816,0.000532632,0,-0.00106526
1773773132663,0.0869141,-0.220703,0.988281,0,-0.000532632,0.000532632
1773773132743,0.0878906,-0.216797,0.988281,0.000532632,0,-0.000532632
1773773132814,0.0874023,-0.217285,0.98877,0,-0.000532632,-0.000532632
1773773132894,0.0869141,-0.219238,0.987793,-0.00106526,-0.00106526,-0.000532632
1773773132975,0.0864258,-0.219727,0.987305,0,-0.000532632,-0.000532632
1773773133045,0.0893555,-0.21875,0.98877,-0.000532632,-0.0015979,0
1773773133128,0.0869141,-0.219727,0.986328,-0.000532632,-0.00106526,0
1773773133207,0.0869141,-0.21875,0.987793,0,0,0.00106526
1773773133277,0.0893555,-0.217773,0.987305,0,0,0
1773773133358,0.0878906,-0.221191,0.987793,-0.00106526,-0.000532632,-0.000532632
1773773133438,0.0878906,-0.217773,0.990234,0,0,-0.00106526
1773773133509,0.0874023,-0.217773,0.989746,-0.00106526,-0.00106526,0
1773773133590,0.0874023,-0.219238,0.987793,-0.000532632,-0.0015979,0
1773773133670,0.0878906,-0.21875,0.98584,0,-0.00106526,0
1773773133741,0.0869141,-0.21875,0.987793,-0.000532632,0,0
1773773133821,0.0864258,-0.218262,0.98877,0,-0.00106526,-0.000532632
1773773133892,0.0869141,-0.218262,0.986816,-0.00106526,-0.000532632,-0.000532632
1773773133972,0.0878906,-0.21875,0.987305,-0.000532632,0.000532632,0.000532632
1773773134053,0.0883789,-0.216797,0.988281,0.000532632,-0.00106526,0
1773773134123,0.0883789,-0.217773,0.986328,0.00106526,0,-0.00106526
1773773134204,0.0883789,-0.218262,0.989746,-0.00106526,-0.000532632,0
1773773134284,0.0888672,-0.218262,0.987793,-0.000532632,-0.000532632,-0.000532632
1773773134355,0.0874023,-0.219238,0.989746,0,-0.00106526,0.00106526
1773773134436,0.0864258,-0.218262,0.987305,-0.00106526,-0.000532632,-0.000532632
1773773134517,0.0869141,-0.218262,0.988281,0,-0.000532632,-0.000532632
1773773134587,0.0888672,-0.21875,0.989746,-0.000532632,-0.000532632,0
1773773134667,0.0869141,-0.220215,0.987305,0,0,0.000532632
1773773134748,0.0883789,-0.21875,0.987793,-0.000532632,0.000532632,0.000532632
1773773134818,0.0864258,-0.219727,0.989258,0,0,-0.000532632
1773773134899,0.0869141,-0.217773,0.987305,-0.00106526,-0.000532632,-0.000532632
1773773134969,0.0893555,-0.217773,0.986328,0.000532632,0,0.000532632
1773773135050,0.0893555,-0.217285,0.986816,0,0,-0.000532632
1773773135130,0.0878906,-0.220703,0.987793,0,-0.000532632,0
1773773135201,0.0888672,-0.219238,0.989746,0,-0.00106526,0.000532632
1773773135281,0.0864258,-0.217773,0.987305,-0.000532632,-0.000532632,0
1773773135362,0.0864258,-0.21875,0.98877,0,-0.000532632,0
1773773135433,0.0888672,-0.217773,0.988281,0,-0.000532632,-0.000532632
1773773135513,0.0878906,-0.219238,0.989258,0.000532632,-0.00106526,0
1773773135594,0.0874023,-0.21875,0.989258,-0.000532632,-0.000532632,-0.000532632
1773773135664,0.0864258,-0.220215,0.988281,0,-0.000532632,0
1773773135746,0.0893555,-0.220215,0.989258,0.000532632,0,0
1773773135825,0.0864258,-0.220215,0.987793,-0.000532632,-0.0015979,-0.000532632
1773773135896,0.0874023,-0.21875,0.989258,0,-0.000532632,-0.000532632
1773773135977,0.0898438,-0.219238,0.98584,0,-0.000532632,0
1773773136057,0.0883789,-0.219727,0.987793,-0.000532632,-0.00106526,0.00106526
1773773136127,0.0869141,-0.218262,0.987305,0,-0.000532632,-0.000532632
1773773136208,0.0878906,-0.219727,0.987305,-0.000532632,-0.00106526,0.000532632
1773773136279,0.0864258,-0.218262,0.987793,0.000532632,-0.00106526,0.000532632
1773773136359,0.0874023,-0.217285,0.988281,-0.000532632,-0.00106526,-0.000532632
1773773136440,0.0883789,-0.219238,0.987793,-0.00106526,0,0
1773773136510,0.0869141,-0.219238,0.989746,0,-0.00106526,0
1773773136591,0.0888672,-0.217773,0.989746,-0.000532632,-0.00106526,0
1773773136671,0.0869141,-0.21875,0.98877,0,-0.000532632,0
1773773136742,0.0869141,-0.217773,0.988281,0.000532632,-0.00106526,0.000532632
1773773136823,0.0864258,-0.21875,0.987793,-0.000532632,-0.000532632,0.000532632
1773773136903,0.0878906,-0.219238,0.987793,0,-0.0015979,0
1773773136974,0.0893555,-0.21875,0.986816,0.000532632,0,-0.00106526
1773773137054,0.0883789,-0.218262,0.98877,0.000532632,-0.000532632,0.000532632
1773773137135,0.0849609,-0.216797,0.987305,-0.000532632,-0.000532632,0.000532632
1773773137205,0.0878906,-0.216309,0.986328,0.000532632,-0.000532632,0.000532632
1773773137286,0.0869141,-0.220215,0.987793,0.000532632,-0.000532632,0
1773773137357,0.0888672,-0.21875,0.987793,-0.000532632,0,0
1773773137437,0.0888672,-0.217285,0.986816,-0.000532632,-0.000532632,0
1773773137518,0.0869141,-0.21875,0.988281,0.000532632,0.000532632,-0.00106526
1773773137588,0.0864258,-0.216797,0.98877,0.000532632,-0.00106526,0
1773773137669,0.0844727,-0.219727,0.989746,0,0,0.000532632
1773773137749,0.0859375,-0.219238,0.987305,0,-0.00106526,0
1773773137820,0.0864258,-0.21875,0.988281,-0.000532632,-0.000532632,-0.000532632
1773773137900,0.0864258,-0.21875,0.989258,0,-0.00213053,0.000532632
1773773137981,0.0864258,-0.219727,0.986816,0,0,-0.000532632
1773773138051,0.0864258,-0.216797,0.989258,0.000532632,-0.000532632,0
1773773138132,0.0864258,-0.217773,0.987305,0,-0.00106526,0.000532632
1773773138212,0.0854492,-0.219238,0.987305,-0.000532632,-0.000532632,0
1773773138283,0.0869141,-0.218262,0.990723,0,0,-0.000532632
1773773138363,0.0874023,-0.218262,0.98584,-0.000532632,-0.000532632,-0.000532632
1773773138434,0.0878906,-0.216797,0.98584,0,0,-0.00106526
1773773138515,0.0869141,-0.21875,0.987793,-0.000532632,-0.000532632,-0.000532632
1773773138595,0.0874023,-0.219238,0.98584,-0.000532632,-0.000532632,0
1773773138666,0.0874023,-0.219238,0.986328,-0.000532632,-0.000532632,-0.000532632
1773773138746,0.0883789,-0.216797,0.987793,-0.000532632,-0.000532632,0
1773773138827,0.0864258,-0.217285,0.989746,0,-0.000532632,0
1773773138897,0.0859375,-0.21875,0.989746,0,-0.00106526,0
1773773138978,0.0869141,-0.218262,0.987305,0,-0.00106526,-0.000532632
1773773139058,0.0874023,-0.217285,0.98584,0,0,0
1773773139129,0.0874023,-0.219238,0.986816,0,-0.000532632,0
1773773139210,0.0859375,-0.216309,0.98877,0.000532632,-0.00106526,0.000532632
1773773139290,0.0883789,-0.217773,0.986816,0,0,0.00106526
1773773139361,0.0878906,-0.216309,0.987305,-0.00106526,0.000532632,-0.0015979
1773773139441,0.0859375,-0.219727,0.988281,0.000532632,0,0
1773773139522,0.0874023,-0.217773,0.988281,0.000532632,-0.00106526,-0.000532632
1773773139592,0.0869141,-0.218262,0.989258,0,-0.000532632,-0.000532632
1773773139673,0.0864258,-0.218262,0.989746,0,0,0
1773773139743,0.0874023,-0.218262,0.990234,0,-0.000532632,0
1773773139824,0.0859375,-0.21875,0.987793,0,0,0.00106526
1773773139905,0.0864258,-0.219238,0.98877,0.000532632,-0.00106526,-0.00106526
1773773139975,0.0869141,-0.220215,0.98877,-0.000532632,0,-0.00106526
1773773140056,0.0883789,-0.21875,0.987793,-0.0015979,0.000532632,0
1773773140136,0.0874023,-0.217773,0.987793,-0.000532632,-0.00106526,0.000532632
1773773140207,0.0888672,-0.219727,0.98877,0.000532632,0.000532632,-0.000532632
1773773140287,0.0849609,-0.21875,0.987793,0.00106526,-0.00106526,-0.000532632
1773773140368,0.0859375,-0.218262,0.987793,0.00106526,-0.00106526,0
1773773140438,0.0854492,-0.217773,0.989258,0.000532632,-0.00106526,0.00106526
1773773140519,0.0893555,-0.220215,0.988281,0.000532632,0,-0.000532632
1773773140600,0.0869141,-0.220215,0.98877,-0.00106526,-0.00106526,0
1773773140670,0.0874023,-0.219238,0.988281,0,-0.00106526,0
1773773140751,0.0854492,-0.219238,0.98584,0,-0.000532632,0.000532632
1773773140821,0.0859375,-0.217773,0.988281,0.000532632,-0.000532632,0
1773773140902,0.0864258,-0.21875,0.986328,0,0,0
1773773140982,0.0874023,-0.219238,0.98877,-0.000532632,0.000532632,0.000532632
1773773141053,0.0878906,-0.221191,0.98584,0,0,0
1773773141133,0.0874023,-0.219727,0.988281,-0.00106526,0.000532632,0
1773773141214,0.0859375,-0.219727,0.989258,0.000532632,-0.00106526,-0.000532632
1773773141284,0.0878906,-0.219238,0.987305,0.000532632,0,-0.00106526
1773773141365,0.0874023,-0.21875,0.987305,0,-0.000532632,-0.000532632
1773773141445,0.0883789,-0.219727,0.986816,0.000532632,-0.00106526,-0.000532632
1773773141516,0.0864258,-0.219238,0.987305,0,0,0.000532632
1773773141596,0.0859375,-0.217773,0.988281,0,-0.000532632,-0.000532632
1773773141677,0.0869141,-0.21875,0.986328,0.000532632,-0.000532632,0
1773773141747,0.0869141,-0.21875,0.98877,0.000532632,0,-0.000532632
1773773141828,0.0864258,-0.218262,0.987793,0.000532632,-0.000532632,-0.000532632
1773773141908,0.0869141,-0.217285,0.988281,-0.000532632,-0.000532632,0.00106526
1773773141979,0.0859375,-0.216797,0.987793,0.000532632,0,0.000532632
1773773142059,0.0874023,-0.219238,0.988281,0.000532632,0,-0.000532632
1773773142130,0.0869141,-0.217285,0.988281,0.000532632,-0.000532632,0
1773773142210,0.0869141,-0.217773,0.989258,0.000532632,-0.000532632,0.000532632
1773773142291,0.0869141,-0.21875,0.98877,0.000532632,0.00106526,0
1773773142362,0.0893555,-0.219238,0.988281,0,0,-0.00106526
1773773142442,0.0864258,-0.217773,0.986816,0,0,0.000532632
1773773142523,0.0864258,-0.217773,0.989258,0.000532632,-0.00106526,0
1773773142593,0.090332,-0.219238,0.988281,0,0,0
1773773142674,0.0883789,-0.217773,0.98877,0,-0.00106526,-0.000532632
1773773142754,0.0874023,-0.21875,0.987793,0.000532632,-0.000532632,0.00106526
1773773142825,0.0869141,-0.217773,0.987793,-0.00106526,-0.000532632,0
1773773142905,0.0869141,-0.21875,0.988281,0.000532632,-0.0015979,0.000532632
1773773142986,0.0869141,-0.219727,0.98877,0,0.000532632,0
1773773143056,0.0869141,-0.219727,0.989258,0.000532632,0,0
1773773143137,0.0869141,-0.218262,0.987793,0,0,0.000532632
1773773143217,0.0888672,-0.218262,0.986816,0,-0.000532632,0.00106526
1773773143288,0.0869141,-0.218262,0.988281,0.000532632,-0.000532632,-0.000532632
1773773143369,0.0874023,-0.218262,0.988281,0.000532632,-0.00106526,-0.00106526
1773773143439,0.0888672,-0.217773,0.987305,-0.000532632,0,0
1773773143520,0.0874023,-0.217773,0.989746,0,-0.000532632,0.00106526
1773773143600,0.0859375,-0.216797,0.987305,0,-0.0015979,0
1773773143671,0.0883789,-0.219238,0.989258,0,-0.00106526,0.000532632
1773773143751,0.0878906,-0.21875,0.988281,0.00106526,0,0
1773773143832,0.0854492,-0.219238,0.98877,0.000532632,-0.00106526,0
1773773143902,0.0874023,-0.217773,0.987305,-0.000532632,-0.00106526,-0.000532632
1773773143983,0.0864258,-0.217773,0.985352,0,-0.000532632,0.000532632
1773773144063,0.0849609,-0.218262,0.986816,-0.000532632,-0.000532632,0.000532632
1773773144134,0.0869141,-0.220215,0.989258,0,0,0.000532632
1773773144215,0.0859375,-0.21875,0.987305,0.000532632,0,0
1773773144295,0.0869141,-0.219727,0.990234,0,0.000532632,-0.000532632
1773773144366,0.0883789,-0.217773,0.987305,0.000532632,-0.000532632,0.000532632
1773773144446,0.0893555,-0.218262,0.987793,-0.000532632,-0.00106526,0
1773773144517,0.0874023,-0.21875,0.98877,0.000532632,-0.000532632,-0.000532632
1773773144597,0.0878906,-0.217285,0.987793,0,-0.00106526,-0.00106526
1773773144678,0.0864258,-0.217285,0.987793,0.000532632,-0.000532632,-0.00106526
1773773144749,0.0874023,-0.218262,0.98877,0,-0.000532632,-0.00106526
1773773144829,0.0878906,-0.218262,0.98877,-0.000532632,-0.00106526,0.000532632
1773773144910,0.0883789,-0.217285,0.988281,-0.000532632,-0.000532632,0.000532632
1773773144980,0.0854492,-0.219727,0.98877,0.000532632,-0.00106526,0
1773773145061,0.0898438,-0.219238,0.987305,0,-0.000532632,0.000532632
1773773145141,0.0878906,-0.218262,0.989258,-0.000532632,0,0
1773773145212,0.0864258,-0.21875,0.986816,0,0,0.00106526
1773773145292,0.0878906,-0.217773,0.987793,0,0,0.000532632
1773773145373,0.0864258,-0.217773,0.986328,-0.000532632,-0.000532632,-0.0015979
1773773145444,0.0864258,-0.219727,0.987305,-0.000532632,0,-0.000532632
1773773145524,0.0869141,-0.218262,0.986328,0,0,0.00106526
1773773145605,0.0864258,-0.218262,0.987793,0.000532632,0,0.00106526
1773773145675,0.0878906,-0.217773,0.990723,0,-0.00106526,0
1773773145756,0.0888672,-0.218262,0.986816,-0.00106526,0,-0.00106526
1773773145826,0.0864258,-0.217285,0.989258,0,0.000532632,0.00106526
1773773145907,0.0869141,-0.221191,0.987305,0.00106526,0,0.000532632
1773773145987,0.0849609,-0.219727,0.988281,0.000532632,0,-0.000532632
1773773146058,0.0874023,-0.216797,0.986328,0,-0.000532632,0
1773773146138,0.0864258,-0.219727,0.986816,0,0,-0.00106526
1773773146219,0.0859375,-0.219238,0.987305,0,-0.000532632,0
1773773146289,0.0854492,-0.220215,0.986328,-0.00106526,0,-0.00106526
1773773146370,0.0864258,-0.220215,0.986816,-0.000532632,0,0.000532632
1773773146451,0.0869141,-0.218262,0.98877,-0.000532632,-0.00106526,0.000532632
1773773146521,0.0893555,-0.21875,0.986816,0.000532632,0,-0.000532632
1773773146602,0.0854492,-0.21875,0.986816,0,0,-0.000532632
1773773146682,0.0864258,-0.217773,0.987793,0,0,-0.000532632
1773773146753,0.0883789,-0.218262,0.987793,0.00106526,-0.00106526,-0.00106526
1773773146833,0.0859375,-0.220215,0.988281,0,-0.000532632,-0.000532632
1773773146914,0.0869141,-0.217773,0.989258,-0.000532632,-0.00106526,0
1773773146984,0.0883789,-0.216309,0.987793,0,0.000532632,0.00106526
1773773147065,0.0864258,-0.21875,0.987305,0,-0.000532632,0
1773773147135,0.0869141,-0.219727,0.987305,0,-0.00106526,0.00106526
1773773147216,0.0854492,-0.220215,0.987305,-0.000532632,-0.000532632,0
1773773147297,0.0888672,-0.217773,0.98877,0,-0.000532632,0
1773773147367,0.0883789,-0.21875,0.98877,0,0,0.000532632
1773773147448,0.0864258,-0.218262,0.987305,0.0015979,-0.00106526,0.000532632
1773773147528,0.0874023,-0.218262,0.989258,-0.000532632,-0.000532632,0.000532632
1773773147599,0.0874023,-0.218262,0.987305,0,-0.000532632,0
1773773147679,0.0878906,-0.21875,0.98877,0,-0.00106526,0.000532632
1773773147760,0.0878906,-0.218262,0.986816,-0.000532632,-0.00106526,-0.000532632
1773773147830,0.0859375,-0.21875,0.989746,-0.00106526,-0.0015979,0
1773773147911,0.0878906,-0.218262,0.988281,-0.000532632,-0.000532632,0
1773773147992,0.0869141,-0.218262,0.986328,0,0,0
1773773148062,0.0874023,-0.219727,0.989258,-0.000532632,-0.000532632,0.00106526
1773773148143,0.0869141,-0.217773,0.988281,-0.000532632,-0.00106526,-0.000532632
1773773148213,0.0878906,-0.219238,0.98877,-0.000532632,0,0.000532632
1773773148294,0.0893555,-0.217285,0.986816,0.000532632,-0.000532632,0
1773773148374,0.0883789,-0.219238,0.989258,0,-0.00106526,-0.00106526
1773773148445,0.0869141,-0.21875,0.987793,0.000532632,-0.000532632,0
1773773148526,0.0883789,-0.219727,0.989258,0,-0.0015979,0
1773773148606,0.0878906,-0.219238,0.987305,0,-0.000532632,0
1773773148677,0.0869141,-0.218262,0.987305,-0.000532632,-0.000532632,-0.000532632
1773773148757,0.0883789,-0.217285,0.988281,0.000532632,-0.00106526,0
1773773148838,0.0869141,-0.219727,0.989746,0.00106526,-0.00106526,0.00106526
1773773148908,0.0864258,-0.219727,0.987793,0.000532632,0,0.000532632
1773773148991,0.0869141,-0.217773,0.987793,0.000532632,-0.00213053,0
1773773149060,0.0888672,-0.21875,0.986328,0.000532632,-0.00106526,-0.000532632
1773773149141,0.0878906,-0.220215,0.98584,0.00106526,0,0.000532632
1773773149221,0.0869141,-0.219238,0.987305,0.00106526,-0.00106526,-0.000532632
1773773149291,0.0859375,-0.219727,0.987305,-0.000532632,-0.0015979,0.000532632
1773773149372,0.0864258,-0.218262,0.988281,-0.000532632,-0.000532632,-0.00106526
1773773149453,0.0864258,-0.217285,0.98877,0,0,0.000532632
1773773149523,0.0878906,-0.219727,0.98877,0,0.000532632,0.00106526
1773773149603,0.0878906,-0.219238,0.988281,0,-0.000532632,0
1773773149684,0.0878906,-0.21875,0.987305,0,-0.000532632,0.00106526
1773773149755,0.0874023,-0.218262,0.98877,0,0,0.00106526
1773773149835,0.0864258,-0.218262,0.98877,-0.000532632,-0.00106526,0.000532632
1773773149916,0.0888672,-0.218262,0.988281,-0.000532632,-0.0015979,0
1773773149986,0.0874023,-0.220703,0.988281,0,-0.00106526,0
1773773150067,0.0888672,-0.218262,0.988281,-0.000532632,-0.000532632,-0.000532632
1773773150147,0.0854492,-0.217773,0.990234,0,-0.000532632,0.000532632
1773773150218,0.0859375,-0.218262,0.987305,-0.000532632,-0.000532632,-0.000532632
1773773150298,0.0874023,-0.220703,0.986816,-0.000532632,-0.00106526,0
1773773150379,0.0869141,-0.217285,0.989258,0,-0.000532632,-0.000532632
1773773150449,0.0878906,-0.218262,0.988281,0.000532632,-0.000532632,0
1773773150530,0.0878906,-0.217773,0.988281,0.000532632,-0.000532632,0.000532632
1773773150611,0.0864258,-0.219238,0.987793,0.000532632,-0.0015979,-0.000532632
1773773150681,0.0874023,-0.220215,0.987305,-0.000532632,0,0
1773773150762,0.0883789,-0.216797,0.988281,0.000532632,0,0.00106526
1773773150832,0.0854492,-0.21875,0.988281,-0.000532632,-0.00106526,-0.00106526
1773773150913,0.0869141,-0.21875,0.98877,-0.000532632,-0.000532632,-0.000532632
1773773150993,0.0883789,-0.220215,0.988281,0,-0.0015979,0.00106526
1773773151064,0.0893555,-0.217773,0.98877,0.000532632,-0.00106526,0.000532632
1773773151144,0.0864258,-0.219727,0.988281,0,-0.000532632,0.000532632
1773773151225,0.0878906,-0.217285,0.988281,-0.00106526,-0.000532632,0.000532632
1773773151295,0.0874023,-0.220215,0.988281,0,-0.00106526,-0.000532632
1773773151376,0.0878906,-0.219238,0.98877,-0.000532632,-0.000532632,-0.00106526
1773773151457,0.0869141,-0.217773,0.987793,0.000532632,-0.00106526,-0.000532632
1773773151527,0.0869141,-0.216797,0.987305,0.000532632,0.000532632,0.000532632
1773773151607,0.0859375,-0.219238,0.987793,0,-0.0015979,0.000532632
1773773151688,0.0878906,-0.216309,0.987305,-0.000532632,0,0
1773773151758,0.0864258,-0.21875,0.986328,0,-0.000532632,0.000532632
1773773151839,0.0869141,-0.219727,0.987305,0,0,0.000532632
1773773151920,0.0874023,-0.218262,0.990234,-0.000532632,0,0
1773773151990,0.0874023,-0.217773,0.987305,-0.00106526,0,-0.000532632
1773773152071,0.0864258,-0.219238,0.986328,0,-0.000532632,-0.000532632
1773773152141,0.0874023,-0.219238,0.987793,0,0,-0.000532632
1773773152222,0.0844727,-0.21875,0.990234,0.000532632,0,-0.000532632
1773773152302,0.0869141,-0.21875,0.987793,-0.000532632,0.000532632,-0.000532632
1773773152373,0.0883789,-0.219238,0.990234,-0.000532632,-0.00106526,0
1773773152453,0.0854492,-0.219238,0.98584,0,-0.000532632,0
1773773152534,0.0878906,-0.21875,0.987793,-0.000532632,-0.000532632,0.000532632
1773773152604,0.0874023,-0.217285,0.986816,0,0,-0.00106526
1773773152685,0.0883789,-0.21875,0.989258,-0.00106526,-0.00106526,0
1773773152765,0.0878906,-0.220215,0.987305,-0.00106526,-0.00106526,-0.000532632
1773773152836,0.0878906,-0.218262,0.987793,0.000532632,-0.000532632,-0.00106526
1773773152916,0.0878906,-0.219238,0.98584,0.000532632,-0.00106526,-0.000532632
1773773152997,0.0854492,-0.21875,0.989258,0,0,-0.000532632
1773773153067,0.0878906,-0.220215,0.986816,-0.000532632,-0.00106526,0
1773773153148,0.0869141,-0.217773,0.989258,0,-0.000532632,0
1773773153229,0.0864258,-0.217773,0.987793,-0.000532632,-0.00106526,0.000532632
1773773153299,0.0874023,-0.217773,0.98877,0,-0.000532632,0.000532632
1773773153380,0.0888672,-0.217773,0.987305,-0.000532632,-0.0015979,-0.000532632
1773773153450,0.0859375,-0.218262,0.987305,0,-0.000532632,0.000532632
1773773153531,0.0864258,-0.218262,0.98877,0,0,0
1773773153611,0.0888672,-0.218262,0.987793,-0.000532632,-0.00106526,-0.000532632
1773773153682,0.0874023,-0.219238,0.988281,0.00106526,0,0.00106526
1773773153762,0.0864258,-0.217285,0.988281,-0.000532632,-0.000532632,-0.00106526
1773773153843,0.0869141,-0.21875,0.989258,0,0,0.000532632
1773773153914,0.0878906,-0.21875,0.987793,0,-0.000532632,0
1773773153994,0.0878906,-0.217773,0.987793,0.000532632,-0.0015979,0
1773773154075,0.0878906,-0.21875,0.987793,-0.000532632,-0.000532632,0
1773773154145,0.0864258,-0.21875,0.988281,-0.000532632,-0.000532632,0.00106526
1773773154226,0.0888672,-0.219238,0.987305,0,0,-0.000532632
1773773154306,0.0869141,-0.218262,0.98584,0,-0.000532632,0
1773773154377,0.0874023,-0.220215,0.988281,0,0,-0.000532632
1773773154457,0.0874023,-0.218262,0.987793,0.000532632,0,-0.000532632
1773773154528,0.0878906,-0.217285,0.986816,-0.000532632,-0.000532632,0.00106526
1773773154608,0.0874023,-0.21875,0.989258,0,-0.000532632,0.000532632
1773773154689,0.0883789,-0.217285,0.989258,0.000532632,0,-0.000532632
1773773154760,0.0874023,-0.219727,0.987793,-0.000532632,-0.00106526,-0.000532632
1773773154840,0.0849609,-0.218262,0.986816,0.00106526,0.000532632,0.000532632
1773773154921,0.0859375,-0.21875,0.98877,0,0,0
1773773154991,0.0844727,-0.217285,0.98877,-0.00106526,-0.00106526,0
1773773155072,0.0878906,-0.21875,0.984863,0,-0.000532632,-0.000532632
1773773155152,0.0898438,-0.220215,0.986816,0,0.000532632,0.00106526
1773773155223,0.0888672,-0.218262,0.987793,-0.000532632,-0.000532632,0.000532632
1773773155303,0.0883789,-0.219727,0.98877,0,-0.00106526,-0.000532632
1773773155384,0.0888672,-0.219727,0.989258,0.000532632,-0.00106526,-0.000532632
1773773155454,0.0878906,-0.217285,0.987305,0.000532632,0,0.00106526
1773773155535,0.0893555,-0.219727,0.986328,-0.000532632,-0.000532632,0.000532632
1773773155616,0.0859375,-0.217773,0.988281,-0.000532632,-0.00106526,-0.000532632
1773773155686,0.0859375,-0.218262,0.988281,-0.000532632,-0.00106526,-0.000532632
1773773155767,0.0878906,-0.219238,0.989258,0,-0.000532632,-0.000532632
1773773155837,0.0878906,-0.216797,0.986816,0,-0.000532632,0.00106526
1773773155919,0.0874023,-0.219727,0.987305,0.000532632,-0.000532632,-0.000532632
1773773155998,0.0874023,-0.219727,0.989258,0,0,0.000532632
1773773156069,0.0869141,-0.219727,0.987793,0.000532632,-0.000532632,0
1773773156149,0.0869141,-0.219727,0.987793,0,-0.000532632,0
1773773156230,0.0869141,-0.21875,0.986328,0,-0.00213053,0.000532632
1773773156300,0.0878906,-0.216309,0.987793,0,-0.000532632,0.00106526
1773773156381,0.0864258,-0.21875,0.987305,0,-0.000532632,-0.000532632
1773773156462,0.0883789,-0.219238,0.98877,-0.00106526,0,0.000532632
1773773156532,0.0864258,-0.217773,0.986328,0,0.000532632,0.00106526
1773773156613,0.0854492,-0.219238,0.986816,0.000532632,0,0.000532632
1773773156693,0.0869141,-0.220215,0.986816,0.000532632,-0.000532632,0
1773773156764,0.0849609,-0.219727,0.988281,-0.000532632,0,0.000532632
1773773156844,0.0883789,-0.218262,0.988281,0,-0.00106526,0
1773773156925,0.0849609,-0.21875,0.987793,0.000532632,-0.000532632,-0.000532632
1773773156995,0.0893555,-0.218262,0.990234,0,-0.000532632,0.000532632
1773773157076,0.0864258,-0.219238,0.98877,0,-0.00106526,0.000532632
1773773157146,0.0878906,-0.217773,0.986328,0,-0.00106526,-0.000532632
1773773157227,0.0878906,-0.220215,0.98877,-0.000532632,-0.00106526,0.000532632
1773773157307,0.0898438,-0.21875,0.987305,0,-0.00106526,0.000532632
1773773157378,0.0888672,-0.218262,0.986328,0.000532632,-0.0015979,-0.000532632
1773773157459,0.0864258,-0.219238,0.98584,0.000532632,0,0.00106526
1773773157539,0.0869141,-0.217773,0.986816,0,0,-0.000532632
1773773157610,0.0864258,-0.219238,0.987305,0,-0.000532632,0.000532632
1773773157690,0.0864258,-0.219727,0.987793,-0.000532632,0,0.000532632
1773773157771,0.0854492,-0.220215,0.989258,0.000532632,-0.000532632,-0.000532632
1773773157841,0.0888672,-0.220215,0.987793,-0.000532632,0.000532632,0
1773773157922,0.0864258,-0.218262,0.986816,0,0,0
1773773158002,0.0874023,-0.218262,0.989746,-0.000532632,0,-0.000532632
1773773158073,0.0864258,-0.216309,0.987793,-0.000532632,-0.00106526,0.000532632
1773773158154,0.0864258,-0.217773,0.98877,0,0,0.000532632
1773773158224,0.0869141,-0.217285,0.988281,0.000532632,-0.0015979,-0.000532632
1773773158304,0.0878906,-0.218262,0.989746,-0.000532632,-0.000532632,0.000532632
1773773158385,0.0878906,-0.216797,0.988281,0,-0.00106526,0
1773773158456,0.0883789,-0.218262,0.987305,0,-0.000532632,0
1773773158536,0.0883789,-0.219238,0.988281,-0.000532632,0,0.000532632
1773773158616,0.0874023,-0.21875,0.990234,0.000532632,0,0
1773773158687,0.0869141,-0.219238,0.986328,0,-0.000532632,0
1773773158768,0.0874023,-0.21875,0.989258,0.00106526,-0.00106526,0.000532632
1773773158848,0.0874023,-0.218262,0.987305,0,-0.000532632,0
1773773158919,0.0883789,-0.220703,0.987305,0.000532632,-0.000532632,0.000532632
1773773158999,0.0874023,-0.21875,0.987305,0,-0.00106526,0.000532632
1773773159080,0.0864258,-0.219727,0.987305,0,-0.00106526,0
1773773159150,0.0874023,-0.219727,0.988281,-0.00106526,0,-0.000532632
1773773159231,0.0864258,-0.218262,0.988281,0.000532632,-0.00106526,-0.000532632
1773773159311,0.0888672,-0.21875,0.990234,0.000532632,0,0.00106526
1773773159384,0.0878906,-0.219238,0.986816,0,0,0
1773773159463,0.0878906,-0.220215,0.987793,0.000532632,0,0.00106526
1773773159534,0.0869141,-0.21875,0.988281,0,0.000532632,-0.000532632
1773773159614,0.0883789,-0.21875,0.989258,0,-0.000532632,-0.000532632
1773773159695,0.0869141,-0.220215,0.987305,0,-0.00106526,-0.000532632
1773773159765,0.0869141,-0.219238,0.98877,0.000532632,-0.000532632,0.000532632
1773773159846,0.0883789,-0.220703,0.985352,0,-0.000532632,0.000532632
1773773159926,0.0888672,-0.220215,0.989258,0.000532632,-0.000532632,-0.000532632
1773773159997,0.0883789,-0.219238,0.987793,0.000532632,-0.000532632,0
1773773160077,0.0869141,-0.216797,0.98877,0.000532632,-0.000532632,0
1773773160158,0.0874023,-0.219238,0.989746,0,-0.0015979,0
1773773160228,0.0878906,-0.216797,0.986328,0,-0.00106526,-0.00106526
1773773160309,0.0874023,-0.21875,0.987305,-0.000532632,0.000532632,-0.00106526
1773773160379,0.0874023,-0.217285,0.989746,0,-0.000532632,0.000532632
1773773160460,0.0888672,-0.217773,0.988281,-0.000532632,0,0
1773773160541,0.0888672,-0.219238,0.986816,-0.00106526,-0.00106526,0
1773773160611,0.0874023,-0.21875,0.990723,-0.000532632,-0.00106526,-0.000532632
1773773160692,0.0878906,-0.216309,0.988281,-0.00106526,-0.000532632,0
1773773160772,0.0893555,-0.21875,0.98877,0.000532632,-0.00106526,-0.000532632
1773773160843,0.0844727,-0.219238,0.987305,0,-0.00106526,-0.0015979
1773773160923,0.0869141,-0.219238,0.98877,-0.000532632,-0.00106526,0
1773773161004,0.0888672,-0.219727,0.989258,-0.000532632,-0.0015979,0.000532632
1773773161074,0.0864258,-0.217773,0.987305,0.000532632,-0.00106526,0.000532632
1773773161155,0.0864258,-0.219238,0.989258,0,-0.0015979,-0.000532632
1773773161235,0.0874023,-0.219727,0.987305,0,-0.000532632,0.000532632
1773773161306,0.0864258,-0.219727,0.990234,0,0,-0.000532632
1773773161386,0.0874023,-0.219238,0.987793,0,-0.000532632,-0.000532632
1773773161467,0.0859375,-0.219238,0.988281,0.000532632,-0.000532632,-0.000532632
1773773161537,0.0854492,-0.217773,0.988281,0.00106526,0,0.00106526
1773773161618,0.0864258,-0.217773,0.987793,0,-0.00106526,0
1773773161699,0.0864258,-0.218262,0.987793,0,-0.000532632,0.000532632
1773773161769,0.0864258,-0.220703,0.987793,0.00106526,-0.000532632,-0.000532632
1773773161850,0.0874023,-0.219238,0.987305,0,0,-0.00106526
1773773161920,0.0859375,-0.217773,0.987305,-0.000532632,-0.000532632,-0.000532632
1773773162001,0.0859375,-0.21875,0.986328,0,-0.000532632,0.000532632
1773773162081,0.0844727,-0.221191,0.987793,0.000532632,-0.000532632,0
1773773162152,0.0869141,-0.220215,0.987305,0.000532632,0,0
1773773162232,0.0864258,-0.21875,0.988281,-0.000532632,-0.00106526,0.000532632
1773773162313,0.0874023,-0.217773,0.987793,-0.000532632,-0.000532632,0.000532632
1773773162384,0.0869141,-0.220215,0.988281,0,0.000532632,0
1773773162464,0.0859375,-0.220703,0.987793,-0.000532632,-0.000532632,0
1773773162545,0.0864258,-0.21875,0.987793,0,0,0
1773773162615,0.0878906,-0.21875,0.988281,0,-0.000532632,-0.000532632
1773773162695,0.0874023,-0.218262,0.98877,0.000532632,-0.00106526,0
1773773162776,0.0874023,-0.219238,0.990234,0,0,0
1773773162846,0.0874023,-0.218262,0.987305,0,-0.000532632,0.000532632
1773773162927,0.0859375,-0.220215,0.988281,-0.00106526,-0.00106526,0
1773773163008,0.0878906,-0.217285,0.98877,0,-0.000532632,-0.000532632
1773773163078,0.0883789,-0.217285,0.98877,0.000532632,0,-0.00106526
1773773163159,0.0864258,-0.21875,0.987793,-0.00106526,-0.00106526,0
1773773163229,0.0854492,-0.21875,0.987793,0,-0.000532632,0.000532632
1773773163310,0.0883789,-0.218262,0.990723,-0.0015979,-0.000532632,0
1773773163390,0.0869141,-0.21875,0.98877,-0.000532632,0,-0.000532632
1773773163461,0.0883789,-0.219727,0.986328,-0.00106526,-0.000532632,0
1773773163541,0.0874023,-0.219727,0.989258,0,-0.000532632,0.00106526
1773773163622,0.0864258,-0.218262,0.987305,0.00106526,-0.000532632,0.000532632
1773773163692,0.0874023,-0.218262,0.987793,0.000532632,0.00106526,-0.000532632
1773773163773,0.0859375,-0.219238,0.987793,0,0,-0.000532632
1773773163853,0.0898438,-0.217773,0.989258,0,-0.000532632,-0.000532632
1773773163924,0.0874023,-0.21875,0.987793,-0.000532632,-0.000532632,0
1773773164005,0.0854492,-0.220215,0.98584,-0.00106526,-0.000532632,0
1773773164085,0.0859375,-0.219238,0.986816,0,0.000532632,0
1773773164155,0.0864258,-0.220215,0.98877,0.00106526,0,0.000532632
1773773164236,0.0854492,-0.21875,0.98584,0,0,0.000532632
1773773164307,0.0878906,-0.220215,0.986328,0,-0.00106526,0
1773773164387,0.0869141,-0.216797,0.988281,0,-0.0015979,0
1773773164468,0.0864258,-0.21875,0.987793,0.00106526,0,0.0015979
1773773164538,0.0859375,-0.219727,0.987305,-0.000532632,0.000532632,-0.00106526
1773773164619,0.0854492,-0.220215,0.986816,0,0.000532632,-0.000532632
1773773164700,0.0859375,-0.217773,0.988281,-0.0015979,-0.000532632,-0.00106526
1773773164770,0.0874023,-0.219238,0.986816,0.000532632,-0.000532632,0
1773773164851,0.0883789,-0.219727,0.985352,0.00106526,0,0
1773773164931,0.0864258,-0.218262,0.987793,0,0,0.00106526
1773773165002,0.0869141,-0.220215,0.989746,0.00106526,-0.000532632,0
1773773165082,0.0869141,-0.21875,0.987305,-0.000532632,-0.000532632,0
1773773165163,0.0849609,-0.217773,0.987305,0,0.000532632,0
1773773165233,0.0864258,-0.221191,0.987793,-0.000532632,-0.00106526,0.000532632
1773773165314,0.0869141,-0.218262,0.988281,0.00106526,0,0
1773773165385,0.0859375,-0.218262,0.987305,-0.000532632,-0.00106526,-0.000532632
1773773165465,0.0859375,-0.219727,0.987793,-0.000532632,-0.000532632,0.000532632
1773773165546,0.0878906,-0.222656,0.98584,-0.000532632,-0.000532632,0.00106526
1773773165616,0.0869141,-0.221191,0.986328,0,-0.000532632,0.000532632
1773773165696,0.0864258,-0.218262,0.98877,0,0.000532632,-0.000532632
1773773165777,0.0849609,-0.218262,0.987793,0,-0.00106526,0
1773773165848,0.0864258,-0.220215,0.989258,-0.00106526,0.000532632,-0.000532632
1773773165928,0.0854492,-0.219238,0.987793,0.0015979,0,0.000532632
1773773166009,0.0869141,-0.21875,0.986816,-0.000532632,0,0
1773773166079,0.0864258,-0.218262,0.987305,-0.000532632,-0.000532632,0.000532632
1773773166160,0.0883789,-0.219238,0.98877,0,0,0.000532632
1773773166240,0.0864258,-0.21875,0.986816,0.000532632,-0.000532632,0
1773773166311,0.0883789,-0.219238,0.986816,-0.000532632,-0.000532632,-0.000532632
1773773166391,0.0869141,-0.21875,0.988281,0,-0.000532632,0.000532632
1773773166472,0.0864258,-0.219727,0.988281,0,0,0
1773773166542,0.0874023,-0.219727,0.989746,-0.000532632,-0.000532632,0.000532632
1773773166623,0.0874023,-0.219727,0.986816,0.000532632,-0.00106526,0.000532632
1773773166693,0.0874023,-0.219238,0.987793,-0.000532632,-0.000532632,-0.000532632
1773773166774,0.0878906,-0.217773,0.988281,0.000532632,-0.000532632,0
1773773166855,0.0869141,-0.217285,0.988281,-0.000532632,-0.000532632,-0.000532632
1773773166925,0.0869141,-0.219727,0.986816,0.000532632,0,0
1773773167006,0.0859375,-0.21875,0.986328,0.000532632,-0.000532632,-0.000532632
1773773167087,0.0869141,-0.219727,0.988281,0,0,0.00106526
1773773167157,0.0854492,-0.219727,0.987305,0,-0.000532632,0
1773773167237,0.0893555,-0.219727,0.986816,0,0,0.000532632
1773773167318,0.0874023,-0.21875,0.987305,0,0,0.000532632
1773773167389,0.0888672,-0.220215,0.989258,0,-0.000532632,0
1773773167469,0.0883789,-0.217773,0.989258,-0.000532632,0.000532632,0.00106526
1773773167550,0.0878906,-0.216797,0.987793,0,0,0.000532632
1773773167620,0.0874023,-0.218262,0.988281,0,-0.000532632,-0.000532632
1773773167701,0.0878906,-0.216797,0.989258,0.000532632,-0.00106526,0
1773773167781,0.0878906,-0.219238,0.988281,0,-0.00106526,0
1773773167852,0.0874023,-0.218262,0.988281,-0.000532632,-0.00106526,0.000532632
1773773167932,0.0854492,-0.219238,0.98877,-0.000532632,-0.000532632,-0.00106526
1773773168003,0.0898438,-0.219727,0.989258,0,-0.00106526,-0.000532632
1773773168083,0.0869141,-0.218262,0.987305,0.000532632,-0.000532632,0.0015979
1773773168164,0.0874023,-0.217773,0.987793,0,-0.000532632,0.000532632
1773773168234,0.0878906,-0.219727,0.989258,-0.000532632,0,0
1773773168315,0.0878906,-0.217285,0.989746,0,-0.000532632,0.000532632
1773773168396,0.0878906,-0.219238,0.987305,0.000532632,-0.0015979,0
1773773168466,0.0883789,-0.218262,0.989746,0.000532632,-0.0015979,0
1773773168547,0.0874023,-0.219727,0.986816,0.000532632,0.000532632,-0.000532632
1773773168627,0.0874023,-0.220703,0.987305,0,0,0.000532632
1773773168698,0.0869141,-0.21875,0.989258,0.0015979,0,0
1773773168778,0.0864258,-0.219727,0.989258,-0.00106526,-0.000532632,0
1773773168859,0.0859375,-0.21875,0.990234,0,0.000532632,0.000532632
1773773168929,0.0854492,-0.220215,0.988281,0.000532632,-0.00106526,-0.000532632
1773773169010,0.0864258,-0.218262,0.98584,0,-0.000532632,-0.000532632
1773773169090,0.0869141,-0.218262,0.989746,0.000532632,0,-0.000532632
1773773169161,0.0859375,-0.218262,0.986816,0.000532632,-0.000532632,-0.000532632
1773773169241,0.0854492,-0.219238,0.991211,0,-0.000532632,-0.000532632
1773773169322,0.0859375,-0.218262,0.987305,0.000532632,-0.00106526,0.000532632
1773773169392,0.0874023,-0.21875,0.987305,-0.00106526,-0.00106526,0.000532632
1773773169473,0.0859375,-0.217773,0.987305,0.000532632,-0.0015979,-0.000532632
1773773169543,0.0854492,-0.219727,0.987305,0,0,0.0015979
1773773169624,0.0878906,-0.218262,0.986816,0.000532632,-0.000532632,-0.000532632
1773773169704,0.0849609,-0.216797,0.98877,-0.000532632,0,0.000532632
1773773169775,0.0888672,-0.21875,0.98877,0,0.000532632,0.000532632
1773773169856,0.0864258,-0.219238,0.987793,0,-0.00213053,-0.000532632
1773773169936,0.0869141,-0.219238,0.987793,0,0,0
1773773170007,0.0859375,-0.221191,0.987305,-0.000532632,0.000532632,0.000532632
1773773170087,0.0888672,-0.220215,0.986328,-0.000532632,0,0.000532632
1773773170168,0.0869141,-0.219238,0.986328,-0.000532632,-0.0015979,-0.00106526
1773773170238,0.0869141,-0.217773,0.989258,0.000532632,0,-0.000532632
1773773170319,0.0859375,-0.219727,0.986816,0,-0.00106526,0.000532632
1773773170399,0.0874023,-0.221191,0.98877,-0.000532632,-0.000532632,-0.00106526
1773773170470,0.0859375,-0.219727,0.987305,0.00106526,-0.000532632,0
1773773170550,0.0869141,-0.219238,0.986328,0.00106526,-0.000532632,0
1773773170621,0.0869141,-0.219238,0.989258,-0.00106526,-0.000532632,-0.00106526
1773773170701,0.0859375,-0.217773,0.986816,-0.000532632,0,-0.000532632
1773773170782,0.0878906,-0.220215,0.986816,0,-0.000532632,-0.000532632
1773773170852,0.0864258,-0.220215,0.98877,-0.000532632,-0.00106526,-0.00106526
1773773170933,0.0878906,-0.219238,0.987305,0.000532632,0,0
1773773171014,0.0869141,-0.218262,0.989746,0.000532632,-0.00106526,-0.000532632
1773773171084,0.0859375,-0.21875,0.988281,0,-0.000532632,0
1773773171165,0.0869141,-0.21875,0.989258,0.000532632,-0.00106526,0.000532632
1773773171246,0.0874023,-0.219238,0.987793,0,-0.000532632,-0.00106526
1773773171316,0.0878906,-0.220215,0.989258,0,0.000532632,-0.000532632
1773773171397,0.0883789,-0.217773,0.98877,0,-0.00106526,0
1773773171477,0.0869141,-0.219727,0.98877,0.000532632,-0.000532632,-0.000532632
1773773171548,0.0874023,-0.21875,0.98877,0,0,0.000532632
1773773171628,0.0869141,-0.21875,0.987793,0.000532632,-0.000532632,-0.000532632
1773773171709,0.0864258,-0.216797,0.98877,0.000532632,-0.00106526,-0.00106526
1773773171779,0.0859375,-0.218262,0.989258,-0.000532632,-0.00106526,0.000532632
1773773171860,0.0869141,-0.220215,0.989258,0.000532632,0.000532632,0
1773773171930,0.0893555,-0.217285,0.987305,0,-0.00106526,-0.000532632
1773773172011,0.0854492,-0.217285,0.988281,0.000532632,0,0.00106526
1773773172091,0.0893555,-0.220215,0.989746,-0.000532632,-0.000532632,0
1773773172162,0.0849609,-0.218262,0.987305,0.000532632,-0.000532632,0
1773773172243,0.0859375,-0.219727,0.988281,0.000532632,-0.000532632,0
1773773172323,0.0864258,-0.219727,0.987305,0.000532632,-0.000532632,0
1773773172395,0.0888672,-0.21875,0.991211,-0.000532632,-0.0015979,0
1773773172474,0.0888672,-0.21875,0.986328,0,0,0
1773773172555,0.0878906,-0.219238,0.98584,0,0,0.00106526
1773773172625,0.0864258,-0.221191,0.987793,0.00106526,-0.00106526,0.000532632
1773773172706,0.0854492,-0.21875,0.987793,0,-0.0015979,0.00106526
1773773172787,0.0849609,-0.218262,0.987793,0,-0.00106526,-0.000532632
1773773172857,0.0878906,-0.219727,0.98877,-0.000532632,-0.00106526,0
1773773172938,0.0883789,-0.218262,0.989746,0,0,0.000532632
1773773173008,0.0864258,-0.21875,0.987305,0.000532632,-0.000532632,-0.00106526
1773773173089,0.0854492,-0.218262,0.98877,-0.000532632,-0.00106526,0.00106526
1773773173169,0.0859375,-0.21875,0.98877,0,0,-0.000532632
1773773173240,0.0878906,-0.218262,0.989258,0,0.000532632,0
1773773173320,0.0864258,-0.21875,0.989746,0,-0.00106526,0
1773773173401,0.0878906,-0.220215,0.98877,-0.00106526,-0.000532632,0.000532632
1773773173472,0.0859375,-0.217773,0.990234,0,0,-0.000532632
1773773173552,0.0888672,-0.21875,0.98877,0,0,0.000532632
1773773173633,0.0869141,-0.21875,0.987793,-0.000532632,0.000532632,0.000532632
1773773173703,0.0864258,-0.218262,0.987793,-0.000532632,-0.000532632,0
1773773173784,0.0854492,-0.219238,0.987305,0.000532632,-0.00106526,0.000532632
1773773173865,0.0883789,-0.219238,0.987305,0,-0.000532632,-0.000532632
1773773173935,0.0874023,-0.21875,0.986816,-0.00106526,0,0
1773773174015,0.0883789,-0.219238,0.986328,0,-0.000532632,0.000532632
1773773174086,0.0878906,-0.219238,0.986816,0.000532632,-0.0015979,0
1773773174167,0.0854492,-0.218262,0.987305,-0.00106526,-0.000532632,-0.00106526
1773773174247,0.0854492,-0.218262,0.989258,0,0,-0.00106526
1773773174318,0.0878906,-0.219238,0.989258,-0.000532632,0,-0.000532632
1773773174398,0.0859375,-0.217773,0.98877,0.000532632,0,-0.000532632
1773773174479,0.0878906,-0.219238,0.990234,0,0,-0.000532632
1773773174549,0.0854492,-0.218262,0.987793,0.000532632,-0.000532632,0.000532632
1773773174630,0.0854492,-0.219238,0.987793,0,-0.00106526,0
1773773174710,0.0869141,-0.21875,0.98584,-0.000532632,-0.00106526,0.000532632
1773773174781,0.0869141,-0.21875,0.98877,0.0015979,-0.000532632,0
1773773174861,0.0874023,-0.220215,0.987305,0,-0.00106526,-0.000532632
1773773174942,0.0859375,-0.216309,0.989258,0.000532632,0.000532632,-0.00106526
1773773175012,0.0854492,-0.217285,0.987793,-0.000532632,-0.00106526,0
1773773175093,0.0874023,-0.219238,0.990723,0,-0.00106526,0
1773773175174,0.0888672,-0.21875,0.988281,0.000532632,0.000532632,0
1773773175244,0.0883789,-0.217285,0.986816,-0.000532632,0,0.000532632
1773773175325,0.0864258,-0.21875,0.988281,0,-0.000532632,0.00106526
1773773175395,0.0849609,-0.219727,0.986328,0,-0.000532632,0
1773773175476,0.0883789,-0.21875,0.98877,0,-0.0015979,0
1773773175556,0.0859375,-0.21875,0.990234,0,0,0
1773773175627,0.0859375,-0.219727,0.987305,0,0,0
1773773175708,0.0869141,-0.21875,0.988281,0,0,0.000532632
1773773175788,0.0859375,-0.219727,0.987793,0.000532632,-0.000532632,0
1773773175859,0.0869141,-0.217773,0.987793,0.000532632,-0.00106526,0.0015979
1773773175939,0.0878906,-0.217773,0.988281,0,-0.000532632,0
1773773176020,0.0888672,-0.219727,0.989258,0.00106526,-0.000532632,0
1773773176090,0.0883789,-0.219727,0.987793,0.00106526,-0.000532632,0.000532632
1773773176171,0.0864258,-0.219238,0.987793,-0.00106526,-0.000532632,0.000532632
1773773176251,0.0874023,-0.216797,0.986328,0,0,-0.000532632
1773773176322,0.0859375,-0.219238,0.988281,0.000532632,-0.000532632,-0.000532632
1773773176403,0.0883789,-0.220703,0.986328,-0.000532632,-0.000532632,0
1773773176473,0.0888672,-0.218262,0.987305,0,-0.000532632,0.000532632
1773773176554,0.0869141,-0.21875,0.98877,-0.000532632,-0.00106526,0
1773773176634,0.0849609,-0.218262,0.98877,0.0015979,0,0
1773773176705,0.0874023,-0.219238,0.987305,-0.000532632,-0.00106526,-0.000532632
1773773176785,0.0874023,-0.21875,0.989258,0.000532632,-0.000532632,-0.000532632
1773773176866,0.0874023,-0.21875,0.986816,0,0.000532632,0.000532632
1773773176937,0.0859375,-0.217773,0.987305,0.000532632,0,0
1773773177017,0.0878906,-0.219727,0.98877,0.000532632,0,0
1773773177098,0.0883789,-0.219238,0.987793,0,-0.000532632,-0.000532632
1773773177168,0.0854492,-0.220703,0.987793,0.000532632,-0.000532632,0
1773773177249,0.0864258,-0.217773,0.987305,0,-0.000532632,0
1773773177329,0.0864258,-0.219238,0.988281,0.000532632,-0.000532632,-0.000532632
1773773177401,0.0869141,-0.219238,0.987793,0.000532632,0,0.000532632
1773773177480,0.0859375,-0.219238,0.987793,0.000532632,-0.000532632,0.000532632
1773773177561,0.0854492,-0.220215,0.988281,0,0,0.000532632
1773773177631,0.0874023,-0.219238,0.988281,0.000532632,-0.000532632,0
1773773177712,0.0878906,-0.220215,0.987305,-0.000532632,-0.000532632,0
1773773177782,0.0874023,-0.219727,0.987793,0,-0.00106526,-0.0015979
1773773177863,0.0864258,-0.219238,0.987793,0.000532632,-0.00106526,0.000532632
1773773177943,0.0869141,-0.217285,0.987793,0,0,0.000532632
1773773178014,0.0898438,-0.219727,0.98877,0.0015979,-0.000532632,0.00106526
1773773178095,0.0874023,-0.218262,0.986816,0.000532632,-0.000532632,0
1773773178175,0.0878906,-0.217773,0.987793,0,-0.0015979,0
1773773178246,0.0864258,-0.216797,0.986328,0.000532632,0.000532632,-0.000532632
1773773178326,0.0854492,-0.217773,0.986816,0.00106526,0,0.000532632
1773773178407,0.0864258,-0.221191,0.989258,0.000532632,-0.00106526,-0.000532632
1773773178477,0.0874023,-0.217773,0.989258,0.000532632,0,0
1773773178558,0.0874023,-0.221191,0.987305,-0.000532632,-0.0015979,0.000532632
1773773178638,0.0874023,-0.217285,0.98877,0.0015979,-0.00106526,-0.000532632
1773773178709,0.0869141,-0.218262,0.988281,0.000532632,-0.000532632,0.000532632
1773773178789,0.0864258,-0.217773,0.987305,0,0,0
1773773178860,0.0878906,-0.220703,0.987305,0.00106526,0,0
1773773178942,0.0854492,-0.219238,0.988281,0.000532632,-0.000532632,0
1773773179021,0.0869141,-0.219238,0.986328,-0.000532632,-0.000532632,0.000532632
1773773179092,0.0854492,-0.219727,0.987305,0.00106526,-0.00106526,0.000532632
1773773179172,0.0844727,-0.218262,0.989258,-0.00106526,0,0.000532632
1773773179253,0.0854492,-0.219238,0.987305,0,0,0
1773773179323,0.0874023,-0.218262,0.986328,0.00106526,0,-0.000532632
1773773179404,0.0864258,-0.220215,0.987793,0.00106526,-0.000532632,-0.000532632
1773773179484,0.0869141,-0.21875,0.986816,0.000532632,0.000532632,0.0015979
1773773179555,0.0883789,-0.220215,0.989258,0,-0.000532632,-0.000532632
1773773179635,0.0883789,-0.219238,0.987305,-0.000532632,-0.000532632,0.000532632
1773773179716,0.0859375,-0.21875,0.988281,0.000532632,0.000532632,-0.000532632
1773773179787,0.0869141,-0.218262,0.990723,0,-0.000532632,0.000532632
1773773179867,0.0874023,-0.218262,0.988281,-0.0015979,0,-0.000532632
1773773179948,0.0869141,-0.219727,0.987305,-0.000532632,-0.000532632,0
1773773180018,0.0864258,-0.221191,0.987793,0.000532632,0.00106526,0.00106526
1773773180099,0.0864258,-0.220215,0.989258,-0.000532632,0,0
1773773180169,0.0869141,-0.219727,0.98877,-0.000532632,-0.00106526,0.000532632
1773773180250,0.0869141,-0.220215,0.98877,0.000532632,-0.000532632,0.000532632
1773773180330,0.0864258,-0.21875,0.986816,0,-0.000532632,-0.000532632
1773773180401,0.0854492,-0.218262,0.989258,0.000532632,-0.000532632,0
1773773180482,0.0859375,-0.219238,0.987305,-0.000532632,-0.0015979,0
1773773180562,0.0849609,-0.218262,0.989258,0,0,0
1773773180633,0.0859375,-0.221191,0.987793,-0.00106526,-0.000532632,0.000532632
1773773180713,0.0854492,-0.220703,0.987305,0,-0.00106526,0.000532632
1773773180794,0.0888672,-0.21875,0.986328,0,-0.000532632,-0.000532632
1773773180864,0.0859375,-0.219727,0.987305,-0.000532632,0,0
1773773180945,0.0864258,-0.217773,0.988281,0,0,0.00106526
1773773181025,0.0869141,-0.21875,0.985352,0.000532632,-0.000532632,-0.00106526
1773773181096,0.0859375,-0.220703,0.989258,0,-0.00106526,0
1773773181176,0.0874023,-0.217773,0.98877,0.000532632,-0.00106526,0
1773773181257,0.0874023,-0.21875,0.987305,0,-0.000532632,0
1773773181327,0.0869141,-0.219238,0.988281,0,0,0
1773773181408,0.0854492,-0.219727,0.988281,0.000532632,-0.00106526,0
1773773181478,0.0874023,-0.218262,0.989258,0.000532632,0,-0.00106526
1773773181559,0.0878906,-0.220703,0.988281,0.000532632,-0.0015979,0
1773773181639,0.0864258,-0.218262,0.987793,0.000532632,0,0.000532632
1773773181710,0.0859375,-0.219238,0.987793,0,-0.000532632,0
1773773181791,0.0869141,-0.219238,0.987793,0.000532632,0,-0.000532632
1773773181871,0.0878906,-0.220703,0.98584,0,-0.000532632,0.00106526
1773773181942,0.0859375,-0.217773,0.990234,-0.000532632,-0.00106526,0.000532632
1773773182024,0.0878906,-0.21875,0.986816,0,-0.0015979,0.000532632
1773773182103,0.0869141,-0.217773,0.988281,0.000532632,0,0.000532632
1773773182173,0.0874023,-0.219238,0.988281,0,-0.00106526,0.000532632
1773773182254,0.0878906,-0.217285,0.984863,0.000532632,0.000532632,0.000532632
1773773182334,0.0864258,-0.219727,0.987305,-0.00106526,-0.00106526,0.000532632
1773773182405,0.0878906,-0.218262,0.986816,0,-0.00106526,-0.000532632
1773773182485,0.0874023,-0.21875,0.989258,0,-0.000532632,0.000532632
1773773182556,0.0869141,-0.219727,0.98877,0.000532632,-0.00106526,-0.000532632
1773773182636,0.0869141,-0.219727,0.986816,0,0,0.00106526
1773773182717,0.0878906,-0.219238,0.989258,0.000532632,-0.00106526,-0.00106526
1773773182788,0.0883789,-0.218262,0.989258,0.000532632,-0.0015979,0
1773773182868,0.0874023,-0.21875,0.988281,-0.000532632,-0.00106526,-0.000532632
1773773182949,0.0874023,-0.21875,0.987793,-0.000532632,-0.000532632,-0.000532632
1773773183019,0.0864258,-0.219238,0.988281,-0.000532632,0,0.000532632
1773773183100,0.0874023,-0.220215,0.987793,-0.000532632,0.000532632,0
1773773183180,0.0864258,-0.21875,0.988281,0.00106526,0,0.000532632
1773773183251,0.0859375,-0.219238,0.986816,0.000532632,-0.00106526,0.000532632
1773773183331,0.0859375,-0.219727,0.987793,0.000532632,0,0.000532632
1773773183412,0.0874023,-0.21875,0.986816,0,-0.000532632,0.000532632
1773773183482,0.0874023,-0.219727,0.989258,-0.000532632,-0.00106526,0
1773773183563,0.0864258,-0.218262,0.98877,-0.000532632,-0.000532632,-0.0015979
1773773183643,0.0864258,-0.21875,0.987793,-0.000532632,-0.000532632,0.000532632
1773773183714,0.0864258,-0.219238,0.988281,-0.000532632,-0.000532632,0.0015979
1773773183794,0.0864258,-0.220703,0.987793,-0.00106526,-0.000532632,0.00106526
1773773183875,0.0883789,-0.220215,0.987305,-0.000532632,-0.00106526,0
1773773183945,0.090332,-0.219727,0.986328,-0.000532632,-0.00106526,0
1773773184026,0.0869141,-0.219238,0.988281,-0.000532632,-0.0015979,0
1773773184096,0.0883789,-0.21875,0.990234,0,0,0.000532632
1773773184177,0.0864258,-0.22168,0.987793,0,-0.000532632,-0.000532632
1773773184258,0.0869141,-0.218262,0.98877,0,-0.000532632,0.000532632
1773773184328,0.0869141,-0.21875,0.98877,0.000532632,0,0
1773773184409,0.0869141,-0.21875,0.986816,0.000532632,0,-0.0015979
1773773184489,0.0859375,-0.220703,0.989746,0,0,0
1773773184560,0.0874023,-0.219727,0.987793,0,-0.000532632,0
1773773184641,0.0864258,-0.217773,0.989258,0,-0.000532632,0.00106526
1773773184721,0.0854492,-0.220215,0.988281,-0.000532632,0,0
1773773184791,0.0874023,-0.218262,0.988281,0.000532632,0,-0.000532632
1773773184872,0.0849609,-0.221191,0.987305,0,-0.00106526,0.000532632
1773773184952,0.0888672,-0.219238,0.990723,-0.000532632,0.000532632,-0.000532632
1773773185023,0.0874023,-0.219238,0.987793,0.00106526,0,-0.000532632
1773773185103,0.0869141,-0.219238,0.98877,0.000532632,-0.000532632,-0.000532632
1773773185184,0.0864258,-0.218262,0.989258,0,-0.000532632,-0.00106526
1773773185254,0.0883789,-0.216797,0.989258,-0.000532632,0.000532632,0.000532632
1773773185335,0.0859375,-0.218262,0.98877,0.00106526,-0.000532632,-0.000532632
1773773185406,0.0869141,-0.219238,0.98584,0,0,-0.000532632
1773773185486,0.0869141,-0.219238,0.986816,-0.00106526,0,0.000532632
1773773185567,0.0874023,-0.219727,0.986816,0,-0.000532632,0.000532632
1773773185637,0.0864258,-0.220215,0.987793,0,-0.000532632,0.000532632
1773773185718,0.0874023,-0.21875,0.98877,0,-0.000532632,0
1773773185798,0.0864258,-0.21875,0.986816,0,0.000532632,0.000532632
1773773185869,0.0869141,-0.218262,0.988281,-0.000532632,-0.000532632,0.000532632
1773773185949,0.0878906,-0.220215,0.98877,0.000532632,-0.000532632,0.000532632
1773773186030,0.0874023,-0.219238,0.990234,0,-0.000532632,0
1773773186100,0.0888672,-0.219238,0.989746,0,-0.000532632,0.000532632
1773773186181,0.0864258,-0.218262,0.989258,0.000532632,-0.00106526,-0.00106526
1773773186261,0.0874023,-0.219238,0.987793,0.000532632,0,0
1773773186332,0.0874023,-0.217773,0.988281,0,-0.000532632,0.000532632
1773773186413,0.0888672,-0.217773,0.989746,-0.000532632,-0.000532632,0.000532632
1773773186493,0.0883789,-0.21875,0.988281,0,-0.00106526,0
1773773186564,0.0869141,-0.219727,0.988281,0,-0.000532632,-0.000532632
1773773186644,0.0849609,-0.221191,0.988281,-0.000532632,-0.0015979,0
1773773186715,0.0849609,-0.21875,0.987793,0,0,-0.000532632
1773773186795,0.0864258,-0.217285,0.987305,0.000532632,-0.000532632,0.00106526
1773773186876,0.0874023,-0.217773,0.987305,0,-0.000532632,-0.000532632
1773773186946,0.0883789,-0.219238,0.98877,0,-0.000532632,0.00106526
1773773187027,0.0869141,-0.216309,0.986816,-0.000532632,-0.00106526,-0.00106526
1773773187107,0.0864258,-0.216797,0.98877,-0.00106526,0.000532632,0
1773773187178,0.0864258,-0.21875,0.990723,0.000532632,-0.00106526,0.000532632
1773773187258,0.0878906,-0.218262,0.986816,0.000532632,-0.00106526,0.000532632
1773773187339,0.0849609,-0.219238,0.987305,0,0.000532632,-0.000532632
1773773187409,0.0869141,-0.219238,0.988281,0.000532632,0.00106526,0.000532632
1773773187490,0.0883789,-0.217773,0.990234,-0.000532632,-0.000532632,-0.000532632
1773773187571,0.0859375,-0.21875,0.989746,0,0,0.00106526
1773773187641,0.0878906,-0.215332,0.988281,0.000532632,0,0
1773773187722,0.0883789,-0.218262,0.987305,-0.000532632,-0.00106526,-0.00106526
1773773187802,0.0883789,-0.219238,0.98877,0,-0.000532632,0.000532632
1773773187873,0.0874023,-0.219238,0.985352,0.000532632,-0.00106526,0.000532632
1773773187953,0.0878906,-0.219727,0.987305,0,-0.000532632,0.0015979
1773773188024,0.0878906,-0.21875,0.988281,0.000532632,0.000532632,0
1773773188104,0.0888672,-0.217285,0.98877,-0.000532632,0,-0.000532632
1773773188185,0.0893555,-0.217773,0.989258,0,-0.000532632,0.000532632
1773773188255,0.0864258,-0.21875,0.989258,0.000532632,0,0.000532632
1773773188336,0.0888672,-0.219238,0.989746,0,-0.00106526,0.00106526
1773773188417,0.0888672,-0.21875,0.98584,0,0.000532632,0.000532632
1773773188487,0.0878906,-0.219727,0.987793,-0.000532632,-0.000532632,-0.000532632
1773773188567,0.0869141,-0.21875,0.988281,-0.00106526,0,0.000532632
1773773188649,0.0898438,-0.217773,0.987305,0,-0.000532632,0
1773773188719,0.0883789,-0.219238,0.987793,0,0,-0.000532632
1773773188800,0.0883789,-0.219727,0.989746,0.000532632,-0.000532632,-0.000532632
1773773188880,0.0874023,-0.219727,0.98877,0.000532632,0,-0.000532632
1773773188951,0.0839844,-0.21875,0.987793,0,0.000532632,-0.000532632
1773773189031,0.0859375,-0.219238,0.987305,0,0.000532632,0.000532632
1773773189102,0.0864258,-0.218262,0.987305,0,-0.00106526,-0.000532632
1773773189183,0.0874023,-0.219238,0.986328,0,-0.00106526,0
1773773189263,0.0888672,-0.219727,0.986816,0,0.000532632,-0.000532632
1773773189334,0.0869141,-0.217773,0.98877,0,-0.000532632,0.000532632
1773773189414,0.0898438,-0.219727,0.987305,0.00106526,-0.000532632,0
1773773189495,0.0864258,-0.21875,0.988281,-0.000532632,0,0.000532632
1773773189565,0.0864258,-0.219727,0.987793,-0.000532632,0,0
1773773189646,0.0878906,-0.21875,0.986816,-0.000532632,-0.00106526,0
1773773189726,0.0883789,-0.217773,0.98877,0,0,-0.00106526
1773773189797,0.0878906,-0.219238,0.987793,0,-0.00106526,0
1773773189878,0.0869141,-0.219238,0.989746,0.000532632,-0.000532632,-0.00106526
1773773189958,0.0888672,-0.217773,0.98877,0,0,-0.000532632
1773773190029,0.0869141,-0.218262,0.988281,-0.00106526,0,0
1773773190109,0.0854492,-0.21875,0.987793,0,-0.000532632,0.000532632
1773773190180,0.0859375,-0.21875,0.989258,0,-0.00106526,-0.000532632
1773773190260,0.0854492,-0.216309,0.987793,0.00106526,-0.00213053,0
1773773190341,0.0874023,-0.218262,0.987305,-0.000532632,-0.000532632,0
1773773190411,0.0874023,-0.220703,0.987305,0.00106526,-0.00106526,0
1773773190492,0.0874023,-0.219238,0.987305,-0.000532632,-0.000532632,-0.0015979
1773773190573,0.0864258,-0.218262,0.98877,-0.000532632,-0.00106526,-0.000532632
1773773190643,0.0859375,-0.219727,0.987305,-0.000532632,-0.00106526,0.00106526
1773773190724,0.0874023,-0.218262,0.98877,0.000532632,-0.00106526,-0.000532632
1773773190804,0.0874023,-0.219727,0.989746,0,-0.00106526,-0.000532632
1773773190875,0.0864258,-0.21875,0.988281,0,-0.000532632,-0.000532632
1773773190955,0.0878906,-0.217773,0.987793,0.000532632,-0.00106526,0
1773773191036,0.0869141,-0.218262,0.987793,-0.00106526,-0.000532632,0
1773773191106,0.0864258,-0.219238,0.987305,0,-0.00106526,0.00106526
1773773191187,0.0878906,-0.219727,0.987305,0.00106526,0,0.00106526
1773773191257,0.0878906,-0.219238,0.989258,0,-0.00106526,0
1773773191338,0.0893555,-0.21875,0.989258,0,-0.000532632,0.000532632
1773773191419,0.0874023,-0.217773,0.98877,0,0.000532632,0
1773773191489,0.0864258,-0.218262,0.988281,0,0.000532632,0
1773773191570,0.0869141,-0.21875,0.988281,0.000532632,-0.00106526,0
1773773191650,0.0888672,-0.218262,0.988281,-0.000532632,0.000532632,0
1773773191721,0.0874023,-0.219238,0.989258,-0.00106526,-0.00106526,0
1773773191801,0.0874023,-0.220215,0.987793,-0.000532632,0.000532632,0
1773773191882,0.0869141,-0.220215,0.98877,0,-0.000532632,0.00106526
1773773191952,0.0864258,-0.220215,0.986328,0,0,-0.000532632
1773773192033,0.0869141,-0.219727,0.989258,-0.000532632,0.000532632,-0.00106526
1773773192114,0.0874023,-0.21875,0.988281,0,-0.000532632,0
1773773192184,0.0869141,-0.218262,0.987305,-0.000532632,0,0.000532632
1773773192265,0.0869141,-0.219238,0.986816,-0.0015979,0,-0.00106526
1773773192345,0.0874023,-0.219727,0.987305,0,-0.000532632,-0.000532632
1773773192416,0.0864258,-0.220215,0.986328,0.000532632,-0.000532632,0.00106526
1773773192496,0.0878906,-0.21875,0.987793,-0.000532632,-0.000532632,0
1773773192567,0.0874023,-0.217773,0.98877,0,0,0.000532632
1773773192647,0.0878906,-0.219238,0.987793,0,0,-0.00106526
1773773192728,0.0869141,-0.21875,0.988281,0,0,0
1773773192798,0.0864258,-0.219238,0.988281,0.00106526,-0.000532632,0.000532632
1773773192879,0.0869141,-0.219727,0.98877,-0.000532632,-0.000532632,0
1773773192959,0.0864258,-0.218262,0.988281,-0.000532632,-0.000532632,0
1773773193030,0.0874023,-0.217773,0.98877,0,-0.000532632,-0.000532632
1773773193110,0.090332,-0.218262,0.987305,0,-0.00106526,0.000532632
1773773193191,0.0878906,-0.219238,0.988281,0,-0.00106526,0.000532632
1773773193261,0.0869141,-0.220215,0.98877,0.00106526,-0.000532632,-0.00106526
1773773193342,0.0854492,-0.219238,0.98877,-0.000532632,-0.000532632,0
1773773193422,0.0883789,-0.21875,0.987793,0,-0.00106526,-0.00106526
1773773193493,0.0878906,-0.217285,0.989258,-0.000532632,-0.00106526,0
1773773193573,0.0864258,-0.218262,0.98877,0.000532632,0.000532632,-0.000532632
1773773193654,0.0883789,-0.219238,0.987305,0,-0.000532632,0
1773773193725,0.0849609,-0.221191,0.989258,0,-0.00106526,0.000532632
1773773193805,0.0883789,-0.220215,0.989258,-0.0015979,0,0
1773773193876,0.0859375,-0.21875,0.986816,0.000532632,-0.0015979,0
1773773193956,0.0849609,-0.21875,0.989258,-0.00106526,0,-0.00106526
1773773194037,0.0864258,-0.218262,0.987793,0.000532632,-0.000532632,-0.000532632
1773773194107,0.0874023,-0.219238,0.987305,0,-0.00106526,-0.00106526
1773773194188,0.0874023,-0.219238,0.987793,0,0.000532632,0.000532632
1773773194268,0.0874023,-0.218262,0.988281,0,-0.000532632,0.000532632
1773773194339,0.0893555,-0.21875,0.986816,-0.000532632,0,-0.000532632
1773773194419,0.0869141,-0.21875,0.98877,0,0,0
1773773194500,0.0908203,-0.217773,0.987305,0.000532632,-0.000532632,0.0015979
1773773194570,0.0854492,-0.219727,0.988281,-0.000532632,-0.00106526,0.000532632
1773773194651,0.0869141,-0.219238,0.989258,-0.000532632,-0.000532632,-0.000532632
1773773194732,0.0888672,-0.218262,0.98584,-0.00106526,-0.000532632,0.000532632
1773773194802,0.0864258,-0.219727,0.987793,0,-0.000532632,0.000532632
1773773194883,0.0874023,-0.217773,0.987305,0,-0.00106526,0.000532632
1773773194953,0.0869141,-0.219238,0.98877,0.00106526,-0.000532632,0
1773773195034,0.0864258,-0.221191,0.98584,0,-0.000532632,-0.000532632
1773773195114,0.0864258,-0.216797,0.98877,0.00106526,-0.00106526,-0.000532632
1773773195185,0.0898438,-0.219238,0.988281,0.00106526,-0.000532632,0
1773773195265,0.0864258,-0.217773,0.986328,0,-0.00106526,0
1773773195346,0.0869141,-0.219238,0.987305,0,0,-0.000532632
1773773195416,0.0874023,-0.217285,0.989258,-0.000532632,-0.00106526,-0.000532632
1773773195497,0.0864258,-0.218262,0.986816,0,-0.0015979,0
1773773195578,0.0849609,-0.217773,0.987793,0,-0.00106526,-0.000532632
1773773195648,0.0859375,-0.218262,0.986816,0,-0.000532632,0.00106526
1773773195729,0.0874023,-0.219238,0.987305,0.000532632,-0.0015979,-0.000532632
1773773195809,0.0869141,-0.218262,0.987793,-0.000532632,-0.000532632,0
1773773195880,0.0878906,-0.219727,0.98877,-0.000532632,-0.0015979,0.000532632
1773773195960,0.0878906,-0.218262,0.986816,-0.000532632,-0.000532632,-0.00106526
1773773196041,0.0849609,-0.21875,0.988281,0.000532632,0.000532632,0
1773773196111,0.0878906,-0.218262,0.98877,0,-0.000532632,-0.000532632
1773773196192,0.0864258,-0.216797,0.988281,0,-0.00106526,0
1773773196262,0.0874023,-0.21875,0.989258,0,-0.00106526,-0.00106526
1773773196343,0.0883789,-0.220215,0.988281,0.000532632,-0.00106526,0.00106526
1773773196423,0.0869141,-0.217773,0.987305,-0.000532632,0.000532632,-0.000532632
1773773196494,0.0869141,-0.217285,0.987793,0,0,0.000532632
1773773196574,0.090332,-0.217773,0.987305,-0.000532632,-0.00106526,-0.0015979
1773773196655,0.0869141,-0.217285,0.987793,0.000532632,-0.00106526,-0.000532632
1773773196725,0.0864258,-0.219727,0.988281,0.000532632,0,0.00106526
1773773196806,0.0869141,-0.21875,0.989258,0,-0.00106526,0
1773773196887,0.0859375,-0.219238,0.98877,0.000532632,-0.00106526,0.00106526
1773773196957,0.0869141,-0.220703,0.986816,0.000532632,-0.00106526,0
1773773197038,0.0864258,-0.219727,0.984863,-0.000532632,0.000532632,-0.000532632
1773773197118,0.0874023,-0.219238,0.987793,-0.000532632,0,-0.000532632
1773773197189,0.0869141,-0.220215,0.989258,0.00106526,-0.000532632,0
1773773197269,0.0888672,-0.219238,0.986328,0.000532632,-0.00106526,-0.000532632
1773773197350,0.0869141,-0.220215,0.986816,0,-0.00106526,0
1773773197420,0.0874023,-0.218262,0.987305,0,-0.00106526,0.000532632
1773773197501,0.0864258,-0.216309,0.98584,0,-0.00106526,-0.000532632
1773773197571,0.0869141,-0.218262,0.98877,0,0,0.0015979
1773773197652,0.0864258,-0.217773,0.987305,0.000532632,0.000532632,0.000532632
1773773197732,0.0874023,-0.219727,0.987793,-0.000532632,-0.00106526,-0.00106526
1773773197803,0.0864258,-0.219238,0.987305,0.000532632,-0.000532632,-0.00106526
1773773197883,0.0874023,-0.219238,0.986816,-0.000532632,0.000532632,0.00106526
1773773197964,0.0859375,-0.218262,0.987793,-0.000532632,-0.00106526,0.000532632
1773773198035,0.0854492,-0.220215,0.987793,0,0,0
1773773198115,0.0888672,-0.216309,0.988281,0,-0.000532632,-0.000532632
1773773198196,0.0874023,-0.21875,0.988281,-0.0015979,-0.00106526,-0.000532632
1773773198266,0.0874023,-0.21875,0.989746,0.000532632,0.00106526,-0.000532632
1773773198347,0.0869141,-0.216797,0.987793,0.000532632,-0.000532632,0.000532632
1773773198427,0.0893555,-0.21875,0.987305,0.000532632,0,0.000532632
1773773198498,0.0869141,-0.21875,0.988281,0.000532632,-0.00106526,0
1773773198578,0.0874023,-0.217285,0.987305,0,-0.000532632,0.000532632
1773773198659,0.0869141,-0.21875,0.987793,0.000532632,-0.000532632,0.000532632
1773773198729,0.0864258,-0.21875,0.988281,0,-0.00106526,0.000532632
1773773198810,0.0859375,-0.217773,0.98584,0,-0.00106526,0.000532632
1773773198881,0.0869141,-0.21875,0.988281,0,0.000532632,-0.000532632
1773773198961,0.0883789,-0.218262,0.988281,0.000532632,-0.000532632,0.000532632
1773773199042,0.0874023,-0.219727,0.987793,0.000532632,-0.000532632,0
1773773199113,0.0874023,-0.21875,0.987793,0,-0.00106526,0.000532632
1773773199193,0.0869141,-0.217773,0.986816,0.000532632,0,0
1773773199274,0.0874023,-0.219238,0.986328,0,-0.00106526,-0.000532632
1773773199345,0.0878906,-0.221191,0.98877,-0.000532632,0.000532632,-0.000532632
1773773199425,0.0893555,-0.218262,0.987305,0,0.000532632,-0.000532632
1773773199506,0.0869141,-0.219727,0.990234,0,-0.00106526,0.0015979
1773773199576,0.0878906,-0.217773,0.987305,0.0015979,0,0
1773773199657,0.0893555,-0.214844,0.98877,0.000532632,0,0.00106526
1773773199727,0.0878906,-0.21875,0.989258,0,0,0
1773773199808,0.0874023,-0.217773,0.98877,0,-0.000532632,0
1773773199888,0.0883789,-0.220703,0.98584,0,0,-0.000532632
1773773199959,0.0864258,-0.217285,0.986328,-0.000532632,0,0.00106526
1773773200039,0.0888672,-0.219238,0.98877,0.000532632,-0.0015979,0.00106526
1773773200120,0.0869141,-0.21875,0.988281,0,-0.00106526,0.000532632
1773773200190,0.0878906,-0.217773,0.988281,-0.000532632,-0.000532632,-0.00106526
1773773200271,0.0859375,-0.218262,0.98877,-0.00106526,-0.000532632,0
1773773200352,0.0874023,-0.217285,0.989258,-0.000532632,-0.000532632,0.000532632
1773773200422,0.0878906,-0.217285,0.988281,0.000532632,-0.000532632,0.000532632
1773773200503,0.0874023,-0.220215,0.987793,0,0,-0.000532632
1773773200583,0.0859375,-0.21875,0.98877,0,-0.00106526,0
1773773200654,0.0883789,-0.216797,0.986816,0.000532632,0,0
1773773200734,0.0859375,-0.217773,0.987305,0,-0.000532632,0
1773773200805,0.0859375,-0.218262,0.986816,0,-0.000532632,0
1773773200886,0.0883789,-0.21875,0.987305,0,-0.00106526,0.00106526
1773773200966,0.0864258,-0.217773,0.988281,0,0.000532632,0
1773773201036,0.0888672,-0.219238,0.987305,-0.00106526,-0.000532632,-0.000532632
1773773201117,0.0859375,-0.219727,0.98877,0.000532632,-0.000532632,-0.00106526
1773773201197,0.0864258,-0.219238,0.990234,0.000532632,-0.000532632,0
1773773201268,0.0874023,-0.218262,0.987793,-0.000532632,0,-0.000532632
1773773201349,0.0869141,-0.217285,0.986816,0.000532632,-0.000532632,0
1773773201429,0.0874023,-0.217285,0.988281,0,-0.00106526,0
1773773201499,0.0874023,-0.21875,0.989746,-0.000532632,-0.000532632,0.000532632
1773773201580,0.0869141,-0.219238,0.989258,-0.000532632,0,-0.000532632
1773773201661,0.0864258,-0.220215,0.98877,-0.000532632,-0.000532632,-0.000532632
1773773201731,0.0869141,-0.21875,0.986328,0,-0.000532632,0
1773773201812,0.0883789,-0.219238,0.987793,0.000532632,0.000532632,0
1773773201892,0.0878906,-0.218262,0.98877,0.000532632,0,0.000532632
1773773201963,0.0869141,-0.218262,0.988281,0,-0.00106526,0.000532632
1773773202043,0.0908203,-0.219238,0.987793,0.000532632,0,0.000532632
1773773202124,0.0859375,-0.21875,0.988281,0.000532632,0,0
1773773202194,0.0869141,-0.217285,0.987305,0.000532632,0,0.000532632
1773773202275,0.0878906,-0.21875,0.989258,0,0.000532632,0.000532632
1773773202345,0.0859375,-0.216309,0.988281,-0.000532632,0,0.000532632
1773773202426,0.0878906,-0.222168,0.988281,-0.00106526,-0.00106526,0
1773773202506,0.0883789,-0.219238,0.989258,0.00106526,0,0
1773773202577,0.0878906,-0.218262,0.988281,0,-0.00106526,0.00106526
1773773202657,0.0869141,-0.218262,0.986816,0.000532632,-0.000532632,0
1773773202738,0.0854492,-0.217773,0.98877,-0.000532632,-0.000532632,-0.000532632
1773773202808,0.0864258,-0.219727,0.989746,0,0,0
1773773202889,0.0859375,-0.217773,0.988281,0,0,0.000532632
1773773202970,0.0874023,-0.218262,0.987793,0.00106526,0.000532632,0.00106526
1773773203040,0.0864258,-0.218262,0.987793,0.000532632,-0.00106526,0.000532632
1773773203121,0.0888672,-0.21875,0.986328,-0.00106526,-0.00106526,0.00106526
1773773203201,0.0859375,-0.219727,0.986328,-0.000532632,0,0
1773773203272,0.0859375,-0.216797,0.987793,0,0.000532632,-0.000532632
1773773203352,0.0869141,-0.220215,0.989258,-0.000532632,-0.000532632,0
1773773203433,0.0864258,-0.21875,0.987305,0,-0.000532632,0
1773773203503,0.0859375,-0.21875,0.987305,-0.000532632,0,0.000532632
1773773203584,0.0869141,-0.218262,0.988281,-0.000532632,0,-0.000532632
1773773203654,0.0869141,-0.220215,0.988281,0,-0.000532632,0
1773773203735,0.0864258,-0.21875,0.989258,0,-0.000532632,-0.000532632
1773773203815,0.0878906,-0.218262,0.987793,-0.00106526,0,0.000532632
1773773203886,0.0869141,-0.218262,0.987793,-0.000532632,-0.00106526,0
1773773203966,0.0888672,-0.218262,0.988281,-0.000532632,-0.00106526,-0.000532632
1773773204047,0.0893555,-0.219238,0.98877,0.000532632,-0.000532632,-0.000532632
1773773204118,0.0874023,-0.220215,0.98877,0.000532632,0,0.000532632
1773773204198,0.0888672,-0.217285,0.988281,0,-0.00106526,0.000532632
1773773204279,0.0869141,-0.219727,0.98877,0.000532632,0,-0.000532632
1773773204349,0.0874023,-0.217285,0.987305,0,0,0.000532632
1773773204430,0.0844727,-0.219238,0.987793,0,-0.00106526,0
1773773204510,0.0883789,-0.21875,0.987305,0,0,0
1773773204581,0.0864258,-0.217773,0.989258,0,0,0
1773773204661,0.0859375,-0.21875,0.986328,0,0,-0.000532632
1773773204732,0.0874023,-0.219727,0.988281,-0.000532632,0,0
1773773204812,0.0874023,-0.219727,0.986816,0.000532632,-0.0015979,0.0015979
1773773204893,0.0864258,-0.21875,0.987305,0.000532632,-0.000532632,-0.00106526
1773773204963,0.0864258,-0.21875,0.988281,-0.000532632,0,0
1773773205044,0.0854492,-0.217773,0.989258,0.000532632,-0.00106526,0.000532632
1773773205125,0.0883789,-0.219727,0.988281,0,-0.000532632,0
1773773205195,0.0874023,-0.219238,0.989258,0,-0.000532632,0
1773773205275,0.0878906,-0.218262,0.988281,0,-0.000532632,-0.000532632
1773773205356,0.0874023,-0.21875,0.98877,-0.000532632,-0.00106526,0.000532632
1773773205427,0.0874023,-0.219238,0.988281,-0.000532632,-0.000532632,0
1773773205507,0.0874023,-0.220215,0.98877,-0.000532632,-0.000532632,-0.000532632
1773773205588,0.0849609,-0.219238,0.987793,0,0.000532632,0
1773773205658,0.0874023,-0.218262,0.987793,0,-0.000532632,-0.000532632
1773773205739,0.0878906,-0.217773,0.986816,0.000532632,-0.00106526,0
1773773205819,0.0869141,-0.217773,0.987305,0.000532632,0,0.00106526
1773773205890,0.0864258,-0.216797,0.987305,0,-0.00106526,0
1773773205971,0.0864258,-0.218262,0.986816,0,0,-0.00106526
1773773206041,0.0849609,-0.220703,0.986328,-0.000532632,-0.000532632,-0.000532632
1773773206122,0.0854492,-0.218262,0.987793,0,0,0.000532632
1773773206202,0.0854492,-0.21875,0.986816,0.00106526,-0.0015979,0
1773773206273,0.0878906,-0.219238,0.988281,0,-0.000532632,0
1773773206353,0.0869141,-0.217773,0.987793,-0.00106526,-0.00106526,0.000532632
1773773206434,0.0883789,-0.217773,0.987305,0,-0.00106526,-0.00106526
1773773206505,0.0883789,-0.218262,0.987305,0.00106526,0,0.0015979
1773773206585,0.0854492,-0.21875,0.987305,0,-0.000532632,0
1773773206665,0.0854492,-0.217773,0.987793,0,-0.0015979,-0.000532632
1773773206736,0.0874023,-0.21582,0.988281,-0.000532632,-0.00106526,0
1773773206817,0.0874023,-0.219727,0.987793,0,0.000532632,0.000532632
1773773206897,0.0844727,-0.21875,0.989258,0,0.000532632,-0.000532632
1773773206968,0.0864258,-0.219238,0.988281,0,0.000532632,0.00106526
1773773207049,0.0878906,-0.219727,0.988281,-0.000532632,-0.000532632,-0.000532632
1773773207119,0.0864258,-0.218262,0.987305,0,-0.000532632,0.00106526
1773773207200,0.0864258,-0.21875,0.987793,0,0.00106526,-0.00106526
1773773207280,0.0859375,-0.219727,0.989746,0,0,0
1773773207351,0.0869141,-0.21875,0.988281,-0.000532632,-0.000532632,0
1773773207432,0.0859375,-0.219238,0.987305,0,-0.00106526,0
1773773207512,0.0864258,-0.218262,0.987305,0.000532632,-0.000532632,0.000532632
1773773207584,0.0874023,-0.21875,0.987305,0,0,0
1773773207663,0.0859375,-0.217773,0.986816,0,-0.0015979,0.000532632
1773773207744,0.0854492,-0.21875,0.988281,0,0.000532632,0.000532632
1773773207814,0.0864258,-0.216797,0.987793,0.000532632,-0.000532632,0
1773773207895,0.0878906,-0.221191,0.988281,-0.000532632,-0.0015979,0.00106526
1773773207975,0.0874023,-0.218262,0.987793,0,-0.000532632,-0.000532632
1773773208046,0.0874023,-0.217773,0.988281,0,-0.000532632,0.000532632
1773773208126,0.0869141,-0.219727,0.98877,0,0,0
1773773208197,0.0864258,-0.220703,0.987305,0,0,0.000532632
1773773208277,0.0859375,-0.21875,0.988281,0.000532632,0,0
1773773208358,0.0869141,-0.219238,0.98877,-0.000532632,0,-0.00106526
1773773208429,0.0844727,-0.219238,0.987305,0,0,0
1773773208509,0.0869141,-0.216309,0.987305,0,-0.000532632,0
1773773208590,0.0874023,-0.219238,0.987793,0,-0.00106526,0.000532632
1773773208660,0.0878906,-0.219238,0.989746,0.000532632,-0.000532632,0.000532632
1773773208741,0.0869141,-0.21875,0.988281,-0.000532632,-0.00106526,0
1773773208821,0.0859375,-0.220215,0.990234,-0.00106526,-0.00106526,-0.000532632
1773773208892,0.0864258,-0.219238,0.986816,0.000532632,-0.00106526,0.00106526
1773773208972,0.0864258,-0.219727,0.988281,-0.000532632,-0.000532632,-0.000532632
1773773209053,0.0864258,-0.220215,0.98584,0,-0.000532632,0
1773773209123,0.0874023,-0.21875,0.988281,0,-0.00106526,-0.000532632
1773773209204,0.0859375,-0.218262,0.987793,0.000532632,-0.00106526,0
1773773209284,0.0874023,-0.217773,0.98877,-0.000532632,0,-0.000532632
1773773209355,0.0844727,-0.221191,0.98877,0,0,0.00106526
1773773209435,0.0859375,-0.219238,0.988281,0,-0.00106526,0
1773773209506,0.0864258,-0.219238,0.986328,0,-0.00106526,0
1773773209586,0.0888672,-0.217773,0.988281,0.00106526,-0.000532632,0
1773773209667,0.0864258,-0.219238,0.990234,0.000532632,-0.00106526,-0.000532632
1773773209737,0.0874023,-0.21875,0.989258,0.000532632,0,-0.000532632
1773773209818,0.0859375,-0.220215,0.987305,0,-0.000532632,0
1773773209899,0.0854492,-0.220215,0.987305,0,-0.000532632,-0.000532632
1773773209969,0.0869141,-0.21875,0.988281,0.000532632,0,0.000532632
1773773210050,0.0888672,-0.219727,0.98877,-0.000532632,-0.00106526,0.000532632
1773773210130,0.0888672,-0.216309,0.986328,-0.000532632,-0.0015979,0
1773773210201,0.0864258,-0.219238,0.986816,0.000532632,-0.00106526,0
1773773210281,0.0874023,-0.21875,0.987793,0.00106526,-0.000532632,-0.000532632
1773773210362,0.0859375,-0.217285,0.989258,-0.000532632,-0.00106526,-0.00106526
1773773210433,0.0874023,-0.217773,0.988281,0.00106526,-0.000532632,0
1773773210513,0.0869141,-0.217285,0.986328,0.000532632,0,0.00106526
1773773210585,0.0844727,-0.218262,0.988281,-0.000532632,0.000532632,0.000532632
1773773210664,0.0859375,-0.217773,0.987305,0,-0.000532632,0.000532632
1773773210745,0.0869141,-0.21875,0.988281,0,-0.000532632,0
1773773210817,0.0864258,-0.220215,0.987305,-0.000532632,-0.000532632,-0.00106526
1773773210896,0.0869141,-0.217773,0.986816,0,0,0.000532632
1773773210976,0.0849609,-0.219727,0.987793,0,-0.0015979,0
1773773211047,0.0874023,-0.217773,0.987793,-0.000532632,-0.000532632,-0.000532632
1773773211127,0.0869141,-0.217773,0.988281,0,0,0
1773773211208,0.0883789,-0.216797,0.990234,0.000532632,0,0
1773773211278,0.0883789,-0.219238,0.988281,0.000532632,-0.000532632,0
1773773211359,0.0864258,-0.219238,0.989258,0,0,-0.00106526
1773773211439,0.0869141,-0.219238,0.988281,-0.000532632,-0.000532632,0
1773773211510,0.0874023,-0.218262,0.986328,0.000532632,-0.000532632,0.000532632
1773773211590,0.0859375,-0.218262,0.987305,-0.00106526,0,0.000532632
1773773211671,0.0878906,-0.218262,0.987305,0,0.000532632,-0.00106526
1773773211741,0.0869141,-0.218262,0.987305,0.000532632,-0.000532632,0
1773773211822,0.0854492,-0.21875,0.989746,0.000532632,-0.000532632,0.000532632
1773773211893,0.0878906,-0.220215,0.989258,-0.000532632,-0.000532632,0.000532632
1773773211973,0.0869141,-0.21875,0.989258,0.000532632,-0.00106526,0.000532632
1773773212054,0.0893555,-0.217773,0.990234,0,-0.00106526,-0.000532632
1773773212124,0.0854492,-0.217285,0.987793,0,-0.000532632,-0.00106526
1773773212205,0.0869141,-0.218262,0.986328,0,-0.000532632,0
1773773212286,0.0883789,-0.218262,0.989258,0,0.000532632,0
1773773212356,0.0864258,-0.218262,0.986816,-0.000532632,0,0
1773773212437,0.0888672,-0.219238,0.98877,0.000532632,0,0
1773773212517,0.0888672,-0.21875,0.986816,0.000532632,0,0.00106526
1773773212588,0.0878906,-0.216309,0.987305,0,-0.00106526,0.000532632
1773773212669,0.0854492,-0.21875,0.989258,-0.0015979,-0.00106526,0
1773773212749,0.0864258,-0.218262,0.987793,-0.000532632,-0.000532632,0.000532632
1773773212820,0.0864258,-0.220215,0.988281,0.000532632,-0.000532632,0
1773773212900,0.0869141,-0.220215,0.987793,0.000532632,-0.000532632,0
1773773212971,0.0874023,-0.216797,0.989258,0.00106526,-0.00106526,0.000532632
1773773213051,0.0859375,-0.216797,0.98877,0.0015979,-0.000532632,-0.000532632
1773773213132,0.0859375,-0.21875,0.988281,-0.000532632,-0.00106526,0
1773773213202,0.0864258,-0.219238,0.990234,-0.000532632,-0.00106526,0
1773773213283,0.0864258,-0.220215,0.989258,0,0,0
1773773213364,0.0869141,-0.218262,0.989258,0.00106526,-0.000532632,0.000532632
1773773213435,0.0854492,-0.218262,0.988281,0,0,0
1773773213515,0.0864258,-0.217285,0.987305,-0.000532632,-0.000532632,-0.000532632
1773773213596,0.0869141,-0.219238,0.98877,0.0015979,-0.00106526,-0.000532632
1773773213666,0.0874023,-0.219727,0.989258,-0.000532632,-0.000532632,-0.0015979
1773773213747,0.0874023,-0.219238,0.989746,0,-0.0015979,0
1773773213828,0.0878906,-0.219727,0.986816,0,-0.000532632,0
1773773213898,0.0864258,-0.219238,0.986328,-0.00106526,-0.0015979,-0.000532632
1773773213978,0.0883789,-0.218262,0.986328,0,0,-0.000532632
1773773214049,0.0864258,-0.217773,0.989258,0.000532632,-0.00106526,-0.00106526
1773773214129,0.0864258,-0.218262,0.987305,0,-0.00106526,-0.000532632
1773773214210,0.0883789,-0.217285,0.986816,-0.000532632,0,-0.0015979
1773773214280,0.0864258,-0.219727,0.988281,0.000532632,-0.000532632,0.000532632
1773773214361,0.0878906,-0.218262,0.987305,0,-0.000532632,-0.000532632
1773773214442,0.0869141,-0.220703,0.988281,0.00106526,-0.000532632,-0.000532632
1773773214512,0.0864258,-0.219727,0.987793,0,0.000532632,0
1773773214593,0.0869141,-0.217285,0.989258,0.000532632,0,0.000532632
1773773214673,0.0878906,-0.21875,0.986816,0.000532632,0.000532632,0.000532632
1773773214744,0.0878906,-0.217285,0.988281,0,-0.000532632,-0.000532632
1773773214824,0.0864258,-0.21875,0.987793,0,0,0
1773773214905,0.0878906,-0.220703,0.989258,-0.00106526,-0.00106526,0.000532632
1773773214975,0.0854492,-0.218262,0.98877,0,-0.0015979,0.00106526
1773773215056,0.0859375,-0.217773,0.988281,0,-0.000532632,0
1773773215136,0.0883789,-0.218262,0.98877,-0.000532632,-0.000532632,-0.000532632
1773773215207,0.0849609,-0.219238,0.989746,0.000532632,0,-0.0015979
1773773215287,0.0859375,-0.217773,0.988281,0.000532632,-0.000532632,0
1773773215358,0.0878906,-0.217773,0.988281,-0.000532632,-0.000532632,0
1773773215438,0.0888672,-0.218262,0.987305,-0.000532632,-0.000532632,0
1773773215519,0.0883789,-0.220703,0.987305,0.000532632,0,0.00106526
1773773215589,0.0854492,-0.218262,0.989258,0,-0.000532632,0.00106526
1773773215670,0.0898438,-0.21875,0.987305,-0.00106526,0,0.000532632
1773773215751,0.0878906,-0.217285,0.98877,0.000532632,0,0
1773773215821,0.0874023,-0.219238,0.988281,0.000532632,0.000532632,0
1773773215902,0.0854492,-0.217285,0.98877,0.00106526,-0.000532632,-0.000532632
1773773215982,0.0893555,-0.21875,0.987793,0,-0.000532632,0.0015979
1773773216053,0.0864258,-0.220215,0.986816,0.000532632,0,0
1773773216133,0.0864258,-0.220215,0.986328,-0.000532632,-0.000532632,0
1773773216214,0.0859375,-0.219238,0.987305,0,0,-0.000532632
1773773216284,0.0878906,-0.218262,0.989258,0.000532632,-0.000532632,0
1773773216365,0.0874023,-0.220215,0.987793,0,-0.00106526,0
1773773216445,0.0888672,-0.219238,0.98877,-0.000532632,-0.000532632,0.00106526
1773773216516,0.0859375,-0.217773,0.989258,-0.0015979,-0.00106526,0
1773773216596,0.0883789,-0.217773,0.987305,-0.000532632,0,0.000532632
1773773216677,0.0869141,-0.217773,0.986816,0,-0.00106526,-0.000532632
1773773216748,0.0874023,-0.217285,0.988281,0.000532632,-0.000532632,0.000532632
1773773216828,0.0893555,-0.219238,0.987793,0,-0.000532632,0.000532632
1773773216899,0.0878906,-0.218262,0.98877,-0.000532632,0,0.000532632
1773773216979,0.0869141,-0.218262,0.987305,0.00106526,0,0.00106526
1773773217060,0.0869141,-0.219727,0.987793,0.00106526,0,0.000532632
1773773217130,0.0874023,-0.217773,0.987793,0.000532632,0,0.00106526
1773773217211,0.0878906,-0.221191,0.990234,-0.000532632,-0.00106526,0.000532632
1773773217291,0.0869141,-0.218262,0.987305,0.000532632,0,0
1773773217362,0.0888672,-0.218262,0.989258,0,-0.00106526,-0.000532632
1773773217443,0.0883789,-0.219727,0.989746,0.00106526,-0.0015979,-0.000532632
1773773217523,0.0878906,-0.217773,0.986328,-0.000532632,-0.00106526,-0.000532632
1773773217594,0.0859375,-0.219238,0.987793,0,0,0.000532632
1773773217674,0.0874023,-0.216797,0.986816,0.000532632,-0.0015979,0
1773773217755,0.0874023,-0.21875,0.989258,0.000532632,0,0.000532632
1773773217825,0.0869141,-0.21875,0.987793,0,0.000532632,0.00106526
1773773217906,0.0874023,-0.21875,0.989746,0.000532632,0,0.000532632
1773773217976,0.0874023,-0.217773,0.98877,-0.00106526,0,0.000532632
1773773218057,0.0849609,-0.219238,0.986328,0.00106526,-0.000532632,0
1773773218137,0.0883789,-0.219238,0.989746,-0.000532632,0.000532632,0.000532632
1773773218208,0.0888672,-0.219238,0.988281,-0.00106526,-0.000532632,0
1773773218288,0.0864258,-0.21875,0.990723,-0.000532632,0,0
1773773218370,0.0869141,-0.218262,0.987793,-0.000532632,0.000532632,0.000532632
1773773218439,0.0854492,-0.219727,0.988281,0.000532632,0,0.00106526
1773773218520,0.0883789,-0.218262,0.987305,0,0.000532632,0.000532632
1773773218601,0.0854492,-0.219238,0.987305,-0.00106526,-0.000532632,0.0015979
1773773218671,0.0854492,-0.217773,0.987793,-0.00106526,0,0
1773773218752,0.0878906,-0.216797,0.98877,0.000532632,0,0
1773773218832,0.0864258,-0.21875,0.986328,0,-0.000532632,0.000532632
1773773218903,0.0883789,-0.217285,0.989258,0.00106526,0,0.000532632
1773773218983,0.0874023,-0.217773,0.98877,-0.000532632,-0.000532632,0
1773773219054,0.0869141,-0.219727,0.989746,0,-0.000532632,-0.000532632
1773773219134,0.0893555,-0.220215,0.989746,0.000532632,-0.00106526,0
1773773219215,0.0859375,-0.218262,0.988281,0.0015979,-0.0015979,0
1773773219285,0.0878906,-0.220703,0.98584,0.000532632,-0.000532632,-0.000532632
1773773219366,0.0874023,-0.217773,0.989258,0.00106526,-0.00106526,0
1773773219447,0.0859375,-0.220215,0.98877,-0.00106526,-0.000532632,-0.0015979
1773773219517,0.0864258,-0.21875,0.987305,0.000532632,-0.000532632,0
1773773219598,0.0893555,-0.219238,0.98584,0,-0.00106526,0.000532632
1773773219678,0.0859375,-0.219727,0.986816,0,-0.000532632,-0.000532632
1773773219749,0.0869141,-0.219727,0.987793,0.00106526,-0.00106526,0.000532632
1773773219829,0.0869141,-0.217773,0.988281,0,0.000532632,0.00106526
1773773219910,0.0869141,-0.219727,0.987793,0,0,0.000532632
1773773219980,0.0859375,-0.21875,0.988281,0,-0.000532632,0.00106526
1773773220061,0.0869141,-0.220215,0.987793,0.00106526,-0.000532632,0
1773773220142,0.0893555,-0.21875,0.987793,0.000532632,-0.00106526,0
1773773220212,0.0883789,-0.21875,0.986816,0.000532632,-0.000532632,0
1773773220293,0.0878906,-0.21875,0.987305,0.000532632,-0.000532632,-0.000532632
1773773220363,0.0878906,-0.219727,0.98877,0,-0.00106526,0.000532632
1773773220444,0.0878906,-0.222656,0.988281,-0.00106526,-0.00106526,0.000532632
1773773220524,0.0859375,-0.218262,0.988281,0.0015979,-0.000532632,0.000532632
1773773220595,0.0864258,-0.220703,0.988281,0,-0.000532632,0.000532632
1773773220675,0.0854492,-0.21875,0.987305,0.000532632,0,-0.00106526
1773773220756,0.0874023,-0.21875,0.988281,-0.000532632,-0.00106526,0
1773773220827,0.0878906,-0.217285,0.987305,-0.000532632,0,0
1773773220907,0.0878906,-0.219238,0.986816,-0.000532632,0,0
1773773220988,0.0859375,-0.217773,0.98584,0.000532632,-0.000532632,0
1773773221058,0.0869141,-0.219238,0.987793,0,0,0
1773773221139,0.0859375,-0.219238,0.987793,0,-0.000532632,0.000532632
1773773221219,0.0874023,-0.217773,0.989746,0.00106526,-0.000532632,0.00106526
1773773221290,0.0854492,-0.220215,0.987305,0,-0.000532632,0
1773773221371,0.0893555,-0.217773,0.98877,0,-0.00106526,-0.00106526
1773773221441,0.0869141,-0.21875,0.98877,-0.000532632,-0.000532632,-0.000532632
1773773221522,0.0874023,-0.217285,0.987305,-0.000532632,0,-0.0015979
1773773221602,0.0883789,-0.217773,0.987305,0,-0.000532632,0.000532632
1773773221672,0.0859375,-0.219727,0.98877,0.000532632,0.000532632,-0.000532632
1773773221753,0.0883789,-0.219238,0.988281,0.00106526,-0.000532632,-0.000532632
1773773221833,0.0864258,-0.219238,0.988281,0.00106526,0,0.00106526
1773773221904,0.0888672,-0.219727,0.987793,0.000532632,0.000532632,0.000532632
1773773221984,0.0854492,-0.217285,0.989746,0,-0.000532632,-0.000532632
1773773222065,0.0883789,-0.217285,0.98877,0.000532632,0,0.000532632
1773773222135,0.0859375,-0.217773,0.98877,0.000532632,-0.00106526,-0.000532632
1773773222216,0.0864258,-0.21875,0.98877,0.000532632,-0.00106526,0.000532632
1773773222297,0.0888672,-0.219238,0.987305,0.000532632,0,-0.000532632
1773773222367,0.0869141,-0.21875,0.987793,0,-0.00106526,0.000532632
1773773222448,0.0869141,-0.217773,0.987305,0,-0.00106526,0.000532632
1773773222528,0.0864258,-0.219238,0.989258,0.000532632,-0.000532632,-0.00106526
1773773222599,0.0874023,-0.21875,0.989746,0,0,-0.0015979
1773773222680,0.0864258,-0.21875,0.987305,0.00106526,0,0.000532632
1773773222751,0.0874023,-0.219727,0.986328,-0.00106526,-0.00106526,0.000532632
1773773222831,0.0864258,-0.21875,0.987793,0,0,0.000532632
1773773222911,0.0864258,-0.219238,0.988281,-0.00106526,0,-0.000532632
1773773222982,0.0869141,-0.21875,0.988281,-0.000532632,-0.000532632,-0.00106526
1773773223062,0.0878906,-0.217285,0.98584,0,0,0.000532632
1773773223143,0.0883789,-0.219238,0.98877,0.00106526,-0.000532632,0
1773773223214,0.0878906,-0.220703,0.986816,0.000532632,0,0
1773773223294,0.0883789,-0.21875,0.987793,0,-0.000532632,-0.00106526
1773773223375,0.0883789,-0.217773,0.986328,0,-0.000532632,-0.000532632
1773773223445,0.0878906,-0.217773,0.986816,0.000532632,0,-0.000532632
1773773223526,0.0898438,-0.217773,0.987793,0.000532632,-0.00106526,0.00106526
1773773223606,0.0864258,-0.219238,0.987305,0.000532632,0,0.00106526
1773773223677,0.0869141,-0.21875,0.988281,0,-0.000532632,0.00106526
1773773223757,0.0864258,-0.219727,0.987305,0,-0.000532632,-0.000532632
1773773223828,0.0864258,-0.21875,0.987305,0,0.000532632,-0.000532632
1773773223908,0.0869141,-0.220215,0.987793,0.000532632,0.000532632,0.000532632
1773773223989,0.0864258,-0.218262,0.987305,-0.000532632,-0.000532632,0.000532632
1773773224059,0.0883789,-0.218262,0.987305,-0.00106526,-0.0015979,0
1773773224140,0.0869141,-0.219727,0.989258,0,-0.000532632,-0.000532632
1773773224220,0.0878906,-0.219727,0.987793,-0.000532632,0,0
1773773224291,0.0878906,-0.220703,0.988281,0,-0.000532632,0
1773773224372,0.0874023,-0.222656,0.987305,0,0.000532632,0.000532632
1773773224452,0.0888672,-0.217773,0.989258,0.00106526,0,0
1773773224523,0.0874023,-0.219238,0.989746,-0.000532632,-0.000532632,0
1773773224603,0.0874023,-0.21875,0.98584,-0.00106526,0,0.000532632
1773773224684,0.0869141,-0.217773,0.986816,0,0,0
1773773224754,0.0888672,-0.220215,0.986816,0,-0.00106526,0.000532632
1773773224835,0.0839844,-0.21875,0.988281,0.00106526,-0.000532632,0.000532632
1773773224915,0.0888672,-0.219238,0.988281,0,-0.000532632,0.00106526
1773773224986,0.0869141,-0.219727,0.98584,0.00106526,0,0
1773773225066,0.0864258,-0.21875,0.990234,0.00106526,0.000532632,0
1773773225137,0.0893555,-0.220703,0.988281,-0.000532632,-0.000532632,0.00106526
1773773225217,0.0869141,-0.21875,0.98877,0.000532632,0,0
1773773225298,0.0878906,-0.219727,0.986816,0,0,0.000532632
1773773225369,0.0874023,-0.219727,0.986816,0.000532632,-0.000532632,0
1773773225449,0.0883789,-0.217773,0.987305,0.000532632,-0.00106526,-0.00106526
1773773225530,0.0854492,-0.21875,0.988281,-0.000532632,-0.000532632,-0.000532632
1773773225600,0.0849609,-0.21875,0.98877,0.000532632,0,0.00106526
1773773225681,0.0864258,-0.220703,0.98877,0,-0.000532632,-0.00106526
1773773225761,0.0869141,-0.217773,0.98877,0,0,0
1773773225832,0.0874023,-0.219238,0.987793,-0.00106526,0,0.000532632
1773773225912,0.0864258,-0.218262,0.989746,0.000532632,0,0.00106526
1773773225993,0.0844727,-0.219727,0.989746,0,0,-0.000532632
1773773226063,0.0864258,-0.217773,0.987305,-0.000532632,-0.0015979,0.000532632
1773773226144,0.0859375,-0.219238,0.987793,0.000532632,-0.000532632,0.000532632
1773773226224,0.0864258,-0.219238,0.98877,0.000532632,-0.000532632,-0.000532632
1773773226295,0.0864258,-0.218262,0.988281,0.00106526,-0.00106526,0
1773773226376,0.0864258,-0.218262,0.988281,-0.000532632,-0.000532632,-0.000532632
1773773226446,0.0864258,-0.219238,0.986816,0,-0.000532632,0.000532632
1773773226527,0.0883789,-0.217773,0.989746,-0.000532632,-0.00106526,0
1773773226607,0.0874023,-0.218262,0.987305,0.000532632,0,0
1773773226678,0.0878906,-0.217285,0.989746,-0.000532632,-0.00106526,0
1773773226759,0.0883789,-0.219727,0.988281,0,0.000532632,-0.000532632
1773773226839,0.0878906,-0.217285,0.987305,0.00106526,0.000532632,0.000532632
1773773226909,0.0864258,-0.21875,0.990234,0.000532632,-0.000532632,-0.000532632
1773773226990,0.0883789,-0.219238,0.987793,-0.00106526,0,0.000532632
1773773227071,0.0874023,-0.218262,0.98877,0,0,-0.000532632
1773773227141,0.0874023,-0.216309,0.988281,0.000532632,0,0
1773773227221,0.0874023,-0.218262,0.98877,0.00106526,0,0
1773773227302,0.0883789,-0.218262,0.98877,-0.00106526,-0.00106526,0
1773773227372,0.0859375,-0.21875,0.988281,0,-0.000532632,0.000532632
1773773227453,0.0874023,-0.216797,0.987793,-0.000532632,-0.000532632,-0.000532632
1773773227534,0.0878906,-0.217773,0.986816,-0.00106526,-0.000532632,0
1773773227604,0.0869141,-0.218262,0.98877,0.000532632,-0.000532632,0.000532632
1773773227685,0.0883789,-0.216797,0.989746,0.000532632,0.000532632,0
1773773227755,0.0854492,-0.21875,0.988281,-0.000532632,-0.00106526,-0.00106526
1773773227836,0.0864258,-0.217773,0.987793,0,-0.00106526,-0.000532632
1773773227916,0.0874023,-0.220215,0.989258,0,-0.000532632,0.000532632
1773773227987,0.0874023,-0.219727,0.987305,0.00106526,-0.00106526,0.000532632
1773773228067,0.0869141,-0.219727,0.98877,0.000532632,-0.000532632,-0.00106526
1773773228148,0.0859375,-0.21875,0.987305,0.000532632,-0.00106526,-0.000532632
1773773228218,0.0869141,-0.216309,0.986816,0,0,-0.000532632
1773773228299,0.0869141,-0.219238,0.987793,0,-0.000532632,0
1773773228379,0.0878906,-0.220215,0.98584,0.000532632,-0.0015979,-0.00106526
1773773228450,0.0869141,-0.219727,0.988281,0,0,0.000532632
1773773228531,0.0864258,-0.219727,0.987305,-0.00106526,-0.000532632,-0.000532632
1773773228611,0.0869141,-0.219727,0.986816,-0.000532632,-0.00106526,0.000532632
1773773228682,0.0878906,-0.220703,0.989746,0.000532632,-0.000532632,0
1773773228762,0.0888672,-0.217773,0.987793,0.000532632,-0.000532632,0.000532632
1773773228833,0.0878906,-0.219238,0.987793,0,0,0.00106526
1773773228913,0.0874023,-0.219238,0.987793,0.000532632,-0.000532632,0.000532632
1773773228994,0.0864258,-0.219238,0.988281,0,-0.00106526,0.000532632
1773773229064,0.0874023,-0.219238,0.989258,0.000532632,-0.0015979,-0.000532632
1773773229145,0.0859375,-0.217773,0.987793,0,0.000532632,0.00106526
1773773229225,0.0874023,-0.21875,0.987793,-0.000532632,-0.00106526,0
1773773229296,0.0859375,-0.219727,0.987305,-0.00106526,-0.000532632,0
1773773229377,0.0883789,-0.220703,0.987793,-0.000532632,0,0
1773773229457,0.0869141,-0.219238,0.987793,-0.000532632,0,-0.00106526
1773773229528,0.0874023,-0.217773,0.988281,-0.000532632,-0.0015979,0.000532632
1773773229608,0.0883789,-0.219727,0.98877,-0.00106526,-0.000532632,-0.00106526
1773773229689,0.0883789,-0.219238,0.98877,0,-0.0015979,-0.000532632
1773773229759,0.0878906,-0.217285,0.98877,0.000532632,0,-0.000532632
1773773229840,0.0878906,-0.220215,0.986816,0,-0.000532632,0
1773773229920,0.0854492,-0.217773,0.990234,0.000532632,-0.00266316,0
1773773229991,0.0878906,-0.218262,0.986328,-0.000532632,-0.000532632,-0.000532632
1773773230071,0.0849609,-0.21875,0.989746,0.000532632,0,0
1773773230142,0.0878906,-0.21875,0.985352,0.00106526,0.000532632,0.000532632
1773773230222,0.0878906,-0.217285,0.988281,0.000532632,0,0.00106526
1773773230303,0.0874023,-0.21875,0.987305,0,-0.00106526,0
1773773230373,0.0864258,-0.21875,0.987305,-0.00106526,0,-0.000532632
1773773230454,0.0878906,-0.21875,0.987793,-0.000532632,-0.00106526,-0.0015979
1773773230535,0.0859375,-0.218262,0.986816,0.000532632,0,-0.000532632
1773773230605,0.0859375,-0.218262,0.98877,0,-0.00106526,0
1773773230686,0.0849609,-0.21875,0.987305,0,-0.000532632,0
1773773230766,0.0859375,-0.21875,0.987793,0.000532632,-0.000532632,-0.00106526
1773773230837,0.0869141,-0.21875,0.98877,0.000532632,0.000532632,0
1773773230917,0.0888672,-0.217285,0.989258,0.000532632,-0.000532632,0
1773773230998,0.0874023,-0.219238,0.987305,0,-0.000532632,0
1773773231068,0.0864258,-0.219238,0.988281,-0.000532632,-0.000532632,0.000532632
1773773231149,0.0874023,-0.218262,0.98877,0,-0.00106526,-0.00106526
1773773231229,0.0864258,-0.21875,0.987305,0.000532632,0,0.000532632
1773773231300,0.0888672,-0.217285,0.987305,-0.00106526,-0.00106526,-0.000532632
1773773231381,0.0878906,-0.220703,0.986816,0,-0.000532632,0.0015979
1773773231451,0.0878906,-0.218262,0.986816,0,-0.00106526,0
1773773231532,0.0854492,-0.219238,0.98877,0.0015979,-0.000532632,-0.00106526
1773773231612,0.0869141,-0.218262,0.986816,-0.000532632,-0.000532632,0.000532632
1773773231683,0.0878906,-0.217773,0.986816,-0.000532632,-0.000532632,0.000532632
1773773231763,0.0888672,-0.21875,0.98877,0,-0.000532632,0.000532632
1773773231844,0.0874023,-0.217773,0.988281,-0.000532632,-0.00106526,-0.000532632
1773773231914,0.0878906,-0.21875,0.986328,-0.000532632,-0.000532632,-0.000532632
1773773231995,0.0883789,-0.216797,0.987793,-0.000532632,-0.00106526,0.00106526
1773773232075,0.0859375,-0.217773,0.986816,-0.000532632,-0.00106526,0
1773773232147,0.0883789,-0.216797,0.987793,-0.000532632,0.000532632,-0.0015979
1773773232226,0.0888672,-0.219238,0.987793,0,-0.000532632,0
1773773232307,0.0888672,-0.220215,0.98877,0,-0.00106526,0.000532632
1773773232377,0.0878906,-0.219727,0.986328,0.000532632,0,0.000532632
1773773232458,0.0878906,-0.218262,0.989258,-0.000532632,-0.00106526,-0.000532632
1773773232539,0.0869141,-0.21875,0.987793,0.000532632,0,-0.000532632
1773773232609,0.0883789,-0.219238,0.987793,0,-0.0015979,0.000532632
1773773232690,0.0878906,-0.217773,0.987793,0,-0.000532632,-0.000532632
1773773232760,0.0869141,-0.217773,0.98584,0.000532632,0,0.000532632
1773773232841,0.0883789,-0.218262,0.98877,0.000532632,-0.000532632,0.00106526
1773773232921,0.0878906,-0.217773,0.987305,0,-0.00106526,-0.000532632
1773773232992,0.0869141,-0.217773,0.98877,-0.000532632,-0.000532632,0
1773773233072,0.0869141,-0.21875,0.987793,-0.000532632,-0.00106526,-0.000532632
1773773233153,0.0878906,-0.217773,0.987305,0,-0.000532632,0.000532632
1773773233223,0.0874023,-0.218262,0.987305,0,-0.000532632,-0.000532632
1773773233304,0.0869141,-0.21875,0.986816,0,-0.000532632,0
1773773233384,0.0864258,-0.217773,0.986328,0.00106526,-0.000532632,0.000532632
1773773233455,0.0864258,-0.219238,0.98877,0.000532632,-0.00106526,0.00106526
1773773233536,0.0849609,-0.216797,0.98877,0,-0.00106526,-0.000532632
1773773233616,0.0854492,-0.217285,0.986328,0,0,0.000532632
1773773233687,0.0883789,-0.220215,0.988281,0.00106526,0,0
1773773233767,0.0869141,-0.217285,0.988281,0.000532632,-0.00106526,0
1773773233848,0.0869141,-0.21875,0.987305,-0.00106526,0.000532632,-0.000532632
1773773233918,0.0878906,-0.218262,0.988281,0.000532632,-0.00106526,0
1773773233999,0.0869141,-0.219238,0.98877,-0.000532632,-0.000532632,0
1773773234069,0.0878906,-0.217773,0.987793,0,-0.000532632,0.000532632
1773773234150,0.0869141,-0.219238,0.987305,0,-0.000532632,0.0015979
1773773234230,0.0869141,-0.217773,0.990234,-0.00106526,0,0
1773773234302,0.0888672,-0.21875,0.989746,0,0,0.00106526
1773773234382,0.0874023,-0.219238,0.987305,0,0.000532632,0.00106526
1773773234462,0.0869141,-0.218262,0.986328,-0.000532632,-0.000532632,0
1773773234532,0.0878906,-0.21875,0.987793,0.000532632,-0.0015979,0
1773773234613,0.0869141,-0.217773,0.986328,0.000532632,-0.000532632,0
1773773234694,0.0854492,-0.217773,0.987305,-0.000532632,-0.00106526,-0.000532632
1773773234764,0.0883789,-0.219727,0.987793,0,-0.000532632,0.000532632
1773773234845,0.0874023,-0.219727,0.988281,0,-0.00106526,-0.000532632
1773773234925,0.0883789,-0.21875,0.986816,0,-0.00106526,0.00106526
1773773234996,0.0859375,-0.219727,0.989258,0,-0.00106526,0.000532632
1773773235076,0.0859375,-0.217773,0.987793,-0.000532632,-0.000532632,0.000532632
1773773235147,0.0883789,-0.219727,0.989746,0.000532632,-0.00106526,0.0015979
1773773235228,0.0883789,-0.218262,0.988281,0,-0.00106526,0
1773773235308,0.0869141,-0.219238,0.987793,0,-0.00106526,-0.000532632
1773773235379,0.0883789,-0.217773,0.987305,0.000532632,0.00106526,0
1773773235459,0.0878906,-0.219238,0.987305,0,0,0.00106526
1773773235540,0.0849609,-0.21875,0.987305,0,-0.00106526,-0.000532632
1773773235610,0.0878906,-0.219727,0.987305,0,-0.0015979,0
1773773235691,0.0883789,-0.219727,0.989258,-0.000532632,-0.000532632,0
1773773235771,0.0878906,-0.216797,0.986816,0,-0.000532632,0.00106526
1773773235842,0.0864258,-0.219238,0.986816,0,-0.00106526,-0.00106526
1773773235922,0.0874023,-0.219238,0.98877,-0.000532632,-0.000532632,-0.000532632
1773773236003,0.0878906,-0.217285,0.989746,-0.000532632,-0.00106526,0
1773773236073,0.0878906,-0.21875,0.987793,-0.00106526,0.000532632,0.000532632
1773773236154,0.0869141,-0.21875,0.987305,0.00106526,-0.000532632,-0.000532632
1773773236234,0.0878906,-0.221191,0.987793,0,-0.000532632,0
1773773236305,0.0893555,-0.216309,0.986328,0,-0.00106526,0
1773773236386,0.0883789,-0.220215,0.987793,-0.000532632,0,0
1773773236456,0.0888672,-0.216797,0.988281,0,-0.000532632,-0.000532632
1773773236537,0.0854492,-0.221191,0.989258,0.000532632,-0.00106526,-0.000532632
1773773236617,0.0869141,-0.217285,0.990234,-0.000532632,0.000532632,-0.00106526
1773773236688,0.0878906,-0.221191,0.987305,-0.00106526,-0.000532632,0.000532632
1773773236768,0.0883789,-0.217773,0.98877,0,-0.00106526,-0.000532632
1773773236849,0.0844727,-0.216309,0.98877,-0.000532632,-0.000532632,0.000532632
1773773236919,0.0888672,-0.217773,0.986816,-0.000532632,-0.00106526,0.000532632
1773773237000,0.0878906,-0.219238,0.987305,0,0.000532632,0
1773773237080,0.0893555,-0.216797,0.986328,0,-0.00106526,-0.000532632
1773773237151,0.0874023,-0.21875,0.986816,0.00106526,0,0.000532632
1773773237231,0.0864258,-0.217773,0.988281,0,-0.000532632,0
1773773237312,0.0893555,-0.21875,0.989258,0,-0.00106526,0
1773773237383,0.0859375,-0.217285,0.987793,0,0.000532632,0
1773773237463,0.0859375,-0.219727,0.987305,0.000532632,-0.000532632,0.000532632
1773773237544,0.0869141,-0.219238,0.987305,0,-0.000532632,0
1773773237614,0.0893555,-0.220215,0.988281,0.000532632,0,-0.000532632
1773773237695,0.0883789,-0.219727,0.989258,-0.000532632,-0.000532632,0.000532632
1773773237765,0.0864258,-0.21875,0.989258,0.0015979,-0.000532632,0
1773773237846,0.0883789,-0.217285,0.988281,0,0,-0.000532632
1773773237926,0.0854492,-0.21875,0.987793,-0.00106526,-0.000532632,0
1773773237997,0.0869141,-0.216797,0.98877,0,0,0
1773773238077,0.0874023,-0.217773,0.988281,0.000532632,0.000532632,-0.000532632
1773773238158,0.0878906,-0.218262,0.987305,-0.00106526,-0.000532632,0
1773773238228,0.0874023,-0.219238,0.987793,0,-0.000532632,0.00106526
1773773238309,0.0869141,-0.21875,0.988281,0.000532632,-0.0015979,0.00106526
1773773238390,0.090332,-0.217773,0.98877,0.000532632,0.000532632,-0.000532632
1773773238460,0.0888672,-0.217773,0.989746,0.000532632,-0.000532632,-0.000532632
1773773238541,0.0864258,-0.21875,0.98877,0,0,-0.000532632
1773773238621,0.0883789,-0.217285,0.987793,0,-0.0015979,0.000532632
1773773238692,0.0874023,-0.220703,0.986816,0.00106526,0,0.00106526
1773773238772,0.0859375,-0.216797,0.987793,-0.000532632,-0.00106526,0.00106526
1773773238843,0.0864258,-0.217773,0.986816,0,0.000532632,-0.000532632
1773773238923,0.0878906,-0.21875,0.98877,-0.000532632,-0.000532632,-0.000532632
1773773239004,0.0874023,-0.217285,0.989258,0.00106526,-0.00106526,0
1773773239074,0.0888672,-0.21875,0.987305,0.00106526,-0.000532632,0.000532632
1773773239155,0.0898438,-0.219238,0.987305,0,0,0.000532632
1773773239225,0.0869141,-0.218262,0.986816,0,-0.0015979,-0.000532632
1773773239306,0.0888672,-0.217773,0.988281,0,0,0
1773773239387,0.0859375,-0.219238,0.987793,0.000532632,-0.000532632,0
1773773239467,0.0859375,-0.217285,0.989258,0.000532632,0.000532632,0.000532632
1773773239538,0.0874023,-0.218262,0.987793,0.000532632,0,-0.000532632
1773773239618,0.0874023,-0.217773,0.98877,-0.00106526,-0.000532632,0
1773773239699,0.0859375,-0.218262,0.991211,-0.000532632,0,0.000532632
1773773239769,0.0874023,-0.219727,0.986816,0.000532632,0,0.000532632
1773773239850,0.0888672,-0.217285,0.98584,0.000532632,-0.000532632,0
1773773239931,0.0878906,-0.219727,0.989258,0,-0.00106526,0
1773773240001,0.0878906,-0.218262,0.98584,0.000532632,-0.000532632,-0.000532632
1773773240082,0.0888672,-0.217285,0.989746,-0.000532632,-0.00106526,-0.000532632
1773773240152,0.090332,-0.217285,0.988281,0.000532632,-0.00106526,0
1773773240233,0.0913086,-0.216309,0.98877,0.000532632,0,0
1773773240313,0.0878906,-0.21875,0.989258,0,-0.000532632,0
1773773240384,0.0898438,-0.218262,0.989746,0,-0.000532632,-0.000532632
1773773240464,0.0849609,-0.220215,0.985352,0.000532632,-0.00106526,0.000532632
1773773240545,0.0864258,-0.219238,0.987793,-0.000532632,0,0.000532632
1773773240615,0.0888672,-0.217773,0.98877,-0.000532632,0.000532632,-0.000532632
1773773240696,0.0878906,-0.21875,0.989258,0,-0.00106526,0
1773773240776,0.0864258,-0.219238,0.986816,0,-0.000532632,0.000532632
1773773240847,0.0874023,-0.219727,0.986816,0,0,0.000532632
1773773240928,0.0878906,-0.21875,0.98877,-0.000532632,-0.00106526,-0.00106526
1773773241008,0.0874023,-0.217773,0.987793,0.000532632,-0.00106526,0.000532632
1773773241079,0.0869141,-0.220215,0.987305,-0.000532632,0,-0.000532632
1773773241159,0.0888672,-0.217773,0.987793,0.000532632,-0.000532632,-0.000532632
1773773241230,0.0874023,-0.217285,0.988281,0,0.000532632,-0.000532632
1773773241310,0.0874023,-0.218262,0.98877,-0.000532632,0,-0.000532632
1773773241391,0.0864258,-0.218262,0.987305,-0.000532632,-0.000532632,-0.000532632
1773773241461,0.0874023,-0.217773,0.988281,0,-0.00106526,0
1773773241542,0.0869141,-0.217773,0.989746,0,-0.000532632,0.000532632
1773773241622,0.0874023,-0.217773,0.988281,0.000532632,-0.000532632,-0.000532632
1773773241693,0.0874023,-0.217285,0.989746,-0.000532632,0,0
1773773241773,0.0869141,-0.219238,0.987793,0,-0.000532632,-0.00106526
1773773241854,0.0878906,-0.219238,0.988281,0.00106526,-0.000532632,-0.00106526
1773773241924,0.0849609,-0.220215,0.987793,0,0.000532632,-0.00106526
1773773242005,0.0864258,-0.219727,0.987305,0,-0.000532632,0
1773773242086,0.0874023,-0.21875,0.987793,0,-0.000532632,0
1773773242156,0.0874023,-0.219238,0.988281,0,-0.000532632,-0.00106526
1773773242237,0.0864258,-0.218262,0.98584,0,-0.00106526,0.0015979
1773773242307,0.0874023,-0.218262,0.986816,0.000532632,0,0
1773773242388,0.0878906,-0.217285,0.988281,-0.000532632,0,0.000532632
1773773242468,0.0874023,-0.219727,0.987793,0.00106526,-0.00106526,-0.000532632
1773773242539,0.0859375,-0.219238,0.986816,0.000532632,0,0
1773773242620,0.0854492,-0.219238,0.988281,0,-0.00106526,0.000532632
1773773242700,0.0874023,-0.217773,0.98877,-0.00106526,0,0
1773773242770,0.0878906,-0.217773,0.98584,0,-0.00106526,0
1773773242851,0.0883789,-0.216797,0.987793,0.000532632,-0.00106526,0.00106526
1773773242932,0.0869141,-0.218262,0.987793,0,0,0
1773773243002,0.0864258,-0.220215,0.986816,0,-0.00106526,-0.000532632
1773773243082,0.0854492,-0.219238,0.986816,0,-0.000532632,0.000532632
1773773243163,0.0864258,-0.219727,0.987793,0,0.000532632,0
1773773243234,0.0854492,-0.21875,0.986816,-0.000532632,-0.000532632,0
1773773243314,0.0869141,-0.220215,0.987793,0,0.00106526,-0.000532632
1773773243395,0.0893555,-0.217773,0.987305,0.000532632,-0.0015979,-0.000532632
1773773243465,0.0869141,-0.220215,0.987793,-0.000532632,-0.00106526,-0.0015979
1773773243546,0.0874023,-0.21875,0.98877,0,-0.00106526,0.000532632
1773773243617,0.0864258,-0.218262,0.987793,-0.00106526,-0.00106526,0.000532632
1773773243697,0.0864258,-0.216797,0.986816,0,-0.000532632,0.000532632
1773773243778,0.0878906,-0.218262,0.987793,0,-0.00106526,0
1773773243848,0.0869141,-0.220215,0.987793,0,0,-0.000532632
1773773243929,0.0883789,-0.219238,0.989258,-0.000532632,-0.00106526,0
1773773244010,0.0883789,-0.21875,0.987793,0,-0.000532632,-0.00106526
1773773244080,0.0869141,-0.218262,0.987305,0.000532632,-0.000532632,0
1773773244161,0.0878906,-0.220215,0.987305,0,0,-0.000532632
1773773244241,0.0874023,-0.21875,0.987305,-0.000532632,-0.000532632,-0.000532632
1773773244312,0.0874023,-0.218262,0.989258,0.00106526,-0.00106526,-0.000532632
1773773244392,0.0878906,-0.220703,0.987305,0,-0.000532632,-0.000532632
1773773244473,0.0878906,-0.218262,0.987793,0,0,0
1773773244543,0.0864258,-0.219238,0.987793,0,-0.0015979,0.000532632
1773773244624,0.0854492,-0.220215,0.986328,-0.00106526,-0.00106526,0.000532632
1773773244704,0.0869141,-0.217773,0.989258,0,0,0.000532632
1773773244775,0.0869141,-0.21875,0.987793,0,-0.000532632,-0.00106526
1773773244855,0.0864258,-0.218262,0.987793,0.000532632,0,0.000532632
1773773244926,0.0854492,-0.216797,0.98877,-0.000532632,-0.00106526,-0.00106526
1773773245007,0.0883789,-0.218262,0.987305,0.000532632,0.000532632,0.00106526
1773773245087,0.0854492,-0.219238,0.98584,0.000532632,-0.000532632,0.00106526
1773773245158,0.0888672,-0.21875,0.98877,0,-0.00106526,-0.000532632
1773773245238,0.0874023,-0.221191,0.984375,0.000532632,-0.000532632,0.000532632
1773773245319,0.0888672,-0.219238,0.986328,0.00106526,-0.000532632,0.000532632
1773773245389,0.0869141,-0.218262,0.989746,-0.000532632,-0.00106526,0
1773773245470,0.0883789,-0.21875,0.98584,0,-0.00106526,-0.000532632
1773773245550,0.0878906,-0.218262,0.987793,0.000532632,-0.00106526,0
1773773245621,0.0869141,-0.217773,0.987305,0,-0.000532632,0
1773773245702,0.0883789,-0.217773,0.987305,-0.000532632,0,0.000532632
1773773245782,0.0859375,-0.218262,0.990234,0,-0.000532632,0.000532632
1773773245853,0.0888672,-0.21875,0.989258,0.000532632,-0.000532632,0
1773773245933,0.0859375,-0.21875,0.987305,0,-0.000532632,0.000532632
1773773246004,0.0883789,-0.219238,0.985352,-0.000532632,-0.000532632,0
1773773246084,0.0854492,-0.219727,0.988281,0.00106526,-0.000532632,0
1773773246165,0.0878906,-0.220215,0.987793,0,0,0.000532632
1773773246235,0.0869141,-0.219238,0.98877,0,-0.00106526,0.000532632
1773773246316,0.0874023,-0.216797,0.987305,0,-0.00106526,-0.000532632
1773773246396,0.0869141,-0.219238,0.988281,0,-0.000532632,0
1773773246467,0.0883789,-0.219238,0.987793,-0.000532632,-0.00106526,0.000532632
1773773246548,0.0859375,-0.218262,0.988281,0,0,0
1773773246628,0.0854492,-0.21875,0.987793,0,0.000532632,0
1773773246699,0.0864258,-0.217773,0.98877,-0.000532632,-0.00106526,-0.000532632
1773773246779,0.0874023,-0.219727,0.988281,0,0,-0.000532632
1773773246860,0.0864258,-0.217285,0.987793,-0.000532632,-0.000532632,0.00106526
1773773246930,0.0854492,-0.218262,0.986816,0.00106526,0,0
1773773247011,0.0869141,-0.219238,0.989258,0.000532632,-0.00106526,0.000532632
1773773247091,0.0864258,-0.218262,0.98877,0,0,-0.00106526
1773773247162,0.0854492,-0.220215,0.989746,0,-0.000532632,0
1773773247242,0.0874023,-0.217773,0.987793,-0.000532632,-0.0015979,0.00106526
1773773247313,0.0883789,-0.219238,0.986816,-0.000532632,-0.000532632,0
1773773247394,0.0878906,-0.217773,0.987793,0.000532632,-0.00106526,0
1773773247474,0.0883789,-0.216309,0.987305,-0.000532632,-0.00106526,0
1773773247545,0.0854492,-0.217773,0.988281,-0.000532632,-0.000532632,0
1773773247625,0.0874023,-0.220215,0.988281,-0.00106526,-0.000532632,0.000532632
1773773247706,0.0883789,-0.21875,0.98877,0.00106526,0,0
1773773247776,0.0859375,-0.219727,0.988281,0.000532632,-0.000532632,0.000532632
1773773247857,0.0898438,-0.219727,0.98584,0,-0.000532632,0
1773773247937,0.0878906,-0.217285,0.98877,0,-0.000532632,0
1773773248008,0.0893555,-0.219238,0.987793,0.000532632,-0.000532632,0.000532632
1773773248088,0.0874023,-0.21875,0.987793,0.000532632,-0.00106526,-0.000532632
1773773248169,0.0869141,-0.218262,0.98584,0,0,0
1773773248239,0.0864258,-0.217285,0.987305,0,-0.00106526,0.0015979
1773773248320,0.0854492,-0.21875,0.986328,0,-0.000532632,0
1773773248401,0.0883789,-0.21875,0.987793,0,-0.00106526,0.000532632
1773773248471,0.0869141,-0.218262,0.98877,0,-0.00106526,0.000532632
1773773248552,0.0888672,-0.217773,0.988281,0,-0.000532632,0.00106526
1773773248622,0.0859375,-0.21875,0.98877,0,0.000532632,-0.00106526
1773773248703,0.0874023,-0.218262,0.986816,0.000532632,-0.00106526,-0.000532632
1773773248783,0.0864258,-0.217773,0.989746,-0.000532632,-0.000532632,0
1773773248854,0.0864258,-0.21875,0.989746,-0.000532632,-0.000532632,0
1773773248935,0.0874023,-0.21875,0.989258,0.00106526,0,-0.000532632
1773773249015,0.0869141,-0.219238,0.98877,0.000532632,-0.000532632,-0.000532632
1773773249086,0.0859375,-0.217773,0.987305,0,-0.0015979,-0.0015979
1773773249167,0.0869141,-0.21875,0.987793,0,0,0
1773773249247,0.0888672,-0.217773,0.988281,0,-0.00106526,0
1773773249318,0.0874023,-0.21875,0.986328,0,-0.000532632,-0.000532632
1773773249398,0.090332,-0.219727,0.987793,0.00106526,-0.000532632,0
1773773249479,0.0878906,-0.219238,0.98877,0,0,0.000532632
1773773249549,0.0869141,-0.217285,0.988281,0.000532632,0,0
1773773249630,0.0854492,-0.219238,0.984863,0,0,0
1773773249700,0.0859375,-0.21875,0.989746,0.000532632,0,-0.00106526
1773773249781,0.0859375,-0.219238,0.987305,-0.000532632,0,0.00106526
1773773249861,0.0869141,-0.220703,0.98877,-0.000532632,0,-0.000532632
1773773249932,0.0883789,-0.217285,0.987793,-0.000532632,-0.00106526,0.00106526
1773773250012,0.0874023,-0.218262,0.989258,0,-0.00106526,-0.000532632
1773773250093,0.0869141,-0.218262,0.987305,0.000532632,0.000532632,0.000532632
1773773250163,0.0878906,-0.216309,0.98877,0,-0.000532632,-0.000532632
1773773250244,0.0874023,-0.21875,0.987793,0.000532632,-0.00106526,0
1773773250325,0.0864258,-0.218262,0.987793,0,-0.000532632,0
1773773250395,0.0893555,-0.218262,0.987305,-0.000532632,0,-0.000532632
1773773250476,0.0874023,-0.217773,0.990234,0,0,0
1773773250556,0.0874023,-0.218262,0.989258,-0.00106526,-0.000532632,-0.000532632
1773773250627,0.0844727,-0.21875,0.987793,0.00106526,-0.000532632,-0.00106526
1773773250708,0.0878906,-0.218262,0.98877,-0.000532632,-0.000532632,0.0015979
1773773250788,0.0874023,-0.218262,0.987305,0.000532632,0,-0.00106526
1773773250859,0.0869141,-0.21875,0.985352,0,-0.000532632,0.000532632
1773773250939,0.0874023,-0.217285,0.986816,-0.00106526,-0.000532632,0
1773773251020,0.0874023,-0.217773,0.987305,0.000532632,-0.00106526,-0.000532632
1773773251090,0.0874023,-0.216797,0.987305,0.000532632,0,0
1773773251171,0.0888672,-0.219238,0.988281,0,-0.000532632,0
1773773251241,0.0869141,-0.21875,0.988281,0,-0.000532632,-0.000532632
1773773251322,0.0844727,-0.219727,0.986328,0,0,-0.000532632
1773773251402,0.0864258,-0.216797,0.989746,0,0.000532632,0.0015979
1773773251473,0.0874023,-0.219727,0.986816,0,-0.000532632,0
1773773251554,0.0849609,-0.218262,0.989258,0,-0.000532632,0.000532632
1773773251634,0.0854492,-0.218262,0.986328,0.000532632,0,-0.000532632
1773773251705,0.0878906,-0.222168,0.989258,-0.000532632,0,-0.000532632
1773773251785,0.0878906,-0.217773,0.987305,0,-0.000532632,0
1773773251866,0.0869141,-0.220215,0.989258,-0.00106526,0,0.000532632
1773773251936,0.0878906,-0.21875,0.986816,0,-0.000532632,0.00106526
1773773252017,0.0878906,-0.217773,0.989746,0.000532632,-0.000532632,0.000532632
1773773252097,0.0864258,-0.21875,0.98877,0,-0.00106526,0.000532632
1773773252168,0.0859375,-0.216797,0.988281,0,0,-0.00106526
1773773252248,0.0864258,-0.219238,0.98877,-0.00106526,-0.00106526,-0.00106526
1773773252319,0.0874023,-0.21875,0.986328,0.000532632,-0.00106526,0
1773773252400,0.0869141,-0.216797,0.986328,0.000532632,-0.000532632,0
1773773252480,0.0869141,-0.221191,0.989258,0,-0.000532632,0.000532632
1773773252551,0.0849609,-0.220703,0.987305,0.000532632,-0.0015979,0.000532632
1773773252632,0.0859375,-0.21875,0.987793,0,-0.00106526,0.000532632
1773773252712,0.0859375,-0.221191,0.987793,0,-0.0015979,0.000532632
1773773252783,0.0874023,-0.220215,0.989746,0,0,-0.00106526
1773773252863,0.0878906,-0.219238,0.988281,-0.00106526,-0.000532632,0.00106526
1773773252944,0.0883789,-0.217285,0.990234,0.000532632,-0.000532632,-0.000532632
1773773253014,0.0849609,-0.219727,0.988281,0,-0.000532632,0.000532632
1773773253095,0.0854492,-0.21875,0.987305,-0.000532632,-0.0015979,0.00106526
1773773253175,0.0859375,-0.219727,0.988281,0,0,0
1773773253246,0.0878906,-0.220215,0.989746,0,0,0
1773773253327,0.0878906,-0.219238,0.990234,-0.000532632,-0.00106526,-0.000532632
1773773253397,0.0878906,-0.21875,0.986328,0.000532632,-0.00106526,0
1773773253478,0.0878906,-0.21875,0.987305,0,-0.00106526,0.00106526
1773773253558,0.0869141,-0.218262,0.98877,-0.000532632,-0.0015979,-0.000532632
1773773253629,0.0888672,-0.218262,0.987793,0.000532632,-0.000532632,0.00106526
1773773253709,0.0854492,-0.217773,0.986816,0,-0.000532632,0.000532632
1773773253790,0.0874023,-0.21875,0.987305,0.000532632,0,-0.000532632
1773773253860,0.0864258,-0.219238,0.987305,0.000532632,0,0
1773773253941,0.0844727,-0.218262,0.987305,-0.000532632,-0.000532632,-0.00106526
1773773254021,0.0883789,-0.218262,0.987793,0.000532632,0,0.000532632
1773773254092,0.0869141,-0.220215,0.988281,-0.000532632,-0.00106526,-0.000532632
1773773254172,0.0859375,-0.219238,0.987793,0.000532632,0.000532632,0
1773773254253,0.0878906,-0.216797,0.987793,0.000532632,-0.00106526,0
1773773254325,0.0878906,-0.219727,0.98877,0,0,-0.000532632
1773773254404,0.0864258,-0.220215,0.98877,-0.000532632,-0.000532632,0
1773773254475,0.0874023,-0.219727,0.988281,-0.000532632,-0.000532632,0.000532632
1773773254555,0.0864258,-0.219238,0.987793,0,-0.000532632,0
1773773254636,0.0859375,-0.218262,0.987305,0.00106526,-0.000532632,0.000532632
1773773254706,0.0874023,-0.217285,0.988281,-0.00106526,-0.00106526,0
1773773254787,0.0883789,-0.218262,0.987305,0,-0.0015979,-0.000532632
1773773254867,0.0878906,-0.21875,0.987305,-0.000532632,-0.000532632,-0.000532632
1773773254938,0.0854492,-0.219238,0.98584,-0.000532632,-0.000532632,0
1773773255018,0.0874023,-0.218262,0.986816,0,-0.000532632,0
1773773255099,0.0878906,-0.220215,0.98584,0,-0.000532632,-0.000532632
1773773255169,0.0859375,-0.219238,0.98877,0,-0.000532632,0.000532632
1773773255250,0.0878906,-0.221191,0.987793,0.00106526,-0.0015979,0.00106526
1773773255330,0.0878906,-0.217285,0.987793,0,-0.000532632,0.000532632
1773773255401,0.0859375,-0.219727,0.988281,-0.00106526,0,0.00106526
1773773255481,0.0888672,-0.21875,0.988281,-0.000532632,-0.00213053,-0.00106526
1773773255562,0.0869141,-0.219727,0.988281,0,0,0
1773773255632,0.0869141,-0.219238,0.989258,-0.00106526,-0.000532632,0
1773773255713,0.0878906,-0.21875,0.98877,-0.000532632,0,0
1773773255794,0.0859375,-0.219238,0.987793,0.000532632,0,0.000532632
1773773255864,0.0878906,-0.218262,0.988281,-0.00106526,-0.00106526,0
1773773255945,0.0874023,-0.21875,0.986328,0.000532632,-0.000532632,0.000532632
1773773256015,0.0874023,-0.219727,0.988281,0,0,0
1773773256096,0.0883789,-0.219238,0.987305,0.000532632,-0.00106526,0
1773773256177,0.0874023,-0.21875,0.98877,-0.00106526,-0.000532632,-0.000532632
1773773256247,0.0869141,-0.219727,0.988281,0,-0.000532632,-0.000532632
1773773256328,0.0864258,-0.21875,0.987305,0,-0.000532632,0.000532632
1773773256408,0.0859375,-0.220215,0.988281,0.000532632,0,0
1773773256479,0.0874023,-0.217285,0.986816,0,-0.000532632,0
1773773256559,0.0874023,-0.217773,0.988281,0.000532632,-0.000532632,0
1773773256640,0.0878906,-0.220215,0.987793,-0.000532632,-0.0015979,-0.000532632
1773773256710,0.0883789,-0.218262,0.986816,0,-0.000532632,-0.00106526
1773773256791,0.0864258,-0.219727,0.987305,0.000532632,0,0
1773773256871,0.0874023,-0.217773,0.989258,0.00106526,-0.00106526,0.000532632
1773773256942,0.0869141,-0.218262,0.987793,0,-0.00106526,0
1773773257022,0.0874023,-0.21875,0.988281,0,-0.00106526,0
1773773257093,0.0883789,-0.219238,0.987305,0.0015979,-0.00106526,0.000532632
1773773257173,0.0874023,-0.21582,0.988281,-0.000532632,-0.000532632,-0.000532632
1773773257254,0.0878906,-0.217773,0.98877,-0.000532632,-0.000532632,0.000532632
1773773257325,0.0869141,-0.21875,0.989258,-0.00106526,0.000532632,-0.000532632
1773773257405,0.0878906,-0.217285,0.988281,0,0.000532632,-0.000532632
1773773257486,0.0878906,-0.219238,0.989258,0,-0.000532632,0.000532632
1773773257556,0.0874023,-0.217285,0.985352,0.000532632,-0.0015979,0
1773773257637,0.0883789,-0.217285,0.987793,0,-0.000532632,0.000532632
1773773257717,0.0883789,-0.217773,0.990234,-0.000532632,-0.000532632,0.0015979
1773773257788,0.0869141,-0.220215,0.989746,-0.000532632,-0.00106526,0.000532632
1773773257868,0.0883789,-0.219238,0.989258,0.000532632,0,-0.000532632
1773773257949,0.0869141,-0.21875,0.98877,0.000532632,-0.000532632,0.000532632
1773773258019,0.0888672,-0.219727,0.987793,-0.000532632,-0.00106526,0
1773773258100,0.0874023,-0.218262,0.987793,0.000532632,-0.000532632,-0.000532632
1773773258180,0.0878906,-0.21875,0.98584,0.000532632,-0.00106526,0.000532632
1773773258251,0.0864258,-0.21875,0.989258,-0.000532632,-0.000532632,0.000532632
1773773258332,0.0874023,-0.217773,0.988281,-0.000532632,0,0.000532632
1773773258402,0.0888672,-0.219238,0.989258,0.00106526,0,0
1773773258483,0.0874023,-0.217285,0.988281,0,0,0.00106526
1773773258563,0.0878906,-0.21875,0.987305,0,-0.000532632,-0.00106526
1773773258634,0.0878906,-0.217773,0.987305,-0.000532632,-0.00106526,0
1773773258714,0.0869141,-0.220703,0.987305,0,-0.000532632,-0.000532632
1773773258795,0.0864258,-0.219727,0.990234,0.000532632,-0.00106526,-0.000532632
1773773258865,0.0869141,-0.216797,0.989258,0,0.000532632,0.00106526
1773773258946,0.0878906,-0.217285,0.990234,0.00106526,-0.00106526,-0.00106526
1773773259026,0.0854492,-0.218262,0.986816,0,-0.00106526,0
1773773259097,0.0878906,-0.218262,0.987793,0,-0.000532632,0
1773773259177,0.0874023,-0.219727,0.986816,0.000532632,-0.000532632,0.000532632
1773773259258,0.0869141,-0.21875,0.988281,0.000532632,0.000532632,0
1773773259328,0.0878906,-0.220703,0.990723,-0.000532632,0,-0.00106526
1773773259409,0.0878906,-0.218262,0.987793,-0.000532632,0,-0.000532632
1773773259489,0.0883789,-0.220703,0.986816,0,-0.000532632,-0.000532632
1773773259560,0.0883789,-0.21875,0.988281,0.00106526,-0.000532632,0.000532632
1773773259640,0.0874023,-0.218262,0.986816,0.000532632,0.000532632,-0.000532632
1773773259711,0.0874023,-0.21875,0.990234,0.000532632,-0.000532632,0
1773773259792,0.0869141,-0.218262,0.988281,-0.000532632,0.000532632,-0.000532632
1773773259872,0.0874023,-0.21875,0.989746,-0.00106526,0,-0.000532632
1773773259943,0.0864258,-0.219238,0.989258,0,0,0
1773773260023,0.0874023,-0.217285,0.98877,0.0015979,0,0
1773773260104,0.0878906,-0.219238,0.988281,0.000532632,-0.000532632,0
1773773260174,0.0869141,-0.217773,0.988281,0,0.000532632,0.00106526
1773773260255,0.0878906,-0.219727,0.98877,0.000532632,-0.000532632,0
1773773260335,0.0878906,-0.216309,0.990723,0.00106526,-0.000532632,0.000532632
1773773260406,0.0869141,-0.218262,0.990723,0.00106526,0,0.000532632
1773773260486,0.0878906,-0.219238,0.986816,0.000532632,0,0.00106526
1773773260567,0.0878906,-0.217773,0.989258,0.000532632,-0.000532632,-0.000532632
1773773260637,0.0883789,-0.219238,0.986816,0.000532632,-0.000532632,0.000532632
1773773260718,0.0864258,-0.21875,0.987793,0,-0.000532632,0
1773773260798,0.0864258,-0.217285,0.98877,-0.00106526,0,-0.00106526
1773773260869,0.0869141,-0.21875,0.989258,-0.000532632,0.000532632,-0.0015979
1773773260949,0.0874023,-0.216797,0.989258,0,0,0
1773773261020,0.0883789,-0.21875,0.98877,0,0,0
1773773261101,0.0859375,-0.216797,0.990723,0,0,0.000532632
1773773261181,0.0859375,-0.21875,0.98877,0,-0.000532632,0
1773773261252,0.0898438,-0.216797,0.987305,0.000532632,-0.000532632,0
1773773261332,0.0869141,-0.219238,0.990723,-0.000532632,-0.00106526,-0.00106526
1773773261413,0.0864258,-0.218262,0.98877,0,0.000532632,0
1773773261483,0.0878906,-0.21875,0.987793,0.000532632,-0.0015979,0.000532632
1773773261564,0.0883789,-0.217285,0.989258,-0.000532632,0,0.000532632
1773773261644,0.0874023,-0.217773,0.986816,-0.000532632,0,-0.000532632
1773773261715,0.0878906,-0.219238,0.987305,0.000532632,0.00106526,0.000532632
1773773261795,0.0888672,-0.218262,0.98877,0.000532632,-0.00106526,-0.00106526
1773773261876,0.0878906,-0.219727,0.98877,0.00106526,-0.000532632,0.000532632
1773773261946,0.0874023,-0.218262,0.98877,0,0,-0.0015979
1773773262027,0.0874023,-0.217285,0.989258,0,-0.00106526,0
1773773262097,0.0878906,-0.218262,0.988281,0,-0.00106526,0.00106526
1773773262178,0.0864258,-0.218262,0.987793,0.000532632,-0.00106526,0.000532632
1773773262259,0.0874023,-0.21875,0.987793,0.00106526,-0.00106526,0
1773773262329,0.0849609,-0.21875,0.987793,-0.000532632,-0.000532632,0.00106526
1773773262410,0.0874023,-0.219727,0.98877,0.000532632,0.000532632,0
1773773262490,0.0859375,-0.21875,0.987793,-0.000532632,-0.000532632,0.00106526
1773773262561,0.0859375,-0.217773,0.98877,0,-0.000532632,0
1773773262641,0.0888672,-0.217285,0.987793,0.000532632,0,0
1773773262722,0.0869141,-0.219238,0.987305,0,-0.00106526,0
1773773262792,0.0874023,-0.21875,0.989746,-0.000532632,-0.000532632,0.00106526
1773773262873,0.0869141,-0.218262,0.98877,0.000532632,-0.000532632,0.00106526
1773773262953,0.0854492,-0.219238,0.988281,-0.000532632,-0.000532632,0
1773773263024,0.0874023,-0.217285,0.988281,0,-0.000532632,-0.000532632
1773773263104,0.0883789,-0.216797,0.988281,-0.000532632,0,0.000532632
1773773263185,0.0874023,-0.218262,0.989746,0.000532632,0,0.000532632
1773773263256,0.0864258,-0.216797,0.987793,0.000532632,-0.0015979,-0.00106526
1773773263336,0.0888672,-0.21875,0.988281,-0.000532632,-0.00106526,-0.000532632
1773773263407,0.0883789,-0.21875,0.98877,0,0,0.00106526
1773773263487,0.0869141,-0.21875,0.987793,0.000532632,0,0
1773773263568,0.0883789,-0.219238,0.98877,-0.000532632,-0.000532632,0.000532632
1773773263638,0.0859375,-0.220703,0.989258,-0.000532632,0,0.000532632
1773773263719,0.0859375,-0.21875,0.989258,0,-0.00106526,0.000532632
1773773263799,0.0849609,-0.218262,0.989258,0.000532632,-0.000532632,0
1773773263870,0.0869141,-0.220215,0.987305,0,-0.000532632,0
1773773263950,0.0874023,-0.21875,0.989746,-0.000532632,-0.00106526,0.00106526
1773773264031,0.0893555,-0.217773,0.989258,0,0,0.000532632
1773773264101,0.0883789,-0.217773,0.987305,0.00106526,-0.000532632,0.000532632
1773773264182,0.0859375,-0.21875,0.988281,0,-0.000532632,0
1773773264263,0.0888672,-0.218262,0.989258,-0.00106526,-0.000532632,-0.000532632
1773773264333,0.0874023,-0.219727,0.989258,0.000532632,0,0.000532632
1773773264414,0.0883789,-0.218262,0.988281,0.000532632,-0.000532632,-0.000532632
1773773264484,0.0878906,-0.218262,0.987793,0,-0.000532632,-0.000532632
1773773264565,0.0869141,-0.217773,0.989258,0,-0.000532632,0
1773773264645,0.0883789,-0.216797,0.989258,0,0.000532632,0
1773773264716,0.0869141,-0.217285,0.987305,0.000532632,-0.00106526,0.000532632
1773773264796,0.0888672,-0.218262,0.989258,-0.00106526,0.000532632,0.00106526
1773773264877,0.0888672,-0.219727,0.988281,0.00106526,0,-0.000532632
1773773264948,0.0883789,-0.21875,0.989746,0.000532632,0.000532632,0
1773773265028,0.0883789,-0.220703,0.98584,0.00106526,-0.000532632,0.000532632
1773773265109,0.0883789,-0.21875,0.987305,-0.000532632,-0.0015979,0
1773773265179,0.0888672,-0.219238,0.986816,0.000532632,0,-0.000532632
1773773265260,0.0864258,-0.219238,0.988281,0.000532632,-0.000532632,0.00106526
1773773265340,0.0874023,-0.217285,0.988281,0,0.000532632,0
1773773265411,0.0878906,-0.218262,0.987305,0.000532632,0,0
1773773265491,0.0883789,-0.219727,0.989746,0,-0.00106526,-0.000532632
1773773265572,0.0888672,-0.218262,0.98877,0,-0.00106526,0.000532632
1773773265642,0.0883789,-0.219238,0.987793,-0.000532632,0.000532632,0
1773773265723,0.0883789,-0.218262,0.987305,0,-0.000532632,0.000532632
1773773265793,0.0874023,-0.217773,0.989258,0.000532632,-0.00106526,0.000532632
1773773265874,0.0898438,-0.216797,0.988281,0,-0.000532632,0
1773773265954,0.0878906,-0.218262,0.98877,0,-0.00106526,-0.000532632
1773773266025,0.0859375,-0.217773,0.987305,0.000532632,-0.000532632,-0.000532632
1773773266106,0.0874023,-0.216797,0.989258,-0.00106526,-0.00106526,0.000532632
1773773266186,0.0893555,-0.218262,0.988281,0,-0.000532632,0.000532632
1773773266257,0.0883789,-0.217773,0.990234,0,0,0.00106526
1773773266337,0.0864258,-0.216309,0.987793,0.000532632,-0.000532632,-0.000532632
1773773266418,0.0878906,-0.21875,0.987793,0,0,0
1773773266488,0.0883789,-0.217773,0.989258,0.000532632,0,-0.00106526
1773773266569,0.0874023,-0.219238,0.989258,0.00106526,-0.000532632,0.000532632
1773773266649,0.0869141,-0.217773,0.989258,0,-0.000532632,0
1773773266720,0.0859375,-0.219727,0.987793,0.00106526,0,0
1773773266800,0.0874023,-0.217285,0.987793,-0.00106526,-0.000532632,0
1773773266881,0.0893555,-0.21875,0.987793,0,-0.000532632,-0.000532632
1773773266951,0.0874023,-0.217773,0.988281,0,-0.00106526,0
1773773267032,0.0874023,-0.217773,0.987793,-0.000532632,-0.000532632,0.000532632
1773773267102,0.0874023,-0.217773,0.986816,0,0,-0.0015979
1773773267183,0.0883789,-0.219727,0.986328,0.000532632,-0.000532632,0
1773773267263,0.0878906,-0.218262,0.986816,-0.000532632,-0.000532632,-0.000532632
1773773267334,0.0869141,-0.219238,0.98584,-0.000532632,-0.00106526,0
1773773267415,0.0893555,-0.218262,0.986328,0,-0.00106526,0.000532632
1773773267495,0.0864258,-0.215332,0.98584,0,0,-0.00106526
1773773267566,0.0854492,-0.21582,0.987305,0,0.000532632,0.000532632
1773773267646,0.0869141,-0.218262,0.98877,-0.000532632,-0.000532632,-0.000532632
1773773267727,0.0869141,-0.219238,0.989258,0.000532632,0,0
1773773267797,0.0878906,-0.218262,0.990234,-0.000532632,0,-0.000532632
1773773267878,0.0883789,-0.219238,0.98877,0,-0.000532632,-0.000532632
1773773267958,0.0869141,-0.21875,0.988281,-0.000532632,0,0.000532632
1773773268029,0.0859375,-0.217285,0.987793,0,0,-0.000532632
1773773268109,0.0883789,-0.219238,0.98877,0.000532632,-0.000532632,0
1773773268190,0.0859375,-0.219238,0.987305,-0.000532632,-0.00106526,0
1773773268260,0.0874023,-0.219238,0.987793,0,0,0.00106526
1773773268341,0.0888672,-0.219238,0.987305,0,-0.00106526,0
1773773268412,0.0869141,-0.217285,0.987793,0.000532632,-0.000532632,0
1773773268492,0.0883789,-0.219727,0.988281,0.000532632,0,-0.000532632
1773773268573,0.0878906,-0.218262,0.98584,0.000532632,0,0.000532632
1773773268643,0.0864258,-0.219238,0.987305,0,0,0
1773773268724,0.0888672,-0.217285,0.989258,0,-0.00106526,0
1773773268804,0.0878906,-0.216309,0.98877,0.000532632,0,0
1773773268875,0.0888672,-0.219238,0.986328,-0.0015979,-0.000532632,0.000532632
1773773268955,0.0874023,-0.218262,0.98877,-0.000532632,-0.000532632,-0.000532632
1773773269036,0.0864258,-0.219238,0.987305,-0.000532632,-0.00106526,-0.000532632
1773773269106,0.0864258,-0.219727,0.987793,0.000532632,-0.000532632,0
1773773269187,0.0893555,-0.217773,0.989258,-0.000532632,-0.000532632,0.000532632
1773773269267,0.0864258,-0.217285,0.989258,-0.000532632,-0.000532632,0.00106526
1773773269338,0.0864258,-0.218262,0.987305,0.00106526,0,0
1773773269418,0.0888672,-0.21875,0.986816,0,-0.00106526,0
1773773269499,0.0869141,-0.218262,0.986816,0,0,0
1773773269570,0.0888672,-0.21875,0.987305,0.000532632,0,0.000532632
1773773269650,0.0874023,-0.217285,0.989258,0,0,0
1773773269720,0.0869141,-0.217285,0.98877,-0.00106526,-0.00106526,0.000532632
1773773269801,0.0878906,-0.217773,0.986816,0.000532632,-0.000532632,0
1773773269882,0.0874023,-0.216797,0.989258,0.00106526,-0.000532632,-0.000532632
1773773269952,0.0844727,-0.21875,0.987793,-0.000532632,-0.000532632,0
1773773270033,0.0874023,-0.219238,0.987305,0.000532632,0,0
1773773270113,0.0869141,-0.218262,0.989746,0,-0.00106526,0
1773773270184,0.0888672,-0.216797,0.987305,0.000532632,-0.00106526,-0.000532632
1773773270264,0.0888672,-0.21875,0.986328,-0.000532632,-0.0015979,0
1773773270345,0.0893555,-0.218262,0.986328,0.000532632,-0.000532632,0
1773773270415,0.0864258,-0.217773,0.986328,0,-0.00106526,0.000532632
1773773270496,0.0893555,-0.216797,0.987305,0.000532632,-0.00106526,0.000532632
1773773270576,0.0864258,-0.216797,0.987793,-0.000532632,-0.00106526,-0.000532632
1773773270647,0.0883789,-0.21875,0.988281,-0.00106526,-0.00106526,0.000532632
1773773270727,0.0864258,-0.217773,0.988281,0,-0.000532632,0
1773773270808,0.0869141,-0.21875,0.98584,0.000532632,-0.000532632,-0.00106526
1773773270878,0.0869141,-0.220215,0.98877,0,-0.000532632,-0.000532632
1773773270959,0.0883789,-0.217285,0.988281,0,0,0
1773773271030,0.0869141,-0.217773,0.987793,0,-0.00106526,-0.000532632
1773773271110,0.0864258,-0.219238,0.988281,-0.0015979,-0.000532632,-0.0015979
1773773271191,0.0874023,-0.219238,0.987793,-0.000532632,-0.00106526,-0.000532632
1773773271261,0.0869141,-0.21875,0.986816,-0.000532632,0,-0.000532632
1773773271342,0.0869141,-0.21875,0.988281,-0.000532632,-0.000532632,0.000532632
1773773271422,0.0869141,-0.218262,0.986328,-0.000532632,-0.0015979,0.000532632
1773773271493,0.0854492,-0.220215,0.987305,-0.000532632,-0.00106526,0.00106526
1773773271573,0.0888672,-0.218262,0.98584,-0.00106526,-0.00106526,0.00106526
1773773271654,0.0869141,-0.217773,0.986816,0.000532632,0,-0.00106526
1773773271724,0.0864258,-0.217773,0.986328,0,0,-0.000532632
1773773271805,0.0874023,-0.218262,0.988281,0.000532632,0,-0.000532632
1773773271886,0.0883789,-0.219238,0.986816,0,-0.0015979,0.000532632
1773773271956,0.0878906,-0.221191,0.986816,-0.000532632,-0.00106526,0
1773773272037,0.0878906,-0.218262,0.989258,0,-0.000532632,0.000532632
1773773272107,0.0883789,-0.218262,0.98877,0,0.000532632,0.00106526
1773773272188,0.0874023,-0.216309,0.986816,-0.000532632,-0.00106526,0.000532632
1773773272268,0.0883789,-0.218262,0.989258,0.000532632,-0.000532632,-0.000532632
1773773272339,0.0869141,-0.219727,0.990723,0,-0.000532632,-0.000532632
1773773272419,0.0883789,-0.21875,0.986328,0,0,0.00106526
1773773272500,0.0864258,-0.219238,0.988281,-0.000532632,-0.00106526,0
1773773272571,0.0864258,-0.220215,0.990723,0,-0.000532632,0
1773773272651,0.0869141,-0.217773,0.989746,0,-0.000532632,0.000532632
1773773272732,0.0878906,-0.21875,0.987793,0,0,-0.000532632
1773773272802,0.0864258,-0.219727,0.987793,0,-0.000532632,-0.000532632
1773773272883,0.0888672,-0.217285,0.987793,-0.000532632,0,-0.000532632
1773773272963,0.0888672,-0.219238,0.987793,0,0,0
1773773273034,0.0869141,-0.219238,0.987305,0.00106526,-0.000532632,-0.000532632
1773773273114,0.0869141,-0.21875,0.98877,0,-0.000532632,-0.00106526
1773773273195,0.0893555,-0.216797,0.988281,-0.0015979,0,0
1773773273265,0.0859375,-0.21875,0.987305,0,-0.000532632,0
1773773273346,0.0864258,-0.217773,0.987793,-0.000532632,-0.00106526,0.000532632
1773773273416,0.0859375,-0.218262,0.989258,0,-0.000532632,0.000532632
1773773273497,0.0859375,-0.21875,0.988281,0,-0.00106526,0.000532632
1773773273578,0.0878906,-0.21875,0.989746,0.000532632,0,0
1773773273648,0.0898438,-0.217773,0.988281,-0.000532632,0,0.000532632
1773773273729,0.0874023,-0.217773,0.988281,0,-0.00106526,0
1773773273809,0.0859375,-0.217773,0.987793,0.000532632,-0.00213053,0
1773773273880,0.0874023,-0.219238,0.987793,-0.000532632,-0.000532632,0.000532632
1773773273960,0.0878906,-0.219238,0.986328,0.000532632,-0.000532632,0
1773773274041,0.0849609,-0.220215,0.988281,0,-0.000532632,-0.000532632
1773773274111,0.0888672,-0.217773,0.98877,0,-0.00106526,0
1773773274192,0.0878906,-0.21875,0.986816,0.00106526,-0.0015979,0
1773773274272,0.0878906,-0.217773,0.988281,0,0.000532632,0
1773773274343,0.0864258,-0.217773,0.986816,-0.00213053,0,0
1773773274423,0.0883789,-0.217285,0.987793,0,-0.000532632,0.000532632
1773773274504,0.0878906,-0.217773,0.987305,0,0,0
1773773274574,0.0883789,-0.218262,0.987305,0,-0.000532632,-0.000532632
1773773274655,0.0874023,-0.219727,0.989746,0,-0.000532632,-0.000532632
1773773274725,0.0874023,-0.217773,0.989746,-0.00106526,-0.00106526,0.000532632
1773773274806,0.0888672,-0.217285,0.98877,-0.000532632,-0.00106526,-0.000532632
1773773274887,0.0874023,-0.218262,0.989746,0,-0.000532632,0
1773773274957,0.0849609,-0.217773,0.98877,-0.000532632,-0.000532632,0.000532632
1773773275038,0.0874023,-0.219727,0.98877,0.000532632,-0.00106526,-0.00106526
1773773275118,0.0878906,-0.217773,0.98877,0,-0.000532632,0
1773773275188,0.0849609,-0.218262,0.989746,0,0,0
1773773275269,0.0874023,-0.217285,0.987793,0,0,-0.000532632
1773773275350,0.0878906,-0.219238,0.988281,0,-0.000532632,0.000532632
1773773275420,0.0864258,-0.21875,0.987793,-0.000532632,0,0.00106526
1773773275501,0.0878906,-0.217773,0.988281,-0.000532632,-0.00106526,0
1773773275582,0.0883789,-0.216309,0.989746,-0.000532632,-0.00106526,-0.00106526
1773773275652,0.0864258,-0.218262,0.98877,0,0,0.000532632
1773773275733,0.0854492,-0.216797,0.987793,0.000532632,0,0.000532632
1773773275803,0.0874023,-0.218262,0.986328,0.000532632,-0.000532632,0
1773773275884,0.0864258,-0.219238,0.989258,-0.000532632,-0.000532632,-0.00106526
1773773275964,0.0849609,-0.218262,0.987793,0.000532632,-0.000532632,-0.00106526
1773773276035,0.0859375,-0.217285,0.988281,0,-0.000532632,0
1773773276115,0.0874023,-0.218262,0.989746,-0.000532632,0.000532632,0
1773773276196,0.0869141,-0.219238,0.986816,0,-0.000532632,-0.00106526
1773773276266,0.0878906,-0.219238,0.987793,-0.0015979,-0.000532632,0.000532632
1773773276347,0.0859375,-0.218262,0.986816,0,-0.000532632,0
1773773276428,0.0864258,-0.21875,0.98877,0.00106526,-0.000532632,0
1773773276498,0.0859375,-0.219238,0.989258,0,-0.00106526,0
1773773276579,0.0874023,-0.219238,0.987793,0.000532632,-0.000532632,0.000532632
1773773276659,0.0878906,-0.219238,0.989746,-0.000532632,0,0
1773773276730,0.0888672,-0.21875,0.987305,0.00106526,-0.00106526,-0.00106526
1773773276810,0.0878906,-0.221191,0.989258,-0.000532632,-0.000532632,-0.000532632
1773773276891,0.0869141,-0.216797,0.986816,0,-0.000532632,0.000532632
1773773276961,0.0869141,-0.21875,0.987793,-0.000532632,0,0
1773773277042,0.0864258,-0.21875,0.987793,0,0,0
1773773277112,0.0888672,-0.218262,0.987305,0.000532632,0,0
1773773277193,0.0869141,-0.219238,0.989258,0.00106526,-0.000532632,0.0015979
1773773277273,0.0878906,-0.21875,0.988281,-0.000532632,-0.00106526,-0.000532632
1773773277344,0.0864258,-0.217773,0.986816,0,-0.000532632,0.000532632
1773773277424,0.0893555,-0.219727,0.987793,0,-0.000532632,0
1773773277505,0.0869141,-0.216797,0.986328,-0.000532632,-0.00106526,0.00106526
1773773277576,0.0859375,-0.219238,0.986816,0.000532632,-0.000532632,0
1773773277656,0.0864258,-0.219238,0.987305,0,-0.00106526,0.00106526
1773773277737,0.0874023,-0.21875,0.988281,0,0.000532632,0.000532632
1773773277807,0.0878906,-0.219238,0.988281,0,-0.000532632,0.0015979
1773773277888,0.0883789,-0.219238,0.987305,-0.000532632,-0.0015979,0.000532632
1773773277968,0.0878906,-0.21875,0.98877,-0.000532632,0,0
1773773278039,0.0864258,-0.21875,0.98877,-0.000532632,-0.0015979,-0.00106526
1773773278119,0.0878906,-0.218262,0.989746,0.000532632,-0.000532632,0
1773773278190,0.0874023,-0.217773,0.989258,0.000532632,-0.0015979,0
1773773278271,0.0874023,-0.217773,0.98877,0,0,-0.000532632
1773773278351,0.0859375,-0.217285,0.987793,0,-0.000532632,-0.00106526
1773773278422,0.0864258,-0.217285,0.986816,0.000532632,-0.000532632,-0.000532632
1773773278502,0.0883789,-0.218262,0.985352,0.000532632,0,0
1773773278583,0.0888672,-0.21875,0.986328,0,-0.0015979,-0.000532632
1773773278653,0.0874023,-0.21875,0.989258,-0.000532632,-0.000532632,-0.000532632
1773773278734,0.0878906,-0.219727,0.98877,0.000532632,0,0
1773773278814,0.0864258,-0.217285,0.987305,0.000532632,-0.000532632,0.000532632
1773773278885,0.0869141,-0.217285,0.987305,0,0.0015979,0.0015979
1773773278965,0.0878906,-0.219727,0.987793,0.000532632,-0.000532632,0
1773773279046,0.0888672,-0.219238,0.985352,-0.000532632,0,0
1773773279116,0.0869141,-0.217773,0.986816,-0.000532632,-0.000532632,0.000532632
1773773279197,0.0878906,-0.217285,0.988281,0.00106526,-0.00106526,0.000532632
1773773279277,0.0878906,-0.21875,0.988281,0.00106526,0,-0.00106526
1773773279348,0.0878906,-0.218262,0.986816,-0.00106526,0,0
1773773279429,0.0888672,-0.219727,0.987793,0.000532632,0,-0.000532632
1773773279500,0.0878906,-0.219727,0.989746,0,-0.000532632,0
1773773279580,0.0878906,-0.219238,0.98584,0.000532632,0.000532632,0.000532632
1773773279660,0.0888672,-0.217773,0.987305,0.000532632,-0.000532632,-0.000532632
1773773279731,0.0878906,-0.219727,0.98584,0,0.00106526,0
1773773279812,0.0859375,-0.217773,0.987793,0.000532632,-0.000532632,0.000532632
1773773279892,0.0854492,-0.217285,0.98877,-0.000532632,0,-0.000532632
1773773279963,0.0883789,-0.218262,0.98584,0.000532632,-0.00106526,0.000532632
1773773280043,0.0859375,-0.217773,0.989258,-0.00106526,0,-0.000532632
1773773280124,0.0869141,-0.217285,0.987793,-0.000532632,-0.00106526,0
1773773280194,0.0864258,-0.216797,0.98877,0.00106526,-0.00106526,0.000532632
1773773280275,0.0883789,-0.220215,0.989258,0,-0.000532632,0
1773773280355,0.0859375,-0.219727,0.987305,0,-0.00106526,-0.00106526
1773773280426,0.0869141,-0.218262,0.98877,0,0,0
1773773280506,0.0859375,-0.220703,0.986328,0.00106526,-0.000532632,0
1773773280577,0.0878906,-0.21875,0.987793,-0.000532632,-0.000532632,-0.000532632
1773773280657,0.0883789,-0.219727,0.987305,0,-0.000532632,0
1773773280738,0.0854492,-0.217773,0.98877,-0.000532632,0,0
1773773280808,0.0888672,-0.219238,0.988281,0,0,0.000532632
1773773280889,0.0883789,-0.21875,0.987793,0.000532632,0.000532632,0.000532632
1773773280969,0.0883789,-0.218262,0.988281,0.0015979,-0.000532632,-0.000532632
1773773281040,0.0874023,-0.217773,0.987305,0.000532632,0,0.0015979
1773773281121,0.0869141,-0.219727,0.987793,0,-0.00106526,0
1773773281201,0.0869141,-0.21875,0.986816,0.000532632,-0.000532632,-0.000532632
1773773281272,0.0859375,-0.218262,0.989258,0.000532632,0,0
1773773281352,0.0869141,-0.21875,0.987793,0.000532632,-0.000532632,0.00106526
1773773281433,0.0854492,-0.21875,0.98877,0.000532632,-0.000532632,0.000532632
1773773281503,0.0883789,-0.217773,0.987793,0,-0.00106526,0
1773773281584,0.0844727,-0.217285,0.990234,0,-0.00106526,0.000532632
1773773281664,0.0874023,-0.218262,0.988281,0.000532632,0,0.000532632
1773773281735,0.0883789,-0.216309,0.987305,0.000532632,-0.00106526,0
1773773281815,0.0883789,-0.217285,0.989258,0,-0.000532632,0.000532632
1773773281886,0.0878906,-0.218262,0.989258,0,0,-0.00106526
1773773281966,0.0854492,-0.217285,0.987793,0,-0.00106526,-0.000532632
1773773282047,0.0874023,-0.219727,0.989258,0,-0.00106526,-0.00106526
1773773282117,0.0888672,-0.21875,0.988281,-0.00106526,-0.000532632,0
1773773282198,0.0869141,-0.21875,0.988281,0,-0.00106526,0
1773773282279,0.0883789,-0.218262,0.989258,0,-0.000532632,0.00106526
1773773282349,0.0874023,-0.217773,0.987305,0,-0.0015979,0
1773773282430,0.0874023,-0.21875,0.986328,-0.00106526,0,0.000532632
1773773282510,0.0888672,-0.219238,0.988281,-0.000532632,-0.000532632,-0.00106526
1773773282581,0.0859375,-0.217773,0.986816,0,0,0
1773773282661,0.0869141,-0.21875,0.989258,-0.000532632,-0.00106526,0.000532632
1773773282742,0.0878906,-0.21875,0.987305,0,-0.000532632,0
1773773282812,0.0874023,-0.217285,0.988281,0,-0.00106526,0.000532632
1773773282893,0.0888672,-0.216797,0.989258,0,-0.00106526,0
1773773282973,0.0869141,-0.21875,0.986328,0,-0.000532632,0.000532632
1773773283045,0.0878906,-0.217285,0.987793,0.000532632,0,0.000532632
1773773283124,0.0883789,-0.219727,0.988281,0.000532632,-0.000532632,0
1773773283195,0.0869141,-0.216797,0.988281,0.000532632,-0.00106526,-0.000532632
1773773283276,0.0854492,-0.216309,0.987793,-0.00106526,0,0
1773773283356,0.0874023,-0.21875,0.986816,0,0,-0.000532632
1773773283427,0.0854492,-0.220215,0.98877,0,-0.0015979,0.000532632
1773773283507,0.0878906,-0.220703,0.988281,0.000532632,-0.000532632,-0.00106526
1773773283588,0.0854492,-0.21875,0.986816,0.000532632,0.000532632,0
1773773283658,0.0878906,-0.216309,0.98877,0,0,0
1773773283739,0.0859375,-0.219238,0.987793,-0.000532632,-0.000532632,0.00106526
1773773283819,0.0869141,-0.220703,0.988281,-0.000532632,0.000532632,0.000532632
1773773283890,0.0869141,-0.216797,0.987305,-0.00106526,-0.00106526,-0.000532632
1773773283970,0.0869141,-0.217773,0.987305,0.000532632,-0.00106526,0.000532632
1773773284051,0.0874023,-0.217285,0.988281,0,-0.000532632,0.000532632
1773773284121,0.0878906,-0.21875,0.989258,0,-0.000532632,0.000532632
1773773284202,0.0864258,-0.219238,0.98877,0.000532632,0,-0.000532632
1773773284283,0.0878906,-0.217285,0.988281,0,-0.000532632,0.00106526
1773773284353,0.0874023,-0.217285,0.987305,0.00106526,0,-0.000532632
1773773284434,0.0854492,-0.219238,0.989746,-0.000532632,0,0
1773773284504,0.0859375,-0.219238,0.986816,-0.000532632,-0.0015979,0
1773773284585,0.0854492,-0.219727,0.985352,0.000532632,-0.00106526,0
1773773284665,0.0869141,-0.219238,0.987305,-0.000532632,0,-0.000532632
1773773284736,0.0869141,-0.218262,0.988281,0,-0.00106526,0
1773773284817,0.0883789,-0.218262,0.98877,0,-0.0015979,-0.000532632
1773773284897,0.0874023,-0.217773,0.986816,-0.000532632,-0.000532632,-0.000532632
1773773284967,0.0883789,-0.217773,0.987793,-0.000532632,-0.000532632,0.00106526
1773773285048,0.0859375,-0.21875,0.988281,0.000532632,-0.00106526,0
1773773285128,0.0874023,-0.217285,0.98877,0.000532632,-0.00106526,0
1773773285199,0.0883789,-0.218262,0.98877,0,0,0
1773773285279,0.0874023,-0.218262,0.987305,0,0,-0.000532632
1773773285360,0.0859375,-0.219727,0.987305,-0.000532632,0,0
1773773285431,0.0883789,-0.221191,0.98877,-0.000532632,-0.00106526,-0.000532632
1773773285511,0.0888672,-0.217773,0.988281,-0.00106526,-0.000532632,-0.00106526
1773773285582,0.0883789,-0.218262,0.986816,0.000532632,-0.00106526,0
1773773285662,0.0878906,-0.21875,0.987305,0,-0.000532632,0
1773773285743,0.0854492,-0.219238,0.986816,0,-0.00106526,-0.000532632
1773773285813,0.0854492,-0.219238,0.98877,0,-0.00106526,0
1773773285894,0.0878906,-0.21875,0.98584,-0.000532632,-0.000532632,0.000532632
1773773285974,0.0874023,-0.219238,0.988281,0.00106526,0,-0.000532632
1773773286045,0.0874023,-0.219727,0.986328,0.000532632,-0.000532632,0
1773773286125,0.0859375,-0.219238,0.98877,0,0,-0.00106526
1773773286206,0.0898438,-0.217773,0.98877,0,-0.000532632,0.000532632
1773773286276,0.0883789,-0.218262,0.987305,0,-0.00106526,-0.000532632
1773773286357,0.0869141,-0.217773,0.986328,0,0,-0.000532632
1773773286438,0.0869141,-0.219238,0.988281,-0.000532632,-0.000532632,0.00106526
1773773286508,0.0874023,-0.219238,0.98877,0,0,-0.000532632
1773773286589,0.0883789,-0.217773,0.989746,0,-0.000532632,0
1773773286669,0.0888672,-0.21875,0.990234,0,0,-0.000532632
1773773286739,0.0864258,-0.218262,0.987793,-0.000532632,-0.000532632,0
1773773286820,0.0869141,-0.218262,0.987793,0.000532632,0,0
1773773286901,0.0874023,-0.220703,0.989258,0.000532632,-0.000532632,0
1773773286971,0.0859375,-0.219727,0.987793,0.00106526,0,0.000532632
1773773287052,0.0869141,-0.21875,0.987793,0.000532632,-0.00106526,0
1773773287122,0.0883789,-0.216797,0.98877,-0.000532632,-0.000532632,0.000532632
1773773287203,0.0849609,-0.217285,0.98877,0.000532632,-0.000532632,-0.000532632
1773773287283,0.0869141,-0.220703,0.987305,-0.000532632,-0.00106526,0.00106526
1773773287354,0.0869141,-0.216797,0.988281,0,-0.00106526,-0.000532632
1773773287434,0.0878906,-0.21875,0.990234,0.00106526,-0.00106526,0
1773773287515,0.0874023,-0.218262,0.987305,0.000532632,-0.000532632,0.000532632
1773773287585,0.0874023,-0.21875,0.988281,-0.000532632,0,0.00106526
1773773287666,0.0878906,-0.216797,0.988281,-0.000532632,-0.00106526,0
1773773287746,0.0874023,-0.21875,0.98584,0,-0.000532632,0
1773773287817,0.0878906,-0.218262,0.986816,-0.000532632,-0.000532632,-0.000532632
1773773287897,0.0859375,-0.219727,0.986816,-0.000532632,0,-0.000532632
1773773287978,0.0888672,-0.218262,0.98877,0,-0.00106526,0.000532632
1773773288049,0.0869141,-0.219727,0.98877,0,0,0
1773773288129,0.0878906,-0.219238,0.987305,0,-0.00106526,-0.000532632
1773773288210,0.0874023,-0.216797,0.987793,-0.000532632,0,0
1773773288280,0.0869141,-0.216797,0.98877,0,0,-0.00106526
1773773288361,0.0849609,-0.218262,0.98877,0.000532632,0,0.00106526
1773773288432,0.0878906,-0.219238,0.988281,0,-0.00106526,0.000532632
1773773288512,0.0874023,-0.217285,0.986816,0.000532632,0.000532632,0
1773773288592,0.0869141,-0.219238,0.986816,0,-0.00106526,0.00106526
1773773288663,0.0869141,-0.220215,0.987793,0,0,-0.00106526
1773773288744,0.0864258,-0.217773,0.988281,0,0,-0.000532632
1773773288824,0.0854492,-0.220215,0.986328,0.0015979,0,-0.000532632
1773773288894,0.0869141,-0.219238,0.987305,0,0,0.000532632
1773773288975,0.0859375,-0.219238,0.98877,0,0,0.000532632
1773773289055,0.0859375,-0.218262,0.989258,-0.000532632,-0.00106526,0
1773773289126,0.0878906,-0.217773,0.986816,-0.000532632,-0.000532632,0
1773773289207,0.0883789,-0.217773,0.987305,0.000532632,-0.00106526,0
1773773289287,0.0883789,-0.220215,0.986816,0,0,-0.000532632
1773773289358,0.0874023,-0.219238,0.986816,0,-0.000532632,0
1773773289438,0.0849609,-0.21875,0.988281,0,0,0.00106526
1773773289509,0.0854492,-0.21875,0.984863,0.000532632,-0.000532632,0
1773773289589,0.0878906,-0.220215,0.98877,-0.000532632,-0.000532632,0
1773773289670,0.0878906,-0.218262,0.98584,-0.000532632,-0.00106526,-0.000532632
1773773289741,0.0864258,-0.217773,0.988281,0.00106526,0.000532632,0
1773773289821,0.0864258,-0.21875,0.988281,0.000532632,0,-0.000532632
1773773289902,0.0893555,-0.217773,0.989258,0.00106526,0.000532632,0
1773773289972,0.0864258,-0.219238,0.987793,0,0,0
1773773290053,0.0859375,-0.21875,0.987793,-0.000532632,0.000532632,0
1773773290133,0.0859375,-0.216797,0.987793,0,0,0
1773773290204,0.0864258,-0.217285,0.986328,0,0,0.000532632
1773773290284,0.0883789,-0.21875,0.987793,0,-0.00106526,-0.000532632
1773773290365,0.0883789,-0.217773,0.987305,0,-0.000532632,0
1773773290435,0.0854492,-0.21875,0.988281,-0.000532632,-0.000532632,0.000532632
1773773290516,0.0849609,-0.216797,0.987793,0,-0.00106526,-0.000532632
1773773290596,0.0854492,-0.218262,0.987305,-0.00106526,-0.000532632,0.000532632
1773773290667,0.0869141,-0.219727,0.989258,-0.000532632,-0.00106526,0.00106526
1773773290747,0.0874023,-0.219238,0.98877,-0.00106526,0,0
1773773290818,0.0888672,-0.218262,0.989258,0,-0.000532632,-0.000532632
1773773290899,0.0869141,-0.217285,0.98877,0,-0.00106526,0
1773773290979,0.0869141,-0.218262,0.988281,0,0,0.00106526
1773773291049,0.0874023,-0.219727,0.98877,-0.000532632,-0.00106526,0.000532632
1773773291130,0.0849609,-0.219238,0.988281,-0.000532632,0,-0.000532632
1773773291211,0.0869141,-0.219238,0.987305,0.000532632,0,0
1773773291281,0.0869141,-0.218262,0.988281,-0.000532632,-0.000532632,0
1773773291362,0.0869141,-0.218262,0.98877,0.000532632,-0.00106526,0
1773773291442,0.0864258,-0.219727,0.988281,-0.000532632,-0.0015979,0.000532632
1773773291513,0.0839844,-0.218262,0.986328,0,-0.000532632,0.000532632
1773773291593,0.0869141,-0.21582,0.987793,0,-0.000532632,-0.00106526
1773773291674,0.0869141,-0.218262,0.987305,0.000532632,-0.000532632,0
1773773291745,0.0854492,-0.219727,0.987793,0,-0.000532632,-0.000532632
1773773291825,0.0883789,-0.217285,0.989746,0.000532632,-0.00106526,-0.000532632
1773773291895,0.0874023,-0.21875,0.986328,0,-0.000532632,-0.000532632
1773773291976,0.0864258,-0.218262,0.987793,0,0,0.000532632
1773773292056,0.0888672,-0.21875,0.990723,0.000532632,-0.000532632,-0.000532632
1773773292127,0.0874023,-0.219238,0.988281,0.000532632,-0.000532632,0
1773773292208,0.0898438,-0.216797,0.988281,0.00106526,0.000532632,0.000532632
1773773292288,0.0869141,-0.217773,0.989258,0.000532632,0,0.0015979
1773773292359,0.0888672,-0.21582,0.987793,0,-0.000532632,0
1773773292439,0.0874023,-0.218262,0.987793,0,-0.000532632,0
1773773292520,0.0874023,-0.220215,0.989746,0,0.000532632,0
1773773292590,0.0888672,-0.218262,0.989258,-0.000532632,-0.0015979,-0.000532632
1773773292671,0.0859375,-0.21875,0.987305,0,-0.000532632,-0.000532632
1773773292751,0.0888672,-0.220215,0.986328,0,0,0
1773773292823,0.0874023,-0.21875,0.988281,0.000532632,-0.000532632,0.00106526
1773773292903,0.0878906,-0.219238,0.987793,0.000532632,0,-0.000532632
1773773292983,0.0883789,-0.219238,0.988281,0.00106526,-0.00106526,0
1773773293054,0.0869141,-0.216797,0.98877,-0.000532632,-0.000532632,0.0015979
1773773293134,0.0898438,-0.219238,0.990234,-0.000532632,0,0
1773773293215,0.0888672,-0.217773,0.987793,0,-0.000532632,-0.00106526
1773773293285,0.0883789,-0.218262,0.986816,0,-0.000532632,0.000532632
1773773293366,0.0878906,-0.218262,0.987305,0.000532632,-0.00106526,0.000532632
1773773293446,0.0864258,-0.217285,0.988281,0,0.000532632,0
1773773293517,0.0859375,-0.218262,0.98877,0.000532632,-0.00106526,0
1773773293597,0.0878906,-0.217285,0.98877,0.00106526,-0.000532632,0
1773773293668,0.0864258,-0.217285,0.988281,0,-0.000532632,-0.000532632
1773773293748,0.0874023,-0.220215,0.988281,-0.00106526,-0.00106526,0.000532632
1773773293829,0.0893555,-0.217773,0.987305,0,-0.0015979,-0.000532632
1773773293899,0.0869141,-0.219238,0.987305,0,-0.000532632,-0.000532632
1773773293980,0.0864258,-0.217285,0.98877,0,-0.0015979,0
1773773294060,0.0883789,-0.21875,0.989258,0.000532632,0,0.000532632
1773773294131,0.0864258,-0.218262,0.988281,-0.00106526,0,0.000532632
1773773294212,0.0869141,-0.217773,0.986816,0.000532632,0,0
1773773294292,0.0854492,-0.21875,0.989258,0,-0.00106526,-0.000532632
1773773294363,0.0878906,-0.21875,0.989258,0,-0.000532632,0.00106526
1773773294444,0.0893555,-0.217285,0.990234,0,-0.000532632,-0.000532632
1773773294524,0.0883789,-0.217773,0.989258,0.00106526,-0.000532632,-0.000532632
1773773294594,0.0874023,-0.217285,0.987305,0.000532632,-0.000532632,0
1773773294675,0.0864258,-0.216797,0.987793,-0.000532632,-0.00106526,0
1773773294745,0.0874023,-0.217773,0.987305,0,-0.000532632,-0.000532632
1773773294826,0.0878906,-0.216797,0.986816,0.00106526,-0.000532632,0.000532632
1773773294906,0.0869141,-0.219727,0.986816,0.000532632,-0.000532632,0.00106526
1773773294977,0.0878906,-0.219238,0.986816,-0.000532632,0,-0.000532632
1773773295058,0.0859375,-0.219238,0.987305,0.000532632,-0.000532632,-0.00106526
1773773295138,0.0864258,-0.21875,0.987793,0,-0.00106526,0.000532632
1773773295208,0.0854492,-0.218262,0.987305,0,-0.00106526,-0.00106526
1773773295289,0.0888672,-0.220215,0.987305,-0.00106526,0,0
1773773295370,0.0878906,-0.216797,0.986816,0,-0.00106526,0
1773773295440,0.0878906,-0.217285,0.987793,0.000532632,-0.00106526,-0.000532632
1773773295521,0.0869141,-0.216797,0.989746,0,-0.00106526,0.000532632
1773773295601,0.0859375,-0.21875,0.987793,-0.000532632,0,-0.000532632
1773773295672,0.0869141,-0.217285,0.988281,0,0,-0.000532632
1773773295752,0.0864258,-0.217773,0.987305,-0.000532632,-0.000532632,-0.000532632
1773773295833,0.0854492,-0.220215,0.986328,-0.00106526,0.000532632,0
1773773295903,0.0878906,-0.21875,0.987305,0,-0.000532632,-0.000532632
1773773295984,0.0854492,-0.219727,0.98877,0,0,0.000532632
1773773296054,0.0864258,-0.21875,0.987305,0,0.000532632,0.000532632
1773773296135,0.0874023,-0.21875,0.98877,0,-0.000532632,0.00106526
1773773296215,0.0874023,-0.217285,0.987793,0,0.00106526,-0.00106526
1773773296286,0.0888672,-0.217773,0.987305,0,-0.000532632,0.000532632
1773773296366,0.0859375,-0.217773,0.987793,-0.00106526,0.000532632,-0.000532632
1773773296448,0.0869141,-0.217773,0.989258,0,-0.000532632,0.000532632
1773773296518,0.0864258,-0.217773,0.989746,0,-0.000532632,0
1773773296599,0.0874023,-0.220215,0.98877,0,-0.000532632,-0.000532632
1773773296679,0.0874023,-0.21875,0.986816,0,-0.000532632,0.00106526
1773773296750,0.0888672,-0.217773,0.989746,-0.000532632,-0.000532632,0.000532632
1773773296830,0.0878906,-0.220215,0.987793,0,0,-0.00106526
1773773296911,0.0888672,-0.217285,0.987793,-0.000532632,-0.000532632,0
1773773296981,0.0864258,-0.217285,0.986328,0.000532632,-0.000532632,0.000532632
1773773297062,0.0883789,-0.217285,0.987793,-0.000532632,-0.000532632,0
1773773297132,0.0893555,-0.217285,0.98877,0.000532632,-0.0015979,0
1773773297213,0.0864258,-0.21875,0.987793,-0.000532632,0,0
1773773297293,0.0883789,-0.21875,0.987793,0,-0.000532632,0
1773773297364,0.0878906,-0.219727,0.989746,-0.000532632,-0.0015979,0
1773773297445,0.0854492,-0.218262,0.987305,0,-0.00106526,0.000532632
1773773297525,0.0874023,-0.219238,0.98877,0.000532632,0,-0.00106526
1773773297596,0.0888672,-0.220215,0.986328,0,-0.000532632,0
1773773297676,0.0869141,-0.217773,0.987305,0,-0.000532632,0
1773773297757,0.0869141,-0.218262,0.987793,0.000532632,-0.000532632,0
1773773297827,0.0869141,-0.218262,0.987793,0.000532632,-0.00106526,0
1773773297908,0.0874023,-0.217285,0.989258,0,-0.000532632,0
1773773297988,0.0874023,-0.218262,0.989746,0.000532632,-0.000532632,-0.000532632
1773773298059,0.0888672,-0.219238,0.98877,0.000532632,-0.000532632,-0.000532632
1773773298139,0.0864258,-0.21875,0.987793,0,0,-0.000532632
1773773298220,0.0878906,-0.21875,0.986816,0,0,0.00106526
1773773298290,0.0869141,-0.21875,0.98877,0.000532632,-0.000532632,0
1773773298371,0.0869141,-0.217773,0.987305,0.000532632,-0.00106526,-0.00106526
1773773298441,0.0878906,-0.216797,0.98584,-0.00106526,-0.000532632,0
1773773298522,0.0883789,-0.21875,0.986816,0,-0.000532632,-0.00106526
1773773298603,0.0874023,-0.216797,0.98877,-0.000532632,0,0
1773773298673,0.0883789,-0.217773,0.988281,0,-0.000532632,0.000532632
1773773298754,0.0869141,-0.217285,0.987793,0,-0.00106526,0
1773773298834,0.0874023,-0.217285,0.98877,0.00106526,-0.00106526,-0.000532632
1773773298905,0.0883789,-0.217285,0.990234,0.000532632,0,-0.00106526
1773773298985,0.0874023,-0.220215,0.98877,-0.000532632,-0.00106526,-0.000532632
1773773299066,0.0883789,-0.220703,0.986328,0.000532632,0,0
1773773299136,0.0844727,-0.217773,0.98877,0.00106526,0,0.00106526
1773773299217,0.0859375,-0.220215,0.987305,0.000532632,-0.00106526,0.000532632
1773773299297,0.0869141,-0.218262,0.987793,0.000532632,0,0
1773773299368,0.0854492,-0.21875,0.987305,0,-0.00106526,0.000532632
1773773299448,0.0874023,-0.218262,0.987793,0,-0.000532632,-0.000532632
1773773299529,0.0874023,-0.217773,0.987793,0,-0.00106526,0
1773773299600,0.0888672,-0.217773,0.989258,-0.000532632,-0.000532632,-0.000532632
1773773299680,0.0854492,-0.217773,0.987305,0.000532632,-0.000532632,0.00106526
1773773299751,0.0859375,-0.21875,0.987793,-0.000532632,-0.00106526,0.00106526
1773773299831,0.0874023,-0.217285,0.987305,0,0,-0.00106526
1773773299912,0.0859375,-0.219238,0.989746,-0.000532632,0,-0.000532632
1773773299983,0.0869141,-0.220703,0.989258,-0.000532632,-0.00106526,-0.00106526
1773773300063,0.0888672,-0.217285,0.987305,0.000532632,-0.00106526,0.000532632
1773773300144,0.0869141,-0.218262,0.986816,-0.000532632,-0.00106526,0.000532632
1773773300214,0.0854492,-0.21875,0.986816,-0.000532632,-0.000532632,0
1773773300295,0.0869141,-0.21875,0.987305,-0.000532632,0,-0.00106526
1773773300375,0.0869141,-0.219238,0.98877,0,-0.000532632,0.000532632
1773773300446,0.0878906,-0.218262,0.989258,0,-0.00106526,-0.00106526
1773773300526,0.0869141,-0.21875,0.989258,0,-0.000532632,0.0015979
1773773300607,0.0849609,-0.218262,0.989258,0.0015979,-0.000532632,0
1773773300677,0.0883789,-0.219727,0.987793,0.000532632,-0.000532632,0.000532632
1773773300758,0.0883789,-0.219238,0.988281,-0.00106526,0.000532632,0
1773773300828,0.0893555,-0.220215,0.987305,0,-0.000532632,0.000532632
1773773300909,0.0844727,-0.219727,0.987305,0,-0.0015979,0.000532632
1773773300989,0.0888672,-0.21875,0.987305,0.000532632,-0.0015979,-0.000532632
1773773301060,0.0849609,-0.217773,0.986816,0,-0.000532632,-0.000532632
1773773301140,0.0878906,-0.219238,0.986328,0,-0.00106526,0.000532632
1773773301221,0.0883789,-0.218262,0.986816,0.000532632,-0.000532632,0.000532632
1773773301292,0.0874023,-0.21875,0.985352,0.000532632,0,-0.000532632
1773773301372,0.0874023,-0.217773,0.987793,0,0,-0.000532632
1773773301453,0.0864258,-0.217773,0.989258,-0.000532632,-0.000532632,0.00106526
1773773301523,0.0883789,-0.21875,0.986816,0,-0.00106526,0
1773773301604,0.0864258,-0.219727,0.988281,0.000532632,-0.00106526,-0.000532632
1773773301684,0.0869141,-0.217285,0.988281,0,0,0
1773773301755,0.0874023,-0.217285,0.988281,0,-0.000532632,0
1773773301835,0.0859375,-0.217285,0.987305,0.000532632,0,0
1773773301906,0.0864258,-0.218262,0.987793,0.000532632,-0.000532632,-0.00106526
1773773301986,0.0849609,-0.21875,0.98877,0.000532632,-0.000532632,0.000532632
1773773302067,0.0878906,-0.217773,0.987793,0.000532632,-0.000532632,0
1773773302137,0.0864258,-0.219727,0.986816,0,-0.0015979,0
1773773302218,0.0859375,-0.219238,0.985352,0.000532632,-0.00106526,0.00106526
1773773302299,0.0830078,-0.219727,0.987793,0,-0.00106526,-0.000532632
1773773302369,0.0878906,-0.220215,0.989746,0.00106526,0,0
1773773302450,0.0854492,-0.219238,0.986816,0.000532632,0.000532632,0
1773773302531,0.0854492,-0.219727,0.98877,0,-0.00106526,-0.000532632
1773773302601,0.0864258,-0.21875,0.987793,-0.000532632,-0.00106526,0
1773773302682,0.0859375,-0.218262,0.988281,0.000532632,-0.0015979,0
1773773302762,0.0878906,-0.217773,0.988281,-0.000532632,0.000532632,-0.0015979
1773773302833,0.0869141,-0.217773,0.987305,-0.000532632,-0.00106526,0
1773773302913,0.0859375,-0.218262,0.98584,0.000532632,-0.000532632,0
1773773302984,0.0869141,-0.220215,0.987305,-0.00106526,0,0
1773773303064,0.0874023,-0.21875,0.987793,0,-0.00106526,0
1773773303145,0.0874023,-0.21875,0.986816,-0.00106526,0,0
1773773303215,0.0864258,-0.21875,0.986816,-0.000532632,-0.00106526,0.000532632
1773773303296,0.0878906,-0.220215,0.989258,0,-0.000532632,-0.00106526
1773773303376,0.0859375,-0.21875,0.986816,-0.00106526,0,-0.000532632
1773773303447,0.0893555,-0.218262,0.987305,-0.000532632,-0.0015979,0
1773773303527,0.0859375,-0.220215,0.988281,-0.000532632,-0.000532632,0
1773773303608,0.0878906,-0.217285,0.987793,-0.000532632,0,-0.000532632
1773773303678,0.0874023,-0.218262,0.989258,0,0.000532632,0
1773773303759,0.0874023,-0.217285,0.986328,0,0,0
1773773303840,0.0864258,-0.220703,0.988281,0,0.000532632,-0.00106526
1773773303910,0.0869141,-0.219238,0.988281,0,-0.00106526,-0.000532632
1773773303991,0.0859375,-0.219238,0.986816,0,-0.000532632,-0.000532632
1773773304071,0.0874023,-0.219727,0.986328,-0.000532632,0,-0.000532632
1773773304142,0.0874023,-0.217773,0.986328,0,0,0.00106526
1773773304223,0.0874023,-0.218262,0.987793,0,-0.000532632,0.000532632
1773773304303,0.0864258,-0.217773,0.987793,0.000532632,-0.00213053,0.000532632
1773773304374,0.0864258,-0.21875,0.986816,-0.000532632,-0.000532632,0.000532632
1773773304454,0.0864258,-0.220215,0.98584,-0.000532632,-0.000532632,0.000532632
1773773304524,0.0878906,-0.218262,0.987305,-0.000532632,0,0
1773773304605,0.0864258,-0.21875,0.986328,0.000532632,-0.00106526,0
1773773304685,0.0854492,-0.220703,0.987793,0,-0.000532632,0.00106526
1773773304756,0.0854492,-0.220215,0.988281,0.000532632,-0.000532632,-0.000532632
1773773304836,0.0864258,-0.217773,0.989746,0.00106526,-0.000532632,0
1773773304917,0.0878906,-0.219238,0.987793,0.000532632,0,-0.00106526
1773773304987,0.0859375,-0.220703,0.98877,-0.000532632,-0.000532632,0
1773773305068,0.0878906,-0.220215,0.986816,0,-0.000532632,0
1773773305149,0.0874023,-0.21875,0.987793,0.000532632,-0.000532632,-0.000532632
1773773305219,0.0874023,-0.220703,0.985352,0.000532632,-0.00106526,-0.000532632
1773773305300,0.0869141,-0.21875,0.989258,0,-0.00106526,0
1773773305380,0.0849609,-0.219238,0.987305,-0.00106526,0,0
1773773305451,0.0878906,-0.218262,0.988281,0,-0.0015979,0
1773773305531,0.0854492,-0.220703,0.987305,-0.000532632,0,0.000532632
1773773305602,0.0864258,-0.218262,0.986816,0,-0.000532632,0
1773773305682,0.0864258,-0.220703,0.986328,-0.000532632,-0.000532632,0
1773773305763,0.0898438,-0.216797,0.987305,0.000532632,-0.00106526,0.000532632
1773773305833,0.0874023,-0.218262,0.986816,-0.0015979,-0.00106526,0
1773773305914,0.0883789,-0.217773,0.988281,0.0015979,0,-0.00106526
1773773305995,0.0859375,-0.220215,0.987305,-0.000532632,-0.00106526,-0.000532632
1773773306065,0.0869141,-0.21875,0.98877,-0.000532632,-0.000532632,0
1773773306146,0.0859375,-0.218262,0.988281,0,-0.000532632,0
1773773306226,0.0869141,-0.217773,0.989258,0,0,0
1773773306297,0.0854492,-0.21875,0.987793,-0.000532632,-0.0015979,0.000532632
1773773306378,0.0864258,-0.219727,0.987305,0,0,0.000532632
1773773306458,0.0859375,-0.218262,0.987793,0.000532632,0,0
1773773306529,0.0869141,-0.219238,0.986816,0.000532632,-0.00106526,0
1773773306609,0.0878906,-0.217773,0.987793,0,-0.000532632,-0.000532632
1773773306690,0.0864258,-0.217773,0.988281,0.00106526,0,0
1773773306760,0.0874023,-0.217285,0.987305,-0.00106526,-0.00106526,0
1773773306841,0.0883789,-0.217773,0.98877,0.000532632,-0.00213053,0
1773773306911,0.0864258,-0.218262,0.988281,-0.000532632,-0.00106526,-0.00106526
1773773306992,0.0874023,-0.218262,0.98877,-0.000532632,0,0
1773773307072,0.0869141,-0.218262,0.987793,0,-0.00106526,0.000532632
1773773307143,0.0869141,-0.217773,0.98877,0,0,-0.00106526
1773773307223,0.0869141,-0.219238,0.988281,-0.000532632,0,0
1773773307304,0.0869141,-0.21875,0.986816,-0.000532632,-0.00106526,0.000532632
1773773307374,0.0854492,-0.21875,0.986816,-0.000532632,-0.000532632,0
1773773307455,0.0878906,-0.220215,0.987305,0,0,0
1773773307535,0.0859375,-0.218262,0.990234,0,-0.000532632,-0.000532632
1773773307606,0.0864258,-0.219238,0.987305,0.000532632,0,0
1773773307686,0.0883789,-0.220703,0.987305,0,-0.000532632,0.000532632
1773773307767,0.0878906,-0.216797,0.989746,0,-0.00106526,0
1773773307837,0.0849609,-0.218262,0.98877,0.000532632,-0.000532632,-0.000532632
1773773307918,0.0888672,-0.21875,0.987793,0.00106526,0,0.00106526
1773773307999,0.0878906,-0.219727,0.986816,0,0,0
1773773308069,0.0878906,-0.219727,0.98877,0,-0.000532632,0
1773773308149,0.0864258,-0.218262,0.989258,-0.000532632,-0.000532632,0.000532632
1773773308220,0.0878906,-0.218262,0.987305,0.000532632,-0.0015979,0
1773773308301,0.0849609,-0.217285,0.985352,0,0,-0.00106526
1773773308381,0.0874023,-0.217773,0.987793,-0.000532632,-0.00106526,0.000532632
1773773308452,0.0878906,-0.219727,0.98584,0.000532632,0.000532632,0
1773773308533,0.0878906,-0.21875,0.988281,-0.000532632,-0.00106526,0
1773773308613,0.0864258,-0.217285,0.987305,-0.000532632,-0.000532632,-0.000532632
1773773308684,0.0859375,-0.21875,0.987793,-0.000532632,-0.00106526,-0.00106526
1773773308764,0.0874023,-0.217773,0.987305,0.000532632,-0.0015979,0.000532632
1773773308845,0.0883789,-0.220703,0.98877,-0.000532632,-0.00106526,0
1773773308915,0.0878906,-0.217285,0.990723,0,-0.00106526,0
1773773308996,0.0869141,-0.219238,0.986328,-0.000532632,0.000532632,0.000532632
1773773309076,0.0883789,-0.217773,0.98584,0,-0.00106526,0
1773773309147,0.0864258,-0.218262,0.989258,0,-0.00106526,0
1773773309227,0.0869141,-0.220215,0.987793,0.00106526,-0.0015979,0.00106526
1773773309298,0.0874023,-0.217773,0.987793,0,0,-0.00106526
1773773309378,0.0874023,-0.218262,0.986816,0.00106526,-0.000532632,0.00106526
1773773309459,0.0854492,-0.21875,0.987305,0.000532632,-0.000532632,0.000532632
1773773309530,0.0869141,-0.220703,0.985352,0.000532632,-0.000532632,0
1773773309610,0.0869141,-0.219238,0.988281,0,0,0.00106526
1773773309691,0.0888672,-0.217773,0.986816,0,0.000532632,0.000532632
1773773309761,0.0874023,-0.21875,0.987305,0,0.000532632,0.00106526
1773773309842,0.0869141,-0.219238,0.986328,0.000532632,-0.00106526,-0.00106526
1773773309922,0.0898438,-0.21875,0.987305,-0.000532632,0,-0.000532632
1773773309993,0.0869141,-0.217773,0.988281,0,-0.00106526,-0.000532632
1773773310073,0.0874023,-0.217773,0.987793,-0.00106526,0,0
1773773310154,0.0864258,-0.21875,0.986816,-0.00106526,-0.00106526,0.00106526
1773773310224,0.0878906,-0.21875,0.98584,0,-0.000532632,-0.00106526
1773773310305,0.0869141,-0.216797,0.98877,0.000532632,0.000532632,-0.00106526
1773773310385,0.0859375,-0.217773,0.987305,0.000532632,0.000532632,0.00106526
1773773310456,0.0883789,-0.217773,0.987793,-0.0015979,-0.000532632,0
1773773310536,0.0874023,-0.21875,0.98877,0,-0.000532632,-0.000532632
1773773310607,0.0869141,-0.21875,0.986816,-0.000532632,0.000532632,0.000532632
1773773310688,0.0869141,-0.219238,0.988281,0.000532632,-0.000532632,0
1773773310768,0.0869141,-0.220703,0.989746,0,0.000532632,0
1773773310839,0.0878906,-0.217285,0.987793,-0.00106526,0,0
1773773310919,0.0859375,-0.218262,0.986328,0.000532632,-0.000532632,-0.000532632
1773773311000,0.0874023,-0.21875,0.986328,-0.000532632,-0.000532632,0
1773773311070,0.0898438,-0.219238,0.987793,0.000532632,-0.00106526,0
1773773311151,0.0888672,-0.217285,0.98584,0,-0.000532632,0
1773773311231,0.0864258,-0.219238,0.988281,0.00106526,0.000532632,0.000532632
1773773311302,0.0859375,-0.215332,0.988281,0.000532632,0.000532632,0
1773773311382,0.0874023,-0.217285,0.986816,0.000532632,-0.00106526,0.00106526
1773773311463,0.0859375,-0.218262,0.986328,0,0,0.00106526
1773773311533,0.0888672,-0.217773,0.98877,-0.000532632,0,0
1773773311614,0.0859375,-0.217773,0.98877,0,-0.000532632,0
1773773311694,0.0874023,-0.220215,0.987793,-0.000532632,0.000532632,-0.000532632
1773773311765,0.0874023,-0.216797,0.988281,-0.00106526,-0.000532632,0.00106526
1773773311846,0.0854492,-0.218262,0.987305,0.000532632,0,0
1773773311916,0.0859375,-0.217773,0.987793,0.000532632,-0.000532632,0.00106526
1773773311998,0.0883789,-0.219727,0.987305,-0.000532632,0,-0.000532632
1773773312077,0.0869141,-0.217285,0.986816,0,0,-0.000532632
1773773312148,0.0874023,-0.21875,0.987793,0.000532632,-0.000532632,0
1773773312228,0.0849609,-0.21875,0.987305,0.000532632,-0.000532632,-0.000532632
1773773312309,0.0874023,-0.217285,0.989258,0.00106526,0,0.000532632
1773773312379,0.0854492,-0.218262,0.986328,0.000532632,-0.000532632,-0.000532632
1773773312460,0.0869141,-0.219238,0.988281,0.000532632,-0.00106526,-0.000532632
1773773312541,0.0869141,-0.219238,0.987305,-0.000532632,-0.000532632,0
1773773312611,0.0869141,-0.219238,0.987793,0,-0.00106526,0
1773773312691,0.0878906,-0.220215,0.98584,0,-0.000532632,-0.000532632
1773773312772,0.0874023,-0.21875,0.988281,-0.000532632,0,0
1773773312843,0.0878906,-0.21875,0.986328,0,-0.0015979,-0.000532632
1773773312923,0.0874023,-0.218262,0.987305,0.000532632,-0.000532632,0.000532632
1773773312994,0.0874023,-0.219238,0.987305,0,0,0.000532632
1773773313074,0.0864258,-0.219727,0.987305,0,-0.000532632,0.0015979
1773773313155,0.0893555,-0.217285,0.986816,0.000532632,0.000532632,0.000532632
1773773313225,0.0859375,-0.21875,0.987793,-0.000532632,-0.000532632,0
1773773313306,0.0864258,-0.219727,0.987793,-0.000532632,-0.00106526,0.00106526
1773773313387,0.0874023,-0.218262,0.986328,0.00106526,-0.000532632,0
1773773313457,0.0874023,-0.218262,0.98877,0,0,0
1773773313537,0.0869141,-0.21875,0.987793,-0.00106526,-0.000532632,0.000532632
1773773313618,0.0874023,-0.217285,0.986816,0.00106526,0,0.000532632
1773773313688,0.0864258,-0.21875,0.986816,0,-0.0015979,0
1773773313769,0.0864258,-0.218262,0.988281,0,0,-0.00106526
1773773313849,0.0854492,-0.21875,0.988281,0.000532632,-0.000532632,-0.000532632
1773773313920,0.0874023,-0.217773,0.986816,-0.00106526,0,0
1773773314001,0.0869141,-0.216797,0.988281,0.000532632,-0.000532632,0
1773773314081,0.0869141,-0.219238,0.986816,0,-0.00106526,0
1773773314152,0.0883789,-0.217773,0.988281,0.000532632,0,0
1773773314232,0.0878906,-0.21875,0.98877,0,-0.00106526,0
1773773314303,0.0898438,-0.218262,0.988281,-0.00106526,0,0.000532632
1773773314384,0.0878906,-0.220215,0.986816,0,0,-0.000532632
1773773314464,0.0878906,-0.21875,0.98877,0.000532632,0,0.000532632
1773773314535,0.0883789,-0.219238,0.987305,0,0,0.00106526
1773773314615,0.0874023,-0.216797,0.989258,0.000532632,0,0.000532632
1773773314696,0.0893555,-0.218262,0.989258,-0.000532632,0,-0.000532632
1773773314766,0.0888672,-0.219238,0.987793,0,-0.000532632,0
1773773314847,0.0878906,-0.219727,0.988281,0,-0.000532632,0
1773773314927,0.0878906,-0.217773,0.98877,0.000532632,-0.00106526,0
1773773314998,0.0874023,-0.219238,0.987793,-0.000532632,0,0.00106526
1773773315078,0.0864258,-0.219727,0.98584,0,-0.000532632,0.00106526
1773773315159,0.0854492,-0.218262,0.988281,-0.000532632,0,0.000532632
1773773315229,0.0874023,-0.217285,0.989746,0.000532632,0.000532632,0.000532632
1773773315310,0.0888672,-0.219727,0.987305,-0.00106526,0,0.00106526
1773773315380,0.0878906,-0.218262,0.987305,0,-0.000532632,0
1773773315461,0.0859375,-0.217773,0.989746,0.00106526,-0.000532632,0.000532632
1773773315542,0.0869141,-0.21875,0.986328,-0.000532632,0.000532632,-0.000532632
1773773315612,0.0874023,-0.220215,0.986816,0,-0.000532632,0
1773773315692,0.0878906,-0.219727,0.987793,-0.000532632,-0.00106526,0.00106526
1773773315773,0.0878906,-0.21875,0.987305,0.000532632,-0.000532632,0
1773773315843,0.0888672,-0.217285,0.988281,0,0,0
1773773315924,0.0888672,-0.217285,0.987305,0,-0.000532632,0.000532632
1773773316005,0.0874023,-0.217773,0.987793,0.00106526,-0.000532632,0
1773773316075,0.0864258,-0.217285,0.988281,0,-0.00106526,0
1773773316156,0.0874023,-0.217285,0.987305,0,-0.000532632,-0.000532632
1773773316236,0.0878906,-0.21875,0.986816,0.000532632,-0.000532632,-0.000532632
1773773316307,0.0874023,-0.219238,0.986816,0.000532632,-0.00106526,0
1773773316387,0.0869141,-0.217773,0.989746,-0.000532632,-0.000532632,0
1773773316458,0.0854492,-0.217285,0.986816,0.000532632,0,0
1773773316538,0.0878906,-0.219727,0.986816,0.000532632,-0.000532632,0.00106526
1773773316619,0.0864258,-0.219727,0.986328,0,-0.000532632,0.000532632
1773773316699,0.0864258,-0.218262,0.986816,0,-0.00106526,0.000532632
1773773316770,0.0864258,-0.217285,0.987793,0,-0.00106526,0.000532632
1773773316851,0.0864258,-0.219238,0.987793,0,-0.000532632,0
1773773316921,0.0869141,-0.21875,0.987305,0,-0.00106526,-0.000532632
1773773317001,0.0883789,-0.217773,0.988281,0.000532632,-0.00106526,0.000532632
1773773317082,0.0869141,-0.21875,0.986816,0,-0.000532632,0.00106526
1773773317153,0.0859375,-0.218262,0.987305,0.00106526,0,0
1773773317233,0.0883789,-0.21875,0.987793,0,-0.000532632,0.000532632
1773773317314,0.0869141,-0.219238,0.987793,-0.000532632,-0.000532632,-0.000532632
1773773317384,0.0869141,-0.217773,0.987793,0,-0.000532632,0.000532632
1773773317465,0.0869141,-0.21875,0.987793,0.000532632,-0.000532632,0
1773773317545,0.0883789,-0.218262,0.987793,0,-0.000532632,0.000532632
1773773317616,0.0874023,-0.217773,0.988281,0.000532632,-0.000532632,0.00106526
1773773317696,0.0878906,-0.218262,0.991211,0.000532632,0.000532632,0
1773773317777,0.0854492,-0.21875,0.988281,0.00106526,-0.000532632,-0.000532632
1773773317847,0.0878906,-0.217773,0.989258,-0.00106526,0,-0.000532632
1773773317929,0.0864258,-0.218262,0.98877,0.00106526,-0.000532632,0
1773773318008,0.0878906,-0.218262,0.987793,0.000532632,-0.000532632,0
1773773318079,0.0869141,-0.217773,0.98877,0,0,0
1773773318159,0.0878906,-0.217773,0.990234,0.00106526,-0.000532632,0.00106526
1773773318230,0.0874023,-0.217773,0.988281,0,0,-0.000532632
1773773318310,0.0869141,-0.217285,0.987305,0.00106526,-0.000532632,0.00106526
1773773318391,0.0874023,-0.215332,0.987793,0.000532632,0,0
1773773318462,0.0869141,-0.219727,0.98877,0,-0.00106526,-0.00106526
1773773318542,0.0869141,-0.217285,0.988281,0,-0.000532632,0
1773773318623,0.0878906,-0.217773,0.98877,-0.000532632,0,0
1773773318693,0.0878906,-0.219727,0.987305,0.000532632,0.000532632,-0.00106526
1773773318774,0.0869141,-0.220215,0.989746,-0.00106526,0,-0.00106526
1773773318854,0.0864258,-0.21875,0.987793,0,-0.000532632,0.000532632
1773773318926,0.0878906,-0.218262,0.98877,0,-0.00106526,-0.000532632
1773773319007,0.0864258,-0.21875,0.98584,0.00106526,-0.000532632,0
1773773319077,0.0878906,-0.218262,0.986816,0,-0.000532632,0
1773773319158,0.0869141,-0.221191,0.98877,0.00106526,-0.000532632,-0.000532632
1773773319238,0.0878906,-0.219727,0.98877,0,-0.000532632,0.000532632
1773773319309,0.0874023,-0.218262,0.987793,0,-0.00106526,-0.000532632
1773773319390,0.0869141,-0.21875,0.987793,0,-0.00106526,0
1773773319470,0.0864258,-0.219238,0.986328,-0.000532632,-0.00106526,0
1773773319541,0.0854492,-0.219238,0.986328,0.000532632,-0.000532632,0
1773773319621,0.0874023,-0.217773,0.990723,0,-0.000532632,-0.000532632
1773773319702,0.090332,-0.219238,0.989258,-0.00106526,0,0.000532632
1773773319772,0.0883789,-0.217773,0.98877,-0.000532632,-0.000532632,0.000532632
1773773319853,0.0878906,-0.218262,0.987793,-0.00106526,-0.000532632,-0.000532632
1773773319933,0.0854492,-0.217773,0.987305,-0.000532632,-0.00106526,0
1773773320004,0.0864258,-0.220703,0.987793,0,-0.000532632,-0.00106526
1773773320084,0.0874023,-0.218262,0.987793,0.000532632,-0.000532632,0
1773773320155,0.0869141,-0.21875,0.987793,0,-0.00106526,0.00106526
1773773320235,0.0878906,-0.218262,0.987305,-0.000532632,-0.000532632,0.000532632
1773773320316,0.0888672,-0.219727,0.989746,0,-0.000532632,0
1773773320387,0.0878906,-0.219238,0.988281,-0.000532632,-0.00106526,0.00106526
1773773320467,0.0874023,-0.219238,0.98877,-0.000532632,-0.00106526,0.000532632
1773773320548,0.0874023,-0.218262,0.987305,0,0,-0.000532632
1773773320618,0.0869141,-0.220703,0.988281,-0.000532632,0,0.00106526
1773773320699,0.0878906,-0.21875,0.987305,0,-0.000532632,0.000532632
1773773320779,0.0898438,-0.217285,0.987793,0,-0.00106526,0.000532632
1773773320850,0.0883789,-0.220215,0.988281,0,-0.000532632,-0.000532632
1773773320930,0.0859375,-0.21875,0.986328,0.000532632,-0.000532632,-0.000532632
1773773321011,0.0888672,-0.218262,0.988281,-0.000532632,-0.000532632,0
1773773321081,0.0878906,-0.216797,0.987793,0,-0.0015979,0
1773773321162,0.0864258,-0.218262,0.989258,0,-0.000532632,-0.000532632
1773773321242,0.0874023,-0.218262,0.98877,0,-0.000532632,0
1773773321313,0.0864258,-0.217773,0.987793,-0.000532632,-0.00106526,0
1773773321394,0.0864258,-0.21875,0.986816,-0.00106526,0,0
1773773321464,0.0864258,-0.220215,0.989258,0.000532632,0,0.000532632
1773773321545,0.0869141,-0.219238,0.987793,0,0,-0.00106526
1773773321625,0.0864258,-0.219238,0.98877,-0.000532632,-0.00106526,0
1773773321696,0.0854492,-0.21875,0.987793,0.000532632,-0.000532632,0
1773773321776,0.0869141,-0.219238,0.98877,-0.000532632,0,0.000532632
1773773321857,0.0878906,-0.217773,0.987305,-0.00106526,0.000532632,0
1773773321927,0.0874023,-0.21875,0.98877,0,-0.000532632,0.000532632
1773773322008,0.0874023,-0.219727,0.984863,0,-0.000532632,0.000532632
1773773322089,0.0874023,-0.21875,0.987305,0.00106526,-0.000532632,0
1773773322159,0.0869141,-0.217773,0.990723,0,0,0.000532632
1773773322240,0.0869141,-0.219727,0.986816,0,0,-0.000532632
1773773322320,0.0888672,-0.218262,0.98877,0.00106526,0,0
1773773322391,0.0869141,-0.217773,0.987793,0,0,-0.000532632
1773773322472,0.0864258,-0.216797,0.988281,0.000532632,-0.00106526,-0.000532632
1773773322542,0.0878906,-0.219727,0.989258,0,-0.00106526,0
1773773322623,0.0854492,-0.218262,0.987305,0,-0.000532632,0
1773773322703,0.0869141,-0.217285,0.990234,0,-0.000532632,0
1773773322774,0.0869141,-0.218262,0.986328,0,-0.0015979,-0.000532632
1773773322854,0.0869141,-0.21875,0.986816,0,-0.00106526,0
1773773322935,0.0883789,-0.217285,0.990234,-0.000532632,-0.000532632,0.000532632
1773773323005,0.0878906,-0.216797,0.987793,0.00106526,-0.0015979,0.000532632
1773773323086,0.0864258,-0.219727,0.986816,0.00106526,-0.00106526,0
1773773323167,0.0888672,-0.221191,0.984863,-0.00106526,-0.000532632,0.000532632
1773773323237,0.0859375,-0.217773,0.987305,-0.000532632,-0.00106526,0
1773773323318,0.0869141,-0.220215,0.987305,-0.000532632,-0.0015979,-0.000532632
1773773323398,0.0864258,-0.219727,0.98877,-0.00106526,-0.000532632,0
1773773323469,0.0874023,-0.21875,0.986816,0,-0.000532632,0.00106526
1773773323549,0.0878906,-0.220215,0.985352,0,-0.000532632,-0.000532632
1773773323620,0.0859375,-0.218262,0.986816,0,0,-0.00106526
1773773323700,0.0869141,-0.216309,0.990234,0.000532632,-0.000532632,0
1773773323781,0.0874023,-0.219727,0.987793,-0.00106526,-0.000532632,0
1773773323851,0.0869141,-0.219238,0.987793,-0.000532632,-0.000532632,0.000532632
1773773323932,0.0869141,-0.220703,0.988281,-0.000532632,-0.000532632,-0.000532632
1773773324013,0.0859375,-0.21875,0.989258,0,-0.00106526,0
1773773324083,0.0888672,-0.218262,0.987305,0.000532632,-0.000532632,0
1773773324164,0.0854492,-0.219238,0.986816,0,-0.00106526,0
1773773324244,0.0869141,-0.219727,0.988281,0,-0.000532632,0.00106526
1773773324315,0.0874023,-0.217773,0.988281,-0.000532632,-0.000532632,0
1773773324395,0.0874023,-0.217773,0.98584,0,-0.000532632,-0.00106526
1773773324476,0.0878906,-0.220215,0.989746,0,-0.000532632,0
1773773324546,0.0859375,-0.21875,0.98877,-0.00106526,-0.00106526,0.0015979
1773773324627,0.0869141,-0.216797,0.98877,0.000532632,0,0
1773773324697,0.0878906,-0.221191,0.987305,0.000532632,-0.000532632,-0.000532632
1773773324778,0.0869141,-0.217773,0.986816,-0.000532632,-0.00213053,0
1773773324858,0.0869141,-0.218262,0.987305,-0.000532632,0,0
1773773324929,0.0874023,-0.219727,0.989258,0.00106526,0.000532632,0
1773773325009,0.0888672,-0.21875,0.987793,0.000532632,-0.00106526,0
1773773325090,0.0874023,-0.219238,0.987793,-0.00106526,-0.00106526,0
1773773325160,0.0869141,-0.219727,0.986328,0.000532632,0,-0.000532632
1773773325241,0.0849609,-0.217773,0.988281,0,-0.00106526,0
1773773325322,0.0859375,-0.220215,0.988281,0.000532632,-0.00106526,0
1773773325392,0.0893555,-0.218262,0.987305,0,-0.00106526,-0.000532632
1773773325473,0.0888672,-0.21875,0.985352,0,-0.00106526,0
1773773325553,0.0874023,-0.216797,0.988281,0,-0.000532632,0.000532632
1773773325624,0.0869141,-0.219727,0.987793,0,-0.000532632,0
1773773325704,0.0830078,-0.218262,0.987305,0,0,0.000532632
1773773325785,0.0883789,-0.220215,0.987793,0.000532632,0,0.00106526
1773773325855,0.0878906,-0.219238,0.987793,0,-0.0015979,0.00106526
1773773325936,0.0844727,-0.216309,0.987793,-0.000532632,-0.000532632,0
1773773326016,0.0869141,-0.217285,0.988281,0.00106526,-0.00106526,0.000532632
1773773326087,0.0869141,-0.217285,0.987305,-0.0015979,-0.00106526,0
1773773326167,0.0864258,-0.218262,0.988281,-0.000532632,-0.0015979,-0.000532632
1773773326238,0.0869141,-0.219238,0.987793,0,-0.0015979,-0.00106526
1773773326318,0.0864258,-0.219238,0.987305,-0.000532632,-0.00106526,0.000532632
1773773326399,0.0874023,-0.217285,0.990234,-0.000532632,-0.000532632,0
1773773326469,0.0883789,-0.218262,0.98877,-0.000532632,-0.000532632,-0.000532632
1773773326550,0.0874023,-0.219238,0.988281,-0.000532632,0.000532632,-0.000532632
1773773326631,0.0883789,-0.220215,0.986328,-0.000532632,0,0.000532632
1773773326701,0.0874023,-0.217285,0.98877,0.00106526,0,0.000532632
1773773326782,0.0874023,-0.220215,0.989746,0.000532632,-0.00106526,0
1773773326862,0.0874023,-0.217773,0.988281,0,0,0.00106526
1773773326933,0.0869141,-0.217285,0.986816,0,0,-0.000532632
1773773327013,0.0869141,-0.21875,0.989258,0,-0.000532632,0.000532632
1773773327094,0.0888672,-0.21875,0.98877,0.00106526,-0.000532632,0.000532632
1773773327164,0.0878906,-0.217285,0.98877,-0.000532632,-0.000532632,-0.0015979
1773773327245,0.0883789,-0.220703,0.989258,-0.000532632,0.000532632,0
1773773327325,0.0874023,-0.218262,0.987305,-0.000532632,0,0.000532632
1773773327396,0.0878906,-0.21875,0.987305,-0.00106526,-0.00106526,0.000532632
1773773327477,0.0864258,-0.218262,0.987793,-0.000532632,0,0
1773773327547,0.0874023,-0.220215,0.984375,0.000532632,-0.000532632,0.000532632
1773773327628,0.0854492,-0.219238,0.987793,0,-0.000532632,0
1773773327708,0.0869141,-0.217285,0.987793,0.00106526,-0.0015979,0.000532632
1773773327779,0.0864258,-0.218262,0.98877,0.00106526,-0.00106526,0
1773773327859,0.0869141,-0.217285,0.987793,-0.000532632,-0.000532632,0
1773773327940,0.0883789,-0.219238,0.989258,-0.00106526,0,0.000532632
1773773328010,0.0864258,-0.219238,0.986328,0,-0.00106526,-0.000532632
1773773328091,0.0859375,-0.21875,0.987793,0,0,0
1773773328171,0.0883789,-0.217773,0.986328,0.000532632,0,0
1773773328242,0.0874023,-0.219238,0.987793,-0.000532632,-0.00106526,0.0015979
1773773328323,0.0888672,-0.218262,0.986816,0,-0.00106526,0.000532632
1773773328393,0.0864258,-0.217773,0.986328,0.000532632,-0.000532632,-0.00106526
1773773328474,0.0864258,-0.218262,0.987305,-0.000532632,-0.00106526,-0.000532632
1773773328554,0.0888672,-0.217773,0.987793,0.000532632,-0.00106526,-0.000532632
1773773328625,0.0864258,-0.221191,0.987793,-0.000532632,-0.0015979,0.000532632
1773773328705,0.0869141,-0.216797,0.987793,0.000532632,0.000532632,-0.000532632
1773773328786,0.0874023,-0.217285,0.986816,0.000532632,0,0
1773773328856,0.0859375,-0.218262,0.987793,0.000532632,-0.000532632,0
1773773328937,0.0869141,-0.216309,0.987793,-0.00106526,-0.000532632,-0.000532632
1773773329017,0.0874023,-0.21875,0.987793,0.000532632,-0.00106526,0
1773773329088,0.0874023,-0.217773,0.98584,0,-0.00106526,0
1773773329169,0.0854492,-0.219727,0.987793,0,-0.00106526,-0.00106526
1773773329249,0.0878906,-0.218262,0.987793,0,-0.000532632,-0.000532632
1773773329319,0.0898438,-0.219238,0.987305,0.00106526,-0.000532632,0
1773773329400,0.0849609,-0.21875,0.986328,0.000532632,-0.000532632,0.000532632
1773773329480,0.0849609,-0.217285,0.986816,0,0,0.000532632
1773773329551,0.0859375,-0.220703,0.987793,0,0,-0.000532632
1773773329631,0.0864258,-0.219238,0.985352,-0.000532632,0,0.00106526
1773773329712,0.0878906,-0.218262,0.98877,-0.000532632,0,-0.000532632
1773773329783,0.0883789,-0.217285,0.986816,0.000532632,-0.000532632,-0.000532632
1773773329863,0.0874023,-0.216797,0.986816,0.000532632,-0.000532632,0.000532632
1773773329934,0.0874023,-0.219238,0.986816,0.00106526,-0.00106526,0
1773773330014,0.0839844,-0.217285,0.986816,0,-0.000532632,0.00106526
1773773330095,0.0888672,-0.217285,0.989258,-0.000532632,-0.000532632,0.000532632
1773773330165,0.0849609,-0.219727,0.988281,0.00106526,-0.0015979,-0.00106526
1773773330246,0.0883789,-0.219238,0.985352,0,-0.00106526,-0.000532632
1773773330326,0.0878906,-0.220215,0.988281,0.000532632,-0.00106526,-0.000532632
1773773330397,0.0874023,-0.218262,0.987793,0,-0.0015979,0
1773773330477,0.0859375,-0.217773,0.987793,0,0,-0.000532632
1773773330558,0.0874023,-0.219727,0.986816,-0.00106526,-0.000532632,0.00106526
1773773330628,0.0878906,-0.217773,0.987793,0,-0.000532632,0.00106526
1773773330709,0.0864258,-0.217773,0.990723,-0.000532632,-0.00106526,0
1773773330789,0.0869141,-0.218262,0.987793,0.000532632,-0.000532632,-0.000532632
1773773330860,0.0878906,-0.21875,0.988281,0,0,-0.000532632
1773773330940,0.0869141,-0.220703,0.988281,0,-0.000532632,-0.000532632
1773773331021,0.0878906,-0.219238,0.987793,0,0,-0.000532632
1773773331091,0.0854492,-0.219238,0.988281,-0.000532632,0,-0.000532632
1773773331172,0.0859375,-0.219238,0.98877,0,0,0
1773773331243,0.0864258,-0.216797,0.987793,-0.000532632,-0.000532632,0
1773773331323,0.0859375,-0.218262,0.986816,-0.000532632,-0.000532632,-0.00106526
1773773331404,0.0854492,-0.21875,0.987793,-0.000532632,0,-0.00106526
1773773331474,0.0874023,-0.219727,0.98584,0,-0.000532632,0
1773773331555,0.0869141,-0.21875,0.985352,0,-0.00106526,-0.000532632
1773773331635,0.0883789,-0.219727,0.98584,0.00106526,-0.00106526,0.00106526
1773773331706,0.0874023,-0.219238,0.986816,-0.000532632,-0.000532632,0
1773773331786,0.0888672,-0.219238,0.986816,0.000532632,0,0.000532632
1773773331867,0.0854492,-0.219238,0.987793,0.000532632,-0.000532632,0
1773773331937,0.0859375,-0.219238,0.988281,-0.000532632,-0.00106526,0
1773773332018,0.0869141,-0.216797,0.987305,0,-0.00106526,0
1773773332099,0.0874023,-0.219238,0.987305,0,-0.000532632,0.000532632
1773773332169,0.0869141,-0.217285,0.988281,0.00106526,-0.00106526,0.000532632
1773773332250,0.0854492,-0.21582,0.988281,0,-0.000532632,0.00106526
1773773332330,0.0874023,-0.21875,0.988281,-0.000532632,0.000532632,0.000532632
1773773332401,0.0874023,-0.218262,0.985352,0,-0.000532632,0
1773773332481,0.0864258,-0.21875,0.987305,-0.000532632,-0.0015979,0.000532632
1773773332552,0.0859375,-0.217285,0.986816,0,-0.0015979,0
1773773332632,0.0888672,-0.21875,0.988281,0,-0.000532632,0
1773773332713,0.0869141,-0.220215,0.987793,0.000532632,0,0.000532632
1773773332783,0.0864258,-0.216797,0.987793,0.000532632,0,0
1773773332864,0.0874023,-0.219238,0.988281,0,0,0.000532632
1773773332944,0.0869141,-0.218262,0.989258,0,-0.000532632,0
1773773333015,0.0878906,-0.217285,0.985352,0,0,0.000532632
1773773333096,0.0859375,-0.219238,0.98877,0,-0.00106526,0
1773773333176,0.0859375,-0.219238,0.987793,0,-0.00106526,0.000532632
1773773333247,0.0883789,-0.218262,0.986328,0,-0.000532632,-0.00106526
1773773333327,0.0893555,-0.219238,0.987793,0.000532632,-0.00106526,0
1773773333408,0.0874023,-0.217773,0.98877,0.000532632,-0.000532632,-0.00106526
1773773333478,0.0888672,-0.216797,0.98877,0,-0.00106526,0
1773773333559,0.0869141,-0.217285,0.989258,0.00106526,0,-0.000532632
1773773333639,0.0883789,-0.217773,0.98877,0,0,0.000532632
1773773333710,0.0869141,-0.217285,0.986328,0.00106526,0,-0.000532632
1773773333790,0.0869141,-0.217773,0.986328,0.000532632,0,-0.000532632
1773773333861,0.0883789,-0.219238,0.989258,0.000532632,0,0.000532632
1773773333941,0.0874023,-0.217285,0.987793,0,0,0
1773773334022,0.0883789,-0.219238,0.987305,0.000532632,-0.00213053,0
1773773334092,0.0878906,-0.219727,0.987793,0.00106526,0,0.000532632
1773773334173,0.0878906,-0.219727,0.987793,0.000532632,-0.00106526,-0.000532632
1773773334253,0.0883789,-0.219238,0.987793,0,-0.000532632,0.000532632
1773773334324,0.0864258,-0.21875,0.990234,-0.000532632,0,-0.000532632
1773773334405,0.0883789,-0.218262,0.988281,0.000532632,0,0
1773773334485,0.0859375,-0.219727,0.988281,-0.00106526,-0.000532632,0.0015979
1773773334556,0.0849609,-0.216797,0.987793,0.000532632,-0.000532632,0
1773773334636,0.0859375,-0.21875,0.986816,0.00106526,0,0.00106526
1773773334717,0.0874023,-0.219727,0.98877,0.000532632,-0.00106526,-0.000532632
1773773334787,0.0854492,-0.21875,0.989258,0.000532632,-0.0015979,0.00106526
1773773334868,0.0893555,-0.218262,0.987793,0,-0.000532632,0
1773773334948,0.0844727,-0.220703,0.986816,-0.000532632,0,0
1773773335019,0.0878906,-0.220215,0.988281,-0.000532632,0,-0.000532632
1773773335099,0.0883789,-0.21875,0.987793,0,-0.00106526,-0.000532632
1773773335170,0.0869141,-0.219238,0.986816,0.00106526,-0.0015979,0
1773773335250,0.0878906,-0.219238,0.986816,0,-0.00106526,0
1773773335331,0.0869141,-0.217285,0.988281,0.00106526,-0.000532632,0
1773773335402,0.0874023,-0.218262,0.986816,0,-0.000532632,0
1773773335482,0.0864258,-0.218262,0.987793,0,0,0
1773773335563,0.0874023,-0.21875,0.98877,-0.00106526,-0.000532632,0
1773773335633,0.0859375,-0.217773,0.989258,0.00106526,-0.00106526,-0.000532632
1773773335714,0.0874023,-0.220215,0.987793,0.000532632,0,0.0015979
1773773335794,0.0893555,-0.219727,0.989258,0,-0.000532632,-0.00106526
1773773335865,0.0888672,-0.218262,0.986816,-0.00106526,-0.000532632,-0.000532632
1773773335945,0.0883789,-0.21875,0.987305,0,-0.000532632,0
1773773336026,0.0869141,-0.220215,0.988281,-0.00106526,0,0
1773773336096,0.0874023,-0.219238,0.987305,0,0,0.00106526
1773773336177,0.0859375,-0.219238,0.988281,0.000532632,-0.000532632,0.000532632
1773773336257,0.0854492,-0.21875,0.987793,-0.000532632,-0.000532632,0.000532632
1773773336328,0.0883789,-0.219727,0.987793,-0.000532632,0,0
1773773336409,0.0849609,-0.21875,0.987793,0,-0.000532632,0
1773773336479,0.0839844,-0.221191,0.986816,0,-0.00106526,-0.000532632
1773773336560,0.0864258,-0.217285,0.986328,0,-0.000532632,0
1773773336640,0.0883789,-0.219727,0.987793,0.000532632,0,0
1773773336711,0.0864258,-0.217773,0.988281,-0.000532632,0,-0.000532632
1773773336791,0.0869141,-0.216797,0.988281,0,-0.000532632,0
1773773336872,0.0883789,-0.220703,0.989258,0.00106526,0,0
1773773336942,0.0854492,-0.220215,0.987305,0,-0.000532632,0
1773773337023,0.0859375,-0.219727,0.987305,-0.00106526,-0.000532632,-0.000532632
1773773337103,0.0874023,-0.221191,0.988281,0,0,-0.00106526
1773773337174,0.0859375,-0.21875,0.987793,0,-0.0015979,0
1773773337254,0.0859375,-0.220215,0.987305,0,-0.000532632,0
1773773337335,0.0874023,-0.21875,0.989258,0,-0.000532632,0
1773773337405,0.0864258,-0.217285,0.987305,-0.000532632,0,-0.000532632
1773773337486,0.0878906,-0.21875,0.988281,-0.000532632,-0.000532632,0.000532632
1773773337566,0.0874023,-0.21875,0.987305,-0.000532632,0.000532632,0.000532632
1773773337637,0.0883789,-0.21875,0.989258,0.00106526,0.000532632,-0.000532632
1773773337717,0.0869141,-0.219727,0.98877,0,-0.000532632,0
1773773337788,0.0874023,-0.219238,0.989258,0.00106526,0,0
1773773337868,0.0859375,-0.217285,0.98877,-0.000532632,-0.00106526,-0.000532632
1773773337949,0.0883789,-0.217773,0.986816,0,-0.0015979,0.000532632
1773773338019,0.0859375,-0.219238,0.987305,0.000532632,-0.000532632,0
1773773338100,0.0874023,-0.218262,0.986816,0,-0.00106526,-0.000532632
1773773338181,0.0874023,-0.21875,0.986328,0.000532632,0,0
1773773338251,0.0874023,-0.217773,0.989258,0.00106526,-0.00106526,-0.000532632
1773773338332,0.0869141,-0.217285,0.987305,-0.000532632,0.000532632,0
1773773338412,0.0878906,-0.219238,0.987793,0.000532632,-0.00106526,0.000532632
1773773338483,0.0878906,-0.219727,0.986328,0.000532632,-0.0015979,0.000532632
1773773338563,0.0869141,-0.217773,0.987793,0.000532632,0.000532632,0
1773773338644,0.0854492,-0.217773,0.987305,0,-0.00106526,0.000532632
1773773338714,0.0864258,-0.217285,0.990234,-0.000532632,-0.0015979,-0.000532632
1773773338795,0.0854492,-0.216309,0.987305,-0.00106526,-0.00106526,0
1773773338875,0.0878906,-0.21875,0.98877,0,-0.000532632,0.000532632
1773773338946,0.0888672,-0.219727,0.987305,0.000532632,0,0.000532632
1773773339026,0.0888672,-0.21875,0.986328,0,-0.00106526,0
1773773339097,0.0888672,-0.21875,0.988281,0.000532632,0.000532632,-0.000532632
1773773339177,0.0874023,-0.219727,0.987793,-0.000532632,-0.0015979,0
1773773339258,0.0864258,-0.219727,0.986816,0,0.000532632,0.000532632
1773773339329,0.0878906,-0.219238,0.986816,0,0,-0.000532632
1773773339409,0.0849609,-0.218262,0.988281,-0.00106526,-0.00106526,-0.000532632
1773773339490,0.0874023,-0.218262,0.987793,-0.000532632,-0.00106526,-0.000532632
1773773339560,0.0869141,-0.217773,0.989746,-0.000532632,-0.000532632,0.000532632
1773773339641,0.0878906,-0.220215,0.988281,-0.00106526,0,0.000532632
1773773339722,0.0869141,-0.219238,0.987305,0,0,0.000532632
1773773339792,0.0864258,-0.21875,0.989258,0.000532632,-0.000532632,0.000532632
1773773339874,0.0864258,-0.219238,0.987793,0.000532632,-0.000532632,-0.000532632
1773773339953,0.0874023,-0.219238,0.987793,0.00106526,-0.000532632,0.000532632
1773773340024,0.0878906,-0.220703,0.986816,-0.000532632,0,0
1773773340104,0.0869141,-0.21582,0.988281,-0.000532632,0,0
1773773340175,0.0883789,-0.21875,0.987793,-0.000532632,-0.000532632,0
1773773340255,0.0874023,-0.221191,0.987305,0,-0.00106526,0
1773773340336,0.090332,-0.21875,0.986816,0,-0.00106526,-0.000532632
1773773340406,0.0859375,-0.21875,0.986328,0.000532632,0,-0.000532632
1773773340487,0.0869141,-0.219238,0.986816,0.000532632,0.000532632,0.000532632
1773773340568,0.0888672,-0.218262,0.989746,0,-0.00106526,-0.000532632
1773773340638,0.0874023,-0.21875,0.987793,-0.00106526,-0.00106526,0.000532632
1773773340719,0.0859375,-0.219727,0.986328,0,-0.000532632,0
1773773340799,0.0864258,-0.21875,0.988281,0,-0.000532632,0
1773773340870,0.0869141,-0.21875,0.989258,0,-0.000532632,0.000532632
1773773340950,0.0854492,-0.218262,0.987305,0.000532632,-0.00106526,0
1773773341031,0.0883789,-0.220703,0.989258,0,-0.000532632,0
1773773341101,0.0883789,-0.217285,0.989746,0,-0.000532632,-0.000532632
1773773341182,0.0878906,-0.217773,0.988281,-0.00106526,-0.00106526,0
1773773341254,0.0869141,-0.217773,0.987793,0,-0.00106526,0.000532632
1773773341333,0.0869141,-0.219238,0.986816,-0.00106526,0,0.000532632
1773773341414,0.0878906,-0.218262,0.987793,0,-0.000532632,-0.0015979
1773773341484,0.0859375,-0.219238,0.987305,0,-0.000532632,0
1773773341565,0.0874023,-0.218262,0.989258,0,-0.000532632,0.000532632
1773773341645,0.0864258,-0.219727,0.989258,-0.000532632,-0.00106526,0
1773773341716,0.0878906,-0.217773,0.989258,0,-0.000532632,0
1773773341797,0.0878906,-0.217773,0.98877,0.000532632,-0.000532632,0.000532632
1773773341877,0.0869141,-0.219238,0.98877,0.00106526,0,0
1773773341948,0.0864258,-0.217773,0.986816,-0.000532632,0,0
1773773342028,0.0859375,-0.220215,0.987793,0,-0.00106526,-0.000532632
1773773342109,0.0864258,-0.219727,0.987793,0.000532632,0,0
1773773342180,0.0883789,-0.220215,0.989258,0,0,0
1773773342260,0.0878906,-0.21875,0.986816,0.000532632,-0.000532632,0.000532632
1773773342331,0.0864258,-0.219238,0.986816,-0.000532632,0,0.000532632
1773773342412,0.0874023,-0.219238,0.986328,0,-0.0015979,0
1773773342492,0.0864258,-0.219727,0.986816,-0.00106526,-0.000532632,-0.000532632
1773773342562,0.0854492,-0.219238,0.98877,-0.000532632,-0.0015979,0
1773773342643,0.0859375,-0.219238,0.98877,-0.000532632,0,0
1773773342724,0.0859375,-0.217285,0.988281,-0.000532632,-0.000532632,-0.000532632
1773773342794,0.0874023,-0.219727,0.988281,0,0,0
1773773342875,0.0878906,-0.218262,0.986328,0.000532632,0,0
1773773342955,0.0864258,-0.219727,0.988281,-0.000532632,-0.000532632,0
1773773343026,0.0854492,-0.217773,0.987793,0,-0.000532632,0.000532632
1773773343106,0.0864258,-0.219727,0.987793,-0.000532632,-0.000532632,0
1773773343187,0.0874023,-0.218262,0.990234,0.00106526,-0.00106526,0
1773773343257,0.0864258,-0.218262,0.987793,0,-0.000532632,0.000532632
1773773343338,0.0883789,-0.218262,0.987793,0.00106526,-0.00106526,0.000532632
1773773343408,0.0874023,-0.217773,0.988281,0,-0.00106526,-0.000532632
1773773343489,0.0859375,-0.217773,0.98877,-0.000532632,0,0.000532632
1773773343569,0.0874023,-0.22168,0.988281,0.00106526,-0.00106526,0.000532632
1773773343640,0.0859375,-0.219727,0.98877,0.00106526,0,-0.000532632
1773773343721,0.0859375,-0.217773,0.989746,0,-0.00106526,-0.000532632
1773773343801,0.0883789,-0.218262,0.986816,0,-0.00106526,0
1773773343871,0.0874023,-0.220703,0.988281,0.000532632,-0.000532632,0.000532632
1773773343952,0.0859375,-0.21875,0.989746,0,0,0
1773773344033,0.0874023,-0.219238,0.98584,-0.000532632,-0.00106526,-0.000532632
1773773344103,0.0874023,-0.218262,0.987305,-0.000532632,-0.000532632,0.000532632
1773773344184,0.0883789,-0.21875,0.986816,0,-0.000532632,0
1773773344264,0.0883789,-0.21875,0.988281,-0.000532632,-0.000532632,-0.000532632
1773773344335,0.0869141,-0.218262,0.988281,0,0,0
1773773344416,0.0869141,-0.216797,0.988281,0.00106526,-0.000532632,0
1773773344487,0.0878906,-0.220215,0.986816,-0.00106526,-0.000532632,0
1773773344567,0.0878906,-0.219238,0.990234,0,0.000532632,-0.000532632
1773773344648,0.0874023,-0.220215,0.987793,0,-0.000532632,-0.000532632
1773773344718,0.0864258,-0.21875,0.986816,0.000532632,0,0.000532632
1773773344799,0.0893555,-0.21875,0.988281,-0.000532632,0,0.000532632
1773773344879,0.0864258,-0.217773,0.987305,0,-0.000532632,0.000532632
1773773344950,0.0859375,-0.219238,0.986816,-0.000532632,-0.00106526,-0.000532632
1773773345030,0.0864258,-0.220215,0.986328,0.000532632,0,0
1773773345111,0.0864258,-0.219727,0.986328,0.000532632,0,-0.0015979
1773773345181,0.0854492,-0.21875,0.986816,0.000532632,-0.00106526,-0.000532632
1773773345262,0.0878906,-0.220703,0.987305,0,-0.000532632,0.000532632
1773773345343,0.0869141,-0.219238,0.984863,-0.000532632,-0.000532632,0
1773773345413,0.0869141,-0.220215,0.986328,0,0.000532632,0
1773773345494,0.0878906,-0.219238,0.988281,0,-0.000532632,0
1773773345574,0.0878906,-0.219238,0.987305,0.000532632,-0.00106526,-0.000532632
1773773345645,0.0869141,-0.219727,0.987305,0,-0.00106526,0.000532632
1773773345725,0.0864258,-0.219238,0.988281,0.00106526,0,0.000532632
1773773345796,0.0888672,-0.220703,0.989746,0.00106526,0.000532632,-0.000532632
1773773345876,0.0854492,-0.218262,0.986328,0,0.000532632,-0.000532632
1773773345957,0.0883789,-0.21875,0.98584,0.000532632,0.000532632,0.000532632
1773773346027,0.0854492,-0.219727,0.988281,0.000532632,-0.000532632,-0.000532632
1773773346108,0.0864258,-0.219727,0.986816,-0.00106526,0,0
1773773346188,0.0859375,-0.218262,0.987305,0.000532632,-0.000532632,0.000532632
1773773346259,0.0888672,-0.219238,0.986816,0,0,-0.000532632
1773773346339,0.0869141,-0.218262,0.98877,0.00106526,0,0
1773773346421,0.0878906,-0.218262,0.98877,0,-0.000532632,0.000532632
1773773346490,0.0869141,-0.220215,0.987793,0.000532632,-0.000532632,0
1773773346571,0.0864258,-0.217773,0.987793,0.000532632,0,0.000532632
1773773346652,0.0864258,-0.218262,0.986328,-0.000532632,0,-0.000532632
1773773346722,0.0854492,-0.219238,0.989258,0,-0.00106526,0.00106526
1773773346803,0.0864258,-0.21875,0.986328,0,0,0.000532632
1773773346873,0.0874023,-0.216797,0.985352,0,-0.000532632,0.000532632
1773773346954,0.0874023,-0.219727,0.987305,0.000532632,0,0
1773773347034,0.0859375,-0.219238,0.98584,0,-0.000532632,-0.000532632
1773773347105,0.0864258,-0.217773,0.986328,0.000532632,-0.000532632,-0.000532632
1773773347186,0.0869141,-0.219727,0.987305,0,-0.000532632,0
1773773347266,0.0869141,-0.217773,0.988281,-0.000532632,0,0.000532632
1773773347337,0.0893555,-0.21875,0.98877,0,0,-0.00106526
1773773347417,0.0883789,-0.219727,0.987305,-0.000532632,-0.000532632,0
1773773347498,0.0869141,-0.218262,0.987305,0.000532632,-0.00106526,-0.000532632
1773773347568,0.0874023,-0.219727,0.987305,0,0,0
1773773347649,0.0869141,-0.219238,0.987793,0,-0.000532632,0.000532632
1773773347729,0.0874023,-0.218262,0.989258,0,0,0.000532632
1773773347800,0.0854492,-0.218262,0.987793,-0.00106526,0,-0.000532632
1773773347880,0.0864258,-0.21875,0.988281,0,-0.000532632,0
1773773347961,0.0864258,-0.219727,0.987793,0.00106526,0,0.00106526
1773773348031,0.0874023,-0.219727,0.987305,0,-0.00106526,-0.000532632
1773773348112,0.0869141,-0.220703,0.988281,0,-0.000532632,0
1773773348182,0.0864258,-0.219238,0.987305,0,0,-0.000532632
1773773348263,0.0869141,-0.217773,0.986328,-0.00106526,-0.000532632,-0.000532632
1773773348344,0.0864258,-0.219238,0.988281,0,0,-0.00106526
1773773348414,0.0869141,-0.21875,0.986816,-0.000532632,-0.000532632,0.000532632
1773773348495,0.0869141,-0.21582,0.987793,0,-0.000532632,0
1773773348575,0.0864258,-0.21582,0.987793,0,-0.000532632,-0.000532632
1773773348645,0.0859375,-0.220215,0.986816,0,-0.00106526,-0.00106526
1773773348726,0.0878906,-0.219238,0.986328,-0.000532632,-0.000532632,0.000532632
1773773348807,0.0864258,-0.218262,0.987793,0,0,0
1773773348877,0.0883789,-0.217773,0.986328,-0.000532632,0,-0.00213053
1773773348958,0.0883789,-0.219238,0.987305,-0.000532632,-0.000532632,0.000532632
1773773349038,0.0854492,-0.219238,0.987305,-0.000532632,-0.0015979,0.000532632
1773773349109,0.0874023,-0.220703,0.98584,-0.000532632,-0.000532632,-0.000532632
1773773349189,0.0874023,-0.218262,0.988281,0.000532632,-0.000532632,0
1773773349270,0.0859375,-0.218262,0.988281,0,0,0
1773773349340,0.0883789,-0.217773,0.987793,-0.000532632,-0.000532632,0.000532632
1773773349421,0.0878906,-0.217773,0.986328,0,-0.000532632,0
1773773349491,0.0859375,-0.217773,0.987793,0,-0.00106526,0
1773773349572,0.0859375,-0.220215,0.987793,0,-0.00106526,-0.000532632
1773773349653,0.0874023,-0.21875,0.986816,0,-0.0015979,0
1773773349723,0.0888672,-0.218262,0.98877,-0.000532632,-0.000532632,0
1773773349804,0.0869141,-0.21875,0.987305,-0.00106526,-0.000532632,0.000532632
1773773349884,0.0883789,-0.220703,0.987793,0,-0.000532632,0.000532632
1773773349955,0.0883789,-0.220215,0.987305,0.000532632,-0.000532632,0
1773773350035,0.0883789,-0.219727,0.986816,0,-0.000532632,0
1773773350116,0.0859375,-0.220703,0.987305,0.000532632,-0.000532632,0.00106526
1773773350186,0.0869141,-0.217773,0.987793,0,-0.00106526,0
1773773350267,0.0869141,-0.219238,0.986328,0.000532632,-0.00106526,-0.000532632
1773773350347,0.0849609,-0.219727,0.987793,0.000532632,0,-0.000532632
1773773350418,0.0854492,-0.219727,0.989258,0,-0.0015979,0.00213053
1773773350498,0.0874023,-0.217773,0.98877,0,-0.000532632,0
1773773350579,0.0864258,-0.217773,0.987793,0,-0.0015979,-0.000532632
1773773350649,0.0874023,-0.217773,0.988281,-0.00106526,-0.000532632,0
1773773350730,0.0874023,-0.219238,0.986816,0,0,-0.00106526
1773773350800,0.0849609,-0.219238,0.986816,0.000532632,0,0
1773773350882,0.0869141,-0.219727,0.985352,-0.000532632,-0.000532632,0
1773773350962,0.0859375,-0.219238,0.988281,0,-0.00106526,0.000532632
1773773351032,0.0859375,-0.220703,0.98584,0,-0.000532632,0.000532632
1773773351113,0.0849609,-0.219238,0.987793,0.000532632,-0.000532632,-0.000532632
1773773351193,0.0869141,-0.218262,0.986816,0,-0.000532632,0.00106526
1773773351264,0.0864258,-0.220215,0.986816,0,-0.00106526,0.000532632
1773773351344,0.0874023,-0.218262,0.988281,0,-0.00106526,0.000532632
1773773351425,0.0878906,-0.220215,0.98877,-0.000532632,-0.000532632,-0.000532632
1773773351495,0.0864258,-0.219727,0.98584,0,-0.00106526,0.000532632
1773773351576,0.0864258,-0.21875,0.987793,0,0.000532632,0
1773773351656,0.0893555,-0.219238,0.98877,0,-0.000532632,0.000532632
1773773351727,0.0878906,-0.219238,0.986816,0,-0.000532632,0.000532632
1773773351807,0.0864258,-0.21875,0.987305,-0.000532632,-0.000532632,0
1773773351888,0.0859375,-0.21875,0.987793,0.000532632,0,0.000532632
1773773351958,0.0869141,-0.219727,0.988281,0.000532632,-0.000532632,0
1773773352039,0.0864258,-0.217773,0.989258,-0.000532632,-0.00106526,-0.000532632
1773773352109,0.0864258,-0.216309,0.98877,0.000532632,-0.000532632,0.000532632
1773773352190,0.0864258,-0.219238,0.986328,-0.00106526,-0.000532632,0
1773773352271,0.0893555,-0.220703,0.987793,0.000532632,-0.00106526,0.000532632
1773773352341,0.0888672,-0.220215,0.98877,0,-0.00106526,0.00106526
1773773352422,0.0874023,-0.217285,0.988281,0.000532632,-0.000532632,-0.000532632
1773773352503,0.0839844,-0.219238,0.98877,-0.000532632,0,-0.00106526
1773773352573,0.0883789,-0.219238,0.988281,0.000532632,0,-0.000532632
1773773352653,0.0878906,-0.219238,0.986816,-0.000532632,-0.000532632,0.000532632
1773773352734,0.0888672,-0.21875,0.988281,-0.000532632,0,-0.00106526
1773773352804,0.0869141,-0.21875,0.987305,0.000532632,-0.0015979,0.000532632
1773773352885,0.0864258,-0.219727,0.986816,0,0.000532632,0
1773773352966,0.0864258,-0.218262,0.986816,-0.000532632,0,0
1773773353036,0.0849609,-0.217773,0.987793,0,-0.000532632,0.000532632
1773773353117,0.0883789,-0.217285,0.986816,0.000532632,-0.000532632,0.00106526
1773773353197,0.0874023,-0.220215,0.986816,0.000532632,-0.0015979,0
1773773353268,0.0859375,-0.217773,0.989746,0,0.000532632,0
1773773353348,0.0859375,-0.217773,0.987793,-0.000532632,-0.00106526,0.000532632
1773773353419,0.0869141,-0.219727,0.98877,-0.00106526,-0.000532632,-0.000532632
1773773353499,0.0844727,-0.217285,0.987793,0.000532632,-0.00106526,-0.000532632
1773773353580,0.0859375,-0.217773,0.988281,0.000532632,0,0
1773773353650,0.0869141,-0.217773,0.989258,-0.000532632,-0.00106526,0
1773773353731,0.0874023,-0.217285,0.989746,-0.000532632,0,0.000532632
1773773353811,0.0869141,-0.217773,0.98877,-0.000532632,-0.000532632,0
1773773353882,0.0849609,-0.21875,0.98877,-0.000532632,-0.000532632,0
1773773353962,0.0869141,-0.220703,0.987793,-0.000532632,-0.00106526,-0.00106526
1773773354043,0.0869141,-0.218262,0.986816,0.000532632,-0.000532632,0
1773773354113,0.0883789,-0.219238,0.98877,-0.000532632,-0.00106526,-0.000532632
1773773354194,0.0849609,-0.217285,0.987305,0.0015979,-0.00106526,0.00213053
1773773354275,0.0854492,-0.219238,0.987305,0.00106526,-0.000532632,-0.00106526
1773773354345,0.0898438,-0.217773,0.988281,-0.000532632,-0.00106526,0
1773773354426,0.0849609,-0.217285,0.987305,0.000532632,0.000532632,0.000532632
1773773354506,0.0864258,-0.217285,0.987793,0,-0.000532632,0.00106526
1773773354577,0.0869141,-0.21875,0.98584,-0.000532632,-0.00106526,-0.00106526
1773773354657,0.0859375,-0.218262,0.989258,0,-0.00106526,0.00106526
1773773354738,0.0869141,-0.217285,0.988281,0,-0.000532632,0
1773773354808,0.0869141,-0.217773,0.987305,0,-0.000532632,-0.00106526
1773773354889,0.0883789,-0.220215,0.987793,-0.00106526,0.000532632,0.000532632
1773773354959,0.0878906,-0.222656,0.988281,0.00106526,-0.000532632,0
1773773355040,0.0864258,-0.219238,0.988281,0,0,0
1773773355120,0.0874023,-0.218262,0.98584,0.000532632,0,0
1773773355191,0.0874023,-0.218262,0.987793,0,-0.000532632,-0.000532632
1773773355271,0.0883789,-0.21875,0.986816,0.000532632,0,0.000532632
1773773355352,0.0883789,-0.21875,0.989258,0,-0.000532632,0
1773773355422,0.0869141,-0.216797,0.987305,0.000532632,-0.000532632,0
1773773355503,0.0859375,-0.219727,0.987305,0,0.000532632,0.00106526
1773773355584,0.0859375,-0.221191,0.985352,0,-0.000532632,-0.000532632
1773773355654,0.0849609,-0.219238,0.98584,0.000532632,0,0.000532632
1773773355735,0.0869141,-0.21875,0.988281,0.00106526,-0.00106526,0.000532632
1773773355815,0.0878906,-0.221191,0.986816,-0.000532632,0.000532632,0
1773773355886,0.0878906,-0.21875,0.986816,0,-0.0015979,0
1773773355966,0.0878906,-0.219238,0.987305,0.000532632,-0.000532632,0
1773773356037,0.0864258,-0.217773,0.987305,0,-0.0015979,0.000532632
1773773356117,0.0874023,-0.219238,0.987305,-0.000532632,0,-0.00106526
1773773356198,0.0869141,-0.218262,0.987793,-0.000532632,-0.000532632,0.000532632
1773773356269,0.0864258,-0.219727,0.98877,0,0,-0.000532632
1773773356349,0.0878906,-0.217773,0.987793,0.000532632,-0.000532632,0.000532632
1773773356430,0.0874023,-0.219238,0.986328,0.000532632,-0.000532632,0
1773773356500,0.0864258,-0.21875,0.987793,0.000532632,-0.0015979,0
1773773356581,0.0869141,-0.21875,0.987793,0.000532632,0,0.000532632
1773773356661,0.0878906,-0.217773,0.989746,0.0015979,0,0
1773773356732,0.0878906,-0.21875,0.987793,0,-0.00106526,0
1773773356812,0.0878906,-0.220215,0.98877,0,0,0
1773773356893,0.0883789,-0.218262,0.987793,0,-0.00106526,-0.000532632
1773773356963,0.0864258,-0.220703,0.987305,0,0,-0.000532632
1773773357044,0.0859375,-0.217773,0.988281,0.000532632,-0.000532632,-0.00106526
1773773357124,0.0874023,-0.220215,0.987793,0,0.000532632,0.000532632
1773773357195,0.0869141,-0.220215,0.988281,0,0,0.000532632
1773773357275,0.0864258,-0.221191,0.988281,0,-0.000532632,0
1773773357356,0.0878906,-0.217285,0.988281,0,-0.000532632,0
1773773357426,0.0854492,-0.217773,0.98877,0.0015979,0.000532632,0
1773773357507,0.0878906,-0.218262,0.988281,-0.00106526,-0.000532632,-0.000532632
1773773357578,0.0854492,-0.218262,0.98584,0.000532632,-0.00106526,0
1773773357658,0.0869141,-0.217773,0.987305,0,-0.000532632,-0.000532632
1773773357739,0.0859375,-0.217285,0.987305,0,-0.00106526,0.0015979
1773773357809,0.0864258,-0.220215,0.987305,0,-0.00106526,0
1773773357890,0.0864258,-0.218262,0.986816,0,0,0
1773773357970,0.0874023,-0.217285,0.987305,0,0.000532632,-0.00106526
1773773358041,0.0874023,-0.220215,0.98877,0.000532632,0,0
1773773358121,0.0869141,-0.21875,0.986328,0,-0.0015979,0.00106526
1773773358202,0.0854492,-0.21875,0.987793,0.000532632,-0.00106526,0
1773773358272,0.0849609,-0.218262,0.987793,0,-0.0015979,0
1773773358354,0.0874023,-0.21875,0.988281,0.000532632,0,-0.000532632
1773773358425,0.0854492,-0.219727,0.987305,0.00106526,-0.000532632,-0.000532632
1773773358505,0.0883789,-0.216797,0.988281,0.000532632,-0.00106526,0
1773773358586,0.0869141,-0.218262,0.987793,0.000532632,0.000532632,0.00106526
1773773358656,0.0864258,-0.217285,0.988281,0,-0.000532632,0.0015979
1773773358741,0.0864258,-0.219238,0.986328,0.000532632,-0.00106526,-0.000532632
1773773358817,0.0874023,-0.219727,0.98877,-0.000532632,-0.00106526,-0.00106526
1773773358888,0.0878906,-0.217285,0.987793,-0.000532632,-0.000532632,0.000532632
1773773358968,0.0859375,-0.216797,0.987793,0,-0.0015979,0
1773773359049,0.0874023,-0.218262,0.987793,0,-0.00106526,-0.000532632
1773773359119,0.0888672,-0.219238,0.98584,-0.00106526,-0.00106526,0.00106526
1773773359200,0.0893555,-0.220215,0.988281,0.000532632,-0.00106526,0.000532632
1773773359281,0.0874023,-0.219238,0.988281,-0.000532632,-0.000532632,0.000532632
1773773359351,0.0883789,-0.218262,0.987793,0.00106526,-0.000532632,0
1773773359432,0.0869141,-0.220215,0.987305,0,-0.000532632,0
1773773359502,0.0869141,-0.220215,0.98584,0.00106526,-0.000532632,-0.000532632
1773773359583,0.0883789,-0.219238,0.987305,-0.000532632,-0.000532632,0
1773773359663,0.0874023,-0.219727,0.98877,-0.00106526,0,-0.000532632
1773773359734,0.0864258,-0.220215,0.987305,0,-0.00106526,0.000532632
1773773359814,0.0854492,-0.218262,0.986816,-0.00106526,-0.000532632,0.000532632
1773773359895,0.0888672,-0.219727,0.986816,-0.000532632,-0.000532632,0
1773773359966,0.0869141,-0.219238,0.987305,0,-0.0015979,-0.000532632
1773773360046,0.0854492,-0.21875,0.988281,0.000532632,-0.00106526,0.00106526
1773773360127,0.0859375,-0.217773,0.98584,-0.000532632,0.000532632,0.000532632
1773773360197,0.0878906,-0.221191,0.987305,-0.000532632,0,0.000532632
1773773360278,0.0869141,-0.219727,0.987793,0,-0.00106526,0.000532632
1773773360359,0.0869141,-0.221191,0.987793,-0.000532632,-0.000532632,-0.000532632
1773773360430,0.0859375,-0.21875,0.987793,-0.000532632,-0.000532632,-0.000532632
1773773360510,0.0859375,-0.219238,0.988281,-0.00106526,-0.000532632,0
1773773360581,0.0888672,-0.21875,0.987305,0,-0.0015979,0.000532632
1773773360661,0.0869141,-0.220703,0.985352,0,-0.00106526,0
1773773360742,0.0874023,-0.217285,0.986328,0.000532632,-0.000532632,-0.000532632
1773773360812,0.0883789,-0.219727,0.987793,-0.000532632,0.000532632,0.000532632
1773773360893,0.0864258,-0.218262,0.986816,0.00106526,-0.000532632,0.000532632
1773773360973,0.0869141,-0.219238,0.987305,-0.000532632,-0.00106526,0.000532632
1773773361044,0.0864258,-0.219238,0.986328,0.000532632,-0.000532632,-0.00106526
1773773361124,0.0874023,-0.21875,0.986328,0,-0.00106526,0
1773773361205,0.0878906,-0.21875,0.987305,-0.000532632,-0.000532632,-0.00106526
1773773361275,0.0859375,-0.219727,0.986816,-0.000532632,0,0.000532632
1773773361356,0.0859375,-0.216797,0.987305,0.000532632,-0.000532632,-0.000532632
1773773361437,0.0883789,-0.218262,0.986816,0.000532632,-0.000532632,0.000532632
1773773361507,0.0874023,-0.217773,0.98584,0,-0.000532632,0
1773773361588,0.0888672,-0.21875,0.98584,-0.000532632,0.000532632,0
1773773361658,0.0869141,-0.219727,0.98877,-0.000532632,-0.00106526,0.000532632
1773773361739,0.0864258,-0.21875,0.989746,-0.000532632,-0.000532632,0
1773773361819,0.0849609,-0.217773,0.98877,-0.00106526,-0.00106526,0.000532632
1773773361890,0.0869141,-0.220215,0.986816,0,-0.00106526,0.000532632
1773773361970,0.0874023,-0.217773,0.989258,0.000532632,-0.000532632,0.000532632
1773773362051,0.0854492,-0.220215,0.987793,0,-0.00106526,0.000532632
1773773362121,0.0849609,-0.218262,0.987793,0,-0.00106526,0
1773773362202,0.0888672,-0.216797,0.989258,0,-0.000532632,-0.00106526
1773773362283,0.0864258,-0.219727,0.986816,-0.000532632,-0.00213053,0.000532632
1773773362353,0.0864258,-0.219238,0.988281,0.000532632,0,-0.000532632
1773773362434,0.0874023,-0.219238,0.986816,0.000532632,-0.000532632,0
1773773362514,0.0874023,-0.219727,0.987305,0.0015979,-0.00106526,-0.00106526
1773773362585,0.0849609,-0.219727,0.987793,0.000532632,-0.00213053,0
1773773362665,0.0874023,-0.220215,0.988281,0,-0.000532632,0
1773773362746,0.0883789,-0.218262,0.986816,-0.00106526,0.000532632,0
1773773362816,0.0874023,-0.217773,0.986816,0.00106526,-0.000532632,0
1773773362897,0.0844727,-0.218262,0.985352,0.000532632,0,-0.000532632
1773773362967,0.0864258,-0.219238,0.986328,0.0015979,0,0
1773773363048,0.0869141,-0.21875,0.988281,0.00106526,0,-0.000532632
1773773363129,0.0864258,-0.21875,0.98877,-0.000532632,0,0.000532632
1773773363199,0.0874023,-0.219238,0.988281,-0.00106526,-0.000532632,-0.00106526
1773773363279,0.0869141,-0.21875,0.987305,-0.000532632,-0.0015979,-0.000532632
1773773363360,0.0859375,-0.21875,0.987305,0,-0.000532632,0
1773773363432,0.0874023,-0.219238,0.989258,0,0,0
1773773363512,0.0878906,-0.217285,0.987305,-0.000532632,0,0
1773773363593,0.0888672,-0.219238,0.990723,-0.000532632,-0.00106526,0
1773773363663,0.0878906,-0.220703,0.98877,-0.00106526,0.000532632,-0.000532632
1773773363744,0.0849609,-0.220215,0.98877,0,-0.00106526,-0.000532632
1773773363815,0.0849609,-0.219727,0.986816,0,-0.000532632,0
1773773363896,0.0854492,-0.219727,0.987305,0.000532632,-0.00106526,0.00106526
1773773363975,0.0874023,-0.21875,0.986328,0.000532632,-0.000532632,-0.000532632
1773773364046,0.0869141,-0.218262,0.987305,0,-0.000532632,0.000532632
1773773364126,0.0878906,-0.220215,0.98877,0.000532632,-0.0015979,0
1773773364207,0.0864258,-0.219727,0.990723,0.00106526,-0.000532632,0
1773773364277,0.0883789,-0.218262,0.986816,0.000532632,-0.000532632,-0.000532632
1773773364358,0.0869141,-0.217285,0.987793,-0.000532632,0,0.000532632
1773773364439,0.0854492,-0.219238,0.986328,-0.000532632,-0.000532632,0
1773773364509,0.0883789,-0.216797,0.986328,-0.000532632,0.000532632,-0.00106526
1773773364590,0.0883789,-0.219238,0.98877,0.000532632,-0.00106526,0
1773773364670,0.0883789,-0.219727,0.987305,0,-0.0015979,-0.0015979
1773773364741,0.0878906,-0.216309,0.986816,0.000532632,-0.00106526,0
1773773364821,0.0849609,-0.217773,0.988281,-0.000532632,-0.000532632,-0.000532632
1773773364902,0.0864258,-0.218262,0.987793,0,0,0
1773773364972,0.0854492,-0.218262,0.988281,0,-0.0015979,-0.00106526
1773773365053,0.0878906,-0.217773,0.98877,-0.000532632,0,0
1773773365123,0.0864258,-0.219727,0.986816,0.000532632,0,0.000532632
1773773365204,0.0874023,-0.21875,0.986816,0,-0.000532632,0.000532632
1773773365284,0.0864258,-0.216309,0.986328,0,0,-0.00106526
1773773365355,0.0878906,-0.219238,0.986816,0,-0.00106526,0.000532632
1773773365439,0.0859375,-0.217285,0.988281,0,-0.000532632,0.000532632
1773773365516,0.0859375,-0.217773,0.987793,-0.000532632,-0.00106526,0.00106526
1773773365586,0.0864258,-0.217773,0.990234,0.000532632,-0.000532632,0
1773773365667,0.0869141,-0.217773,0.98584,0,-0.00106526,0
1773773365748,0.0869141,-0.217285,0.986816,0,-0.0015979,0
1773773365818,0.0869141,-0.220215,0.987793,0,-0.00106526,0.00106526
1773773365899,0.0883789,-0.217773,0.987793,0,-0.00106526,0
1773773365979,0.0874023,-0.219238,0.989258,0.000532632,0,-0.000532632
1773773366050,0.0864258,-0.218262,0.987793,0,-0.00106526,-0.000532632
1773773366130,0.0859375,-0.219238,0.987793,0,-0.0015979,0.000532632
1773773366201,0.0888672,-0.218262,0.988281,0,-0.000532632,0
1773773366281,0.0888672,-0.218262,0.987305,0,0,0.000532632
1773773366362,0.0883789,-0.217285,0.988281,0,-0.000532632,0.000532632
1773773366432,0.0869141,-0.219238,0.98877,0,0,-0.000532632
1773773366513,0.0859375,-0.21875,0.986816,-0.000532632,-0.000532632,-0.000532632
1773773366593,0.0883789,-0.217773,0.988281,-0.00106526,-0.0015979,-0.000532632
1773773366664,0.0883789,-0.218262,0.987305,0,0,0
1773773366744,0.0874023,-0.217285,0.98877,0.00106526,-0.00106526,-0.000532632
1773773366825,0.0869141,-0.21875,0.987305,0,-0.000532632,0.000532632
1773773366896,0.0874023,-0.219238,0.98877,-0.000532632,-0.00106526,-0.000532632
1773773366976,0.0874023,-0.219727,0.987305,-0.0015979,-0.000532632,0
1773773367057,0.0859375,-0.216309,0.987793,0.000532632,-0.0015979,0
1773773367127,0.0883789,-0.220215,0.986816,-0.00106526,-0.000532632,0
1773773367208,0.0874023,-0.21875,0.988281,0,-0.00106526,-0.000532632
1773773367288,0.0874023,-0.218262,0.990234,-0.000532632,-0.00106526,-0.000532632
1773773367359,0.0874023,-0.220215,0.988281,-0.000532632,0.00106526,0
1773773367439,0.0864258,-0.216797,0.987793,0,-0.00106526,-0.000532632
1773773367510,0.0874023,-0.218262,0.987305,0,0,0.000532632
1773773367590,0.0874023,-0.219238,0.98877,-0.000532632,0,0
1773773367671,0.0874023,-0.219238,0.988281,0,0,0
1773773367741,0.0888672,-0.217285,0.987793,-0.000532632,-0.00106526,0.00106526
1773773367822,0.0888672,-0.217773,0.989746,0,0,0.00106526
1773773367903,0.0878906,-0.21875,0.986816,0.000532632,-0.000532632,-0.000532632
1773773367973,0.0859375,-0.219727,0.986816,0,-0.0015979,0.000532632
1773773368054,0.0878906,-0.219238,0.987793,-0.00106526,-0.000532632,-0.000532632
1773773368134,0.0874023,-0.217773,0.986328,-0.00106526,0,0
1773773368205,0.0869141,-0.217773,0.987305,0,-0.000532632,-0.000532632
1773773368285,0.0883789,-0.218262,0.987793,0.000532632,0.000532632,0
1773773368366,0.0869141,-0.217773,0.98877,-0.000532632,-0.00106526,0
1773773368436,0.0878906,-0.219727,0.988281,0,-0.000532632,-0.000532632
1773773368517,0.0883789,-0.217773,0.988281,-0.000532632,-0.000532632,0.00106526
1773773368597,0.0874023,-0.216797,0.987793,0,-0.00106526,-0.00106526
1773773368668,0.0883789,-0.217285,0.986816,0,0,-0.00106526
1773773368748,0.0878906,-0.217285,0.987793,-0.000532632,-0.00106526,0.000532632
1773773368819,0.0869141,-0.219727,0.988281,0.000532632,0,0
1773773368900,0.0878906,-0.218262,0.987305,0,-0.00106526,0.000532632
1773773368980,0.0874023,-0.217773,0.986816,0.00106526,-0.000532632,0.000532632
1773773369051,0.0859375,-0.217773,0.986328,0,-0.000532632,0
1773773369131,0.0869141,-0.216797,0.988281,0,-0.0015979,0.000532632
1773773369212,0.0874023,-0.217773,0.988281,0.000532632,-0.00106526,0
1773773369282,0.0869141,-0.21875,0.98877,0,0,0
1773773369363,0.0893555,-0.217773,0.98877,0.000532632,-0.0015979,0.00106526
1773773369443,0.0893555,-0.217773,0.988281,-0.000532632,-0.00106526,-0.000532632
1773773369514,0.0878906,-0.218262,0.986328,0,-0.00106526,-0.000532632
1773773369594,0.0893555,-0.217285,0.988281,0,0,-0.000532632
1773773369675,0.0859375,-0.220215,0.989258,0,-0.000532632,0.000532632
1773773369745,0.0864258,-0.218262,0.989258,0,0,-0.000532632
1773773369826,0.0864258,-0.21875,0.986816,-0.000532632,-0.000532632,0
1773773369897,0.0864258,-0.218262,0.98877,-0.00106526,0,-0.000532632
1773773369977,0.0864258,-0.218262,0.987793,0,-0.000532632,-0.000532632
1773773370058,0.0874023,-0.218262,0.987793,0,0.000532632,0
1773773370128,0.0888672,-0.217773,0.987793,0.00106526,-0.00106526,0.000532632
1773773370209,0.0864258,-0.217285,0.986816,0.000532632,-0.000532632,-0.000532632
1773773370289,0.0883789,-0.21875,0.988281,0.000532632,-0.00106526,-0.000532632
1773773370360,0.0864258,-0.21875,0.988281,0.000532632,-0.00106526,-0.000532632
1773773370441,0.0883789,-0.217773,0.987793,-0.000532632,-0.000532632,0
1773773370521,0.0859375,-0.217285,0.987793,-0.000532632,-0.000532632,0
1773773370592,0.0883789,-0.217773,0.986816,0.000532632,-0.000532632,0
1773773370672,0.0854492,-0.219238,0.989746,0,-0.00106526,0
1773773370753,0.0864258,-0.22168,0.986816,-0.000532632,-0.00106526,0
1773773370823,0.0859375,-0.219238,0.987793,-0.00106526,-0.000532632,0.000532632
1773773370904,0.0869141,-0.220215,0.987793,-0.000532632,-0.000532632,-0.000532632
1773773370984,0.0878906,-0.219727,0.987793,0.000532632,-0.00106526,0
1773773371055,0.0839844,-0.221191,0.98877,-0.000532632,0,-0.000532632
1773773371135,0.0864258,-0.221191,0.986328,0,-0.000532632,0
1773773371206,0.0878906,-0.220703,0.98877,0,-0.000532632,-0.000532632
1773773371286,0.0874023,-0.219727,0.987305,0.000532632,0.000532632,0.00106526
1773773371367,0.0844727,-0.219727,0.988281,0,0,0.00106526
1773773371437,0.0854492,-0.218262,0.988281,0.000532632,0,0.000532632
1773773371518,0.0883789,-0.219727,0.987305,0.000532632,-0.00106526,0
1773773371599,0.0874023,-0.21582,0.987305,0.000532632,0,0
1773773371669,0.0878906,-0.219238,0.987793,0.000532632,-0.000532632,0.00106526
1773773371750,0.0869141,-0.218262,0.98877,-0.000532632,0.000532632,0.000532632
1773773371830,0.0874023,-0.217285,0.987793,0.000532632,-0.0015979,0
1773773371901,0.0878906,-0.21875,0.987793,0.00106526,-0.000532632,0
1773773371981,0.0898438,-0.217773,0.98877,-0.000532632,0,-0.000532632
1773773372062,0.0888672,-0.219238,0.988281,0.000532632,0,-0.000532632
1773773372136,0.0869141,-0.21875,0.987305,0.00106526,0,0
1773773372213,0.0864258,-0.217285,0.988281,-0.000532632,-0.00106526,0
1773773372293,0.0859375,-0.219238,0.986816,-0.000532632,0,0
1773773372364,0.0898438,-0.217773,0.987793,0.000532632,-0.00106526,0.000532632
1773773372445,0.0864258,-0.216309,0.987793,-0.000532632,-0.000532632,0.000532632
1773773372515,0.0874023,-0.217285,0.988281,-0.000532632,0,0.000532632
1773773372596,0.0864258,-0.216797,0.986816,0.000532632,-0.00106526,0
1773773372676,0.0888672,-0.21875,0.990723,0,-0.0015979,-0.000532632
1773773372747,0.0883789,-0.217285,0.989746,0.000532632,0,0
1773773372828,0.0869141,-0.217773,0.987305,-0.000532632,-0.00106526,0
1773773372908,0.0898438,-0.217285,0.989746,-0.000532632,0,0.00106526
1773773372978,0.0878906,-0.218262,0.989746,0,-0.000532632,-0.000532632
1773773373059,0.0874023,-0.219727,0.989258,0,-0.000532632,0
1773773373139,0.0893555,-0.217773,0.98877,0.000532632,0,0
1773773373210,0.0878906,-0.216797,0.986816,-0.00106526,-0.000532632,0
1773773373291,0.0869141,-0.218262,0.989258,-0.000532632,-0.000532632,0
1773773373371,0.0888672,-0.21875,0.989746,0.00106526,0.000532632,0
1773773373442,0.0908203,-0.216797,0.987793,0,-0.000532632,-0.00106526
1773773373522,0.0874023,-0.217285,0.98877,0,-0.0015979,-0.00106526
1773773373593,0.0883789,-0.217285,0.98877,0.000532632,-0.000532632,0.000532632
1773773373673,0.0864258,-0.220215,0.988281,0,-0.000532632,0.000532632
1773773373754,0.0888672,-0.217773,0.987793,0.000532632,0,0.000532632
1773773373824,0.0883789,-0.21875,0.987793,0,0.000532632,0
1773773373905,0.0874023,-0.218262,0.987305,0,-0.000532632,0
1773773373986,0.0883789,-0.219238,0.987305,0,0,0
1773773374056,0.0883789,-0.217773,0.990234,0.000532632,0,-0.000532632
1773773374136,0.0854492,-0.217773,0.986816,0.000532632,-0.00106526,-0.000532632
1773773374217,0.0859375,-0.217773,0.987793,0.000532632,-0.00106526,0
1773773374288,0.0869141,-0.217285,0.987305,0,0,0.000532632
1773773374368,0.0869141,-0.217773,0.989746,-0.000532632,0,0
1773773374449,0.0874023,-0.219238,0.986328,0,-0.000532632,-0.000532632
1773773374519,0.0878906,-0.21875,0.988281,0.00106526,-0.000532632,0.000532632
1773773374600,0.0864258,-0.218262,0.990234,0.000532632,0.000532632,-0.000532632
1773773374680,0.0883789,-0.217285,0.987793,0,0.000532632,0
1773773374751,0.0869141,-0.218262,0.98877,0,-0.00106526,0
1773773374831,0.0888672,-0.21875,0.98877,-0.000532632,-0.000532632,-0.000532632
1773773374902,0.0874023,-0.217285,0.989258,0,-0.00106526,0
1773773374982,0.0883789,-0.219238,0.98584,-0.000532632,0.000532632,-0.000532632
1773773375063,0.0864258,-0.217285,0.989258,0,-0.00106526,0.000532632
1773773375133,0.0883789,-0.216797,0.987305,0.000532632,-0.000532632,0
1773773375214,0.0864258,-0.217773,0.98877,0.00106526,-0.000532632,-0.000532632
1773773375294,0.0883789,-0.219238,0.988281,-0.000532632,0,-0.000532632
1773773375365,0.0878906,-0.217285,0.98877,0,-0.000532632,0
1773773375446,0.0864258,-0.216797,0.987305,0,0,0.000532632
1773773375526,0.0883789,-0.21582,0.987305,0,-0.000532632,0
1773773375597,0.0859375,-0.219238,0.989258,0,-0.000532632,0.000532632
1773773375677,0.0878906,-0.217285,0.987793,0,-0.00106526,0
1773773375758,0.0888672,-0.217285,0.987793,0,-0.000532632,0.000532632
1773773375828,0.0878906,-0.218262,0.987305,0.000532632,-0.00106526,-0.0015979
1773773375909,0.0893555,-0.216797,0.986816,0,-0.000532632,0
1773773375989,0.0869141,-0.219238,0.987305,-0.000532632,0,0
1773773376060,0.0849609,-0.219238,0.987305,0.000532632,0,0.000532632
1773773376140,0.0883789,-0.217285,0.989258,-0.000532632,0,0
1773773376211,0.0864258,-0.218262,0.98877,-0.000532632,-0.00106526,0
1773773376291,0.0864258,-0.217773,0.988281,0,-0.00106526,0.00106526
1773773376372,0.0874023,-0.21582,0.987793,0.000532632,-0.000532632,-0.000532632
1773773376442,0.0874023,-0.220215,0.98877,0,0,0
1773773376523,0.0883789,-0.21875,0.988281,0,-0.00106526,0
1773773376604,0.0869141,-0.21875,0.990234,0.0015979,0,-0.000532632
1773773376674,0.0883789,-0.218262,0.986328,-0.000532632,0,-0.000532632
1773773376755,0.0849609,-0.21875,0.989746,-0.000532632,-0.000532632,0.000532632
1773773376835,0.0869141,-0.218262,0.98877,0.000532632,-0.000532632,-0.000532632
1773773376906,0.0874023,-0.216797,0.988281,0.000532632,-0.000532632,-0.00106526
1773773376986,0.0908203,-0.216309,0.987305,0,-0.000532632,0
1773773377067,0.0878906,-0.219238,0.988281,-0.000532632,-0.000532632,0
1773773377137,0.0874023,-0.217285,0.98584,0,-0.000532632,0.000532632
1773773377218,0.0864258,-0.218262,0.98877,-0.00106526,-0.000532632,0.000532632
1773773377298,0.0878906,-0.220215,0.988281,-0.000532632,-0.00106526,0.000532632
1773773377369,0.0888672,-0.219727,0.984863,-0.000532632,-0.00106526,0.00106526
1773773377449,0.0874023,-0.219238,0.989258,0.000532632,-0.000532632,0.000532632
1773773377520,0.0864258,-0.21875,0.988281,0.000532632,-0.000532632,0.000532632
1773773377600,0.0878906,-0.216797,0.988281,0,-0.00106526,0
1773773377681,0.0888672,-0.216797,0.989258,-0.00106526,0,0.000532632
1773773377751,0.0854492,-0.220215,0.987793,0,-0.000532632,0
1773773377832,0.0878906,-0.217773,0.98877,0.00106526,-0.00106526,-0.000532632
1773773377912,0.0869141,-0.217773,0.990723,0,-0.000532632,0.000532632
1773773377983,0.0883789,-0.217773,0.987793,0.000532632,-0.000532632,0
1773773378063,0.0878906,-0.219238,0.987793,-0.000532632,0.000532632,0.000532632
1773773378144,0.0869141,-0.21875,0.987305,-0.000532632,-0.000532632,0.00106526
1773773378215,0.0864258,-0.217773,0.990723,0.000532632,0,0
1773773378295,0.0864258,-0.216797,0.986328,0.000532632,-0.000532632,-0.000532632
1773773378376,0.0878906,-0.219727,0.987305,0,-0.000532632,0
1773773378446,0.0854492,-0.220215,0.987793,0.000532632,0,-0.000532632
1773773378527,0.0874023,-0.21875,0.988281,0.00106526,-0.000532632,0.000532632
1773773378607,0.0874023,-0.218262,0.986816,-0.00106526,0,-0.000532632
1773773378678,0.0869141,-0.216797,0.988281,0,-0.000532632,0
1773773378758,0.0869141,-0.217773,0.986816,-0.00106526,-0.0015979,0.00106526
1773773378829,0.0888672,-0.218262,0.986816,-0.00106526,0.000532632,0.000532632
1773773378909,0.0869141,-0.217285,0.98877,-0.000532632,0.000532632,-0.000532632
1773773378990,0.0874023,-0.220215,0.987305,0.000532632,-0.000532632,0.0015979
1773773379060,0.0869141,-0.219238,0.987793,0,0.000532632,0.000532632
1773773379141,0.0883789,-0.218262,0.986816,0,0,0
1773773379221,0.0864258,-0.218262,0.98877,-0.000532632,-0.00106526,0.000532632
1773773379292,0.0874023,-0.219727,0.986328,0,-0.00106526,0
1773773379373,0.0874023,-0.21875,0.988281,-0.000532632,-0.00106526,0.000532632
1773773379453,0.0878906,-0.217773,0.989258,0,0.000532632,0
1773773379524,0.0888672,-0.21875,0.986816,-0.000532632,-0.000532632,-0.000532632
1773773379604,0.0874023,-0.218262,0.986328,0,-0.00106526,-0.000532632
1773773379685,0.0859375,-0.219238,0.98877,0,-0.000532632,0.00106526
1773773379755,0.0864258,-0.218262,0.987305,0,0,0.000532632
1773773379836,0.0864258,-0.219238,0.986816,-0.000532632,0,-0.000532632
1773773379916,0.0883789,-0.21875,0.987305,-0.000532632,0,-0.000532632
1773773379987,0.0874023,-0.217773,0.987305,0.000532632,-0.000532632,-0.000532632
1773773380067,0.0893555,-0.21875,0.98584,0.00106526,-0.000532632,-0.000532632
1773773380138,0.0874023,-0.217773,0.989746,0,-0.000532632,0.0015979
1773773380218,0.0878906,-0.220215,0.989258,0,-0.000532632,-0.00106526
1773773380299,0.0878906,-0.218262,0.988281,0,-0.00106526,0.000532632
1773773380369,0.0888672,-0.219727,0.989746,0.000532632,-0.000532632,0
1773773380450,0.0874023,-0.219238,0.986328,-0.000532632,-0.000532632,-0.000532632
1773773380531,0.0893555,-0.21875,0.989258,0,0,0
1773773380601,0.0878906,-0.217773,0.989258,0,0,-0.000532632
1773773380682,0.0869141,-0.21875,0.987305,0.000532632,0,0
1773773380763,0.0878906,-0.217773,0.988281,-0.000532632,-0.0015979,0.000532632
1773773380832,0.0878906,-0.21875,0.987305,0.000532632,-0.00106526,-0.000532632
1773773380913,0.0854492,-0.21875,0.985352,-0.000532632,0.000532632,0
1773773380994,0.0883789,-0.216309,0.986328,0.000532632,0,0.000532632
1773773381064,0.0869141,-0.220215,0.988281,0,0.000532632,0.000532632
1773773381145,0.0859375,-0.21875,0.98877,0.00106526,0,0
1773773381225,0.0864258,-0.220215,0.98877,-0.000532632,-0.000532632,0.00106526
1773773381296,0.0874023,-0.218262,0.988281,0,-0.00106526,0
1773773381376,0.090332,-0.216797,0.987793,-0.000532632,0,0
1773773381447,0.0854492,-0.218262,0.989746,0,-0.00106526,0
1773773381527,0.0888672,-0.219238,0.987305,-0.000532632,0,0
1773773381608,0.0878906,-0.219727,0.988281,0,-0.000532632,-0.000532632
1773773381678,0.0898438,-0.217773,0.98584,0,-0.00106526,-0.000532632
1773773381759,0.0874023,-0.21875,0.990234,0.000532632,-0.00106526,0.00106526
1773773381839,0.0874023,-0.217773,0.988281,0.00106526,-0.00106526,0
1773773381910,0.0888672,-0.217285,0.987305,-0.000532632,-0.00106526,0.000532632
1773773381991,0.0874023,-0.220215,0.989258,0,-0.000532632,-0.000532632
1773773382071,0.0874023,-0.217773,0.987305,0.000532632,-0.0015979,0.000532632
1773773382141,0.0888672,-0.217285,0.98877,0,-0.000532632,-0.000532632
1773773382222,0.0893555,-0.21875,0.987793,0,-0.000532632,0
1773773382293,0.0869141,-0.217773,0.988281,0,0.00106526,-0.000532632
1773773382373,0.0878906,-0.218262,0.987305,0,0,0.000532632
1773773382454,0.0888672,-0.217285,0.988281,0.00106526,0,0.0015979
1773773382535,0.0878906,-0.219727,0.98877,0.000532632,0,0.000532632
1773773382605,0.0859375,-0.220215,0.987305,0,-0.000532632,-0.00106526
1773773382686,0.0878906,-0.21875,0.989258,-0.00106526,-0.000532632,0
1773773382756,0.0874023,-0.217773,0.988281,0.000532632,-0.000532632,-0.000532632
1773773382837,0.0854492,-0.216797,0.990723,-0.000532632,0.000532632,0
1773773382917,0.0878906,-0.219238,0.988281,0,-0.00106526,-0.000532632
1773773382988,0.0859375,-0.219238,0.987793,0.000532632,-0.000532632,0
1773773383068,0.0888672,-0.21875,0.987305,-0.000532632,0.000532632,0.00106526
1773773383149,0.0878906,-0.216797,0.989258,0,0,-0.000532632
1773773383219,0.0864258,-0.219238,0.988281,0,0,-0.000532632
1773773383300,0.0913086,-0.219238,0.986328,0,-0.000532632,-0.000532632
1773773383381,0.0864258,-0.217285,0.987305,-0.000532632,0.000532632,-0.000532632
1773773383451,0.0869141,-0.217285,0.987793,0,-0.0015979,0.00106526
1773773383532,0.0869141,-0.21875,0.987305,0.000532632,-0.00106526,0
1773773383612,0.0883789,-0.217773,0.987305,0,-0.00106526,0
1773773383683,0.0864258,-0.217285,0.987793,-0.000532632,0,0
1773773383763,0.0854492,-0.221191,0.988281,0,-0.000532632,0.000532632
1773773383834,0.0874023,-0.216797,0.987793,0,-0.000532632,-0.000532632
1773773383914,0.0878906,-0.219727,0.988281,0,-0.000532632,0
1773773383995,0.0859375,-0.218262,0.988281,0.00106526,-0.00106526,-0.00106526
1773773384065,0.0869141,-0.21875,0.988281,0,-0.000532632,-0.000532632
1773773384146,0.0874023,-0.21875,0.989746,0.00106526,-0.000532632,0
1773773384227,0.0864258,-0.21875,0.98877,-0.00106526,-0.000532632,0
1773773384297,0.0859375,-0.219238,0.987793,0.00106526,-0.000532632,0.000532632
1773773384378,0.0864258,-0.220215,0.987793,0,-0.000532632,0
1773773384458,0.0869141,-0.217285,0.987793,0.000532632,0,0
1773773384529,0.0874023,-0.220703,0.987305,0.000532632,-0.000532632,-0.000532632
1773773384609,0.0859375,-0.21875,0.988281,0,0,0
1773773384690,0.0869141,-0.21875,0.986816,0,0,-0.000532632
1773773384760,0.0898438,-0.217773,0.989746,0,-0.000532632,0.00106526
1773773384841,0.0883789,-0.221191,0.987305,0,0.000532632,0.000532632
1773773384921,0.0859375,-0.21875,0.987305,0.000532632,-0.000532632,0.000532632
1773773384992,0.0878906,-0.21875,0.986328,0,0,-0.000532632
1773773385073,0.0849609,-0.219727,0.983887,0,-0.00106526,0.000532632
1773773385143,0.0874023,-0.21875,0.988281,0.00106526,-0.00106526,0.00106526
1773773385224,0.0874023,-0.220215,0.987305,0,-0.000532632,0.00106526
1773773385304,0.0883789,-0.21875,0.988281,0,-0.00106526,0
1773773385375,0.0864258,-0.219238,0.987793,0,-0.00106526,0.000532632
1773773385455,0.0878906,-0.219727,0.986816,-0.000532632,-0.000532632,-0.000532632
1773773385536,0.0869141,-0.21875,0.986816,0,-0.000532632,-0.0015979
1773773385606,0.0874023,-0.22168,0.988281,0,0,0.00106526
1773773385687,0.0849609,-0.21875,0.988281,-0.000532632,-0.00106526,0
1773773385768,0.0878906,-0.217285,0.987305,0,-0.000532632,-0.000532632
1773773385838,0.0883789,-0.21875,0.987793,0,-0.000532632,-0.000532632
1773773385919,0.0869141,-0.220215,0.988281,0,0,-0.00106526
1773773385999,0.0874023,-0.21875,0.987793,0.00106526,-0.000532632,-0.00106526
1773773386070,0.0864258,-0.217773,0.988281,-0.000532632,-0.00106526,0
1773773386150,0.0893555,-0.219238,0.987305,0.000532632,0,0
1773773386221,0.0869141,-0.219238,0.988281,0,-0.00106526,0
1773773386302,0.0869141,-0.219727,0.987305,0.000532632,0,0
1773773386382,0.0888672,-0.217773,0.98877,0,0.000532632,0
1773773386453,0.0874023,-0.217285,0.988281,0.000532632,0,-0.000532632
1773773386533,0.0864258,-0.217285,0.989258,0.000532632,-0.000532632,-0.000532632
1773773386614,0.0869141,-0.219238,0.98877,-0.000532632,0,0
1773773386684,0.0854492,-0.219238,0.986816,0.000532632,-0.00106526,0
1773773386765,0.0869141,-0.221191,0.989746,0,0,-0.000532632
1773773386845,0.0874023,-0.219238,0.98877,0.000532632,0.000532632,-0.000532632
1773773386916,0.0869141,-0.219238,0.989746,0,-0.0015979,0.000532632
1773773386997,0.0869141,-0.21875,0.989746,0.000532632,0,-0.000532632
1773773387077,0.0869141,-0.218262,0.987305,0,-0.00106526,-0.000532632
1773773387148,0.0874023,-0.219238,0.987793,0,0.000532632,0.00106526
1773773387229,0.0869141,-0.218262,0.98877,0.000532632,0.000532632,0.00106526
1773773387299,0.0859375,-0.217285,0.989258,0.00106526,-0.000532632,-0.000532632
1773773387380,0.0864258,-0.217773,0.987305,-0.00106526,-0.000532632,0
1773773387461,0.0893555,-0.216309,0.987793,0,-0.000532632,0.000532632
1773773387531,0.0874023,-0.218262,0.987305,0.000532632,-0.00106526,0.000532632
1773773387612,0.0874023,-0.219727,0.986328,-0.000532632,-0.000532632,-0.000532632
1773773387693,0.0864258,-0.218262,0.987305,0,-0.000532632,0
1773773387763,0.0864258,-0.217285,0.986328,-0.000532632,-0.00106526,-0.000532632
1773773387844,0.0878906,-0.218262,0.987793,0,-0.00106526,0.000532632
1773773387924,0.0888672,-0.21875,0.988281,-0.00106526,-0.000532632,0
1773773387995,0.0864258,-0.217773,0.986816,0.000532632,-0.000532632,0
1773773388075,0.0878906,-0.219238,0.98877,0.00106526,-0.000532632,0
1773773388146,0.0883789,-0.217285,0.98877,0,-0.000532632,0
1773773388226,0.0849609,-0.219727,0.986328,0.000532632,0,0.00106526
1773773388307,0.0874023,-0.218262,0.987305,-0.000532632,0.000532632,0.00213053
1773773388377,0.0864258,-0.21875,0.984375,0.00106526,0,0.00106526
1773773388458,0.0854492,-0.217285,0.98877,-0.000532632,0.000532632,0
1773773388539,0.0864258,-0.217773,0.987793,-0.000532632,-0.000532632,0.000532632
1773773388610,0.0893555,-0.218262,0.989258,0,-0.00106526,0
1773773388690,0.0874023,-0.21875,0.987793,0,-0.00106526,0.00106526
1773773388771,0.0859375,-0.21875,0.988281,0,-0.00106526,0.00106526
1773773388841,0.0883789,-0.218262,0.986328,-0.000532632,0,0
1773773388922,0.0883789,-0.219727,0.987305,0,0,0.000532632
1773773389002,0.0859375,-0.219238,0.987793,0.000532632,-0.00106526,0
1773773389074,0.0874023,-0.217773,0.989746,-0.000532632,-0.000532632,0
1773773389154,0.0883789,-0.221191,0.987793,0.00106526,-0.000532632,0
1773773389224,0.0883789,-0.218262,0.986816,-0.000532632,-0.000532632,0.000532632
1773773389305,0.0874023,-0.218262,0.98877,0.000532632,0,0
1773773389386,0.0869141,-0.217773,0.988281,0.000532632,-0.000532632,0
1773773389456,0.0874023,-0.220215,0.986328,0,-0.00106526,0
1773773389537,0.0874023,-0.219238,0.986816,0,-0.000532632,-0.00106526
1773773389617,0.0859375,-0.219727,0.988281,-0.000532632,-0.00106526,0
1773773389688,0.0859375,-0.217773,0.987793,0.000532632,-0.000532632,-0.000532632
1773773389768,0.0869141,-0.219238,0.986816,-0.000532632,0,-0.000532632
1773773389849,0.0869141,-0.219727,0.987305,0.0015979,0,0.000532632
1773773389919,0.0878906,-0.219727,0.987793,-0.000532632,0,0
1773773390000,0.0883789,-0.21875,0.989746,0,-0.000532632,0.00106526
1773773390070,0.0878906,-0.217285,0.987305,0.000532632,-0.000532632,0
1773773390151,0.0869141,-0.218262,0.988281,0.000532632,-0.000532632,-0.000532632
1773773390231,0.0864258,-0.21875,0.98877,0.000532632,0,0
1773773390302,0.0874023,-0.218262,0.988281,-0.000532632,-0.000532632,-0.000532632
1773773390383,0.0869141,-0.218262,0.98877,0.00106526,0.000532632,0
1773773390463,0.0874023,-0.217285,0.987793,0,0,0
1773773390534,0.0874023,-0.216309,0.986816,0.000532632,0,0
1773773390614,0.0854492,-0.220703,0.98877,0.00106526,0,0.00106526
1773773390695,0.0888672,-0.218262,0.988281,0.000532632,-0.00106526,0
1773773390765,0.0864258,-0.220215,0.986816,0.000532632,-0.00106526,0
1773773390846,0.0854492,-0.219727,0.98877,0,0,0.00106526
1773773390927,0.0888672,-0.218262,0.987793,0,-0.00106526,0
1773773390997,0.0888672,-0.217285,0.987793,-0.000532632,-0.000532632,0
1773773391078,0.0859375,-0.220215,0.987793,-0.000532632,-0.000532632,0.00106526
1773773391158,0.0883789,-0.217773,0.986816,0,0,0
1773773391229,0.0878906,-0.217285,0.987793,0,0,-0.000532632
1773773391309,0.0874023,-0.219727,0.989258,0.000532632,0,0
1773773391380,0.0874023,-0.219727,0.98877,0,-0.000532632,-0.000532632
1773773391460,0.0878906,-0.217773,0.990234,0.00106526,-0.000532632,-0.000532632
1773773391541,0.0864258,-0.218262,0.987793,0.00106526,-0.00106526,-0.000532632
1773773391611,0.0869141,-0.219727,0.989258,-0.000532632,0,0
1773773391692,0.0874023,-0.217773,0.987793,0,0,0.000532632
1773773391772,0.0869141,-0.219238,0.986816,0,0,0
1773773391843,0.0878906,-0.221191,0.986816,-0.000532632,-0.00106526,-0.0015979
1773773391923,0.0869141,-0.219727,0.986328,0.00106526,-0.00106526,0.000532632
1773773392004,0.0859375,-0.217285,0.98877,0.000532632,-0.000532632,0.000532632
1773773392074,0.0864258,-0.217773,0.98877,0.000532632,0,0.00106526
1773773392155,0.0878906,-0.218262,0.989258,0,-0.000532632,-0.000532632
1773773392235,0.0869141,-0.219238,0.98877,0,0.000532632,-0.000532632
1773773392306,0.0883789,-0.218262,0.988281,0,-0.00106526,-0.000532632
1773773392387,0.0893555,-0.21875,0.987793,0,-0.00106526,0
1773773392467,0.0854492,-0.216797,0.987305,0,-0.000532632,0
1773773392538,0.0869141,-0.217285,0.989258,0.00106526,-0.00106526,0
1773773392619,0.0878906,-0.217773,0.989746,0,-0.000532632,0.000532632
1773773392689,0.0869141,-0.21875,0.987793,-0.000532632,-0.000532632,0
1773773392770,0.0878906,-0.21875,0.988281,0,-0.00106526,0.000532632
1773773392850,0.0869141,-0.21875,0.987305,0,0,0
1773773392921,0.0869141,-0.216309,0.987793,-0.000532632,-0.000532632,0.000532632
1773773393001,0.0864258,-0.219238,0.987305,-0.000532632,-0.000532632,0
1773773393082,0.0888672,-0.217773,0.988281,0.000532632,0,-0.000532632
1773773393152,0.0874023,-0.218262,0.98877,0.000532632,-0.00106526,-0.0015979
1773773393233,0.0864258,-0.220215,0.98877,0.000532632,0.000532632,0.000532632
1773773393313,0.0869141,-0.217773,0.987305,-0.0015979,-0.000532632,-0.00106526
1773773393384,0.0869141,-0.217773,0.987305,0,0.000532632,0
1773773393464,0.0854492,-0.217773,0.988281,-0.000532632,-0.000532632,-0.000532632
1773773393546,0.0874023,-0.21875,0.987793,-0.00106526,-0.000532632,0
1773773393615,0.0883789,-0.217773,0.988281,0.00106526,-0.00106526,-0.000532632
1773773393696,0.0883789,-0.219238,0.987305,0.000532632,0.000532632,0.000532632
1773773393776,0.0859375,-0.218262,0.987305,-0.000532632,-0.000532632,0.000532632
1773773393847,0.0859375,-0.216797,0.986328,0,-0.00106526,0.000532632
1773773393927,0.0883789,-0.217773,0.987305,0.00106526,0,-0.000532632
1773773393998,0.0869141,-0.21875,0.98584,0.000532632,-0.00106526,0.000532632
1773773394078,0.0864258,-0.216309,0.986816,-0.000532632,-0.00106526,0.00106526
1773773394159,0.0849609,-0.219238,0.988281,0,-0.000532632,0.000532632
1773773394229,0.0883789,-0.218262,0.989258,-0.000532632,-0.000532632,-0.000532632
1773773394310,0.0864258,-0.219238,0.98584,0.000532632,0,0.00106526
1773773394391,0.0869141,-0.219727,0.98877,-0.00106526,-0.0015979,0
1773773394461,0.0859375,-0.218262,0.987305,-0.000532632,-0.000532632,-0.000532632
1773773394542,0.0864258,-0.21875,0.987305,0.000532632,0,-0.000532632
1773773394622,0.0864258,-0.21875,0.987793,0,-0.00106526,0
1773773394693,0.0883789,-0.21875,0.986816,-0.00106526,-0.000532632,0.000532632
1773773394773,0.0854492,-0.219238,0.989258,0,-0.000532632,0
1773773394854,0.0893555,-0.219238,0.989746,-0.000532632,-0.00106526,-0.000532632
1773773394924,0.0869141,-0.218262,0.987793,0.00106526,0.000532632,0.000532632
1773773395005,0.0869141,-0.218262,0.989746,0,-0.000532632,0
1773773395085,0.0859375,-0.219238,0.988281,0.000532632,-0.0015979,0.000532632
1773773395156,0.0874023,-0.220703,0.987793,0.000532632,-0.00106526,-0.000532632
1773773395236,0.0878906,-0.218262,0.987793,0.000532632,-0.000532632,0
1773773395307,0.0874023,-0.21875,0.987305,0.000532632,-0.000532632,-0.00106526
1773773395388,0.0849609,-0.220215,0.98584,0.000532632,0,0.000532632
1773773395468,0.0864258,-0.216797,0.987305,0.000532632,-0.000532632,-0.000532632
1773773395539,0.0869141,-0.218262,0.988281,0,-0.000532632,0
1773773395619,0.0874023,-0.217773,0.988281,0.000532632,-0.00106526,0
1773773395700,0.0874023,-0.219727,0.987793,0.000532632,-0.00106526,0.000532632
1773773395770,0.0869141,-0.219727,0.986328,0.000532632,0,0
1773773395851,0.0859375,-0.21875,0.986816,0,-0.00106526,-0.000532632
1773773395931,0.0869141,-0.218262,0.986816,0,-0.000532632,-0.00106526
1773773396002,0.0898438,-0.21875,0.987305,0,-0.000532632,-0.000532632
1773773396082,0.0854492,-0.217773,0.986816,-0.000532632,-0.000532632,0.000532632
1773773396163,0.0869141,-0.21875,0.98877,0,0,0
1773773396233,0.0859375,-0.216797,0.989746,-0.000532632,0,0.000532632
1773773396314,0.0874023,-0.21875,0.988281,0,-0.000532632,0
1773773396395,0.0883789,-0.217773,0.989258,0,-0.00106526,-0.000532632
1773773396465,0.0864258,-0.217773,0.987305,-0.000532632,-0.000532632,0.00106526
1773773396546,0.0854492,-0.219238,0.987305,-0.000532632,0,0.0015979
1773773396616,0.0864258,-0.217773,0.988281,0,-0.00106526,-0.000532632
1773773396697,0.0864258,-0.219238,0.98584,-0.000532632,0.000532632,0
1773773396777,0.0864258,-0.221191,0.987793,0,-0.000532632,0.000532632
1773773396848,0.0869141,-0.221191,0.98584,0.000532632,-0.000532632,0.000532632
1773773396928,0.0864258,-0.219727,0.987305,0,-0.00106526,0.000532632
1773773397009,0.0854492,-0.21875,0.988281,0.000532632,-0.00106526,-0.000532632
1773773397079,0.0869141,-0.21875,0.986328,0,-0.00106526,0
1773773397160,0.0864258,-0.219727,0.987305,0.00106526,-0.0015979,0.000532632
1773773397240,0.0874023,-0.220703,0.985352,-0.000532632,0,0.00106526
1773773397311,0.0859375,-0.217773,0.987793,0,-0.000532632,0
1773773397391,0.0854492,-0.217285,0.987305,0,-0.00106526,0
1773773397472,0.0864258,-0.21875,0.989746,-0.000532632,-0.00106526,-0.00106526
1773773397542,0.0874023,-0.219238,0.987793,0.000532632,-0.000532632,0.00106526
1773773397623,0.0859375,-0.216797,0.987793,0.000532632,0,-0.000532632
1773773397704,0.0844727,-0.217285,0.98877,-0.0015979,-0.00106526,-0.0015979
1773773397774,0.0874023,-0.21875,0.987305,0,-0.00106526,0
1773773397855,0.0874023,-0.219238,0.989746,0,-0.000532632,-0.000532632
1773773397925,0.0864258,-0.220215,0.985352,0,-0.000532632,0
1773773398006,0.0878906,-0.219727,0.987305,-0.000532632,-0.000532632,-0.00106526
1773773398086,0.0874023,-0.217285,0.987793,-0.000532632,-0.00106526,-0.000532632
1773773398157,0.0878906,-0.220703,0.988281,-0.000532632,-0.00106526,-0.000532632
1773773398237,0.0864258,-0.217285,0.988281,-0.000532632,-0.00106526,-0.000532632
1773773398318,0.0869141,-0.217285,0.987793,0.000532632,0,0
1773773398388,0.0864258,-0.219238,0.987793,0,0,-0.000532632
1773773398469,0.0864258,-0.216309,0.986816,-0.000532632,0,0
1773773398549,0.0864258,-0.217285,0.988281,-0.000532632,-0.00106526,0.000532632
1773773398620,0.0869141,-0.217285,0.987305,0,-0.0015979,0.000532632
1773773398700,0.0874023,-0.21875,0.986816,-0.00106526,0,0.000532632
1773773398781,0.0859375,-0.21875,0.98877,0,0.000532632,-0.000532632
1773773398851,0.0888672,-0.217285,0.987793,-0.000532632,-0.000532632,0.000532632
1773773398932,0.0864258,-0.21875,0.988281,-0.00106526,-0.000532632,-0.00106526
1773773399013,0.0859375,-0.219238,0.985352,-0.000532632,0,-0.000532632
1773773399083,0.0864258,-0.217773,0.987305,-0.000532632,-0.00106526,0
1773773399164,0.0878906,-0.219238,0.986816,-0.0015979,-0.000532632,-0.000532632
1773773399234,0.0883789,-0.217773,0.986816,-0.000532632,-0.000532632,0
1773773399315,0.0864258,-0.218262,0.987305,0.000532632,0.000532632,0.000532632
1773773399396,0.0864258,-0.21875,0.987305,-0.00106526,-0.0015979,0.000532632
1773773399466,0.0864258,-0.218262,0.987793,-0.000532632,-0.000532632,-0.000532632
1773773399547,0.0869141,-0.217773,0.98877,-0.000532632,-0.00106526,-0.00106526
1773773399627,0.0874023,-0.217773,0.989258,0,-0.000532632,-0.000532632
1773773399698,0.0874023,-0.216797,0.986816,0,0,0
1773773399778,0.0878906,-0.219727,0.988281,0,-0.00106526,-0.000532632
1773773399859,0.0849609,-0.21875,0.986816,0,-0.000532632,-0.000532632
1773773399929,0.0869141,-0.219727,0.989258,-0.000532632,-0.000532632,-0.00106526
1773773400010,0.0869141,-0.21875,0.987793,0.000532632,-0.00106526,-0.000532632
1773773400090,0.0869141,-0.218262,0.988281,0.000532632,-0.000532632,0
1773773400161,0.0878906,-0.218262,0.989746,0.000532632,-0.000532632,0.000532632
1773773400241,0.0874023,-0.217285,0.987793,0,0,0.000532632
1773773400312,0.0869141,-0.21875,0.985352,-0.000532632,-0.00106526,0.000532632
1773773400393,0.0869141,-0.218262,0.98877,0.000532632,-0.000532632,-0.000532632
1773773400473,0.0878906,-0.218262,0.987305,-0.000532632,0,-0.000532632
1773773400544,0.0849609,-0.219238,0.985352,0.00106526,-0.000532632,-0.0015979
1773773400624,0.0878906,-0.218262,0.987793,0,-0.00106526,0
1773773400705,0.0849609,-0.220215,0.98877,-0.000532632,-0.00106526,-0.00106526
1773773400775,0.0864258,-0.21875,0.988281,0,0,0
1773773400856,0.0859375,-0.218262,0.986328,-0.000532632,-0.000532632,0.000532632
1773773400936,0.0878906,-0.218262,0.989258,0,-0.000532632,-0.00106526
1773773401007,0.0869141,-0.217285,0.987793,0.000532632,-0.00106526,0
1773773401087,0.0869141,-0.21875,0.98877,0,0,0.000532632
1773773401168,0.0883789,-0.218262,0.986328,0,-0.0015979,0
1773773401238,0.0854492,-0.21875,0.98877,0.000532632,-0.00106526,0.000532632
1773773401319,0.0874023,-0.217773,0.987305,0,-0.0015979,0
1773773401399,0.0869141,-0.218262,0.988281,0.00106526,-0.000532632,0
1773773401470,0.0874023,-0.219727,0.98877,0.000532632,-0.000532632,-0.000532632
1773773401551,0.0878906,-0.21875,0.986816,-0.000532632,-0.000532632,-0.000532632
1773773401621,0.0878906,-0.217285,0.987305,0,-0.0015979,0.00106526
1773773401701,0.0874023,-0.217773,0.988281,0,0.000532632,0.000532632
1773773401782,0.0859375,-0.219238,0.988281,0.00106526,-0.00106526,0
1773773401852,0.0849609,-0.216797,0.989258,-0.000532632,-0.000532632,0.00106526
1773773401933,0.0864258,-0.219238,0.987793,0,-0.000532632,0
1773773402014,0.0864258,-0.218262,0.987793,0.000532632,-0.00106526,-0.000532632
1773773402084,0.0878906,-0.219727,0.988281,-0.000532632,0,0
1773773402165,0.0869141,-0.21582,0.987793,0,-0.00106526,0
1773773402245,0.0874023,-0.217285,0.987793,0,-0.00106526,0
1773773402316,0.0864258,-0.21875,0.990234,0.000532632,-0.00106526,0.000532632
1773773402396,0.0893555,-0.216309,0.988281,0,0,0
1773773402477,0.0874023,-0.216797,0.988281,0,-0.00106526,0
1773773402548,0.0864258,-0.216797,0.987793,0,0,-0.000532632
1773773402628,0.0883789,-0.217285,0.988281,-0.000532632,-0.000532632,-0.000532632
1773773402708,0.0869141,-0.218262,0.987793,-0.000532632,-0.000532632,0.000532632
1773773402779,0.0874023,-0.217773,0.986816,0,-0.000532632,0.000532632
1773773402859,0.0878906,-0.217285,0.987793,-0.000532632,-0.00106526,0
1773773402930,0.0883789,-0.220215,0.986816,0,-0.000532632,0.000532632
1773773403011,0.0874023,-0.21875,0.989258,-0.000532632,0,0.00106526
1773773403091,0.0849609,-0.217773,0.989258,0,-0.00106526,0.000532632
1773773403162,0.0878906,-0.217773,0.986328,0,-0.000532632,0
1773773403242,0.0864258,-0.217285,0.987305,0,0.000532632,-0.00106526
1773773403323,0.0874023,-0.219727,0.986816,0,-0.000532632,0.000532632
1773773403393,0.0869141,-0.218262,0.987793,0.000532632,0.000532632,0
1773773403474,0.0874023,-0.219238,0.98877,0.000532632,0,0
1773773403554,0.0869141,-0.219727,0.987793,0.000532632,0,-0.00106526
1773773403625,0.0874023,-0.217285,0.98877,-0.000532632,-0.000532632,0.000532632
1773773403705,0.0888672,-0.216797,0.986816,-0.000532632,-0.000532632,0.00106526
1773773403786,0.0883789,-0.21875,0.986328,0,0,-0.000532632
1773773403856,0.0888672,-0.217285,0.987305,-0.000532632,0,0
1773773403938,0.0874023,-0.217285,0.989746,0,-0.000532632,0
1773773404017,0.0869141,-0.217773,0.987305,0,-0.000532632,0
1773773404088,0.0854492,-0.21875,0.989746,-0.000532632,-0.000532632,0.000532632
1773773404168,0.0869141,-0.218262,0.987305,-0.000532632,-0.00106526,-0.000532632
1773773404239,0.0874023,-0.217285,0.986816,0,-0.0015979,0
1773773404319,0.0874023,-0.21875,0.98877,0.000532632,-0.000532632,0.000532632
1773773404400,0.0883789,-0.217773,0.990234,0,-0.0015979,0.00106526
1773773404471,0.0878906,-0.217773,0.989258,0.000532632,-0.000532632,-0.000532632
1773773404551,0.0864258,-0.217773,0.98877,0,0,0
1773773404632,0.090332,-0.21875,0.988281,-0.00106526,-0.00106526,-0.000532632
1773773404702,0.0898438,-0.21875,0.987305,0,-0.00106526,-0.000532632
1773773404783,0.0878906,-0.217773,0.986816,-0.000532632,-0.00106526,0
1773773404863,0.0874023,-0.219727,0.986328,0,-0.000532632,-0.000532632
1773773404934,0.0869141,-0.217773,0.98877,0,-0.000532632,0
1773773405014,0.0874023,-0.218262,0.98877,0,-0.00106526,-0.000532632
1773773405095,0.0874023,-0.217285,0.98877,0.000532632,-0.000532632,-0.000532632
1773773405165,0.0883789,-0.216797,0.986328,-0.000532632,-0.00106526,-0.000532632
1773773405246,0.0874023,-0.21875,0.986816,0.000532632,0.000532632,-0.00106526
1773773405316,0.0874023,-0.218262,0.987793,-0.000532632,-0.000532632,0.000532632
1773773405397,0.0878906,-0.216797,0.988281,0.0015979,-0.00106526,-0.000532632
1773773405478,0.0878906,-0.220215,0.987793,-0.000532632,-0.00106526,-0.00106526
1773773405549,0.0874023,-0.220215,0.986328,0.000532632,0,-0.000532632
1773773405629,0.0864258,-0.218262,0.989258,0.000532632,0,-0.000532632
1773773405709,0.0888672,-0.21875,0.989746,0.000532632,-0.00106526,-0.000532632
1773773405780,0.0869141,-0.217773,0.986328,-0.00106526,0,0.0015979
1773773405860,0.0859375,-0.217773,0.98877,0,-0.00106526,-0.00106526
1773773405942,0.0869141,-0.217773,0.989258,-0.00106526,0,-0.000532632
1773773406011,0.0888672,-0.218262,0.989258,0.000532632,-0.000532632,0
1773773406092,0.0864258,-0.217773,0.987305,0.000532632,-0.000532632,0
1773773406173,0.0883789,-0.216309,0.98877,0.000532632,-0.000532632,0
1773773406243,0.0869141,-0.218262,0.987793,0.00106526,0,-0.000532632
1773773406324,0.0859375,-0.217773,0.988281,0.0015979,-0.00106526,0.000532632
1773773406395,0.0874023,-0.219238,0.987305,0,-0.00106526,0.000532632
1773773406475,0.0869141,-0.217773,0.988281,0,-0.000532632,-0.00106526
1773773406556,0.0864258,-0.216797,0.987793,-0.00106526,-0.00106526,0.000532632
1773773406626,0.0864258,-0.218262,0.98877,0,-0.00213053,-0.000532632
1773773406707,0.0888672,-0.21582,0.989258,-0.000532632,0,-0.00106526
1773773406787,0.0864258,-0.21875,0.988281,0.000532632,-0.00106526,0
1773773406858,0.0869141,-0.21875,0.988281,-0.000532632,-0.000532632,-0.000532632
1773773406938,0.0864258,-0.219727,0.988281,0.000532632,0,0
1773773407019,0.0878906,-0.219238,0.988281,0,0.000532632,0.000532632
1773773407089,0.0878906,-0.219238,0.988281,0.000532632,-0.0015979,0.000532632
1773773407170,0.0869141,-0.21875,0.987305,0,0.00106526,-0.00106526
1773773407251,0.0869141,-0.219238,0.98877,0,-0.00106526,0
1773773407321,0.0893555,-0.21875,0.98877,0.000532632,-0.000532632,0
1773773407402,0.0878906,-0.218262,0.98877,0,-0.00106526,-0.000532632
1773773407482,0.0878906,-0.216797,0.990723,0,-0.000532632,-0.000532632
1773773407553,0.0874023,-0.219238,0.989746,0,0,0
1773773407633,0.0883789,-0.216797,0.986816,-0.000532632,-0.00106526,0
1773773407704,0.0874023,-0.217773,0.987793,0.000532632,-0.000532632,-0.00106526
1773773407784,0.0854492,-0.21875,0.986816,-0.000532632,-0.000532632,-0.00106526
1773773407865,0.0874023,-0.219727,0.987305,0,-0.00106526,0.00106526
1773773407935,0.0859375,-0.218262,0.987305,0.000532632,-0.00106526,0
1773773408016,0.0854492,-0.217285,0.988281,0,-0.000532632,-0.00106526
1773773408096,0.0883789,-0.218262,0.98877,-0.000532632,-0.00106526,0.000532632
1773773408167,0.0869141,-0.218262,0.988281,-0.000532632,-0.000532632,0
1773773408247,0.0869141,-0.218262,0.987793,-0.00106526,-0.0015979,0.000532632
1773773408328,0.0883789,-0.21875,0.987793,0,-0.000532632,0
1773773408399,0.0878906,-0.217773,0.988281,0.000532632,-0.00106526,-0.000532632
1773773408479,0.0878906,-0.219238,0.989258,0.00106526,-0.0015979,0
1773773408560,0.0883789,-0.220703,0.986816,-0.000532632,-0.000532632,0
1773773408630,0.0864258,-0.219238,0.988281,-0.000532632,0,0
1773773408711,0.0859375,-0.21875,0.987305,-0.000532632,-0.000532632,0
1773773408791,0.0883789,-0.219727,0.988281,0.000532632,-0.000532632,0.000532632
1773773408862,0.0888672,-0.220215,0.989746,-0.00106526,0,0.000532632
1773773408942,0.0869141,-0.219238,0.986328,0,0,0
1773773409013,0.0888672,-0.220215,0.990234,-0.000532632,-0.000532632,0.000532632
1773773409094,0.0883789,-0.21875,0.987793,0,0,0.000532632
1773773409174,0.0849609,-0.21875,0.984863,0.000532632,-0.000532632,0
1773773409244,0.0878906,-0.217773,0.98877,0,-0.000532632,-0.000532632
1773773409325,0.0869141,-0.219727,0.985352,-0.000532632,-0.000532632,0.000532632
1773773409405,0.0864258,-0.217773,0.988281,0.00106526,0,0.000532632
1773773409478,0.0869141,-0.217773,0.989258,0,0,-0.000532632
1773773409556,0.0869141,-0.219238,0.987305,-0.000532632,0.000532632,-0.00106526
1773773409637,0.0869141,-0.219238,0.988281,0,-0.000532632,0
1773773409707,0.0883789,-0.21875,0.98877,-0.000532632,-0.000532632,0.000532632
1773773409788,0.0854492,-0.217773,0.987305,0.000532632,-0.000532632,0
1773773409869,0.0883789,-0.217285,0.990234,-0.00106526,-0.000532632,0
1773773409939,0.0878906,-0.219727,0.989258,0,-0.00106526,0
1773773410020,0.0883789,-0.216797,0.98877,0.000532632,0,0
1773773410100,0.0854492,-0.217773,0.986328,-0.000532632,-0.000532632,0.000532632
1773773410171,0.0874023,-0.216797,0.986816,-0.000532632,-0.000532632,0
1773773410251,0.0883789,-0.217285,0.988281,-0.000532632,-0.000532632,0.00106526
1773773410322,0.0854492,-0.219238,0.987793,0,-0.00106526,0
1773773410402,0.0854492,-0.219238,0.988281,-0.000532632,-0.00106526,0.000532632
1773773410483,0.0878906,-0.217285,0.989258,0.00106526,-0.000532632,0
1773773410553,0.0864258,-0.219238,0.987793,-0.000532632,-0.0015979,0
1773773410634,0.0888672,-0.217773,0.987793,0.000532632,0,0
1773773410715,0.0874023,-0.218262,0.98877,-0.000532632,-0.000532632,0
1773773410785,0.0869141,-0.218262,0.988281,0,-0.000532632,-0.000532632
1773773410866,0.0854492,-0.21875,0.987305,0,0,0.000532632
1773773410946,0.0859375,-0.219727,0.986328,-0.000532632,0,0.000532632
1773773411017,0.0883789,-0.220215,0.987793,0.000532632,0,0.00106526
1773773411097,0.0859375,-0.217773,0.987305,-0.0015979,-0.000532632,0.00106526
1773773411178,0.0864258,-0.219238,0.987793,0,-0.00106526,-0.000532632
1773773411249,0.0854492,-0.218262,0.986816,0,-0.00106526,-0.000532632
1773773411330,0.0869141,-0.219238,0.986328,0.000532632,-0.000532632,-0.000532632
1773773411400,0.0874023,-0.219727,0.987793,-0.000532632,-0.0015979,-0.000532632
1773773411480,0.0859375,-0.219238,0.989258,-0.000532632,-0.000532632,0.000532632
1773773411561,0.0883789,-0.219238,0.987793,0,-0.0015979,0.000532632
1773773411631,0.0888672,-0.217773,0.987793,0,0,-0.000532632
1773773411712,0.0878906,-0.216797,0.987305,0.000532632,0,0
1773773411792,0.0888672,-0.217773,0.98877,-0.00106526,0.000532632,0.00106526
1773773411863,0.0859375,-0.218262,0.987305,0.00106526,-0.0015979,0
1773773411943,0.090332,-0.216797,0.989746,0,0,0.000532632
1773773412024,0.0869141,-0.216309,0.987793,-0.000532632,-0.00106526,-0.00106526
1773773412094,0.0854492,-0.219727,0.98877,-0.000532632,-0.00106526,0
1773773412175,0.0883789,-0.217285,0.989258,0.00106526,0,0
1773773412255,0.0888672,-0.21875,0.989746,0,0,0
1773773412326,0.0888672,-0.21875,0.988281,0,-0.000532632,-0.000532632
1773773412407,0.0854492,-0.21875,0.988281,0.000532632,-0.00106526,0.000532632
1773773412477,0.0888672,-0.217773,0.988281,0,-0.000532632,0.000532632
1773773412558,0.0869141,-0.217773,0.988281,0.000532632,0,0.00106526
1773773412638,0.0859375,-0.216797,0.987793,0,-0.00106526,0.000532632
1773773412709,0.0874023,-0.217285,0.986328,0.000532632,-0.00106526,0.00106526
1773773412789,0.0859375,-0.219727,0.988281,0.00106526,0,0.00106526
1773773412870,0.0878906,-0.216797,0.98877,0.000532632,0,-0.000532632
1773773412941,0.0854492,-0.216797,0.98877,0,-0.000532632,0
1773773413021,0.0893555,-0.217285,0.98877,-0.000532632,-0.0015979,0
1773773413102,0.0883789,-0.217285,0.987305,0,-0.000532632,0
1773773413172,0.0878906,-0.216797,0.98877,0.000532632,0,-0.000532632
1773773413253,0.0874023,-0.21875,0.98877,-0.00106526,-0.00106526,0
1773773413333,0.0888672,-0.21875,0.990723,0.000532632,-0.00106526,0.00106526
1773773413404,0.0893555,-0.217285,0.98877,0,-0.00106526,-0.000532632
1773773413484,0.0913086,-0.217773,0.987793,0,0,-0.000532632
1773773413565,0.0869141,-0.218262,0.988281,0.000532632,-0.000532632,-0.00106526
1773773413635,0.0874023,-0.217773,0.987305,-0.000532632,-0.000532632,0
1773773413716,0.0883789,-0.218262,0.988281,0,-0.000532632,0.00106526
1773773413786,0.0854492,-0.218262,0.987305,0,0,0.00106526
1773773413867,0.0874023,-0.220215,0.987793,0,-0.00106526,0.00106526
1773773413948,0.0874023,-0.217285,0.989746,0.0015979,0.000532632,-0.000532632
1773773414018,0.0898438,-0.219238,0.987305,0.000532632,0,0
1773773414099,0.0859375,-0.218262,0.986816,0.000532632,-0.000532632,0
1773773414179,0.0869141,-0.217773,0.988281,-0.000532632,-0.000532632,0
1773773414250,0.0874023,-0.21875,0.988281,0,0,-0.000532632
1773773414330,0.0859375,-0.218262,0.98877,0,0,-0.00106526
1773773414411,0.0883789,-0.218262,0.987793,-0.000532632,-0.000532632,-0.000532632
1773773414482,0.0874023,-0.219238,0.987793,0,-0.00106526,0
1773773414562,0.0883789,-0.220215,0.987793,0.000532632,-0.00106526,0
1773773414633,0.0883789,-0.217773,0.988281,0.000532632,-0.000532632,-0.000532632
1773773414713,0.0874023,-0.219238,0.98584,0.000532632,-0.000532632,-0.000532632
1773773414794,0.0888672,-0.21875,0.987305,0.000532632,-0.00106526,0
1773773414864,0.0874023,-0.21875,0.989746,0.00106526,-0.00106526,0
1773773414945,0.0869141,-0.218262,0.986328,0.00106526,-0.00106526,-0.00106526
1773773415025,0.0864258,-0.219238,0.987305,0.00106526,0,0.000532632
1773773415096,0.090332,-0.217285,0.986816,0.000532632,-0.000532632,0
1773773415177,0.0869141,-0.218262,0.986816,0,-0.000532632,-0.000532632
1773773415257,0.0883789,-0.216797,0.987793,0.00106526,-0.000532632,0
1773773415327,0.0883789,-0.217773,0.98877,0,-0.000532632,0
1773773415408,0.0878906,-0.218262,0.987793,0,-0.000532632,0
1773773415489,0.0874023,-0.217285,0.98877,0.000532632,-0.000532632,-0.000532632
1773773415559,0.0869141,-0.217773,0.988281,-0.000532632,-0.000532632,0.00106526
1773773415640,0.0893555,-0.219238,0.987305,0,-0.000532632,0.000532632
1773773415720,0.0864258,-0.220703,0.98877,0.000532632,0,0
1773773415791,0.0864258,-0.217773,0.986816,0,-0.00106526,0
1773773415871,0.0878906,-0.21875,0.989258,-0.000532632,0,0.000532632
1773773415952,0.0864258,-0.219727,0.986816,0.00106526,-0.000532632,0.000532632
1773773416022,0.0864258,-0.21875,0.987793,0,-0.000532632,0
1773773416103,0.0878906,-0.219727,0.990234,0,0,0
1773773416173,0.0883789,-0.21875,0.989258,-0.000532632,-0.00106526,-0.000532632
1773773416254,0.0883789,-0.217773,0.98877,-0.0015979,-0.000532632,0
1773773416334,0.0874023,-0.218262,0.98877,0.00106526,-0.000532632,-0.000532632
1773773416405,0.0883789,-0.219238,0.986328,0,0,0
1773773416485,0.0874023,-0.21875,0.987305,0,-0.00106526,-0.000532632
1773773416566,0.0859375,-0.21875,0.98877,0,0.000532632,0
1773773416636,0.0883789,-0.220215,0.989258,0.000532632,0,0.000532632
1773773416717,0.0864258,-0.220215,0.988281,-0.000532632,-0.00106526,-0.000532632
1773773416798,0.0893555,-0.217773,0.988281,-0.000532632,0,0
1773773416868,0.0878906,-0.217773,0.986816,-0.000532632,-0.0015979,0
1773773416949,0.0883789,-0.219238,0.987305,-0.000532632,-0.000532632,0.00106526
1773773417029,0.0864258,-0.217773,0.987793,-0.000532632,-0.0015979,0.000532632
1773773417100,0.0869141,-0.220703,0.988281,-0.000532632,-0.0015979,-0.000532632
1773773417180,0.0859375,-0.220215,0.987793,0,-0.000532632,0
1773773417261,0.0883789,-0.218262,0.986328,0.000532632,-0.0015979,-0.00106526
1773773417332,0.0878906,-0.217773,0.98584,0,-0.000532632,-0.00106526
1773773417412,0.0859375,-0.218262,0.988281,0,-0.00106526,-0.00106526
1773773417483,0.0859375,-0.218262,0.98877,0.000532632,-0.0015979,0
1773773417563,0.0893555,-0.218262,0.988281,-0.000532632,0,-0.00106526
1773773417644,0.0893555,-0.220215,0.989746,0,-0.000532632,-0.000532632
1773773417714,0.0869141,-0.220215,0.988281,-0.000532632,-0.00106526,0.000532632
1773773417795,0.0869141,-0.217285,0.987793,0,-0.000532632,0
1773773417875,0.0869141,-0.219238,0.987305,0,0,-0.000532632
1773773417946,0.0883789,-0.217285,0.989746,-0.000532632,-0.000532632,0.000532632
1773773418026,0.0859375,-0.220215,0.98877,0.000532632,-0.00106526,-0.000532632
1773773418107,0.0874023,-0.217773,0.987305,-0.000532632,-0.000532632,0.000532632
1773773418177,0.0864258,-0.217285,0.988281,-0.000532632,0,0.000532632
1773773418258,0.0849609,-0.220215,0.987793,0.000532632,-0.00106526,0
1773773418339,0.0869141,-0.219238,0.987793,-0.000532632,-0.000532632,0.000532632
1773773418409,0.0869141,-0.218262,0.988281,0,-0.00106526,0
1773773418490,0.0893555,-0.220703,0.987305,0.000532632,-0.000532632,0
1773773418560,0.0864258,-0.219727,0.986816,0,-0.0015979,0.000532632
1773773418641,0.0869141,-0.21875,0.988281,0,-0.000532632,0.000532632
1773773418721,0.0859375,-0.21875,0.986328,0.000532632,-0.00106526,-0.000532632
1773773418792,0.0869141,-0.217773,0.98877,-0.000532632,-0.000532632,-0.00106526
1773773418872,0.0878906,-0.217773,0.988281,0.000532632,-0.00106526,-0.000532632
1773773418953,0.0878906,-0.219238,0.987793,0,0,-0.000532632
1773773419024,0.0869141,-0.219727,0.988281,0.000532632,-0.000532632,0
1773773419104,0.0874023,-0.217285,0.987793,-0.000532632,0,0
1773773419184,0.0869141,-0.21875,0.988281,0.000532632,0,-0.000532632
1773773419255,0.0869141,-0.217285,0.987793,0,0,0
1773773419335,0.0874023,-0.21875,0.987793,-0.000532632,-0.00106526,0
1773773419416,0.0849609,-0.220215,0.98877,-0.000532632,0,-0.000532632
1773773419486,0.0869141,-0.218262,0.987793,0,-0.00106526,0
1773773419567,0.0869141,-0.219727,0.986816,0,-0.000532632,-0.000532632
1773773419648,0.0849609,-0.21875,0.987305,-0.0015979,-0.00106526,0.000532632
1773773419718,0.0878906,-0.220215,0.986816,-0.00106526,-0.000532632,-0.0015979
1773773419799,0.0869141,-0.217773,0.988281,0.000532632,-0.00106526,0.000532632
1773773419869,0.0859375,-0.218262,0.987793,0,-0.00106526,-0.00106526
1773773419950,0.0878906,-0.219727,0.98877,-0.000532632,-0.00106526,-0.000532632
1773773420030,0.0869141,-0.21875,0.987793,-0.000532632,-0.000532632,-0.000532632
1773773420101,0.0869141,-0.217285,0.986816,-0.00106526,-0.0015979,0
1773773420181,0.0859375,-0.21875,0.988281,0,0.000532632,-0.000532632
1773773420262,0.0844727,-0.219238,0.98584,-0.000532632,-0.000532632,-0.000532632
1773773420332,0.0883789,-0.219727,0.989258,0.000532632,-0.000532632,-0.000532632
1773773420413,0.0854492,-0.219238,0.98584,0.000532632,0.000532632,-0.000532632
1773773420494,0.0864258,-0.220703,0.987305,0,0,-0.00106526
1773773420564,0.0874023,-0.217285,0.988281,0.000532632,-0.000532632,-0.00106526
1773773420645,0.0878906,-0.218262,0.989746,0,-0.000532632,0
1773773420725,0.0849609,-0.219727,0.990234,0.000532632,-0.00106526,0.000532632
1773773420796,0.0859375,-0.21875,0.987793,-0.000532632,-0.00106526,0.000532632
1773773420876,0.0864258,-0.21875,0.989258,0,0,0.000532632
1773773420957,0.0864258,-0.21875,0.987793,-0.000532632,-0.0015979,-0.000532632
1773773421027,0.0864258,-0.218262,0.98877,0.00106526,-0.00106526,0
1773773421108,0.0859375,-0.219727,0.987793,-0.00106526,-0.000532632,-0.00106526
1773773421178,0.0869141,-0.217285,0.98877,0,-0.000532632,-0.00106526
1773773421259,0.0874023,-0.21875,0.986816,0,-0.0015979,-0.000532632
1773773421339,0.0869141,-0.219238,0.987793,-0.00106526,-0.00106526,0
1773773421410,0.0859375,-0.219727,0.989258,0.000532632,-0.00106526,0
1773773421490,0.0878906,-0.219238,0.986816,0,-0.00106526,0
1773773421571,0.0874023,-0.219727,0.98877,0.000532632,-0.00106526,0
1773773421641,0.0854492,-0.217773,0.988281,0,-0.00106526,0.000532632
1773773421722,0.0854492,-0.219238,0.988281,0,-0.0015979,0.000532632
1773773421803,0.0874023,-0.220215,0.987305,0,-0.00106526,0
1773773421873,0.0859375,-0.219727,0.986816,0,-0.000532632,-0.000532632
1773773421954,0.0878906,-0.217285,0.98877,-0.00106526,-0.000532632,0
1773773422034,0.0864258,-0.219238,0.987793,0.000532632,-0.000532632,0
1773773422105,0.0864258,-0.218262,0.986328,0,-0.000532632,-0.00106526
1773773422186,0.0859375,-0.218262,0.98877,0,0,-0.000532632
1773773422256,0.0874023,-0.21875,0.987793,0.000532632,-0.0015979,0.000532632
1773773422337,0.0849609,-0.219238,0.987793,0,-0.000532632,0
1773773422417,0.0883789,-0.219238,0.990234,0.000532632,-0.000532632,0.00106526
1773773422488,0.0883789,-0.217285,0.987305,0,-0.00106526,0.000532632
1773773422569,0.0864258,-0.216309,0.989746,-0.000532632,-0.000532632,0.000532632
1773773422649,0.0888672,-0.220215,0.988281,0.00106526,-0.0015979,-0.000532632
1773773422720,0.0859375,-0.21875,0.986816,-0.000532632,-0.000532632,-0.000532632
1773773422800,0.0883789,-0.217773,0.989258,0.000532632,0,0.000532632
1773773422881,0.0859375,-0.21875,0.988281,0.000532632,-0.000532632,-0.000532632
1773773422951,0.0874023,-0.217285,0.989746,0,0,0.000532632
1773773423032,0.0878906,-0.219238,0.988281,0.000532632,-0.000532632,-0.000532632
1773773423112,0.0893555,-0.21875,0.98877,-0.000532632,-0.000532632,-0.000532632
1773773423183,0.0888672,-0.219238,0.988281,0,-0.000532632,-0.000532632
1773773423263,0.0874023,-0.218262,0.988281,-0.000532632,-0.00106526,0
1773773423334,0.0864258,-0.219238,0.987793,0.000532632,0,0.000532632
1773773423415,0.0878906,-0.218262,0.987793,0,0,-0.00106526
1773773423495,0.0864258,-0.217285,0.98877,0,-0.00106526,0.000532632
1773773423566,0.0869141,-0.220215,0.987793,-0.00106526,-0.000532632,0
1773773423646,0.0878906,-0.21875,0.98877,0,-0.000532632,0.00106526
1773773423727,0.0874023,-0.219238,0.987305,0,-0.00106526,0
1773773423798,0.0874023,-0.219238,0.986816,0.000532632,-0.00106526,0
1773773423878,0.0878906,-0.218262,0.988281,-0.000532632,0,0
1773773423958,0.0869141,-0.218262,0.988281,-0.000532632,-0.00106526,-0.000532632
1773773424029,0.0844727,-0.217773,0.988281,-0.000532632,-0.000532632,0
1773773424109,0.0849609,-0.21875,0.988281,-0.00106526,-0.0015979,0.000532632
1773773424190,0.0888672,-0.219238,0.988281,0.000532632,0,-0.000532632
1773773424260,0.0864258,-0.21875,0.985352,-0.00106526,0,-0.000532632
1773773424341,0.0869141,-0.217773,0.98877,0.000532632,0.000532632,0
1773773424422,0.0878906,-0.217285,0.988281,0,-0.00106526,-0.000532632
1773773424492,0.0869141,-0.219727,0.98877,-0.000532632,-0.000532632,0
1773773424573,0.0869141,-0.21875,0.987793,-0.000532632,-0.000532632,0.00106526
1773773424644,0.0878906,-0.217285,0.987305,-0.000532632,0.000532632,0
1773773424724,0.0888672,-0.219238,0.988281,-0.000532632,-0.000532632,0.000532632
1773773424804,0.0874023,-0.217773,0.987305,0.000532632,0,0.00106526
1773773424875,0.0864258,-0.218262,0.988281,0,-0.000532632,0
1773773424955,0.0849609,-0.217773,0.987793,-0.000532632,0,-0.0015979
1773773425036,0.0874023,-0.216797,0.987305,-0.00106526,0,0.000532632
1773773425106,0.0888672,-0.216309,0.98877,-0.00106526,0,0.000532632
1773773425187,0.0869141,-0.218262,0.98877,-0.00106526,-0.00106526,0.00106526
1773773425267,0.0869141,-0.217285,0.987793,0,-0.000532632,0
1773773425338,0.0869141,-0.219727,0.987793,0,0,0
1773773425419,0.0864258,-0.218262,0.986816,0,-0.000532632,-0.000532632
1773773425499,0.0874023,-0.217773,0.989258,0.000532632,0,-0.000532632
1773773425569,0.0869141,-0.219238,0.988281,0.000532632,-0.000532632,-0.00106526
1773773425650,0.0878906,-0.219238,0.986816,0,-0.00106526,0
1773773425731,0.0864258,-0.219238,0.989258,-0.00106526,-0.000532632,0
1773773425801,0.0874023,-0.217773,0.989258,0,-0.00106526,-0.00106526
1773773425882,0.0874023,-0.219238,0.986328,-0.0015979,-0.000532632,-0.00106526
1773773425952,0.0869141,-0.21875,0.98877,0.00106526,-0.0015979,0.00106526
1773773426033,0.0869141,-0.220215,0.989258,-0.000532632,-0.00106526,0
1773773426113,0.0864258,-0.217285,0.986328,-0.0015979,-0.000532632,-0.000532632
1773773426184,0.0883789,-0.219238,0.986816,-0.000532632,-0.000532632,-0.000532632
1773773426264,0.0878906,-0.218262,0.986816,0,-0.000532632,-0.000532632
1773773426345,0.0874023,-0.219727,0.986816,0,-0.000532632,0
1773773426415,0.0859375,-0.219727,0.987305,0,-0.000532632,-0.000532632
1773773426496,0.0874023,-0.218262,0.98877,-0.000532632,0,-0.000532632
1773773426576,0.0878906,-0.217773,0.987305,-0.000532632,-0.000532632,-0.00106526
1773773426647,0.0874023,-0.218262,0.987793,-0.000532632,-0.000532632,0.000532632
1773773426727,0.0878906,-0.218262,0.987793,0,-0.000532632,0.00106526
1773773426808,0.0864258,-0.219238,0.989746,0,-0.00106526,-0.00106526
1773773426878,0.0864258,-0.216309,0.987793,-0.000532632,-0.000532632,-0.0015979
1773773426959,0.0883789,-0.218262,0.98877,-0.000532632,-0.000532632,0.000532632
1773773427039,0.0859375,-0.218262,0.987793,-0.00106526,-0.00106526,0
1773773427110,0.0878906,-0.219238,0.986816,-0.000532632,-0.000532632,0.000532632
1773773427190,0.0878906,-0.217773,0.989258,0.0015979,-0.000532632,0.000532632
1773773427271,0.0869141,-0.219727,0.987305,-0.00106526,0,0.000532632
1773773427341,0.0864258,-0.220215,0.989746,0.000532632,0,0
1773773427422,0.0859375,-0.219238,0.987305,0,-0.000532632,0
1773773427493,0.0874023,-0.21875,0.987793,0,-0.00106526,-0.000532632
1773773427573,0.0888672,-0.21875,0.98584,-0.0015979,-0.00106526,0
1773773427654,0.0844727,-0.218262,0.987793,0,-0.000532632,-0.000532632
1773773427724,0.0844727,-0.217285,0.986816,0,-0.000532632,0.000532632
1773773427805,0.0878906,-0.216797,0.987305,0,-0.0015979,0.00106526
1773773427886,0.0874023,-0.21875,0.987305,0.0015979,-0.0015979,0
1773773427956,0.0864258,-0.217773,0.98584,0,0,0
1773773428037,0.0874023,-0.220215,0.986328,-0.00106526,0,-0.000532632
1773773428117,0.0874023,-0.219727,0.987305,-0.000532632,-0.000532632,0.000532632
1773773428188,0.0869141,-0.219727,0.987305,0.000532632,-0.00106526,0
1773773428268,0.0859375,-0.219727,0.987305,-0.000532632,-0.000532632,0
1773773428349,0.0859375,-0.21875,0.987305,0,-0.00213053,-0.000532632
1773773428419,0.0864258,-0.21875,0.987305,0.00106526,-0.000532632,-0.000532632
1773773428500,0.0874023,-0.216797,0.98877,-0.000532632,-0.000532632,-0.000532632
1773773428570,0.0874023,-0.21875,0.987793,0,-0.0015979,-0.000532632
1773773428651,0.0864258,-0.217285,0.989258,0.000532632,0,0
1773773428731,0.0869141,-0.21875,0.987793,0,0,-0.000532632
1773773428802,0.0859375,-0.219238,0.989258,0,0,0.000532632
1773773428882,0.0849609,-0.218262,0.987305,-0.000532632,0,0
1773773428963,0.0854492,-0.21875,0.988281,0,-0.000532632,0.000532632
1773773429034,0.0893555,-0.218262,0.987793,-0.00106526,-0.00106526,0.000532632
1773773429114,0.0869141,-0.220215,0.987793,-0.000532632,-0.00106526,0
1773773429195,0.0869141,-0.217773,0.986816,0,-0.00106526,-0.000532632
1773773429265,0.0874023,-0.21875,0.987793,0,0,0.000532632
1773773429346,0.0859375,-0.21875,0.987305,0.000532632,0,0.000532632
1773773429426,0.0859375,-0.217285,0.990723,0,-0.000532632,0.000532632
1773773429497,0.0874023,-0.21875,0.988281,0.000532632,-0.0015979,0
1773773429577,0.0869141,-0.21875,0.990234,0,-0.000532632,0.00106526
1773773429649,0.0883789,-0.218262,0.987793,0,-0.0015979,0.00106526
1773773429729,0.0859375,-0.218262,0.987305,0,0,-0.000532632
1773773429810,0.0859375,-0.219238,0.988281,0,-0.000532632,-0.000532632
1773773429880,0.0864258,-0.217285,0.987793,-0.000532632,-0.00106526,0
1773773429960,0.0849609,-0.219727,0.987305,-0.000532632,-0.000532632,0.000532632
1773773430041,0.0859375,-0.218262,0.986328,0,-0.0015979,0
1773773430111,0.0898438,-0.21875,0.987793,0,-0.000532632,-0.00106526
1773773430192,0.0869141,-0.219727,0.987305,-0.000532632,-0.000532632,0
1773773430272,0.0869141,-0.21875,0.989746,0,0,-0.00106526
1773773430343,0.0869141,-0.218262,0.987793,0,-0.00106526,0.000532632
1773773430424,0.0874023,-0.217773,0.987305,0,0.000532632,0
1773773430504,0.0883789,-0.217285,0.98877,-0.000532632,-0.000532632,-0.00106526
1773773430574,0.0869141,-0.217773,0.988281,-0.000532632,-0.000532632,0
1773773430655,0.0859375,-0.219238,0.98584,0.00106526,-0.000532632,0.00106526
1773773430735,0.0874023,-0.216797,0.987305,0,-0.000532632,-0.00106526
1773773430806,0.0864258,-0.220215,0.986816,-0.000532632,0,0
1773773430886,0.0878906,-0.217285,0.986816,0,-0.00106526,-0.000532632
1773773430957,0.0859375,-0.217285,0.987305,0.000532632,-0.00213053,0
1773773431037,0.0869141,-0.219238,0.989258,-0.000532632,0.000532632,0.00106526
1773773431118,0.0878906,-0.21875,0.988281,-0.000532632,0,-0.000532632
1773773431188,0.0874023,-0.220215,0.988281,0.000532632,-0.000532632,0
1773773431269,0.0859375,-0.217773,0.989258,0.00106526,-0.000532632,0
1773773431350,0.0878906,-0.220703,0.991211,0.00106526,-0.00106526,0.000532632
1773773431421,0.0869141,-0.216309,0.98877,0,0,-0.000532632
1773773431501,0.0864258,-0.21875,0.987305,-0.000532632,-0.000532632,-0.00106526
1773773431581,0.0874023,-0.218262,0.987793,0,0,0
1773773431652,0.0869141,-0.220215,0.988281,-0.000532632,-0.000532632,-0.00106526
1773773431732,0.0864258,-0.219238,0.986816,0,-0.000532632,0
1773773431813,0.0874023,-0.217285,0.989258,0.000532632,-0.00106526,0
1773773431883,0.0854492,-0.217773,0.987793,0,0,0
1773773431964,0.0874023,-0.220215,0.986816,0,-0.000532632,0.00106526
1773773432044,0.0864258,-0.218262,0.986816,0.000532632,-0.000532632,-0.000532632
1773773432115,0.0883789,-0.218262,0.988281,0,-0.00106526,-0.00106526
1773773432195,0.0883789,-0.220215,0.98877,-0.000532632,-0.00106526,0.00106526
1773773432266,0.0864258,-0.218262,0.987305,-0.000532632,0,0.000532632
1773773432346,0.0888672,-0.220703,0.987793,0.000532632,0.000532632,-0.000532632
1773773432427,0.0878906,-0.219727,0.989258,-0.00106526,-0.0015979,-0.000532632
1773773432497,0.0874023,-0.217773,0.98877,0.000532632,-0.00106526,0.000532632
1773773432578,0.0874023,-0.217285,0.98877,0,-0.000532632,0
1773773432659,0.0883789,-0.217773,0.986816,-0.000532632,-0.00106526,-0.000532632
1773773432729,0.0864258,-0.220215,0.987793,0,-0.000532632,-0.000532632
1773773432810,0.0859375,-0.219238,0.989258,-0.000532632,-0.000532632,0.000532632
1773773432890,0.0864258,-0.218262,0.987305,-0.000532632,-0.00106526,0
1773773432961,0.0878906,-0.219727,0.988281,0,0,0.000532632
1773773433041,0.0874023,-0.217773,0.987793,0,-0.000532632,-0.000532632
1773773433122,0.0874023,-0.219727,0.989258,-0.000532632,-0.00106526,0.00106526
1773773433192,0.0869141,-0.218262,0.988281,-0.000532632,-0.000532632,-0.000532632
1773773433273,0.0874023,-0.217285,0.989746,0,0,0.00106526
1773773433354,0.0874023,-0.220215,0.987305,0,0,0.000532632
1773773433424,0.0864258,-0.218262,0.988281,0,-0.000532632,0.000532632
1773773433505,0.0874023,-0.219727,0.98877,0.000532632,-0.0015979,0
1773773433575,0.0869141,-0.216797,0.987793,-0.000532632,-0.000532632,0.000532632
1773773433656,0.0874023,-0.218262,0.986816,0,0,0
1773773433736,0.0874023,-0.219238,0.987793,-0.000532632,0.000532632,0
1773773433807,0.0888672,-0.219238,0.986328,-0.00106526,-0.00106526,-0.000532632
1773773433887,0.0878906,-0.21875,0.986328,-0.00106526,-0.00106526,0
1773773433968,0.0883789,-0.218262,0.986816,0.000532632,-0.00106526,0
1773773434038,0.0878906,-0.219238,0.987305,0,-0.00106526,0.000532632
1773773434119,0.0883789,-0.219238,0.987793,0.000532632,-0.000532632,-0.000532632
1773773434200,0.0874023,-0.218262,0.988281,0.000532632,-0.0015979,-0.000532632
1773773434270,0.0874023,-0.219727,0.989258,-0.000532632,-0.00106526,0
1773773434351,0.0869141,-0.218262,0.987305,0.000532632,0.000532632,0
1773773434431,0.0869141,-0.21582,0.986816,0,0.000532632,0
1773773434502,0.0874023,-0.219727,0.986816,0.000532632,-0.000532632,0.000532632
1773773434582,0.0878906,-0.21875,0.984863,0,-0.00106526,0.000532632
1773773434653,0.0878906,-0.218262,0.986816,0.00106526,-0.000532632,0
1773773434733,0.0888672,-0.217773,0.987305,0,-0.000532632,-0.000532632
1773773434814,0.0869141,-0.216797,0.986816,-0.000532632,-0.0015979,-0.000532632
1773773434884,0.0878906,-0.217285,0.986328,0,-0.000532632,0.000532632
1773773434965,0.0883789,-0.217285,0.986328,0,0.000532632,0
1773773435045,0.0854492,-0.217773,0.98877,0.000532632,0,0.000532632
1773773435116,0.0883789,-0.216797,0.988281,-0.000532632,-0.00106526,0.000532632
1773773435196,0.0888672,-0.219727,0.98584,-0.000532632,0,0
1773773435277,0.0874023,-0.217773,0.986328,0.000532632,-0.000532632,0
1773773435348,0.0874023,-0.21875,0.986328,0,-0.0015979,0
1773773435428,0.0869141,-0.21875,0.987305,0.000532632,-0.00106526,-0.0015979
1773773435509,0.0893555,-0.219238,0.988281,0,-0.000532632,-0.000532632
1773773435579,0.0854492,-0.217285,0.987305,0,-0.000532632,0.00106526
1773773435660,0.0859375,-0.217285,0.988281,-0.00106526,-0.000532632,0
1773773435740,0.0874023,-0.218262,0.987305,0,0.000532632,0.00106526
1773773435811,0.0859375,-0.21875,0.986816,0.000532632,-0.000532632,0
1773773435891,0.0874023,-0.217285,0.988281,0,-0.0015979,0
1773773435962,0.0874023,-0.217773,0.988281,0.000532632,-0.00213053,0
1773773436042,0.0864258,-0.216797,0.987793,0,-0.00106526,0
1773773436123,0.0883789,-0.218262,0.987305,0,-0.000532632,-0.000532632
1773773436193,0.0864258,-0.218262,0.987305,0,-0.00106526,0
1773773436274,0.0864258,-0.21875,0.98877,0.00106526,-0.00106526,0.000532632
1773773436354,0.0859375,-0.219238,0.989258,0.000532632,-0.000532632,0
1773773436425,0.0874023,-0.21875,0.988281,0.000532632,-0.00106526,-0.000532632
1773773436506,0.0869141,-0.218262,0.990234,0,-0.00213053,0
1773773436586,0.0854492,-0.218262,0.987793,-0.000532632,0,-0.00106526
1773773436657,0.0864258,-0.218262,0.987793,-0.000532632,-0.00106526,-0.000532632
1773773436737,0.0874023,-0.21875,0.988281,-0.000532632,-0.00106526,0.0015979
1773773436818,0.0869141,-0.219238,0.988281,-0.0015979,-0.00213053,-0.000532632
1773773436888,0.0874023,-0.217773,0.989258,0,0,-0.000532632
1773773436969,0.0869141,-0.219727,0.988281,0,-0.000532632,-0.000532632
1773773437049,0.0878906,-0.220215,0.989258,0,-0.000532632,-0.000532632
1773773437120,0.0883789,-0.21875,0.988281,0,-0.000532632,0
1773773437201,0.0878906,-0.218262,0.986816,-0.0015979,-0.00106526,-0.000532632
1773773437271,0.0869141,-0.21875,0.986816,0,0,0
1773773437352,0.0883789,-0.219238,0.988281,-0.000532632,-0.000532632,0
1773773437432,0.0864258,-0.219727,0.988281,-0.000532632,-0.0015979,0
1773773437503,0.0878906,-0.217773,0.988281,0.00106526,-0.00106526,0.000532632
1773773437583,0.0874023,-0.21875,0.987305,0,-0.00106526,-0.000532632
1773773437664,0.0869141,-0.21875,0.987793,0,-0.000532632,0
1773773437734,0.0878906,-0.216797,0.987793,0.000532632,0,0.000532632
1773773437815,0.0864258,-0.221191,0.986328,0,-0.00106526,0
1773773437895,0.0874023,-0.217285,0.98877,0.00106526,0.000532632,-0.000532632
1773773437966,0.0864258,-0.217773,0.986816,0.00106526,-0.00106526,0
1773773438046,0.0874023,-0.219238,0.987305,0.000532632,-0.000532632,-0.00106526
1773773438127,0.0869141,-0.217773,0.98877,0,0.000532632,-0.000532632
1773773438197,0.0883789,-0.219238,0.987793,0,0.000532632,-0.000532632
1773773438278,0.0859375,-0.217773,0.987793,0,-0.000532632,-0.000532632
1773773438348,0.0878906,-0.217773,0.988281,0.00106526,-0.0015979,0.000532632
1773773438429,0.0883789,-0.218262,0.989258,0.000532632,-0.000532632,0.000532632
1773773438510,0.0869141,-0.217773,0.987793,0,0.000532632,-0.000532632
1773773438580,0.0883789,-0.220215,0.987305,0,-0.00106526,0.000532632
1773773438661,0.0878906,-0.219727,0.989258,-0.000532632,-0.00106526,0.00106526
1773773438741,0.0864258,-0.218262,0.98877,0.000532632,-0.000532632,0.000532632
1773773438812,0.0878906,-0.217773,0.987305,-0.000532632,-0.00106526,0
1773773438892,0.0849609,-0.219238,0.987305,0,0.000532632,0.000532632
1773773438973,0.0869141,-0.21875,0.989258,-0.00106526,-0.00106526,0
1773773439043,0.0854492,-0.218262,0.989258,0.000532632,-0.0015979,0
1773773439124,0.0859375,-0.21875,0.988281,-0.000532632,-0.00106526,0.00106526
1773773439204,0.0893555,-0.219238,0.98877,-0.00106526,0,0
1773773439275,0.0878906,-0.216797,0.98877,-0.000532632,0,0
1773773439356,0.0869141,-0.218262,0.989746,-0.000532632,-0.00106526,0.000532632
1773773439436,0.0869141,-0.216797,0.989258,-0.000532632,-0.00213053,-0.000532632
1773773439507,0.0878906,-0.221191,0.987793,0,-0.000532632,-0.000532632
1773773439587,0.0883789,-0.219238,0.987793,-0.000532632,-0.00106526,0
1773773439658,0.0864258,-0.220215,0.98877,0,0,-0.000532632
1773773439738,0.0878906,-0.217773,0.986816,0.000532632,-0.00106526,0
1773773439819,0.0878906,-0.218262,0.987793,0.000532632,-0.000532632,-0.000532632
1773773439889,0.0883789,-0.219238,0.989258,-0.000532632,-0.000532632,0
1773773439970,0.0878906,-0.218262,0.989746,-0.000532632,-0.000532632,0.00106526
1773773440050,0.0883789,-0.21875,0.987305,0,0,0
1773773440121,0.0874023,-0.21875,0.98877,0,-0.00106526,0
1773773440202,0.0878906,-0.219238,0.989258,0.000532632,-0.000532632,0
1773773440282,0.0893555,-0.219238,0.987793,-0.000532632,0,-0.000532632
1773773440353,0.0869141,-0.220215,0.987305,0.000532632,-0.00106526,0
1773773440433,0.0874023,-0.220703,0.987793,-0.000532632,-0.000532632,0.000532632
1773773440514,0.0864258,-0.216797,0.986816,0.000532632,0,-0.000532632
1773773440584,0.0883789,-0.218262,0.990723,0,0,0
1773773440665,0.0874023,-0.217285,0.989746,0,0,0
1773773440735,0.0883789,-0.218262,0.990234,0,0,-0.000532632
1773773440816,0.0878906,-0.218262,0.987793,0,-0.0015979,-0.000532632
1773773440897,0.0893555,-0.217773,0.990723,0,-0.000532632,0
1773773440967,0.0878906,-0.21875,0.988281,-0.00106526,0,0.000532632
1773773441048,0.0864258,-0.220215,0.986816,-0.000532632,0,-0.000532632
1773773441128,0.0854492,-0.21875,0.98877,0.00106526,-0.000532632,-0.000532632
1773773441199,0.0874023,-0.21875,0.98877,0.000532632,0,0.000532632
1773773441279,0.0883789,-0.21875,0.987793,0.000532632,-0.000532632,0.000532632
1773773441360,0.0878906,-0.218262,0.990234,0,-0.00106526,0
1773773441430,0.0883789,-0.216797,0.989258,0,-0.000532632,0
1773773441511,0.0893555,-0.219238,0.989258,0,-0.00106526,-0.00106526
1773773441592,0.0874023,-0.218262,0.98877,0.00106526,0,-0.000532632
1773773441662,0.0864258,-0.219727,0.988281,0.000532632,0,0.00106526
1773773441743,0.0869141,-0.217773,0.98877,-0.000532632,0,0
1773773441823,0.0859375,-0.219727,0.98877,0.0015979,0.000532632,-0.000532632
1773773441894,0.0874023,-0.216797,0.986328,-0.000532632,-0.0015979,0.000532632
1773773441974,0.0878906,-0.220703,0.987305,0.00106526,-0.000532632,0
1773773442045,0.0864258,-0.218262,0.987305,0,-0.000532632,0
1773773442125,0.0878906,-0.218262,0.987305,-0.00106526,0,0
1773773442206,0.0859375,-0.219238,0.988281,0,-0.00106526,0.000532632
1773773442276,0.0878906,-0.219238,0.98877,0.000532632,-0.000532632,0
1773773442358,0.0883789,-0.218262,0.98877,0.00106526,-0.00106526,0.000532632
1773773442437,0.0898438,-0.217285,0.989258,-0.000532632,-0.000532632,0
1773773442508,0.0869141,-0.217773,0.986328,0,0,0
1773773442588,0.0864258,-0.217285,0.987305,0.000532632,-0.000532632,0
1773773442669,0.0878906,-0.218262,0.987305,-0.000532632,-0.00106526,0
1773773442739,0.0859375,-0.219238,0.98877,-0.000532632,0.000532632,0.000532632
1773773442820,0.0883789,-0.21875,0.986328,0,-0.000532632,0
1773773442901,0.0883789,-0.217773,0.987305,0,-0.000532632,0.000532632
1773773442971,0.0874023,-0.217285,0.988281,0,0,-0.000532632
1773773443052,0.0883789,-0.21875,0.987793,0,-0.000532632,0
1773773443132,0.0859375,-0.218262,0.988281,0.000532632,0,0.000532632
1773773443203,0.0864258,-0.217773,0.985352,0.00106526,-0.000532632,0
1773773443283,0.0859375,-0.219238,0.98877,-0.000532632,0,0.000532632
1773773443354,0.0878906,-0.21875,0.987793,0.000532632,-0.000532632,-0.00106526
1773773443434,0.0874023,-0.21875,0.987793,0,-0.00106526,0
1773773443515,0.0878906,-0.220703,0.988281,0.00106526,0,-0.000532632
1773773443586,0.0878906,-0.21875,0.988281,0,-0.000532632,0.000532632
1773773443666,0.0874023,-0.218262,0.986328,0.00106526,0.000532632,0.000532632
1773773443746,0.0864258,-0.219727,0.989258,-0.000532632,-0.000532632,0.0015979
1773773443817,0.0878906,-0.217773,0.98877,0.000532632,-0.00106526,0
1773773443897,0.0864258,-0.218262,0.987793,0.000532632,-0.00106526,0.000532632
1773773443978,0.0869141,-0.220215,0.987793,-0.00106526,-0.000532632,0.000532632
1773773444048,0.0869141,-0.219727,0.98877,0,0,0.00106526
1773773444129,0.0878906,-0.219238,0.987305,0.000532632,0,0.000532632
1773773444209,0.0869141,-0.21875,0.987793,0.000532632,0.000532632,0.000532632
1773773444280,0.0849609,-0.219727,0.984863,0,-0.00106526,0.000532632
1773773444361,0.0898438,-0.218262,0.98584,0,-0.000532632,0
1773773444441,0.090332,-0.219727,0.987305,0,0,0.000532632
1773773444512,0.0869141,-0.219727,0.986328,0,0,0.00106526
1773773444592,0.0874023,-0.220215,0.985352,0.000532632,-0.000532632,-0.000532632
1773773444663,0.0854492,-0.217773,0.987793,-0.000532632,-0.00106526,-0.000532632
1773773444743,0.0859375,-0.217773,0.990234,0.000532632,-0.0015979,0.0015979
1773773444824,0.0898438,-0.217773,0.987793,0.000532632,-0.000532632,-0.000532632
1773773444894,0.0888672,-0.219238,0.98877,0.000532632,0,-0.000532632
1773773444975,0.0893555,-0.219238,0.986328,0,-0.00106526,0.00106526
1773773445055,0.0864258,-0.219238,0.988281,-0.000532632,-0.000532632,0
1773773445126,0.0874023,-0.21875,0.98877,-0.000532632,-0.000532632,-0.00106526
1773773445207,0.0854492,-0.216309,0.986816,0.000532632,0,0
1773773445287,0.0849609,-0.217285,0.98877,0,0,0
1773773445358,0.0869141,-0.217285,0.987793,0.000532632,0,0
1773773445438,0.0893555,-0.21875,0.987793,0,-0.000532632,0.000532632
1773773445519,0.0854492,-0.219238,0.989746,0.000532632,-0.000532632,0
1773773445590,0.0869141,-0.220703,0.988281,0,-0.00106526,-0.00106526
1773773445670,0.0859375,-0.220215,0.98877,0,-0.000532632,0
1773773445750,0.0844727,-0.217285,0.987793,0,-0.00106526,-0.000532632
1773773445821,0.0883789,-0.221191,0.987793,0,0,-0.000532632
1773773445901,0.0854492,-0.219238,0.98877,-0.000532632,0,0
1773773445972,0.0888672,-0.216797,0.988281,0.000532632,0,0.000532632
1773773446052,0.0869141,-0.21875,0.98877,0.000532632,0,0
1773773446133,0.0864258,-0.219727,0.987793,0,0,0.000532632
1773773446203,0.0874023,-0.216797,0.987793,0.000532632,-0.00106526,0
1773773446284,0.0883789,-0.217773,0.988281,-0.000532632,-0.000532632,0.000532632
1773773446365,0.0883789,-0.217773,0.987793,0,0,0.000532632
1773773446435,0.0864258,-0.219727,0.987793,0.000532632,0,0.000532632
1773773446516,0.0859375,-0.217773,0.987793,0,-0.000532632,-0.000532632
1773773446596,0.0864258,-0.219238,0.986328,0,0.000532632,0.000532632
1773773446667,0.0878906,-0.219238,0.987305,-0.00106526,-0.000532632,0.000532632
1773773446747,0.0864258,-0.218262,0.987793,0.000532632,-0.0015979,0.000532632
1773773446828,0.0878906,-0.217773,0.986328,0.000532632,-0.000532632,-0.00106526
1773773446898,0.0869141,-0.216309,0.987793,0.000532632,-0.0015979,0.000532632
1773773446979,0.0864258,-0.217773,0.990723,0.000532632,-0.000532632,0.000532632
1773773447059,0.0864258,-0.21875,0.989258,0,-0.000532632,-0.00106526
1773773447130,0.0893555,-0.220215,0.989258,0,-0.000532632,0.00106526
1773773447210,0.0883789,-0.219238,0.987305,-0.00106526,0,0.000532632
1773773447281,0.0878906,-0.217285,0.988281,0,-0.000532632,0.000532632
1773773447361,0.0854492,-0.217773,0.987793,0,0,0
1773773447442,0.0878906,-0.220215,0.989746,0.000532632,-0.000532632,0.00106526
1773773447513,0.0874023,-0.21875,0.987305,0,0.000532632,0
1773773447593,0.0888672,-0.21875,0.987305,0,-0.00106526,-0.000532632
1773773447674,0.0859375,-0.218262,0.989258,0,-0.000532632,-0.000532632
1773773447744,0.0869141,-0.218262,0.990234,0,-0.0015979,0.000532632
1773773447826,0.0874023,-0.218262,0.989258,-0.000532632,-0.0015979,-0.00106526
1773773447905,0.0869141,-0.216797,0.989258,0.000532632,0,0
1773773447976,0.0878906,-0.218262,0.98877,0.000532632,-0.000532632,0
1773773448057,0.0893555,-0.219238,0.987305,0,-0.00106526,0
1773773448137,0.0874023,-0.21875,0.988281,-0.000532632,-0.000532632,0
1773773448208,0.0878906,-0.219238,0.986816,0.00106526,-0.00106526,-0.000532632
1773773448288,0.0878906,-0.218262,0.986816,0,-0.00106526,-0.000532632
1773773448359,0.0878906,-0.21875,0.98877,0.000532632,-0.00106526,0.000532632
1773773448439,0.0869141,-0.219238,0.987305,-0.000532632,0.000532632,-0.000532632
1773773448520,0.0869141,-0.221191,0.987793,-0.000532632,-0.0015979,0
1773773448590,0.0878906,-0.22168,0.986816,0,-0.000532632,-0.000532632
1773773448671,0.0869141,-0.219727,0.98877,0,-0.00106526,-0.000532632
1773773448751,0.0874023,-0.21582,0.988281,-0.00106526,-0.00106526,-0.00106526
1773773448822,0.0883789,-0.220215,0.988281,0.000532632,0,0.000532632
1773773448902,0.0874023,-0.219727,0.989746,0.000532632,-0.00106526,0
1773773448984,0.0864258,-0.219238,0.98584,0.000532632,-0.000532632,0
1773773449054,0.0869141,-0.218262,0.987305,0,-0.00106526,-0.000532632
1773773449135,0.0878906,-0.219238,0.987305,-0.00106526,0,0
1773773449215,0.0874023,-0.218262,0.986816,0.00106526,-0.000532632,-0.00106526
1773773449286,0.0883789,-0.21875,0.987305,-0.000532632,-0.00106526,0.000532632
1773773449367,0.0859375,-0.220703,0.987305,-0.000532632,-0.0015979,0.000532632
1773773449437,0.0874023,-0.217773,0.987793,-0.000532632,-0.000532632,0.00106526
1773773449517,0.0888672,-0.219727,0.988281,0,0,0.000532632
1773773449598,0.0878906,-0.21875,0.98877,-0.000532632,-0.000532632,0.000532632
1773773449669,0.0869141,-0.219727,0.987305,0,-0.000532632,0
1773773449749,0.0874023,-0.219727,0.986816,0.000532632,0,0
1773773449830,0.0878906,-0.219238,0.988281,0,-0.000532632,-0.000532632
1773773449900,0.0869141,-0.21875,0.988281,-0.000532632,-0.000532632,0.000532632
1773773449981,0.0864258,-0.220215,0.986328,0.000532632,-0.000532632,-0.000532632
1773773450061,0.0869141,-0.218262,0.986816,0.00106526,-0.000532632,0
1773773450132,0.0874023,-0.219238,0.98877,-0.00106526,-0.000532632,-0.000532632
1773773450212,0.0854492,-0.21875,0.989258,0,-0.000532632,-0.000532632
1773773450283,0.0864258,-0.218262,0.987793,0.00106526,0,0.000532632
1773773450363,0.0869141,-0.219727,0.98584,0.00106526,0,0.000532632
1773773450444,0.0849609,-0.219238,0.98584,-0.000532632,-0.000532632,0.00106526
1773773450524,0.0854492,-0.220215,0.988281,0,-0.00106526,-0.000532632
1773773450595,0.0849609,-0.216309,0.985352,0.00106526,0,0
1773773450676,0.0888672,-0.221191,0.98877,0.00106526,-0.000532632,0
1773773450746,0.0874023,-0.217773,0.987793,0,0,0
1773773450827,0.0878906,-0.217773,0.98877,0,-0.00106526,-0.00106526
1773773450907,0.0869141,-0.219727,0.986816,0.000532632,-0.0015979,0.000532632
1773773450978,0.0869141,-0.219727,0.986816,0,-0.000532632,0
1773773451058,0.0859375,-0.219727,0.987305,0.000532632,0,-0.000532632
1773773451139,0.0839844,-0.220215,0.987793,0,0,0.000532632
1773773451210,0.0874023,-0.220703,0.986328,0,0,0.000532632
1773773451290,0.0874023,-0.21875,0.988281,0,-0.000532632,0
1773773451370,0.0893555,-0.219238,0.98877,0,-0.0015979,0
1773773451441,0.0859375,-0.219238,0.986816,0.000532632,-0.000532632,0
1773773451522,0.0883789,-0.219727,0.987793,-0.000532632,-0.000532632,-0.00106526
1773773451602,0.0878906,-0.21875,0.98584,0.000532632,-0.000532632,-0.000532632
1773773451673,0.0878906,-0.217773,0.988281,0.000532632,0,0
1773773451753,0.0869141,-0.219727,0.98877,0,0,0
1773773451824,0.0883789,-0.218262,0.988281,0.00106526,-0.000532632,0
1773773451904,0.0869141,-0.21875,0.990234,0.00106526,-0.000532632,0
1773773451985,0.0874023,-0.218262,0.98877,0.000532632,-0.000532632,0
1773773452055,0.0883789,-0.218262,0.988281,0,-0.0015979,0
1773773452136,0.0883789,-0.220215,0.986816,0.00106526,0,0.000532632
1773773452216,0.0874023,-0.220215,0.985352,0,-0.00106526,0
1773773452287,0.0883789,-0.216797,0.987793,0.000532632,0,0.000532632
1773773452368,0.0869141,-0.21875,0.986328,-0.000532632,0,0
1773773452448,0.0864258,-0.219238,0.986816,0,-0.000532632,0.000532632
1773773452519,0.0864258,-0.218262,0.986328,0,-0.00106526,-0.000532632
1773773452599,0.0874023,-0.219727,0.985352,0,-0.000532632,0.0015979
1773773452680,0.0869141,-0.217773,0.986328,-0.00106526,-0.0015979,0
1773773452750,0.0869141,-0.220215,0.98877,0,0,0
1773773452831,0.0854492,-0.220215,0.986816,0.000532632,-0.000532632,0
1773773452911,0.0854492,-0.218262,0.98877,-0.000532632,-0.00106526,0
1773773452982,0.0859375,-0.216797,0.987793,0.00106526,-0.00106526,0
1773773453062,0.0874023,-0.218262,0.987305,0.000532632,-0.000532632,0
1773773453133,0.0874023,-0.219238,0.987305,0.000532632,-0.000532632,-0.00106526
1773773453213,0.0874023,-0.21875,0.987793,0.00106526,0,0.000532632
1773773453294,0.0869141,-0.217773,0.987305,-0.000532632,0,0
1773773453364,0.0854492,-0.217773,0.987793,0,0.000532632,0
1773773453445,0.0883789,-0.21875,0.98877,0,-0.000532632,-0.000532632
1773773453526,0.0864258,-0.22168,0.987305,0,-0.00106526,0.000532632
1773773453596,0.0874023,-0.219238,0.986816,-0.000532632,-0.000532632,0.00106526
1773773453677,0.0888672,-0.21875,0.987305,0.000532632,-0.00106526,0
1773773453757,0.0854492,-0.21875,0.989258,-0.00106526,0,0.000532632
1773773453828,0.090332,-0.219238,0.987793,0,-0.000532632,0.000532632
1773773453908,0.090332,-0.21875,0.987793,0.00106526,-0.000532632,-0.000532632
1773773453989,0.0864258,-0.219238,0.988281,0,-0.000532632,-0.000532632
1773773454059,0.0874023,-0.219727,0.986816,0.000532632,0,-0.000532632
1773773454140,0.0883789,-0.221191,0.986816,0,-0.000532632,-0.000532632
1773773454220,0.0878906,-0.219238,0.987793,0,-0.000532632,-0.000532632
1773773454291,0.0874023,-0.219727,0.987305,0,-0.00106526,0.00106526
1773773454371,0.0849609,-0.220703,0.98584,-0.00106526,0,0
1773773454442,0.0869141,-0.219727,0.98877,0.00106526,-0.000532632,0
1773773454522,0.0864258,-0.217285,0.987793,0.0015979,-0.00106526,0.000532632
1773773454603,0.0888672,-0.219238,0.986816,0,-0.0015979,0.000532632
1773773454674,0.0869141,-0.218262,0.986816,0.00106526,-0.00106526,0.000532632
1773773454754,0.0874023,-0.217773,0.988281,0,-0.00213053,0.000532632
1773773454835,0.0878906,-0.218262,0.987793,0,-0.00106526,0
1773773454905,0.0864258,-0.21875,0.989746,-0.000532632,-0.000532632,0.000532632
1773773454986,0.0878906,-0.21875,0.987793,0.000532632,-0.00106526,-0.000532632
1773773455066,0.0878906,-0.218262,0.988281,0.000532632,0,0
1773773455137,0.0869141,-0.219238,0.987793,0,-0.00106526,-0.000532632
1773773455217,0.0854492,-0.219238,0.987793,0.000532632,-0.000532632,0
1773773455298,0.0874023,-0.21875,0.987305,-0.000532632,0.000532632,-0.00106526
1773773455369,0.0869141,-0.217773,0.986816,-0.000532632,0,-0.000532632
1773773455449,0.0869141,-0.218262,0.985352,-0.000532632,-0.000532632,0
1773773455520,0.0869141,-0.217773,0.987793,0.00106526,0,-0.000532632
1773773455600,0.0874023,-0.220215,0.987305,0.00106526,0,-0.000532632
1773773455681,0.0869141,-0.220215,0.987305,0,-0.00106526,-0.000532632
1773773455751,0.0854492,-0.219727,0.989258,0,-0.00106526,-0.000532632
1773773455832,0.0883789,-0.21582,0.986816,0.00106526,0.000532632,0
1773773455912,0.0878906,-0.216797,0.986328,0,-0.000532632,-0.000532632
1773773455983,0.0869141,-0.217773,0.986816,0,0,-0.00106526
1773773456064,0.0878906,-0.218262,0.986816,0,-0.00106526,0.0015979
1773773456144,0.0874023,-0.218262,0.987305,0.000532632,0,0
1773773456215,0.0874023,-0.219238,0.987305,0.000532632,0,0
1773773456295,0.0859375,-0.219727,0.98877,-0.000532632,-0.000532632,-0.000532632
1773773456376,0.0869141,-0.218262,0.988281,-0.000532632,0,0
1773773456446,0.0874023,-0.219727,0.987305,-0.000532632,-0.00106526,0
1773773456527,0.0869141,-0.217773,0.987793,0.000532632,-0.00106526,0
1773773456597,0.0869141,-0.221191,0.987305,0.000532632,-0.000532632,0.000532632
1773773456678,0.0883789,-0.220215,0.986816,-0.000532632,-0.000532632,0
1773773456758,0.0874023,-0.220215,0.987305,0.000532632,-0.000532632,0.00106526
1773773456829,0.0878906,-0.218262,0.988281,0,-0.000532632,0.000532632
1773773456910,0.0883789,-0.219727,0.987793,-0.000532632,-0.000532632,0.00106526
1773773456990,0.0854492,-0.218262,0.988281,0,-0.00106526,-0.000532632
1773773457061,0.0878906,-0.220215,0.988281,0,-0.00106526,0
1773773457141,0.0883789,-0.217773,0.98877,-0.000532632,-0.0015979,-0.000532632
1773773457222,0.0883789,-0.218262,0.98877,0,-0.000532632,0.000532632
1773773457292,0.0869141,-0.217773,0.988281,0,-0.00106526,0.00106526
1773773457373,0.0864258,-0.217285,0.98877,0,0,0
1773773457453,0.0849609,-0.219727,0.98877,-0.00106526,-0.000532632,-0.000532632
1773773457524,0.0869141,-0.217773,0.986328,-0.000532632,-0.000532632,0
1773773457604,0.0874023,-0.217285,0.986816,-0.000532632,-0.00106526,0
1773773457685,0.0849609,-0.217773,0.986816,-0.000532632,-0.000532632,0
1773773457755,0.0864258,-0.220215,0.987305,0,-0.000532632,0
1773773457836,0.0864258,-0.218262,0.987793,0.000532632,-0.000532632,0
1773773457907,0.0883789,-0.216797,0.989746,0,-0.000532632,0.000532632
1773773457987,0.0859375,-0.219238,0.987305,0,0.000532632,0
1773773458068,0.0859375,-0.219238,0.98584,0.000532632,-0.000532632,-0.000532632
1773773458138,0.0864258,-0.21875,0.987305,0.000532632,-0.000532632,-0.00106526
1773773458219,0.0888672,-0.219238,0.987793,-0.000532632,-0.0015979,0.000532632
1773773458299,0.0874023,-0.21875,0.989258,-0.000532632,-0.000532632,-0.00106526
1773773458370,0.0864258,-0.217773,0.989258,-0.00106526,0.000532632,0.00106526
1773773458450,0.0874023,-0.217773,0.987305,-0.000532632,-0.000532632,0.00106526
1773773458531,0.0878906,-0.221191,0.98877,-0.000532632,-0.000532632,0
1773773458601,0.0874023,-0.218262,0.989746,0,-0.000532632,0
1773773458682,0.0869141,-0.217773,0.988281,0,-0.00106526,0
1773773458762,0.0878906,-0.218262,0.988281,-0.00106526,-0.000532632,0
1773773458833,0.0869141,-0.219238,0.988281,-0.000532632,-0.000532632,-0.00106526
1773773458914,0.0874023,-0.21875,0.98584,-0.000532632,-0.0015979,0.000532632
1773773458994,0.0859375,-0.217773,0.986816,-0.000532632,-0.00106526,0
1773773459065,0.0869141,-0.21875,0.98877,-0.000532632,-0.000532632,-0.000532632
1773773459145,0.0864258,-0.219727,0.988281,-0.000532632,-0.00106526,-0.000532632
1773773459216,0.0874023,-0.216797,0.986328,0.000532632,-0.00106526,0
1773773459296,0.0869141,-0.217773,0.98877,0,-0.00106526,-0.00106526
1773773459377,0.0874023,-0.217773,0.98877,0,0.000532632,0
1773773459447,0.0878906,-0.218262,0.987793,0,0,-0.000532632
1773773459528,0.0869141,-0.220215,0.987305,0,-0.00106526,0.000532632
1773773459608,0.0878906,-0.217285,0.988281,0,-0.000532632,0
1773773459679,0.0893555,-0.218262,0.987305,-0.000532632,-0.000532632,-0.000532632
1773773459759,0.0859375,-0.220215,0.98877,-0.00106526,-0.000532632,0
1773773459840,0.0869141,-0.21875,0.990234,-0.000532632,-0.0015979,0
1773773459910,0.0883789,-0.218262,0.986816,0.000532632,-0.00106526,0.00106526
1773773459991,0.0869141,-0.219727,0.986816,-0.00106526,-0.000532632,0.000532632
1773773460071,0.0869141,-0.218262,0.987305,0.000532632,-0.000532632,0.000532632
1773773460142,0.0874023,-0.219727,0.989258,-0.000532632,-0.00106526,-0.000532632
1773773460222,0.0874023,-0.217773,0.986816,0.000532632,-0.000532632,0
1773773460303,0.0859375,-0.217773,0.987793,-0.000532632,0,0.000532632
1773773460373,0.0859375,-0.21875,0.987305,0,0,0
1773773460454,0.0878906,-0.218262,0.98877,-0.000532632,-0.00106526,0
1773773460535,0.0878906,-0.219238,0.987793,0,-0.000532632,0
1773773460605,0.0874023,-0.216797,0.987793,0.000532632,-0.000532632,0
1773773460686,0.0883789,-0.217773,0.987305,0,-0.000532632,-0.00106526
1773773460756,0.0878906,-0.219238,0.986328,0,-0.000532632,0
1773773460837,0.0864258,-0.218262,0.986328,0,-0.000532632,-0.000532632
1773773460917,0.0888672,-0.217285,0.98877,-0.000532632,-0.00106526,0
1773773460988,0.0869141,-0.218262,0.988281,0.000532632,-0.000532632,0
1773773461068,0.0859375,-0.21875,0.988281,-0.000532632,-0.00106526,0
1773773461149,0.0864258,-0.21875,0.989746,0,-0.00106526,0
1773773461219,0.0888672,-0.219238,0.987793,0,-0.00106526,0
1773773461300,0.0878906,-0.220215,0.990723,0,-0.000532632,0.00106526
1773773461380,0.0874023,-0.219727,0.986816,0.000532632,-0.000532632,0.000532632
1773773461451,0.0869141,-0.217773,0.988281,0,-0.00106526,0.000532632
1773773461532,0.0883789,-0.219727,0.988281,0.000532632,-0.00106526,-0.00106526
1773773461612,0.0888672,-0.219727,0.989258,0,-0.00106526,0.00106526
1773773461683,0.0878906,-0.217773,0.987305,0,-0.000532632,-0.00106526
1773773461763,0.0864258,-0.219727,0.988281,-0.000532632,0.000532632,0.000532632
1773773461844,0.090332,-0.216797,0.987305,-0.00106526,0,0
1773773461914,0.0859375,-0.218262,0.986816,0,-0.00106526,0.000532632
1773773461995,0.0874023,-0.21875,0.987793,0,-0.000532632,0
1773773462065,0.0864258,-0.217285,0.986816,0.000532632,-0.00106526,0.000532632
1773773462146,0.0864258,-0.219238,0.987793,0.000532632,-0.000532632,-0.000532632
1773773462226,0.0874023,-0.21875,0.98877,0.0015979,0,0
1773773462297,0.0883789,-0.217285,0.988281,-0.000532632,-0.000532632,-0.000532632
1773773462377,0.0878906,-0.219727,0.989258,-0.000532632,-0.0015979,0
1773773462458,0.0898438,-0.217285,0.987793,-0.000532632,-0.000532632,0.00106526
1773773462528,0.0874023,-0.21875,0.988281,-0.000532632,-0.000532632,0.000532632
1773773462609,0.0859375,-0.217285,0.988281,0,0,0.000532632
1773773462689,0.0874023,-0.218262,0.990234,0.00106526,-0.000532632,0
1773773462760,0.0878906,-0.219238,0.987793,0,-0.00106526,-0.00106526
1773773462840,0.0869141,-0.216309,0.987305,0,-0.00106526,-0.000532632
1773773462921,0.0888672,-0.218262,0.98877,-0.000532632,-0.0015979,-0.000532632
1773773462992,0.0874023,-0.219238,0.98877,0.000532632,-0.0015979,-0.000532632
1773773463072,0.0893555,-0.218262,0.989258,0,-0.00106526,-0.000532632
1773773463153,0.0869141,-0.21875,0.987305,0,-0.00213053,0.000532632
1773773463223,0.0864258,-0.21875,0.989746,0,0.000532632,0.000532632
1773773463304,0.0864258,-0.21875,0.986816,0.000532632,0.000532632,0
1773773463374,0.0878906,-0.21875,0.987793,-0.00106526,0.000532632,-0.00106526
1773773463455,0.0874023,-0.222168,0.986328,0,-0.000532632,0
1773773463535,0.0869141,-0.217285,0.989746,0,-0.000532632,-0.000532632
1773773463606,0.0878906,-0.218262,0.986816,0.000532632,-0.000532632,0.00106526
1773773463686,0.0864258,-0.218262,0.986816,-0.000532632,-0.000532632,0.00106526
1773773463767,0.0874023,-0.217773,0.987793,0.000532632,-0.00106526,0.00106526
1773773463837,0.0864258,-0.216309,0.987305,-0.000532632,-0.00106526,-0.000532632
1773773463918,0.0874023,-0.21875,0.98584,-0.000532632,-0.00106526,0.000532632
1773773463999,0.0878906,-0.217285,0.988281,0,-0.00106526,0.000532632
1773773464069,0.0869141,-0.218262,0.987793,0.000532632,-0.000532632,-0.00106526
1773773464150,0.0844727,-0.216797,0.987305,-0.000532632,-0.000532632,0.00106526
1773773464230,0.0864258,-0.219727,0.988281,-0.00106526,-0.00106526,-0.000532632
1773773464301,0.0864258,-0.218262,0.98877,0.000532632,0,0
1773773464381,0.0864258,-0.219727,0.987305,0.000532632,-0.00106526,-0.000532632
1773773464452,0.0864258,-0.219238,0.987305,-0.00106526,-0.00106526,0.000532632
1773773464532,0.0874023,-0.218262,0.987305,0,-0.00106526,0
1773773464613,0.0869141,-0.218262,0.986816,-0.000532632,0,0
1773773464683,0.0874023,-0.21875,0.988281,0.000532632,0,0.000532632
1773773464764,0.0883789,-0.217773,0.98877,0,-0.000532632,0.000532632
1773773464844,0.0878906,-0.21875,0.987305,0,-0.00106526,0
1773773464915,0.0864258,-0.219238,0.987793,0.0015979,-0.000532632,0
1773773464995,0.0869141,-0.21875,0.987793,0,0,0
1773773465076,0.0869141,-0.220703,0.988281,0.000532632,0,0
1773773465146,0.0849609,-0.218262,0.988281,0,-0.000532632,-0.000532632
1773773465227,0.0888672,-0.220703,0.986816,0,-0.000532632,0.000532632
1773773465308,0.0874023,-0.21875,0.986816,0,-0.00106526,0
1773773465378,0.0869141,-0.218262,0.987793,0,-0.000532632,0
1773773465459,0.0869141,-0.219238,0.98584,-0.000532632,0,-0.000532632
1773773465539,0.0893555,-0.217773,0.989258,0.0015979,-0.00106526,0.00106526
1773773465610,0.0888672,-0.219727,0.98877,0,0,-0.000532632
1773773465690,0.0878906,-0.21875,0.987305,0.000532632,-0.00106526,0
1773773465761,0.0869141,-0.22168,0.987305,0.000532632,-0.000532632,0
1773773465841,0.0864258,-0.219238,0.988281,0,-0.000532632,0
1773773465922,0.0878906,-0.218262,0.986328,0.000532632,-0.000532632,0.000532632
1773773465992,0.0864258,-0.218262,0.987793,0,-0.000532632,0
1773773466073,0.0869141,-0.218262,0.987305,-0.000532632,-0.000532632,0.000532632
1773773466153,0.0878906,-0.219727,0.986328,0,-0.0015979,0.000532632
1773773466224,0.0869141,-0.217285,0.989258,-0.000532632,-0.000532632,0.000532632
1773773466305,0.0874023,-0.220703,0.987305,0.000532632,-0.000532632,0
1773773466385,0.0878906,-0.21875,0.989746,0.000532632,-0.0015979,0.0015979
1773773466456,0.0878906,-0.217773,0.988281,0.000532632,-0.000532632,0.000532632
1773773466536,0.0874023,-0.216797,0.987793,0.000532632,-0.000532632,0.000532632
1773773466617,0.0859375,-0.219238,0.987793,-0.00106526,-0.00106526,0.000532632
1773773466687,0.0869141,-0.219238,0.987793,-0.000532632,-0.00106526,0
1773773466769,0.0869141,-0.219727,0.987793,-0.000532632,-0.00106526,-0.0015979
1773773466848,0.0874023,-0.218262,0.987793,0.000532632,0,-0.000532632
1773773466919,0.0859375,-0.220215,0.988281,-0.000532632,-0.00106526,0
1773773466999,0.0854492,-0.21875,0.987793,-0.000532632,-0.000532632,0
1773773467070,0.0864258,-0.217773,0.986816,0,-0.000532632,0.000532632
1773773467150,0.0874023,-0.21875,0.990234,-0.000532632,-0.000532632,-0.000532632
1773773467231,0.0888672,-0.21875,0.985352,-0.00106526,0,0.000532632
1773773467301,0.0874023,-0.220215,0.986816,0.00106526,-0.00106526,0.00106526
1773773467383,0.0874023,-0.217773,0.991211,-0.000532632,-0.0015979,-0.00106526
1773773467463,0.0874023,-0.21875,0.987793,0.00106526,-0.00106526,0
1773773467534,0.0849609,-0.219238,0.986816,0.00106526,0.000532632,0.000532632
1773773467614,0.0874023,-0.219727,0.987793,0,-0.000532632,-0.000532632
1773773467694,0.0864258,-0.217773,0.988281,0.000532632,-0.000532632,0.00106526
1773773467765,0.0864258,-0.218262,0.989258,0.000532632,-0.00106526,-0.000532632
1773773467845,0.0874023,-0.21875,0.987305,-0.000532632,-0.000532632,-0.000532632
1773773467926,0.0854492,-0.220215,0.987305,-0.000532632,-0.00106526,-0.00106526
1773773467996,0.0869141,-0.219238,0.988281,-0.000532632,-0.000532632,0.00106526
1773773468077,0.0869141,-0.219238,0.986816,0.000532632,-0.00106526,-0.00106526
1773773468157,0.0854492,-0.217773,0.986328,0.000532632,0,0
1773773468228,0.0883789,-0.21875,0.987793,0.000532632,-0.000532632,-0.000532632
1773773468308,0.0874023,-0.219238,0.987305,0.000532632,-0.00106526,0
1773773468379,0.0883789,-0.21875,0.985352,0,0,-0.00106526
1773773468460,0.0854492,-0.217773,0.986328,0.00106526,-0.00106526,0
1773773468540,0.0883789,-0.21875,0.987793,-0.000532632,0,0
1773773468610,0.0854492,-0.219727,0.987305,-0.000532632,-0.000532632,-0.000532632
1773773468691,0.0854492,-0.220215,0.986328,0,-0.000532632,0
1773773468772,0.0859375,-0.217773,0.987305,0,-0.000532632,0
1773773468842,0.0859375,-0.216797,0.986816,0.000532632,-0.000532632,0.00106526
1773773468923,0.0869141,-0.220703,0.987305,0.000532632,0,0
1773773469003,0.0864258,-0.218262,0.988281,0.00106526,-0.000532632,0
1773773469074,0.0869141,-0.21875,0.989258,0,-0.000532632,0
1773773469154,0.0874023,-0.219238,0.987793,0.000532632,0,-0.000532632
1773773469235,0.0864258,-0.219238,0.985352,0.000532632,-0.0015979,-0.00106526
1773773469305,0.0849609,-0.218262,0.987793,0,-0.000532632,-0.000532632
1773773469386,0.0859375,-0.218262,0.989746,-0.00106526,0,0
1773773469456,0.0878906,-0.217773,0.987305,0,0,0.000532632
1773773469537,0.0874023,-0.219238,0.98877,0.000532632,-0.000532632,0
1773773469618,0.0854492,-0.218262,0.987305,-0.000532632,-0.00213053,-0.000532632
1773773469688,0.0874023,-0.219238,0.989258,0,-0.000532632,0.000532632
1773773469769,0.0883789,-0.218262,0.987793,-0.000532632,0.000532632,0.000532632
1773773469849,0.0859375,-0.216797,0.987305,-0.000532632,0,-0.000532632
1773773469920,0.0864258,-0.217773,0.98877,0.00106526,0,-0.0015979
1773773470000,0.0878906,-0.218262,0.986816,-0.000532632,-0.00106526,0
1773773470081,0.0854492,-0.21875,0.988281,0.000532632,0,0
1773773470151,0.0859375,-0.217285,0.988281,-0.000532632,-0.0015979,-0.000532632
1773773470232,0.0864258,-0.21875,0.988281,-0.000532632,0,0.000532632
1773773470312,0.0888672,-0.219238,0.989258,0,-0.00106526,0.000532632
1773773470383,0.0869141,-0.219238,0.988281,-0.000532632,-0.00106526,-0.000532632
1773773470463,0.0869141,-0.217773,0.988281,0,0,0.000532632
1773773470544,0.0869141,-0.219727,0.989258,0.000532632,0.000532632,-0.000532632
1773773470614,0.0864258,-0.219238,0.988281,0,0,0.000532632
1773773470695,0.0869141,-0.219238,0.989258,0,-0.000532632,0
1773773470765,0.0883789,-0.217773,0.988281,0.000532632,-0.00106526,0
1773773470846,0.0864258,-0.217285,0.988281,0.000532632,-0.000532632,0.00106526
1773773470927,0.0874023,-0.21875,0.986816,0,-0.000532632,0
1773773470997,0.0864258,-0.219238,0.987793,-0.000532632,-0.000532632,0.00106526
1773773471078,0.0864258,-0.220703,0.988281,-0.000532632,0,0
1773773471158,0.0869141,-0.219727,0.987305,0.00106526,-0.0015979,0.000532632
1773773471229,0.0864258,-0.21875,0.987305,0.00106526,-0.000532632,0
1773773471309,0.0854492,-0.220215,0.987793,-0.000532632,-0.00106526,0.000532632
1773773471390,0.0859375,-0.21875,0.987793,0,0,0.000532632
1773773471460,0.0878906,-0.218262,0.987793,0.000532632,-0.00106526,-0.000532632
1773773471541,0.0869141,-0.219238,0.98877,0.000532632,-0.000532632,0
1773773471621,0.0878906,-0.219238,0.987305,0,-0.000532632,0.000532632
1773773471693,0.0874023,-0.219238,0.98877,-0.00106526,-0.0015979,0
1773773471772,0.0869141,-0.218262,0.987793,0.000532632,0.000532632,0
1773773471853,0.0864258,-0.217773,0.987305,0,0,-0.000532632
1773773471923,0.0883789,-0.218262,0.988281,0,-0.000532632,-0.000532632
1773773472004,0.0864258,-0.220215,0.987793,-0.00106526,0,0
1773773472084,0.0859375,-0.218262,0.988281,0.000532632,-0.000532632,-0.000532632
1773773472155,0.0859375,-0.219238,0.987793,0.000532632,-0.000532632,0.000532632
1773773472235,0.0854492,-0.21875,0.988281,0.000532632,-0.0015979,0.000532632
1773773472306,0.0874023,-0.21875,0.986816,0.000532632,-0.00106526,0.00106526
1773773472387,0.0864258,-0.220215,0.987793,0.000532632,0,0
1773773472468,0.0849609,-0.218262,0.988281,0.000532632,-0.000532632,-0.000532632
1773773472538,0.0874023,-0.216797,0.98877,-0.000532632,-0.00106526,-0.000532632
1773773472619,0.0874023,-0.219238,0.987305,0.000532632,0,-0.000532632
1773773472699,0.0883789,-0.21875,0.988281,-0.000532632,-0.000532632,0.000532632
1773773472770,0.0878906,-0.217285,0.987793,0,0,0.000532632
1773773472851,0.0849609,-0.220703,0.987305,0,-0.000532632,0.000532632
1773773472931,0.0849609,-0.219238,0.987793,0.000532632,-0.00106526,-0.00106526
1773773473001,0.0869141,-0.218262,0.990234,-0.000532632,-0.00106526,0
1773773473082,0.0859375,-0.220215,0.988281,-0.000532632,-0.0015979,-0.00106526
1773773473162,0.0874023,-0.219238,0.987305,-0.000532632,-0.000532632,-0.000532632
1773773473233,0.0869141,-0.219238,0.988281,-0.000532632,-0.00106526,0.000532632
1773773473314,0.0859375,-0.220703,0.987793,0,-0.000532632,0.00106526
1773773473384,0.0869141,-0.217773,0.987793,0,0,-0.000532632
1773773473465,0.0869141,-0.21875,0.986816,0,-0.000532632,0.000532632
1773773473545,0.0864258,-0.216309,0.987793,0,0,-0.00106526
1773773473616,0.0854492,-0.21875,0.98877,-0.000532632,-0.00106526,0.000532632
1773773473696,0.0869141,-0.217773,0.988281,0.00106526,0,-0.000532632
1773773473777,0.0878906,-0.219238,0.986328,0.000532632,-0.00106526,-0.000532632
1773773473848,0.0864258,-0.219727,0.987793,0,-0.000532632,-0.000532632
1773773473928,0.0869141,-0.219727,0.987793,0,-0.000532632,0
1773773474009,0.0859375,-0.219238,0.988281,0.000532632,0,0.00106526
1773773474079,0.0864258,-0.217285,0.987305,0,0,0
1773773474160,0.0839844,-0.217773,0.986816,0.000532632,-0.00106526,-0.000532632
1773773474240,0.0859375,-0.220703,0.987305,0,0,-0.000532632
1773773474311,0.0854492,-0.21875,0.989258,0,-0.00106526,0
1773773474391,0.0883789,-0.216797,0.986816,0.00106526,-0.00106526,0
1773773474472,0.0869141,-0.217285,0.990234,-0.000532632,-0.00106526,0.00106526
1773773474542,0.0859375,-0.219238,0.989258,-0.000532632,-0.00106526,-0.000532632
1773773474623,0.0854492,-0.218262,0.988281,0,-0.000532632,0
1773773474693,0.0864258,-0.219238,0.986816,-0.000532632,-0.00106526,0
1773773474774,0.0878906,-0.21875,0.986816,0,-0.00106526,0.00106526
1773773474854,0.0874023,-0.220215,0.987793,-0.000532632,-0.00106526,-0.000532632
1773773474926,0.0874023,-0.220215,0.986328,-0.000532632,-0.000532632,0.00106526
1773773475005,0.0878906,-0.219727,0.987793,-0.00106526,-0.0015979,0.000532632
1773773475086,0.0864258,-0.218262,0.987793,0.000532632,-0.00106526,0.00106526
1773773475156,0.0878906,-0.217773,0.987305,0,-0.000532632,-0.000532632
1773773475237,0.0869141,-0.219238,0.988281,0,-0.000532632,-0.000532632
1773773475317,0.0869141,-0.216797,0.987305,0.000532632,-0.00106526,0
1773773475388,0.0864258,-0.218262,0.986816,-0.00106526,-0.000532632,-0.000532632
1773773475468,0.0864258,-0.219727,0.987793,-0.000532632,-0.000532632,0.00106526
1773773475549,0.0864258,-0.21875,0.987793,-0.00106526,-0.000532632,0.000532632
1773773475620,0.0883789,-0.218262,0.986816,0.000532632,-0.00106526,0
1773773475700,0.0878906,-0.21875,0.98877,0.000532632,-0.000532632,0
1773773475781,0.0859375,-0.219238,0.987793,0.00106526,0,0.000532632
1773773475851,0.0864258,-0.217285,0.988281,0,-0.000532632,0
1773773475932,0.0874023,-0.217285,0.989746,0,0.000532632,0
1773773476002,0.0869141,-0.219238,0.987305,0,-0.00106526,-0.000532632
1773773476083,0.0878906,-0.219238,0.989746,0,0,0
1773773476163,0.0864258,-0.21875,0.987793,-0.000532632,0,0
1773773476234,0.0883789,-0.218262,0.987305,0.000532632,-0.000532632,0.000532632
1773773476315,0.0878906,-0.217285,0.988281,-0.000532632,-0.000532632,0.000532632
1773773476396,0.0874023,-0.219238,0.986328,-0.00106526,0,0
1773773476467,0.0883789,-0.219238,0.987793,0.000532632,-0.00106526,0.00106526
1773773476547,0.0864258,-0.218262,0.986328,0,-0.000532632,0
1773773476627,0.0869141,-0.219727,0.987793,0,0,-0.00106526
1773773476698,0.0878906,-0.218262,0.987793,-0.000532632,0,0.000532632
1773773476778,0.0874023,-0.220215,0.986816,0.000532632,-0.00106526,-0.00106526
1773773476859,0.0878906,-0.218262,0.987305,-0.000532632,-0.00106526,0
1773773476929,0.0883789,-0.217773,0.987793,0.000532632,0.000532632,-0.000532632
1773773477010,0.0869141,-0.219238,0.988281,-0.00106526,-0.00106526,-0.0015979
1773773477080,0.0869141,-0.218262,0.986328,0.00106526,0,0.000532632
1773773477161,0.0849609,-0.217773,0.988281,-0.000532632,0,-0.000532632
1773773477241,0.0854492,-0.219727,0.987793,-0.000532632,-0.00106526,0.000532632
1773773477312,0.0869141,-0.218262,0.986816,-0.000532632,-0.0015979,0
1773773477393,0.0839844,-0.219727,0.987793,0,-0.00106526,-0.00106526
1773773477473,0.0883789,-0.219727,0.987305,-0.000532632,-0.00106526,0.000532632
1773773477544,0.0869141,-0.217773,0.987305,0,-0.0015979,-0.000532632
1773773477624,0.0854492,-0.22168,0.987793,0,-0.00106526,0
1773773477705,0.0854492,-0.218262,0.987305,-0.000532632,-0.00106526,-0.00106526
1773773477775,0.0883789,-0.220215,0.987305,-0.000532632,0,0
1773773477856,0.0878906,-0.219727,0.98584,-0.000532632,-0.00106526,-0.000532632
1773773477936,0.0864258,-0.220703,0.98584,0.000532632,0,0.00106526
1773773478007,0.0859375,-0.219727,0.988281,-0.000532632,0,0.000532632
1773773478088,0.0864258,-0.21875,0.987305,0,-0.000532632,0
1773773478168,0.0878906,-0.217773,0.986816,0,-0.0015979,0.000532632
1773773478238,0.0859375,-0.219727,0.986328,-0.000532632,-0.000532632,-0.000532632
1773773478319,0.0859375,-0.218262,0.987793,-0.00106526,-0.000532632,-0.0015979
1773773478390,0.0864258,-0.219727,0.986816,-0.000532632,-0.00106526,0
1773773478470,0.0859375,-0.218262,0.987305,-0.00106526,-0.000532632,0
1773773478551,0.0869141,-0.220215,0.986328,0.00106526,-0.00106526,-0.000532632
1773773478621,0.0869141,-0.217285,0.987305,0,-0.00106526,0
1773773478702,0.0854492,-0.221191,0.98877,0.000532632,-0.000532632,0
1773773478782,0.0878906,-0.217285,0.98584,0,-0.00213053,0.00106526
1773773478853,0.0869141,-0.219238,0.986816,-0.000532632,0.000532632,0.000532632
1773773478933,0.0864258,-0.218262,0.986816,0,0,0
1773773479014,0.0878906,-0.217773,0.987793,0,0,0
1773773479084,0.0878906,-0.219238,0.989746,0.0015979,-0.00106526,0.00106526
1773773479165,0.0888672,-0.219727,0.986816,-0.000532632,0,-0.000532632
1773773479245,0.0883789,-0.217285,0.986816,0.000532632,-0.0015979,-0.000532632
1773773479316,0.0869141,-0.220215,0.987793,-0.00106526,-0.000532632,0.000532632
1773773479396,0.0854492,-0.218262,0.987305,0.000532632,-0.000532632,-0.000532632
1773773479467,0.0864258,-0.218262,0.987305,0.000532632,0,0.000532632
1773773479548,0.0859375,-0.217285,0.987305,0,-0.000532632,0
1773773479629,0.0883789,-0.21875,0.989258,0,-0.000532632,-0.000532632
1773773479699,0.0849609,-0.220703,0.987793,0.000532632,0,-0.000532632
1773773479780,0.0859375,-0.219238,0.986816,-0.000532632,0.000532632,0.00106526
1773773479860,0.0859375,-0.219727,0.989258,0,-0.000532632,-0.000532632
1773773479931,0.0859375,-0.217773,0.989258,-0.000532632,-0.000532632,0
1773773480011,0.0859375,-0.220215,0.986328,-0.000532632,-0.000532632,-0.000532632
1773773480092,0.0874023,-0.219238,0.988281,0,-0.000532632,0
1773773480162,0.0883789,-0.219238,0.98877,-0.000532632,-0.00106526,0
1773773480243,0.0854492,-0.220703,0.987305,0,0,0.00106526
1773773480323,0.0869141,-0.218262,0.98877,0,0,0.000532632
1773773480394,0.0844727,-0.216797,0.987305,-0.00106526,-0.00106526,0
1773773480475,0.0864258,-0.21875,0.986328,-0.000532632,-0.000532632,0
1773773480545,0.0859375,-0.21875,0.98877,0.000532632,0,0
1773773480625,0.0859375,-0.218262,0.987793,0,-0.000532632,0.000532632
1773773480706,0.0878906,-0.219238,0.987305,0,-0.00106526,-0.000532632
1773773480777,0.0888672,-0.220703,0.989746,0.000532632,-0.000532632,-0.000532632
1773773480857,0.0878906,-0.219238,0.988281,-0.0015979,-0.00106526,0
1773773480938,0.0874023,-0.219238,0.988281,0.000532632,-0.000532632,0.000532632
1773773481008,0.0878906,-0.217285,0.987305,-0.000532632,-0.00106526,-0.00106526
1773773481089,0.0859375,-0.217285,0.986328,-0.000532632,-0.000532632,0
1773773481169,0.0854492,-0.219238,0.986816,0,-0.000532632,-0.000532632
1773773481240,0.0878906,-0.219238,0.987305,-0.000532632,-0.00106526,-0.00106526
1773773481320,0.0888672,-0.216797,0.987793,0,-0.00106526,0.000532632
1773773481401,0.0878906,-0.219727,0.986816,-0.000532632,-0.000532632,-0.000532632
1773773481471,0.0864258,-0.21875,0.986816,0.000532632,0,-0.000532632
1773773481552,0.0874023,-0.217773,0.987793,-0.00106526,0,-0.000532632
1773773481632,0.0859375,-0.219238,0.987793,-0.000532632,-0.0015979,0.000532632
1773773481703,0.0849609,-0.21875,0.987305,-0.00106526,0,0.000532632
1773773481783,0.0859375,-0.220215,0.988281,0.000532632,0.000532632,0
1773773481854,0.0854492,-0.220215,0.988281,0,0,0
1773773481935,0.0854492,-0.220215,0.988281,0.000532632,-0.00106526,0.000532632
1773773482015,0.0878906,-0.217773,0.98877,0,0,0
1773773482085,0.0883789,-0.219238,0.986816,-0.000532632,-0.000532632,-0.000532632
1773773482166,0.0869141,-0.219727,0.986816,0,0,0
1773773482247,0.0869141,-0.220703,0.988281,-0.00106526,-0.000532632,0.000532632
1773773482317,0.0878906,-0.216797,0.98877,0,-0.000532632,0
1773773482398,0.0849609,-0.220215,0.987793,-0.00106526,0,0
1773773482478,0.0864258,-0.218262,0.987305,0.000532632,-0.00106526,0
1773773482549,0.0878906,-0.218262,0.988281,0.000532632,0,0
1773773482629,0.0883789,-0.21875,0.987793,0.00106526,-0.000532632,0
1773773482710,0.0839844,-0.218262,0.986816,-0.000532632,-0.000532632,0
1773773482780,0.0869141,-0.219238,0.987305,-0.000532632,-0.000532632,0
1773773482861,0.0869141,-0.217773,0.98877,0,-0.00106526,-0.000532632
1773773482941,0.0859375,-0.217285,0.987793,-0.00106526,-0.0015979,0.000532632
1773773483012,0.0869141,-0.218262,0.987305,0.000532632,-0.00106526,-0.00106526
1773773483093,0.0864258,-0.219238,0.987793,0.000532632,-0.00106526,0.000532632
1773773483163,0.0854492,-0.217773,0.987793,0,-0.000532632,0
1773773483243,0.0874023,-0.219727,0.987305,-0.000532632,-0.000532632,0
1773773483324,0.0869141,-0.219238,0.988281,-0.000532632,-0.0015979,-0.000532632
1773773483395,0.0874023,-0.218262,0.987793,0,-0.00106526,-0.000532632
1773773483475,0.0883789,-0.218262,0.986816,0.000532632,-0.000532632,0.000532632
1773773483556,0.0874023,-0.220703,0.986816,-0.000532632,-0.00106526,0
1773773483627,0.0883789,-0.217773,0.987305,0,-0.00106526,0
1773773483707,0.0878906,-0.220215,0.987305,0.000532632,0,0
1773773483787,0.0874023,-0.21875,0.98877,0,-0.000532632,0.00106526
1773773483858,0.0888672,-0.216797,0.987305,-0.000532632,-0.000532632,0
1773773483938,0.0874023,-0.21875,0.987305,0,0,0
1773773484020,0.0893555,-0.219727,0.987305,0,-0.00106526,0
1773773484089,0.0883789,-0.217773,0.988281,0,-0.00106526,-0.00106526
1773773484170,0.0878906,-0.21875,0.987793,-0.000532632,-0.00106526,0.000532632
1773773484251,0.0878906,-0.21875,0.988281,0,-0.00106526,0.000532632
1773773484322,0.0869141,-0.217773,0.98877,0.000532632,-0.0015979,0
1773773484402,0.0893555,-0.219727,0.988281,-0.000532632,-0.000532632,-0.000532632
1773773484473,0.0859375,-0.221191,0.987305,0.000532632,-0.00106526,0.000532632
1773773484553,0.0869141,-0.219238,0.985352,-0.000532632,-0.000532632,-0.000532632
1773773484633,0.0854492,-0.220215,0.987793,0.000532632,-0.00106526,0.000532632
1773773484704,0.0859375,-0.218262,0.987305,-0.00106526,-0.000532632,0
1773773484784,0.0883789,-0.218262,0.988281,0,-0.00106526,0
1773773484865,0.0854492,-0.219727,0.985352,0,-0.00106526,0
1773773484935,0.0864258,-0.219238,0.987305,0,-0.00106526,-0.000532632
1773773485016,0.0854492,-0.219238,0.987305,-0.000532632,-0.000532632,0.000532632
1773773485096,0.0869141,-0.220703,0.986816,-0.00106526,-0.000532632,0
1773773485167,0.090332,-0.217773,0.987793,0,-0.000532632,0.0015979
1773773485247,0.0849609,-0.219727,0.987793,0,-0.000532632,0
1773773485328,0.0864258,-0.218262,0.988281,0,-0.00106526,0
1773773485399,0.0864258,-0.217773,0.987793,-0.00106526,-0.00106526,0.000532632
1773773485479,0.0854492,-0.217773,0.987305,0,-0.000532632,0
1773773485560,0.0874023,-0.219727,0.987793,0.000532632,-0.0015979,0.000532632
1773773485630,0.0878906,-0.219238,0.987305,0,-0.00106526,0.000532632
1773773485711,0.0849609,-0.219238,0.986816,0.000532632,-0.00106526,-0.000532632
1773773485781,0.0883789,-0.219727,0.98877,0.000532632,0.00106526,0.000532632
1773773485862,0.0874023,-0.21875,0.987793,0,-0.00106526,-0.000532632
1773773485942,0.0864258,-0.21875,0.990234,0.000532632,-0.000532632,-0.000532632
1773773486013,0.0878906,-0.219238,0.987793,0,-0.000532632,0.000532632
1773773486093,0.0874023,-0.218262,0.988281,-0.000532632,-0.0015979,0
1773773486174,0.0893555,-0.216309,0.98877,0,-0.00106526,-0.000532632
1773773486245,0.0878906,-0.217773,0.988281,0.00106526,-0.000532632,0.00106526
1773773486325,0.0869141,-0.219238,0.98877,0,-0.000532632,0
1773773486406,0.0869141,-0.219238,0.989746,0.000532632,-0.00106526,0.000532632
1773773486476,0.0864258,-0.218262,0.987793,-0.00106526,0,0
1773773486557,0.0849609,-0.219238,0.987305,0,-0.00106526,-0.000532632
1773773486637,0.0859375,-0.219238,0.987305,0.00106526,-0.00106526,0
1773773486709,0.0874023,-0.218262,0.987305,0,0,-0.000532632
1773773486788,0.0864258,-0.218262,0.986816,0,-0.000532632,0
1773773486859,0.0854492,-0.219727,0.989258,-0.000532632,0,0
1773773486939,0.0864258,-0.218262,0.986816,0.000532632,-0.00106526,-0.000532632
1773773487020,0.0849609,-0.219727,0.988281,0,0,0
1773773487090,0.0849609,-0.217773,0.98877,-0.000532632,-0.00106526,0
1773773487171,0.0844727,-0.220215,0.987305,-0.000532632,-0.000532632,0
1773773487252,0.0878906,-0.219238,0.986816,-0.000532632,-0.000532632,0.000532632
1773773487322,0.0869141,-0.220703,0.989746,0,-0.00106526,0.000532632
1773773487403,0.0878906,-0.219727,0.987305,0,-0.000532632,0
1773773487483,0.0878906,-0.219727,0.986816,-0.000532632,-0.00106526,0
1773773487554,0.0874023,-0.21875,0.988281,-0.000532632,0,0
1773773487634,0.0859375,-0.219727,0.98584,0.000532632,0,-0.000532632
1773773487715,0.0859375,-0.219727,0.986816,0,-0.00106526,0.00106526
1773773487785,0.0854492,-0.21875,0.985352,0.000532632,-0.0015979,-0.000532632
1773773487866,0.0869141,-0.220703,0.98584,0.000532632,-0.000532632,0.00106526
1773773487946,0.0854492,-0.220703,0.987305,0,-0.000532632,-0.000532632
1773773488018,0.0869141,-0.219238,0.987793,0.000532632,-0.000532632,0
1773773488097,0.0854492,-0.218262,0.98877,0.000532632,0,-0.00106526
1773773488168,0.0854492,-0.219727,0.988281,-0.000532632,-0.00106526,0.000532632
1773773488248,0.0874023,-0.219727,0.987305,0.000532632,-0.0015979,-0.000532632
1773773488329,0.0874023,-0.218262,0.985352,0.00106526,0,-0.00106526
1773773488400,0.0869141,-0.218262,0.987305,-0.000532632,-0.00106526,0.000532632
1773773488480,0.0854492,-0.217285,0.987305,0,-0.000532632,-0.000532632
1773773488561,0.0864258,-0.220215,0.988281,0.000532632,0,0.000532632
1773773488631,0.0888672,-0.219727,0.987793,-0.000532632,0,-0.000532632
1773773488712,0.0874023,-0.218262,0.989746,0,-0.00106526,0
1773773488793,0.0878906,-0.217773,0.987305,0,0.000532632,0.00106526
1773773488863,0.0864258,-0.219238,0.987793,0,-0.000532632,-0.00106526
1773773488944,0.0869141,-0.219727,0.987305,0,-0.000532632,0
1773773489024,0.0878906,-0.218262,0.986816,0.000532632,-0.000532632,0
1773773489095,0.0869141,-0.217773,0.987305,0,0,0
1773773489175,0.0864258,-0.217773,0.987305,0.000532632,-0.000532632,0
1773773489246,0.0878906,-0.21582,0.988281,0.00106526,0,0
1773773489327,0.0874023,-0.217285,0.987305,-0.000532632,-0.00106526,-0.000532632
1773773489407,0.0874023,-0.219238,0.98877,-0.000532632,-0.0015979,-0.000532632
1773773489478,0.0869141,-0.21875,0.986816,0.000532632,-0.00106526,0
1773773489558,0.0864258,-0.219727,0.987793,0,-0.000532632,0.00106526
1773773489639,0.0893555,-0.21875,0.985352,0.000532632,0,-0.00106526
1773773489709,0.0854492,-0.219238,0.987305,0,-0.000532632,-0.00106526
1773773489790,0.0874023,-0.218262,0.986816,-0.000532632,-0.000532632,0
1773773489871,0.0859375,-0.217773,0.988281,0,0.000532632,-0.000532632
1773773489941,0.0864258,-0.217773,0.987793,0.000532632,-0.00106526,0
1773773490022,0.0878906,-0.220703,0.987793,-0.000532632,0.00106526,0.000532632
1773773490102,0.0874023,-0.217285,0.98877,0,0.000532632,0
1773773490173,0.0878906,-0.220215,0.988281,-0.0015979,0,0.000532632
1773773490253,0.0874023,-0.218262,0.987793,0.00106526,-0.000532632,0
1773773490334,0.0878906,-0.21875,0.987305,-0.000532632,-0.00106526,0
1773773490405,0.0874023,-0.217773,0.987305,-0.000532632,-0.000532632,0
1773773490486,0.0869141,-0.217773,0.987793,-0.000532632,-0.00106526,0
1773773490557,0.0849609,-0.216797,0.989258,0.00106526,0,0
1773773490637,0.0854492,-0.219238,0.987305,0.00106526,-0.00106526,0
1773773490717,0.0859375,-0.219727,0.98877,0,-0.000532632,0
1773773490788,0.0859375,-0.218262,0.987793,0.000532632,-0.00106526,0
1773773490868,0.0878906,-0.219727,0.98877,-0.000532632,0,-0.000532632
1773773490949,0.0869141,-0.217773,0.986816,0,-0.00106526,0
1773773491019,0.0898438,-0.217285,0.987793,0,0,0.000532632
1773773491100,0.0878906,-0.220215,0.98877,0.000532632,0.000532632,0
1773773491180,0.0869141,-0.219238,0.987305,0,-0.000532632,-0.000532632
1773773491251,0.0878906,-0.21875,0.986816,-0.000532632,-0.000532632,0.000532632
1773773491331,0.0864258,-0.219238,0.987793,0,-0.00106526,0.00106526
1773773491402,0.0878906,-0.217285,0.987793,-0.000532632,-0.00106526,-0.000532632
1773773491483,0.0888672,-0.217773,0.98877,0,-0.00106526,-0.000532632
1773773491563,0.0869141,-0.21875,0.987305,-0.000532632,0,0
1773773491633,0.0854492,-0.217773,0.986816,-0.000532632,0,0
1773773491714,0.0878906,-0.219238,0.98877,0.000532632,0,0.000532632
1773773491795,0.0878906,-0.218262,0.989258,0,-0.00106526,-0.000532632
1773773491865,0.0878906,-0.216797,0.98584,0.00106526,0,0
1773773491946,0.0864258,-0.219727,0.98877,-0.000532632,-0.00106526,0.000532632
1773773492026,0.0874023,-0.217285,0.987793,0,-0.00106526,0
1773773492097,0.0869141,-0.219727,0.986816,0,-0.00106526,0
1773773492177,0.0883789,-0.217773,0.987305,-0.000532632,-0.000532632,-0.00106526
1773773492258,0.0878906,-0.217285,0.987305,0.000532632,-0.00106526,0
1773773492328,0.0859375,-0.21875,0.989258,-0.000532632,-0.00106526,0.000532632
1773773492409,0.0878906,-0.219727,0.987793,0.000532632,-0.000532632,-0.00106526
1773773492489,0.0874023,-0.21875,0.988281,0.000532632,-0.0015979,-0.000532632
1773773492560,0.0878906,-0.220215,0.989258,0.000532632,-0.000532632,0
1773773492641,0.0874023,-0.218262,0.988281,0,-0.000532632,-0.000532632
1773773492711,0.0888672,-0.217285,0.986816,-0.000532632,-0.00106526,0
1773773492792,0.0869141,-0.219238,0.987305,0,-0.00106526,0
1773773492872,0.0869141,-0.218262,0.98877,0,-0.000532632,-0.000532632
1773773492943,0.0883789,-0.219727,0.987793,0.000532632,-0.0015979,0.000532632
1773773493023,0.0864258,-0.21875,0.98877,-0.00106526,-0.00106526,-0.000532632
1773773493104,0.0883789,-0.21875,0.986328,0,-0.00106526,0
1773773493174,0.0854492,-0.218262,0.986816,-0.000532632,-0.000532632,0
1773773493255,0.0874023,-0.220215,0.988281,0,0,-0.0015979
1773773493336,0.0859375,-0.21875,0.98877,0.000532632,-0.00106526,0.000532632
1773773493407,0.0878906,-0.219238,0.98877,0.000532632,-0.000532632,0.000532632
1773773493487,0.0864258,-0.219238,0.986328,0.000532632,-0.000532632,0.000532632
1773773493567,0.0888672,-0.218262,0.987793,0.000532632,-0.00106526,-0.000532632
1773773493638,0.090332,-0.217285,0.987305,0.000532632,-0.000532632,0.000532632
1773773493718,0.0869141,-0.218262,0.987305,0,0,0.000532632
1773773493799,0.0869141,-0.218262,0.988281,-0.000532632,-0.000532632,0.000532632
1773773493869,0.0878906,-0.216309,0.98877,0,0.000532632,0
1773773493950,0.0859375,-0.21875,0.987793,0,-0.00106526,0.00106526
1773773494020,0.0869141,-0.21875,0.986328,0.000532632,-0.000532632,0
1773773494101,0.0874023,-0.218262,0.989746,-0.000532632,-0.000532632,0
1773773494181,0.0859375,-0.218262,0.986328,0,0,0.000532632
1773773494252,0.0893555,-0.216797,0.988281,0.00106526,0,0.000532632
1773773494332,0.0878906,-0.21875,0.988281,0.00106526,-0.000532632,-0.00106526
1773773494413,0.0869141,-0.219727,0.988281,0.000532632,0,0.000532632
1773773494484,0.0888672,-0.219238,0.988281,-0.00106526,-0.000532632,0
1773773494564,0.0883789,-0.218262,0.987793,-0.000532632,-0.000532632,0
1773773494645,0.0874023,-0.217773,0.989258,0,-0.00106526,0
1773773494715,0.0864258,-0.21875,0.988281,0.000532632,-0.000532632,0.000532632
1773773494796,0.0874023,-0.220215,0.988281,0,-0.00106526,0
1773773494876,0.0874023,-0.21875,0.986816,-0.000532632,-0.000532632,-0.000532632
1773773494947,0.0878906,-0.21875,0.990234,0.000532632,0.000532632,-0.000532632
1773773495027,0.0859375,-0.219238,0.987305,-0.00106526,0,0.000532632
1773773495108,0.0883789,-0.217773,0.986816,0,-0.000532632,-0.000532632
1773773495178,0.0874023,-0.218262,0.989258,0,-0.000532632,0
1773773495259,0.0874023,-0.219727,0.988281,0,0,-0.000532632
1773773495329,0.0883789,-0.219238,0.988281,0,0,0.000532632
1773773495410,0.0869141,-0.219238,0.987793,0.0015979,-0.00106526,0.000532632
1773773495491,0.0888672,-0.219238,0.988281,-0.00106526,-0.00106526,0.00106526
1773773495561,0.0883789,-0.219238,0.987793,0,-0.00106526,0.00106526
1773773495642,0.0878906,-0.21875,0.987305,0,-0.000532632,0
1773773495722,0.0878906,-0.219727,0.988281,0.00106526,0,0.000532632
1773773495793,0.0864258,-0.219727,0.988281,0.000532632,-0.000532632,0.000532632
1773773495873,0.0864258,-0.220215,0.987305,0.000532632,0.000532632,0
1773773495954,0.0878906,-0.21875,0.989746,0,-0.00106526,0
1773773496024,0.0878906,-0.21875,0.986816,0.000532632,-0.0015979,0.000532632
1773773496105,0.0859375,-0.217773,0.988281,-0.00106526,-0.00106526,0
1773773496185,0.0859375,-0.217285,0.987305,0,-0.0015979,0
1773773496256,0.0888672,-0.218262,0.986816,0,-0.000532632,0.000532632
1773773496337,0.0874023,-0.219238,0.987793,0.000532632,-0.000532632,0
1773773496407,0.0874023,-0.217773,0.98877,0.000532632,-0.000532632,0.000532632
1773773496487,0.0869141,-0.219238,0.986816,0.000532632,0,-0.000532632
1773773496568,0.0874023,-0.217773,0.988281,0.00106526,0,0.00106526
1773773496639,0.0883789,-0.220703,0.986816,0,0,0
1773773496719,0.0888672,-0.21875,0.987793,0,0,0
1773773496800,0.0878906,-0.217773,0.988281,0,-0.00106526,-0.00106526
1773773496870,0.0874023,-0.217773,0.987793,-0.000532632,-0.000532632,-0.000532632
1773773496951,0.0859375,-0.219238,0.987305,0,-0.00106526,0
1773773497031,0.0864258,-0.216797,0.987305,-0.00106526,-0.0015979,0
1773773497102,0.0864258,-0.21875,0.987305,-0.000532632,-0.000532632,0.000532632
1773773497182,0.0874023,-0.217773,0.987793,0,-0.00106526,-0.000532632
1773773497263,0.0878906,-0.21875,0.989746,0,-0.0015979,0.000532632
1773773497334,0.0869141,-0.217773,0.987793,0,-0.000532632,-0.000532632
1773773497414,0.0883789,-0.21875,0.98584,-0.00106526,-0.000532632,0
1773773497495,0.0883789,-0.217773,0.98584,-0.00106526,-0.000532632,0
1773773497565,0.0859375,-0.218262,0.989746,-0.000532632,-0.000532632,-0.000532632
1773773497646,0.0854492,-0.217773,0.986816,0,-0.0015979,0
1773773497716,0.0869141,-0.221191,0.987793,0,-0.00106526,0
1773773497797,0.0874023,-0.219727,0.988281,0.00106526,0,0.000532632
1773773497877,0.0849609,-0.219238,0.986816,-0.000532632,-0.00106526,-0.000532632
1773773497948,0.0888672,-0.219238,0.987305,-0.000532632,-0.00106526,0.00106526
1773773498028,0.0874023,-0.219238,0.986328,0,0.000532632,0.000532632
1773773498109,0.0878906,-0.216797,0.990234,-0.000532632,-0.000532632,0
1773773498179,0.0878906,-0.21875,0.987793,-0.00106526,-0.00106526,0.00106526
1773773498260,0.0869141,-0.21875,0.986816,0.00106526,-0.000532632,0.000532632
1773773498340,0.0874023,-0.218262,0.989258,0.000532632,0,0.000532632
1773773498411,0.0864258,-0.217773,0.989258,0,-0.0015979,-0.000532632
1773773498491,0.0908203,-0.217773,0.987305,0.0015979,-0.00106526,-0.000532632
1773773498572,0.0864258,-0.219727,0.988281,-0.000532632,-0.00106526,0.000532632
1773773498642,0.0864258,-0.21875,0.986328,0.000532632,0,0.00106526
1773773498723,0.0859375,-0.219727,0.986816,0,0.000532632,-0.000532632
1773773498804,0.0869141,-0.21875,0.988281,-0.00106526,0,-0.0015979
1773773498874,0.0869141,-0.216797,0.988281,0,-0.00106526,-0.000532632
1773773498955,0.0864258,-0.219238,0.986328,-0.000532632,-0.0015979,0
1773773499025,0.0878906,-0.218262,0.986816,0.000532632,-0.00106526,0
1773773499106,0.0849609,-0.217773,0.987305,0,0,0
1773773499186,0.0893555,-0.219238,0.987793,-0.00106526,-0.00106526,0.00106526
1773773499257,0.0869141,-0.219727,0.98584,0,-0.000532632,0
1773773499337,0.0878906,-0.217285,0.990234,-0.00106526,-0.000532632,0.000532632
1773773499418,0.0878906,-0.216797,0.98877,0,-0.00106526,0
1773773499488,0.0864258,-0.218262,0.987305,0.000532632,-0.00106526,-0.000532632
1773773499569,0.0878906,-0.218262,0.98877,0,0,0.000532632
1773773499649,0.0888672,-0.219238,0.985352,0,-0.00106526,0
1773773499720,0.0883789,-0.216797,0.98877,0,-0.000532632,0.000532632
1773773499800,0.0874023,-0.219727,0.98877,0,-0.00106526,0
1773773499881,0.0864258,-0.220215,0.989746,-0.00106526,-0.000532632,0
1773773499951,0.0859375,-0.219727,0.989258,-0.000532632,-0.000532632,0.0015979
1773773500032,0.0888672,-0.219727,0.989746,0,0,0.000532632
1773773500113,0.0874023,-0.216797,0.989258,-0.000532632,-0.000532632,0.000532632
1773773500183,0.0883789,-0.219727,0.987793,0,-0.000532632,-0.000532632
1773773500264,0.0864258,-0.220215,0.987305,-0.00106526,-0.000532632,0.000532632
1773773500334,0.0859375,-0.219238,0.987793,0.000532632,-0.000532632,0
1773773500415,0.0883789,-0.218262,0.987793,-0.000532632,0,0.0015979
1773773500495,0.0864258,-0.219727,0.989746,0.000532632,0.000532632,0
1773773500566,0.0854492,-0.217773,0.988281,0.000532632,0.000532632,0.00106526
1773773500646,0.0878906,-0.219238,0.98877,-0.000532632,-0.00106526,-0.000532632
1773773500727,0.0878906,-0.21875,0.987793,-0.000532632,-0.00106526,-0.00106526
1773773500797,0.0869141,-0.218262,0.988281,0,-0.000532632,0
1773773500878,0.0849609,-0.219727,0.986816,0.000532632,-0.000532632,-0.000532632
1773773500959,0.0864258,-0.217773,0.987793,0,-0.000532632,0
1773773501029,0.0874023,-0.217285,0.987793,-0.000532632,-0.00106526,0.000532632
1773773501109,0.0854492,-0.219238,0.987793,0.000532632,-0.000532632,0
1773773501190,0.0883789,-0.220215,0.98584,0,0,0
1773773501260,0.0869141,-0.217773,0.987793,0,0,0.00106526
1773773501341,0.0878906,-0.21875,0.98877,0,0,-0.000532632
1773773501412,0.0888672,-0.218262,0.987793,0,-0.000532632,0.000532632
1773773501492,0.0854492,-0.219727,0.987305,0.00106526,-0.000532632,0.000532632
1773773501573,0.0854492,-0.217773,0.988281,0,-0.00106526,0
1773773501643,0.0864258,-0.217285,0.98584,0.000532632,-0.000532632,0.000532632
1773773501724,0.0869141,-0.217285,0.98877,0,-0.00106526,0
1773773501804,0.0883789,-0.220215,0.987793,-0.000532632,0.000532632,0.000532632
1773773501875,0.0869141,-0.217285,0.987305,-0.000532632,-0.0015979,0.000532632
1773773501955,0.0864258,-0.216797,0.98877,0.000532632,0,0.000532632
1773773502036,0.0878906,-0.219238,0.986328,0.000532632,-0.000532632,0.000532632
1773773502107,0.0869141,-0.216797,0.98877,0.000532632,-0.000532632,0
1773773502187,0.0864258,-0.218262,0.987793,-0.000532632,-0.000532632,0
1773773502268,0.0864258,-0.21875,0.989746,0.000532632,-0.000532632,0.000532632
1773773502338,0.0883789,-0.218262,0.987793,0.000532632,-0.00106526,0.000532632
1773773502419,0.0864258,-0.21875,0.988281,0,0.000532632,0
1773773502499,0.0874023,-0.21875,0.989258,-0.000532632,-0.000532632,-0.000532632
1773773502570,0.0854492,-0.216309,0.987793,0,0,0.000532632
1773773502650,0.0883789,-0.217285,0.986816,0,-0.0015979,-0.000532632
1773773502731,0.0854492,-0.217773,0.989258,0,-0.00106526,-0.000532632
1773773502801,0.0888672,-0.217773,0.986816,0,-0.000532632,-0.000532632
1773773502882,0.0869141,-0.219238,0.98877,-0.00106526,-0.000532632,0.000532632
1773773502952,0.0878906,-0.21875,0.987793,-0.000532632,-0.000532632,0.00106526
1773773503033,0.0854492,-0.217773,0.987793,0,-0.00106526,-0.000532632
1773773503114,0.0883789,-0.217285,0.987793,-0.000532632,-0.00106526,0
1773773503184,0.0854492,-0.21875,0.987305,0.000532632,-0.000532632,0
1773773503265,0.0878906,-0.219238,0.989258,0.00106526,-0.000532632,-0.000532632
1773773503345,0.0869141,-0.219238,0.988281,0.000532632,-0.000532632,-0.000532632
1773773503416,0.0874023,-0.21875,0.986328,-0.000532632,-0.000532632,0.000532632
1773773503496,0.0864258,-0.218262,0.987305,0.000532632,0,0
1773773503577,0.0864258,-0.218262,0.987305,0,0,0
1773773503647,0.0859375,-0.21875,0.986328,-0.000532632,-0.000532632,-0.000532632
1773773503728,0.0878906,-0.21875,0.986816,0,-0.000532632,0.000532632
1773773503808,0.0859375,-0.219238,0.986328,-0.000532632,0,0
1773773503879,0.0864258,-0.217773,0.987305,0,-0.00106526,0.00106526
1773773503959,0.0864258,-0.21875,0.986816,0,-0.000532632,-0.000532632
1773773504030,0.0888672,-0.217773,0.989258,-0.000532632,-0.00213053,0.000532632
1773773504110,0.0859375,-0.21875,0.987793,-0.000532632,-0.000532632,-0.000532632
1773773504191,0.0869141,-0.218262,0.987305,0.000532632,-0.00106526,0
1773773504261,0.0859375,-0.220215,0.987305,0.000532632,0,0.000532632
1773773504342,0.0888672,-0.217773,0.987305,0,-0.000532632,-0.000532632
1773773504423,0.0883789,-0.219238,0.989258,0,0,0.00106526
1773773504493,0.0874023,-0.219727,0.987793,-0.000532632,-0.00106526,0
1773773504574,0.0864258,-0.219727,0.986816,0,-0.0015979,-0.00106526
1773773504654,0.0878906,-0.219727,0.98584,0,-0.00106526,-0.000532632
1773773504725,0.0859375,-0.219238,0.989258,0.000532632,-0.000532632,-0.000532632
1773773504805,0.0869141,-0.219238,0.986816,0.000532632,-0.000532632,0
1773773504886,0.0859375,-0.219238,0.990234,0.000532632,-0.00106526,-0.00106526
1773773504956,0.0864258,-0.217773,0.987793,0.000532632,0,-0.000532632
1773773505037,0.0883789,-0.219238,0.987793,-0.000532632,-0.000532632,-0.000532632
1773773505107,0.0854492,-0.219238,0.987793,0,0,0
1773773505188,0.0864258,-0.21875,0.98877,-0.00106526,-0.00106526,-0.000532632
1773773505269,0.0864258,-0.217773,0.98877,-0.000532632,-0.000532632,-0.000532632
1773773505339,0.0869141,-0.219238,0.990234,0.000532632,-0.00106526,0.000532632
1773773505420,0.0874023,-0.217285,0.98877,0,-0.00106526,0
1773773505500,0.0874023,-0.21875,0.990723,-0.000532632,0,-0.000532632
1773773505571,0.0888672,-0.219238,0.98877,0.000532632,-0.00106526,0
1773773505651,0.0878906,-0.219727,0.986816,0,-0.0015979,-0.000532632
1773773505732,0.0864258,-0.21875,0.987793,0,-0.000532632,0
1773773505802,0.0883789,-0.21875,0.986816,0.000532632,-0.00106526,0
1773773505883,0.0883789,-0.219727,0.988281,-0.000532632,-0.000532632,0
1773773505963,0.0864258,-0.217285,0.986816,0,-0.000532632,0.00106526
1773773506034,0.0878906,-0.219238,0.988281,0,0,0
1773773506115,0.0893555,-0.21582,0.986328,0,-0.00106526,0.000532632
1773773506195,0.0874023,-0.219238,0.986328,0,-0.00106526,0
1773773506266,0.0878906,-0.217285,0.989258,-0.000532632,-0.000532632,0.00106526
1773773506346,0.0898438,-0.219727,0.987793,0.000532632,-0.000532632,0
1773773506417,0.090332,-0.218262,0.988281,0.000532632,-0.000532632,0.00106526
1773773506497,0.0883789,-0.220703,0.986328,0.000532632,-0.000532632,0.000532632
1773773506578,0.0898438,-0.218262,0.988281,-0.000532632,-0.000532632,-0.000532632
1773773506648,0.0874023,-0.21875,0.990723,0,0,0
1773773506729,0.0883789,-0.218262,0.987793,-0.000532632,-0.00106526,0.000532632
1773773506809,0.0869141,-0.218262,0.989258,0,-0.000532632,0
1773773506880,0.0883789,-0.217773,0.989258,0,0,0
1773773506961,0.0864258,-0.21875,0.988281,0,0,-0.0015979
1773773507041,0.0883789,-0.21875,0.988281,-0.000532632,0,0.000532632
1773773507112,0.0869141,-0.219238,0.987793,0,-0.0015979,0
1773773507192,0.0883789,-0.218262,0.987793,-0.000532632,-0.00106526,0
1773773507273,0.0883789,-0.218262,0.98877,-0.00106526,-0.0015979,0.000532632
1773773507343,0.0893555,-0.216797,0.98877,-0.000532632,-0.00106526,0
1773773507425,0.0883789,-0.217285,0.987305,0,-0.00106526,0.000532632
1773773507504,0.0888672,-0.21875,0.988281,0,-0.00213053,0.0015979
1773773507575,0.0869141,-0.21875,0.989258,0.00106526,0.000532632,0
1773773507655,0.0864258,-0.219727,0.987793,-0.000532632,0,-0.00106526
1773773507726,0.0888672,-0.21875,0.989746,0,-0.000532632,-0.000532632
1773773507806,0.0864258,-0.218262,0.98877,-0.00106526,-0.000532632,-0.000532632
1773773507887,0.0883789,-0.21875,0.989746,-0.00106526,-0.000532632,0.000532632
1773773507957,0.0859375,-0.217285,0.988281,-0.000532632,0,0
1773773508038,0.0869141,-0.219238,0.987305,0.000532632,0,0
1773773508118,0.0883789,-0.216309,0.987793,-0.000532632,-0.0015979,0
1773773508189,0.0874023,-0.218262,0.98877,0.000532632,-0.00106526,-0.000532632
1773773508270,0.0878906,-0.219727,0.987305,-0.000532632,0,0
1773773508350,0.0869141,-0.221191,0.987305,0,-0.00106526,-0.00106526
1773773508421,0.0859375,-0.217285,0.988281,0.000532632,-0.000532632,0.000532632
1773773508501,0.0869141,-0.21875,0.989258,0.000532632,0,0
1773773508582,0.0859375,-0.217285,0.989258,-0.000532632,0,-0.00106526
1773773508652,0.0874023,-0.219727,0.988281,0,-0.000532632,0
1773773508733,0.0854492,-0.217285,0.987793,0,-0.000532632,0
1773773508813,0.0864258,-0.21875,0.989258,0,-0.000532632,0.000532632
1773773508884,0.0878906,-0.220215,0.987793,-0.000532632,-0.00106526,0.000532632
1773773508964,0.0883789,-0.21875,0.98877,0,0,0.000532632
1773773509035,0.0878906,-0.219727,0.98877,0.000532632,-0.000532632,-0.000532632
1773773509115,0.0864258,-0.21875,0.988281,0,-0.000532632,-0.000532632
1773773509196,0.0883789,-0.218262,0.989746,-0.000532632,-0.00106526,0.000532632
1773773509266,0.0878906,-0.218262,0.988281,0,-0.00106526,0
1773773509347,0.0883789,-0.216797,0.986816,-0.000532632,-0.000532632,-0.00106526
1773773509427,0.0864258,-0.21875,0.990234,0,-0.000532632,0
1773773509498,0.0883789,-0.220703,0.987793,-0.000532632,-0.000532632,-0.000532632
1773773509578,0.0878906,-0.218262,0.988281,-0.00106526,-0.0015979,0
1773773509659,0.0874023,-0.218262,0.991211,0,-0.000532632,0
1773773509729,0.0878906,-0.217773,0.987793,0,-0.000532632,0.000532632
1773773509810,0.0878906,-0.220215,0.98877,0.000532632,0,-0.000532632
1773773509891,0.0869141,-0.216797,0.989746,0,0,0
1773773509961,0.0864258,-0.217285,0.990234,-0.000532632,-0.000532632,0
1773773510042,0.0864258,-0.219727,0.989258,0.00106526,0,0.000532632
1773773510122,0.0864258,-0.219238,0.988281,-0.000532632,-0.000532632,0.000532632
1773773510193,0.0864258,-0.219238,0.987793,-0.000532632,0.000532632,-0.000532632
1773773510273,0.0883789,-0.217285,0.98877,-0.000532632,0.000532632,0
1773773510344,0.0878906,-0.219238,0.989258,0.000532632,-0.000532632,0
1773773510424,0.0878906,-0.218262,0.987305,0,-0.000532632,0
1773773510505,0.0854492,-0.220703,0.985352,0,0,-0.0015979
1773773510576,0.0874023,-0.21875,0.988281,0.00106526,-0.000532632,-0.000532632
1773773510656,0.0864258,-0.217285,0.986816,0.000532632,0.000532632,0.000532632
1773773510737,0.0874023,-0.219238,0.987793,0.000532632,-0.0015979,0
1773773510807,0.0874023,-0.216797,0.986816,0.000532632,-0.000532632,-0.000532632
1773773510888,0.0874023,-0.217773,0.986328,-0.000532632,0,0
1773773510968,0.0874023,-0.21875,0.990234,0.00106526,-0.00106526,0.000532632
1773773511039,0.0864258,-0.216797,0.988281,0,0.000532632,0.000532632
1773773511119,0.0869141,-0.217773,0.98584,-0.00106526,-0.000532632,0
1773773511200,0.0883789,-0.216797,0.987305,-0.000532632,-0.00106526,0
1773773511270,0.0898438,-0.218262,0.987305,-0.000532632,-0.000532632,-0.00106526
1773773511351,0.0874023,-0.219238,0.986328,-0.000532632,-0.00106526,0.000532632
1773773511432,0.0864258,-0.218262,0.987793,0,-0.000532632,0
1773773511502,0.0878906,-0.219238,0.989258,0,0,-0.000532632
1773773511583,0.0883789,-0.219238,0.98877,0,-0.0015979,0
1773773511653,0.0878906,-0.219727,0.988281,0,-0.000532632,0.000532632
1773773511734,0.0898438,-0.216797,0.989258,0.000532632,-0.00106526,0.00106526
1773773511814,0.0864258,-0.218262,0.988281,0.000532632,-0.00106526,0
1773773511885,0.0883789,-0.217285,0.98584,0.000532632,-0.000532632,0
1773773511965,0.0878906,-0.217773,0.988281,-0.000532632,-0.00106526,-0.000532632
1773773512046,0.0883789,-0.219238,0.98877,-0.000532632,-0.000532632,0.00106526
1773773512116,0.0864258,-0.217773,0.989258,0.000532632,-0.000532632,-0.000532632
1773773512197,0.0878906,-0.217285,0.989746,0,-0.000532632,-0.00106526
1773773512277,0.0883789,-0.218262,0.987305,0,-0.00106526,-0.00106526
1773773512348,0.0874023,-0.217285,0.987305,0,-0.000532632,0.000532632
1773773512428,0.0883789,-0.217285,0.987793,-0.000532632,-0.00106526,0.000532632
1773773512509,0.0859375,-0.218262,0.987305,0,-0.000532632,0
1773773512579,0.0869141,-0.21875,0.98877,-0.00106526,-0.00106526,0.00106526
1773773512660,0.0878906,-0.217773,0.988281,-0.000532632,-0.000532632,0.000532632
1773773512741,0.0864258,-0.216797,0.986816,0.00106526,-0.0015979,0.000532632
1773773512811,0.0869141,-0.219238,0.98877,-0.000532632,-0.000532632,-0.00106526
1773773512892,0.0859375,-0.216797,0.987305,-0.000532632,-0.000532632,-0.000532632
1773773512962,0.0874023,-0.217773,0.989258,0.000532632,-0.000532632,0
1773773513043,0.0878906,-0.21875,0.987305,0.000532632,-0.000532632,-0.000532632
1773773513123,0.0883789,-0.218262,0.989746,0,0,-0.000532632
1773773513194,0.0874023,-0.218262,0.98877,0.000532632,-0.000532632,0.000532632
1773773513274,0.0869141,-0.217773,0.987793,0.000532632,-0.0015979,0.000532632
1773773513355,0.0859375,-0.220703,0.987793,0.000532632,-0.000532632,-0.0015979
1773773513425,0.0869141,-0.21875,0.98877,0.000532632,0,0
1773773513506,0.0864258,-0.219238,0.986816,0,-0.000532632,0
1773773513586,0.0874023,-0.21875,0.989258,0,-0.000532632,0.000532632
1773773513657,0.0864258,-0.217773,0.98877,0.000532632,-0.00106526,0.000532632
1773773513737,0.0874023,-0.219238,0.987793,0,-0.00106526,-0.000532632
1773773513818,0.0859375,-0.219727,0.987305,0.000532632,0.000532632,0
1773773513888,0.0888672,-0.221191,0.986328,-0.000532632,-0.000532632,0.000532632
1773773513969,0.0888672,-0.219238,0.986816,-0.000532632,-0.000532632,0
1773773514050,0.0869141,-0.220703,0.987305,0,-0.000532632,-0.00106526
1773773514120,0.0869141,-0.218262,0.987793,-0.00106526,-0.0015979,-0.000532632
1773773514201,0.0864258,-0.219238,0.988281,-0.000532632,-0.000532632,0
1773773514271,0.0883789,-0.217285,0.988281,-0.000532632,0,0.00106526
1773773514352,0.0869141,-0.219727,0.98584,-0.000532632,-0.00106526,0.000532632
1773773514432,0.0874023,-0.217773,0.989258,0,-0.000532632,-0.000532632
1773773514503,0.0869141,-0.217773,0.987305,0,-0.00106526,-0.00106526
1773773514583,0.0859375,-0.218262,0.988281,0,0.000532632,0.000532632
1773773514664,0.0869141,-0.219727,0.987305,0.000532632,-0.00106526,0
1773773514734,0.0874023,-0.218262,0.986816,-0.000532632,0,-0.00106526
1773773514815,0.0898438,-0.216309,0.990234,-0.000532632,0,0.000532632
1773773514895,0.0874023,-0.217285,0.988281,-0.0015979,0.000532632,0
1773773514968,0.0878906,-0.219238,0.989258,0,-0.000532632,-0.000532632
1773773515046,0.0883789,-0.21875,0.987305,0,-0.000532632,-0.000532632
1773773515127,0.0874023,-0.21875,0.986816,-0.000532632,-0.000532632,0.000532632
1773773515197,0.0874023,-0.218262,0.987793,0.000532632,-0.000532632,0
1773773515278,0.0888672,-0.219727,0.987793,0.000532632,0.000532632,-0.000532632
1773773515359,0.0864258,-0.217285,0.989258,-0.00106526,0.000532632,0
1773773515430,0.0878906,-0.21875,0.987793,-0.000532632,-0.0015979,-0.00106526
1773773515510,0.0864258,-0.21875,0.988281,0.000532632,-0.00106526,0
1773773515580,0.0864258,-0.218262,0.989746,0,-0.00213053,0.000532632
1773773515661,0.0878906,-0.21875,0.987793,0,-0.000532632,-0.00106526
1773773515742,0.0888672,-0.217285,0.985352,0.000532632,-0.000532632,-0.000532632
1773773515812,0.0869141,-0.21875,0.989746,-0.000532632,-0.00106526,0
1773773515893,0.0883789,-0.218262,0.98877,0,-0.00106526,0.000532632
1773773515973,0.0869141,-0.218262,0.987793,-0.00106526,-0.00106526,0
1773773516044,0.0869141,-0.219727,0.987793,0,0,0.00106526
1773773516124,0.0878906,-0.219727,0.989746,0,-0.0015979,0.0015979
1773773516205,0.0864258,-0.217285,0.988281,-0.000532632,-0.00106526,-0.000532632
1773773516275,0.0878906,-0.218262,0.98877,0,-0.000532632,-0.000532632
1773773516356,0.0864258,-0.217773,0.987305,0,0,0.00106526
1773773516437,0.0864258,-0.219238,0.98877,-0.000532632,-0.000532632,0.000532632
1773773516507,0.0869141,-0.21875,0.987305,0.00106526,-0.000532632,0
1773773516588,0.0854492,-0.21875,0.987305,0,-0.000532632,0
1773773516659,0.0878906,-0.21875,0.986328,0.000532632,-0.00106526,0.000532632
1773773516739,0.0864258,-0.217773,0.98877,0,-0.000532632,0
1773773516819,0.0859375,-0.220215,0.98877,0,-0.0015979,0
1773773516890,0.0893555,-0.21875,0.989746,-0.000532632,-0.0015979,0
1773773516970,0.0854492,-0.217773,0.987793,0,-0.000532632,-0.000532632
1773773517051,0.0844727,-0.216309,0.989258,0,0,-0.000532632
1773773517121,0.0888672,-0.21875,0.98877,0.00106526,-0.00106526,0.000532632
1773773517203,0.0874023,-0.217285,0.98877,-0.000532632,-0.000532632,-0.000532632
1773773517283,0.0849609,-0.217773,0.987305,0,0,-0.000532632
1773773517353,0.0888672,-0.21875,0.98877,-0.00106526,-0.00106526,0.000532632
1773773517434,0.0883789,-0.217285,0.987305,0.000532632,-0.00106526,-0.00106526
1773773517514,0.0878906,-0.219727,0.988281,0.000532632,0,0
1773773517585,0.0854492,-0.219238,0.987793,-0.000532632,-0.00106526,-0.000532632
1773773517665,0.0883789,-0.218262,0.988281,0.000532632,-0.00106526,-0.000532632
1773773517736,0.0864258,-0.218262,0.986816,0,-0.000532632,0
1773773517816,0.0878906,-0.217773,0.988281,0,-0.00106526,0
1773773517897,0.0864258,-0.21875,0.986816,0,-0.00106526,-0.000532632
1773773517968,0.0888672,-0.21875,0.987793,0.000532632,0,-0.000532632
1773773518048,0.0893555,-0.21582,0.988281,-0.000532632,-0.00106526,0
1773773518128,0.0869141,-0.220215,0.989258,-0.00106526,-0.000532632,0
1773773518199,0.0864258,-0.217773,0.987305,0.000532632,-0.000532632,0
1773773518279,0.0854492,-0.219727,0.987793,0,0,-0.000532632
1773773518360,0.0869141,-0.220215,0.986816,0.00106526,-0.000532632,-0.00106526
1773773518431,0.0874023,-0.216797,0.987793,-0.000532632,-0.000532632,-0.00106526
1773773518511,0.0878906,-0.220215,0.988281,0,-0.000532632,-0.000532632
1773773518592,0.0869141,-0.219238,0.987305,0,-0.00106526,0
1773773518663,0.0869141,-0.219238,0.988281,-0.000532632,-0.00106526,0
1773773518743,0.0869141,-0.217773,0.987305,0,0,-0.000532632
1773773518814,0.0883789,-0.217773,0.987305,0,-0.00106526,0.00106526
1773773518894,0.0869141,-0.220215,0.986328,0,-0.000532632,-0.00106526
1773773518975,0.0844727,-0.21875,0.98877,0,-0.00106526,0
1773773519045,0.0859375,-0.217773,0.989258,0,-0.00106526,-0.000532632
1773773519126,0.0869141,-0.218262,0.98877,-0.000532632,-0.00106526,0
1773773519206,0.0878906,-0.218262,0.987793,-0.00106526,-0.00106526,0
1773773519277,0.0888672,-0.220703,0.987305,0.000532632,-0.00106526,-0.000532632
1773773519357,0.0874023,-0.21875,0.988281,-0.000532632,-0.000532632,-0.000532632
1773773519438,0.0869141,-0.217773,0.98877,0,-0.000532632,-0.00106526
1773773519509,0.0874023,-0.219727,0.98877,0.000532632,-0.00106526,0.00106526
1773773519589,0.0874023,-0.219727,0.987305,-0.00106526,-0.00106526,0
1773773519670,0.0859375,-0.22168,0.987305,0,-0.000532632,-0.00106526
1773773519740,0.0874023,-0.218262,0.987793,0,0,-0.000532632
1773773519820,0.0864258,-0.217773,0.987305,0.00106526,-0.000532632,-0.000532632
1773773519901,0.0874023,-0.21875,0.988281,0.000532632,-0.0015979,-0.000532632
1773773519972,0.0869141,-0.219727,0.989258,-0.000532632,-0.000532632,0
1773773520052,0.0883789,-0.21875,0.987793,-0.000532632,-0.000532632,0.000532632
1773773520123,0.0869141,-0.217285,0.988281,0.00106526,-0.00106526,0
1773773520203,0.0864258,-0.216797,0.987793,0.000532632,0.000532632,0
1773773520284,0.0878906,-0.21875,0.988281,0,0,-0.000532632
1773773520355,0.0869141,-0.218262,0.986816,0.000532632,-0.00106526,-0.000532632
1773773520435,0.0859375,-0.218262,0.989258,0,-0.000532632,-0.000532632
1773773520516,0.0878906,-0.217773,0.989746,0.00106526,0.000532632,0
1773773520586,0.0878906,-0.217773,0.988281,0,-0.00106526,-0.000532632
1773773520667,0.0888672,-0.219238,0.98877,-0.00106526,-0.0015979,0
1773773520747,0.0864258,-0.218262,0.987793,0.00106526,-0.000532632,0
1773773520818,0.0883789,-0.21875,0.987793,-0.000532632,-0.00106526,0
1773773520898,0.0859375,-0.219238,0.988281,-0.000532632,-0.00106526,0.000532632
1773773520979,0.0854492,-0.218262,0.989746,0,-0.00106526,-0.000532632
1773773521049,0.0869141,-0.217773,0.98584,0,-0.000532632,-0.000532632
1773773521130,0.0878906,-0.219238,0.987305,-0.000532632,-0.000532632,0
1773773521200,0.0893555,-0.217285,0.987793,0,-0.00106526,-0.000532632
1773773521281,0.0883789,-0.217285,0.987305,0.000532632,-0.000532632,-0.000532632
1773773521362,0.0859375,-0.217285,0.990234,0.000532632,-0.00106526,-0.000532632
1773773521432,0.0883789,-0.216797,0.987793,0,-0.000532632,0.000532632
1773773521513,0.0874023,-0.21875,0.986816,0,-0.00106526,-0.000532632
1773773521593,0.0874023,-0.219238,0.98877,0,-0.000532632,-0.000532632
1773773521664,0.0888672,-0.220703,0.987305,0,-0.00106526,-0.000532632
1773773521744,0.0878906,-0.217285,0.988281,0,0,0
1773773521825,0.0874023,-0.21875,0.987305,-0.000532632,-0.000532632,0
1773773521896,0.0859375,-0.21875,0.989258,0.00106526,0,0.000532632
1773773521976,0.0864258,-0.217773,0.987793,0.00106526,-0.000532632,-0.00106526
1773773522057,0.0864258,-0.218262,0.986816,0,-0.0015979,0
1773773522127,0.0859375,-0.218262,0.986328,0,-0.00106526,0.000532632
1773773522208,0.0874023,-0.216309,0.98877,0,-0.000532632,-0.000532632
1773773522288,0.0874023,-0.218262,0.989746,0.000532632,-0.000532632,-0.0015979
1773773522359,0.0854492,-0.217285,0.98584,-0.000532632,-0.000532632,0
1773773522440,0.0878906,-0.219238,0.986816,0.000532632,-0.000532632,0.000532632
1773773522510,0.0888672,-0.217773,0.989258,0,-0.00106526,0
1773773522590,0.0864258,-0.217773,0.98877,-0.000532632,-0.000532632,0.000532632
1773773522671,0.0874023,-0.21875,0.987305,0,0,0
1773773522742,0.0864258,-0.218262,0.986328,0.000532632,0.000532632,0.000532632
1773773522822,0.0869141,-0.218262,0.988281,0,-0.000532632,-0.00106526
1773773522903,0.0874023,-0.21875,0.986328,0.000532632,-0.000532632,0.00106526
1773773522973,0.0888672,-0.219727,0.986816,0,0,0
1773773523054,0.0869141,-0.219238,0.989258,0.000532632,-0.000532632,-0.000532632
1773773523134,0.0878906,-0.217773,0.988281,0.00106526,-0.0015979,0
1773773523205,0.0874023,-0.217285,0.98877,-0.000532632,-0.0015979,-0.00106526
1773773523285,0.0869141,-0.217285,0.989258,0.000532632,-0.000532632,-0.000532632
1773773523366,0.0874023,-0.217285,0.986816,-0.000532632,-0.000532632,0
1773773523437,0.0888672,-0.218262,0.988281,0.000532632,-0.00106526,0.00106526
1773773523517,0.0874023,-0.217285,0.986816,0,-0.000532632,-0.00106526
1773773523588,0.0869141,-0.217773,0.988281,0.000532632,-0.0015979,0.000532632
1773773523668,0.0874023,-0.219238,0.98877,0,0.000532632,0.000532632
1773773523749,0.0869141,-0.21875,0.987305,-0.00106526,-0.000532632,0
1773773523819,0.0864258,-0.217773,0.989258,0.000532632,-0.000532632,0
1773773523900,0.0859375,-0.216797,0.987305,0.000532632,-0.00106526,0
1773773523980,0.0859375,-0.219238,0.987305,0,-0.000532632,-0.00106526
1773773524051,0.0883789,-0.219727,0.986816,0,-0.00106526,-0.00106526
1773773524131,0.0864258,-0.219727,0.990234,-0.000532632,0,-0.000532632
1773773524212,0.0869141,-0.219238,0.987305,-0.000532632,-0.000532632,0.000532632
1773773524282,0.0878906,-0.217773,0.988281,0.000532632,0,0
1773773524363,0.0878906,-0.217773,0.989746,0.000532632,-0.000532632,-0.0015979
1773773524444,0.0888672,-0.219727,0.988281,0,0,0
1773773524514,0.0878906,-0.21875,0.987793,-0.000532632,-0.0015979,-0.000532632
1773773524595,0.0874023,-0.218262,0.988281,0.00106526,-0.0015979,0
1773773524675,0.0859375,-0.217285,0.989258,0.000532632,-0.00106526,0
1773773524746,0.0859375,-0.216309,0.987793,-0.00106526,-0.0015979,0
1773773524826,0.0874023,-0.21875,0.986816,-0.000532632,-0.00106526,0.000532632
1773773524907,0.0888672,-0.216797,0.987793,0,-0.000532632,-0.000532632
1773773524977,0.0888672,-0.21875,0.990234,0,-0.000532632,0
1773773525058,0.0878906,-0.219238,0.988281,0,-0.00106526,0.000532632
1773773525138,0.0859375,-0.219727,0.986816,-0.000532632,-0.000532632,0
1773773525209,0.0883789,-0.21875,0.987793,-0.0015979,0,0
1773773525289,0.0888672,-0.220215,0.989746,-0.00106526,-0.00106526,-0.000532632
1773773525370,0.0864258,-0.220703,0.988281,0,-0.000532632,0
1773773525442,0.0874023,-0.220215,0.988281,0,-0.000532632,0.000532632
1773773525521,0.0859375,-0.217773,0.988281,0.000532632,0,0
1773773525592,0.0874023,-0.219238,0.987793,0.000532632,-0.000532632,0
1773773525672,0.0883789,-0.217285,0.988281,0,-0.000532632,0.000532632
1773773525753,0.0878906,-0.216797,0.98877,0.000532632,-0.000532632,0
1773773525823,0.0869141,-0.21875,0.989746,-0.000532632,-0.00106526,0.000532632
1773773525904,0.0883789,-0.219238,0.98877,-0.00106526,-0.000532632,-0.000532632
1773773525984,0.0883789,-0.219238,0.986816,0,-0.00106526,-0.000532632
1773773526055,0.0864258,-0.218262,0.98877,0,0.000532632,0.000532632
1773773526135,0.0878906,-0.21875,0.98877,-0.000532632,0,-0.000532632
1773773526216,0.0864258,-0.217773,0.989746,0,-0.0015979,-0.000532632
1773773526286,0.0883789,-0.21875,0.98877,0,-0.000532632,0
1773773526367,0.0888672,-0.219238,0.986816,-0.000532632,0,0
1773773526447,0.0874023,-0.217285,0.98877,-0.000532632,-0.000532632,0.000532632
1773773526518,0.0893555,-0.217773,0.989746,0.000532632,-0.00106526,0
