timestamp_ms,acc_x,acc_y,acc_z,gyro_x,gyro_y,gyro_z
1773773585656,0.0869141,-0.216797,0.991699,0,-0.000532632,0.00106526
1773773585737,0.0883789,-0.217773,0.989258,0,0,-0.00106526
1773773585807,0.0888672,-0.21582,0.989746,-0.000532632,0,0.000532632
1773773585888,0.0878906,-0.216797,0.987793,-0.000532632,-0.000532632,-0.000532632
1773773585969,0.0893555,-0.217773,0.988281,-0.000532632,0,0
1773773586039,0.0878906,-0.216309,0.990234,0,0.000532632,0.000532632
1773773586120,0.0878906,-0.217773,0.989746,0.000532632,-0.000532632,-0.000532632
1773773586200,0.0878906,-0.216797,0.987793,-0.00106526,-0.000532632,0.000532632
1773773586271,0.0893555,-0.216797,0.990723,0,-0.000532632,0
1773773586351,0.0893555,-0.218262,0.989258,0,0.000532632,-0.000532632
1773773586432,0.0878906,-0.216797,0.988281,0.000532632,-0.000532632,0.000532632
1773773586503,0.0864258,-0.218262,0.988281,0,-0.000532632,0
1773773586583,0.0883789,-0.216797,0.989746,0.000532632,0,0
1773773586654,0.0869141,-0.217285,0.987793,0,0.000532632,-0.00106526
1773773586734,0.0893555,-0.21582,0.98877,0,0,-0.000532632
1773773586815,0.0883789,-0.217773,0.989258,0.00106526,-0.000532632,-0.000532632
1773773586885,0.0883789,-0.217773,0.989746,0.000532632,-0.000532632,0.000532632
1773773586966,0.0878906,-0.217773,0.986816,0,-0.000532632,0.00106526
1773773587047,0.0888672,-0.21875,0.98877,-0.000532632,0.000532632,0
1773773587117,0.0859375,-0.216309,0.989258,-0.00106526,-0.00106526,0.000532632
1773773587198,0.0878906,-0.217773,0.988281,-0.000532632,0,-0.000532632
1773773587278,0.0888672,-0.219238,0.991699,0.000532632,0.000532632,0.00106526
1773773587349,0.0878906,-0.216309,0.990234,-0.000532632,0,0.000532632
1773773587429,0.090332,-0.217285,0.989258,0,0.000532632,0
1773773587510,0.0878906,-0.216309,0.98877,-0.000532632,0,0
1773773587581,0.0913086,-0.21582,0.991211,0.000532632,0,0
1773773587661,0.0893555,-0.219238,0.98877,0.000532632,0.000532632,0
1773773587732,0.0893555,-0.217285,0.987793,0.000532632,0.000532632,-0.00106526
1773773587813,0.0893555,-0.217773,0.990234,0.00106526,0.000532632,0.000532632
1773773587894,0.0888672,-0.216309,0.98877,-0.000532632,0.00106526,0
1773773587964,0.0908203,-0.216797,0.988281,-0.000532632,0,0
1773773588045,0.0883789,-0.216309,0.990723,-0.000532632,0,0.00106526
1773773588125,0.0883789,-0.21875,0.991211,0.000532632,0,0.00106526
1773773588195,0.0888672,-0.217285,0.990723,0,0,-0.000532632
1773773588276,0.090332,-0.216797,0.990723,0.000532632,-0.000532632,0.000532632
1773773588357,0.0874023,-0.215332,0.987793,0.000532632,0.0015979,-0.00106526
1773773588427,0.0893555,-0.216309,0.989258,-0.000532632,0,0.000532632
1773773588508,0.0888672,-0.216797,0.987793,0.000532632,-0.000532632,0
1773773588588,0.0859375,-0.217285,0.986816,0,0,0.000532632
1773773588659,0.0898438,-0.219727,0.989258,0,0,0
1773773588739,0.0874023,-0.217773,0.988281,0,-0.000532632,0
1773773588810,0.0878906,-0.219238,0.989258,0,-0.00106526,-0.00106526
1773773588890,0.0878906,-0.216797,0.987793,0.000532632,0.00106526,0
1773773588971,0.0883789,-0.217773,0.990234,0,0,0
1773773589041,0.0883789,-0.216797,0.989746,0,0,0
1773773589122,0.0878906,-0.21582,0.98877,0.000532632,-0.000532632,0.000532632
1773773589202,0.0869141,-0.219238,0.989746,0,-0.00106526,0
1773773589273,0.0893555,-0.216309,0.988281,0,-0.000532632,-0.000532632
1773773589353,0.0888672,-0.218262,0.991211,-0.000532632,-0.000532632,-0.000532632
1773773589434,0.0888672,-0.21582,0.989746,-0.000532632,0,0.000532632
1773773589505,0.0883789,-0.21582,0.989746,0.000532632,-0.000532632,0.000532632
1773773589585,0.0878906,-0.220215,0.98877,0.000532632,-0.000532632,0
1773773589665,0.0869141,-0.219238,0.989258,-0.00106526,0.000532632,-0.00106526
1773773589736,0.0878906,-0.218262,0.989258,0.000532632,-0.00106526,0.00106526
1773773589817,0.0878906,-0.217773,0.989258,0.0015979,-0.0015979,-0.00106526
1773773589897,0.0874023,-0.216797,0.989258,0,0.000532632,0
1773773589968,0.0874023,-0.216797,0.989746,0.000532632,-0.000532632,-0.000532632
1773773590048,0.0883789,-0.216309,0.990723,0,-0.000532632,0
1773773590119,0.0874023,-0.217285,0.990234,-0.000532632,-0.00106526,0.00106526
1773773590199,0.0888672,-0.219238,0.989746,0.000532632,-0.00106526,0.000532632
1773773590280,0.0864258,-0.21875,0.989746,-0.000532632,-0.00106526,0
1773773590350,0.0869141,-0.216797,0.987793,0,-0.000532632,-0.000532632
1773773590431,0.0898438,-0.216797,0.98877,-0.000532632,-0.000532632,0.000532632
1773773590511,0.090332,-0.216309,0.98877,0.000532632,-0.000532632,0.000532632
1773773590582,0.0888672,-0.217773,0.989258,0,-0.000532632,0.00106526
1773773590663,0.0883789,-0.215332,0.989746,0.000532632,0.000532632,-0.000532632
1773773590743,0.0878906,-0.216309,0.989258,0,-0.000532632,-0.000532632
1773773590814,0.0878906,-0.217773,0.989746,0.000532632,-0.000532632,-0.000532632
1773773590894,0.0893555,-0.21582,0.989746,-0.000532632,0,0
1773773590975,0.0859375,-0.21875,0.989258,0,0,0
1773773591045,0.0864258,-0.217285,0.988281,0,0,0
1773773591126,0.0878906,-0.21582,0.987793,0.000532632,0.000532632,-0.000532632
1773773591206,0.0869141,-0.217285,0.986816,-0.000532632,-0.000532632,0.000532632
1773773591277,0.0883789,-0.217285,0.989258,-0.00106526,0.000532632,0.00106526
1773773591357,0.0878906,-0.216797,0.990234,-0.000532632,0,-0.00106526
1773773591428,0.0888672,-0.216797,0.989258,0.000532632,0.000532632,0
1773773591508,0.0893555,-0.21582,0.989258,0,-0.000532632,0
1773773591589,0.0888672,-0.21582,0.98877,0.000532632,-0.000532632,0
1773773591660,0.0898438,-0.217285,0.989746,-0.0015979,0,-0.00106526
1773773591740,0.0888672,-0.216797,0.989258,0.000532632,-0.000532632,0.000532632
1773773591820,0.0878906,-0.21582,0.989258,0,0,0
1773773591891,0.0878906,-0.217285,0.98877,-0.00106526,-0.000532632,0
1773773591972,0.0898438,-0.217773,0.989258,-0.000532632,-0.00106526,0.000532632
1773773592052,0.0898438,-0.216797,0.990234,0,0,-0.000532632
1773773592123,0.0898438,-0.21582,0.989746,0.000532632,0,0
1773773592203,0.0878906,-0.216797,0.98877,0.00106526,-0.000532632,0
1773773592284,0.0908203,-0.217773,0.989258,-0.000532632,0,0
1773773592354,0.0898438,-0.217773,0.989258,-0.000532632,-0.000532632,0
1773773592435,0.0878906,-0.216797,0.989746,-0.000532632,-0.000532632,-0.000532632
1773773592515,0.0878906,-0.21582,0.989258,0,0.000532632,-0.000532632
1773773592585,0.0883789,-0.217773,0.989258,0,0,0
1773773592666,0.0888672,-0.216797,0.989258,-0.000532632,-0.00106526,-0.00106526
1773773592737,0.0874023,-0.216309,0.98877,0.000532632,-0.00106526,0
1773773592817,0.0878906,-0.217285,0.987793,-0.000532632,-0.000532632,0
1773773592898,0.0898438,-0.21582,0.98877,-0.00106526,0.000532632,0
1773773592968,0.0883789,-0.217773,0.989746,-0.000532632,-0.000532632,-0.000532632
1773773593049,0.0898438,-0.21582,0.989258,-0.00106526,0.000532632,0
1773773593129,0.0869141,-0.217285,0.988281,0,0,0
1773773593200,0.0883789,-0.214844,0.987793,0,-0.000532632,-0.000532632
1773773593280,0.0883789,-0.216797,0.990234,-0.000532632,-0.000532632,-0.000532632
1773773593361,0.0883789,-0.216797,0.988281,-0.00106526,0,-0.000532632
1773773593432,0.0869141,-0.215332,0.989258,0,-0.000532632,0
1773773593512,0.0878906,-0.216797,0.989258,0.000532632,0,0
1773773593592,0.0878906,-0.21875,0.988281,0,0,-0.000532632
1773773593663,0.0893555,-0.216797,0.989746,0,0,0.000532632
1773773593743,0.0893555,-0.21875,0.989746,0,0.000532632,0
1773773593824,0.0883789,-0.216797,0.989258,0,0,-0.000532632
1773773593894,0.0883789,-0.218262,0.989258,0,0,-0.000532632
1773773593975,0.0869141,-0.216797,0.98877,-0.000532632,0,0
1773773594045,0.0878906,-0.216309,0.989258,0.000532632,-0.000532632,0
1773773594126,0.0869141,-0.216309,0.989258,-0.000532632,-0.00106526,-0.00106526
1773773594206,0.0908203,-0.217773,0.990234,0,0.000532632,0.000532632
1773773594277,0.0888672,-0.218262,0.989258,0.000532632,-0.000532632,-0.000532632
1773773594357,0.0874023,-0.218262,0.987305,0,-0.00106526,0.00106526
1773773594439,0.0874023,-0.21875,0.990234,-0.000532632,-0.00106526,0.000532632
1773773594508,0.0878906,-0.217285,0.989746,-0.000532632,-0.000532632,0
1773773594589,0.0898438,-0.218262,0.988281,0.000532632,-0.000532632,0
1773773594670,0.0874023,-0.216309,0.989746,0.00106526,-0.000532632,-0.000532632
1773773594740,0.0893555,-0.21875,0.989258,0.000532632,0,0.00106526
1773773594821,0.0883789,-0.217285,0.989746,-0.00106526,0,-0.000532632
1773773594901,0.0883789,-0.218262,0.987305,0.0015979,-0.000532632,0
1773773594972,0.0878906,-0.217285,0.989746,0,-0.000532632,0
1773773595052,0.0878906,-0.21582,0.992676,0,-0.000532632,0
1773773595133,0.0878906,-0.218262,0.988281,0,0,0
1773773595203,0.0878906,-0.216797,0.98877,0.00106526,0,0
1773773595284,0.0888672,-0.216797,0.989258,0,-0.0015979,0
1773773595355,0.0864258,-0.215332,0.990723,-0.000532632,0,0
1773773595435,0.0883789,-0.216797,0.990234,0,0.000532632,0.000532632
1773773595516,0.0878906,-0.216309,0.989258,-0.0015979,0,0
1773773595586,0.0874023,-0.216309,0.990234,0,-0.000532632,0.00106526
1773773595667,0.0888672,-0.217285,0.991211,0,0,0
1773773595747,0.0883789,-0.217285,0.988281,-0.000532632,-0.000532632,0
1773773595818,0.0893555,-0.218262,0.990723,-0.00106526,0.000532632,0.000532632
1773773595898,0.0883789,-0.217285,0.98877,0,-0.000532632,0
1773773595979,0.0878906,-0.216309,0.989258,0,0,-0.000532632
1773773596049,0.0878906,-0.216797,0.989746,0.00106526,-0.000532632,0.000532632
1773773596130,0.0883789,-0.217773,0.989258,0,-0.000532632,0.000532632
1773773596211,0.0888672,-0.216309,0.988281,-0.000532632,-0.000532632,0.000532632
1773773596281,0.0883789,-0.216797,0.989746,0.00106526,0,0
1773773596362,0.0883789,-0.218262,0.989746,0,-0.000532632,0
1773773596432,0.0878906,-0.214844,0.988281,0.000532632,0,0
1773773596513,0.0878906,-0.21582,0.98877,0,0,0
1773773596593,0.0878906,-0.216309,0.988281,-0.000532632,0.000532632,0.00106526
1773773596664,0.0878906,-0.217285,0.989746,0,0,-0.000532632
1773773596744,0.0883789,-0.216309,0.987793,-0.000532632,0.00106526,0.000532632
1773773596825,0.0898438,-0.217773,0.98877,-0.000532632,0,0.000532632
1773773596895,0.0878906,-0.216797,0.989746,0,0,0
1773773596976,0.0869141,-0.217773,0.989258,0,0.000532632,0
1773773597056,0.0893555,-0.218262,0.990234,0,-0.000532632,0
1773773597127,0.0893555,-0.216309,0.990234,-0.000532632,0,-0.000532632
1773773597207,0.0893555,-0.217773,0.990723,-0.000532632,0,0
1773773597288,0.0874023,-0.216797,0.990723,0.00106526,0,-0.000532632
1773773597358,0.0893555,-0.21582,0.988281,-0.000532632,0,-0.000532632
1773773597439,0.090332,-0.21582,0.98877,0.000532632,0,-0.00106526
1773773597519,0.0888672,-0.216797,0.988281,0.000532632,0.000532632,0
1773773597590,0.0888672,-0.216309,0.990723,-0.000532632,0,-0.00106526
1773773597670,0.0893555,-0.217285,0.989746,0,-0.000532632,0
1773773597751,0.0878906,-0.217285,0.98877,0,-0.000532632,0
1773773597821,0.0888672,-0.21582,0.989746,0.000532632,0,-0.000532632
1773773597902,0.0888672,-0.217773,0.987793,-0.00106526,0.000532632,0.000532632
1773773597973,0.0869141,-0.21875,0.988281,0.000532632,-0.000532632,0
1773773598053,0.0878906,-0.21875,0.989258,0,-0.00106526,-0.000532632
1773773598134,0.0874023,-0.217773,0.991699,0,0,0
1773773598204,0.0874023,-0.21875,0.98877,-0.000532632,0.000532632,0
1773773598285,0.0883789,-0.217773,0.990234,-0.000532632,0.000532632,0.000532632
1773773598365,0.0874023,-0.21875,0.989746,0,0.000532632,-0.00106526
1773773598436,0.0869141,-0.216797,0.989258,0,0.000532632,0
1773773598516,0.0898438,-0.216309,0.987793,0.00106526,-0.000532632,0.000532632
1773773598597,0.0874023,-0.21582,0.986328,-0.000532632,0,-0.00106526
1773773598667,0.0898438,-0.217773,0.989258,0,0.000532632,0
1773773598748,0.0888672,-0.214355,0.989258,0,-0.000532632,0
1773773598829,0.0888672,-0.21582,0.990723,0,-0.00106526,0.0015979
1773773598899,0.0874023,-0.21875,0.989258,-0.000532632,0,0.000532632
1773773598980,0.0859375,-0.217773,0.989258,0,0.00106526,0
1773773599050,0.0878906,-0.217285,0.98877,0.000532632,0.000532632,0
1773773599131,0.0874023,-0.218262,0.989746,-0.000532632,-0.000532632,0
1773773599212,0.0893555,-0.217773,0.988281,-0.00106526,-0.00213053,-0.000532632
1773773599282,0.090332,-0.216797,0.989746,-0.000532632,0,0
1773773599363,0.0883789,-0.217285,0.98877,-0.000532632,-0.000532632,0.000532632
1773773599443,0.0898438,-0.219238,0.989746,-0.000532632,0,0.00106526
1773773599514,0.0898438,-0.217285,0.989258,0.000532632,-0.000532632,0.000532632
1773773599594,0.0888672,-0.217773,0.987793,0,-0.000532632,-0.000532632
1773773599675,0.0883789,-0.216797,0.989746,0,0,0
1773773599745,0.0888672,-0.217773,0.988281,0,-0.000532632,-0.000532632
1773773599826,0.0883789,-0.218262,0.988281,0,0,-0.00106526
1773773599906,0.0878906,-0.216309,0.990723,0,0,0.000532632
1773773599977,0.0888672,-0.21875,0.989258,-0.000532632,0.000532632,-0.00106526
1773773600057,0.0883789,-0.216309,0.990723,0.00106526,0,-0.000532632
1773773600128,0.0878906,-0.216797,0.988281,0.000532632,-0.000532632,0.000532632
1773773600208,0.0874023,-0.214844,0.989746,0.000532632,0,0.000532632
1773773600289,0.0869141,-0.218262,0.989746,0.000532632,0.000532632,-0.000532632
1773773600359,0.0874023,-0.21582,0.988281,0.000532632,0.000532632,0
1773773600440,0.0883789,-0.217773,0.987793,0.000532632,0.000532632,-0.000532632
1773773600521,0.0888672,-0.21875,0.990723,0.000532632,-0.000532632,-0.000532632
1773773600591,0.0878906,-0.216309,0.989746,-0.000532632,0,0.000532632
1773773600671,0.0883789,-0.21582,0.990723,0,0.000532632,0
1773773600752,0.0878906,-0.216797,0.98877,0,0.000532632,0.000532632
1773773600822,0.0874023,-0.216797,0.989258,0,-0.000532632,-0.000532632
1773773600903,0.090332,-0.21875,0.98877,0,0,0.000532632
1773773600983,0.0878906,-0.218262,0.987305,0,0.000532632,0.000532632
1773773601054,0.0908203,-0.216309,0.990234,0.000532632,0.000532632,-0.00106526
1773773601134,0.0888672,-0.220215,0.988281,0,-0.000532632,-0.00106526
1773773601205,0.0869141,-0.216309,0.989258,0,-0.00106526,0.000532632
1773773601285,0.0874023,-0.217773,0.989258,0.000532632,0,-0.000532632
1773773601366,0.0878906,-0.217285,0.98877,0,0.000532632,0
1773773601447,0.0859375,-0.218262,0.987793,0.000532632,-0.00106526,0
1773773601517,0.0864258,-0.216309,0.989258,0,-0.000532632,0
1773773601598,0.0888672,-0.21582,0.98877,0.000532632,0.000532632,0.000532632
1773773601668,0.0898438,-0.217773,0.991211,0.000532632,-0.000532632,0.000532632
1773773601749,0.0913086,-0.217285,0.98877,-0.000532632,-0.0015979,-0.00106526
1773773601829,0.0883789,-0.217773,0.988281,-0.000532632,0,-0.000532632
1773773601900,0.0893555,-0.217285,0.989746,-0.0015979,0,0
1773773601980,0.0888672,-0.216309,0.987793,0.00106526,0,0
1773773602061,0.0874023,-0.218262,0.98877,0,0.000532632,0.00106526
1773773602131,0.0869141,-0.216797,0.989258,-0.000532632,0,0.00106526
1773773602212,0.0878906,-0.215332,0.988281,0,0,0
1773773602293,0.0883789,-0.216309,0.989746,0.000532632,-0.000532632,-0.000532632
1773773602363,0.0874023,-0.217773,0.989746,0.000532632,0,-0.000532632
1773773602444,0.0883789,-0.217773,0.991211,0.00106526,0.00106526,0
1773773602525,0.0869141,-0.218262,0.98877,0,0.000532632,0.000532632
1773773602595,0.0874023,-0.217773,0.989746,0.000532632,-0.000532632,0
1773773602675,0.0883789,-0.217285,0.988281,0.00106526,-0.000532632,0
1773773602756,0.0888672,-0.216797,0.990234,0.000532632,-0.000532632,-0.000532632
1773773602826,0.0878906,-0.217285,0.991211,0,0,0.000532632
1773773602907,0.0898438,-0.217285,0.989746,0.000532632,0,-0.000532632
1773773602977,0.0888672,-0.218262,0.989258,0,-0.000532632,-0.000532632
1773773603058,0.0874023,-0.217773,0.989258,-0.00106526,0.000532632,-0.000532632
1773773603138,0.0888672,-0.216797,0.989258,-0.000532632,0.00106526,-0.00106526
1773773603209,0.0888672,-0.21582,0.989258,-0.000532632,-0.000532632,0.000532632
1773773603289,0.0869141,-0.218262,0.990234,0.0015979,-0.000532632,0
1773773603370,0.0874023,-0.216797,0.989746,0,0.000532632,-0.000532632
1773773603440,0.0888672,-0.217773,0.988281,0,0.000532632,0
1773773603521,0.0883789,-0.217285,0.987793,0,0.000532632,-0.00106526
1773773603601,0.0878906,-0.216797,0.989258,0,-0.000532632,0
1773773603673,0.0874023,-0.216309,0.98877,-0.000532632,0,0.000532632
1773773603752,0.0874023,-0.21582,0.988281,0,0.000532632,-0.00106526
1773773603833,0.0874023,-0.217773,0.98877,0,-0.0015979,0
1773773603904,0.0878906,-0.21875,0.989258,0,-0.0015979,-0.000532632
1773773603984,0.0908203,-0.217773,0.98877,0,0,0
1773773604055,0.0883789,-0.216309,0.990234,0,-0.000532632,-0.00106526
1773773604135,0.0893555,-0.216797,0.991211,0,0.0015979,-0.000532632
1773773604216,0.0888672,-0.216797,0.989258,0.000532632,0,0.00106526
1773773604286,0.0878906,-0.216797,0.989258,0.000532632,0,0
1773773604367,0.0888672,-0.217773,0.988281,0.000532632,-0.000532632,0
1773773604447,0.0898438,-0.217285,0.989258,-0.00106526,0.000532632,0
1773773604518,0.0869141,-0.218262,0.989746,0,0,0.000532632
1773773604598,0.0898438,-0.218262,0.988281,-0.000532632,-0.0015979,0
1773773604679,0.0878906,-0.216797,0.989746,0,0,0
1773773604749,0.0878906,-0.216797,0.989258,0.000532632,0,0.000532632
1773773604830,0.0883789,-0.217285,0.987793,0,-0.00106526,-0.000532632
1773773604910,0.0888672,-0.217285,0.990723,0,0.000532632,-0.000532632
1773773604981,0.0874023,-0.217285,0.989258,0.000532632,-0.000532632,-0.000532632
1773773605061,0.0898438,-0.217773,0.990723,-0.000532632,-0.000532632,-0.00106526
1773773605142,0.0874023,-0.21875,0.987793,0.000532632,0,-0.000532632
1773773605213,0.0898438,-0.218262,0.990234,-0.000532632,0,-0.00106526
1773773605293,0.0883789,-0.217285,0.988281,0,0,-0.000532632
1773773605374,0.0869141,-0.217285,0.988281,0.00106526,0.000532632,-0.000532632
1773773605444,0.0908203,-0.216309,0.990234,0,-0.0015979,0.000532632
1773773605525,0.0893555,-0.219238,0.98877,0.000532632,-0.000532632,-0.000532632
1773773605595,0.0878906,-0.217285,0.990234,0,0,0
1773773605676,0.0874023,-0.21582,0.989258,0.000532632,-0.000532632,0.00106526
1773773605756,0.0849609,-0.214355,0.989258,-0.000532632,-0.0015979,0
1773773605827,0.0878906,-0.216797,0.989258,0,0,0
1773773605907,0.0878906,-0.21582,0.990723,0.000532632,-0.000532632,0.000532632
1773773605988,0.0874023,-0.218262,0.989258,-0.000532632,-0.000532632,0
1773773606058,0.0874023,-0.217773,0.988281,0.000532632,0,0
1773773606139,0.0874023,-0.217773,0.991211,-0.00106526,-0.000532632,0
1773773606220,0.0883789,-0.217773,0.98877,0.000532632,-0.00106526,0
1773773606290,0.0878906,-0.216797,0.990234,0,-0.00106526,-0.000532632
1773773606370,0.0883789,-0.216797,0.989746,0.000532632,-0.000532632,0.000532632
1773773606451,0.0893555,-0.218262,0.990723,-0.000532632,0,0.00106526
1773773606522,0.0883789,-0.218262,0.990723,-0.000532632,0,0
1773773606602,0.0883789,-0.216309,0.989746,-0.000532632,0,0
1773773606673,0.0913086,-0.217285,0.989258,0,0,0
1773773606753,0.0864258,-0.217285,0.989746,0.000532632,-0.000532632,0
1773773606834,0.0878906,-0.21875,0.988281,0.000532632,0.00106526,0.00106526
1773773606904,0.0864258,-0.217773,0.990234,0,-0.000532632,-0.00106526
1773773606985,0.0883789,-0.216309,0.987793,0,-0.000532632,-0.000532632
1773773607065,0.0898438,-0.216797,0.992188,0.000532632,-0.00106526,0
1773773607136,0.0893555,-0.217773,0.990234,0.00106526,-0.000532632,-0.000532632
1773773607216,0.0883789,-0.217773,0.989746,-0.000532632,0,0
1773773607297,0.0864258,-0.216797,0.98877,0.000532632,0.000532632,-0.000532632
1773773607368,0.0888672,-0.217773,0.989746,-0.000532632,-0.00106526,0
1773773607448,0.0898438,-0.218262,0.989746,0,0,0.00106526
1773773607529,0.0888672,-0.218262,0.987793,-0.000532632,-0.000532632,-0.000532632
1773773607599,0.0869141,-0.216309,0.989258,0.00106526,0.00106526,0.000532632
1773773607680,0.0859375,-0.216309,0.98877,0,-0.000532632,-0.000532632
1773773607750,0.0874023,-0.217773,0.98877,0,-0.000532632,0
1773773607831,0.0864258,-0.217285,0.990234,-0.000532632,0,0
1773773607912,0.0883789,-0.216797,0.98877,0,-0.000532632,-0.000532632
1773773607982,0.0864258,-0.21875,0.987793,-0.000532632,0,0.00106526
1773773608062,0.0893555,-0.218262,0.987793,0.000532632,0.000532632,0.000532632
1773773608143,0.0878906,-0.21582,0.989746,0.0015979,0,0.000532632
1773773608213,0.0888672,-0.216309,0.988281,0.000532632,0,-0.00106526
1773773608294,0.0864258,-0.218262,0.990723,0.000532632,-0.000532632,0
1773773608375,0.0893555,-0.217773,0.990723,-0.00106526,-0.00106526,0.00106526
1773773608445,0.0883789,-0.21582,0.987793,-0.00106526,-0.00106526,0
1773773608526,0.0913086,-0.217285,0.988281,0,-0.00106526,0
1773773608606,0.0888672,-0.21582,0.989746,0,0,0
1773773608677,0.0869141,-0.219238,0.987793,0,-0.000532632,0
1773773608757,0.0864258,-0.216797,0.989746,0.000532632,0,0.000532632
1773773608838,0.0893555,-0.217773,0.989746,0.000532632,-0.00106526,0
1773773608909,0.0898438,-0.21875,0.989258,0,-0.000532632,0.000532632
1773773608989,0.0878906,-0.218262,0.988281,-0.000532632,-0.000532632,0.000532632
1773773609069,0.0874023,-0.217285,0.989746,0,0,-0.00106526
1773773609140,0.0883789,-0.217773,0.988281,-0.000532632,-0.00106526,0
1773773609220,0.0898438,-0.217285,0.989258,0,0,0
1773773609291,0.0913086,-0.217285,0.989746,0.000532632,-0.000532632,0
1773773609371,0.0878906,-0.21582,0.991211,0.000532632,-0.000532632,-0.00106526
1773773609452,0.0883789,-0.216797,0.988281,-0.000532632,0.000532632,0.000532632
1773773609522,0.0883789,-0.21875,0.98877,0.00106526,-0.00106526,0
1773773609603,0.0883789,-0.216797,0.98877,-0.000532632,0,0.000532632
1773773609683,0.0878906,-0.21875,0.989258,0,0,0
1773773609754,0.0874023,-0.21875,0.989258,0,-0.000532632,0
1773773609834,0.0864258,-0.216309,0.98877,0.000532632,-0.000532632,0.000532632
1773773609915,0.0888672,-0.215332,0.990234,-0.0015979,0,0
1773773609985,0.0883789,-0.217285,0.987305,0,-0.000532632,0
1773773610066,0.0864258,-0.216797,0.989746,0.000532632,0,0
1773773610146,0.0883789,-0.218262,0.98877,-0.000532632,0.000532632,0.00106526
1773773610217,0.0874023,-0.217285,0.990234,0.000532632,-0.000532632,0.00106526
1773773610298,0.0864258,-0.217285,0.990723,-0.000532632,0.000532632,-0.000532632
1773773610378,0.0869141,-0.21875,0.98877,0.000532632,0.00106526,0.0015979
1773773610449,0.0869141,-0.219727,0.987305,0.000532632,0.000532632,0.000532632
1773773610529,0.0869141,-0.216797,0.98877,0,0,0.000532632
1773773610599,0.0888672,-0.217773,0.989746,-0.000532632,0,0
1773773610680,0.0888672,-0.218262,0.98877,0.00106526,-0.000532632,0.00106526
1773773610760,0.0888672,-0.217285,0.990234,0,0,0.000532632
1773773610831,0.0878906,-0.217773,0.989258,0,-0.00106526,0
1773773610912,0.0874023,-0.218262,0.98877,0.000532632,0,-0.00106526
1773773610992,0.0888672,-0.217285,0.989258,-0.000532632,-0.000532632,-0.000532632
1773773611063,0.0883789,-0.217285,0.987793,0,0,0.00106526
1773773611143,0.0888672,-0.218262,0.989258,-0.000532632,-0.000532632,0.00106526
1773773611224,0.0883789,-0.21875,0.989746,0,-0.000532632,-0.000532632
1773773611294,0.0869141,-0.216309,0.989746,0.00106526,0,0
1773773611375,0.0874023,-0.217773,0.987793,-0.00106526,0,-0.00106526
1773773611456,0.0888672,-0.218262,0.988281,-0.000532632,0,-0.000532632
1773773611526,0.0878906,-0.215332,0.990234,0,-0.000532632,0
1773773611607,0.0874023,-0.218262,0.987793,-0.0015979,0,-0.000532632
1773773611687,0.0888672,-0.217773,0.988281,-0.000532632,-0.000532632,0.00106526
1773773611758,0.0878906,-0.218262,0.987305,0,-0.000532632,-0.000532632
1773773611838,0.0874023,-0.216309,0.98877,0.000532632,0,-0.000532632
1773773611909,0.0888672,-0.216309,0.987793,0,-0.000532632,-0.000532632
1773773611989,0.0883789,-0.217773,0.990234,0,-0.000532632,-0.000532632
1773773612070,0.0888672,-0.21582,0.990234,0,-0.000532632,-0.000532632
1773773612140,0.0869141,-0.219238,0.988281,0,0.000532632,0
1773773612221,0.0898438,-0.217285,0.991211,-0.000532632,-0.00106526,0
1773773612301,0.0874023,-0.21582,0.989746,-0.000532632,0,-0.000532632
1773773612372,0.0883789,-0.217285,0.986816,-0.000532632,-0.00106526,-0.000532632
1773773612452,0.0874023,-0.217773,0.988281,-0.000532632,-0.00106526,0
1773773612533,0.0869141,-0.219238,0.988281,0,-0.000532632,0
1773773612604,0.0878906,-0.217285,0.989746,0,0.000532632,0
1773773612684,0.0864258,-0.216797,0.989746,0.00106526,-0.000532632,0.000532632
1773773612765,0.0874023,-0.216309,0.98877,0.00106526,-0.000532632,0.000532632
1773773612835,0.0869141,-0.217285,0.990234,-0.000532632,0,-0.00106526
1773773612916,0.0878906,-0.217285,0.98877,0.000532632,0,-0.000532632
1773773612996,0.0869141,-0.216797,0.98877,0,0,0.000532632
1773773613067,0.0883789,-0.217773,0.987793,0.00106526,0,0.000532632
1773773613147,0.0883789,-0.21875,0.98877,0,0,0
1773773613218,0.0869141,-0.218262,0.987793,-0.000532632,0,-0.000532632
1773773613299,0.0864258,-0.216309,0.988281,0,-0.000532632,0.000532632
1773773613379,0.0878906,-0.217773,0.989258,-0.000532632,0.000532632,0.000532632
1773773613450,0.0869141,-0.221191,0.988281,-0.000532632,0.000532632,0
1773773613530,0.0883789,-0.217773,0.989258,0.000532632,-0.000532632,-0.000532632
1773773613611,0.0878906,-0.21582,0.989746,0.000532632,-0.000532632,0
1773773613681,0.0893555,-0.218262,0.986816,-0.000532632,-0.000532632,0.00106526
1773773613761,0.090332,-0.217773,0.988281,0.000532632,0,0.000532632
1773773613842,0.0883789,-0.216797,0.989258,0,0,0
1773773613912,0.0883789,-0.216797,0.989258,0.000532632,-0.000532632,-0.000532632
1773773613993,0.0883789,-0.21875,0.98877,-0.000532632,-0.000532632,0
1773773614074,0.0874023,-0.21875,0.986816,0.000532632,-0.00106526,-0.00106526
1773773614144,0.0874023,-0.219238,0.987305,0.000532632,0,0.00106526
1773773614225,0.0878906,-0.217285,0.989746,-0.000532632,0,-0.000532632
1773773614305,0.0898438,-0.217285,0.987305,0.000532632,-0.000532632,-0.000532632
1773773614376,0.0874023,-0.216797,0.989258,0.00106526,0,0
1773773614456,0.0859375,-0.217773,0.987793,0,0.000532632,0
1773773614527,0.0878906,-0.218262,0.989258,0,0,0.000532632
1773773614607,0.0878906,-0.21582,0.990723,-0.000532632,0,0
1773773614688,0.0874023,-0.217773,0.989746,-0.000532632,0,0
1773773614758,0.0869141,-0.216797,0.98877,-0.000532632,0,0.000532632
1773773614839,0.0874023,-0.217773,0.98877,0.000532632,-0.000532632,0
1773773614919,0.0874023,-0.217773,0.989746,-0.000532632,0,0.000532632
1773773614990,0.0883789,-0.214844,0.988281,-0.000532632,-0.000532632,-0.000532632
1773773615070,0.0869141,-0.21875,0.98877,0,0,0.000532632
1773773615151,0.0878906,-0.218262,0.988281,0.00213053,-0.000532632,-0.000532632
1773773615221,0.0874023,-0.217285,0.98584,-0.000532632,-0.000532632,0
1773773615302,0.0869141,-0.217285,0.98877,0,-0.00106526,-0.000532632
1773773615372,0.0859375,-0.217773,0.987305,-0.00106526,-0.000532632,0
1773773615453,0.0869141,-0.217285,0.987793,0,0.000532632,0.000532632
1773773615534,0.0869141,-0.217285,0.989258,0,0,0
1773773615614,0.0864258,-0.217285,0.987305,0,0.000532632,-0.000532632
1773773615685,0.0883789,-0.219238,0.989746,-0.000532632,-0.000532632,0.000532632
1773773615765,0.0883789,-0.217773,0.988281,-0.000532632,-0.000532632,0.00213053
1773773615836,0.0859375,-0.217773,0.989746,-0.000532632,0,0
1773773615916,0.0883789,-0.218262,0.990234,0,-0.000532632,-0.000532632
1773773615997,0.0874023,-0.217773,0.98877,0,-0.00106526,-0.00106526
1773773616067,0.0893555,-0.217285,0.987305,-0.000532632,0,-0.000532632
1773773616148,0.0878906,-0.217285,0.988281,-0.00106526,-0.000532632,0.0015979
1773773616228,0.0883789,-0.217285,0.98877,0,-0.00106526,0
1773773616298,0.0883789,-0.217773,0.98877,0,0,0.000532632
1773773616379,0.0878906,-0.218262,0.987305,-0.000532632,0.000532632,0.00106526
1773773616460,0.0878906,-0.21875,0.98877,0,-0.000532632,0
1773773616530,0.0898438,-0.217285,0.989746,0,-0.00106526,-0.00106526
1773773616611,0.0874023,-0.216309,0.988281,0,-0.00106526,0
1773773616691,0.0898438,-0.219238,0.987305,-0.000532632,0.000532632,0.000532632
1773773616762,0.090332,-0.217285,0.988281,0,0,0.000532632
1773773616842,0.0869141,-0.216797,0.98877,-0.000532632,-0.000532632,0.00106526
1773773616923,0.0893555,-0.218262,0.989746,0.00106526,0.000532632,-0.000532632
1773773616993,0.0898438,-0.216309,0.992188,0,-0.000532632,-0.000532632
1773773617074,0.0869141,-0.21875,0.990234,-0.000532632,-0.000532632,0.000532632
1773773617154,0.0859375,-0.21875,0.987305,-0.000532632,0,-0.000532632
1773773617225,0.0864258,-0.217285,0.989258,-0.000532632,-0.000532632,0
1773773617305,0.0874023,-0.216797,0.990723,-0.000532632,-0.000532632,0.000532632
1773773617376,0.0869141,-0.21875,0.988281,-0.00106526,-0.000532632,0.000532632
1773773617456,0.0869141,-0.216797,0.985352,-0.000532632,0,-0.000532632
1773773617537,0.0874023,-0.21875,0.988281,0,-0.000532632,-0.000532632
1773773617607,0.0883789,-0.215332,0.989258,-0.000532632,0,0
1773773617688,0.0883789,-0.21875,0.987305,0,0.000532632,0
1773773617768,0.0883789,-0.218262,0.990723,-0.000532632,-0.00106526,-0.000532632
1773773617839,0.0883789,-0.214844,0.989258,-0.000532632,0,-0.0015979
1773773617919,0.0874023,-0.219238,0.987793,0,-0.000532632,-0.000532632
1773773618000,0.0864258,-0.216309,0.98877,-0.000532632,-0.0015979,-0.000532632
1773773618070,0.0874023,-0.217773,0.989746,-0.00106526,-0.000532632,-0.000532632
1773773618151,0.0878906,-0.216797,0.989258,-0.000532632,0,0
1773773618223,0.0883789,-0.215332,0.989258,0,0,-0.000532632
1773773618302,0.0898438,-0.218262,0.989746,-0.000532632,0,0.000532632
1773773618383,0.0888672,-0.21875,0.98877,0,-0.00106526,0
1773773618463,0.0869141,-0.217285,0.989258,0.000532632,-0.000532632,0
1773773618534,0.0883789,-0.218262,0.990723,0.00106526,0.00106526,-0.000532632
1773773618614,0.0869141,-0.215332,0.989746,-0.000532632,-0.00106526,-0.000532632
1773773618685,0.0883789,-0.219727,0.989746,-0.00106526,-0.000532632,0
1773773618765,0.0883789,-0.217773,0.988281,-0.000532632,-0.000532632,0
1773773618846,0.090332,-0.216797,0.989746,0,-0.00106526,0.000532632
1773773618916,0.0874023,-0.217285,0.991211,0,0,0
1773773618997,0.0869141,-0.21582,0.988281,0.00106526,0,0
1773773619077,0.0893555,-0.217773,0.988281,0,0,-0.00106526
1773773619148,0.0874023,-0.217773,0.98877,0,-0.000532632,-0.000532632
1773773619228,0.0874023,-0.216797,0.989258,0.000532632,-0.00106526,0.00106526
1773773619309,0.0893555,-0.218262,0.98877,0,-0.000532632,0.000532632
1773773619379,0.0864258,-0.21582,0.990234,-0.000532632,0.00106526,0
1773773619460,0.0893555,-0.217773,0.989258,0,-0.00106526,-0.000532632
1773773619540,0.0869141,-0.216797,0.989258,0,0.000532632,-0.000532632
1773773619611,0.0898438,-0.218262,0.990723,-0.00106526,-0.000532632,0
1773773619691,0.0893555,-0.216797,0.98877,0.000532632,0,0.000532632
1773773619772,0.0878906,-0.217285,0.990723,0.000532632,-0.000532632,0
1773773619843,0.0869141,-0.218262,0.990723,0.00106526,0,0
1773773619923,0.0874023,-0.21875,0.990723,-0.000532632,0,-0.000532632
1773773619994,0.0874023,-0.217773,0.98877,0,-0.000532632,-0.00106526
1773773620074,0.0888672,-0.215332,0.988281,0,0,0.00106526
1773773620155,0.0883789,-0.216309,0.988281,0,-0.000532632,-0.000532632
1773773620225,0.0878906,-0.217773,0.992188,0.000532632,0,0.000532632
1773773620306,0.0859375,-0.217773,0.990234,0,-0.000532632,0.000532632
1773773620387,0.0874023,-0.21875,0.991211,-0.000532632,0,0.00106526
1773773620457,0.0888672,-0.217773,0.989746,0,0,0
1773773620538,0.0869141,-0.217773,0.989258,-0.000532632,-0.000532632,0.000532632
1773773620618,0.0878906,-0.219238,0.989258,-0.00106526,-0.00106526,0
1773773620689,0.0874023,-0.217773,0.990723,0,-0.000532632,-0.000532632
1773773620769,0.0864258,-0.216309,0.987793,-0.000532632,-0.00106526,-0.000532632
1773773620850,0.0883789,-0.217773,0.98877,0.000532632,-0.000532632,0.00106526
1773773620922,0.0883789,-0.216309,0.991211,0,0.000532632,0
1773773621001,0.0859375,-0.216797,0.98877,0.000532632,-0.000532632,0.000532632
1773773621081,0.0898438,-0.218262,0.98877,-0.000532632,-0.000532632,0
1773773621152,0.0874023,-0.218262,0.987793,0.000532632,0.000532632,0.00106526
1773773621232,0.0893555,-0.216797,0.98877,-0.000532632,-0.000532632,0.000532632
1773773621303,0.0883789,-0.216309,0.989746,0,0.000532632,0
1773773621383,0.0883789,-0.218262,0.990234,0,0,-0.0015979
1773773621464,0.0878906,-0.217285,0.98877,0,0.000532632,0
1773773621534,0.0874023,-0.217285,0.987305,-0.00106526,0,0.00106526
1773773621615,0.0888672,-0.217773,0.98877,0.000532632,0,0
1773773621696,0.0893555,-0.217773,0.989258,0.00106526,-0.000532632,-0.000532632
1773773621766,0.0888672,-0.216797,0.98877,-0.000532632,0,0
1773773621846,0.0874023,-0.216797,0.989258,0.000532632,0.000532632,0
1773773621927,0.0869141,-0.217285,0.989746,-0.000532632,-0.000532632,0.000532632
1773773621997,0.0869141,-0.218262,0.986816,0.000532632,0,0
1773773622078,0.0874023,-0.217773,0.987793,0.000532632,0.000532632,0.000532632
1773773622158,0.0888672,-0.219727,0.989746,0,-0.000532632,0
1773773622229,0.0893555,-0.217285,0.989746,0,-0.000532632,0
1773773622309,0.0869141,-0.21875,0.98877,0.00106526,0.000532632,-0.000532632
1773773622390,0.0869141,-0.218262,0.98877,0,-0.000532632,0.000532632
1773773622460,0.0878906,-0.217285,0.989258,0,-0.000532632,0.00106526
1773773622541,0.0878906,-0.217285,0.989258,0.000532632,-0.000532632,-0.00106526
1773773622611,0.0869141,-0.217285,0.987305,-0.000532632,-0.00106526,0
1773773622692,0.0883789,-0.218262,0.990234,0,-0.000532632,0
1773773622772,0.0869141,-0.216797,0.987793,0.000532632,-0.000532632,0.0015979
1773773622843,0.0883789,-0.217773,0.989746,-0.0015979,-0.000532632,-0.000532632
1773773622923,0.0883789,-0.218262,0.989746,0,0,-0.000532632
1773773623004,0.0898438,-0.217773,0.990234,0.000532632,0,-0.000532632
1773773623074,0.0893555,-0.21875,0.988281,-0.000532632,-0.000532632,-0.000532632
1773773623155,0.0878906,-0.216797,0.986816,0,0.000532632,0
1773773623236,0.0874023,-0.21875,0.991211,0,-0.000532632,0
1773773623306,0.0849609,-0.216309,0.988281,-0.000532632,-0.00106526,0
1773773623387,0.0888672,-0.216309,0.986816,0,0,-0.000532632
1773773623467,0.0878906,-0.217773,0.989746,-0.000532632,0.000532632,0
1773773623538,0.0874023,-0.216797,0.98877,0.000532632,-0.000532632,0.000532632
1773773623618,0.0888672,-0.217285,0.991211,0.000532632,-0.00106526,-0.00106526
1773773623699,0.0878906,-0.21875,0.989258,-0.000532632,-0.00106526,-0.000532632
1773773623769,0.0864258,-0.216797,0.988281,-0.000532632,-0.00106526,0.000532632
1773773623850,0.0869141,-0.21875,0.990234,0.000532632,0.000532632,0
1773773623920,0.0874023,-0.217773,0.988281,0.000532632,0,0
1773773624001,0.0878906,-0.219238,0.987793,-0.000532632,0.000532632,-0.000532632
1773773624081,0.0874023,-0.216797,0.98877,-0.000532632,0.000532632,-0.000532632
1773773624152,0.0869141,-0.217773,0.98877,0.00106526,-0.00106526,0.000532632
1773773624232,0.0888672,-0.217773,0.990723,0,-0.00106526,0
1773773624313,0.0869141,-0.216797,0.988281,0.000532632,0,-0.000532632
1773773624384,0.0893555,-0.217773,0.989258,0,0.000532632,-0.000532632
1773773624464,0.0874023,-0.21875,0.989258,0,-0.000532632,0.000532632
1773773624545,0.0874023,-0.216309,0.990234,0,-0.000532632,-0.000532632
1773773624616,0.0878906,-0.216309,0.990234,0,-0.000532632,0
1773773624696,0.0893555,-0.218262,0.987793,0.000532632,0.00106526,0
1773773624777,0.0888672,-0.21582,0.991211,0,0,0.00106526
1773773624847,0.0878906,-0.217285,0.988281,-0.00106526,-0.000532632,0.000532632
1773773624928,0.0864258,-0.217773,0.989258,0.000532632,0,0.000532632
1773773625008,0.0869141,-0.217773,0.988281,0,-0.000532632,0.000532632
1773773625079,0.0898438,-0.217773,0.986816,-0.000532632,0.000532632,-0.000532632
1773773625159,0.0883789,-0.217285,0.98877,-0.00106526,0,-0.00106526
1773773625230,0.0888672,-0.216797,0.989746,0,0,0
1773773625310,0.0874023,-0.21875,0.986328,0.000532632,0.000532632,-0.000532632
1773773625391,0.0869141,-0.217773,0.986816,-0.0015979,-0.000532632,-0.000532632
1773773625462,0.0869141,-0.21875,0.989258,0.000532632,-0.00106526,-0.000532632
1773773625542,0.0878906,-0.219238,0.98877,-0.000532632,-0.000532632,-0.000532632
1773773625623,0.0869141,-0.217773,0.987793,0.000532632,-0.000532632,-0.000532632
1773773625693,0.0869141,-0.220215,0.988281,0.000532632,0,0
1773773625774,0.0888672,-0.218262,0.988281,-0.00106526,-0.000532632,-0.00106526
1773773625854,0.0859375,-0.216309,0.989746,0,-0.000532632,-0.00106526
1773773625925,0.0878906,-0.21582,0.988281,-0.000532632,0,-0.000532632
1773773626006,0.0883789,-0.217773,0.990723,0.000532632,-0.000532632,0.000532632
1773773626086,0.0883789,-0.217285,0.98877,0,-0.00106526,0
1773773626157,0.0888672,-0.217285,0.98877,-0.00106526,-0.000532632,-0.00106526
1773773626237,0.0874023,-0.219238,0.987793,0,-0.00106526,0.000532632
1773773626308,0.0883789,-0.216309,0.989258,-0.000532632,-0.000532632,0
1773773626388,0.0849609,-0.217773,0.98877,-0.00106526,-0.00106526,0.00106526
1773773626469,0.0888672,-0.219727,0.987793,0,-0.000532632,-0.00106526
1773773626540,0.0859375,-0.217773,0.988281,0,-0.000532632,0
1773773626620,0.0883789,-0.219238,0.98877,0.000532632,0.00106526,0
1773773626700,0.0874023,-0.216309,0.989258,0.000532632,0,-0.000532632
1773773626771,0.0878906,-0.217285,0.990234,-0.000532632,0,0.00106526
1773773626851,0.0874023,-0.216797,0.987793,0,0,-0.000532632
1773773626932,0.090332,-0.217285,0.98877,-0.000532632,-0.000532632,-0.00106526
1773773627002,0.0878906,-0.218262,0.988281,0.000532632,0.000532632,0
1773773627083,0.0864258,-0.218262,0.987305,-0.000532632,0.000532632,0
1773773627163,0.0878906,-0.217285,0.98877,0,-0.000532632,0.000532632
1773773627234,0.0888672,-0.217773,0.987793,-0.000532632,0,0
1773773627314,0.0854492,-0.216309,0.987793,-0.000532632,-0.000532632,0
1773773627395,0.0874023,-0.218262,0.989746,0,0,0
1773773627466,0.0883789,-0.218262,0.988281,-0.000532632,0.000532632,-0.000532632
1773773627546,0.0898438,-0.21582,0.989746,0.00106526,-0.000532632,0
1773773627627,0.0878906,-0.216309,0.989258,0,0,-0.000532632
1773773627697,0.0883789,-0.217285,0.990234,-0.00106526,0,0
1773773627778,0.0883789,-0.217773,0.988281,-0.000532632,0.00106526,-0.000532632
1773773627849,0.0883789,-0.216797,0.989746,0.000532632,-0.000532632,0
1773773627929,0.0888672,-0.217773,0.98877,0,-0.00106526,0
1773773628009,0.0869141,-0.218262,0.987793,0.000532632,-0.000532632,-0.000532632
1773773628080,0.0874023,-0.217285,0.990234,0,0,-0.00106526
1773773628160,0.0874023,-0.217773,0.98877,-0.000532632,-0.000532632,0
1773773628241,0.0878906,-0.217773,0.988281,-0.000532632,-0.000532632,0.000532632
1773773628311,0.0893555,-0.217773,0.989746,-0.000532632,-0.0015979,0.000532632
1773773628392,0.0883789,-0.217285,0.990234,0,-0.000532632,0
1773773628472,0.0874023,-0.217773,0.987793,0,-0.000532632,0.000532632
1773773628543,0.0864258,-0.217773,0.989258,0,-0.000532632,0.000532632
1773773628623,0.0878906,-0.216309,0.98877,0.000532632,0,-0.000532632
1773773628694,0.0859375,-0.217773,0.989258,0,0.000532632,-0.000532632
1773773628774,0.0874023,-0.217773,0.988281,-0.000532632,0,0.000532632
1773773628855,0.0893555,-0.217285,0.991211,-0.000532632,-0.000532632,0.000532632
1773773628935,0.0874023,-0.217773,0.989746,0.000532632,-0.0015979,0.00106526
1773773629006,0.0864258,-0.217285,0.988281,-0.00106526,-0.000532632,-0.000532632
1773773629086,0.0864258,-0.214844,0.989746,0,0,0.000532632
1773773629157,0.0869141,-0.217773,0.98877,0.000532632,-0.00106526,0.00106526
1773773629237,0.0874023,-0.215332,0.989746,0.000532632,-0.000532632,0.000532632
1773773629318,0.0878906,-0.21875,0.989258,-0.000532632,0.000532632,0.000532632
1773773629388,0.0888672,-0.216797,0.990234,0,0.000532632,0
1773773629469,0.0878906,-0.21582,0.98877,0.000532632,-0.000532632,0.00106526
1773773629549,0.0888672,-0.21582,0.989258,-0.000532632,-0.000532632,-0.000532632
1773773629620,0.0888672,-0.217773,0.989746,0.000532632,-0.000532632,0.000532632
1773773629701,0.0874023,-0.216797,0.989746,0,0.000532632,-0.000532632
1773773629782,0.0883789,-0.216309,0.987793,0,0,-0.00106526
1773773629852,0.0878906,-0.215332,0.988281,0.000532632,0,0.000532632
1773773629932,0.0883789,-0.21582,0.98877,0.000532632,-0.00106526,0
1773773630013,0.0888672,-0.217285,0.987305,0,-0.00106526,0.000532632
1773773630084,0.0864258,-0.216309,0.991699,0.000532632,-0.00106526,-0.000532632
1773773630164,0.0874023,-0.218262,0.98877,0.000532632,-0.000532632,-0.0015979
1773773630234,0.0878906,-0.216797,0.988281,0.000532632,-0.000532632,-0.000532632
1773773630315,0.0888672,-0.216309,0.989746,-0.000532632,0,-0.000532632
1773773630396,0.0869141,-0.217285,0.990234,-0.000532632,-0.00106526,0
1773773630466,0.0883789,-0.217285,0.990234,0,-0.00106526,0
1773773630547,0.0888672,-0.217285,0.987793,0,0.000532632,0
1773773630627,0.0869141,-0.219238,0.988281,0,-0.00106526,0
1773773630698,0.0878906,-0.216309,0.989258,0.000532632,-0.000532632,0
1773773630778,0.0874023,-0.216309,0.990234,0.000532632,0,0.000532632
1773773630859,0.0878906,-0.217285,0.987793,0,0,0.000532632
1773773630929,0.0898438,-0.214844,0.98877,0.000532632,0,0
1773773631010,0.0878906,-0.216797,0.990234,-0.000532632,0,0.000532632
1773773631090,0.0898438,-0.21582,0.990234,-0.000532632,0,0
1773773631161,0.0893555,-0.218262,0.988281,-0.0015979,0,-0.000532632
1773773631241,0.0874023,-0.21582,0.989258,0,-0.00106526,0
1773773631322,0.0893555,-0.216797,0.989258,-0.000532632,-0.000532632,0.000532632
1773773631392,0.0869141,-0.220703,0.987305,-0.00106526,-0.000532632,-0.000532632
1773773631473,0.0893555,-0.217773,0.987793,0,0,0
1773773631545,0.0893555,-0.218262,0.98877,0,-0.000532632,0.000532632
1773773631624,0.0874023,-0.21582,0.989746,0.000532632,-0.000532632,0
1773773631705,0.0878906,-0.217285,0.986816,0.00106526,0,-0.000532632
1773773631775,0.0888672,-0.217773,0.989746,-0.000532632,0.000532632,0
1773773631856,0.0878906,-0.218262,0.989746,-0.000532632,-0.0015979,-0.000532632
1773773631936,0.0883789,-0.217285,0.98877,-0.000532632,-0.000532632,-0.000532632
1773773632007,0.0898438,-0.219238,0.989746,0,0,-0.000532632
1773773632087,0.0893555,-0.217285,0.989258,-0.000532632,-0.0015979,0.000532632
1773773632168,0.0888672,-0.217285,0.988281,-0.000532632,-0.000532632,0
1773773632239,0.0874023,-0.216309,0.989746,0,0,-0.00106526
1773773632320,0.0864258,-0.218262,0.990234,-0.000532632,0,-0.000532632
1773773632400,0.0893555,-0.217285,0.98877,0,0,0.000532632
1773773632470,0.0864258,-0.218262,0.987305,0.000532632,-0.000532632,0.000532632
1773773632551,0.0893555,-0.216309,0.98877,-0.000532632,-0.000532632,-0.000532632
1773773632631,0.0878906,-0.21582,0.98877,-0.000532632,-0.000532632,0.00106526
1773773632702,0.0883789,-0.217773,0.989746,-0.000532632,-0.000532632,0.000532632
1773773632782,0.0883789,-0.217773,0.989746,0,-0.00106526,0.000532632
1773773632853,0.0869141,-0.218262,0.990234,0.000532632,-0.00106526,0.000532632
1773773632934,0.0874023,-0.217285,0.987793,-0.000532632,-0.000532632,0
1773773633015,0.0893555,-0.218262,0.988281,0.000532632,-0.000532632,0
1773773633085,0.0874023,-0.216797,0.989746,-0.000532632,0,-0.00106526
1773773633166,0.0893555,-0.21875,0.990234,-0.000532632,0,0
1773773633246,0.0869141,-0.217773,0.989746,0,-0.000532632,0.000532632
1773773633317,0.0898438,-0.217773,0.990723,0,-0.00106526,0.000532632
1773773633398,0.0854492,-0.218262,0.98877,-0.000532632,0.000532632,0
1773773633478,0.0893555,-0.217285,0.988281,-0.00106526,-0.000532632,0.00106526
1773773633549,0.0864258,-0.217285,0.989746,-0.000532632,-0.000532632,-0.000532632
1773773633629,0.0898438,-0.217773,0.987793,-0.00106526,0,-0.000532632
1773773633710,0.0893555,-0.218262,0.991211,0,-0.000532632,-0.000532632
1773773633780,0.0883789,-0.218262,0.988281,0.000532632,-0.00106526,-0.000532632
1773773633861,0.0878906,-0.218262,0.987793,0.000532632,-0.000532632,-0.00106526
1773773633931,0.0898438,-0.21875,0.989258,0,-0.00106526,0
1773773634012,0.0859375,-0.21582,0.987793,0,-0.000532632,-0.000532632
1773773634092,0.0883789,-0.217285,0.988281,-0.0015979,0,0
1773773634163,0.0874023,-0.217773,0.987305,-0.000532632,0,0.000532632
1773773634243,0.0888672,-0.21582,0.988281,-0.000532632,0,0.00106526
1773773634324,0.0878906,-0.217285,0.988281,0,-0.00106526,0.00106526
1773773634394,0.0859375,-0.216797,0.98877,0,-0.00106526,0.000532632
1773773634475,0.0883789,-0.217285,0.988281,0,0,0.000532632
1773773634555,0.0898438,-0.218262,0.98877,0,-0.000532632,0
1773773634626,0.0883789,-0.215332,0.989258,-0.000532632,0,-0.000532632
1773773634706,0.0869141,-0.217773,0.986816,0.00106526,0.000532632,-0.000532632
1773773634787,0.0878906,-0.217773,0.989258,0,-0.0015979,-0.00106526
1773773634857,0.0883789,-0.217285,0.987793,0.000532632,-0.000532632,0
1773773634938,0.0874023,-0.215332,0.989746,-0.000532632,0,-0.000532632
1773773635018,0.0878906,-0.216797,0.987305,0,0,0
1773773635089,0.0883789,-0.21875,0.990234,0.000532632,0,0
1773773635170,0.0888672,-0.217285,0.987793,0.00106526,-0.000532632,-0.00106526
1773773635240,0.0869141,-0.217773,0.98877,-0.000532632,0,-0.00106526
1773773635321,0.0883789,-0.218262,0.98877,0.000532632,0.000532632,0.000532632
1773773635401,0.0859375,-0.219238,0.98877,-0.00106526,0.000532632,-0.000532632
1773773635472,0.0878906,-0.21875,0.988281,0,-0.000532632,0.000532632
1773773635552,0.0878906,-0.216797,0.98877,-0.000532632,0,0
1773773635633,0.0883789,-0.21875,0.989258,-0.000532632,-0.000532632,0
1773773635703,0.0883789,-0.21875,0.987793,-0.00106526,-0.000532632,0.000532632
1773773635784,0.0869141,-0.217285,0.989258,0.00106526,-0.00106526,0
1773773635865,0.0878906,-0.216309,0.987793,-0.000532632,0,0.000532632
1773773635935,0.0898438,-0.218262,0.98877,0.000532632,0.000532632,-0.000532632
1773773636016,0.0874023,-0.216797,0.987793,0.000532632,-0.000532632,0
1773773636096,0.0888672,-0.216797,0.988281,0.000532632,0.00106526,-0.000532632
1773773636167,0.0874023,-0.217773,0.987793,0.000532632,-0.000532632,-0.000532632
1773773636247,0.0898438,-0.217285,0.987305,0,0,-0.000532632
1773773636318,0.0888672,-0.217285,0.989258,0.000532632,-0.000532632,0
1773773636398,0.0888672,-0.219238,0.98877,-0.000532632,0.000532632,0
1773773636479,0.0883789,-0.217773,0.987793,0,-0.000532632,-0.000532632
1773773636549,0.0869141,-0.21875,0.989258,0,-0.000532632,0.000532632
1773773636630,0.0888672,-0.21875,0.988281,0,0.000532632,0
1773773636710,0.0898438,-0.217773,0.987793,0.00106526,0.000532632,0.00106526
1773773636781,0.0844727,-0.218262,0.988281,0.000532632,0,0
1773773636861,0.0883789,-0.216309,0.988281,0,0,0.00106526
1773773636942,0.0883789,-0.218262,0.986328,0,-0.00106526,0.000532632
1773773637012,0.0878906,-0.217773,0.987793,0,0,0
1773773637093,0.0869141,-0.218262,0.989258,-0.000532632,-0.000532632,-0.000532632
1773773637174,0.0898438,-0.219238,0.989746,0,-0.0015979,0
1773773637244,0.0878906,-0.218262,0.988281,-0.000532632,0,0.000532632
1773773637325,0.0893555,-0.217285,0.98877,0,-0.00106526,0
1773773637405,0.0869141,-0.219238,0.988281,-0.00106526,-0.00106526,0
1773773637476,0.0869141,-0.219238,0.990723,0.000532632,-0.00106526,0
1773773637556,0.0893555,-0.21875,0.989746,0,0,0
1773773637627,0.0883789,-0.21875,0.987305,0,-0.000532632,0
1773773637707,0.0874023,-0.216797,0.987305,0,0,0.000532632
1773773637788,0.0864258,-0.219727,0.990723,0,-0.000532632,-0.000532632
1773773637859,0.0883789,-0.217285,0.990234,0.0015979,-0.000532632,0
1773773637939,0.0869141,-0.217773,0.988281,0,-0.000532632,0.00106526
1773773638020,0.0883789,-0.21582,0.98877,-0.000532632,-0.000532632,-0.000532632
1773773638090,0.0874023,-0.218262,0.990723,0.000532632,-0.00106526,0.000532632
1773773638171,0.0864258,-0.216797,0.988281,-0.000532632,0,0
1773773638251,0.0883789,-0.218262,0.987305,0,0.000532632,0
1773773638322,0.0883789,-0.217285,0.988281,-0.000532632,-0.000532632,-0.000532632
1773773638402,0.0874023,-0.21582,0.98877,0.000532632,0.00106526,0.00106526
1773773638483,0.0888672,-0.217773,0.989746,-0.000532632,0,0.000532632
1773773638554,0.0874023,-0.219238,0.989746,0,0,0.000532632
1773773638634,0.0883789,-0.216797,0.989258,-0.000532632,0,0.000532632
1773773638714,0.0888672,-0.216797,0.988281,0.000532632,0,0
1773773638785,0.0878906,-0.217285,0.989746,0,-0.000532632,-0.000532632
1773773638865,0.0893555,-0.217285,0.98877,0.000532632,0.000532632,0
1773773638936,0.0874023,-0.216309,0.986816,-0.000532632,-0.000532632,0.000532632
1773773639017,0.0874023,-0.218262,0.988281,-0.000532632,-0.000532632,0.00106526
1773773639097,0.0864258,-0.218262,0.988281,0.000532632,0.000532632,0
1773773639167,0.0878906,-0.21875,0.988281,-0.000532632,-0.000532632,0.0015979
1773773639248,0.0874023,-0.21875,0.990234,-0.000532632,-0.00106526,0.000532632
1773773639329,0.0859375,-0.216797,0.988281,0,0,0
1773773639399,0.0878906,-0.219238,0.988281,0.000532632,0,0.000532632
1773773639480,0.0864258,-0.216797,0.989258,-0.00106526,-0.000532632,-0.00106526
1773773639560,0.0898438,-0.216309,0.987793,0.000532632,-0.000532632,0.000532632
1773773639631,0.0893555,-0.216797,0.986328,0.000532632,-0.000532632,0
1773773639712,0.0888672,-0.217285,0.988281,0.000532632,0,-0.000532632
1773773639792,0.0874023,-0.216309,0.988281,0.000532632,-0.000532632,0.000532632
1773773639862,0.0874023,-0.217285,0.986816,-0.000532632,0,-0.000532632
1773773639943,0.0888672,-0.217285,0.98877,0.00106526,-0.000532632,0
1773773640023,0.0888672,-0.218262,0.988281,0.00106526,0,0.00106526
1773773640094,0.0888672,-0.216309,0.988281,0,0,0
1773773640174,0.0893555,-0.216309,0.987305,0,-0.000532632,0
1773773640245,0.0874023,-0.21875,0.987305,0,0,0
1773773640325,0.0883789,-0.218262,0.989258,-0.000532632,0,0
1773773640406,0.0849609,-0.219727,0.98584,0.000532632,0,0.000532632
1773773640476,0.0874023,-0.21875,0.987793,0,0.000532632,0
1773773640557,0.0898438,-0.217285,0.989258,0,-0.000532632,-0.000532632
1773773640638,0.0883789,-0.216309,0.988281,-0.000532632,-0.0015979,0.000532632
1773773640708,0.0864258,-0.217773,0.989258,0.00106526,0,0.00106526
1773773640789,0.0864258,-0.217285,0.988281,-0.00106526,0,-0.000532632
1773773640869,0.0869141,-0.218262,0.987793,-0.000532632,0.000532632,0
1773773640940,0.0864258,-0.216797,0.987305,-0.000532632,-0.000532632,0.000532632
1773773641020,0.0893555,-0.217773,0.98877,0.000532632,0,0
1773773641101,0.0859375,-0.216797,0.987793,0.000532632,-0.000532632,0
1773773641171,0.0883789,-0.216797,0.987793,0.000532632,-0.000532632,0
1773773641252,0.0874023,-0.218262,0.990234,0,-0.00106526,-0.000532632
1773773641322,0.0878906,-0.216797,0.989258,0.000532632,0,-0.00106526
1773773641403,0.0888672,-0.216797,0.990723,0.00106526,0.000532632,0.000532632
1773773641483,0.0878906,-0.217773,0.989258,-0.000532632,0,0.000532632
1773773641554,0.0883789,-0.216309,0.989258,0.00106526,-0.0015979,0
1773773641634,0.0888672,-0.216797,0.990234,-0.00106526,-0.000532632,0.00106526
1773773641715,0.0898438,-0.220703,0.98877,0.000532632,-0.000532632,0
1773773641785,0.0888672,-0.217773,0.987793,0,-0.000532632,0
1773773641866,0.0859375,-0.217773,0.988281,0,0,0
1773773641946,0.0874023,-0.21875,0.987793,0,0,0
1773773642017,0.0898438,-0.217285,0.98877,0.000532632,0.000532632,0
1773773642097,0.0888672,-0.218262,0.989746,0,0.000532632,-0.00106526
1773773642178,0.0878906,-0.218262,0.987793,0.00106526,0,-0.0015979
1773773642248,0.0859375,-0.216797,0.987793,0.00106526,-0.0015979,0
1773773642329,0.0869141,-0.216797,0.988281,0,-0.00106526,-0.000532632
1773773642409,0.0878906,-0.215332,0.988281,0.000532632,0.000532632,0
1773773642480,0.0874023,-0.217773,0.987793,-0.000532632,0,0
1773773642560,0.0883789,-0.217773,0.98877,0,0,0.00106526
1773773642641,0.0883789,-0.217285,0.987793,0.000532632,0,0.000532632
1773773642712,0.0893555,-0.217285,0.990234,0,-0.000532632,-0.000532632
1773773642792,0.0888672,-0.216309,0.989258,-0.000532632,0,-0.00106526
1773773642863,0.0874023,-0.216797,0.987793,-0.00106526,0.000532632,0
1773773642943,0.0864258,-0.219238,0.989746,0.000532632,-0.00106526,0.000532632
1773773643024,0.0869141,-0.218262,0.989258,0,-0.000532632,0
1773773643094,0.0893555,-0.218262,0.98877,0,-0.000532632,-0.000532632
1773773643176,0.0888672,-0.21875,0.990723,0,-0.000532632,0
1773773643257,0.0874023,-0.217285,0.989258,-0.000532632,-0.000532632,-0.000532632
1773773643327,0.0859375,-0.218262,0.988281,0.00106526,0.000532632,0.00106526
1773773643408,0.0874023,-0.216797,0.98584,0,-0.000532632,0
1773773643478,0.0874023,-0.217285,0.989258,0.000532632,0,0.000532632
1773773643559,0.0864258,-0.217773,0.990723,-0.000532632,-0.00106526,0.000532632
1773773643639,0.0874023,-0.21582,0.989258,0.00106526,0.000532632,-0.000532632
1773773643710,0.0859375,-0.219238,0.990234,0,-0.000532632,0
1773773643790,0.0888672,-0.218262,0.990234,0,0.000532632,-0.00106526
1773773643871,0.0878906,-0.217773,0.990234,-0.000532632,0,-0.000532632
1773773643942,0.0878906,-0.216309,0.988281,0,-0.000532632,-0.000532632
1773773644022,0.0888672,-0.216309,0.987305,0,-0.000532632,0
1773773644103,0.0859375,-0.217773,0.990723,-0.000532632,-0.000532632,0
1773773644173,0.0874023,-0.217773,0.989746,0.000532632,0,0
1773773644253,0.0878906,-0.218262,0.987793,0,0,-0.00106526
1773773644334,0.0893555,-0.21875,0.988281,-0.000532632,-0.00106526,-0.000532632
1773773644404,0.0878906,-0.216797,0.98877,0,0.000532632,0.000532632
1773773644485,0.0883789,-0.215332,0.987305,0.00106526,0,0.000532632
1773773644566,0.0869141,-0.217773,0.98877,-0.000532632,-0.000532632,0
1773773644636,0.0883789,-0.216797,0.987305,0.0015979,0,-0.000532632
1773773644717,0.0878906,-0.217285,0.98877,0,0,0
1773773644787,0.0874023,-0.21582,0.987305,0.00106526,0,-0.00106526
1773773644868,0.0893555,-0.217773,0.990234,0,0,-0.000532632
1773773644948,0.0878906,-0.217285,0.98877,0,0.000532632,0.000532632
1773773645019,0.0883789,-0.216797,0.989258,0.000532632,-0.00106526,-0.000532632
1773773645099,0.0888672,-0.217285,0.98877,0.000532632,-0.0015979,0.000532632
1773773645180,0.0869141,-0.216797,0.991211,0.000532632,0,0
1773773645250,0.0893555,-0.218262,0.989258,-0.000532632,-0.000532632,0
1773773645331,0.0869141,-0.217773,0.989258,0,-0.000532632,0
1773773645411,0.0883789,-0.218262,0.988281,-0.00106526,0,0.000532632
1773773645482,0.0893555,-0.216797,0.989258,-0.000532632,0,0.000532632
1773773645562,0.0864258,-0.217285,0.989746,0,0,-0.00106526
1773773645643,0.0888672,-0.219727,0.989258,0,0,0.00106526
1773773645714,0.0888672,-0.219727,0.98877,0,-0.000532632,0
1773773645794,0.0878906,-0.216309,0.987793,0.000532632,0,0
1773773645875,0.0869141,-0.218262,0.990234,0,-0.000532632,0.000532632
1773773645945,0.0869141,-0.21582,0.988281,0.00106526,-0.000532632,0.000532632
1773773646026,0.0883789,-0.216797,0.990234,-0.000532632,-0.00106526,0
1773773646096,0.0859375,-0.218262,0.98877,0,-0.000532632,0.000532632
1773773646177,0.0878906,-0.21582,0.987305,-0.00106526,0.000532632,-0.000532632
1773773646257,0.0888672,-0.218262,0.990234,0.000532632,0.000532632,0
1773773646328,0.0864258,-0.217285,0.989746,0.00106526,-0.000532632,0
1773773646408,0.0854492,-0.217285,0.989258,0,-0.00106526,0
1773773646489,0.0859375,-0.217285,0.989258,-0.00106526,-0.000532632,0
1773773646559,0.0878906,-0.21875,0.987793,-0.000532632,-0.000532632,-0.000532632
1773773646640,0.0859375,-0.217285,0.990723,-0.000532632,0,-0.000532632
1773773646720,0.0888672,-0.216309,0.988281,0.000532632,0,0
1773773646791,0.0864258,-0.217285,0.988281,0.00106526,0,-0.00106526
1773773646872,0.0893555,-0.216309,0.987305,-0.000532632,-0.000532632,0
1773773646952,0.0878906,-0.21875,0.987305,0.000532632,-0.000532632,0.00106526
1773773647022,0.0878906,-0.217773,0.988281,0.000532632,0,0.000532632
1773773647103,0.0854492,-0.21582,0.989258,0,0,0
1773773647184,0.0864258,-0.218262,0.988281,0,0.000532632,-0.000532632
1773773647254,0.0898438,-0.218262,0.987793,0.000532632,0,0
1773773647335,0.0869141,-0.21875,0.98877,0.000532632,0.000532632,0
1773773647405,0.0893555,-0.219238,0.98877,0,0,-0.000532632
1773773647486,0.0874023,-0.217285,0.989258,0.000532632,-0.000532632,0
1773773647566,0.0898438,-0.21875,0.990234,0,-0.000532632,0
1773773647637,0.0874023,-0.219727,0.990234,0,0,-0.000532632
1773773647717,0.0874023,-0.21875,0.98877,0,0,-0.000532632
1773773647798,0.0883789,-0.217773,0.987305,0.00106526,-0.00106526,-0.000532632
1773773647869,0.0878906,-0.217285,0.987793,-0.000532632,-0.000532632,0
1773773647949,0.0874023,-0.217285,0.989258,0,-0.00106526,0.000532632
1773773648020,0.0864258,-0.217773,0.987793,0.00106526,0,0
1773773648100,0.0859375,-0.216797,0.986816,-0.000532632,-0.000532632,0.000532632
1773773648181,0.0888672,-0.217773,0.989746,-0.00106526,0,-0.000532632
1773773648262,0.0878906,-0.217285,0.986816,-0.000532632,-0.00106526,0
1773773648332,0.0883789,-0.217285,0.987793,0,0,-0.000532632
1773773648413,0.0878906,-0.219238,0.989746,0.00106526,0,0.000532632
1773773648483,0.0869141,-0.21875,0.988281,0,0.000532632,0
1773773648564,0.0854492,-0.218262,0.986816,-0.000532632,0,0
1773773648644,0.0888672,-0.217285,0.989746,-0.000532632,0,-0.00106526
1773773648715,0.0869141,-0.219238,0.989258,-0.00106526,-0.000532632,0.000532632
1773773648795,0.0874023,-0.216797,0.990234,-0.000532632,0,0
1773773648877,0.0888672,-0.216797,0.988281,0.000532632,0,-0.000532632
1773773648946,0.0883789,-0.216797,0.989258,0.00106526,0,0.000532632
1773773649027,0.0874023,-0.217285,0.98877,0.000532632,-0.00106526,0
1773773649108,0.0878906,-0.217285,0.98877,0,0,-0.000532632
1773773649178,0.0878906,-0.21582,0.986328,-0.00106526,0,0
1773773649259,0.0888672,-0.21582,0.98877,-0.000532632,-0.000532632,-0.000532632
1773773649339,0.0869141,-0.219727,0.98877,0.000532632,-0.00106526,-0.000532632
1773773649410,0.0878906,-0.21875,0.989258,-0.000532632,0,0
1773773649490,0.0874023,-0.216797,0.989258,0,0,0
1773773649571,0.0883789,-0.216797,0.98877,0,0,0
1773773649641,0.0869141,-0.217773,0.988281,0.000532632,-0.00106526,0.00106526
1773773649722,0.090332,-0.217285,0.989258,0.000532632,0.000532632,0
1773773649792,0.0883789,-0.217773,0.989746,0,-0.00106526,0.000532632
1773773649873,0.0883789,-0.217285,0.98877,0.000532632,-0.000532632,-0.000532632
1773773649954,0.0864258,-0.217773,0.989258,-0.000532632,0,-0.00106526
1773773650024,0.0888672,-0.21875,0.98877,-0.00106526,-0.000532632,-0.00106526
1773773650105,0.0869141,-0.215332,0.987305,0,-0.00106526,0.00106526
1773773650185,0.0883789,-0.217285,0.988281,0,0,-0.000532632
1773773650256,0.0878906,-0.218262,0.986816,0,0,0
1773773650336,0.0864258,-0.21875,0.986816,0.000532632,-0.000532632,-0.000532632
1773773650417,0.0874023,-0.218262,0.988281,-0.000532632,-0.000532632,0
1773773650487,0.0864258,-0.21875,0.990234,0,-0.00106526,0
1773773650568,0.0878906,-0.215332,0.987793,0.000532632,0,0.00106526
1773773650648,0.0874023,-0.21875,0.987305,0,0,-0.000532632
1773773650719,0.0898438,-0.220703,0.987305,-0.000532632,-0.000532632,0
1773773650799,0.0893555,-0.217285,0.990723,0.000532632,0,0
1773773650880,0.0888672,-0.21582,0.988281,0.000532632,0,0
1773773650950,0.0888672,-0.217285,0.987793,0,-0.00106526,0.000532632
1773773651031,0.0864258,-0.217773,0.989746,-0.000532632,0,-0.000532632
1773773651101,0.0888672,-0.217285,0.98877,0,-0.000532632,0
1773773651182,0.0859375,-0.218262,0.987793,-0.000532632,0.000532632,-0.000532632
1773773651262,0.0888672,-0.216797,0.989746,0.000532632,0,-0.000532632
1773773651335,0.0878906,-0.217773,0.987793,0,-0.000532632,0
1773773651414,0.0878906,-0.21875,0.987793,-0.000532632,-0.000532632,-0.000532632
1773773651494,0.0898438,-0.219238,0.989746,0,0,0.000532632
1773773651565,0.0874023,-0.219238,0.987793,-0.000532632,0,-0.000532632
1773773651645,0.0874023,-0.216797,0.989258,0,0.000532632,-0.000532632
1773773651726,0.0869141,-0.218262,0.988281,-0.000532632,0,0.00106526
1773773651796,0.0874023,-0.220215,0.989746,0,-0.000532632,0
1773773651877,0.0883789,-0.217285,0.989258,0,0,-0.000532632
1773773651957,0.0874023,-0.217773,0.986328,-0.000532632,-0.000532632,0.000532632
1773773652028,0.0883789,-0.217285,0.987305,0,0,0.000532632
1773773652108,0.0883789,-0.21875,0.989746,-0.00106526,0.000532632,0
1773773652189,0.0878906,-0.21875,0.989258,0.000532632,-0.000532632,0.000532632
1773773652259,0.0874023,-0.216797,0.990234,0,0,0
1773773652340,0.0883789,-0.217773,0.98877,-0.00106526,-0.000532632,0
1773773652410,0.0869141,-0.214844,0.987305,0.000532632,0,0.00106526
1773773652491,0.0869141,-0.217285,0.98877,0.000532632,0,0.00106526
1773773652571,0.0888672,-0.218262,0.987793,-0.000532632,-0.000532632,0.00106526
1773773652643,0.0883789,-0.21875,0.987305,0,-0.000532632,0
1773773652722,0.0888672,-0.216309,0.987793,0,-0.000532632,0
1773773652803,0.0888672,-0.217773,0.990723,0.000532632,0,0
1773773652873,0.0869141,-0.216797,0.98877,-0.000532632,-0.000532632,0.000532632
1773773652954,0.0893555,-0.217285,0.988281,-0.00106526,-0.000532632,0.00106526
1773773653035,0.0869141,-0.219238,0.989258,0,-0.000532632,0
1773773653105,0.0874023,-0.217285,0.991211,0.000532632,-0.00106526,0
1773773653186,0.0898438,-0.219238,0.988281,0.00106526,-0.000532632,-0.000532632
1773773653266,0.0883789,-0.216797,0.987793,0,-0.00106526,-0.00106526
1773773653337,0.0839844,-0.217285,0.98877,0,0,0
1773773653417,0.0888672,-0.216309,0.990234,-0.000532632,-0.00106526,0.000532632
1773773653498,0.0869141,-0.216797,0.989746,0.000532632,-0.000532632,0
1773773653568,0.0878906,-0.218262,0.986816,-0.000532632,-0.000532632,0
1773773653649,0.0869141,-0.217773,0.990234,-0.00106526,0,0.000532632
1773773653719,0.0893555,-0.217773,0.990234,0.000532632,0,-0.000532632
1773773653800,0.0874023,-0.216797,0.989258,0,0,0
1773773653881,0.0864258,-0.217285,0.98877,0.000532632,-0.000532632,-0.000532632
1773773653951,0.0888672,-0.218262,0.986816,0,-0.00106526,0.00106526
1773773654031,0.0878906,-0.218262,0.987305,0,0.000532632,0
1773773654112,0.0898438,-0.217773,0.988281,0,-0.0015979,0.00106526
1773773654182,0.0874023,-0.216309,0.987793,-0.00106526,-0.000532632,-0.000532632
1773773654263,0.0883789,-0.217773,0.98584,0,-0.00106526,0.00106526
1773773654344,0.0864258,-0.216797,0.988281,0,-0.0015979,0.000532632
1773773654414,0.0888672,-0.217773,0.988281,0.000532632,0,0
1773773654495,0.0874023,-0.217285,0.990723,-0.000532632,-0.000532632,0
1773773654575,0.0869141,-0.21875,0.987305,0,0,0
1773773654646,0.0898438,-0.218262,0.988281,0.000532632,0.000532632,-0.00106526
1773773654726,0.0874023,-0.21875,0.988281,0.000532632,-0.00106526,-0.00106526
1773773654807,0.0874023,-0.21875,0.986816,0.000532632,-0.000532632,-0.000532632
1773773654877,0.0859375,-0.216797,0.986816,-0.00106526,-0.000532632,0
1773773654958,0.0883789,-0.21875,0.98877,0.000532632,-0.000532632,-0.000532632
1773773655028,0.0893555,-0.216797,0.988281,-0.000532632,-0.0015979,-0.000532632
1773773655109,0.0888672,-0.217285,0.98584,0,0,-0.000532632
1773773655190,0.0878906,-0.219238,0.989258,0,-0.000532632,0
1773773655260,0.0888672,-0.217285,0.987793,0.00106526,-0.0015979,-0.000532632
1773773655341,0.0878906,-0.216797,0.988281,-0.00106526,-0.000532632,0.000532632
1773773655421,0.0869141,-0.219238,0.987793,0,-0.000532632,-0.000532632
1773773655492,0.0869141,-0.220215,0.98877,0.000532632,0,-0.00106526
1773773655572,0.0869141,-0.218262,0.987305,-0.00213053,-0.000532632,-0.00106526
1773773655654,0.0874023,-0.216797,0.986816,-0.00106526,-0.000532632,0
1773773655723,0.0898438,-0.216797,0.990234,0,-0.000532632,-0.00106526
1773773655804,0.0878906,-0.217285,0.988281,0,0,0.000532632
1773773655884,0.0869141,-0.217285,0.98877,-0.000532632,-0.000532632,0
1773773655955,0.0883789,-0.217285,0.987793,0.000532632,-0.00106526,-0.000532632
1773773656036,0.0888672,-0.218262,0.990234,0.000532632,0.00106526,0
1773773656106,0.0888672,-0.218262,0.987793,0,-0.00106526,0.000532632
1773773656187,0.0874023,-0.21582,0.987793,0,-0.000532632,0.00106526
1773773656267,0.0869141,-0.219727,0.990234,0,-0.000532632,0.000532632
1773773656338,0.0869141,-0.21875,0.98877,0,-0.00106526,-0.000532632
1773773656418,0.0859375,-0.21875,0.98877,0.00106526,-0.000532632,0.00106526
1773773656499,0.0874023,-0.216797,0.988281,0.000532632,-0.000532632,0.000532632
1773773656569,0.0893555,-0.21582,0.987793,0,-0.000532632,-0.00106526
1773773656650,0.0883789,-0.21875,0.987793,-0.000532632,0,-0.000532632
1773773656730,0.0893555,-0.218262,0.988281,0,-0.000532632,-0.000532632
1773773656801,0.0888672,-0.216797,0.988281,0,-0.000532632,-0.000532632
1773773656881,0.0864258,-0.217285,0.988281,0,0,-0.000532632
1773773656962,0.0878906,-0.221191,0.989258,-0.000532632,0,-0.000532632
1773773657032,0.0888672,-0.217773,0.986816,-0.00106526,-0.0015979,-0.000532632
1773773657113,0.0874023,-0.217285,0.98877,0,-0.000532632,-0.00106526
1773773657193,0.0864258,-0.217773,0.988281,0.00106526,0.000532632,0
1773773657264,0.0893555,-0.217285,0.98877,0,0.000532632,-0.00106526
1773773657345,0.0883789,-0.21875,0.98877,0.000532632,0,0.000532632
1773773657415,0.0893555,-0.21875,0.98877,0,-0.000532632,-0.000532632
1773773657496,0.0893555,-0.217773,0.988281,0.000532632,0.000532632,0
1773773657576,0.0869141,-0.21582,0.990723,-0.0015979,0,0
1773773657647,0.0869141,-0.21875,0.987793,0,-0.00106526,0.000532632
1773773657727,0.0874023,-0.218262,0.988281,-0.00106526,-0.000532632,-0.000532632
1773773657808,0.0874023,-0.216797,0.986816,-0.00106526,0,0.00106526
1773773657878,0.0874023,-0.217773,0.987793,0.000532632,-0.000532632,0.000532632
1773773657959,0.0878906,-0.217285,0.989746,0.00106526,0,0
1773773658039,0.0878906,-0.217285,0.98877,0.000532632,-0.000532632,0
1773773658110,0.0874023,-0.216309,0.98877,0.00106526,-0.000532632,0.000532632
1773773658190,0.0878906,-0.217773,0.987793,0.000532632,0.000532632,-0.000532632
1773773658271,0.0874023,-0.216797,0.986328,0,0.000532632,-0.000532632
1773773658341,0.0864258,-0.21582,0.987793,0,-0.00106526,-0.000532632
1773773658423,0.0864258,-0.217773,0.989258,0,0,0
1773773658493,0.0888672,-0.218262,0.98877,-0.000532632,-0.00106526,0
1773773658573,0.0869141,-0.216797,0.986816,-0.000532632,0,0
1773773658654,0.0878906,-0.216309,0.989258,-0.000532632,0,-0.00106526
1773773658724,0.0874023,-0.218262,0.98877,0.000532632,0,-0.00106526
1773773658805,0.0888672,-0.219238,0.987305,0.00106526,-0.000532632,0.000532632
1773773658885,0.0878906,-0.220215,0.989258,0.000532632,0.000532632,0
1773773658956,0.0869141,-0.21875,0.98877,0,0,0.000532632
1773773659037,0.0864258,-0.220215,0.987305,0,-0.000532632,0.00106526
1773773659117,0.0883789,-0.218262,0.989746,-0.000532632,0,0
1773773659187,0.0878906,-0.219727,0.985352,0,0,0.000532632
1773773659268,0.0898438,-0.217773,0.988281,-0.000532632,0,-0.000532632
1773773659348,0.0864258,-0.216797,0.989258,0.000532632,0,0
1773773659419,0.0864258,-0.216309,0.987305,0.000532632,0,0.000532632
1773773659499,0.0888672,-0.216309,0.989746,0,0,0
1773773659580,0.0878906,-0.217285,0.989258,0.00266316,0,0.000532632
1773773659650,0.0869141,-0.217285,0.988281,0,0,0
1773773659731,0.0883789,-0.217285,0.989746,0.000532632,-0.000532632,0
1773773659802,0.0883789,-0.216797,0.990234,-0.000532632,0.000532632,-0.000532632
1773773659882,0.0878906,-0.218262,0.987793,0,-0.000532632,0.000532632
1773773659963,0.0878906,-0.220215,0.987305,0.000532632,-0.000532632,-0.000532632
1773773660033,0.0869141,-0.219727,0.987305,0,-0.000532632,0
1773773660114,0.0883789,-0.218262,0.987793,-0.000532632,0,0
1773773660194,0.0883789,-0.21875,0.990234,0.000532632,0.000532632,0.000532632
1773773660265,0.0893555,-0.21875,0.987793,-0.00106526,0.000532632,0.000532632
1773773660345,0.0874023,-0.21582,0.988281,-0.000532632,0,0
1773773660426,0.0874023,-0.218262,0.987793,-0.00106526,0,-0.000532632
1773773660496,0.0883789,-0.216309,0.98877,-0.000532632,0,-0.00106526
1773773660577,0.0878906,-0.216309,0.98877,-0.00106526,0.00106526,0.0015979
1773773660658,0.0839844,-0.216797,0.987305,-0.000532632,-0.00106526,0.000532632
1773773660728,0.0888672,-0.220215,0.987793,-0.000532632,-0.00106526,0
1773773660809,0.0893555,-0.216797,0.987305,0.000532632,-0.000532632,-0.000532632
1773773660889,0.0878906,-0.217285,0.987305,0.00106526,0,0
1773773660960,0.0874023,-0.216797,0.98877,0,0,-0.00106526
1773773661041,0.0864258,-0.218262,0.988281,0,-0.000532632,0.00106526
1773773661111,0.0893555,-0.218262,0.986816,0,0,0
1773773661191,0.0883789,-0.216797,0.989258,-0.000532632,-0.000532632,0.000532632
1773773661272,0.0874023,-0.216309,0.988281,-0.000532632,0.000532632,0
1773773661342,0.0874023,-0.218262,0.990234,-0.000532632,0,0
1773773661423,0.0874023,-0.21875,0.987305,-0.00106526,0.000532632,0.000532632
1773773661503,0.0883789,-0.216797,0.98877,0.000532632,-0.000532632,-0.00106526
1773773661574,0.0859375,-0.217285,0.989746,0.000532632,0,0.0015979
1773773661654,0.0874023,-0.21875,0.98877,-0.000532632,-0.000532632,-0.000532632
1773773661735,0.0874023,-0.218262,0.988281,0,0,0
1773773661805,0.0888672,-0.217773,0.989746,0,0,0
1773773661886,0.0883789,-0.217285,0.987305,-0.000532632,0,0.00106526
1773773661966,0.0883789,-0.216797,0.990234,0,0,-0.000532632
1773773662037,0.0883789,-0.216309,0.988281,0,-0.000532632,0
1773773662118,0.0878906,-0.217285,0.98877,0,-0.000532632,-0.000532632
1773773662198,0.0878906,-0.216797,0.990234,0,0,0.00106526
1773773662269,0.0864258,-0.21582,0.989746,0,-0.00106526,0.000532632
1773773662349,0.0878906,-0.218262,0.988281,0.000532632,0.000532632,0.000532632
1773773662420,0.0883789,-0.217773,0.98877,0,0,0
1773773662501,0.0878906,-0.21875,0.990234,-0.000532632,-0.000532632,0
1773773662581,0.090332,-0.217773,0.989258,0,-0.000532632,-0.00106526
1773773662652,0.0878906,-0.217773,0.98877,0,-0.00106526,-0.000532632
1773773662732,0.0878906,-0.217773,0.987305,0,0,-0.00106526
1773773662813,0.0874023,-0.21582,0.988281,0,-0.000532632,-0.000532632
1773773662883,0.0869141,-0.217773,0.988281,-0.000532632,-0.000532632,-0.000532632
1773773662964,0.0878906,-0.217773,0.98877,0,-0.000532632,0
1773773663045,0.0883789,-0.216797,0.989746,-0.000532632,0.000532632,0
1773773663115,0.0878906,-0.219727,0.98877,0.000532632,-0.000532632,0.0015979
1773773663196,0.0869141,-0.217285,0.989258,-0.000532632,-0.000532632,-0.00106526
1773773663276,0.0864258,-0.217285,0.98877,0.000532632,-0.0015979,0.000532632
1773773663347,0.0878906,-0.217773,0.989746,0,-0.000532632,-0.000532632
1773773663428,0.0854492,-0.216309,0.989258,0.000532632,-0.000532632,-0.000532632
1773773663498,0.0859375,-0.21582,0.98877,0,-0.000532632,0
1773773663579,0.0883789,-0.217773,0.986816,0,-0.000532632,0.000532632
1773773663659,0.0878906,-0.217285,0.989746,0,-0.000532632,0
1773773663730,0.0878906,-0.217285,0.987793,0.000532632,-0.000532632,0
1773773663810,0.0883789,-0.216797,0.990234,-0.000532632,-0.00106526,0
1773773663891,0.0864258,-0.217773,0.988281,0,-0.000532632,0.000532632
1773773663961,0.0883789,-0.219727,0.989258,0.000532632,0.000532632,0
1773773664043,0.090332,-0.215332,0.98877,0.000532632,0.000532632,0.000532632
1773773664123,0.0854492,-0.218262,0.989258,-0.000532632,-0.00106526,0.000532632
1773773664193,0.0888672,-0.218262,0.989746,0.000532632,0,-0.00106526
1773773664274,0.0869141,-0.218262,0.987305,0,-0.000532632,-0.000532632
1773773664354,0.0869141,-0.21875,0.988281,0,0.000532632,0
1773773664425,0.0883789,-0.219727,0.989746,0,0,0.000532632
1773773664505,0.0883789,-0.218262,0.988281,0.000532632,0,0.000532632
1773773664577,0.0874023,-0.217285,0.98877,0,0,-0.000532632
1773773664657,0.0878906,-0.217773,0.989258,-0.0015979,-0.000532632,0.000532632
1773773664737,0.0893555,-0.217285,0.989746,-0.000532632,0,-0.000532632
1773773664807,0.0878906,-0.217773,0.988281,-0.000532632,-0.000532632,0.000532632
1773773664888,0.0883789,-0.217285,0.987793,-0.00106526,0,0.000532632
1773773664968,0.0888672,-0.218262,0.98877,0,-0.000532632,-0.00106526
1773773665039,0.0878906,-0.21875,0.989258,0,-0.000532632,0
1773773665119,0.0874023,-0.219238,0.991699,0,-0.000532632,0
1773773665200,0.0869141,-0.21582,0.988281,0,-0.00106526,0
1773773665270,0.0898438,-0.217285,0.987305,0.000532632,0,-0.000532632
1773773665352,0.0874023,-0.217285,0.989258,0.00106526,-0.00106526,-0.000532632
1773773665431,0.0883789,-0.213867,0.989258,0,-0.000532632,-0.000532632
1773773665502,0.0874023,-0.216797,0.988281,-0.000532632,0.000532632,-0.000532632
1773773665583,0.0874023,-0.217285,0.988281,-0.00106526,-0.00106526,0
1773773665663,0.0883789,-0.217773,0.988281,-0.00106526,0.00106526,0.000532632
1773773665734,0.0893555,-0.217285,0.987305,-0.00106526,-0.00106526,-0.000532632
1773773665814,0.0878906,-0.215332,0.987305,0,-0.000532632,-0.000532632
1773773665885,0.0874023,-0.21582,0.987793,0,0,0.000532632
1773773665965,0.0874023,-0.217773,0.990723,0,-0.000532632,0.000532632
1773773666046,0.0869141,-0.219238,0.990723,0,0,-0.00106526
1773773666116,0.0893555,-0.218262,0.989746,-0.00106526,-0.000532632,0
1773773666197,0.0898438,-0.219727,0.989746,0,-0.000532632,0.000532632
1773773666277,0.0864258,-0.21875,0.98877,0,0,0.000532632
1773773666348,0.0878906,-0.217773,0.989258,-0.000532632,-0.00106526,0
1773773666428,0.0883789,-0.216797,0.989258,0.000532632,-0.000532632,0.000532632
1773773666509,0.0869141,-0.217285,0.988281,-0.000532632,-0.000532632,0
1773773666579,0.0878906,-0.217285,0.98877,0,-0.000532632,-0.000532632
1773773666660,0.0869141,-0.217773,0.98877,0.000532632,0,0
1773773666741,0.0888672,-0.218262,0.987305,0,-0.000532632,-0.000532632
1773773666811,0.0883789,-0.217773,0.987305,0.000532632,-0.00106526,-0.00106526
1773773666892,0.0869141,-0.21875,0.98877,-0.000532632,0,0
1773773666972,0.0898438,-0.217773,0.989258,-0.000532632,0,-0.000532632
1773773667043,0.0888672,-0.216797,0.987793,-0.00106526,-0.000532632,-0.000532632
1773773667123,0.0883789,-0.216309,0.987793,0,-0.000532632,-0.00106526
1773773667194,0.0883789,-0.217285,0.98877,-0.000532632,0,0.000532632
1773773667274,0.0888672,-0.216797,0.98877,0,-0.000532632,0
1773773667355,0.0888672,-0.217285,0.989258,0,-0.000532632,-0.000532632
1773773667426,0.0869141,-0.217773,0.988281,-0.000532632,0,0
1773773667506,0.0864258,-0.216309,0.989746,-0.000532632,-0.000532632,-0.000532632
1773773667587,0.0864258,-0.217773,0.987793,0.000532632,0,0
1773773667657,0.0854492,-0.21582,0.989746,0.000532632,-0.000532632,-0.000532632
1773773667738,0.0874023,-0.218262,0.98877,-0.000532632,0,0
1773773667818,0.0888672,-0.217773,0.98877,0,-0.000532632,0
1773773667889,0.0859375,-0.217285,0.989258,0,-0.000532632,0.00106526
1773773667969,0.0878906,-0.218262,0.988281,0.000532632,-0.000532632,-0.000532632
1773773668050,0.0888672,-0.218262,0.987305,-0.000532632,0,0
1773773668120,0.0888672,-0.21875,0.98877,-0.000532632,-0.000532632,-0.000532632
1773773668201,0.0878906,-0.216797,0.98584,0.000532632,0,0
1773773668271,0.0883789,-0.217285,0.987793,0,0,-0.00106526
1773773668352,0.0893555,-0.218262,0.987305,-0.000532632,-0.0015979,0.000532632
1773773668432,0.0883789,-0.217773,0.987793,-0.000532632,-0.000532632,-0.000532632
1773773668503,0.0874023,-0.217285,0.98877,-0.000532632,-0.00106526,0
1773773668584,0.0888672,-0.217773,0.987793,0,0.000532632,0.00106526
1773773668664,0.0878906,-0.218262,0.989258,0,0,0.000532632
1773773668735,0.0874023,-0.218262,0.989258,0.000532632,-0.000532632,-0.000532632
1773773668815,0.0878906,-0.218262,0.987793,0,-0.000532632,-0.000532632
1773773668896,0.0864258,-0.218262,0.98877,-0.00106526,-0.000532632,0.000532632
1773773668966,0.0878906,-0.217773,0.988281,0.00106526,-0.000532632,0
1773773669047,0.0888672,-0.218262,0.989258,-0.000532632,-0.000532632,0
1773773669127,0.0893555,-0.216309,0.989258,0,-0.000532632,-0.000532632
1773773669198,0.0854492,-0.219238,0.988281,-0.000532632,0,0
1773773669278,0.0874023,-0.216797,0.989258,-0.000532632,0.000532632,0.000532632
1773773669359,0.0874023,-0.21582,0.989746,0.000532632,-0.000532632,0
1773773669429,0.0883789,-0.216797,0.989258,0.000532632,0.000532632,0
1773773669510,0.0874023,-0.215332,0.988281,0,-0.000532632,0.00106526
1773773669580,0.0859375,-0.216309,0.988281,0,-0.000532632,-0.000532632
1773773669661,0.0888672,-0.217773,0.987793,0.000532632,-0.00106526,-0.000532632
1773773669742,0.0869141,-0.216309,0.98877,0,-0.00106526,0
1773773669812,0.0874023,-0.219238,0.986816,0.000532632,-0.00106526,-0.000532632
1773773669893,0.0874023,-0.217773,0.988281,-0.000532632,-0.000532632,0
1773773669973,0.0883789,-0.21875,0.989746,-0.000532632,0,-0.000532632
1773773670044,0.0878906,-0.21875,0.990234,0,-0.00106526,-0.000532632
1773773670125,0.0888672,-0.218262,0.98877,-0.000532632,-0.000532632,-0.000532632
1773773670205,0.0883789,-0.218262,0.988281,0,0.000532632,0
1773773670276,0.0883789,-0.216797,0.989746,-0.000532632,0,0.000532632
1773773670356,0.0893555,-0.217285,0.986328,0,0,-0.00106526
1773773670437,0.0864258,-0.217285,0.988281,-0.000532632,-0.000532632,0
1773773670507,0.0869141,-0.217285,0.990234,0.000532632,-0.00106526,-0.00106526
1773773670588,0.0878906,-0.217285,0.987305,0.00106526,-0.00106526,0.000532632
1773773670658,0.0888672,-0.216797,0.989746,-0.000532632,0,-0.000532632
1773773670739,0.0869141,-0.21875,0.989746,0,-0.000532632,0
1773773670819,0.0883789,-0.218262,0.989258,-0.00106526,-0.00106526,-0.000532632
1773773670890,0.0898438,-0.217773,0.989258,0.000532632,-0.000532632,-0.000532632
1773773670970,0.0878906,-0.218262,0.988281,0,-0.000532632,0.000532632
1773773671051,0.0883789,-0.219727,0.98877,0,-0.000532632,0.00106526
1773773671122,0.0864258,-0.21875,0.989258,0,0,0
1773773671202,0.0844727,-0.216797,0.989258,0.000532632,0,0
1773773671283,0.0883789,-0.218262,0.987793,-0.000532632,0,0
1773773671353,0.0878906,-0.21875,0.988281,0,-0.00106526,-0.000532632
1773773671434,0.0883789,-0.217285,0.988281,0.000532632,0,0
1773773671515,0.0878906,-0.216797,0.989258,0,-0.0015979,0.000532632
1773773671585,0.0898438,-0.216797,0.987793,0.000532632,-0.000532632,0.00106526
1773773671665,0.0878906,-0.217773,0.990234,0,0,-0.000532632
1773773671746,0.0883789,-0.216797,0.989746,0,0,0.000532632
1773773671817,0.0883789,-0.216309,0.98877,-0.000532632,-0.00106526,0
1773773671897,0.0869141,-0.218262,0.990234,0.000532632,-0.000532632,-0.00106526
1773773671968,0.0874023,-0.214844,0.988281,0.000532632,-0.000532632,0.000532632
1773773672048,0.0874023,-0.217773,0.989258,0,0,0.000532632
1773773672129,0.0874023,-0.217285,0.98877,0.000532632,0,0.000532632
1773773672199,0.0878906,-0.217773,0.988281,0.000532632,-0.000532632,-0.000532632
1773773672280,0.0874023,-0.217773,0.98877,0,0.000532632,-0.000532632
1773773672360,0.0844727,-0.214844,0.987793,0,-0.00106526,-0.000532632
1773773672431,0.0893555,-0.21875,0.987305,-0.00106526,0,0
1773773672511,0.0874023,-0.217773,0.986328,0.000532632,0.000532632,-0.00106526
1773773672592,0.0883789,-0.217773,0.987305,0,-0.000532632,-0.000532632
1773773672662,0.0869141,-0.217285,0.989258,-0.00106526,-0.000532632,-0.000532632
1773773672743,0.0874023,-0.219238,0.98877,0,-0.000532632,0
1773773672823,0.0888672,-0.216309,0.98877,0.000532632,0.000532632,-0.000532632
1773773672894,0.0883789,-0.217285,0.98877,-0.000532632,-0.000532632,-0.000532632
1773773672974,0.0869141,-0.216797,0.989258,-0.000532632,-0.000532632,-0.000532632
1773773673055,0.0893555,-0.218262,0.987305,-0.00106526,-0.000532632,0.000532632
1773773673125,0.0893555,-0.216309,0.98877,0,-0.000532632,0.000532632
1773773673206,0.0874023,-0.217285,0.987305,0,-0.000532632,-0.000532632
1773773673276,0.0874023,-0.217773,0.98877,0,-0.000532632,0
1773773673358,0.0869141,-0.219727,0.987793,0,-0.00106526,0.000532632
1773773673438,0.0864258,-0.218262,0.986816,0.000532632,0.000532632,-0.00106526
1773773673508,0.0883789,-0.21582,0.987793,-0.000532632,0,0.000532632
1773773673589,0.0874023,-0.217773,0.989746,0.000532632,0.000532632,0
1773773673669,0.0864258,-0.21582,0.987305,0,-0.000532632,0.00106526
1773773673740,0.0883789,-0.217773,0.988281,0.00106526,-0.000532632,-0.000532632
1773773673820,0.0869141,-0.21582,0.986816,0.000532632,0,0
1773773673901,0.0878906,-0.21875,0.989258,0.000532632,-0.00106526,0
1773773673971,0.0883789,-0.218262,0.987793,-0.000532632,-0.00106526,0.000532632
1773773674052,0.0888672,-0.216797,0.98877,-0.000532632,-0.00106526,0.000532632
1773773674132,0.0888672,-0.217285,0.989746,0,-0.000532632,-0.000532632
1773773674203,0.0893555,-0.217285,0.986816,-0.000532632,-0.00106526,0.00106526
1773773674283,0.0893555,-0.216797,0.989746,-0.00106526,0,-0.000532632
1773773674364,0.0893555,-0.21875,0.988281,0.000532632,-0.00106526,0
1773773674434,0.0883789,-0.218262,0.989258,0,-0.00106526,0.000532632
1773773674515,0.0883789,-0.218262,0.991211,0,0.000532632,0.00106526
1773773674586,0.0878906,-0.21582,0.989258,0,-0.000532632,0.000532632
1773773674666,0.0864258,-0.216797,0.988281,-0.000532632,-0.00106526,0.000532632
1773773674747,0.0888672,-0.216797,0.986328,0,-0.000532632,-0.00106526
1773773674817,0.0874023,-0.217773,0.98877,0,-0.00106526,0
1773773674898,0.0869141,-0.217773,0.98877,-0.00106526,-0.000532632,0.000532632
1773773674978,0.0869141,-0.216309,0.98877,0.000532632,-0.000532632,0
1773773675049,0.0869141,-0.216797,0.990234,0.000532632,-0.00106526,-0.000532632
1773773675129,0.0893555,-0.217285,0.989746,0,-0.00106526,-0.000532632
1773773675210,0.0888672,-0.218262,0.98877,-0.000532632,0.000532632,0.00106526
1773773675280,0.0864258,-0.217285,0.98584,0,-0.000532632,0.00106526
1773773675361,0.0859375,-0.218262,0.987305,0.000532632,-0.000532632,0
1773773675441,0.0874023,-0.218262,0.987793,0,-0.000532632,-0.000532632
1773773675512,0.0883789,-0.219238,0.987305,-0.000532632,-0.00106526,-0.000532632
1773773675592,0.0893555,-0.218262,0.98877,0,0,0
1773773675673,0.0883789,-0.216797,0.987793,0.000532632,-0.00106526,0
1773773675743,0.0874023,-0.217773,0.988281,0.00106526,-0.000532632,0
1773773675824,0.0864258,-0.219238,0.986816,0,0.000532632,0
1773773675894,0.0898438,-0.217773,0.986328,0.000532632,0,-0.000532632
1773773675975,0.0869141,-0.218262,0.987793,-0.000532632,0,0
1773773676055,0.0874023,-0.218262,0.987305,0,-0.000532632,0
1773773676126,0.0869141,-0.217285,0.987793,0,0.000532632,0
1773773676206,0.0878906,-0.217285,0.98877,0,-0.000532632,0.000532632
1773773676287,0.0869141,-0.217773,0.98877,-0.000532632,-0.000532632,-0.000532632
1773773676358,0.0874023,-0.21875,0.988281,0,-0.000532632,0
1773773676438,0.0883789,-0.216797,0.989746,0.00106526,0,0.00106526
1773773676519,0.0869141,-0.216309,0.989258,-0.000532632,0,0
1773773676589,0.0883789,-0.217773,0.989746,-0.000532632,0,0
1773773676670,0.0869141,-0.217773,0.986816,-0.000532632,-0.00106526,-0.000532632
1773773676751,0.0859375,-0.218262,0.98877,-0.000532632,-0.000532632,0.000532632
1773773676823,0.0869141,-0.218262,0.987793,0,-0.000532632,0.00106526
1773773676902,0.0883789,-0.21875,0.989746,-0.000532632,-0.000532632,0.000532632
1773773676973,0.0854492,-0.216797,0.987793,0.000532632,0,0
1773773677053,0.0878906,-0.216309,0.987305,0,0,-0.00106526
1773773677134,0.0883789,-0.218262,0.989746,0.000532632,0,-0.000532632
1773773677204,0.0864258,-0.218262,0.987305,0.000532632,-0.000532632,-0.000532632
1773773677285,0.0883789,-0.218262,0.988281,0,-0.000532632,-0.000532632
1773773677366,0.0864258,-0.219238,0.986328,-0.000532632,0.000532632,-0.000532632
1773773677437,0.0888672,-0.218262,0.98877,-0.000532632,-0.000532632,0.000532632
1773773677517,0.0874023,-0.21875,0.989746,-0.000532632,-0.000532632,0.000532632
1773773677597,0.0874023,-0.218262,0.987305,-0.000532632,0,0.00106526
1773773677668,0.0883789,-0.219238,0.987793,0,-0.00106526,0.000532632
1773773677748,0.0869141,-0.219727,0.987793,-0.000532632,0,0.00106526
1773773677829,0.0883789,-0.219238,0.986816,0,-0.000532632,-0.00106526
1773773677899,0.0874023,-0.21875,0.988281,0,-0.00106526,-0.000532632
1773773677980,0.0893555,-0.21582,0.988281,0,-0.000532632,-0.00106526
1773773678050,0.0883789,-0.220215,0.988281,-0.00106526,-0.000532632,-0.000532632
1773773678131,0.0864258,-0.219238,0.987305,0.000532632,0,0
1773773678212,0.0859375,-0.217773,0.98877,-0.000532632,0.000532632,0
1773773678282,0.0869141,-0.219238,0.98877,0,0,-0.000532632
1773773678363,0.0874023,-0.21582,0.989258,-0.000532632,0,0
1773773678443,0.0864258,-0.218262,0.987793,-0.000532632,0,-0.000532632
1773773678514,0.0888672,-0.219238,0.989258,0,-0.000532632,0.00106526
1773773678594,0.0874023,-0.219727,0.987793,-0.00106526,-0.000532632,-0.000532632
1773773678675,0.0874023,-0.217285,0.98877,0,0,-0.000532632
1773773678745,0.0874023,-0.21875,0.989258,0.00106526,-0.000532632,0
1773773678826,0.0869141,-0.21582,0.98877,0.000532632,0,-0.000532632
1773773678906,0.0878906,-0.217773,0.988281,0.000532632,-0.0015979,0
1773773678977,0.0883789,-0.218262,0.98877,0.000532632,0.000532632,-0.00106526
1773773679057,0.0878906,-0.220215,0.98877,0,-0.00106526,-0.000532632
1773773679128,0.0864258,-0.220703,0.986816,0.000532632,-0.000532632,-0.00106526
1773773679208,0.0874023,-0.217773,0.989258,-0.00106526,-0.000532632,0.000532632
1773773679289,0.0869141,-0.217285,0.987793,-0.000532632,-0.000532632,-0.000532632
1773773679359,0.0888672,-0.220703,0.98877,-0.000532632,-0.00213053,0
1773773679440,0.0883789,-0.217773,0.988281,-0.000532632,-0.000532632,-0.00106526
1773773679521,0.0874023,-0.216797,0.989746,-0.000532632,-0.00106526,0
1773773679591,0.0869141,-0.217773,0.989258,0.000532632,-0.00106526,0
1773773679671,0.0859375,-0.21875,0.989258,0.000532632,-0.00106526,-0.000532632
1773773679752,0.0878906,-0.21875,0.98877,0,-0.000532632,0
1773773679823,0.0864258,-0.216797,0.989258,0.000532632,0.000532632,-0.000532632
1773773679903,0.0878906,-0.21875,0.987793,-0.000532632,-0.000532632,-0.000532632
1773773679984,0.0878906,-0.218262,0.989746,-0.000532632,-0.00106526,-0.000532632
1773773680054,0.0878906,-0.217285,0.98877,0.000532632,-0.000532632,-0.000532632
1773773680135,0.0869141,-0.219238,0.987305,-0.00106526,-0.000532632,0.000532632
1773773680215,0.0878906,-0.217773,0.988281,0,-0.00106526,-0.00106526
1773773680286,0.0883789,-0.21875,0.987793,-0.000532632,-0.000532632,-0.00106526
1773773680367,0.0888672,-0.218262,0.988281,-0.000532632,-0.000532632,0.00106526
1773773680437,0.0864258,-0.217773,0.990234,-0.000532632,-0.000532632,-0.000532632
1773773680517,0.0869141,-0.219238,0.98877,0.000532632,0.000532632,0
1773773680598,0.0854492,-0.217285,0.987793,-0.000532632,0,0
1773773680668,0.0864258,-0.217773,0.98877,-0.000532632,0,0
1773773680749,0.0864258,-0.216309,0.987305,0,0,-0.000532632
1773773680830,0.0859375,-0.216797,0.989746,0,-0.000532632,-0.000532632
1773773680900,0.090332,-0.216797,0.990234,0,0,0.000532632
1773773680981,0.0888672,-0.217773,0.990234,0.000532632,0,0
1773773681061,0.0888672,-0.219238,0.987305,0,-0.00106526,0
1773773681132,0.0898438,-0.217773,0.988281,0.00106526,-0.000532632,0.000532632
1773773681213,0.0869141,-0.219238,0.988281,0,0,-0.00106526
1773773681293,0.0888672,-0.217773,0.989746,-0.000532632,-0.000532632,0.00106526
1773773681364,0.0854492,-0.219238,0.988281,0.000532632,-0.00106526,0
1773773681444,0.0883789,-0.216309,0.98877,-0.000532632,0,0
1773773681525,0.0878906,-0.217285,0.98877,-0.000532632,-0.000532632,0.000532632
1773773681595,0.0874023,-0.219238,0.989258,0.000532632,-0.00106526,0
1773773681676,0.0878906,-0.217773,0.987793,0.000532632,-0.00106526,0
1773773681746,0.0864258,-0.216797,0.988281,0,-0.0015979,0
1773773681827,0.0878906,-0.217773,0.98584,-0.00106526,0,0.000532632
1773773681907,0.0888672,-0.216797,0.98877,-0.000532632,0,0.000532632
1773773681978,0.0883789,-0.216797,0.986816,0,-0.000532632,0.000532632
1773773682058,0.0869141,-0.217285,0.98877,-0.000532632,-0.00106526,0
1773773682139,0.0874023,-0.216309,0.98877,0,-0.00106526,0
1773773682210,0.0883789,-0.217285,0.988281,-0.000532632,-0.000532632,0
1773773682290,0.0878906,-0.217773,0.987793,0.000532632,-0.00106526,0.000532632
1773773682371,0.0874023,-0.217773,0.986328,0,-0.000532632,-0.00106526
1773773682441,0.0874023,-0.217773,0.988281,0,-0.000532632,-0.00106526
1773773682522,0.0864258,-0.217773,0.987305,-0.00106526,-0.000532632,0.00106526
1773773682602,0.0869141,-0.219238,0.990723,0,0,0.000532632
1773773682673,0.0878906,-0.217285,0.987793,-0.000532632,0.000532632,0
1773773682753,0.0883789,-0.216309,0.987793,0.000532632,0,-0.0015979
1773773682824,0.0893555,-0.217773,0.990234,-0.000532632,0,0.00106526
1773773682904,0.0874023,-0.218262,0.987305,-0.000532632,-0.00106526,-0.000532632
1773773682985,0.0878906,-0.216797,0.98877,-0.000532632,0,0
1773773683055,0.0854492,-0.217773,0.987793,-0.000532632,-0.000532632,-0.000532632
1773773683136,0.0854492,-0.21875,0.98877,-0.000532632,-0.000532632,0
1773773683217,0.0874023,-0.219238,0.989258,-0.000532632,-0.000532632,-0.000532632
1773773683287,0.0883789,-0.218262,0.989258,0,0,-0.000532632
1773773683368,0.0878906,-0.216797,0.987305,0.000532632,0,-0.000532632
1773773683448,0.0878906,-0.218262,0.988281,0,0.000532632,0
1773773683519,0.0898438,-0.217285,0.98877,-0.000532632,0.000532632,0
1773773683599,0.0874023,-0.216797,0.987793,0.000532632,-0.000532632,-0.000532632
1773773683680,0.0864258,-0.217773,0.987793,-0.000532632,-0.000532632,0.000532632
1773773683750,0.0878906,-0.218262,0.988281,0,-0.00106526,0
1773773683831,0.0869141,-0.217285,0.988281,-0.000532632,-0.00106526,-0.000532632
1773773683912,0.0883789,-0.217285,0.988281,-0.00106526,-0.000532632,0.000532632
1773773683982,0.0898438,-0.217773,0.989258,0.0015979,-0.000532632,0.00106526
1773773684063,0.0878906,-0.21875,0.989746,-0.000532632,0,-0.000532632
1773773684133,0.0864258,-0.218262,0.98877,0,0.000532632,-0.000532632
1773773684214,0.0859375,-0.21875,0.989258,0.000532632,0,-0.00106526
1773773684294,0.0859375,-0.217773,0.98877,0,-0.000532632,0.00106526
1773773684365,0.0864258,-0.217773,0.987793,-0.000532632,0,0
1773773684445,0.0888672,-0.216309,0.989746,-0.000532632,0,0.00106526
1773773684526,0.0869141,-0.218262,0.989258,0,-0.000532632,0
1773773684596,0.0864258,-0.216309,0.988281,0.000532632,0,-0.000532632
1773773684677,0.0864258,-0.215332,0.98877,0.000532632,0,0.000532632
1773773684758,0.0878906,-0.218262,0.986816,0,0,-0.000532632
1773773684828,0.0883789,-0.21582,0.98877,0.00106526,0,0.000532632
1773773684908,0.0869141,-0.217773,0.990234,-0.00106526,-0.000532632,0
1773773684989,0.0888672,-0.219727,0.98877,0,0,-0.00106526
1773773685059,0.0869141,-0.217285,0.990234,-0.00106526,0,-0.000532632
1773773685141,0.0893555,-0.216309,0.990234,-0.000532632,-0.000532632,0.00106526
1773773685221,0.0864258,-0.218262,0.987793,-0.000532632,0,-0.0015979
1773773685291,0.0874023,-0.217773,0.98877,-0.000532632,0,0
1773773685372,0.0878906,-0.21875,0.988281,0.000532632,0.000532632,-0.000532632
1773773685442,0.0883789,-0.218262,0.988281,-0.000532632,0,0.000532632
1773773685523,0.0874023,-0.216797,0.98877,-0.000532632,-0.000532632,-0.000532632
1773773685604,0.0883789,-0.217773,0.98877,0.000532632,0,-0.00106526
1773773685674,0.0878906,-0.21875,0.989258,0,-0.00106526,0
1773773685754,0.0878906,-0.217773,0.988281,-0.000532632,0,0
1773773685835,0.0869141,-0.216309,0.989258,-0.000532632,-0.000532632,0
1773773685905,0.0874023,-0.217285,0.988281,0,0.000532632,0
1773773685986,0.0869141,-0.216797,0.986328,0,0,-0.000532632
1773773686067,0.0869141,-0.216309,0.990234,0,-0.000532632,0.000532632
1773773686137,0.0883789,-0.217285,0.988281,0,-0.00106526,0
1773773686218,0.0878906,-0.217285,0.987305,0,-0.000532632,0
1773773686298,0.0888672,-0.218262,0.987305,0.000532632,0,0.000532632
1773773686369,0.0864258,-0.216797,0.986816,-0.000532632,-0.00106526,0
1773773686449,0.0883789,-0.217773,0.988281,0.000532632,-0.0015979,0
1773773686520,0.0908203,-0.219238,0.988281,0.000532632,0,-0.00106526
1773773686600,0.0874023,-0.214355,0.987793,-0.000532632,-0.000532632,-0.00106526
1773773686681,0.0874023,-0.21875,0.989746,-0.000532632,-0.000532632,0
1773773686752,0.0888672,-0.216797,0.98877,-0.000532632,-0.00106526,0
1773773686832,0.0883789,-0.217773,0.989258,-0.000532632,-0.000532632,0.000532632
1773773686912,0.0883789,-0.218262,0.987305,-0.000532632,-0.000532632,-0.000532632
1773773686983,0.0893555,-0.219238,0.988281,-0.00106526,0.000532632,0.000532632
1773773687063,0.0869141,-0.217773,0.986816,0.000532632,-0.000532632,0.000532632
1773773687144,0.0874023,-0.21582,0.98877,-0.000532632,-0.000532632,-0.000532632
1773773687214,0.0888672,-0.217285,0.990234,0.00106526,-0.000532632,-0.00106526
1773773687295,0.0883789,-0.218262,0.987793,0.000532632,0.000532632,-0.00106526
1773773687375,0.0874023,-0.217285,0.98584,0,0.000532632,0
1773773687446,0.0874023,-0.219238,0.986816,0,-0.000532632,-0.000532632
1773773687526,0.0874023,-0.218262,0.987793,-0.00106526,-0.000532632,0.000532632
1773773687607,0.0874023,-0.217285,0.989746,0.000532632,0,0.000532632
1773773687677,0.0883789,-0.21875,0.989258,-0.00106526,-0.00106526,0
1773773687758,0.0883789,-0.217285,0.989258,-0.0015979,0.000532632,0.000532632
1773773687838,0.0869141,-0.217285,0.986816,0,0,0
1773773687909,0.0888672,-0.216797,0.988281,0.000532632,-0.00106526,0
1773773687989,0.0854492,-0.215332,0.98877,-0.00106526,0,0
1773773688060,0.0898438,-0.216797,0.989258,0,0,0
1773773688141,0.0878906,-0.217285,0.98877,0,-0.0015979,0.00106526
1773773688221,0.0874023,-0.218262,0.990723,0,0,-0.000532632
1773773688292,0.0869141,-0.21875,0.989258,0.000532632,-0.00106526,-0.00106526
1773773688372,0.0874023,-0.217285,0.988281,0,-0.00106526,0.000532632
1773773688453,0.0898438,-0.218262,0.988281,0,0,-0.000532632
1773773688523,0.0874023,-0.218262,0.98877,0,0.000532632,-0.000532632
1773773688604,0.0859375,-0.216797,0.990234,0.00106526,-0.000532632,0
1773773688685,0.0883789,-0.214355,0.98877,-0.000532632,-0.000532632,-0.00106526
1773773688755,0.0888672,-0.216797,0.989258,-0.00106526,-0.000532632,0.000532632
1773773688836,0.0874023,-0.218262,0.987305,0.000532632,-0.0015979,0.000532632
1773773688916,0.0883789,-0.218262,0.98877,0,0,0
1773773688987,0.0874023,-0.217285,0.987793,-0.000532632,-0.000532632,-0.000532632
1773773689067,0.0874023,-0.216797,0.990723,0,0,-0.00106526
1773773689138,0.0869141,-0.217773,0.986816,0,-0.000532632,0.000532632
1773773689218,0.0859375,-0.217285,0.98877,0,-0.000532632,0
1773773689299,0.0878906,-0.216797,0.987793,-0.000532632,0.000532632,0.00106526
1773773689369,0.0859375,-0.219238,0.988281,0.00106526,0,0.000532632
1773773689450,0.0878906,-0.216797,0.989746,0,0,0.000532632
1773773689530,0.0874023,-0.218262,0.988281,0.000532632,-0.000532632,-0.0015979
1773773689601,0.0874023,-0.217773,0.98877,0.000532632,-0.00106526,-0.000532632
1773773689681,0.0869141,-0.217285,0.98877,-0.000532632,-0.00106526,0.000532632
1773773689762,0.0869141,-0.218262,0.98877,-0.000532632,-0.000532632,-0.000532632
1773773689832,0.0874023,-0.218262,0.98877,0.000532632,-0.00106526,-0.000532632
1773773689913,0.0878906,-0.217285,0.988281,0.000532632,-0.00106526,-0.000532632
1773773689993,0.0888672,-0.217773,0.987305,0,0.000532632,0
1773773690064,0.0869141,-0.217285,0.987793,0.00106526,-0.00106526,0
1773773690145,0.0878906,-0.217773,0.990234,-0.000532632,-0.000532632,-0.000532632
1773773690225,0.0883789,-0.217285,0.987793,0.000532632,0,-0.000532632
1773773690296,0.0878906,-0.21582,0.990723,0,-0.000532632,0
1773773690377,0.0888672,-0.216309,0.989746,0,-0.000532632,0
1773773690447,0.0893555,-0.216309,0.988281,-0.000532632,0,-0.000532632
1773773690528,0.0869141,-0.217773,0.986328,0,-0.000532632,0.000532632
1773773690608,0.0878906,-0.217285,0.987793,0.000532632,0,-0.000532632
1773773690680,0.0898438,-0.216797,0.98877,-0.000532632,0,-0.00106526
1773773690759,0.0874023,-0.217773,0.98877,0.000532632,-0.000532632,-0.000532632
1773773690840,0.0864258,-0.216309,0.989746,-0.000532632,0,-0.000532632
1773773690910,0.0869141,-0.218262,0.989746,-0.000532632,-0.000532632,0.00106526
1773773690991,0.0883789,-0.217773,0.990723,-0.000532632,0.000532632,0.000532632
1773773691072,0.0883789,-0.218262,0.989746,0,-0.00106526,0.000532632
1773773691142,0.0869141,-0.217773,0.989746,0.000532632,-0.000532632,0
1773773691223,0.0869141,-0.216797,0.988281,-0.000532632,-0.000532632,0
1773773691303,0.0869141,-0.218262,0.991211,0,-0.00106526,0.00106526
1773773691374,0.0878906,-0.217285,0.990234,0.000532632,-0.000532632,-0.0015979
1773773691454,0.0878906,-0.217773,0.988281,-0.00106526,0,-0.000532632
1773773691525,0.0883789,-0.217773,0.990234,-0.000532632,0,0
1773773691605,0.0883789,-0.219238,0.989258,0,0,0.000532632
1773773691686,0.0878906,-0.217773,0.988281,-0.000532632,-0.000532632,-0.000532632
1773773691756,0.0898438,-0.217285,0.987793,-0.000532632,-0.00106526,-0.000532632
1773773691837,0.0888672,-0.217285,0.98877,0.000532632,0,0
1773773691917,0.0869141,-0.218262,0.988281,0,0,-0.000532632
1773773691988,0.0888672,-0.218262,0.98877,0,-0.000532632,-0.000532632
1773773692068,0.0878906,-0.21875,0.988281,-0.000532632,-0.000532632,-0.00106526
1773773692149,0.0888672,-0.216309,0.98877,0,0,0
1773773692219,0.0864258,-0.218262,0.988281,-0.00106526,-0.000532632,-0.000532632
1773773692300,0.0869141,-0.218262,0.98584,-0.000532632,-0.00106526,0
1773773692381,0.0869141,-0.217773,0.989746,-0.000532632,-0.000532632,0
1773773692451,0.0878906,-0.217773,0.987793,0.000532632,0,0.00106526
1773773692532,0.0869141,-0.217285,0.989258,0,0,-0.00106526
1773773692612,0.0883789,-0.21875,0.986816,-0.000532632,-0.000532632,0.000532632
1773773692683,0.0874023,-0.219238,0.986328,0.000532632,-0.0015979,0
1773773692763,0.0883789,-0.219238,0.98877,0,0,-0.000532632
1773773692844,0.0864258,-0.217285,0.987793,0,-0.000532632,-0.000532632
1773773692914,0.0878906,-0.216797,0.989746,-0.000532632,-0.000532632,0
1773773692995,0.0878906,-0.216797,0.989258,0,-0.00106526,0.000532632
1773773693065,0.0878906,-0.217773,0.987793,-0.000532632,0,-0.000532632
1773773693146,0.0874023,-0.217773,0.989258,0,-0.00106526,0.00106526
1773773693227,0.0883789,-0.21875,0.986328,0.000532632,0,0
1773773693297,0.0869141,-0.216797,0.990234,-0.000532632,0.000532632,0.00106526
1773773693378,0.0888672,-0.21875,0.986328,0.000532632,-0.00106526,0.000532632
1773773693458,0.0888672,-0.218262,0.989258,-0.00106526,-0.000532632,-0.000532632
1773773693529,0.0878906,-0.220215,0.988281,0.000532632,0,0
1773773693609,0.0869141,-0.216309,0.987793,0.00106526,-0.000532632,0.000532632
1773773693690,0.0883789,-0.218262,0.989746,0,-0.000532632,0.000532632
1773773693760,0.090332,-0.218262,0.988281,0.000532632,0.000532632,0.00106526
1773773693841,0.0898438,-0.216309,0.990234,0,0.000532632,0
1773773693922,0.0869141,-0.218262,0.987793,0,-0.000532632,-0.000532632
1773773693992,0.0883789,-0.217773,0.98877,0,-0.000532632,-0.00106526
1773773694073,0.0888672,-0.21582,0.989258,-0.000532632,-0.000532632,0.000532632
1773773694143,0.0864258,-0.217773,0.988281,0.00106526,-0.000532632,-0.0015979
1773773694224,0.0883789,-0.218262,0.987305,-0.000532632,-0.000532632,-0.000532632
1773773694304,0.0888672,-0.217773,0.990723,-0.000532632,-0.000532632,0.00106526
1773773694375,0.0864258,-0.216797,0.987793,0.000532632,0.000532632,0.000532632
1773773694456,0.0878906,-0.219238,0.98877,-0.000532632,0,-0.00106526
1773773694537,0.0874023,-0.217285,0.989746,0.00106526,0,0.000532632
1773773694607,0.0888672,-0.216797,0.989746,-0.000532632,-0.00106526,-0.000532632
1773773694687,0.0888672,-0.218262,0.988281,-0.000532632,-0.00106526,-0.000532632
1773773694768,0.0883789,-0.21875,0.98877,0.000532632,0.000532632,0
1773773694838,0.0864258,-0.218262,0.988281,-0.000532632,-0.000532632,-0.000532632
1773773694919,0.0869141,-0.217285,0.987793,-0.000532632,0,0
1773773694999,0.0888672,-0.218262,0.989258,0.000532632,-0.000532632,0
1773773695070,0.0888672,-0.216797,0.987305,0,0,-0.000532632
1773773695150,0.0883789,-0.217285,0.98877,0,0,0
1773773695221,0.0888672,-0.216309,0.990723,0.0015979,-0.000532632,-0.000532632
1773773695301,0.0878906,-0.217773,0.989258,-0.000532632,-0.000532632,-0.000532632
1773773695382,0.0864258,-0.218262,0.988281,-0.000532632,-0.000532632,0.000532632
1773773695452,0.0893555,-0.216309,0.987793,0.000532632,-0.000532632,0
1773773695534,0.0864258,-0.21875,0.988281,0,0.000532632,0
1773773695614,0.0878906,-0.219727,0.989258,0.000532632,-0.00106526,-0.000532632
1773773695684,0.0878906,-0.214844,0.987305,0,0,-0.000532632
1773773695765,0.0874023,-0.216797,0.988281,0,0,-0.000532632
1773773695845,0.0893555,-0.217773,0.987793,0.000532632,0,-0.00106526
1773773695916,0.0893555,-0.219238,0.987305,-0.000532632,0.000532632,-0.000532632
1773773695996,0.0869141,-0.216797,0.986816,-0.000532632,-0.00106526,0
1773773696077,0.0869141,-0.219727,0.988281,-0.000532632,0,0.000532632
1773773696148,0.0869141,-0.217773,0.987793,0,-0.000532632,0
1773773696228,0.0874023,-0.21582,0.98877,-0.00106526,-0.00106526,0.000532632
1773773696309,0.0878906,-0.217773,0.989746,0,-0.000532632,0
1773773696379,0.0883789,-0.219727,0.987305,-0.00106526,-0.000532632,0
1773773696460,0.0878906,-0.217285,0.987793,0,-0.00106526,0.000532632
1773773696530,0.0874023,-0.218262,0.989258,-0.000532632,-0.000532632,0.000532632
1773773696611,0.0883789,-0.218262,0.987793,0,0,0.000532632
1773773696691,0.0893555,-0.220703,0.987793,0,-0.000532632,0.000532632
1773773696762,0.0883789,-0.214355,0.989258,0,-0.000532632,0.00106526
1773773696842,0.0878906,-0.217773,0.989258,0,-0.00106526,0.000532632
1773773696923,0.0908203,-0.21875,0.991699,-0.000532632,-0.000532632,-0.000532632
1773773696993,0.0893555,-0.216797,0.988281,0.000532632,-0.00106526,-0.000532632
1773773697074,0.0874023,-0.219727,0.98877,0,-0.000532632,0
1773773697154,0.0883789,-0.217773,0.989258,0,-0.00106526,0.000532632
1773773697225,0.0893555,-0.217773,0.989258,0,-0.000532632,-0.000532632
1773773697305,0.0893555,-0.216309,0.988281,-0.000532632,-0.000532632,0.000532632
1773773697386,0.0869141,-0.218262,0.988281,0,-0.000532632,-0.000532632
1773773697456,0.0888672,-0.217285,0.989258,0,-0.000532632,0
1773773697537,0.0874023,-0.219238,0.987793,0,-0.000532632,0.000532632
1773773697617,0.0874023,-0.219727,0.987305,0.000532632,0.000532632,0
1773773697688,0.0869141,-0.21875,0.989746,-0.000532632,-0.000532632,0.00106526
1773773697768,0.0859375,-0.216797,0.98877,-0.000532632,-0.00106526,-0.00106526
1773773697839,0.0878906,-0.218262,0.989746,-0.00106526,0,0.000532632
1773773697919,0.0874023,-0.217773,0.987793,-0.000532632,-0.000532632,-0.000532632
1773773698000,0.0883789,-0.219727,0.98877,0,-0.000532632,0
1773773698070,0.0888672,-0.215332,0.98877,0.000532632,-0.00106526,-0.00106526
1773773698151,0.0874023,-0.217773,0.989258,-0.000532632,0.000532632,0.00106526
1773773698232,0.0864258,-0.218262,0.988281,-0.00106526,-0.00106526,-0.000532632
1773773698302,0.0883789,-0.218262,0.989746,0.000532632,-0.000532632,0.000532632
1773773698383,0.0883789,-0.218262,0.990234,0,-0.000532632,-0.00106526
1773773698463,0.0874023,-0.216797,0.988281,0,0,0
1773773698534,0.0888672,-0.219238,0.988281,0.000532632,-0.00106526,0
1773773698614,0.090332,-0.219238,0.98877,0,0,0
1773773698695,0.0864258,-0.219238,0.98877,0,-0.000532632,0.000532632
1773773698765,0.0883789,-0.217285,0.987793,0.000532632,-0.000532632,0
1773773698846,0.0869141,-0.216797,0.989258,-0.000532632,-0.000532632,0.000532632
1773773698926,0.0874023,-0.216309,0.988281,0.000532632,0,0
1773773698997,0.0869141,-0.219238,0.989258,-0.00106526,-0.0015979,-0.000532632
1773773699077,0.0893555,-0.218262,0.989746,-0.000532632,0,0.000532632
1773773699148,0.0874023,-0.216309,0.987793,0,-0.000532632,0.000532632
1773773699228,0.0893555,-0.217285,0.989746,0,-0.00106526,-0.000532632
1773773699309,0.0878906,-0.216309,0.987305,0,-0.000532632,0
1773773699380,0.0888672,-0.218262,0.990234,0.00106526,-0.000532632,-0.000532632
1773773699460,0.0878906,-0.217285,0.990234,0.000532632,-0.000532632,0
1773773699541,0.0883789,-0.21875,0.986816,0.000532632,0,-0.000532632
1773773699611,0.0878906,-0.216797,0.990723,0,-0.00106526,-0.000532632
1773773699692,0.0883789,-0.217773,0.988281,0,0,0
1773773699772,0.0893555,-0.216797,0.98877,0,0,0.00106526
1773773699843,0.0874023,-0.217773,0.988281,-0.000532632,0.000532632,-0.000532632
1773773699923,0.0864258,-0.218262,0.989258,0,-0.00106526,-0.000532632
1773773700004,0.0869141,-0.217285,0.989258,-0.00106526,0,0.000532632
1773773700074,0.0878906,-0.218262,0.988281,0.000532632,-0.000532632,0.00106526
1773773700155,0.0878906,-0.216797,0.987305,0,-0.00106526,0.000532632
1773773700236,0.0878906,-0.219238,0.987305,-0.00106526,-0.00106526,-0.000532632
1773773700306,0.0878906,-0.216309,0.987305,0,-0.000532632,0.00106526
1773773700386,0.0869141,-0.214844,0.98877,0.000532632,-0.000532632,0.000532632
1773773700467,0.0854492,-0.21875,0.987305,-0.000532632,0.000532632,0
1773773700537,0.0874023,-0.219238,0.98877,0,0,-0.000532632
1773773700618,0.0883789,-0.220215,0.989746,-0.000532632,-0.00106526,-0.000532632
1773773700688,0.0888672,-0.218262,0.987793,0.000532632,-0.00106526,0.000532632
1773773700769,0.0883789,-0.218262,0.98877,0.000532632,-0.000532632,0
1773773700849,0.0869141,-0.216797,0.989258,0.000532632,0,-0.000532632
1773773700920,0.0883789,-0.218262,0.987305,-0.000532632,-0.000532632,0
1773773701000,0.0864258,-0.217773,0.987305,0,-0.000532632,-0.000532632
1773773701081,0.0869141,-0.21875,0.987793,-0.000532632,-0.000532632,0
1773773701152,0.0859375,-0.219238,0.989746,0,0,0.000532632
1773773701232,0.0874023,-0.219238,0.987305,-0.000532632,0,0
1773773701313,0.0869141,-0.217773,0.98877,-0.000532632,-0.000532632,-0.000532632
1773773701383,0.0883789,-0.218262,0.989258,0.000532632,0,-0.0015979
1773773701464,0.0869141,-0.218262,0.987305,-0.000532632,-0.000532632,0
1773773701545,0.0859375,-0.216309,0.987793,0,-0.00106526,0
1773773701615,0.0874023,-0.219238,0.98877,0.000532632,0,0
1773773701696,0.0859375,-0.21875,0.989258,0.000532632,0,0.000532632
1773773701766,0.0893555,-0.217285,0.987305,0.000532632,-0.000532632,0.000532632
1773773701847,0.0869141,-0.219238,0.98877,0,0,0
1773773701927,0.0888672,-0.21875,0.989258,-0.000532632,-0.000532632,-0.00106526
1773773701998,0.0874023,-0.219238,0.987305,0,0.000532632,-0.000532632
1773773702078,0.0864258,-0.217285,0.988281,0.000532632,-0.00106526,-0.000532632
1773773702159,0.0878906,-0.218262,0.98877,0.00106526,0,0
1773773702229,0.0874023,-0.217773,0.986816,0,-0.000532632,-0.000532632
1773773702310,0.0869141,-0.21875,0.98877,0.00106526,0,0
1773773702390,0.0874023,-0.219238,0.987305,0,-0.0015979,0.000532632
1773773702461,0.0874023,-0.21875,0.987305,0,0,-0.000532632
1773773702541,0.0883789,-0.217773,0.990234,-0.000532632,-0.00106526,0
1773773702622,0.0883789,-0.218262,0.987305,-0.000532632,0,-0.00106526
1773773702692,0.0864258,-0.218262,0.986328,-0.000532632,-0.00106526,-0.000532632
1773773702773,0.0878906,-0.21875,0.98877,-0.000532632,0,0
1773773702853,0.0874023,-0.217773,0.987305,0.000532632,-0.00106526,-0.00106526
1773773702924,0.0893555,-0.21582,0.989746,0.000532632,-0.00106526,0.000532632
1773773703004,0.0883789,-0.217285,0.990234,0,-0.00106526,0
1773773703085,0.0883789,-0.217285,0.98877,-0.000532632,-0.00106526,0.000532632
1773773703155,0.0864258,-0.216797,0.988281,0.00106526,-0.000532632,-0.000532632
1773773703236,0.0874023,-0.217285,0.989258,0.000532632,-0.000532632,-0.000532632
1773773703306,0.0888672,-0.216797,0.986816,-0.000532632,-0.00106526,0
1773773703387,0.0878906,-0.215332,0.98877,-0.000532632,0,0
1773773703468,0.0888672,-0.217773,0.98877,-0.000532632,0,0
1773773703538,0.0883789,-0.218262,0.987305,0,-0.000532632,0
1773773703619,0.0883789,-0.220215,0.989258,0,-0.0015979,0
1773773703699,0.0888672,-0.216309,0.98877,-0.00106526,-0.00106526,-0.00106526
1773773703770,0.0874023,-0.217285,0.990234,0,0,0
1773773703851,0.0874023,-0.218262,0.98877,0.000532632,-0.00106526,-0.000532632
1773773703931,0.0874023,-0.218262,0.988281,-0.000532632,0,-0.000532632
1773773704002,0.0883789,-0.217285,0.98877,0,0,0.000532632
1773773704082,0.0869141,-0.218262,0.987793,-0.000532632,-0.000532632,-0.00106526
1773773704163,0.0864258,-0.218262,0.987305,0,0,-0.00106526
1773773704233,0.0874023,-0.220215,0.987793,-0.00106526,0,-0.00106526
1773773704314,0.0854492,-0.216797,0.991211,-0.000532632,0,-0.000532632
1773773704384,0.0878906,-0.217773,0.987793,0,-0.000532632,-0.000532632
1773773704465,0.0878906,-0.217285,0.989258,0,0,0
1773773704545,0.0883789,-0.217285,0.98877,0.00106526,0.000532632,0
1773773704616,0.0869141,-0.217773,0.986816,-0.000532632,0.000532632,-0.000532632
1773773704696,0.0888672,-0.217773,0.98877,0,-0.00106526,-0.0015979
1773773704777,0.0874023,-0.218262,0.988281,0,0,0.000532632
1773773704848,0.0869141,-0.216797,0.98877,-0.00106526,-0.00106526,0.000532632
1773773704928,0.0898438,-0.217773,0.986816,0.000532632,-0.000532632,0
1773773705009,0.0883789,-0.217773,0.986816,0,0,-0.000532632
1773773705079,0.0874023,-0.217773,0.989258,0.00106526,-0.00106526,-0.000532632
1773773705160,0.0883789,-0.216309,0.988281,0.000532632,0,-0.00106526
1773773705240,0.090332,-0.219238,0.987793,0,-0.000532632,0
1773773705311,0.0874023,-0.216797,0.988281,0.000532632,0,0
1773773705391,0.0888672,-0.217285,0.988281,-0.00106526,-0.00106526,0
1773773705472,0.0883789,-0.217773,0.988281,-0.00106526,0,0.000532632
1773773705542,0.0888672,-0.219238,0.986816,0.000532632,-0.00106526,0.000532632
1773773705623,0.0893555,-0.217285,0.989746,0.00213053,0,0.000532632
1773773705694,0.0864258,-0.216797,0.986816,-0.000532632,-0.000532632,-0.000532632
1773773705774,0.0864258,-0.218262,0.989258,0,-0.000532632,0
1773773705855,0.0883789,-0.216797,0.987793,0.00106526,0,-0.000532632
1773773705925,0.0883789,-0.21582,0.987793,0,-0.00106526,-0.00106526
1773773706006,0.0864258,-0.218262,0.987305,0,0,0
1773773706086,0.0888672,-0.218262,0.986816,-0.000532632,-0.000532632,-0.000532632
1773773706157,0.0878906,-0.216309,0.987793,0,-0.00106526,0
1773773706237,0.0883789,-0.21582,0.98877,0.000532632,-0.000532632,0
1773773706318,0.0874023,-0.21875,0.988281,0,-0.000532632,0.000532632
1773773706388,0.0874023,-0.217773,0.98877,0.000532632,-0.00106526,0
1773773706469,0.0874023,-0.217285,0.987305,-0.00106526,0,0.000532632
1773773706549,0.0869141,-0.218262,0.98584,0.000532632,-0.0015979,-0.00106526
1773773706620,0.0893555,-0.219238,0.98877,0,0,-0.00106526
1773773706701,0.0888672,-0.217773,0.98877,-0.000532632,-0.00106526,0
1773773706781,0.0874023,-0.216309,0.988281,-0.000532632,0,0
1773773706851,0.0878906,-0.217773,0.987793,0,-0.000532632,-0.000532632
1773773706932,0.0888672,-0.217773,0.98584,0,-0.000532632,-0.000532632
1773773707002,0.0869141,-0.21582,0.987793,0.000532632,-0.000532632,0.000532632
1773773707083,0.0864258,-0.217773,0.988281,-0.000532632,0,-0.000532632
1773773707164,0.0869141,-0.21582,0.987793,0,-0.000532632,-0.000532632
1773773707234,0.0869141,-0.220703,0.989258,-0.000532632,-0.000532632,0.000532632
1773773707315,0.0874023,-0.21875,0.989746,0.000532632,-0.000532632,0.000532632
1773773707396,0.0864258,-0.219238,0.988281,0,-0.000532632,0
1773773707466,0.0878906,-0.218262,0.990723,0,-0.000532632,0
1773773707546,0.0869141,-0.216797,0.989258,-0.000532632,-0.000532632,0.000532632
1773773707627,0.0859375,-0.21582,0.988281,0,-0.000532632,-0.000532632
1773773707697,0.0883789,-0.218262,0.987793,0,-0.00106526,-0.000532632
1773773707778,0.0864258,-0.217285,0.98877,-0.00106526,0.000532632,0.000532632
1773773707858,0.0874023,-0.217285,0.989258,0.000532632,-0.00106526,0.000532632
1773773707929,0.0874023,-0.216309,0.987793,-0.0015979,-0.00106526,0.000532632
1773773708009,0.0893555,-0.217773,0.98877,0.000532632,-0.000532632,0.000532632
1773773708080,0.0893555,-0.21582,0.990234,-0.00106526,-0.00106526,0.000532632
1773773708160,0.0878906,-0.218262,0.987793,0.000532632,0,-0.000532632
1773773708241,0.0859375,-0.217773,0.986816,0.000532632,-0.00106526,-0.000532632
1773773708312,0.0874023,-0.21875,0.988281,0,-0.00106526,0.000532632
1773773708392,0.0869141,-0.217773,0.986328,-0.000532632,-0.00106526,0
1773773708473,0.0869141,-0.21875,0.989258,0,-0.0015979,0
1773773708544,0.0864258,-0.218262,0.988281,0,0.000532632,0.000532632
1773773708625,0.0883789,-0.21582,0.987305,0,0.000532632,0.000532632
1773773708705,0.0888672,-0.217285,0.988281,-0.00106526,-0.000532632,-0.000532632
1773773708776,0.0869141,-0.217285,0.98877,-0.000532632,0.000532632,0.000532632
1773773708856,0.0893555,-0.216309,0.98877,0.000532632,-0.00106526,-0.000532632
1773773708937,0.0883789,-0.216797,0.986328,0,-0.000532632,0
1773773709007,0.0859375,-0.216309,0.987305,-0.000532632,-0.00106526,-0.000532632
1773773709088,0.0878906,-0.21875,0.988281,0,0,-0.000532632
1773773709158,0.0859375,-0.217285,0.989258,0.000532632,0,-0.000532632
1773773709239,0.0883789,-0.216797,0.986816,0.000532632,-0.000532632,0
1773773709319,0.0849609,-0.218262,0.988281,0,0,0.000532632
1773773709390,0.0859375,-0.218262,0.990234,0,0,0
1773773709470,0.0908203,-0.218262,0.988281,0,-0.000532632,0.000532632
1773773709551,0.0878906,-0.217773,0.988281,0.000532632,-0.000532632,-0.000532632
1773773709621,0.0878906,-0.218262,0.987793,-0.000532632,-0.000532632,0
1773773709702,0.0888672,-0.21875,0.988281,0.000532632,0,0.000532632
1773773709782,0.0864258,-0.217773,0.98877,0,-0.0015979,-0.00106526
1773773709853,0.0893555,-0.217285,0.989258,-0.000532632,-0.00106526,0.000532632
1773773709934,0.0874023,-0.219238,0.989746,0.00106526,0,0
1773773710014,0.0883789,-0.216309,0.987305,0.000532632,-0.000532632,0.000532632
1773773710085,0.0878906,-0.219727,0.989746,-0.00106526,-0.000532632,-0.000532632
1773773710168,0.0859375,-0.216797,0.988281,-0.000532632,-0.000532632,0
1773773710236,0.0864258,-0.219727,0.989746,-0.00106526,-0.00106526,0
1773773710317,0.0874023,-0.217285,0.990723,-0.000532632,-0.000532632,0
1773773710397,0.0859375,-0.217773,0.989258,-0.00106526,-0.000532632,-0.00106526
1773773710468,0.0869141,-0.216797,0.988281,0.000532632,0,-0.000532632
1773773710548,0.0869141,-0.220703,0.986816,0,0,-0.000532632
1773773710629,0.090332,-0.217285,0.98877,-0.000532632,-0.00106526,0.000532632
1773773710699,0.0859375,-0.217773,0.98877,-0.000532632,0,0.000532632
1773773710780,0.0888672,-0.217285,0.988281,0.000532632,-0.00106526,-0.000532632
1773773710860,0.0869141,-0.217285,0.989258,0.00106526,0.000532632,-0.000532632
1773773710931,0.0874023,-0.219238,0.98877,0,-0.000532632,-0.000532632
1773773711011,0.0878906,-0.218262,0.986816,0.000532632,-0.000532632,-0.000532632
1773773711092,0.0864258,-0.21875,0.990723,-0.000532632,0.000532632,-0.000532632
1773773711162,0.0874023,-0.216309,0.989746,0,0,0.000532632
1773773711243,0.0878906,-0.21875,0.988281,-0.000532632,0,-0.00106526
1773773711324,0.0883789,-0.217773,0.987305,0.000532632,0.000532632,-0.000532632
1773773711394,0.0883789,-0.218262,0.989746,0.000532632,-0.0015979,0
1773773711475,0.0854492,-0.217773,0.990723,0.000532632,-0.000532632,0
1773773711545,0.0864258,-0.217285,0.98877,-0.000532632,-0.000532632,0
1773773711626,0.0878906,-0.219238,0.989258,0.00106526,-0.000532632,-0.000532632
1773773711706,0.0883789,-0.217285,0.986328,0,-0.00106526,0
1773773711777,0.0869141,-0.216309,0.989746,-0.000532632,-0.000532632,-0.00106526
1773773711858,0.0893555,-0.217285,0.98877,0,-0.000532632,0
1773773711938,0.0917969,-0.214355,0.98877,-0.000532632,-0.000532632,0.000532632
1773773712009,0.0869141,-0.21582,0.990234,0.000532632,-0.00106526,0
1773773712089,0.0864258,-0.217285,0.989258,0,-0.000532632,0.000532632
1773773712170,0.0874023,-0.218262,0.988281,-0.000532632,0,0
1773773712241,0.0893555,-0.21875,0.987793,0.00106526,0.000532632,0
1773773712321,0.0883789,-0.218262,0.989746,0,-0.000532632,0
1773773712402,0.0883789,-0.214844,0.989258,0,-0.0015979,0.000532632
1773773712472,0.0864258,-0.218262,0.989258,0,-0.00106526,-0.0015979
1773773712553,0.0888672,-0.217285,0.988281,-0.00106526,0,0.000532632
1773773712623,0.0888672,-0.216309,0.989258,-0.000532632,-0.000532632,0.000532632
1773773712704,0.0883789,-0.217285,0.989746,0.000532632,-0.00106526,0
1773773712784,0.0869141,-0.218262,0.987793,-0.00106526,-0.000532632,0.00106526
1773773712855,0.0854492,-0.218262,0.987793,-0.000532632,-0.00106526,-0.000532632
1773773712935,0.0869141,-0.216309,0.990234,0,-0.000532632,0.000532632
1773773713016,0.0883789,-0.219727,0.986816,-0.000532632,0,-0.00106526
1773773713086,0.0864258,-0.218262,0.988281,0.000532632,-0.000532632,0
1773773713167,0.0859375,-0.217773,0.98877,0,0.000532632,-0.000532632
1773773713247,0.0869141,-0.217285,0.988281,0,-0.000532632,0.00106526
1773773713318,0.0874023,-0.218262,0.98877,0,-0.000532632,0
1773773713398,0.0874023,-0.219727,0.989258,-0.000532632,0,0
1773773713479,0.0878906,-0.21875,0.985352,0,-0.00106526,-0.000532632
1773773713549,0.0869141,-0.217285,0.988281,-0.000532632,0,0
1773773713630,0.0864258,-0.217285,0.988281,0,-0.000532632,0
1773773713701,0.0883789,-0.21582,0.98877,0,0,-0.000532632
1773773713781,0.0864258,-0.217285,0.989258,0,-0.000532632,0.00106526
1773773713862,0.0883789,-0.21582,0.989746,0.000532632,0,0.000532632
1773773713932,0.0864258,-0.219238,0.989746,-0.000532632,-0.00106526,-0.00106526
1773773714013,0.0883789,-0.220215,0.98877,-0.000532632,-0.00106526,0
1773773714093,0.0888672,-0.216309,0.990234,0.000532632,-0.000532632,-0.000532632
1773773714164,0.0874023,-0.217285,0.98877,-0.000532632,0,0.000532632
1773773714244,0.0878906,-0.217773,0.98877,0,-0.00106526,0
1773773714325,0.0878906,-0.217773,0.987305,0,-0.00106526,0.000532632
1773773714395,0.0849609,-0.217773,0.988281,-0.000532632,0,0
1773773714476,0.0869141,-0.216309,0.987793,-0.000532632,-0.000532632,-0.000532632
1773773714556,0.0874023,-0.21875,0.987793,-0.000532632,-0.000532632,0
1773773714627,0.0893555,-0.218262,0.986816,-0.00106526,-0.000532632,-0.000532632
1773773714707,0.0883789,-0.21875,0.989258,0,-0.000532632,0
1773773714788,0.0874023,-0.219727,0.989258,0,-0.00106526,0
1773773714858,0.0883789,-0.216309,0.989746,-0.00106526,-0.000532632,-0.000532632
1773773714939,0.0878906,-0.21875,0.987793,0.000532632,-0.000532632,0.000532632
1773773715020,0.0883789,-0.217285,0.989746,-0.000532632,-0.000532632,0.00106526
1773773715090,0.0878906,-0.21582,0.987305,-0.000532632,-0.000532632,0.000532632
1773773715171,0.0859375,-0.216797,0.987793,0.000532632,0.000532632,0.00106526
1773773715241,0.0883789,-0.216797,0.990723,0.000532632,0.000532632,-0.000532632
1773773715322,0.0898438,-0.216309,0.989746,-0.00106526,0.000532632,0.000532632
1773773715402,0.0874023,-0.216309,0.987305,0,0,0
1773773715473,0.0869141,-0.219238,0.990234,0.000532632,-0.000532632,0
1773773715553,0.0874023,-0.219238,0.988281,0.00106526,0,0
1773773715634,0.0874023,-0.218262,0.987793,0,-0.000532632,-0.00106526
1773773715704,0.0874023,-0.216797,0.988281,0,0.000532632,-0.000532632
1773773715786,0.0874023,-0.216797,0.987793,0,-0.00106526,0
1773773715866,0.0874023,-0.218262,0.988281,0,-0.00266316,-0.00106526
1773773715936,0.0893555,-0.216309,0.987305,-0.000532632,-0.00106526,-0.000532632
1773773716016,0.0874023,-0.218262,0.990723,-0.000532632,-0.000532632,0.000532632
1773773716097,0.0883789,-0.217773,0.987793,0,-0.00106526,0.000532632
1773773716168,0.0898438,-0.218262,0.988281,0.000532632,-0.00106526,-0.00106526
1773773716248,0.0883789,-0.216309,0.987793,0,-0.000532632,0.000532632
1773773716328,0.0869141,-0.219727,0.98877,0,0,0
1773773716399,0.0888672,-0.216309,0.98877,-0.00106526,0.000532632,-0.000532632
1773773716480,0.0883789,-0.217285,0.990234,0.000532632,-0.000532632,0.000532632
1773773716550,0.0874023,-0.216309,0.989258,-0.000532632,0.000532632,0
1773773716631,0.0864258,-0.219727,0.988281,0,-0.00213053,0.000532632
1773773716711,0.0874023,-0.218262,0.989258,-0.000532632,-0.000532632,0
1773773716782,0.0869141,-0.21875,0.987793,0.000532632,-0.00106526,0
1773773716862,0.0874023,-0.217773,0.98877,-0.000532632,-0.000532632,0.000532632
1773773716943,0.0859375,-0.217285,0.987793,0.000532632,-0.000532632,0
1773773717013,0.0883789,-0.219238,0.98877,-0.000532632,0,0
1773773717094,0.0883789,-0.217285,0.988281,-0.00106526,-0.000532632,-0.00106526
1773773717174,0.0878906,-0.217773,0.987793,-0.000532632,-0.000532632,-0.000532632
1773773717245,0.0878906,-0.218262,0.987793,0.000532632,0.000532632,0
1773773717325,0.0878906,-0.217773,0.989258,-0.000532632,0,0
1773773717406,0.0874023,-0.218262,0.98877,0.00106526,-0.000532632,0
1773773717476,0.0893555,-0.218262,0.988281,0.000532632,-0.00106526,0
1773773717557,0.0859375,-0.216797,0.987793,-0.00213053,0.000532632,0.000532632
1773773717637,0.0849609,-0.215332,0.988281,0.000532632,-0.00106526,0
1773773717708,0.0869141,-0.217773,0.98877,0,-0.000532632,-0.0015979
1773773717788,0.0883789,-0.217773,0.98877,0,-0.000532632,0
1773773717869,0.0883789,-0.217285,0.987793,-0.00106526,0.000532632,0.000532632
1773773717939,0.0888672,-0.217773,0.988281,0.000532632,-0.00106526,0.000532632
1773773718020,0.0869141,-0.217773,0.987793,0,0.000532632,0
1773773718090,0.0874023,-0.214844,0.986816,0.000532632,0.000532632,0
1773773718171,0.0883789,-0.219727,0.988281,-0.000532632,-0.0015979,-0.000532632
1773773718251,0.0878906,-0.217285,0.990234,0,-0.000532632,0.000532632
1773773718322,0.0883789,-0.216797,0.98877,0,-0.000532632,0.000532632
1773773718403,0.0878906,-0.21582,0.988281,-0.000532632,0,0.000532632
1773773718483,0.0878906,-0.218262,0.98877,0,0,0.000532632
1773773718554,0.0888672,-0.21582,0.989258,-0.000532632,0,-0.00106526
1773773718634,0.0874023,-0.217285,0.98877,0.00106526,-0.000532632,0.000532632
1773773718715,0.0864258,-0.217773,0.989746,0,0,-0.000532632
1773773718785,0.0874023,-0.218262,0.987793,-0.000532632,-0.000532632,-0.000532632
1773773718866,0.0874023,-0.21875,0.988281,0.00106526,0,0.000532632
1773773718946,0.0869141,-0.21875,0.987305,-0.000532632,-0.000532632,-0.000532632
1773773719017,0.0869141,-0.218262,0.989258,-0.00106526,-0.00106526,-0.000532632
1773773719098,0.0883789,-0.220215,0.987305,0,0,0
1773773719178,0.0893555,-0.217285,0.988281,-0.000532632,0,0.000532632
1773773719248,0.0869141,-0.21875,0.989258,0,0,0
1773773719329,0.0878906,-0.217773,0.987793,0,0.000532632,-0.000532632
1773773719400,0.0874023,-0.219238,0.988281,-0.000532632,-0.00106526,0.00106526
1773773719480,0.0874023,-0.218262,0.991211,-0.000532632,0,-0.000532632
1773773719561,0.0883789,-0.217773,0.987793,0,-0.000532632,-0.000532632
1773773719631,0.0874023,-0.216797,0.988281,0.000532632,0,-0.00106526
1773773719712,0.0874023,-0.217285,0.98877,0.00106526,-0.00106526,-0.00106526
1773773719792,0.0874023,-0.218262,0.987305,0,-0.00106526,-0.000532632
1773773719863,0.0878906,-0.216797,0.986328,0.000532632,-0.000532632,0
1773773719944,0.0893555,-0.218262,0.989746,0.000532632,0,0.00106526
1773773720024,0.0893555,-0.217773,0.989258,0,-0.000532632,0.000532632
1773773720094,0.0869141,-0.219727,0.98877,0.000532632,-0.000532632,-0.00106526
1773773720175,0.0874023,-0.216797,0.988281,-0.000532632,0,-0.0015979
1773773720256,0.0869141,-0.218262,0.987305,0.000532632,0,0.000532632
1773773720326,0.0893555,-0.216797,0.986816,-0.00106526,-0.00106526,0.000532632
1773773720407,0.0878906,-0.217285,0.989258,-0.000532632,-0.00106526,-0.00106526
1773773720477,0.0878906,-0.217285,0.989258,0.000532632,-0.000532632,-0.00106526
1773773720558,0.0864258,-0.219238,0.987793,-0.000532632,-0.00106526,0.000532632
1773773720638,0.0864258,-0.217285,0.989746,0,-0.0015979,-0.000532632
1773773720709,0.0898438,-0.215332,0.987793,0,-0.000532632,-0.000532632
1773773720789,0.0869141,-0.217773,0.989746,0,0,0
1773773720870,0.0888672,-0.217773,0.98877,0.000532632,-0.000532632,-0.000532632
1773773720940,0.0878906,-0.21875,0.987305,-0.00106526,-0.000532632,0
1773773721021,0.0869141,-0.218262,0.989258,0.000532632,-0.000532632,-0.0015979
1773773721101,0.0883789,-0.217285,0.990234,0,0,0
1773773721172,0.0883789,-0.217285,0.990723,-0.000532632,-0.000532632,0
1773773721252,0.0898438,-0.216309,0.989746,0,0,0
1773773721333,0.0878906,-0.218262,0.988281,-0.000532632,0.000532632,0.000532632
1773773721403,0.0864258,-0.217773,0.989258,0,-0.000532632,0.000532632
1773773721484,0.0878906,-0.219238,0.989258,-0.000532632,0,0.00106526
1773773721565,0.0869141,-0.217285,0.987793,-0.000532632,0.000532632,0
1773773721635,0.0878906,-0.217285,0.990234,-0.00106526,-0.000532632,0
1773773721716,0.0893555,-0.219727,0.98877,0,-0.00106526,0.000532632
1773773721788,0.0869141,-0.217285,0.988281,-0.00106526,0,0.000532632
1773773721868,0.0908203,-0.217285,0.989746,0,-0.00106526,0.000532632
1773773721948,0.0893555,-0.217773,0.98877,0,-0.000532632,0.00106526
1773773722018,0.0888672,-0.217285,0.989746,0.000532632,-0.000532632,-0.00106526
1773773722099,0.0888672,-0.217285,0.987793,0,0,-0.000532632
1773773722179,0.0869141,-0.217773,0.987305,0.000532632,0,-0.000532632
1773773722251,0.0888672,-0.217285,0.987793,-0.000532632,-0.000532632,-0.000532632
1773773722330,0.0893555,-0.217773,0.98877,0.000532632,-0.0015979,0
1773773722411,0.0883789,-0.217285,0.988281,0.000532632,-0.0015979,0.00106526
1773773722481,0.0878906,-0.216797,0.987305,0.00106526,0,0.000532632
1773773722562,0.0893555,-0.216309,0.989258,0.000532632,0.00106526,-0.00106526
1773773722642,0.0874023,-0.217285,0.987793,0,-0.000532632,0
1773773722713,0.0864258,-0.217285,0.989746,-0.000532632,-0.000532632,0
1773773722794,0.0893555,-0.217773,0.989258,0.00106526,-0.00106526,0
1773773722864,0.090332,-0.218262,0.98877,-0.000532632,0,0
1773773722944,0.0874023,-0.217285,0.98877,0,-0.000532632,-0.000532632
1773773723025,0.0878906,-0.218262,0.990723,-0.000532632,-0.000532632,-0.000532632
1773773723095,0.0878906,-0.218262,0.989746,-0.000532632,-0.00106526,0.000532632
1773773723176,0.0883789,-0.21875,0.987305,-0.0015979,-0.00106526,0
1773773723257,0.0869141,-0.21875,0.986816,0,0,-0.00106526
1773773723327,0.0859375,-0.21875,0.988281,0.00106526,-0.000532632,-0.00213053
1773773723408,0.0878906,-0.217285,0.987793,-0.000532632,-0.00106526,-0.000532632
1773773723488,0.0874023,-0.219238,0.990234,0,0,0
1773773723559,0.0883789,-0.215332,0.987793,0,-0.000532632,0
1773773723639,0.0878906,-0.218262,0.988281,0,-0.000532632,-0.000532632
1773773723720,0.0888672,-0.216797,0.987793,-0.000532632,0,0
1773773723790,0.0888672,-0.218262,0.98877,0,-0.00106526,0.00106526
1773773723871,0.0883789,-0.21875,0.988281,0,-0.000532632,0.000532632
1773773723951,0.0888672,-0.21875,0.991699,0.00106526,-0.000532632,-0.000532632
1773773724022,0.0878906,-0.216309,0.98877,-0.00106526,-0.000532632,0
1773773724103,0.0888672,-0.218262,0.98877,0,-0.000532632,-0.000532632
1773773724173,0.0883789,-0.219238,0.98877,0.000532632,-0.0015979,0
1773773724254,0.0883789,-0.218262,0.988281,0,-0.000532632,0.000532632
1773773724334,0.0878906,-0.220215,0.987793,0,-0.00106526,-0.000532632
1773773724405,0.0878906,-0.219238,0.989746,0.000532632,-0.000532632,-0.000532632
1773773724485,0.0878906,-0.218262,0.989258,0.000532632,0,-0.00106526
1773773724566,0.0878906,-0.216797,0.990234,0.000532632,-0.000532632,0.00106526
1773773724636,0.0878906,-0.216797,0.988281,-0.000532632,0,0
1773773724717,0.0878906,-0.216797,0.987793,0,0,0.000532632
1773773724797,0.0864258,-0.215332,0.987793,0,-0.00106526,0
1773773724869,0.0878906,-0.217773,0.989258,-0.00106526,0,0.00106526
1773773724949,0.0888672,-0.217285,0.990234,0,0,0.000532632
1773773725030,0.0869141,-0.216797,0.987793,0.000532632,-0.000532632,0
1773773725100,0.0878906,-0.217285,0.988281,0.000532632,0,0.000532632
1773773725181,0.0864258,-0.21582,0.989746,-0.00106526,0,-0.000532632
1773773725251,0.0883789,-0.216797,0.987793,0,0.000532632,0.000532632
1773773725332,0.0864258,-0.220703,0.98877,-0.0015979,-0.000532632,0
1773773725412,0.0878906,-0.216797,0.989746,0,-0.000532632,-0.000532632
1773773725483,0.0888672,-0.217285,0.987793,-0.000532632,-0.000532632,0
1773773725563,0.090332,-0.21875,0.98877,0,0,0
1773773725645,0.0893555,-0.218262,0.990234,0.000532632,0,0.0015979
1773773725714,0.0888672,-0.217773,0.987793,-0.000532632,0,0
1773773725795,0.0883789,-0.217285,0.988281,-0.000532632,-0.000532632,-0.000532632
1773773725875,0.0869141,-0.21875,0.989258,0,-0.0015979,0
1773773725946,0.0874023,-0.21875,0.987305,0,0,-0.000532632
1773773726026,0.0869141,-0.217773,0.98877,0.000532632,-0.00106526,-0.00106526
1773773726107,0.0883789,-0.216797,0.98877,0,-0.000532632,-0.000532632
1773773726178,0.0849609,-0.217773,0.989746,0,-0.000532632,0
1773773726258,0.0869141,-0.217773,0.98877,0.000532632,0,-0.000532632
1773773726339,0.0869141,-0.216797,0.98877,0,0,0
1773773726409,0.0883789,-0.217285,0.987305,-0.000532632,0,0
1773773726490,0.0893555,-0.216797,0.98877,-0.000532632,0,-0.000532632
1773773726560,0.0883789,-0.217285,0.989746,-0.000532632,-0.000532632,0.000532632
1773773726641,0.0883789,-0.21875,0.987305,-0.00106526,0,0.000532632
1773773726721,0.0898438,-0.218262,0.986816,0.000532632,0,0.000532632
1773773726792,0.0888672,-0.217773,0.987305,0.00106526,0,0.000532632
1773773726874,0.0878906,-0.217773,0.990723,0,-0.000532632,0.00106526
1773773726953,0.0874023,-0.219238,0.989258,0,0.000532632,0
1773773727024,0.0898438,-0.216797,0.990723,0,0.000532632,-0.00106526
1773773727104,0.0878906,-0.217773,0.989258,-0.00106526,0.000532632,0
1773773727185,0.0869141,-0.21582,0.989746,0.000532632,0,0
1773773727256,0.0874023,-0.217285,0.987305,-0.000532632,-0.00106526,0
1773773727336,0.0893555,-0.217773,0.989258,0.000532632,-0.000532632,-0.000532632
1773773727417,0.0893555,-0.219238,0.987305,-0.000532632,0,0
1773773727487,0.0859375,-0.21875,0.986328,-0.000532632,-0.0015979,0
1773773727568,0.0864258,-0.218262,0.98877,-0.000532632,-0.000532632,0
1773773727638,0.0859375,-0.216797,0.989746,0,0,-0.00106526
1773773727719,0.0869141,-0.216797,0.98877,0,-0.000532632,0
1773773727800,0.0883789,-0.216797,0.989746,-0.000532632,-0.000532632,0.000532632
1773773727871,0.0878906,-0.217285,0.989746,0,0,0
1773773727951,0.0854492,-0.21875,0.988281,0,0,-0.000532632
1773773728032,0.0893555,-0.216309,0.987305,0.00106526,-0.00106526,0.000532632
1773773728102,0.0888672,-0.21582,0.986816,0.000532632,-0.0015979,0
1773773728183,0.0874023,-0.218262,0.986816,-0.000532632,0,-0.000532632
1773773728264,0.0874023,-0.218262,0.986328,0,-0.000532632,0.000532632
1773773728334,0.0874023,-0.217773,0.989746,0.000532632,-0.00106526,0.000532632
1773773728415,0.0888672,-0.217285,0.991211,0.000532632,0.000532632,-0.000532632
1773773728485,0.090332,-0.21582,0.98877,0,0,0.000532632
1773773728566,0.0869141,-0.217773,0.987305,-0.00106526,-0.000532632,0
1773773728646,0.0878906,-0.21582,0.991211,-0.000532632,-0.000532632,-0.000532632
1773773728717,0.0888672,-0.219238,0.991211,0,-0.00106526,0
1773773728797,0.0874023,-0.217285,0.989746,0.000532632,-0.000532632,0
1773773728878,0.0869141,-0.218262,0.987305,0.00106526,0,0
1773773728948,0.0893555,-0.218262,0.987793,-0.000532632,0,0.000532632
1773773729029,0.0874023,-0.218262,0.98877,-0.000532632,0,-0.00106526
1773773729110,0.0859375,-0.216309,0.988281,0,0,0
1773773729180,0.0883789,-0.216797,0.989258,0,-0.0015979,0.000532632
1773773729261,0.0864258,-0.218262,0.987793,0.000532632,-0.000532632,-0.00106526
1773773729341,0.0883789,-0.216309,0.989258,-0.000532632,-0.00106526,0.000532632
1773773729412,0.0874023,-0.217285,0.98584,0.00106526,-0.00106526,0.00106526
1773773729492,0.0869141,-0.217773,0.986816,0.000532632,-0.0015979,0
1773773729573,0.0878906,-0.217285,0.986816,0,-0.000532632,0.000532632
1773773729643,0.0869141,-0.21582,0.98877,0.000532632,-0.000532632,0.000532632
1773773729724,0.0874023,-0.218262,0.987793,0,-0.000532632,-0.000532632
1773773729794,0.0893555,-0.21875,0.98877,0,0,0
1773773729875,0.0869141,-0.217285,0.989746,-0.00106526,-0.000532632,0
1773773729955,0.0898438,-0.218262,0.990234,0.00106526,-0.00106526,0.000532632
1773773730026,0.0878906,-0.217285,0.990234,-0.000532632,0,0
1773773730106,0.0874023,-0.218262,0.989746,0,-0.00106526,-0.000532632
1773773730189,0.0874023,-0.216797,0.98877,0.000532632,-0.00106526,0.000532632
1773773730257,0.0878906,-0.216797,0.989258,0,0,0
1773773730338,0.0878906,-0.216309,0.987793,0.00106526,0.000532632,-0.000532632
1773773730418,0.0898438,-0.216797,0.989258,0,-0.00106526,0.000532632
1773773730489,0.0893555,-0.21582,0.988281,0,-0.000532632,0.000532632
1773773730569,0.0864258,-0.218262,0.98877,0,-0.000532632,-0.000532632
1773773730650,0.0874023,-0.21875,0.986816,0,-0.000532632,0
1773773730720,0.0869141,-0.217773,0.988281,-0.000532632,0,0
1773773730801,0.0869141,-0.216309,0.986816,0,0,0.000532632
1773773730882,0.0859375,-0.219727,0.990723,0.000532632,0,-0.000532632
1773773730952,0.0878906,-0.217773,0.987305,-0.000532632,-0.000532632,0
1773773731033,0.0869141,-0.217285,0.988281,0.000532632,0,-0.000532632
1773773731103,0.0859375,-0.219727,0.989746,-0.000532632,-0.0015979,-0.000532632
1773773731184,0.0883789,-0.217773,0.988281,0.000532632,0,-0.000532632
1773773731264,0.0878906,-0.21875,0.986816,0.000532632,0,-0.00106526
1773773731335,0.0883789,-0.21875,0.98877,0.000532632,0,0.00106526
1773773731415,0.0864258,-0.217773,0.989746,0.000532632,-0.000532632,0
1773773731496,0.0893555,-0.214355,0.987793,-0.000532632,0,0
1773773731566,0.0888672,-0.218262,0.98877,-0.00106526,0,0
1773773731647,0.0859375,-0.217773,0.989258,-0.00106526,-0.00106526,0
1773773731727,0.0869141,-0.217773,0.98877,0,-0.000532632,-0.000532632
1773773731798,0.0874023,-0.219238,0.989258,0,0.000532632,-0.000532632
1773773731879,0.0883789,-0.217773,0.990234,0,-0.000532632,0.000532632
1773773731959,0.0878906,-0.217285,0.988281,-0.00106526,0,-0.000532632
1773773732029,0.0878906,-0.218262,0.98877,0,-0.00106526,0
1773773732110,0.0869141,-0.217285,0.990723,0.00106526,0,0.00106526
1773773732190,0.0878906,-0.215332,0.989746,-0.000532632,0,0
1773773732261,0.0888672,-0.21875,0.987305,-0.00106526,-0.000532632,0
1773773732342,0.0888672,-0.217773,0.986816,0.00106526,-0.000532632,0
1773773732412,0.0859375,-0.217773,0.987793,-0.000532632,-0.000532632,0.000532632
1773773732493,0.0878906,-0.218262,0.987305,0,-0.00106526,0.000532632
1773773732573,0.0878906,-0.217285,0.988281,-0.000532632,-0.000532632,0
1773773732644,0.0883789,-0.216797,0.988281,0,0,-0.000532632
1773773732724,0.0888672,-0.217773,0.987793,0,0,0.00106526
1773773732805,0.0869141,-0.21875,0.989258,0.00106526,-0.000532632,0.000532632
1773773732875,0.0883789,-0.217773,0.989746,-0.000532632,0.000532632,-0.000532632
1773773732956,0.0883789,-0.218262,0.987793,0.000532632,-0.00106526,0
1773773733036,0.0888672,-0.218262,0.989258,0.000532632,-0.000532632,0.000532632
1773773733107,0.0883789,-0.21875,0.98877,0,-0.000532632,0
1773773733188,0.0888672,-0.216309,0.98877,0.000532632,0.000532632,-0.000532632
1773773733268,0.0883789,-0.217773,0.987305,0.000532632,0,-0.000532632
1773773733339,0.0864258,-0.21875,0.98877,-0.00106526,0.000532632,-0.0015979
1773773733419,0.0878906,-0.217773,0.98877,0,-0.000532632,0
1773773733490,0.0869141,-0.217773,0.987793,0.000532632,0,-0.000532632
1773773733570,0.0869141,-0.219238,0.987793,0.000532632,-0.00106526,0
1773773733651,0.0864258,-0.217285,0.987305,0.00106526,-0.00106526,0
1773773733721,0.0874023,-0.217285,0.987793,0.000532632,0,0
1773773733802,0.0874023,-0.216309,0.988281,0,-0.000532632,0
1773773733883,0.0874023,-0.21875,0.98877,0.000532632,0,0
1773773733953,0.0883789,-0.218262,0.988281,0.000532632,0.000532632,0.000532632
1773773734034,0.0874023,-0.219238,0.989746,0.000532632,-0.000532632,0.000532632
1773773734114,0.0883789,-0.218262,0.989746,-0.00106526,-0.000532632,0
1773773734185,0.0869141,-0.216309,0.98877,-0.000532632,-0.000532632,0
1773773734265,0.0878906,-0.21875,0.989746,0,0.000532632,0.000532632
1773773734346,0.0878906,-0.217773,0.989746,0,-0.00106526,-0.000532632
1773773734416,0.0883789,-0.217285,0.988281,0.000532632,-0.000532632,0.000532632
1773773734497,0.0869141,-0.217285,0.990234,0.000532632,-0.000532632,-0.000532632
1773773734577,0.0869141,-0.217285,0.989746,0,-0.000532632,-0.000532632
1773773734648,0.0874023,-0.21875,0.987793,-0.000532632,0,0
1773773734728,0.0893555,-0.216797,0.987793,0,-0.000532632,-0.000532632
1773773734799,0.0864258,-0.219238,0.987793,-0.000532632,-0.000532632,-0.000532632
1773773734879,0.0878906,-0.216797,0.989746,0,-0.00106526,-0.000532632
1773773734960,0.0869141,-0.218262,0.989258,0.00106526,-0.000532632,-0.000532632
1773773735031,0.0878906,-0.220703,0.986816,0,-0.00106526,0
1773773735111,0.0869141,-0.219727,0.989258,0,-0.000532632,-0.0015979
1773773735192,0.0874023,-0.21875,0.98877,-0.000532632,0,0
1773773735262,0.0883789,-0.21875,0.98877,0,0.000532632,0.00106526
1773773735343,0.0883789,-0.21582,0.988281,-0.000532632,-0.000532632,-0.00106526
1773773735423,0.0854492,-0.217285,0.98877,0.000532632,-0.0015979,-0.00106526
1773773735494,0.0878906,-0.217773,0.989258,-0.00106526,-0.000532632,0
1773773735574,0.0874023,-0.217285,0.98877,0,0,-0.000532632
1773773735655,0.0878906,-0.217773,0.98877,-0.000532632,-0.00106526,-0.000532632
1773773735725,0.0869141,-0.217285,0.989746,0,0,-0.00106526
1773773735806,0.0883789,-0.21875,0.989258,0.000532632,-0.00106526,-0.000532632
1773773735886,0.0878906,-0.217285,0.987305,0.000532632,-0.00106526,-0.000532632
1773773735957,0.0864258,-0.21875,0.987793,0.000532632,0.000532632,0.000532632
1773773736037,0.0883789,-0.217773,0.987793,-0.000532632,-0.000532632,0.000532632
1773773736108,0.0874023,-0.219238,0.98877,-0.00106526,-0.00106526,0
1773773736188,0.0869141,-0.21875,0.987305,-0.00106526,-0.000532632,0
1773773736269,0.0893555,-0.217773,0.98877,0,0,0.000532632
1773773736339,0.0864258,-0.216797,0.989746,0.000532632,-0.000532632,-0.00106526
1773773736420,0.0864258,-0.219727,0.989258,-0.00106526,-0.00106526,0
1773773736500,0.0883789,-0.215332,0.98877,0,-0.000532632,-0.000532632
1773773736572,0.0874023,-0.217285,0.98877,-0.000532632,-0.000532632,0
1773773736651,0.0878906,-0.217285,0.989746,0,0,-0.000532632
1773773736732,0.0883789,-0.217285,0.98877,-0.000532632,-0.000532632,0
1773773736802,0.0893555,-0.216797,0.988281,0.000532632,-0.000532632,-0.000532632
1773773736883,0.0869141,-0.219727,0.987793,0,0.000532632,0
1773773736964,0.0874023,-0.217285,0.990234,-0.000532632,0,-0.00106526
1773773737034,0.0874023,-0.216797,0.98877,-0.0015979,0,-0.00106526
1773773737115,0.0874023,-0.219727,0.989258,-0.000532632,0,0
1773773737185,0.0888672,-0.216797,0.989746,-0.000532632,0.000532632,0
1773773737266,0.0898438,-0.219727,0.98877,-0.000532632,-0.000532632,0
1773773737347,0.0869141,-0.218262,0.98877,0,0,0.000532632
1773773737417,0.0888672,-0.217773,0.987793,-0.0015979,0.000532632,-0.000532632
1773773737498,0.0878906,-0.217285,0.987793,0,-0.000532632,-0.000532632
1773773737578,0.0878906,-0.216309,0.989746,0,0,0.00106526
1773773737649,0.0854492,-0.216797,0.989746,0.000532632,-0.000532632,0
1773773737729,0.0878906,-0.217773,0.989746,-0.000532632,0.000532632,0
1773773737810,0.0869141,-0.217285,0.98877,-0.000532632,-0.000532632,-0.000532632
1773773737880,0.0883789,-0.216309,0.989746,0.000532632,-0.00106526,0.000532632
1773773737961,0.0869141,-0.217285,0.989746,0,-0.000532632,-0.000532632
1773773738041,0.0893555,-0.216309,0.989258,0,-0.000532632,-0.000532632
1773773738112,0.0883789,-0.219238,0.988281,-0.0015979,0,-0.000532632
1773773738193,0.0893555,-0.216797,0.98877,-0.000532632,0,0.000532632
1773773738273,0.0888672,-0.216797,0.987305,0.000532632,-0.00106526,0
1773773738343,0.0878906,-0.220215,0.98877,0,-0.000532632,0.000532632
1773773738424,0.0878906,-0.218262,0.986816,0,-0.000532632,0.000532632
1773773738504,0.0878906,-0.217285,0.986816,-0.000532632,0,0.000532632
1773773738575,0.0874023,-0.21875,0.986816,-0.00106526,-0.000532632,-0.000532632
1773773738656,0.0878906,-0.217285,0.988281,-0.000532632,-0.000532632,0
1773773738726,0.0878906,-0.217773,0.98877,-0.000532632,-0.000532632,0
1773773738807,0.0874023,-0.218262,0.987793,0.000532632,-0.000532632,-0.000532632
1773773738887,0.0883789,-0.217773,0.990234,-0.000532632,-0.00106526,-0.000532632
1773773738958,0.0878906,-0.21582,0.988281,0.000532632,0,0.000532632
1773773739038,0.0874023,-0.21875,0.989746,0.00106526,-0.000532632,0
1773773739119,0.0878906,-0.216309,0.987793,0.0015979,-0.00106526,0.000532632
1773773739189,0.0878906,-0.216309,0.989258,-0.000532632,-0.000532632,0
1773773739270,0.0883789,-0.218262,0.990234,-0.000532632,-0.000532632,0
1773773739350,0.0878906,-0.216797,0.989258,0,-0.000532632,0
1773773739421,0.0869141,-0.218262,0.989746,0,-0.0015979,-0.000532632
1773773739502,0.0893555,-0.216309,0.989258,0,0,0
1773773739582,0.0864258,-0.217773,0.987305,-0.000532632,0,0
1773773739653,0.0883789,-0.217773,0.987305,-0.0015979,-0.000532632,0
1773773739733,0.0869141,-0.217285,0.989746,0.000532632,-0.000532632,0
1773773739804,0.0874023,-0.21875,0.98877,0,-0.000532632,-0.000532632
1773773739884,0.0869141,-0.218262,0.989258,0,-0.000532632,0.000532632
1773773739965,0.0878906,-0.21875,0.98877,-0.000532632,0,0.00106526
1773773740035,0.0859375,-0.217773,0.987793,0.000532632,0.000532632,0.00106526
1773773740116,0.0883789,-0.218262,0.987305,0.000532632,0,0
1773773740196,0.0869141,-0.217773,0.98877,-0.0015979,-0.000532632,-0.000532632
1773773740267,0.0874023,-0.217285,0.98877,0,-0.0015979,-0.00106526
1773773740347,0.0874023,-0.21582,0.98877,0,-0.00106526,-0.000532632
1773773740428,0.0883789,-0.219238,0.988281,0.000532632,-0.000532632,-0.000532632
1773773740498,0.0893555,-0.216309,0.989746,0.000532632,0.000532632,0.000532632
1773773740579,0.0864258,-0.217773,0.986816,0.000532632,-0.000532632,0
1773773740660,0.0883789,-0.219727,0.988281,0,-0.000532632,-0.000532632
1773773740730,0.0893555,-0.21582,0.987793,-0.00106526,-0.00106526,-0.000532632
1773773740811,0.0893555,-0.216309,0.987793,0,-0.000532632,0.000532632
1773773740891,0.0878906,-0.216309,0.987793,0.00106526,-0.000532632,-0.000532632
1773773740962,0.0878906,-0.217773,0.98877,0,-0.00106526,0
1773773741043,0.0878906,-0.216797,0.98877,-0.000532632,-0.00106526,0
1773773741113,0.0878906,-0.218262,0.988281,-0.000532632,-0.00106526,-0.000532632
1773773741194,0.0878906,-0.218262,0.98877,-0.000532632,-0.0015979,-0.000532632
1773773741274,0.0878906,-0.216797,0.989258,0.000532632,0,-0.000532632
1773773741345,0.0859375,-0.217773,0.98877,0.000532632,-0.00106526,-0.0015979
1773773741425,0.0874023,-0.217285,0.98877,0.000532632,-0.00106526,0
1773773741506,0.0878906,-0.216797,0.989258,0,0,-0.000532632
1773773741576,0.0898438,-0.21875,0.987305,0,0,-0.000532632
1773773741657,0.0874023,-0.219238,0.986816,-0.000532632,-0.00106526,0
1773773741738,0.0893555,-0.21875,0.98877,-0.000532632,0,0
1773773741808,0.0883789,-0.219727,0.987793,0,-0.00106526,0.000532632
1773773741889,0.0883789,-0.21582,0.98877,0.000532632,0.000532632,0
1773773741969,0.0859375,-0.217285,0.989258,-0.00106526,-0.000532632,0.00213053
1773773742040,0.0878906,-0.220215,0.990234,0,-0.000532632,0.000532632
1773773742120,0.0864258,-0.218262,0.990723,0.00106526,-0.000532632,-0.000532632
1773773742191,0.0859375,-0.21875,0.989258,0,0,0.000532632
1773773742271,0.0869141,-0.216797,0.987305,0,-0.000532632,0.000532632
1773773742352,0.0864258,-0.217773,0.988281,0,-0.000532632,-0.00106526
1773773742422,0.0874023,-0.217773,0.98584,0.000532632,-0.000532632,0
1773773742503,0.0888672,-0.216309,0.988281,-0.00106526,-0.000532632,0
1773773742583,0.0883789,-0.21582,0.986816,0.000532632,0,0.000532632
1773773742654,0.0888672,-0.218262,0.98877,-0.000532632,0,-0.000532632
1773773742735,0.0874023,-0.216797,0.98877,0,-0.000532632,0
1773773742815,0.0883789,-0.217285,0.987793,0,-0.000532632,-0.000532632
1773773742886,0.0883789,-0.217285,0.990723,0.00106526,-0.000532632,0
1773773742966,0.0888672,-0.216797,0.987793,0.000532632,-0.000532632,-0.000532632
1773773743047,0.0878906,-0.218262,0.989746,-0.000532632,0,0
1773773743117,0.0878906,-0.217773,0.989746,-0.000532632,0,0.00106526
1773773743198,0.0883789,-0.217773,0.98877,0,0,-0.000532632
1773773743269,0.0878906,-0.216309,0.988281,0.000532632,-0.0015979,0
1773773743350,0.0859375,-0.218262,0.989746,0.000532632,-0.000532632,0.00106526
1773773743430,0.0869141,-0.216309,0.989258,0,-0.000532632,0
1773773743501,0.0874023,-0.217285,0.98877,-0.000532632,-0.000532632,-0.000532632
1773773743581,0.0878906,-0.218262,0.987793,-0.000532632,-0.00106526,-0.000532632
1773773743664,0.0874023,-0.217773,0.988281,0.000532632,-0.000532632,-0.000532632
1773773743732,0.0888672,-0.21875,0.98877,-0.000532632,-0.00106526,0
1773773743813,0.0874023,-0.217285,0.987305,-0.000532632,-0.000532632,0
1773773743893,0.0874023,-0.217285,0.989746,0,-0.000532632,-0.00106526
1773773743964,0.0883789,-0.217773,0.989258,-0.000532632,0,0
1773773744044,0.0854492,-0.216309,0.986816,-0.000532632,-0.000532632,0.000532632
1773773744125,0.0878906,-0.21875,0.989258,0.000532632,-0.000532632,0.000532632
1773773744195,0.0883789,-0.218262,0.986328,0,0,0
1773773744276,0.0869141,-0.21875,0.990234,0.000532632,0,0.00106526
1773773744357,0.0874023,-0.216797,0.98877,0.000532632,-0.00106526,0
1773773744427,0.0883789,-0.217285,0.990234,-0.000532632,-0.00213053,0
1773773744507,0.0893555,-0.216797,0.98877,0,0,0.000532632
1773773744578,0.0864258,-0.21875,0.98877,0.000532632,-0.000532632,0
1773773744659,0.0878906,-0.218262,0.990234,-0.000532632,0,0.000532632
1773773744739,0.0864258,-0.216309,0.989746,0,0,-0.000532632
1773773744809,0.0883789,-0.218262,0.98877,-0.000532632,-0.00106526,0.000532632
1773773744890,0.0874023,-0.219238,0.989258,0.000532632,-0.000532632,0.000532632
1773773744971,0.0888672,-0.217773,0.987305,0,0.000532632,0
1773773745041,0.0893555,-0.217773,0.988281,0.000532632,0.000532632,0
1773773745122,0.0878906,-0.217285,0.98877,-0.00106526,-0.00106526,0
1773773745202,0.0878906,-0.217285,0.989746,0,-0.000532632,0
1773773745273,0.0878906,-0.218262,0.98877,0.00106526,0.000532632,0
1773773745353,0.0878906,-0.218262,0.988281,0.000532632,-0.000532632,0
1773773745434,0.0878906,-0.217773,0.987305,-0.00106526,-0.000532632,0
1773773745504,0.0888672,-0.216797,0.987793,-0.00106526,-0.000532632,0.00106526
1773773745585,0.0864258,-0.216797,0.987305,-0.000532632,0,0.000532632
1773773745665,0.0878906,-0.218262,0.987305,0.000532632,-0.000532632,0
1773773745736,0.0874023,-0.217285,0.98877,0,-0.000532632,-0.000532632
1773773745816,0.0878906,-0.216797,0.986816,-0.000532632,0,0.000532632
1773773745887,0.0883789,-0.217773,0.989258,-0.00106526,-0.00106526,0.000532632
1773773745967,0.0869141,-0.216797,0.989258,0.000532632,0,0
1773773746048,0.0869141,-0.21875,0.98877,0.000532632,-0.000532632,0.000532632
1773773746118,0.0869141,-0.216797,0.989746,0,-0.000532632,-0.000532632
1773773746199,0.0883789,-0.219727,0.98877,0.00106526,-0.00106526,-0.000532632
1773773746280,0.0893555,-0.217773,0.986816,0,0.000532632,0.00106526
1773773746350,0.0878906,-0.217773,0.987793,0,-0.00106526,0
1773773746432,0.0883789,-0.216797,0.988281,0,-0.00106526,-0.000532632
1773773746512,0.0888672,-0.218262,0.989258,-0.000532632,-0.00213053,0
1773773746582,0.0883789,-0.21582,0.989746,-0.000532632,0,0
1773773746663,0.0893555,-0.216797,0.98877,0,-0.00106526,0.000532632
1773773746743,0.0869141,-0.217285,0.98877,0,0,0.000532632
1773773746814,0.0883789,-0.217285,0.987305,0,-0.00106526,-0.00106526
1773773746894,0.0883789,-0.218262,0.987793,0.000532632,-0.00106526,-0.0015979
1773773746965,0.0888672,-0.218262,0.98877,0.000532632,-0.000532632,-0.000532632
1773773747045,0.0859375,-0.217285,0.98877,0,-0.00106526,0
1773773747126,0.0874023,-0.218262,0.989258,0.000532632,-0.00106526,-0.00106526
1773773747196,0.0864258,-0.219238,0.986816,0.000532632,-0.000532632,0
1773773747277,0.090332,-0.216797,0.987793,0,0,-0.000532632
1773773747357,0.0874023,-0.21875,0.988281,-0.000532632,-0.000532632,0
1773773747428,0.0869141,-0.21875,0.988281,0,0,0.000532632
1773773747508,0.0888672,-0.218262,0.989746,-0.00106526,0.000532632,0.000532632
1773773747589,0.0864258,-0.217285,0.987793,0,-0.0015979,-0.000532632
1773773747659,0.0874023,-0.216797,0.990234,-0.000532632,-0.000532632,0
1773773747740,0.0874023,-0.217773,0.989258,-0.000532632,-0.00106526,0.00106526
1773773747820,0.0869141,-0.217285,0.98877,-0.000532632,-0.00106526,0
1773773747891,0.0864258,-0.216797,0.987305,-0.000532632,0,-0.000532632
1773773747971,0.0878906,-0.217773,0.98877,0.00106526,-0.000532632,0.000532632
1773773748052,0.0878906,-0.216797,0.990234,0.000532632,0,-0.00106526
1773773748122,0.0888672,-0.218262,0.989258,0,-0.000532632,-0.000532632
1773773748203,0.0859375,-0.218262,0.989258,0,-0.000532632,-0.000532632
1773773748274,0.0878906,-0.216797,0.98877,-0.000532632,-0.000532632,0.000532632
1773773748354,0.0883789,-0.218262,0.986816,0,-0.00106526,0.000532632
1773773748435,0.0883789,-0.21582,0.987793,0,-0.000532632,0.00106526
1773773748505,0.0864258,-0.217773,0.988281,0,0,0.000532632
1773773748586,0.0874023,-0.217773,0.990234,0,-0.00106526,0
1773773748667,0.0869141,-0.21582,0.989746,0.000532632,0,0
1773773748737,0.0869141,-0.218262,0.991211,0,-0.000532632,-0.000532632
1773773748819,0.0869141,-0.219238,0.988281,0,-0.0015979,0
1773773748898,0.0888672,-0.21875,0.987793,0,-0.00106526,0.000532632
1773773748969,0.0878906,-0.216797,0.98877,-0.000532632,-0.000532632,0
1773773749049,0.0898438,-0.219238,0.989258,-0.00106526,-0.00106526,-0.000532632
1773773749130,0.0854492,-0.217773,0.98877,0,-0.000532632,-0.000532632
1773773749200,0.0883789,-0.217773,0.987305,-0.000532632,0,0.000532632
1773773749281,0.0874023,-0.216797,0.988281,-0.000532632,0,0
1773773749361,0.0864258,-0.217285,0.987793,0.00106526,-0.000532632,-0.000532632
1773773749432,0.0878906,-0.21582,0.988281,0.000532632,0,-0.000532632
1773773749512,0.0883789,-0.217773,0.986816,0,0,-0.000532632
1773773749583,0.0888672,-0.217285,0.989746,0.000532632,-0.000532632,-0.000532632
1773773749663,0.0883789,-0.216797,0.987793,0.000532632,0,-0.000532632
1773773749744,0.0888672,-0.220215,0.98877,0,0.000532632,0
1773773749815,0.0854492,-0.216797,0.985352,0,-0.000532632,0.000532632
1773773749895,0.0869141,-0.21582,0.987305,-0.000532632,-0.00106526,0.000532632
1773773749975,0.0883789,-0.216797,0.98877,0,-0.00106526,0
1773773750046,0.0883789,-0.217285,0.988281,0,0,0
1773773750126,0.0878906,-0.218262,0.989258,0.000532632,-0.000532632,-0.00106526
1773773750207,0.0883789,-0.219238,0.987793,-0.000532632,-0.000532632,-0.000532632
1773773750278,0.0874023,-0.219238,0.990234,-0.000532632,0,-0.00106526
1773773750358,0.090332,-0.217773,0.989746,0,-0.000532632,0
1773773750439,0.0878906,-0.21582,0.988281,0.000532632,0,0.000532632
1773773750509,0.0869141,-0.217285,0.989258,0,0,0
1773773750590,0.0883789,-0.215332,0.988281,-0.000532632,-0.00106526,0.000532632
1773773750661,0.0878906,-0.21875,0.989258,0,0,0
1773773750742,0.0874023,-0.21875,0.98877,0,-0.000532632,0.000532632
1773773750822,0.0878906,-0.216797,0.990234,0,-0.00106526,0
1773773750892,0.0874023,-0.218262,0.987793,0.000532632,-0.000532632,0.000532632
1773773750973,0.0878906,-0.218262,0.987305,-0.000532632,0,0
1773773751053,0.0874023,-0.217773,0.988281,0,0.000532632,-0.000532632
1773773751124,0.0888672,-0.217285,0.991699,-0.000532632,0.000532632,0.000532632
1773773751204,0.0883789,-0.217285,0.988281,0,-0.000532632,0
1773773751285,0.0869141,-0.21875,0.989258,0,-0.00106526,0.000532632
1773773751355,0.0874023,-0.217773,0.987305,-0.000532632,0,0.000532632
1773773751436,0.0888672,-0.218262,0.987793,0,-0.00106526,-0.000532632
1773773751516,0.0874023,-0.216797,0.989258,-0.000532632,-0.00106526,0
1773773751587,0.0888672,-0.216797,0.989258,0,0.000532632,0
1773773751667,0.0883789,-0.218262,0.989258,0.000532632,-0.000532632,0
1773773751748,0.0878906,-0.216309,0.989258,-0.00106526,-0.000532632,0.000532632
1773773751819,0.0859375,-0.217773,0.98877,0.000532632,0,-0.00106526
1773773751899,0.0859375,-0.218262,0.989258,0,-0.000532632,0
1773773751969,0.0883789,-0.217773,0.989258,-0.000532632,-0.000532632,0.000532632
1773773752050,0.0883789,-0.21875,0.990234,0.00106526,-0.000532632,-0.00106526
1773773752131,0.0869141,-0.217773,0.989258,0,-0.00106526,0.00106526
1773773752201,0.0874023,-0.216797,0.987793,-0.000532632,0,0.000532632
1773773752282,0.0888672,-0.217773,0.987793,0.000532632,-0.000532632,0.000532632
1773773752364,0.0878906,-0.216797,0.98877,-0.00106526,-0.000532632,-0.000532632
1773773752433,0.0864258,-0.217773,0.989258,0.000532632,0,0
1773773752515,0.0849609,-0.21875,0.986328,0.000532632,0,-0.000532632
1773773752594,0.0869141,-0.217285,0.98877,0,-0.000532632,-0.000532632
1773773752665,0.0874023,-0.21875,0.98877,-0.000532632,0.000532632,0
1773773752745,0.0883789,-0.217285,0.98877,0,-0.00106526,0.00106526
1773773752816,0.0888672,-0.216309,0.990234,0,-0.000532632,0
1773773752897,0.0888672,-0.217285,0.990723,0,0,0.000532632
1773773752977,0.0883789,-0.217773,0.989746,-0.000532632,0.000532632,-0.00106526
1773773753048,0.0878906,-0.217285,0.989258,0,-0.000532632,0
1773773753128,0.0883789,-0.21875,0.987305,0.000532632,0,0
1773773753209,0.0878906,-0.218262,0.990723,0,-0.000532632,0.000532632
1773773753279,0.0893555,-0.219727,0.989746,0.000532632,-0.000532632,0.000532632
1773773753360,0.0888672,-0.217285,0.987793,-0.000532632,-0.00106526,0
1773773753441,0.0874023,-0.218262,0.988281,0,0,0
1773773753511,0.0869141,-0.219727,0.987793,0.000532632,-0.000532632,-0.000532632
1773773753591,0.0883789,-0.21582,0.98877,0,-0.000532632,-0.000532632
1773773753672,0.0883789,-0.218262,0.98877,0.000532632,-0.0015979,0.0015979
1773773753743,0.0864258,-0.219238,0.988281,0,0,0.000532632
1773773753823,0.0878906,-0.216309,0.988281,-0.00106526,-0.00106526,0
1773773753904,0.0874023,-0.217773,0.990234,-0.000532632,-0.000532632,0
1773773753974,0.0883789,-0.217773,0.98877,-0.000532632,0,0.000532632
1773773754055,0.0878906,-0.218262,0.988281,0.000532632,0,-0.000532632
1773773754135,0.0878906,-0.217285,0.98877,0.00106526,-0.000532632,-0.000532632
1773773754206,0.0878906,-0.218262,0.988281,-0.000532632,-0.00106526,-0.000532632
1773773754286,0.0893555,-0.216797,0.98877,-0.00106526,0,0
1773773754357,0.0893555,-0.217285,0.986816,-0.000532632,0,0
1773773754437,0.0874023,-0.217773,0.989746,0.000532632,0,0
1773773754518,0.0893555,-0.216797,0.989258,0,0,0.00106526
1773773754588,0.0864258,-0.217773,0.990234,-0.000532632,0,0.000532632
1773773754669,0.0888672,-0.217773,0.987793,0,-0.000532632,0
1773773754749,0.0869141,-0.217285,0.987793,-0.000532632,-0.000532632,0.000532632
1773773754820,0.0878906,-0.217285,0.989258,0,0.000532632,0
1773773754900,0.0874023,-0.217285,0.988281,-0.000532632,-0.00106526,0
1773773754981,0.0874023,-0.217773,0.987793,-0.0015979,-0.000532632,-0.000532632
1773773755051,0.0893555,-0.218262,0.988281,0,-0.0015979,0
1773773755132,0.0864258,-0.217773,0.989258,0,0,-0.000532632
1773773755212,0.0888672,-0.216797,0.989746,0.000532632,-0.000532632,0
1773773755283,0.0878906,-0.218262,0.98877,0,-0.000532632,-0.00106526
1773773755364,0.0878906,-0.216309,0.989746,0.000532632,-0.000532632,0
1773773755444,0.0893555,-0.216309,0.98877,-0.000532632,0,0
1773773755515,0.0878906,-0.217285,0.987793,0,-0.000532632,0.000532632
1773773755595,0.0878906,-0.217773,0.986816,0.000532632,-0.000532632,0
1773773755666,0.0864258,-0.218262,0.988281,0,-0.000532632,0
1773773755746,0.0878906,-0.218262,0.98877,-0.000532632,0.000532632,-0.000532632
1773773755827,0.0878906,-0.217285,0.988281,0,-0.00106526,0
1773773755898,0.0893555,-0.218262,0.989258,0,-0.00106526,-0.000532632
1773773755978,0.0869141,-0.217285,0.987305,0,-0.000532632,0.000532632
1773773756059,0.0878906,-0.218262,0.98877,0,-0.000532632,0.00106526
1773773756129,0.0864258,-0.216797,0.987793,0,-0.000532632,0
1773773756210,0.090332,-0.216309,0.989258,0.000532632,-0.000532632,0
1773773756290,0.0898438,-0.217285,0.990723,-0.000532632,-0.00106526,0.000532632
1773773756361,0.0869141,-0.217285,0.986816,-0.000532632,-0.000532632,0
1773773756441,0.0878906,-0.217285,0.988281,-0.000532632,0.000532632,0
1773773756512,0.0874023,-0.217285,0.98877,0,-0.00106526,0.000532632
1773773756592,0.0878906,-0.214844,0.987305,0.000532632,-0.000532632,0.000532632
1773773756673,0.0888672,-0.217285,0.98877,-0.000532632,0.000532632,0
1773773756743,0.0883789,-0.217285,0.988281,0,0,0
1773773756824,0.0883789,-0.218262,0.989258,0.000532632,-0.0015979,0
1773773756905,0.0874023,-0.217773,0.989258,0,-0.00106526,-0.0015979
1773773756975,0.0883789,-0.216797,0.987305,0.000532632,-0.000532632,-0.000532632
1773773757056,0.0888672,-0.216797,0.989258,0,-0.00106526,0
1773773757136,0.0864258,-0.217773,0.990234,-0.000532632,-0.00106526,-0.000532632
1773773757207,0.0878906,-0.218262,0.987305,0.000532632,-0.0015979,0.00106526
1773773757287,0.0883789,-0.216309,0.990234,-0.000532632,-0.000532632,-0.000532632
1773773757368,0.0869141,-0.217773,0.987793,0.000532632,0.000532632,-0.000532632
1773773757438,0.0874023,-0.217773,0.989746,0,0,0.000532632
1773773757519,0.0893555,-0.216797,0.98877,0.000532632,-0.00106526,-0.000532632
1773773757599,0.0864258,-0.21582,0.989746,-0.000532632,-0.00106526,0.000532632
1773773757670,0.0878906,-0.220215,0.98877,-0.000532632,0,0
1773773757750,0.0888672,-0.21875,0.989746,0,-0.000532632,0.000532632
1773773757831,0.0869141,-0.218262,0.989746,-0.000532632,-0.00106526,-0.000532632
1773773757901,0.0859375,-0.21875,0.989746,0.000532632,-0.00106526,-0.000532632
1773773757982,0.0869141,-0.217773,0.987793,0.00106526,-0.000532632,-0.000532632
1773773758053,0.0898438,-0.217285,0.98877,0,0.000532632,-0.000532632
1773773758133,0.0874023,-0.21875,0.98877,0,0,0.00106526
1773773758213,0.0874023,-0.217285,0.990234,0.000532632,0.000532632,0
1773773758284,0.0883789,-0.218262,0.987793,-0.000532632,0,-0.00106526
1773773758365,0.0898438,-0.217285,0.987305,0,-0.000532632,0.00106526
1773773758445,0.0874023,-0.217285,0.988281,0,0,0.00106526
1773773758516,0.0913086,-0.217285,0.98877,0.000532632,-0.000532632,0
1773773758596,0.0883789,-0.21875,0.989258,0,-0.000532632,-0.000532632
1773773758677,0.0854492,-0.217773,0.989746,0.00106526,-0.00106526,-0.000532632
1773773758747,0.0878906,-0.216797,0.989258,-0.000532632,0,0
1773773758828,0.0864258,-0.218262,0.988281,0.000532632,0.000532632,-0.000532632
1773773758908,0.0869141,-0.220215,0.986816,0,-0.000532632,0
1773773758979,0.0874023,-0.21875,0.989258,0.000532632,0,-0.00106526
1773773759059,0.090332,-0.219727,0.990723,0,0.000532632,-0.000532632
1773773759140,0.090332,-0.216309,0.98877,-0.000532632,0,0
1773773759210,0.0869141,-0.220215,0.989746,0,0,-0.0015979
1773773759291,0.0878906,-0.216309,0.989258,-0.000532632,-0.0015979,0
1773773759361,0.0878906,-0.216309,0.987305,0.000532632,-0.000532632,0
1773773759442,0.0878906,-0.217773,0.987793,-0.000532632,0,-0.000532632
1773773759522,0.0878906,-0.217285,0.988281,0,-0.00106526,-0.000532632
1773773759593,0.0878906,-0.217285,0.987793,0.00106526,0.000532632,0
1773773759673,0.0874023,-0.216797,0.98877,0.000532632,-0.000532632,0.000532632
1773773759754,0.0878906,-0.217285,0.98877,0,-0.000532632,-0.00106526
1773773759824,0.0874023,-0.216797,0.986816,-0.000532632,-0.000532632,0
1773773759905,0.0898438,-0.217285,0.98877,0,0,0
1773773759986,0.0864258,-0.216309,0.988281,0,0,-0.000532632
1773773760056,0.0888672,-0.217773,0.988281,0,-0.00106526,0.000532632
1773773760137,0.0878906,-0.216309,0.98877,0.000532632,0,-0.000532632
1773773760217,0.0878906,-0.217773,0.98877,0,0,-0.000532632
1773773760288,0.0888672,-0.21875,0.988281,-0.000532632,-0.000532632,-0.00106526
1773773760368,0.0888672,-0.21875,0.987793,0,-0.000532632,-0.000532632
1773773760439,0.0883789,-0.218262,0.988281,0,0.000532632,-0.000532632
1773773760519,0.0849609,-0.218262,0.989258,0,0,0.00106526
1773773760600,0.0869141,-0.217285,0.988281,0,-0.000532632,0.000532632
1773773760670,0.0883789,-0.217285,0.989746,0,-0.000532632,-0.00106526
1773773760751,0.0883789,-0.217285,0.988281,0,-0.000532632,0.0015979
1773773760831,0.0888672,-0.214844,0.989746,-0.000532632,0.000532632,0
1773773760902,0.0883789,-0.217285,0.987793,-0.00106526,-0.000532632,0.000532632
1773773760983,0.0883789,-0.218262,0.987793,-0.00106526,-0.00106526,-0.00106526
1773773761063,0.0874023,-0.216797,0.98877,-0.000532632,0.000532632,0.000532632
1773773761133,0.0888672,-0.217285,0.98877,-0.00106526,0.000532632,0.000532632
1773773761214,0.0869141,-0.21582,0.987793,0.00106526,-0.000532632,0.000532632
1773773761295,0.0888672,-0.218262,0.986328,0.000532632,0,0.000532632
1773773761365,0.0874023,-0.216797,0.987793,0,-0.000532632,0.000532632
1773773761446,0.0878906,-0.217285,0.989258,0,0,0.000532632
1773773761526,0.0883789,-0.215332,0.98877,0.000532632,-0.00106526,0.000532632
1773773761597,0.0893555,-0.217285,0.987793,-0.00106526,0.000532632,0
1773773761677,0.0898438,-0.21875,0.989746,0,0,0
1773773761748,0.0898438,-0.219238,0.98877,-0.000532632,-0.000532632,-0.000532632
1773773761828,0.0883789,-0.218262,0.986816,0.00106526,0,-0.00106526
1773773761909,0.0878906,-0.218262,0.98877,-0.00106526,-0.000532632,0.000532632
1773773761979,0.0864258,-0.216797,0.990723,0,0.000532632,0
1773773762060,0.0893555,-0.219238,0.989258,0,-0.00106526,-0.000532632
1773773762140,0.0888672,-0.216797,0.986816,-0.000532632,-0.0015979,0.000532632
1773773762211,0.0878906,-0.218262,0.98877,-0.000532632,-0.00106526,0
1773773762291,0.0888672,-0.219238,0.986816,0,-0.00106526,-0.000532632
1773773762372,0.0898438,-0.218262,0.989746,0,-0.00106526,0
1773773762442,0.0883789,-0.217773,0.98877,0,0.000532632,0
1773773762523,0.0864258,-0.217285,0.990234,0.00106526,-0.000532632,0
1773773762603,0.0878906,-0.218262,0.988281,0,-0.000532632,0.000532632
1773773762674,0.0874023,-0.218262,0.988281,-0.000532632,-0.00106526,0
1773773762754,0.0878906,-0.21875,0.989258,0,-0.00106526,-0.000532632
1773773762835,0.0878906,-0.21875,0.989258,-0.00106526,-0.00106526,-0.00106526
1773773762905,0.0864258,-0.218262,0.987305,0,-0.000532632,-0.000532632
1773773762986,0.0869141,-0.217285,0.987793,-0.000532632,-0.000532632,-0.00106526
1773773763067,0.0854492,-0.216797,0.987793,0,-0.000532632,0
1773773763137,0.0874023,-0.217773,0.987305,0.000532632,-0.00106526,-0.00106526
1773773763218,0.0869141,-0.215332,0.989258,0,0,-0.00106526
1773773763289,0.0874023,-0.216797,0.989258,0,0,0.000532632
1773773763369,0.0888672,-0.217285,0.98584,0.000532632,-0.000532632,0
1773773763450,0.0874023,-0.217773,0.98877,0.000532632,0,0.000532632
1773773763520,0.0869141,-0.21582,0.989746,0,-0.000532632,-0.000532632
1773773763601,0.0864258,-0.217285,0.990723,-0.000532632,-0.000532632,0.000532632
1773773763681,0.0874023,-0.219727,0.989746,-0.000532632,-0.000532632,0.000532632
1773773763752,0.0874023,-0.21582,0.988281,0,-0.0015979,0
1773773763833,0.0859375,-0.21875,0.986816,0,0.000532632,-0.000532632
1773773763913,0.090332,-0.217285,0.98877,-0.000532632,-0.000532632,-0.00106526
1773773763983,0.0869141,-0.217773,0.987793,0,0,0.00106526
1773773764064,0.0869141,-0.217285,0.988281,-0.000532632,-0.00106526,0
1773773764144,0.0864258,-0.217285,0.988281,-0.000532632,0,0
1773773764215,0.0883789,-0.219727,0.989258,0,-0.000532632,0
1773773764296,0.0913086,-0.216309,0.989746,-0.00106526,-0.000532632,-0.000532632
1773773764366,0.0864258,-0.217773,0.987793,0.00106526,-0.000532632,0
1773773764447,0.0888672,-0.217773,0.987793,0.000532632,-0.000532632,0.000532632
1773773764527,0.0888672,-0.216309,0.989746,0,-0.000532632,-0.000532632
1773773764598,0.0883789,-0.219238,0.990234,0,-0.000532632,-0.00106526
1773773764678,0.0888672,-0.220215,0.987305,0,-0.000532632,-0.00106526
1773773764759,0.0888672,-0.217285,0.990723,0.000532632,-0.000532632,0.000532632
1773773764829,0.0874023,-0.216797,0.986816,-0.00106526,-0.000532632,0
1773773764910,0.0883789,-0.216309,0.98877,0,-0.000532632,0.000532632
1773773764990,0.0883789,-0.21875,0.989258,-0.00106526,0,0
1773773765061,0.0869141,-0.217773,0.989746,0.000532632,-0.000532632,0.000532632
1773773765141,0.0883789,-0.217773,0.986816,0,-0.000532632,0.00106526
1773773765222,0.0888672,-0.219727,0.987793,-0.00106526,0,0
1773773765292,0.0883789,-0.216797,0.987305,0.000532632,-0.00106526,-0.00106526
1773773765373,0.0893555,-0.216309,0.98877,-0.000532632,-0.000532632,0.00106526
1773773765443,0.0888672,-0.21582,0.98877,-0.000532632,-0.000532632,-0.00106526
1773773765524,0.0878906,-0.218262,0.988281,0,-0.00106526,0
1773773765605,0.0878906,-0.21875,0.989258,0,-0.000532632,0.000532632
1773773765675,0.0888672,-0.217773,0.989746,0.000532632,-0.000532632,0
1773773765756,0.0878906,-0.216797,0.98877,-0.000532632,-0.000532632,-0.00106526
1773773765836,0.0864258,-0.216309,0.988281,-0.00106526,0,0
1773773765907,0.0869141,-0.219238,0.98877,-0.000532632,0,-0.00106526
1773773765987,0.0874023,-0.216797,0.989258,-0.000532632,0.000532632,0.000532632
1773773766068,0.0888672,-0.216309,0.986816,0.00106526,-0.000532632,0.000532632
1773773766138,0.0869141,-0.216797,0.987305,-0.000532632,0,0.000532632
1773773766219,0.0864258,-0.219727,0.98877,-0.000532632,0,0
1773773766299,0.0893555,-0.217285,0.987305,0,-0.000532632,0.000532632
1773773766370,0.0893555,-0.216309,0.988281,0.000532632,0,-0.000532632
1773773766450,0.0883789,-0.216309,0.98877,0,-0.000532632,0.000532632
1773773766531,0.0874023,-0.215332,0.98877,-0.0015979,-0.000532632,0
1773773766601,0.0888672,-0.220703,0.987305,0.000532632,-0.000532632,0
1773773766682,0.0878906,-0.216797,0.98877,0.000532632,-0.000532632,0
1773773766762,0.0869141,-0.216797,0.98877,0.00106526,-0.000532632,0
1773773766833,0.0869141,-0.217285,0.987793,0,0,0
1773773766913,0.0878906,-0.216309,0.990234,0,-0.000532632,0
1773773766984,0.0883789,-0.21875,0.987793,-0.000532632,0.000532632,0
1773773767064,0.0888672,-0.217285,0.989746,0.000532632,-0.00106526,-0.00106526
1773773767145,0.0883789,-0.216309,0.988281,0.00106526,0,-0.000532632
1773773767215,0.0888672,-0.21875,0.990723,0,-0.000532632,0
1773773767296,0.0864258,-0.216797,0.989258,-0.000532632,-0.000532632,0
1773773767377,0.0883789,-0.216309,0.990723,0,-0.000532632,0
1773773767447,0.0874023,-0.216797,0.989258,-0.000532632,-0.00106526,0.00106526
1773773767528,0.0859375,-0.217773,0.989746,0,-0.00106526,-0.000532632
1773773767608,0.0878906,-0.21875,0.987305,0.000532632,-0.000532632,0
1773773767679,0.0869141,-0.219238,0.98877,-0.000532632,-0.00106526,0
1773773767760,0.0878906,-0.219238,0.988281,-0.000532632,0,0
1773773767840,0.0859375,-0.219238,0.98877,0.0015979,0,-0.000532632
1773773767911,0.0883789,-0.216309,0.98877,0.0015979,0,0.00106526
1773773767991,0.0859375,-0.218262,0.986816,-0.00106526,-0.000532632,0.000532632
1773773768062,0.0883789,-0.219238,0.987305,0.000532632,-0.000532632,-0.000532632
1773773768142,0.0864258,-0.217773,0.989746,0,0.000532632,0
1773773768223,0.0869141,-0.218262,0.989258,-0.00106526,-0.000532632,0
1773773768293,0.0869141,-0.21875,0.987305,-0.00106526,0,-0.000532632
1773773768374,0.0893555,-0.215332,0.98877,0,-0.000532632,0
1773773768454,0.0849609,-0.217285,0.989258,0.000532632,-0.000532632,0
1773773768525,0.0878906,-0.217773,0.989258,0,-0.000532632,0
1773773768605,0.0854492,-0.217285,0.988281,0,-0.00106526,-0.000532632
1773773768686,0.0869141,-0.216797,0.987305,0.00106526,-0.000532632,0.000532632
1773773768756,0.0874023,-0.216797,0.988281,-0.000532632,-0.00106526,-0.000532632
1773773768837,0.0883789,-0.217285,0.987793,-0.000532632,-0.000532632,-0.000532632
1773773768918,0.0878906,-0.217773,0.98877,0,-0.000532632,0
1773773768988,0.0874023,-0.218262,0.989746,0.000532632,-0.000532632,-0.000532632
1773773769069,0.0888672,-0.218262,0.987305,-0.00106526,0,0
1773773769149,0.0883789,-0.217285,0.987305,-0.00106526,-0.00106526,-0.000532632
1773773769220,0.0878906,-0.21875,0.98877,0.000532632,0.000532632,0
1773773769300,0.0878906,-0.217285,0.989258,-0.000532632,-0.000532632,-0.000532632
1773773769371,0.0883789,-0.217285,0.98877,0.000532632,-0.000532632,0
1773773769451,0.0878906,-0.216797,0.987305,-0.00106526,-0.000532632,-0.000532632
1773773769532,0.0869141,-0.217285,0.98877,-0.000532632,-0.000532632,-0.000532632
1773773769602,0.0888672,-0.217773,0.988281,0,-0.00106526,-0.000532632
1773773769683,0.0874023,-0.216797,0.989746,-0.000532632,-0.000532632,0
1773773769764,0.0864258,-0.217285,0.988281,0.000532632,-0.00106526,0
1773773769834,0.0888672,-0.217773,0.988281,0.00106526,0,0
1773773769915,0.0869141,-0.217773,0.990234,0,-0.00106526,-0.000532632
1773773769995,0.0874023,-0.21582,0.988281,0,-0.000532632,-0.00106526
1773773770066,0.0878906,-0.217285,0.989746,-0.000532632,0,0.000532632
1773773770146,0.0869141,-0.217285,0.986816,-0.000532632,0,-0.0015979
1773773770227,0.0893555,-0.21875,0.989258,0.000532632,0,-0.000532632
1773773770297,0.0883789,-0.216309,0.989746,0.000532632,0,0.000532632
1773773770378,0.0883789,-0.216309,0.989258,0.000532632,0,0
1773773770448,0.0874023,-0.219238,0.991211,0,-0.000532632,-0.00106526
1773773770529,0.0883789,-0.217773,0.987793,-0.00106526,-0.000532632,0
1773773770609,0.0869141,-0.21582,0.989258,0,-0.00106526,0
1773773770680,0.0893555,-0.219727,0.986328,-0.000532632,-0.000532632,-0.00106526
1773773770760,0.0888672,-0.216797,0.989746,0,0,-0.00106526
1773773770841,0.0883789,-0.216797,0.98877,0.000532632,-0.000532632,-0.00106526
1773773770911,0.0854492,-0.21875,0.986328,-0.000532632,-0.000532632,-0.00106526
1773773770992,0.0859375,-0.218262,0.98877,-0.000532632,0,0
1773773771073,0.0878906,-0.216797,0.987305,-0.00106526,-0.000532632,0.000532632
1773773771143,0.0874023,-0.216309,0.987305,-0.000532632,0.000532632,-0.000532632
1773773771224,0.0859375,-0.21875,0.991211,0,-0.00106526,0.000532632
1773773771304,0.0888672,-0.217285,0.987793,0,-0.000532632,-0.000532632
1773773771375,0.0878906,-0.217285,0.987793,0,0.000532632,0
1773773771455,0.0883789,-0.217773,0.98877,0,0,-0.000532632
1773773771536,0.0883789,-0.217773,0.987793,0,0.000532632,0.0015979
1773773771606,0.0883789,-0.216797,0.986816,0.000532632,-0.00106526,-0.000532632
1773773771687,0.0874023,-0.217773,0.98877,0,-0.000532632,0
1773773771767,0.0874023,-0.216309,0.987793,0.000532632,-0.000532632,-0.000532632
1773773771838,0.0893555,-0.217285,0.989258,0,0.000532632,0
1773773771918,0.0878906,-0.21875,0.989746,-0.000532632,0,0
1773773771989,0.0864258,-0.21875,0.989746,-0.000532632,-0.000532632,-0.000532632
1773773772069,0.0883789,-0.218262,0.988281,0.00106526,0,0
1773773772150,0.0854492,-0.21875,0.98877,0,-0.00106526,0.000532632
1773773772221,0.0874023,-0.216797,0.98584,-0.000532632,-0.00106526,0
1773773772301,0.0859375,-0.217773,0.986328,0,-0.00106526,0
1773773772382,0.0883789,-0.218262,0.987305,0.000532632,-0.00106526,-0.00106526
1773773772452,0.0874023,-0.217773,0.989746,-0.000532632,0.000532632,0.000532632
1773773772533,0.0878906,-0.214844,0.988281,0,-0.000532632,-0.00106526
1773773772614,0.0878906,-0.217285,0.987793,0,-0.000532632,0
1773773772684,0.0869141,-0.217285,0.988281,-0.000532632,0,0.000532632
1773773772765,0.0883789,-0.217285,0.987793,0.000532632,-0.000532632,0
1773773772845,0.0869141,-0.218262,0.987793,0,-0.000532632,0.00106526
1773773772916,0.0888672,-0.217285,0.989258,0.000532632,-0.00106526,0.000532632
1773773772996,0.0878906,-0.217285,0.989258,0.000532632,0.000532632,-0.00106526
1773773773067,0.0878906,-0.217773,0.990234,0,-0.000532632,-0.000532632
1773773773148,0.0864258,-0.218262,0.986816,0,-0.00106526,0.000532632
1773773773228,0.0883789,-0.216797,0.990234,0.000532632,-0.00106526,0
1773773773298,0.0874023,-0.216309,0.988281,0.000532632,0.000532632,-0.000532632
1773773773379,0.0893555,-0.217773,0.987305,0,0.000532632,0
1773773773461,0.0878906,-0.217773,0.98877,-0.00106526,-0.000532632,0.00106526
1773773773530,0.0878906,-0.21875,0.98877,-0.000532632,-0.00106526,-0.000532632
1773773773611,0.0874023,-0.216309,0.986816,0.000532632,0,-0.000532632
1773773773691,0.0883789,-0.218262,0.990234,-0.000532632,0,0
1773773773762,0.090332,-0.216797,0.990723,-0.0015979,-0.000532632,0
1773773773842,0.0883789,-0.216797,0.987793,0.00106526,-0.000532632,0
1773773773923,0.0864258,-0.218262,0.989258,0.000532632,-0.00106526,-0.00106526
1773773773993,0.0869141,-0.217285,0.988281,-0.000532632,0,-0.000532632
1773773774074,0.0878906,-0.217285,0.988281,-0.000532632,-0.00106526,-0.00106526
1773773774144,0.0864258,-0.217773,0.987793,0,0,0.00106526
1773773774225,0.0883789,-0.219238,0.987305,0,0,0.00106526
1773773774305,0.0869141,-0.21875,0.987793,0,-0.00106526,-0.000532632
1773773774376,0.0874023,-0.219238,0.987793,0.00106526,0,0
1773773774457,0.0874023,-0.217773,0.988281,0,0,-0.000532632
1773773774537,0.0878906,-0.216797,0.989746,0,-0.00106526,0.000532632
1773773774607,0.0874023,-0.21875,0.988281,0.00106526,-0.000532632,0.000532632
1773773774688,0.0883789,-0.217285,0.989746,-0.000532632,-0.000532632,-0.000532632
1773773774769,0.0898438,-0.218262,0.989746,0,-0.00106526,0.000532632
1773773774839,0.0869141,-0.218262,0.989258,0,0.000532632,0
1773773774920,0.0864258,-0.216797,0.986816,-0.000532632,-0.00106526,-0.000532632
1773773775000,0.0869141,-0.216309,0.989258,0,0,-0.000532632
1773773775072,0.0888672,-0.218262,0.986816,0.000532632,-0.000532632,0.00106526
1773773775151,0.0869141,-0.217285,0.987793,0.000532632,-0.000532632,0.000532632
1773773775232,0.0874023,-0.218262,0.98877,-0.000532632,-0.000532632,0.000532632
1773773775302,0.0864258,-0.219727,0.989746,0,-0.000532632,-0.000532632
1773773775383,0.0864258,-0.217285,0.98877,0,0,0.000532632
1773773775453,0.0869141,-0.220703,0.988281,-0.000532632,-0.000532632,0.000532632
1773773775534,0.0883789,-0.218262,0.987793,0.000532632,0,-0.000532632
1773773775614,0.0893555,-0.218262,0.987793,0.000532632,0.000532632,-0.000532632
1773773775685,0.0878906,-0.21875,0.98877,0.00106526,0.000532632,-0.000532632
1773773775765,0.0859375,-0.217285,0.988281,-0.000532632,-0.000532632,0
1773773775846,0.0878906,-0.21582,0.989746,0.000532632,-0.0015979,0
1773773775916,0.0893555,-0.218262,0.98877,-0.000532632,-0.00106526,0.000532632
1773773775997,0.0878906,-0.217285,0.989258,0,-0.00106526,-0.000532632
1773773776078,0.0874023,-0.216309,0.98877,0,-0.000532632,0
1773773776148,0.0874023,-0.216797,0.987793,0,-0.00106526,0
1773773776229,0.0888672,-0.216797,0.98877,0.000532632,-0.00106526,0.00106526
1773773776310,0.0878906,-0.216309,0.98877,0,-0.0015979,-0.00106526
1773773776380,0.0869141,-0.216797,0.987305,-0.000532632,-0.000532632,0.000532632
1773773776460,0.0874023,-0.217773,0.988281,-0.000532632,-0.00106526,0.000532632
1773773776541,0.0869141,-0.217285,0.98877,0,-0.000532632,0
1773773776611,0.0864258,-0.216797,0.989258,0.000532632,-0.00106526,0.000532632
1773773776692,0.0859375,-0.218262,0.988281,0,-0.000532632,-0.000532632
1773773776762,0.0869141,-0.216797,0.98877,0.000532632,-0.000532632,-0.000532632
1773773776844,0.0869141,-0.216309,0.98877,-0.00106526,-0.00106526,-0.000532632
1773773776924,0.0869141,-0.216797,0.987793,0,0,0.000532632
1773773776994,0.0874023,-0.217773,0.987305,-0.000532632,-0.000532632,0
1773773777075,0.0874023,-0.217773,0.988281,0.000532632,0,-0.000532632
1773773777156,0.0883789,-0.217773,0.990234,0.000532632,-0.00106526,0.00106526
1773773777226,0.0864258,-0.217773,0.989746,-0.000532632,-0.00106526,0
1773773777307,0.0864258,-0.216797,0.98877,-0.000532632,-0.00106526,0
1773773777387,0.0864258,-0.21875,0.989258,0,-0.000532632,0.00106526
1773773777458,0.0878906,-0.216309,0.988281,0,-0.000532632,0.000532632
1773773777538,0.0878906,-0.217285,0.987305,-0.00106526,-0.000532632,0.000532632
1773773777619,0.0878906,-0.217773,0.990234,0,0,0
1773773777689,0.0869141,-0.217285,0.989258,-0.000532632,-0.000532632,0.000532632
1773773777770,0.0874023,-0.218262,0.987793,0,-0.000532632,0.000532632
1773773777841,0.0869141,-0.217773,0.98877,0,0,0
1773773777921,0.0878906,-0.21875,0.989258,0,-0.00106526,0.000532632
1773773778002,0.0874023,-0.216797,0.989258,-0.00106526,-0.000532632,0.00106526
1773773778072,0.0883789,-0.216797,0.986816,0,-0.00106526,0
1773773778153,0.0874023,-0.220703,0.98877,-0.000532632,0,-0.000532632
1773773778233,0.0854492,-0.216797,0.98877,-0.00106526,-0.000532632,-0.000532632
1773773778304,0.0869141,-0.216797,0.98877,0.00106526,0.000532632,0.000532632
1773773778384,0.0854492,-0.218262,0.98877,0,0,0
1773773778465,0.0864258,-0.219238,0.989258,0,-0.0015979,0.000532632
1773773778535,0.0878906,-0.219238,0.989258,0,-0.00106526,0
1773773778616,0.0878906,-0.217285,0.989746,0,0.000532632,0
1773773778696,0.0878906,-0.216797,0.988281,0,0,0
1773773778767,0.0869141,-0.21582,0.988281,0,-0.000532632,-0.000532632
1773773778848,0.0883789,-0.217285,0.988281,0.000532632,0,-0.000532632
1773773778918,0.0869141,-0.217285,0.98877,0.000532632,-0.000532632,0
1773773778999,0.0888672,-0.218262,0.990723,0,-0.000532632,0.000532632
1773773779079,0.0893555,-0.216797,0.988281,0.000532632,-0.000532632,-0.000532632
1773773779150,0.0878906,-0.216309,0.990723,0,-0.000532632,0.000532632
1773773779230,0.0864258,-0.219727,0.988281,0,0,-0.000532632
1773773779311,0.0893555,-0.218262,0.989258,0,-0.000532632,0.000532632
1773773779381,0.0874023,-0.216309,0.988281,-0.000532632,0,-0.000532632
1773773779462,0.0874023,-0.216797,0.987793,0,-0.0015979,0
1773773779542,0.0869141,-0.219238,0.98877,0.000532632,-0.00106526,0
1773773779613,0.0878906,-0.217773,0.987793,0,0,0.000532632
1773773779693,0.0874023,-0.217285,0.987305,-0.000532632,-0.00106526,-0.000532632
1773773779774,0.0874023,-0.217773,0.988281,0.000532632,-0.00106526,0.000532632
1773773779844,0.0893555,-0.21875,0.989258,-0.00106526,0.000532632,0.00106526
1773773779925,0.0874023,-0.21875,0.988281,-0.000532632,0,0
1773773780005,0.0854492,-0.216797,0.988281,-0.000532632,-0.000532632,0.000532632
1773773780076,0.0878906,-0.216797,0.989258,-0.000532632,-0.000532632,0
1773773780156,0.0874023,-0.217773,0.98877,0,0,0
1773773780227,0.0878906,-0.219238,0.98877,0,0,0.000532632
1773773780307,0.0878906,-0.217773,0.988281,0.00106526,-0.000532632,-0.000532632
1773773780388,0.0878906,-0.21875,0.987305,0.000532632,-0.000532632,0
1773773780458,0.0869141,-0.218262,0.98877,0,0,0.00106526
1773773780539,0.0898438,-0.219238,0.989746,0,0.000532632,0
1773773780619,0.0878906,-0.217285,0.986816,-0.000532632,-0.000532632,0
1773773780690,0.0869141,-0.21582,0.989258,0.00106526,0,-0.000532632
1773773780770,0.0869141,-0.217285,0.989258,-0.000532632,0,0.000532632
1773773780851,0.0893555,-0.218262,0.988281,0.000532632,-0.00106526,0.000532632
1773773780921,0.0859375,-0.217285,0.987793,-0.000532632,0,-0.00213053
1773773781002,0.0869141,-0.218262,0.989258,0.000532632,0,0
1773773781082,0.0883789,-0.218262,0.989258,0.000532632,-0.00213053,-0.000532632
1773773781153,0.0878906,-0.217285,0.988281,-0.000532632,-0.0015979,0.000532632
1773773781234,0.0859375,-0.217773,0.987793,-0.000532632,-0.000532632,0
1773773781314,0.0869141,-0.218262,0.98877,0.000532632,0,0
1773773781385,0.0883789,-0.216797,0.987793,0,0,0
1773773781465,0.0869141,-0.216797,0.988281,0.000532632,0,-0.000532632
1773773781546,0.0869141,-0.217773,0.988281,0.00106526,0,0
1773773781616,0.0869141,-0.217773,0.987793,0.000532632,-0.00106526,0.000532632
1773773781697,0.0878906,-0.216309,0.989258,0,-0.000532632,0.000532632
1773773781767,0.0888672,-0.217285,0.987793,0.000532632,-0.000532632,-0.000532632
1773773781848,0.0874023,-0.217773,0.986328,0.000532632,-0.000532632,-0.000532632
1773773781928,0.0908203,-0.218262,0.988281,0.00106526,0,-0.000532632
1773773781999,0.0893555,-0.21875,0.987793,-0.00106526,-0.00106526,0
1773773782079,0.0878906,-0.216797,0.98877,-0.000532632,-0.00213053,0
1773773782160,0.0878906,-0.217285,0.986816,-0.00106526,0,-0.000532632
1773773782230,0.0883789,-0.217285,0.987305,0.00106526,-0.000532632,0.000532632
1773773782311,0.0874023,-0.218262,0.987793,-0.000532632,-0.000532632,0.000532632
1773773782392,0.0859375,-0.216309,0.98877,0,-0.00106526,0.000532632
1773773782462,0.0888672,-0.219238,0.989258,0,0.000532632,-0.000532632
1773773782543,0.0864258,-0.217773,0.989258,0,0,0
1773773782623,0.0883789,-0.216797,0.987305,0.000532632,-0.000532632,0.000532632
1773773782694,0.0883789,-0.218262,0.990723,0,0,-0.000532632
1773773782774,0.0874023,-0.217773,0.988281,-0.000532632,-0.000532632,-0.000532632
1773773782855,0.0878906,-0.218262,0.987793,-0.000532632,-0.000532632,0
1773773782925,0.0874023,-0.21875,0.988281,0,0,0
1773773783006,0.0878906,-0.217285,0.988281,0.000532632,-0.00106526,-0.000532632
1773773783076,0.0874023,-0.216797,0.990234,-0.000532632,-0.0015979,0.000532632
1773773783157,0.0888672,-0.217285,0.987793,0,-0.000532632,-0.00106526
1773773783237,0.0869141,-0.21875,0.988281,0,-0.00106526,0.000532632
1773773783308,0.0878906,-0.218262,0.988281,0,-0.000532632,-0.000532632
1773773783389,0.0888672,-0.217773,0.986816,-0.000532632,-0.0015979,-0.0015979
1773773783469,0.0869141,-0.215332,0.989258,0,-0.00106526,0.000532632
1773773783540,0.0888672,-0.21582,0.986816,-0.000532632,-0.00106526,0.00106526
1773773783621,0.0874023,-0.218262,0.987305,-0.000532632,0,-0.000532632
1773773783701,0.0893555,-0.219238,0.988281,0,-0.0015979,0
1773773783772,0.0893555,-0.217773,0.987793,-0.000532632,-0.000532632,-0.000532632
1773773783852,0.0874023,-0.216309,0.987793,0,-0.00106526,-0.000532632
1773773783933,0.0869141,-0.216797,0.987305,0,-0.000532632,0.000532632
1773773784003,0.0869141,-0.217773,0.98877,-0.00106526,0,0.000532632
1773773784084,0.0869141,-0.217285,0.98877,0.000532632,-0.000532632,0
1773773784154,0.0878906,-0.217285,0.98877,0.000532632,-0.000532632,0.000532632
1773773784235,0.0869141,-0.219238,0.990234,0.000532632,0.000532632,0
1773773784315,0.0874023,-0.21582,0.98877,0,-0.000532632,-0.0015979
1773773784386,0.0878906,-0.217285,0.989258,0.00106526,-0.000532632,-0.000532632
1773773784467,0.0883789,-0.217773,0.988281,0.000532632,-0.000532632,0
1773773784547,0.0878906,-0.216309,0.98877,-0.000532632,-0.000532632,0
1773773784618,0.0869141,-0.21582,0.989258,0,-0.000532632,0
1773773784698,0.0878906,-0.217773,0.989258,0,-0.000532632,-0.000532632
1773773784779,0.0874023,-0.218262,0.98877,-0.0015979,-0.000532632,0.0015979
1773773784849,0.0888672,-0.217285,0.989746,0,0,0.00106526
1773773784930,0.0869141,-0.218262,0.987793,0,-0.00106526,-0.000532632
1773773785010,0.0864258,-0.215332,0.989258,0.00106526,-0.00106526,-0.000532632
1773773785081,0.0878906,-0.217285,0.990723,0,-0.000532632,0.00106526
1773773785161,0.0883789,-0.217773,0.988281,-0.0015979,-0.000532632,-0.000532632
1773773785233,0.0893555,-0.217285,0.98877,-0.000532632,-0.00106526,0.000532632
1773773785313,0.0869141,-0.21875,0.989746,-0.000532632,-0.0015979,-0.000532632
1773773785393,0.0874023,-0.217773,0.988281,0,0.000532632,0
1773773785463,0.0874023,-0.21875,0.987305,0,-0.00213053,-0.000532632
1773773785544,0.0883789,-0.216309,0.987793,-0.000532632,0.000532632,0.000532632
1773773785624,0.0878906,-0.216797,0.990723,0.000532632,-0.000532632,-0.00106526
1773773785695,0.0878906,-0.216309,0.990723,0,-0.000532632,-0.00106526
1773773785775,0.0883789,-0.216309,0.988281,0,-0.000532632,-0.000532632
1773773785856,0.0893555,-0.218262,0.98877,-0.00106526,-0.00106526,0
1773773785927,0.0883789,-0.216797,0.989258,0,-0.000532632,-0.000532632
1773773786007,0.0874023,-0.218262,0.988281,-0.000532632,0.000532632,-0.000532632
1773773786088,0.0878906,-0.217773,0.989258,0,0,0.00106526
1773773786158,0.0878906,-0.218262,0.988281,0.000532632,0,-0.000532632
1773773786239,0.0869141,-0.216309,0.989746,0,-0.000532632,0
1773773786319,0.0878906,-0.219727,0.98877,0,-0.000532632,-0.000532632
1773773786390,0.0888672,-0.217285,0.98877,-0.000532632,-0.000532632,0
1773773786470,0.0869141,-0.218262,0.988281,0.000532632,0.000532632,0.0015979
1773773786551,0.0844727,-0.216797,0.988281,0,-0.00106526,0.000532632
1773773786621,0.0864258,-0.21582,0.990234,0.000532632,-0.000532632,0
1773773786702,0.0864258,-0.21875,0.989258,-0.000532632,0,0.00106526
1773773786772,0.0888672,-0.216797,0.986328,-0.00106526,-0.000532632,0
1773773786853,0.0878906,-0.217773,0.989258,0.000532632,-0.000532632,-0.00106526
1773773786933,0.0888672,-0.215332,0.989746,-0.000532632,0.000532632,-0.00106526
1773773787004,0.090332,-0.216309,0.986816,0,0,0
1773773787084,0.0874023,-0.216309,0.990234,-0.000532632,-0.000532632,0
1773773787165,0.0893555,-0.21582,0.98877,0,-0.000532632,0
1773773787235,0.0864258,-0.217773,0.989746,-0.000532632,0,-0.000532632
1773773787316,0.0883789,-0.218262,0.989258,0,-0.000532632,0.00106526
1773773787397,0.0864258,-0.219238,0.98877,0,-0.000532632,0
1773773787467,0.0874023,-0.21582,0.98877,0,0,0
1773773787548,0.0883789,-0.216797,0.98877,0.000532632,-0.00106526,0.000532632
1773773787628,0.0878906,-0.216797,0.989258,0.000532632,-0.000532632,0.000532632
1773773787699,0.0878906,-0.219238,0.98584,0,-0.000532632,0
1773773787779,0.0893555,-0.21875,0.98877,0,0,0
1773773787860,0.0883789,-0.217773,0.987793,-0.00106526,0,0.000532632
1773773787930,0.0878906,-0.220215,0.986816,0,0.000532632,0
1773773788011,0.0874023,-0.217773,0.987793,0.000532632,-0.000532632,-0.00106526
1773773788081,0.0874023,-0.21875,0.98877,-0.00106526,0,-0.000532632
1773773788162,0.0869141,-0.217773,0.990723,0,-0.000532632,0
1773773788242,0.0874023,-0.217773,0.987793,0,-0.000532632,0.00106526
1773773788313,0.0878906,-0.219238,0.987305,-0.000532632,-0.000532632,-0.000532632
1773773788393,0.0878906,-0.214355,0.989746,0,-0.000532632,-0.000532632
1773773788474,0.0878906,-0.218262,0.990234,0,0,0
1773773788544,0.0893555,-0.217773,0.986816,0.00106526,-0.000532632,0.00106526
1773773788625,0.0854492,-0.218262,0.989258,-0.000532632,-0.000532632,0
1773773788705,0.0869141,-0.217773,0.989258,0,0,-0.000532632
1773773788776,0.0883789,-0.217285,0.988281,0.000532632,-0.000532632,0
1773773788857,0.0888672,-0.218262,0.987793,0,0,0
1773773788937,0.0864258,-0.217773,0.987305,0.000532632,-0.000532632,0
1773773789008,0.0874023,-0.216797,0.987793,-0.000532632,-0.00106526,0
1773773789088,0.0878906,-0.216309,0.987305,0,-0.000532632,0.000532632
1773773789169,0.0859375,-0.216797,0.989746,0,-0.000532632,0
1773773789239,0.0864258,-0.218262,0.987305,-0.000532632,-0.00106526,-0.00106526
1773773789320,0.0864258,-0.217773,0.986816,0,-0.000532632,0.000532632
1773773789390,0.0869141,-0.21875,0.988281,-0.000532632,-0.00106526,0.000532632
1773773789471,0.0898438,-0.217285,0.988281,0.00106526,-0.000532632,0
1773773789552,0.0878906,-0.217773,0.987793,0,-0.00106526,-0.000532632
1773773789622,0.0878906,-0.219727,0.990234,-0.000532632,0,0
1773773789703,0.0869141,-0.217773,0.987305,-0.000532632,-0.000532632,0
1773773789783,0.0888672,-0.219727,0.987793,0.000532632,-0.00106526,-0.00106526
1773773789854,0.0888672,-0.217773,0.988281,0,-0.000532632,0.000532632
1773773789934,0.0888672,-0.216797,0.98877,0.00106526,-0.000532632,0
1773773790015,0.0878906,-0.216309,0.989258,-0.000532632,-0.000532632,-0.000532632
1773773790085,0.0878906,-0.217773,0.98877,0.000532632,0.000532632,0.000532632
1773773790166,0.0878906,-0.217773,0.986816,0,-0.00106526,0
1773773790246,0.0893555,-0.218262,0.988281,0,-0.000532632,0.000532632
1773773790317,0.0844727,-0.217773,0.98877,0.000532632,0,-0.000532632
1773773790397,0.0854492,-0.215332,0.987305,0.000532632,-0.000532632,0.000532632
1773773790468,0.0874023,-0.219238,0.987305,0.000532632,-0.000532632,0.000532632
1773773790548,0.0874023,-0.218262,0.989258,-0.000532632,-0.000532632,-0.000532632
1773773790629,0.0874023,-0.217773,0.989746,0.000532632,-0.000532632,0.000532632
1773773790700,0.0893555,-0.217285,0.987305,0.000532632,-0.00106526,0
1773773790780,0.0878906,-0.21875,0.98877,0,-0.00106526,0
1773773790861,0.0893555,-0.217773,0.986816,0,-0.000532632,-0.000532632
1773773790931,0.0898438,-0.218262,0.989258,0,-0.000532632,-0.000532632
1773773791012,0.0864258,-0.21875,0.987305,-0.000532632,-0.000532632,-0.000532632
1773773791093,0.0869141,-0.217285,0.989258,-0.00106526,-0.000532632,-0.00106526
1773773791164,0.0883789,-0.218262,0.988281,0,-0.000532632,0
1773773791244,0.0869141,-0.219238,0.98584,0.000532632,-0.00106526,0.000532632
1773773791324,0.0864258,-0.217285,0.985352,-0.000532632,0,-0.000532632
1773773791396,0.0864258,-0.217285,0.986816,-0.000532632,-0.000532632,0
1773773791475,0.0864258,-0.217285,0.988281,0,-0.00106526,0
1773773791546,0.0849609,-0.219238,0.988281,0,-0.00106526,-0.000532632
1773773791626,0.0883789,-0.217285,0.989258,0,-0.000532632,-0.00106526
1773773791707,0.0878906,-0.219727,0.988281,0,-0.000532632,0
1773773791777,0.0864258,-0.217285,0.987305,-0.000532632,-0.00106526,-0.000532632
1773773791858,0.0878906,-0.21875,0.988281,-0.000532632,-0.000532632,0.000532632
1773773791938,0.0874023,-0.217285,0.987793,-0.0015979,-0.000532632,-0.000532632
1773773792009,0.0859375,-0.217285,0.986816,0,-0.000532632,-0.000532632
1773773792089,0.0874023,-0.217285,0.989746,-0.000532632,-0.00106526,-0.000532632
1773773792170,0.0888672,-0.216797,0.987793,0.000532632,-0.00106526,0
1773773792241,0.0874023,-0.216797,0.986816,-0.000532632,-0.000532632,0.000532632
1773773792321,0.0874023,-0.217773,0.987793,0.000532632,-0.00106526,0.000532632
1773773792402,0.0849609,-0.218262,0.989746,-0.000532632,-0.000532632,0.000532632
1773773792472,0.0874023,-0.217285,0.988281,-0.000532632,0,0
1773773792553,0.0883789,-0.218262,0.990234,-0.000532632,-0.00106526,0
1773773792633,0.0878906,-0.217285,0.986816,0,0,0
1773773792704,0.0878906,-0.21875,0.990723,0,-0.00106526,0
1773773792784,0.0864258,-0.21582,0.988281,-0.000532632,0.000532632,-0.0015979
1773773792865,0.0854492,-0.21582,0.989746,0.000532632,0,0.00106526
1773773792935,0.0878906,-0.216797,0.989746,0,-0.000532632,0.000532632
1773773793016,0.0869141,-0.217773,0.989258,0,-0.000532632,0
1773773793087,0.0864258,-0.217285,0.988281,-0.00106526,-0.00106526,-0.00106526
1773773793167,0.0869141,-0.217285,0.987793,-0.000532632,-0.00106526,-0.000532632
1773773793248,0.0898438,-0.217285,0.987793,0,-0.00106526,-0.000532632
1773773793318,0.0874023,-0.21875,0.988281,0,0.000532632,-0.000532632
1773773793399,0.0878906,-0.21875,0.987305,-0.00106526,0,0.00106526
1773773793480,0.0874023,-0.219727,0.98877,0,0,-0.0015979
1773773793550,0.0869141,-0.216797,0.989258,-0.000532632,-0.000532632,-0.000532632
1773773793631,0.0878906,-0.214355,0.990234,0,0,0.000532632
1773773793711,0.0883789,-0.216797,0.989258,0.000532632,0,0
1773773793782,0.0874023,-0.21582,0.98877,-0.000532632,-0.000532632,-0.00106526
1773773793862,0.0878906,-0.214844,0.987793,-0.000532632,0,0
1773773793933,0.0878906,-0.219238,0.987793,-0.000532632,0,0
1773773794013,0.0864258,-0.216309,0.987305,-0.000532632,-0.00106526,0.000532632
1773773794094,0.0888672,-0.217285,0.989258,0,0,-0.000532632
1773773794164,0.0888672,-0.217285,0.987793,-0.000532632,0,-0.000532632
1773773794245,0.0864258,-0.218262,0.988281,0,0.000532632,-0.000532632
1773773794325,0.0859375,-0.217773,0.986816,0.000532632,0,0.000532632
1773773794396,0.0869141,-0.217773,0.98877,-0.000532632,-0.000532632,0
1773773794477,0.0878906,-0.218262,0.988281,-0.000532632,-0.000532632,0.000532632
1773773794557,0.0888672,-0.220215,0.986816,-0.000532632,-0.000532632,-0.000532632
1773773794628,0.0864258,-0.219238,0.986328,0.00106526,-0.00106526,0
1773773794708,0.0883789,-0.217285,0.989746,0,0.000532632,0.000532632
1773773794789,0.0898438,-0.217285,0.98877,0.000532632,-0.000532632,0
1773773794859,0.0864258,-0.217773,0.987793,0,-0.000532632,0.000532632
1773773794940,0.0864258,-0.218262,0.98877,0.000532632,0,0.00106526
1773773795020,0.0859375,-0.219238,0.988281,0.000532632,-0.000532632,-0.000532632
1773773795091,0.0864258,-0.21875,0.987305,-0.00106526,-0.000532632,0.00106526
1773773795173,0.0864258,-0.216309,0.98877,0.000532632,-0.00106526,-0.000532632
1773773795242,0.0864258,-0.217773,0.98584,-0.000532632,0,-0.000532632
1773773795322,0.0864258,-0.218262,0.987793,0,0,0
1773773795403,0.0869141,-0.21875,0.98877,0.00106526,0.000532632,0
1773773795473,0.0869141,-0.217773,0.987305,-0.000532632,-0.000532632,0.00106526
1773773795554,0.0869141,-0.217285,0.987793,-0.00106526,0,0.00106526
1773773795635,0.0874023,-0.217285,0.986816,0.00106526,0,0
1773773795706,0.0883789,-0.217285,0.988281,0,-0.00106526,0
1773773795786,0.0888672,-0.215332,0.987305,0,0.000532632,-0.00106526
1773773795866,0.0888672,-0.217773,0.989258,0.00106526,-0.000532632,0
1773773795937,0.0869141,-0.217773,0.988281,-0.00106526,-0.000532632,0
1773773796017,0.0883789,-0.21875,0.986328,0,-0.000532632,-0.000532632
1773773796098,0.0869141,-0.217285,0.986816,0.00106526,0,0
1773773796168,0.0878906,-0.217773,0.988281,0,-0.000532632,-0.000532632
1773773796249,0.0874023,-0.218262,0.990234,0,0,0.000532632
1773773796329,0.0869141,-0.216797,0.98877,0,0,-0.000532632
1773773796400,0.0893555,-0.216797,0.989746,0,-0.000532632,0.000532632
1773773796480,0.0878906,-0.21875,0.98877,0,-0.000532632,0.000532632
1773773796551,0.0888672,-0.216309,0.98877,-0.000532632,0,0
1773773796631,0.0878906,-0.217285,0.990234,-0.000532632,-0.000532632,0
1773773796712,0.0869141,-0.21875,0.986816,0,-0.0015979,-0.00106526
1773773796783,0.0883789,-0.217773,0.987793,0.000532632,-0.000532632,0
1773773796864,0.0864258,-0.217773,0.98877,-0.000532632,-0.0015979,0
1773773796944,0.0878906,-0.216309,0.987305,-0.00106526,0.000532632,-0.000532632
1773773797015,0.0864258,-0.216797,0.987305,0,0,0
1773773797095,0.0883789,-0.217773,0.98877,-0.000532632,0.000532632,-0.000532632
1773773797176,0.0859375,-0.218262,0.988281,-0.000532632,-0.000532632,0.000532632
1773773797247,0.0888672,-0.217773,0.98584,0,0,0
1773773797327,0.0888672,-0.217285,0.988281,-0.000532632,-0.00106526,0.000532632
1773773797408,0.0888672,-0.219238,0.989258,-0.000532632,0,-0.000532632
1773773797478,0.0869141,-0.21875,0.98877,0.000532632,-0.000532632,0.000532632
1773773797559,0.0888672,-0.219238,0.98877,0.000532632,-0.000532632,0
1773773797629,0.0874023,-0.217773,0.98877,0,0,0.000532632
1773773797710,0.0878906,-0.219238,0.988281,0.000532632,-0.00106526,0.000532632
1773773797790,0.0859375,-0.216797,0.98877,0,-0.000532632,0.000532632
1773773797861,0.0898438,-0.218262,0.98877,0.00106526,-0.000532632,-0.00106526
1773773797941,0.0878906,-0.218262,0.989746,-0.00106526,-0.00106526,-0.000532632
1773773798022,0.0849609,-0.216309,0.987793,-0.000532632,0,0.00106526
1773773798092,0.0878906,-0.219238,0.988281,0,-0.000532632,0.000532632
1773773798173,0.0878906,-0.216797,0.98877,0.000532632,0,-0.00106526
1773773798253,0.0874023,-0.218262,0.986816,-0.000532632,-0.000532632,-0.000532632
1773773798324,0.0883789,-0.216797,0.989746,-0.00106526,0.000532632,0.000532632
1773773798404,0.0883789,-0.215332,0.989258,-0.000532632,0,-0.000532632
1773773798485,0.0878906,-0.217285,0.990723,0,-0.000532632,-0.000532632
1773773798555,0.0874023,-0.218262,0.987793,0,-0.00106526,0.000532632
1773773798636,0.0893555,-0.214355,0.988281,0,-0.000532632,-0.000532632
1773773798717,0.0898438,-0.219238,0.990234,0,0,0
1773773798787,0.0869141,-0.218262,0.989258,-0.000532632,0,0.000532632
1773773798867,0.0874023,-0.216797,0.990234,0,-0.00106526,0
1773773798938,0.0864258,-0.218262,0.988281,-0.00106526,-0.00106526,0.000532632
1773773799019,0.0878906,-0.217285,0.98877,0,-0.00106526,-0.00106526
1773773799099,0.0883789,-0.217285,0.990723,0.000532632,0,0
1773773799170,0.0888672,-0.21582,0.986816,-0.00106526,-0.00106526,0
1773773799250,0.0874023,-0.216797,0.990723,0,-0.00106526,0.00106526
1773773799331,0.0874023,-0.217285,0.988281,-0.0015979,-0.00106526,0
1773773799401,0.0874023,-0.21875,0.988281,-0.00106526,0.000532632,0
1773773799482,0.0874023,-0.217773,0.98877,-0.00106526,0,0.000532632
1773773799562,0.0878906,-0.217773,0.988281,0,0,0
1773773799633,0.0878906,-0.216309,0.987793,0,-0.000532632,0.000532632
1773773799713,0.0874023,-0.217773,0.989258,0.000532632,0,0
1773773799794,0.0864258,-0.216797,0.989258,0,0,-0.00106526
1773773799864,0.0898438,-0.215332,0.98877,-0.00106526,-0.000532632,-0.000532632
1773773799945,0.0874023,-0.217285,0.987793,0.000532632,-0.000532632,0.000532632
1773773800026,0.0874023,-0.218262,0.989746,0.000532632,0,0.000532632
1773773800096,0.0893555,-0.219238,0.987793,0,0,-0.000532632
1773773800177,0.0908203,-0.216309,0.989258,0,-0.00106526,0.00106526
1773773800247,0.0878906,-0.21875,0.986816,0.000532632,0.000532632,0
1773773800328,0.0878906,-0.216797,0.988281,-0.000532632,-0.00106526,-0.00106526
1773773800408,0.0869141,-0.217285,0.987305,-0.000532632,-0.00106526,0
1773773800479,0.0883789,-0.217773,0.989258,-0.00106526,0,-0.000532632
1773773800560,0.0859375,-0.217773,0.98877,0,-0.00106526,0
1773773800640,0.0888672,-0.216797,0.98877,-0.00106526,-0.000532632,0.000532632
1773773800711,0.0859375,-0.218262,0.989746,-0.00106526,0,-0.000532632
1773773800791,0.0874023,-0.21875,0.987793,-0.000532632,-0.000532632,-0.00106526
1773773800872,0.0874023,-0.218262,0.987793,0,0,-0.00106526
1773773800942,0.0878906,-0.218262,0.989258,0.000532632,-0.000532632,0
1773773801023,0.0874023,-0.217773,0.988281,0,0.000532632,0.000532632
1773773801103,0.0883789,-0.217773,0.987793,0.000532632,0,0
1773773801174,0.0883789,-0.219238,0.990234,0.000532632,-0.0015979,0
1773773801255,0.0908203,-0.217773,0.988281,0,-0.00106526,-0.000532632
1773773801335,0.0883789,-0.218262,0.987305,-0.00106526,-0.00106526,-0.000532632
1773773801405,0.0869141,-0.216797,0.98877,0.000532632,-0.00106526,-0.00106526
1773773801486,0.0878906,-0.216797,0.986328,-0.000532632,-0.00106526,0.000532632
1773773801556,0.0874023,-0.217773,0.98877,0.000532632,0,-0.000532632
1773773801637,0.0883789,-0.218262,0.988281,0,-0.000532632,0
1773773801717,0.0864258,-0.217773,0.98877,0.000532632,-0.000532632,-0.0015979
1773773801788,0.0874023,-0.216797,0.990234,0.000532632,0,0
1773773801868,0.0878906,-0.218262,0.989258,-0.000532632,-0.00106526,-0.000532632
1773773801949,0.0888672,-0.216309,0.98877,0,-0.000532632,-0.00106526
1773773802019,0.0883789,-0.218262,0.98877,-0.000532632,-0.000532632,0.000532632
1773773802100,0.0869141,-0.217285,0.98877,0.000532632,-0.000532632,0.00106526
1773773802181,0.0874023,-0.21582,0.98877,0.000532632,0,0.000532632
1773773802251,0.0869141,-0.21875,0.98877,0,0,0
1773773802332,0.0883789,-0.21875,0.98877,0.000532632,0,0
1773773802412,0.0883789,-0.217285,0.990234,0,0,0.000532632
1773773802483,0.0864258,-0.216309,0.98877,-0.000532632,-0.0015979,-0.000532632
1773773802563,0.0878906,-0.217773,0.989258,-0.000532632,-0.000532632,0.000532632
1773773802644,0.0898438,-0.217285,0.987793,-0.000532632,-0.000532632,0
1773773802714,0.0878906,-0.215332,0.987793,-0.000532632,0.000532632,0
1773773802795,0.0898438,-0.217773,0.989258,0,-0.00106526,-0.000532632
1773773802865,0.0888672,-0.21875,0.987793,0.000532632,0.000532632,0
1773773802946,0.0878906,-0.216309,0.989746,0.000532632,-0.000532632,0
1773773803026,0.0874023,-0.217285,0.987793,0,-0.000532632,0.000532632
1773773803097,0.0874023,-0.217773,0.989258,0,-0.0015979,0
1773773803177,0.0878906,-0.218262,0.987793,-0.00106526,-0.00106526,-0.00106526
1773773803258,0.0883789,-0.218262,0.98877,-0.00106526,-0.000532632,-0.00106526
1773773803328,0.0883789,-0.217285,0.988281,0,-0.0015979,0
1773773803409,0.0878906,-0.216309,0.987793,-0.000532632,-0.00106526,0
1773773803490,0.0878906,-0.21875,0.986816,0.000532632,-0.000532632,-0.000532632
1773773803560,0.0864258,-0.217773,0.990723,0,-0.000532632,0.000532632
1773773803641,0.0869141,-0.218262,0.988281,0.000532632,-0.000532632,0
1773773803712,0.0874023,-0.218262,0.987793,-0.000532632,-0.000532632,0
1773773803792,0.0859375,-0.217285,0.98877,0,0,0.000532632
1773773803873,0.0874023,-0.216309,0.986816,0.000532632,-0.000532632,-0.000532632
1773773803953,0.0883789,-0.217773,0.98584,0.00106526,0,0
1773773804023,0.0878906,-0.217285,0.987305,0,0,-0.000532632
1773773804104,0.0874023,-0.216309,0.987793,0.000532632,0,0.000532632
1773773804174,0.0888672,-0.216797,0.986816,-0.000532632,-0.000532632,0.000532632
1773773804255,0.0874023,-0.218262,0.989258,-0.000532632,0,-0.000532632
1773773804335,0.0883789,-0.217285,0.989746,0.000532632,-0.000532632,-0.000532632
1773773804406,0.0883789,-0.216797,0.989746,0,-0.000532632,-0.000532632
1773773804486,0.0864258,-0.216797,0.990234,0.000532632,0,0
1773773804567,0.0883789,-0.216797,0.98877,0.000532632,0,0
1773773804637,0.0883789,-0.217285,0.988281,0,0,-0.000532632
1773773804718,0.0883789,-0.21875,0.988281,0.000532632,0.000532632,0.000532632
1773773804798,0.0874023,-0.217285,0.98877,0,-0.000532632,0
1773773804869,0.0864258,-0.219238,0.98877,0.000532632,-0.0015979,0
1773773804949,0.0869141,-0.219238,0.986328,0.000532632,-0.000532632,0.000532632
1773773805030,0.0869141,-0.218262,0.987793,0.000532632,0,0.000532632
1773773805100,0.0888672,-0.217773,0.990234,0,-0.000532632,0
1773773805181,0.0869141,-0.216797,0.990234,-0.000532632,-0.00106526,0
1773773805252,0.0878906,-0.21875,0.988281,0,0,0.00106526
1773773805332,0.0869141,-0.218262,0.988281,0,-0.000532632,0.00106526
1773773805413,0.0893555,-0.219727,0.988281,0,-0.00106526,0.00106526
1773773805483,0.0878906,-0.215332,0.988281,0.00106526,0,-0.000532632
1773773805564,0.0898438,-0.218262,0.991211,0,-0.00106526,-0.00106526
1773773805644,0.0864258,-0.217285,0.98877,-0.000532632,-0.000532632,0
1773773805715,0.0888672,-0.218262,0.988281,-0.000532632,-0.000532632,-0.00106526
1773773805796,0.0893555,-0.217285,0.98877,0.00106526,0,0
1773773805876,0.0864258,-0.216797,0.989258,-0.000532632,0.000532632,0
1773773805946,0.0878906,-0.217773,0.989258,-0.00106526,-0.000532632,-0.000532632
1773773806027,0.0898438,-0.220215,0.989258,0,-0.000532632,-0.000532632
1773773806108,0.0859375,-0.218262,0.990234,-0.000532632,-0.000532632,-0.00106526
1773773806178,0.0883789,-0.215332,0.989258,0,0,-0.00106526
1773773806259,0.0874023,-0.219238,0.98877,0.00106526,0.000532632,0
1773773806339,0.0869141,-0.216797,0.987305,0,-0.00106526,0
1773773806410,0.0869141,-0.217285,0.990234,0,-0.000532632,-0.00106526
1773773806490,0.0883789,-0.219238,0.987305,0,0,0.000532632
1773773806561,0.0874023,-0.216309,0.987793,-0.00106526,-0.00106526,0.000532632
1773773806641,0.0878906,-0.21582,0.989258,0,0,0
1773773806722,0.0874023,-0.216309,0.987793,-0.00106526,-0.000532632,0
1773773806792,0.0864258,-0.21875,0.98877,0,-0.0015979,0
1773773806873,0.0878906,-0.217285,0.987793,0,0,-0.000532632
1773773806953,0.0878906,-0.21875,0.98877,0,-0.000532632,0.000532632
1773773807024,0.0869141,-0.218262,0.990723,0.000532632,-0.000532632,0
1773773807104,0.0883789,-0.217285,0.988281,-0.000532632,0.00106526,-0.000532632
1773773807185,0.0883789,-0.216797,0.98877,0,0,0
1773773807255,0.0874023,-0.217773,0.987793,0.000532632,0,0.000532632
1773773807336,0.0883789,-0.21582,0.988281,0.000532632,0,0.000532632
1773773807416,0.0878906,-0.218262,0.989258,-0.000532632,0,-0.000532632
1773773807487,0.0883789,-0.219238,0.989746,-0.000532632,0,0.00106526
1773773807568,0.0878906,-0.218262,0.990723,0.000532632,-0.000532632,0
1773773807648,0.0878906,-0.217285,0.988281,0,-0.000532632,-0.000532632
1773773807719,0.0878906,-0.216309,0.988281,-0.000532632,-0.000532632,-0.0015979
1773773807799,0.0893555,-0.216309,0.988281,0.000532632,-0.00106526,0.000532632
1773773807870,0.0883789,-0.216797,0.990234,0,-0.000532632,0
1773773807951,0.090332,-0.217773,0.986328,0,-0.000532632,0
1773773808031,0.0878906,-0.217285,0.990234,0.000532632,-0.000532632,0
1773773808102,0.0888672,-0.216797,0.986816,-0.000532632,-0.000532632,-0.000532632
1773773808182,0.0888672,-0.217285,0.988281,0.00106526,0,-0.000532632
1773773808263,0.0888672,-0.21582,0.990234,0,0,-0.000532632
1773773808333,0.0893555,-0.216797,0.987793,0,-0.00106526,-0.000532632
1773773808414,0.0883789,-0.21582,0.989258,-0.000532632,-0.000532632,0.000532632
1773773808494,0.0888672,-0.216309,0.989258,-0.000532632,-0.000532632,0
1773773808565,0.0874023,-0.217773,0.986816,-0.000532632,0,0
1773773808645,0.0878906,-0.217773,0.987305,-0.000532632,-0.00106526,0.000532632
1773773808726,0.0888672,-0.216797,0.987793,-0.000532632,-0.00106526,0.00106526
1773773808796,0.0874023,-0.21582,0.98877,-0.000532632,0,0
1773773808877,0.0888672,-0.218262,0.98877,0,-0.000532632,0
1773773808948,0.0888672,-0.216797,0.987305,0,-0.00106526,0
1773773809028,0.0883789,-0.216797,0.988281,-0.00106526,0,-0.000532632
1773773809109,0.0888672,-0.216797,0.988281,0.00106526,-0.000532632,-0.00106526
1773773809179,0.0864258,-0.217285,0.990723,0.000532632,-0.000532632,-0.000532632
1773773809260,0.0888672,-0.217285,0.988281,0,-0.00106526,0
1773773809341,0.0874023,-0.219238,0.989258,0.000532632,-0.00106526,0
1773773809412,0.0874023,-0.216309,0.987793,0.000532632,-0.000532632,-0.000532632
1773773809492,0.0869141,-0.217773,0.989258,-0.000532632,-0.00106526,0
1773773809572,0.0883789,-0.21875,0.988281,0,-0.00106526,0.000532632
1773773809643,0.0869141,-0.216797,0.987793,0.000532632,0,0.00106526
1773773809723,0.0908203,-0.216309,0.990723,-0.000532632,-0.000532632,0.000532632
1773773809794,0.0883789,-0.217773,0.987305,0,-0.000532632,-0.000532632
1773773809874,0.0874023,-0.216797,0.987793,-0.00106526,-0.000532632,0
1773773809955,0.0883789,-0.219727,0.985352,0,-0.00106526,-0.000532632
1773773810025,0.0888672,-0.21875,0.991699,0.000532632,-0.00106526,0
1773773810106,0.0878906,-0.21875,0.987305,-0.000532632,-0.0015979,0
1773773810187,0.0869141,-0.21875,0.990723,0,0,-0.000532632
1773773810257,0.0878906,-0.216309,0.989746,0.000532632,-0.000532632,0.000532632
1773773810338,0.0869141,-0.217285,0.987793,0.000532632,-0.000532632,0.000532632
1773773810418,0.0874023,-0.21875,0.989746,0.000532632,-0.00106526,0
1773773810489,0.0893555,-0.217773,0.987305,-0.000532632,-0.00106526,0.000532632
1773773810570,0.0878906,-0.216797,0.990234,0,0,-0.000532632
1773773810650,0.0883789,-0.217773,0.987793,0.000532632,-0.000532632,0
1773773810721,0.0874023,-0.216797,0.988281,0,0.000532632,0.000532632
1773773810801,0.0888672,-0.216797,0.988281,0,0,0
1773773810882,0.0864258,-0.219238,0.98877,0,0,0.000532632
1773773810952,0.0874023,-0.21875,0.989258,0.000532632,-0.000532632,0.000532632
1773773811033,0.0883789,-0.216309,0.987793,0,0,0.000532632
1773773811113,0.0883789,-0.217773,0.990234,-0.000532632,-0.000532632,0
1773773811184,0.0883789,-0.217285,0.988281,-0.00106526,-0.00106526,0
1773773811264,0.0883789,-0.218262,0.987305,0,0,-0.00106526
1773773811335,0.0869141,-0.217285,0.987793,0,-0.000532632,-0.000532632
1773773811417,0.0883789,-0.217773,0.987793,0,0.00106526,0
1773773811496,0.0874023,-0.217773,0.990234,0.000532632,0,0
1773773811566,0.0864258,-0.219727,0.987793,-0.000532632,0,-0.000532632
1773773811647,0.0859375,-0.218262,0.989258,0,0,0
1773773811727,0.0883789,-0.218262,0.989258,0.000532632,0.000532632,0
1773773811798,0.0859375,-0.21875,0.988281,-0.000532632,0,0
1773773811878,0.0859375,-0.217285,0.987793,-0.000532632,0.00106526,-0.00106526
1773773811959,0.0864258,-0.21875,0.986816,0.000532632,0.000532632,0.000532632
1773773812029,0.0888672,-0.21582,0.989746,-0.000532632,-0.000532632,0
1773773812110,0.0869141,-0.21875,0.987305,0.000532632,0,0
1773773812191,0.0878906,-0.21875,0.989746,-0.000532632,-0.0015979,0
1773773812261,0.0893555,-0.217285,0.98877,0.000532632,0,-0.000532632
1773773812342,0.0874023,-0.216309,0.988281,-0.00106526,-0.000532632,0
1773773812422,0.0898438,-0.219727,0.98877,-0.00106526,-0.000532632,-0.000532632
1773773812493,0.0888672,-0.21875,0.988281,-0.000532632,0,0
1773773812573,0.0869141,-0.217285,0.98877,0,0,0.00106526
1773773812644,0.0869141,-0.217773,0.98877,-0.000532632,0,0
1773773812724,0.0874023,-0.217285,0.987793,0.000532632,-0.0015979,0
1773773812805,0.0883789,-0.219238,0.986816,0,-0.00106526,0
1773773812875,0.0859375,-0.218262,0.98877,-0.000532632,-0.000532632,0
1773773812956,0.0864258,-0.216797,0.988281,0.000532632,0,0
1773773813036,0.0869141,-0.21582,0.98877,0,-0.000532632,0.00106526
1773773813107,0.0869141,-0.21875,0.987305,-0.00106526,0,-0.000532632
1773773813187,0.0869141,-0.217773,0.987793,0.000532632,-0.00106526,0.000532632
1773773813268,0.0908203,-0.217285,0.989746,0.000532632,0,0.000532632
1773773813338,0.0883789,-0.218262,0.98877,0.000532632,-0.00106526,0.00106526
1773773813419,0.0888672,-0.216797,0.98877,0.00106526,-0.000532632,-0.000532632
1773773813500,0.0874023,-0.217285,0.98877,0,-0.000532632,0.000532632
1773773813570,0.090332,-0.218262,0.987305,0.00106526,-0.000532632,0.000532632
1773773813651,0.0883789,-0.217285,0.98877,0,-0.000532632,0
1773773813731,0.0859375,-0.219727,0.986816,0.000532632,0.000532632,0
1773773813802,0.0864258,-0.217285,0.988281,0.00106526,-0.00106526,-0.000532632
1773773813882,0.0898438,-0.217285,0.988281,-0.0015979,0,0
1773773813953,0.090332,-0.217285,0.987305,0.000532632,-0.00106526,0.00106526
1773773814033,0.0869141,-0.214844,0.989746,0,-0.00106526,0
1773773814114,0.0878906,-0.217285,0.987793,-0.000532632,-0.00106526,0.000532632
1773773814184,0.0883789,-0.217285,0.989258,-0.000532632,-0.000532632,-0.000532632
1773773814265,0.0854492,-0.217773,0.987793,0.000532632,0,0.00106526
1773773814345,0.0878906,-0.218262,0.98877,0,-0.000532632,0
1773773814416,0.0883789,-0.217773,0.98877,-0.00106526,-0.00106526,0.00106526
1773773814496,0.0888672,-0.216797,0.989746,-0.000532632,-0.00106526,0
1773773814577,0.0849609,-0.217773,0.988281,0,-0.00106526,-0.000532632
1773773814647,0.0883789,-0.218262,0.988281,0,-0.000532632,0
1773773814728,0.0864258,-0.216309,0.98877,0,-0.000532632,-0.000532632
1773773814809,0.0893555,-0.218262,0.989258,0,0.000532632,0.000532632
1773773814879,0.0898438,-0.217773,0.989258,-0.000532632,-0.00106526,0.000532632
1773773814960,0.0878906,-0.217285,0.989258,-0.000532632,-0.000532632,0.00106526
1773773815030,0.0874023,-0.217773,0.989258,0,0,0.000532632
1773773815112,0.0893555,-0.214844,0.988281,0.000532632,-0.00106526,-0.000532632
1773773815191,0.0878906,-0.21875,0.98877,-0.000532632,-0.00106526,-0.00106526
1773773815262,0.0878906,-0.218262,0.989258,0,-0.000532632,-0.000532632
1773773815343,0.0893555,-0.214844,0.990234,0,-0.000532632,0.000532632
1773773815423,0.0898438,-0.216309,0.989258,0,-0.000532632,-0.000532632
1773773815493,0.0898438,-0.217285,0.989258,0.000532632,-0.000532632,-0.000532632
1773773815574,0.0883789,-0.21875,0.988281,-0.00106526,-0.00213053,0
1773773815654,0.0874023,-0.217285,0.98877,0.000532632,-0.000532632,0.000532632
1773773815725,0.0883789,-0.218262,0.987305,-0.000532632,-0.00106526,-0.00106526
1773773815805,0.0893555,-0.217285,0.989746,0,-0.000532632,0
1773773815886,0.0883789,-0.217285,0.987305,0.00106526,-0.000532632,0.000532632
1773773815956,0.0849609,-0.216309,0.987793,-0.000532632,0,0.000532632
1773773816037,0.0864258,-0.217773,0.989746,-0.000532632,-0.00106526,0.000532632
1773773816117,0.0864258,-0.216797,0.98877,-0.000532632,-0.000532632,0
1773773816188,0.0874023,-0.218262,0.98877,-0.000532632,-0.000532632,-0.00106526
1773773816269,0.0878906,-0.217773,0.987305,-0.000532632,-0.00106526,0.000532632
1773773816339,0.0878906,-0.217285,0.987793,-0.000532632,-0.000532632,-0.000532632
1773773816420,0.0908203,-0.217773,0.989258,-0.000532632,-0.000532632,0
1773773816500,0.0888672,-0.217773,0.988281,-0.000532632,0,-0.00106526
1773773816571,0.0869141,-0.217773,0.987793,0,-0.00106526,0
1773773816651,0.0888672,-0.217285,0.989258,-0.000532632,-0.00106526,-0.00106526
1773773816732,0.0883789,-0.217285,0.98877,0,-0.00106526,-0.000532632
1773773816804,0.0874023,-0.216797,0.989746,0,0,0
1773773816883,0.0893555,-0.216309,0.989746,0,0,-0.00106526
1773773816963,0.0883789,-0.21875,0.987793,0,-0.000532632,0.000532632
1773773817034,0.0859375,-0.216797,0.989746,0.000532632,-0.00106526,0
1773773817114,0.0878906,-0.21582,0.990234,0,-0.000532632,-0.000532632
1773773817195,0.0849609,-0.220215,0.987793,-0.000532632,0.000532632,-0.000532632
1773773817265,0.0869141,-0.219727,0.98877,0,0,0.000532632
1773773817346,0.0874023,-0.217285,0.98877,0.000532632,0.000532632,0.000532632
1773773817426,0.0883789,-0.21875,0.988281,0,-0.000532632,0.000532632
1773773817497,0.0854492,-0.218262,0.988281,0.000532632,-0.00106526,0.000532632
1773773817577,0.0883789,-0.216309,0.990234,0,0,-0.00106526
1773773817648,0.0874023,-0.218262,0.98877,-0.00106526,0,0
1773773817728,0.0898438,-0.216797,0.989258,0.000532632,-0.000532632,0.000532632
1773773817809,0.0869141,-0.217285,0.989746,0.000532632,-0.000532632,-0.00106526
1773773817880,0.0878906,-0.217773,0.986328,0,0,0.000532632
1773773817960,0.0878906,-0.217285,0.989258,-0.000532632,-0.000532632,0.0015979
1773773818040,0.0874023,-0.217285,0.990723,-0.00106526,-0.000532632,0
1773773818111,0.0864258,-0.217773,0.988281,0.000532632,0.000532632,0
1773773818191,0.0874023,-0.217773,0.987793,0,-0.00213053,0.000532632
1773773818272,0.0888672,-0.217285,0.98877,-0.000532632,-0.00106526,0
1773773818343,0.0869141,-0.218262,0.98877,0.000532632,-0.00106526,0
1773773818423,0.0883789,-0.216797,0.98877,0,0.000532632,-0.00106526
1773773818504,0.0883789,-0.217773,0.987305,-0.000532632,-0.00213053,0
1773773818574,0.0893555,-0.216797,0.987793,0,0,0
1773773818655,0.0878906,-0.216797,0.98877,0,0,-0.000532632
1773773818736,0.0869141,-0.217773,0.988281,-0.00106526,0,0
1773773818806,0.0864258,-0.21875,0.98877,0,-0.0015979,-0.000532632
1773773818887,0.0864258,-0.218262,0.987305,-0.000532632,0,-0.000532632
1773773818957,0.0854492,-0.216797,0.988281,-0.00106526,-0.000532632,0
1773773819038,0.0859375,-0.216309,0.987305,0,0,0
1773773819118,0.0874023,-0.217773,0.986328,0,-0.000532632,0
1773773819189,0.0874023,-0.217285,0.98877,0.000532632,-0.000532632,-0.0015979
1773773819269,0.0888672,-0.217285,0.987793,-0.000532632,-0.000532632,0
1773773819350,0.0869141,-0.216309,0.991211,0.000532632,-0.0015979,0
1773773819420,0.0878906,-0.217773,0.989258,0,0,-0.000532632
1773773819501,0.0874023,-0.216309,0.987793,-0.000532632,0,0.000532632
1773773819581,0.0883789,-0.216309,0.987793,0,-0.000532632,0.000532632
1773773819652,0.0869141,-0.219238,0.988281,0,-0.00106526,0
1773773819732,0.0869141,-0.220215,0.988281,-0.000532632,0.000532632,0
1773773819814,0.0878906,-0.217773,0.988281,-0.000532632,-0.000532632,0
1773773819883,0.0874023,-0.21875,0.987793,-0.000532632,0,0
1773773819964,0.0869141,-0.216309,0.987305,0.00106526,-0.000532632,0.000532632
1773773820044,0.0874023,-0.217773,0.990234,-0.00106526,0,0.00106526
1773773820115,0.0883789,-0.217773,0.989746,0,0,0.000532632
1773773820196,0.0898438,-0.216309,0.990234,0.000532632,-0.0015979,-0.00106526
1773773820266,0.0878906,-0.217773,0.987793,0,-0.0015979,-0.000532632
1773773820347,0.0874023,-0.216797,0.986816,0.000532632,0,0
1773773820427,0.0864258,-0.218262,0.987305,0.000532632,-0.00213053,0
1773773820498,0.0893555,-0.21875,0.989258,-0.00106526,-0.000532632,0
1773773820578,0.0874023,-0.217773,0.988281,-0.00106526,-0.00106526,0.000532632
1773773820659,0.0869141,-0.219727,0.988281,0,0,-0.00106526
1773773820729,0.0888672,-0.218262,0.988281,0,-0.00106526,-0.000532632
1773773820810,0.0869141,-0.218262,0.987305,-0.000532632,-0.000532632,-0.000532632
1773773820890,0.0878906,-0.217773,0.98877,0.000532632,-0.00106526,-0.000532632
1773773820961,0.0883789,-0.217773,0.989258,0.000532632,0,0
1773773821041,0.0874023,-0.218262,0.988281,0,-0.00106526,0.000532632
1773773821122,0.0859375,-0.217773,0.991211,-0.000532632,-0.00106526,0
1773773821192,0.0869141,-0.218262,0.988281,-0.00106526,0,0
1773773821273,0.0869141,-0.217773,0.989746,-0.000532632,-0.000532632,0
1773773821354,0.0888672,-0.217285,0.98877,0.000532632,-0.000532632,-0.00106526
1773773821424,0.0883789,-0.216309,0.987793,-0.00106526,-0.000532632,0.00106526
1773773821505,0.0859375,-0.218262,0.98877,0.000532632,-0.000532632,0.00106526
1773773821575,0.0874023,-0.217285,0.987793,0.000532632,0,0
1773773821656,0.0898438,-0.218262,0.98877,0.000532632,-0.00106526,-0.000532632
1773773821736,0.0888672,-0.217285,0.98877,0.00106526,-0.00106526,0
1773773821807,0.0874023,-0.217285,0.98877,0,0,-0.000532632
1773773821887,0.0859375,-0.217285,0.988281,0,-0.00106526,0
1773773821968,0.0883789,-0.217773,0.987305,-0.00106526,-0.000532632,0
1773773822038,0.0883789,-0.218262,0.989258,0,-0.00106526,0
1773773822119,0.0883789,-0.217773,0.987793,0,0,0
1773773822199,0.0883789,-0.217285,0.98877,0,-0.000532632,-0.000532632
1773773822270,0.0874023,-0.217773,0.986328,-0.00106526,0,0
1773773822351,0.0869141,-0.216797,0.987305,0,-0.000532632,0
1773773822432,0.0859375,-0.216309,0.988281,-0.00106526,-0.000532632,0
1773773822502,0.0888672,-0.216797,0.987793,0,0,-0.000532632
1773773822583,0.0898438,-0.217773,0.988281,0,0.00106526,0.000532632
1773773822653,0.0893555,-0.21875,0.990234,-0.000532632,-0.000532632,0.000532632
1773773822734,0.0869141,-0.216309,0.989258,-0.000532632,0,0
1773773822814,0.0878906,-0.21582,0.989746,0,-0.00106526,0.000532632
1773773822885,0.0874023,-0.217285,0.986328,-0.000532632,-0.00106526,-0.00106526
1773773822965,0.0874023,-0.218262,0.989746,0,-0.0015979,-0.000532632
1773773823046,0.0878906,-0.217285,0.98877,0,0.000532632,0
1773773823116,0.0883789,-0.216797,0.987793,-0.000532632,-0.000532632,0
1773773823197,0.0878906,-0.216797,0.986816,0.00106526,-0.00106526,0.000532632
1773773823277,0.0883789,-0.21875,0.987305,-0.000532632,-0.000532632,0
1773773823348,0.0888672,-0.21582,0.989258,0.000532632,-0.000532632,0.000532632
1773773823428,0.0898438,-0.218262,0.989258,0.000532632,-0.00106526,-0.00106526
1773773823509,0.0888672,-0.217285,0.989258,-0.000532632,-0.000532632,-0.00106526
1773773823579,0.0898438,-0.217773,0.989258,0,-0.000532632,-0.000532632
1773773823660,0.0874023,-0.217773,0.988281,0.000532632,-0.000532632,-0.000532632
1773773823730,0.0883789,-0.218262,0.988281,0,-0.000532632,0.000532632
1773773823812,0.0874023,-0.217773,0.990234,0.000532632,-0.00213053,0.00106526
1773773823892,0.0883789,-0.216797,0.987305,0.000532632,-0.000532632,-0.000532632
1773773823962,0.0874023,-0.219727,0.987305,0.000532632,-0.00106526,-0.000532632
1773773824042,0.0869141,-0.216797,0.989258,0.000532632,-0.000532632,0.000532632
1773773824123,0.0874023,-0.217285,0.988281,-0.000532632,0,0.000532632
1773773824194,0.0898438,-0.217773,0.98877,-0.000532632,0.00106526,0
1773773824274,0.0864258,-0.21582,0.98877,0.000532632,-0.000532632,-0.000532632
1773773824355,0.0859375,-0.217773,0.98584,-0.000532632,0,0.000532632
1773773824425,0.0893555,-0.217285,0.98877,0,-0.000532632,-0.000532632
1773773824506,0.0869141,-0.218262,0.98877,-0.000532632,-0.000532632,0.000532632
1773773824586,0.0888672,-0.216797,0.988281,0.000532632,-0.000532632,0
1773773824657,0.0878906,-0.218262,0.989258,0.000532632,0,-0.000532632
1773773824737,0.0883789,-0.216797,0.986328,-0.000532632,-0.00106526,-0.000532632
1773773824818,0.0864258,-0.218262,0.987305,0,-0.00106526,0
1773773824888,0.0859375,-0.216309,0.98877,0,0,0
1773773824969,0.0864258,-0.218262,0.98877,0,-0.000532632,-0.000532632
1773773825049,0.0874023,-0.217285,0.989258,0,0,-0.000532632
1773773825120,0.0874023,-0.217773,0.988281,0.000532632,0,0
1773773825201,0.0893555,-0.21875,0.989746,0.00106526,0,-0.00106526
1773773825271,0.0898438,-0.217773,0.988281,0.000532632,0,0.00106526
1773773825352,0.0874023,-0.218262,0.989746,0.000532632,-0.000532632,-0.00106526
1773773825432,0.0888672,-0.21875,0.990234,0.000532632,-0.00106526,0
1773773825503,0.0888672,-0.217285,0.987793,0.000532632,0,0.000532632
1773773825583,0.0883789,-0.220215,0.98877,0.00106526,0,0.0015979
1773773825664,0.0859375,-0.218262,0.988281,-0.000532632,0,-0.000532632
1773773825734,0.0874023,-0.217773,0.987305,0,0.000532632,0
1773773825815,0.0869141,-0.218262,0.98877,-0.00106526,-0.00106526,0
1773773825896,0.0878906,-0.218262,0.987305,0,0,-0.000532632
1773773825966,0.0898438,-0.217773,0.987793,-0.00106526,-0.000532632,0
1773773826047,0.0869141,-0.217773,0.987305,0,-0.0015979,-0.000532632
1773773826127,0.0878906,-0.21875,0.986816,-0.000532632,-0.000532632,-0.000532632
1773773826198,0.0878906,-0.218262,0.986328,0.000532632,0,0.00106526
1773773826278,0.0874023,-0.218262,0.988281,0,0.000532632,0
1773773826349,0.0869141,-0.21875,0.986328,0.000532632,-0.00106526,0.000532632
1773773826429,0.0893555,-0.217285,0.98877,0,-0.0015979,0
1773773826510,0.0864258,-0.217773,0.98877,-0.00106526,-0.0015979,0
1773773826580,0.0878906,-0.219238,0.988281,0.000532632,-0.000532632,0
1773773826661,0.0854492,-0.215332,0.98877,0,-0.00106526,0.000532632
1773773826742,0.0864258,-0.217773,0.98877,-0.00106526,-0.00106526,0
1773773826812,0.0869141,-0.218262,0.989258,0,-0.000532632,0
1773773826893,0.0869141,-0.218262,0.989258,-0.000532632,-0.00106526,0
1773773826973,0.0864258,-0.217285,0.987793,0,-0.00106526,0
1773773827044,0.0849609,-0.21875,0.989746,0,-0.00106526,0
1773773827124,0.0874023,-0.217773,0.989258,0,-0.00106526,0
1773773827205,0.0869141,-0.216797,0.988281,0,-0.000532632,0.000532632
1773773827275,0.0874023,-0.216797,0.988281,0,-0.000532632,-0.000532632
1773773827356,0.0878906,-0.217285,0.989746,-0.000532632,0.000532632,0.000532632
1773773827426,0.0874023,-0.217285,0.986816,-0.000532632,-0.00106526,-0.00106526
1773773827507,0.0844727,-0.216797,0.98877,0.00106526,-0.000532632,0.000532632
1773773827587,0.0864258,-0.217773,0.986328,0.000532632,-0.000532632,0.000532632
1773773827658,0.0864258,-0.216309,0.986816,0.000532632,0,-0.000532632
1773773827738,0.0878906,-0.217285,0.988281,0,0,-0.000532632
1773773827819,0.0878906,-0.219238,0.989746,0,-0.00106526,-0.000532632
1773773827890,0.0869141,-0.218262,0.988281,-0.00106526,-0.000532632,-0.00106526
1773773827970,0.0883789,-0.21875,0.987305,0.000532632,0,0
1773773828051,0.0859375,-0.218262,0.987793,0.000532632,0.000532632,0
1773773828121,0.0888672,-0.219238,0.987793,0,0.000532632,0.000532632
1773773828202,0.0883789,-0.217773,0.987793,0.000532632,0,-0.000532632
1773773828282,0.0888672,-0.219727,0.988281,0.000532632,0,-0.000532632
1773773828353,0.0878906,-0.217773,0.98877,-0.000532632,-0.000532632,0
1773773828434,0.0869141,-0.216309,0.98877,-0.000532632,-0.00213053,-0.000532632
1773773828514,0.0883789,-0.218262,0.987793,-0.00106526,0.000532632,0
1773773828585,0.0859375,-0.218262,0.98877,-0.00106526,-0.000532632,0
1773773828665,0.0893555,-0.216309,0.989258,0,0.000532632,-0.000532632
1773773828736,0.0883789,-0.216797,0.987305,-0.00106526,-0.000532632,0
1773773828816,0.0854492,-0.218262,0.988281,0,0.000532632,-0.000532632
1773773828897,0.0878906,-0.217285,0.98877,-0.000532632,0.000532632,-0.00106526
1773773828967,0.0869141,-0.216797,0.987793,0,-0.000532632,0.000532632
1773773829048,0.0888672,-0.21582,0.988281,-0.0015979,-0.00106526,0.000532632
1773773829128,0.0874023,-0.218262,0.987305,-0.0015979,-0.000532632,0.000532632
1773773829199,0.0874023,-0.216797,0.988281,-0.00106526,0,0.000532632
1773773829280,0.0878906,-0.218262,0.987305,0,-0.00106526,0
1773773829360,0.0893555,-0.216797,0.989258,-0.000532632,-0.0015979,0.000532632
1773773829431,0.0864258,-0.215332,0.989258,0.000532632,-0.00213053,0
1773773829512,0.0869141,-0.21582,0.987793,0.000532632,-0.000532632,0
1773773829592,0.0874023,-0.219238,0.98877,0,0,-0.000532632
1773773829662,0.0878906,-0.21582,0.988281,0,0,0.00106526
1773773829743,0.0908203,-0.21875,0.988281,-0.000532632,-0.000532632,-0.00106526
1773773829823,0.0864258,-0.216797,0.988281,0.000532632,-0.000532632,0.000532632
1773773829894,0.0869141,-0.217773,0.989258,0.000532632,-0.00106526,-0.000532632
1773773829974,0.0874023,-0.217285,0.987305,-0.000532632,-0.00106526,-0.00106526
1773773830045,0.0874023,-0.218262,0.989746,0,-0.000532632,0.000532632
1773773830125,0.0888672,-0.217773,0.987793,0,-0.00106526,-0.000532632
1773773830206,0.0878906,-0.216797,0.990723,-0.000532632,-0.000532632,0
1773773830276,0.0878906,-0.218262,0.98877,0,-0.00106526,-0.000532632
1773773830358,0.0874023,-0.216797,0.987305,0.00106526,-0.00106526,0
1773773830438,0.0878906,-0.21582,0.987793,0.000532632,-0.0015979,0
1773773830508,0.0874023,-0.217773,0.987793,0,-0.000532632,-0.0015979
1773773830589,0.0878906,-0.220703,0.988281,0,-0.00106526,0.000532632
1773773830669,0.0874023,-0.218262,0.987305,0,-0.000532632,0
1773773830740,0.0878906,-0.217773,0.989258,-0.000532632,-0.00106526,0
1773773830820,0.0874023,-0.216797,0.98877,-0.000532632,-0.000532632,0
1773773830901,0.0878906,-0.216309,0.98877,0,-0.0015979,0
1773773830971,0.0893555,-0.218262,0.989258,0,-0.00106526,-0.000532632
1773773831052,0.0883789,-0.217773,0.990234,0,0,0
1773773831132,0.0874023,-0.216309,0.98877,0,0,-0.000532632
1773773831203,0.0874023,-0.216797,0.989746,-0.00106526,-0.0015979,0
1773773831283,0.0898438,-0.217773,0.987305,0,-0.000532632,-0.000532632
1773773831354,0.0874023,-0.219238,0.987793,0.000532632,-0.000532632,0
1773773831434,0.0908203,-0.218262,0.987793,0,-0.00106526,-0.000532632
1773773831516,0.0878906,-0.218262,0.989746,-0.000532632,-0.00106526,0
1773773831586,0.0888672,-0.217285,0.987793,0.00106526,0,0.000532632
1773773831666,0.0878906,-0.218262,0.989258,0,-0.000532632,0
1773773831747,0.0874023,-0.218262,0.987793,0.00106526,-0.000532632,0
1773773831817,0.0893555,-0.217773,0.988281,0.000532632,-0.0015979,-0.00106526
1773773831899,0.0869141,-0.218262,0.989746,-0.000532632,0,-0.00106526
1773773831978,0.0874023,-0.218262,0.98877,0,-0.000532632,-0.000532632
1773773832049,0.0878906,-0.217285,0.987305,-0.000532632,-0.000532632,0.000532632
1773773832129,0.0869141,-0.21875,0.987793,0,0,-0.0015979
1773773832210,0.0864258,-0.216797,0.988281,0,-0.000532632,0
1773773832280,0.0864258,-0.219238,0.989258,0,-0.000532632,-0.000532632
1773773832361,0.0874023,-0.217285,0.98877,0,0,-0.0015979
1773773832441,0.0888672,-0.217285,0.98877,0.000532632,-0.000532632,0
1773773832512,0.0888672,-0.219727,0.989746,-0.000532632,0,0
1773773832592,0.0893555,-0.218262,0.990723,0,-0.000532632,0
1773773832663,0.0864258,-0.21875,0.986816,-0.000532632,0,-0.00106526
1773773832747,0.0874023,-0.217773,0.987305,-0.000532632,-0.000532632,-0.000532632
1773773832824,0.0878906,-0.217773,0.98877,0,-0.00106526,0
1773773832895,0.0888672,-0.218262,0.987793,-0.00106526,-0.000532632,-0.000532632
1773773832975,0.0883789,-0.217773,0.989746,0.000532632,-0.00106526,0.000532632
1773773833056,0.0893555,-0.218262,0.987793,0,-0.00106526,0
1773773833126,0.0878906,-0.21582,0.990234,-0.00106526,0,-0.000532632
1773773833207,0.0874023,-0.216797,0.986816,-0.0015979,-0.000532632,-0.00106526
1773773833287,0.0883789,-0.217285,0.986328,-0.00106526,-0.000532632,0
1773773833358,0.0888672,-0.219727,0.987793,0,0,-0.000532632
1773773833439,0.0878906,-0.217285,0.989746,0.000532632,-0.000532632,-0.000532632
1773773833519,0.0864258,-0.216797,0.986816,0,-0.00106526,0.00106526
1773773833590,0.0878906,-0.21582,0.989746,-0.000532632,-0.00106526,0.000532632
1773773833670,0.0888672,-0.217285,0.989746,0.000532632,-0.000532632,-0.000532632
1773773833741,0.0883789,-0.21875,0.987793,0,0,0
1773773833821,0.0874023,-0.217773,0.990234,-0.00106526,-0.000532632,0
1773773833902,0.0854492,-0.218262,0.989258,0,-0.0015979,0
1773773833973,0.0888672,-0.21875,0.986816,-0.000532632,0.000532632,0
1773773834053,0.0864258,-0.21875,0.990234,-0.00106526,0,0.000532632
1773773834134,0.0849609,-0.218262,0.98877,-0.000532632,0,0.000532632
1773773834204,0.0878906,-0.219727,0.98877,-0.000532632,-0.00106526,-0.00106526
1773773834285,0.0888672,-0.218262,0.988281,-0.000532632,0.000532632,0.000532632
1773773834366,0.0883789,-0.217773,0.986328,0.000532632,-0.000532632,-0.000532632
1773773834437,0.0874023,-0.218262,0.989258,0.000532632,-0.00106526,-0.000532632
1773773834517,0.0869141,-0.21582,0.987793,-0.000532632,-0.000532632,0.000532632
1773773834588,0.0883789,-0.217285,0.98877,0.000532632,-0.000532632,0
1773773834669,0.0888672,-0.217773,0.989746,0.000532632,-0.000532632,0.000532632
1773773834749,0.0878906,-0.217773,0.98877,0.000532632,-0.000532632,-0.000532632
1773773834819,0.0878906,-0.216309,0.988281,0,-0.00213053,0
1773773834900,0.0874023,-0.219238,0.987305,0,-0.0015979,0
1773773834981,0.0883789,-0.216797,0.987305,-0.00106526,-0.000532632,0.000532632
1773773835051,0.0898438,-0.216797,0.987793,-0.000532632,0,0.000532632
1773773835132,0.0878906,-0.21875,0.989746,0,0,-0.00106526
1773773835213,0.0893555,-0.220215,0.989258,-0.00106526,-0.00106526,0
1773773835283,0.0883789,-0.217773,0.987793,-0.000532632,0,-0.00106526
1773773835363,0.0883789,-0.216797,0.98877,0.000532632,-0.00106526,0
1773773835444,0.0859375,-0.217285,0.986816,0,-0.000532632,-0.00106526
1773773835514,0.0864258,-0.21875,0.98877,-0.000532632,-0.00106526,0.00106526
1773773835595,0.0888672,-0.216797,0.989258,0.000532632,-0.00106526,-0.000532632
1773773835675,0.0878906,-0.218262,0.986816,-0.00106526,-0.000532632,0.000532632
1773773835746,0.0893555,-0.217773,0.98877,0,-0.00106526,0.000532632
1773773835826,0.0893555,-0.21582,0.991211,-0.00106526,-0.00106526,0.000532632
1773773835907,0.0888672,-0.216797,0.987793,0.000532632,0,-0.00106526
1773773835977,0.0898438,-0.218262,0.98877,0.00106526,-0.00213053,0.000532632
1773773836058,0.0854492,-0.218262,0.98877,0,-0.00106526,0
1773773836128,0.0854492,-0.217773,0.98877,0,-0.000532632,0
1773773836209,0.0864258,-0.21875,0.986816,0,0,0
1773773836289,0.0869141,-0.217773,0.987305,0.00106526,-0.00106526,-0.000532632
1773773836360,0.0869141,-0.219238,0.98877,-0.00106526,0,-0.000532632
1773773836440,0.0874023,-0.217285,0.987793,0,-0.000532632,0
1773773836521,0.0888672,-0.217773,0.989258,0,0,0
1773773836591,0.0893555,-0.216797,0.987793,0.000532632,-0.000532632,0
1773773836672,0.0869141,-0.217285,0.988281,-0.000532632,0,0.000532632
1773773836753,0.0883789,-0.217285,0.98877,0.000532632,-0.00106526,-0.000532632
1773773836825,0.090332,-0.217285,0.990234,-0.000532632,-0.00106526,0.000532632
1773773836905,0.0883789,-0.217285,0.988281,-0.00106526,-0.00106526,-0.000532632
1773773836984,0.0878906,-0.218262,0.989258,0,0,0
1773773837055,0.0869141,-0.217285,0.987305,-0.00106526,0.000532632,0
1773773837135,0.0883789,-0.21875,0.989746,0,-0.0015979,0.00106526
1773773837206,0.0874023,-0.218262,0.987793,-0.00106526,-0.000532632,0.000532632
1773773837286,0.0869141,-0.217773,0.98584,-0.000532632,-0.000532632,0.000532632
1773773837367,0.0849609,-0.21875,0.987793,-0.00106526,0,0.000532632
1773773837438,0.0869141,-0.216797,0.989258,0.000532632,-0.000532632,0
1773773837518,0.0864258,-0.218262,0.990234,0,-0.00106526,-0.00106526
1773773837598,0.0883789,-0.217285,0.988281,0.0015979,-0.00106526,0
1773773837669,0.0883789,-0.217285,0.986816,0,0.000532632,0
1773773837749,0.0869141,-0.216797,0.989746,0,0,0
1773773837830,0.0878906,-0.217773,0.98877,-0.000532632,-0.000532632,-0.00106526
1773773837900,0.0864258,-0.218262,0.987305,-0.000532632,-0.000532632,0.00106526
1773773837981,0.0874023,-0.21875,0.98877,-0.000532632,-0.00106526,0
1773773838062,0.0878906,-0.216797,0.987305,0.000532632,0,0
1773773838132,0.0878906,-0.217285,0.988281,0,0,0.000532632
1773773838212,0.0878906,-0.216797,0.989258,0,-0.00106526,0
1773773838293,0.0869141,-0.216797,0.988281,-0.000532632,0,0
1773773838364,0.0883789,-0.218262,0.986816,0.000532632,-0.00106526,-0.00106526
1773773838444,0.0874023,-0.217285,0.986816,0,-0.00106526,-0.000532632
1773773838525,0.0869141,-0.216309,0.989746,-0.000532632,0,0
1773773838595,0.0869141,-0.217773,0.987305,-0.000532632,-0.00106526,0.000532632
1773773838676,0.0878906,-0.21875,0.988281,-0.000532632,-0.000532632,0
1773773838747,0.0869141,-0.216797,0.987305,-0.00106526,0,0
1773773838827,0.0854492,-0.218262,0.98584,-0.00106526,0,0
1773773838907,0.0874023,-0.217285,0.987305,0,0.000532632,0
1773773838978,0.0893555,-0.217773,0.987305,0.000532632,-0.000532632,-0.000532632
1773773839058,0.0878906,-0.217773,0.987305,0.000532632,-0.00106526,0.000532632
1773773839139,0.0869141,-0.216797,0.98877,-0.000532632,-0.000532632,-0.000532632
1773773839209,0.0874023,-0.217285,0.988281,0,0.000532632,-0.00106526
1773773839290,0.0878906,-0.217285,0.988281,-0.000532632,-0.000532632,0
1773773839371,0.0888672,-0.217285,0.989746,0.000532632,-0.000532632,0
1773773839441,0.0864258,-0.216309,0.98877,-0.00106526,-0.00106526,0
1773773839522,0.0883789,-0.21582,0.988281,0,-0.000532632,-0.000532632
1773773839602,0.0874023,-0.218262,0.98877,0.000532632,-0.000532632,0.00106526
1773773839673,0.0864258,-0.217285,0.986816,0.000532632,-0.000532632,-0.00106526
1773773839753,0.0854492,-0.21875,0.986816,-0.000532632,-0.00106526,0
1773773839834,0.0869141,-0.21875,0.988281,-0.000532632,-0.000532632,0
1773773839904,0.0883789,-0.218262,0.98877,-0.00106526,-0.00106526,0.00106526
1773773839985,0.0883789,-0.217285,0.986816,-0.000532632,-0.00213053,0.000532632
1773773840055,0.0864258,-0.218262,0.988281,-0.000532632,0,0
1773773840136,0.0859375,-0.217285,0.988281,-0.00106526,-0.00106526,0.000532632
1773773840216,0.0878906,-0.217285,0.988281,0.00106526,0,0
1773773840287,0.0878906,-0.217773,0.989258,0,-0.000532632,0
1773773840367,0.0878906,-0.217773,0.989746,-0.000532632,0.000532632,0.000532632
1773773840448,0.0893555,-0.21582,0.987305,0,-0.0015979,0
1773773840518,0.0874023,-0.217773,0.987305,0,-0.0015979,-0.00106526
1773773840599,0.0888672,-0.216797,0.988281,0,-0.000532632,0
1773773840680,0.0869141,-0.219238,0.989258,-0.00106526,0,-0.00106526
1773773840750,0.0869141,-0.218262,0.990234,0.000532632,-0.00106526,0.000532632
1773773840831,0.0864258,-0.218262,0.987305,0.000532632,0,-0.000532632
1773773840911,0.0883789,-0.217285,0.990234,0,0,0.00106526
1773773840982,0.0883789,-0.21875,0.989258,0,-0.000532632,0.000532632
1773773841062,0.0859375,-0.215332,0.988281,0,-0.000532632,0
1773773841143,0.0864258,-0.21875,0.988281,0.000532632,-0.000532632,0
1773773841213,0.0878906,-0.219727,0.986816,0,-0.000532632,0
1773773841294,0.0878906,-0.217285,0.988281,-0.000532632,-0.0015979,0.000532632
1773773841364,0.0874023,-0.219238,0.987793,0,-0.000532632,0
1773773841445,0.0883789,-0.217285,0.98877,0.000532632,-0.000532632,-0.00106526
1773773841525,0.0874023,-0.217773,0.987305,-0.000532632,-0.000532632,-0.000532632
1773773841596,0.0888672,-0.216797,0.986328,-0.000532632,-0.000532632,-0.00106526
1773773841676,0.0859375,-0.217285,0.988281,0.000532632,0,0.000532632
1773773841757,0.0869141,-0.216797,0.98877,0,-0.000532632,0.000532632
1773773841827,0.0878906,-0.217285,0.98877,-0.000532632,-0.000532632,0.000532632
1773773841908,0.0869141,-0.217773,0.987793,-0.00106526,0,0
1773773841989,0.0883789,-0.216309,0.986328,-0.00106526,-0.000532632,0.000532632
1773773842059,0.0878906,-0.217773,0.987793,0,-0.000532632,0
1773773842140,0.0869141,-0.216797,0.987793,0.000532632,-0.00106526,-0.000532632
1773773842220,0.0878906,-0.216309,0.988281,-0.000532632,-0.000532632,0.00106526
1773773842291,0.0859375,-0.21582,0.989258,0.000532632,-0.000532632,0
1773773842371,0.0874023,-0.218262,0.987793,-0.00106526,-0.000532632,0.000532632
1773773842452,0.0874023,-0.219727,0.988281,0,-0.00106526,-0.000532632
1773773842522,0.0874023,-0.218262,0.988281,0,-0.000532632,0.000532632
1773773842603,0.0859375,-0.216309,0.98877,-0.000532632,-0.000532632,-0.00106526
1773773842673,0.0888672,-0.21875,0.988281,-0.000532632,-0.000532632,-0.000532632
1773773842754,0.0883789,-0.218262,0.987305,0.000532632,-0.00106526,0
1773773842834,0.0849609,-0.217285,0.986328,-0.000532632,-0.00106526,-0.0015979
1773773842905,0.0869141,-0.215332,0.98877,0.000532632,-0.000532632,0
1773773842986,0.0883789,-0.218262,0.989258,-0.000532632,-0.00106526,-0.00106526
1773773843066,0.0874023,-0.218262,0.989258,0,-0.00106526,-0.000532632
1773773843136,0.0893555,-0.218262,0.98877,-0.00106526,-0.000532632,0
1773773843217,0.0869141,-0.216309,0.989258,-0.000532632,-0.000532632,-0.00106526
1773773843298,0.0849609,-0.216797,0.988281,0,-0.000532632,0
1773773843368,0.0869141,-0.21875,0.98584,-0.000532632,-0.000532632,-0.000532632
1773773843449,0.0888672,-0.217285,0.989746,0.00106526,-0.00106526,0.000532632
1773773843529,0.0844727,-0.218262,0.991211,-0.000532632,-0.000532632,0
1773773843600,0.0878906,-0.217773,0.987305,0.000532632,-0.00213053,0.000532632
1773773843680,0.0888672,-0.217285,0.990234,-0.000532632,-0.00106526,-0.000532632
1773773843751,0.0898438,-0.21875,0.989746,0.00106526,-0.000532632,0.000532632
1773773843832,0.0864258,-0.216797,0.987305,0,-0.000532632,-0.000532632
1773773843912,0.0854492,-0.217773,0.98877,-0.0015979,-0.00106526,0
1773773843983,0.0874023,-0.21875,0.986816,0,-0.000532632,0.000532632
1773773844063,0.0893555,-0.215332,0.98877,-0.000532632,-0.00106526,-0.000532632
1773773844144,0.0878906,-0.218262,0.98877,0.000532632,0,0.00106526
1773773844214,0.0874023,-0.216797,0.986816,0,-0.00106526,0
1773773844296,0.0878906,-0.217773,0.98877,-0.000532632,-0.00106526,0
1773773844375,0.0869141,-0.21875,0.98877,0,0,-0.00106526
1773773844446,0.0883789,-0.217285,0.989258,-0.000532632,-0.00106526,0
1773773844526,0.0878906,-0.216309,0.989258,-0.000532632,0,0.00106526
1773773844607,0.0869141,-0.219727,0.98877,0,-0.000532632,0
1773773844677,0.0874023,-0.216797,0.988281,-0.000532632,-0.00106526,-0.00106526
1773773844758,0.0878906,-0.217773,0.989258,0,-0.00106526,0.000532632
1773773844839,0.0888672,-0.217285,0.988281,0.000532632,0.000532632,0.000532632
1773773844909,0.0869141,-0.217285,0.98877,-0.00106526,-0.000532632,0
1773773844990,0.0869141,-0.216797,0.988281,-0.000532632,0.000532632,0.000532632
1773773845060,0.0864258,-0.217285,0.98877,0.000532632,0.000532632,0.000532632
1773773845141,0.0859375,-0.216797,0.988281,-0.000532632,0.000532632,-0.00106526
1773773845221,0.0883789,-0.216309,0.989258,-0.000532632,0,0
1773773845292,0.0883789,-0.219727,0.990723,0.00106526,0,-0.000532632
1773773845372,0.0864258,-0.216309,0.987793,0,-0.000532632,0
1773773845453,0.0878906,-0.21875,0.987793,0,-0.000532632,0
1773773845523,0.0859375,-0.217773,0.987793,-0.000532632,0,-0.000532632
1773773845604,0.0874023,-0.217285,0.989258,0,-0.00106526,-0.000532632
1773773845684,0.0888672,-0.216797,0.989258,0,-0.00106526,0
1773773845755,0.0908203,-0.217773,0.989746,-0.000532632,0,-0.0015979
1773773845835,0.0864258,-0.216797,0.98877,-0.0015979,-0.000532632,0
1773773845916,0.0874023,-0.217773,0.98877,0,-0.000532632,0
1773773845986,0.0878906,-0.218262,0.989258,0.000532632,-0.00106526,-0.00106526
1773773846067,0.0908203,-0.216797,0.987793,0.000532632,0,0.000532632
1773773846148,0.0888672,-0.21875,0.988281,0.000532632,-0.000532632,0
1773773846218,0.0898438,-0.216309,0.98877,0,-0.000532632,0
1773773846299,0.0878906,-0.21875,0.987305,0,-0.000532632,0.00106526
1773773846369,0.0878906,-0.216309,0.989258,0,-0.00106526,-0.000532632
1773773846450,0.0878906,-0.217773,0.98877,0,0,0
1773773846530,0.0859375,-0.217285,0.988281,0,0,0.000532632
1773773846601,0.0864258,-0.217773,0.987793,0,-0.00106526,0
1773773846681,0.0874023,-0.220215,0.989258,-0.00106526,-0.00106526,0
1773773846762,0.0883789,-0.217773,0.98877,-0.000532632,-0.00106526,0.000532632
1773773846832,0.0898438,-0.219727,0.989258,0,-0.000532632,0.000532632
1773773846913,0.0883789,-0.218262,0.988281,-0.00106526,-0.000532632,0
1773773846994,0.0859375,-0.217773,0.989258,0.000532632,0,0
1773773847064,0.0854492,-0.21875,0.986816,-0.000532632,0,-0.000532632
1773773847144,0.0888672,-0.214844,0.988281,-0.000532632,-0.0015979,0.000532632
1773773847225,0.0869141,-0.217285,0.987793,0.000532632,0,-0.000532632
1773773847296,0.0874023,-0.21875,0.98877,-0.000532632,0,0.0015979
1773773847376,0.0878906,-0.217285,0.98877,-0.00106526,0.000532632,-0.0015979
1773773847457,0.0874023,-0.216797,0.987793,0.00106526,-0.000532632,0
1773773847527,0.0878906,-0.217285,0.990234,0.000532632,0.000532632,0
1773773847608,0.0898438,-0.216309,0.988281,-0.000532632,-0.000532632,0
1773773847678,0.0878906,-0.21875,0.989258,-0.000532632,-0.0015979,0.000532632
1773773847759,0.0878906,-0.21582,0.988281,-0.00106526,-0.0015979,-0.000532632
1773773847839,0.0859375,-0.21875,0.989746,0.000532632,-0.00106526,0.000532632
1773773847910,0.0864258,-0.217285,0.989746,0.000532632,-0.000532632,0
1773773847990,0.0878906,-0.218262,0.987305,-0.000532632,-0.00106526,0.000532632
1773773848071,0.0883789,-0.219238,0.987305,0.00106526,-0.000532632,0
1773773848142,0.0883789,-0.219727,0.989746,0.000532632,0,-0.000532632
1773773848222,0.0869141,-0.217773,0.988281,0,0,0
1773773848303,0.0874023,-0.216797,0.988281,0.000532632,-0.000532632,0
1773773848373,0.0883789,-0.216797,0.989258,0,-0.000532632,-0.00106526
1773773848454,0.0864258,-0.218262,0.98877,-0.000532632,-0.00106526,-0.000532632
1773773848534,0.0878906,-0.216309,0.989258,0.000532632,0,0
1773773848605,0.0878906,-0.218262,0.990234,0.000532632,-0.000532632,-0.00106526
1773773848685,0.0864258,-0.219238,0.987793,0,-0.000532632,-0.000532632
1773773848756,0.0878906,-0.216797,0.987793,0.000532632,-0.000532632,0.00106526
1773773848836,0.0859375,-0.216797,0.989258,0,-0.000532632,0
1773773848917,0.0874023,-0.218262,0.988281,0,0.000532632,0
1773773848987,0.0888672,-0.216309,0.989258,0,-0.000532632,0.000532632
1773773849068,0.0893555,-0.21582,0.986328,0.000532632,0,-0.00106526
1773773849148,0.0888672,-0.215332,0.989746,0.000532632,-0.000532632,-0.00106526
1773773849219,0.0874023,-0.218262,0.987793,-0.000532632,-0.00106526,0
1773773849299,0.0869141,-0.218262,0.987793,-0.000532632,-0.000532632,-0.0015979
1773773849380,0.0874023,-0.218262,0.989258,-0.00106526,-0.0015979,-0.000532632
1773773849451,0.0869141,-0.217285,0.98877,-0.000532632,-0.000532632,-0.000532632
1773773849531,0.0898438,-0.216797,0.988281,0.000532632,-0.000532632,0.00106526
1773773849612,0.0888672,-0.217285,0.987793,0.00106526,0.000532632,0.00106526
1773773849682,0.0893555,-0.21582,0.987305,0.000532632,-0.000532632,0
1773773849762,0.0874023,-0.21582,0.990723,0.000532632,0,0
1773773849843,0.0878906,-0.218262,0.986816,-0.000532632,-0.00106526,-0.00106526
1773773849913,0.0869141,-0.217773,0.990234,-0.000532632,-0.00106526,0
1773773849994,0.0888672,-0.217285,0.990234,-0.000532632,-0.000532632,0
1773773850074,0.0878906,-0.21875,0.987793,0,-0.00106526,0
1773773850145,0.0888672,-0.218262,0.990234,0.000532632,-0.00106526,0
1773773850226,0.0888672,-0.216309,0.987793,0.00106526,0,0.000532632
1773773850296,0.0878906,-0.216797,0.989258,-0.000532632,-0.00106526,0
1773773850377,0.0883789,-0.216797,0.989258,0.000532632,0,0
1773773850457,0.0888672,-0.217285,0.987305,0,-0.000532632,-0.000532632
1773773850528,0.0864258,-0.217285,0.987305,0.000532632,-0.000532632,0.000532632
1773773850608,0.0874023,-0.217285,0.988281,0.000532632,0,0.000532632
1773773850689,0.0869141,-0.219727,0.988281,0,-0.000532632,-0.000532632
1773773850759,0.0854492,-0.216797,0.988281,-0.000532632,0,-0.000532632
1773773850840,0.0878906,-0.217773,0.989258,0.000532632,0,-0.0015979
1773773850920,0.0874023,-0.216797,0.987793,0.000532632,0,0.000532632
1773773850991,0.0869141,-0.216797,0.98877,0,-0.000532632,0
1773773851071,0.0878906,-0.216797,0.98877,0.000532632,-0.00106526,-0.00106526
1773773851152,0.0869141,-0.216797,0.987305,0,0.00106526,0
1773773851222,0.0888672,-0.218262,0.985352,-0.000532632,0,0
1773773851303,0.0869141,-0.217773,0.98877,0,0,-0.00106526
1773773851384,0.0874023,-0.217773,0.989746,0,-0.000532632,0
1773773851454,0.0878906,-0.219238,0.989258,0,-0.000532632,-0.00106526
1773773851535,0.0874023,-0.217773,0.98877,0,0.000532632,0.000532632
1773773851605,0.090332,-0.21582,0.986816,0,-0.000532632,0
1773773851686,0.0878906,-0.217773,0.98877,-0.00106526,-0.000532632,-0.000532632
1773773851766,0.0878906,-0.216797,0.988281,0,-0.000532632,0
1773773851837,0.0883789,-0.220215,0.989258,0,-0.000532632,0
1773773851917,0.0864258,-0.217285,0.988281,-0.000532632,-0.00106526,0
1773773851998,0.0878906,-0.217773,0.988281,0.000532632,-0.000532632,0.000532632
1773773852068,0.0874023,-0.217285,0.989258,-0.00106526,-0.00106526,-0.000532632
1773773852149,0.0874023,-0.217773,0.989258,0.000532632,-0.000532632,0.00106526
1773773852229,0.090332,-0.220215,0.987793,0.000532632,-0.00106526,0
1773773852300,0.0864258,-0.219238,0.989258,0.000532632,-0.00106526,0.000532632
1773773852380,0.0898438,-0.21875,0.988281,-0.000532632,-0.000532632,0.000532632
1773773852461,0.0883789,-0.219727,0.988281,-0.000532632,-0.000532632,-0.000532632
1773773852531,0.0878906,-0.216797,0.98877,0.00106526,0,0
1773773852612,0.0898438,-0.218262,0.989746,-0.000532632,0,-0.000532632
1773773852682,0.090332,-0.216797,0.987793,0.00106526,-0.000532632,0
1773773852763,0.0869141,-0.217285,0.988281,0,-0.000532632,0.000532632
1773773852844,0.0888672,-0.218262,0.989258,-0.000532632,-0.0015979,0.000532632
1773773852915,0.0874023,-0.216309,0.986328,0,-0.000532632,-0.000532632
1773773852995,0.0883789,-0.218262,0.989258,-0.000532632,-0.000532632,0.000532632
1773773853075,0.0883789,-0.217285,0.98877,-0.000532632,-0.00106526,-0.000532632
1773773853146,0.0874023,-0.217285,0.989258,-0.000532632,-0.00106526,-0.000532632
1773773853226,0.0898438,-0.216797,0.987793,0,0,0
1773773853307,0.0913086,-0.217773,0.98877,-0.00106526,-0.00106526,0.000532632
1773773853377,0.0878906,-0.217285,0.988281,0.000532632,0,0
1773773853458,0.0883789,-0.21582,0.989258,0.000532632,0,0
1773773853538,0.0874023,-0.217285,0.988281,-0.000532632,-0.000532632,0.000532632
1773773853609,0.0888672,-0.216797,0.988281,0.000532632,0,-0.000532632
1773773853689,0.0869141,-0.21582,0.987305,-0.000532632,0,0
1773773853770,0.0888672,-0.217285,0.98877,0.000532632,0,-0.0015979
1773773853840,0.0878906,-0.216309,0.986816,0,0,0
1773773853921,0.0883789,-0.21875,0.98877,-0.000532632,-0.00106526,-0.000532632
1773773854002,0.0878906,-0.217285,0.988281,0.000532632,-0.000532632,0.00106526
1773773854072,0.0883789,-0.216797,0.988281,0,-0.0015979,0.000532632
1773773854153,0.090332,-0.217773,0.990234,-0.000532632,0,-0.000532632
1773773854223,0.0898438,-0.21582,0.989746,-0.000532632,-0.000532632,-0.000532632
1773773854304,0.0878906,-0.216309,0.986816,-0.000532632,-0.000532632,0
1773773854384,0.0874023,-0.21582,0.98877,0,-0.00106526,-0.00106526
1773773854455,0.0888672,-0.214844,0.987793,-0.000532632,-0.000532632,0.000532632
1773773854535,0.0878906,-0.21875,0.988281,0,-0.000532632,-0.000532632
1773773854616,0.0869141,-0.217285,0.992188,0.000532632,-0.00106526,-0.000532632
1773773854686,0.090332,-0.216309,0.989258,0.000532632,-0.00106526,0.000532632
1773773854767,0.0874023,-0.218262,0.988281,0,-0.000532632,0
1773773854847,0.0878906,-0.217773,0.98877,0,-0.000532632,-0.000532632
1773773854918,0.0893555,-0.216309,0.990234,0,-0.000532632,-0.000532632
1773773854998,0.0859375,-0.217285,0.988281,-0.00106526,0,0
1773773855079,0.0893555,-0.21582,0.989258,0,-0.000532632,0
1773773855149,0.0883789,-0.216309,0.987793,-0.000532632,0.000532632,0.000532632
1773773855230,0.0874023,-0.217285,0.991211,0,-0.0015979,-0.000532632
1773773855301,0.0883789,-0.217773,0.989258,0,0,0
1773773855381,0.0888672,-0.21582,0.989746,0,0,0.000532632
1773773855462,0.0888672,-0.217773,0.98877,0,0,0.000532632
1773773855532,0.090332,-0.217773,0.989258,0,0,-0.00106526
1773773855613,0.0864258,-0.21582,0.98877,-0.000532632,0.000532632,-0.00106526
1773773855694,0.0864258,-0.21875,0.989258,-0.000532632,-0.000532632,0
1773773855764,0.0883789,-0.21875,0.987793,0.00106526,-0.00106526,-0.00106526
1773773855845,0.0878906,-0.217285,0.988281,0,-0.000532632,-0.000532632
1773773855925,0.0864258,-0.218262,0.987793,-0.000532632,0,-0.000532632
1773773855996,0.0878906,-0.217285,0.989258,0,0.000532632,-0.00106526
1773773856076,0.0883789,-0.215332,0.989258,0,0,0
1773773856157,0.0883789,-0.217285,0.987305,0,-0.0015979,0.00106526
1773773856227,0.0869141,-0.217285,0.987793,0,-0.00106526,0
1773773856308,0.0874023,-0.21875,0.98877,0.000532632,-0.000532632,0
1773773856379,0.0864258,-0.217285,0.991211,-0.000532632,-0.0015979,-0.000532632
1773773856459,0.0869141,-0.216797,0.988281,-0.000532632,0,0
1773773856540,0.0888672,-0.217773,0.98877,0,-0.00106526,0
1773773856610,0.0874023,-0.21875,0.989746,-0.000532632,0.000532632,-0.000532632
1773773856691,0.0888672,-0.218262,0.990234,-0.000532632,-0.000532632,-0.000532632
1773773856771,0.0874023,-0.218262,0.98877,0.000532632,-0.000532632,0.000532632
1773773856842,0.0883789,-0.216309,0.987305,0,-0.000532632,-0.000532632
1773773856922,0.0869141,-0.217773,0.989746,0,-0.00106526,0.000532632
1773773857003,0.0883789,-0.216797,0.98877,0,0,0
1773773857073,0.0878906,-0.216797,0.987305,-0.000532632,0,0
1773773857154,0.0883789,-0.21875,0.987793,0,-0.000532632,0.0015979
1773773857234,0.090332,-0.217285,0.989258,0.00106526,0.000532632,-0.000532632
1773773857305,0.0859375,-0.217285,0.989258,0.000532632,0,-0.000532632
1773773857385,0.0888672,-0.217285,0.98877,-0.000532632,0.000532632,-0.000532632
1773773857466,0.0883789,-0.216797,0.98877,-0.000532632,-0.00106526,-0.00106526
1773773857536,0.0874023,-0.216309,0.990723,0,0,-0.000532632
1773773857617,0.0874023,-0.216309,0.989746,0.00106526,-0.000532632,-0.000532632
1773773857687,0.0883789,-0.219238,0.98877,0,-0.000532632,-0.000532632
1773773857768,0.0883789,-0.21582,0.98877,0.000532632,-0.000532632,0.000532632
1773773857848,0.0883789,-0.218262,0.98877,0,-0.00106526,0
1773773857919,0.0888672,-0.217773,0.98877,0,0.000532632,-0.000532632
1773773857999,0.0869141,-0.216309,0.988281,-0.000532632,-0.00106526,0
1773773858080,0.0874023,-0.217285,0.987305,0,-0.000532632,-0.0015979
1773773858150,0.0888672,-0.217285,0.986816,0,-0.000532632,-0.000532632
1773773858231,0.0893555,-0.21582,0.987793,0.000532632,-0.000532632,-0.00106526
1773773858312,0.0883789,-0.21582,0.987793,0.000532632,0,0
1773773858383,0.0878906,-0.217773,0.989258,0,0.000532632,0
1773773858463,0.0898438,-0.218262,0.988281,0,-0.00106526,-0.000532632
1773773858534,0.0888672,-0.218262,0.98877,0,-0.000532632,0
1773773858614,0.090332,-0.216309,0.990234,0.000532632,0,0.000532632
1773773858694,0.0878906,-0.217285,0.989746,0,0,0.000532632
1773773858775,0.0883789,-0.217773,0.991211,0,-0.00106526,0.00106526
1773773858845,0.0878906,-0.219238,0.988281,0,-0.000532632,0.000532632
1773773858926,0.0874023,-0.216797,0.987793,-0.00106526,-0.0015979,-0.000532632
1773773859006,0.0888672,-0.21582,0.98877,-0.000532632,0,0
1773773859077,0.0869141,-0.216797,0.988281,0,0,0
1773773859157,0.0874023,-0.215332,0.988281,0,-0.000532632,0.000532632
1773773859228,0.0883789,-0.21582,0.989258,0,0,0
1773773859308,0.0878906,-0.216797,0.989258,0.00106526,-0.000532632,0
1773773859389,0.0878906,-0.215332,0.989258,0.000532632,-0.000532632,0.00106526
1773773859459,0.0883789,-0.217773,0.989746,0,0,0
1773773859540,0.0878906,-0.219238,0.987793,-0.00106526,-0.000532632,0
1773773859620,0.0878906,-0.218262,0.98877,-0.000532632,-0.00106526,0
1773773859691,0.0878906,-0.218262,0.989258,-0.000532632,-0.000532632,0
1773773859771,0.0898438,-0.217285,0.990234,-0.000532632,-0.00106526,0.00106526
1773773859852,0.0888672,-0.216309,0.989746,0,-0.0015979,-0.000532632
1773773859922,0.0878906,-0.216797,0.987305,0,0,0
1773773860003,0.0888672,-0.217285,0.988281,-0.000532632,-0.000532632,-0.0015979
1773773860084,0.0869141,-0.217285,0.986816,0,-0.000532632,-0.00106526
1773773860154,0.0898438,-0.21582,0.988281,0.000532632,-0.0015979,-0.000532632
1773773860235,0.0864258,-0.218262,0.987793,-0.000532632,-0.000532632,-0.00106526
1773773860315,0.0874023,-0.217285,0.987793,-0.000532632,-0.000532632,0.000532632
1773773860386,0.0878906,-0.217773,0.987793,-0.000532632,-0.00106526,-0.00106526
1773773860466,0.0864258,-0.218262,0.98877,0,-0.000532632,0
1773773860537,0.0874023,-0.218262,0.989258,-0.000532632,-0.000532632,0
1773773860617,0.0874023,-0.21582,0.988281,0,0.000532632,0
1773773860698,0.0888672,-0.216797,0.989746,-0.000532632,-0.000532632,0
1773773860768,0.0869141,-0.217285,0.990234,-0.000532632,-0.000532632,-0.000532632
1773773860849,0.0878906,-0.217773,0.988281,-0.000532632,0,0.000532632
1773773860929,0.0878906,-0.216797,0.989746,0.00106526,-0.00106526,-0.000532632
1773773861000,0.0883789,-0.219238,0.987305,-0.000532632,-0.0015979,-0.00106526
1773773861080,0.0874023,-0.216797,0.987793,0,-0.00106526,0.000532632
1773773861161,0.0869141,-0.217773,0.987793,0.000532632,-0.000532632,0.00106526
1773773861232,0.0888672,-0.217285,0.98877,-0.00106526,-0.000532632,0.000532632
1773773861312,0.0874023,-0.218262,0.987793,0.000532632,0,0.000532632
1773773861393,0.0898438,-0.217773,0.987305,0.000532632,-0.00106526,0
1773773861463,0.0878906,-0.217285,0.988281,-0.000532632,-0.000532632,-0.000532632
1773773861544,0.0883789,-0.217773,0.988281,0.000532632,-0.00106526,-0.000532632
1773773861624,0.0874023,-0.216309,0.98877,-0.000532632,0,-0.00106526
1773773861695,0.0883789,-0.21875,0.98877,-0.000532632,-0.000532632,0
1773773861775,0.0883789,-0.214844,0.986816,-0.00106526,-0.00106526,-0.00106526
1773773861846,0.0869141,-0.218262,0.987305,-0.000532632,0,0
1773773861926,0.0883789,-0.217773,0.989258,0.000532632,0,0
1773773862007,0.0878906,-0.219727,0.989258,-0.00106526,0,0
1773773862077,0.0864258,-0.217773,0.989258,-0.000532632,-0.00106526,-0.00106526
1773773862158,0.0888672,-0.21582,0.987793,0.000532632,0,0.00106526
1773773862238,0.0869141,-0.216797,0.987793,0,-0.00106526,-0.000532632
1773773862309,0.0869141,-0.217285,0.988281,-0.000532632,-0.00106526,0.000532632
1773773862389,0.0883789,-0.21875,0.989746,0.000532632,0,0
1773773862470,0.0874023,-0.21875,0.987305,0,-0.000532632,0
1773773862540,0.0883789,-0.21875,0.986328,0,-0.00106526,0
1773773862621,0.0874023,-0.21582,0.989258,-0.000532632,-0.00106526,0
1773773862702,0.0888672,-0.217285,0.988281,0,-0.000532632,0.000532632
1773773862772,0.0883789,-0.216309,0.986328,0,0,-0.000532632
1773773862853,0.0869141,-0.218262,0.98877,-0.000532632,-0.00106526,0
1773773862933,0.0883789,-0.217285,0.989258,0,-0.0015979,-0.00106526
1773773863004,0.0893555,-0.220215,0.98877,0,-0.00106526,-0.000532632
1773773863084,0.0888672,-0.217285,0.990234,-0.000532632,0,-0.000532632
1773773863165,0.0883789,-0.217285,0.988281,0.000532632,0,0.000532632
1773773863235,0.0883789,-0.216797,0.987793,0.000532632,-0.000532632,-0.000532632
1773773863316,0.0883789,-0.215332,0.990234,0.000532632,-0.0015979,0
1773773863386,0.0898438,-0.218262,0.987793,0,-0.000532632,0
1773773863467,0.0869141,-0.219238,0.98877,0,0,0
1773773863548,0.0878906,-0.220703,0.98877,0,-0.000532632,0.000532632
1773773863618,0.0874023,-0.218262,0.986328,-0.000532632,-0.00106526,-0.00106526
1773773863699,0.0888672,-0.21875,0.988281,0,-0.000532632,0.000532632
1773773863779,0.0893555,-0.218262,0.987793,0.000532632,-0.000532632,-0.000532632
1773773863850,0.0878906,-0.21875,0.989258,0,-0.000532632,-0.000532632
1773773863930,0.0888672,-0.217285,0.988281,0.000532632,-0.000532632,0.000532632
1773773864011,0.0883789,-0.217773,0.989258,-0.000532632,0,0
1773773864081,0.0878906,-0.21582,0.986328,0,-0.000532632,0.00106526
1773773864162,0.0893555,-0.218262,0.990234,-0.000532632,-0.00106526,0
1773773864232,0.0888672,-0.216797,0.988281,0,0.000532632,0
1773773864313,0.0864258,-0.218262,0.98584,0,-0.000532632,-0.000532632
1773773864393,0.0878906,-0.216797,0.986816,-0.000532632,-0.000532632,0.000532632
1773773864474,0.0878906,-0.216797,0.989258,0.000532632,0,0
1773773864544,0.0878906,-0.218262,0.98877,-0.000532632,-0.000532632,-0.000532632
1773773864625,0.0888672,-0.217773,0.987793,0,-0.000532632,-0.000532632
1773773864695,0.0869141,-0.216797,0.98877,0,-0.00106526,0.000532632
1773773864776,0.0874023,-0.216797,0.987305,-0.000532632,-0.000532632,0
1773773864856,0.0883789,-0.217773,0.990723,0.000532632,0,0
1773773864927,0.0893555,-0.216309,0.987793,0,0,-0.00106526
1773773865007,0.0883789,-0.217773,0.989258,0.000532632,-0.00106526,-0.00106526
1773773865088,0.0844727,-0.217285,0.986816,-0.00106526,-0.000532632,0.000532632
1773773865159,0.0888672,-0.217285,0.987793,0,-0.000532632,0.000532632
1773773865239,0.0893555,-0.218262,0.988281,0,-0.00106526,0.000532632
1773773865320,0.0893555,-0.216797,0.987793,0,-0.000532632,0
1773773865391,0.0878906,-0.217285,0.98877,0,-0.000532632,0.00106526
1773773865471,0.0878906,-0.217285,0.990234,0,-0.000532632,-0.000532632
1773773865551,0.0893555,-0.215332,0.990234,-0.00106526,-0.000532632,0
1773773865622,0.0888672,-0.217285,0.987305,0,0,0.000532632
1773773865702,0.0883789,-0.217285,0.988281,0.000532632,0,0
1773773865783,0.0878906,-0.217285,0.990234,0.000532632,0,0
1773773865853,0.0874023,-0.219238,0.98877,0,-0.00106526,0.000532632
1773773865934,0.0878906,-0.21582,0.988281,0,-0.000532632,0.000532632
1773773866004,0.0869141,-0.21875,0.987793,0,-0.000532632,-0.00106526
1773773866085,0.0888672,-0.216797,0.988281,0.000532632,0.000532632,0.000532632
1773773866166,0.0888672,-0.218262,0.986328,0,-0.00106526,0
1773773866236,0.0883789,-0.216309,0.989258,0,-0.00106526,-0.00106526
1773773866317,0.0893555,-0.217285,0.989258,-0.0015979,-0.00106526,0.00106526
1773773866397,0.0888672,-0.21582,0.987793,0,-0.00106526,-0.000532632
1773773866468,0.0878906,-0.216797,0.987305,-0.0015979,-0.00106526,0.000532632
1773773866548,0.0893555,-0.218262,0.990723,0,-0.0015979,-0.000532632
1773773866629,0.0883789,-0.215332,0.986328,0.000532632,-0.000532632,0.000532632
1773773866699,0.0874023,-0.21875,0.986816,0,-0.00106526,-0.00106526
1773773866780,0.0888672,-0.216309,0.989258,-0.000532632,-0.000532632,-0.000532632
1773773866860,0.0883789,-0.217285,0.987793,0.000532632,-0.000532632,-0.00106526
1773773866931,0.0874023,-0.218262,0.98877,0,-0.000532632,-0.000532632
1773773867011,0.0878906,-0.217773,0.987793,0,-0.0015979,-0.000532632
1773773867092,0.0883789,-0.216797,0.987793,0,-0.00106526,0
1773773867162,0.0893555,-0.218262,0.98877,-0.00106526,-0.000532632,-0.000532632
1773773867243,0.0874023,-0.218262,0.987793,-0.00106526,-0.000532632,0
1773773867313,0.0893555,-0.217773,0.988281,-0.0015979,-0.000532632,0.000532632
1773773867394,0.0874023,-0.217773,0.988281,-0.000532632,0,-0.000532632
1773773867474,0.0878906,-0.218262,0.990234,-0.000532632,-0.000532632,-0.000532632
1773773867545,0.0864258,-0.217285,0.98877,0,-0.000532632,-0.00106526
1773773867626,0.0854492,-0.217773,0.989258,-0.000532632,0,0.000532632
1773773867707,0.0864258,-0.218262,0.98877,0.000532632,-0.000532632,0.000532632
1773773867777,0.0849609,-0.217773,0.987305,0,-0.000532632,0.00106526
1773773867857,0.0888672,-0.216797,0.989746,-0.000532632,-0.000532632,0
1773773867938,0.0878906,-0.21875,0.98877,0.000532632,-0.000532632,-0.000532632
1773773868008,0.0883789,-0.217773,0.98877,0,-0.00106526,0
1773773868089,0.0883789,-0.216309,0.987793,0.000532632,-0.00106526,0.00106526
1773773868169,0.0874023,-0.217773,0.989258,-0.00266316,-0.0015979,-0.00106526
1773773868240,0.0888672,-0.215332,0.988281,0,-0.000532632,0
1773773868321,0.0878906,-0.216797,0.98877,-0.000532632,-0.000532632,0.0015979
1773773868391,0.0874023,-0.217285,0.989258,-0.0015979,-0.00106526,-0.0015979
1773773868472,0.0888672,-0.217773,0.990234,0,-0.000532632,0.000532632
1773773868552,0.0859375,-0.216797,0.987793,-0.000532632,-0.00106526,0
1773773868623,0.0888672,-0.216309,0.989746,-0.000532632,-0.00106526,0
1773773868703,0.0878906,-0.217285,0.987305,-0.000532632,0,0.000532632
1773773868784,0.0893555,-0.216797,0.987305,0.000532632,0,-0.00106526
1773773868854,0.090332,-0.217773,0.989258,-0.000532632,0,0.000532632
1773773868935,0.0893555,-0.21875,0.988281,0,-0.000532632,-0.000532632
1773773869015,0.0883789,-0.217773,0.988281,0,-0.000532632,0
1773773869086,0.0874023,-0.215332,0.98877,0,-0.000532632,0
1773773869166,0.0883789,-0.216797,0.987793,0.000532632,-0.00106526,0
1773773869247,0.0883789,-0.216309,0.987793,-0.000532632,-0.0015979,-0.000532632
1773773869317,0.0878906,-0.218262,0.98877,0.000532632,-0.000532632,0.000532632
1773773869398,0.0883789,-0.217773,0.987793,0.00106526,-0.000532632,0.000532632
1773773869479,0.0874023,-0.21582,0.986816,-0.000532632,-0.000532632,0.00106526
1773773869549,0.090332,-0.217773,0.987305,0.000532632,-0.000532632,-0.000532632
1773773869630,0.0878906,-0.218262,0.989258,0,-0.00106526,0
1773773869700,0.0874023,-0.217285,0.988281,0,-0.000532632,-0.00106526
1773773869781,0.0893555,-0.217285,0.98877,0,-0.000532632,0
1773773869862,0.0883789,-0.218262,0.989746,-0.000532632,-0.000532632,-0.000532632
1773773869932,0.0883789,-0.217285,0.989746,0,-0.0015979,-0.000532632
1773773870012,0.0874023,-0.216309,0.990234,-0.00106526,-0.000532632,0
1773773870093,0.0878906,-0.21875,0.98877,0,-0.000532632,-0.000532632
1773773870163,0.0874023,-0.216797,0.990234,0,-0.000532632,0.000532632
1773773870244,0.0888672,-0.21875,0.98877,0,-0.000532632,-0.0015979
1773773870324,0.0883789,-0.216797,0.989258,0,-0.0015979,0
1773773870395,0.0883789,-0.21875,0.988281,-0.000532632,-0.00106526,0
1773773870475,0.0878906,-0.216309,0.988281,-0.000532632,-0.000532632,0
1773773870556,0.0878906,-0.216797,0.98877,-0.000532632,-0.00106526,0
1773773870627,0.0854492,-0.217285,0.986328,-0.000532632,-0.00106526,0
1773773870707,0.0888672,-0.21582,0.990723,-0.000532632,-0.00106526,-0.00106526
1773773870788,0.0869141,-0.217285,0.987793,0.000532632,-0.00106526,0
1773773870858,0.0888672,-0.218262,0.989258,0.000532632,-0.000532632,0
1773773870939,0.0878906,-0.217285,0.988281,-0.000532632,0,-0.00106526
1773773871010,0.0874023,-0.218262,0.988281,-0.000532632,-0.000532632,-0.000532632
1773773871090,0.0878906,-0.217285,0.98877,0,-0.000532632,0
1773773871170,0.0888672,-0.218262,0.989258,-0.000532632,-0.000532632,-0.000532632
1773773871241,0.0883789,-0.216797,0.989746,-0.000532632,-0.00213053,0
1773773871321,0.0898438,-0.217773,0.987793,-0.000532632,-0.00106526,0
1773773871402,0.0878906,-0.218262,0.989746,-0.00106526,-0.000532632,-0.000532632
1773773871472,0.0874023,-0.218262,0.989258,0,-0.00106526,0
1773773871553,0.0893555,-0.21582,0.989258,0,-0.00106526,0.000532632
1773773871633,0.0849609,-0.217773,0.988281,-0.000532632,-0.00106526,-0.00106526
1773773871704,0.0874023,-0.217285,0.988281,0,-0.000532632,-0.00106526
1773773871784,0.0893555,-0.217773,0.991211,0,-0.00106526,0
1773773871865,0.0864258,-0.218262,0.98877,0,0,0
1773773871935,0.0869141,-0.218262,0.989746,0.000532632,-0.00106526,0
1773773872016,0.0864258,-0.217773,0.987305,0,-0.000532632,-0.000532632
1773773872096,0.0864258,-0.217285,0.98877,-0.00106526,-0.000532632,-0.000532632
1773773872167,0.0864258,-0.216797,0.988281,-0.000532632,-0.00106526,0
1773773872248,0.0869141,-0.217773,0.990723,0,-0.0015979,0
1773773872318,0.0888672,-0.217285,0.988281,-0.000532632,0,-0.00106526
1773773872398,0.0869141,-0.217285,0.987793,0.000532632,-0.00106526,0.000532632
1773773872479,0.0849609,-0.21875,0.98877,0,-0.00106526,-0.00106526
1773773872549,0.0888672,-0.217285,0.990723,-0.000532632,-0.000532632,-0.000532632
1773773872630,0.0888672,-0.216309,0.988281,0,-0.00106526,0.000532632
1773773872711,0.0888672,-0.216797,0.989746,0,0,-0.00106526
1773773872781,0.0908203,-0.216797,0.988281,0.000532632,-0.00106526,0.000532632
1773773872862,0.0883789,-0.216797,0.989258,-0.000532632,0,0.00106526
1773773872942,0.0898438,-0.216309,0.98877,-0.000532632,-0.000532632,-0.000532632
1773773873013,0.0883789,-0.217773,0.987793,-0.000532632,-0.000532632,-0.000532632
1773773873093,0.0864258,-0.220215,0.988281,0.000532632,-0.000532632,0
1773773873174,0.0893555,-0.216797,0.989746,0,-0.00106526,0
1773773873244,0.0874023,-0.21582,0.988281,0.00106526,-0.000532632,0
1773773873325,0.0874023,-0.216309,0.98877,0.000532632,0.000532632,-0.00106526
1773773873405,0.0869141,-0.217285,0.989746,0,0,-0.0015979
1773773873476,0.0888672,-0.21582,0.990234,-0.0015979,-0.0015979,0.000532632
1773773873556,0.0888672,-0.217773,0.988281,0.00106526,0,-0.000532632
1773773873627,0.0878906,-0.216797,0.989746,0.000532632,-0.00106526,0
1773773873707,0.0864258,-0.218262,0.987793,0,0.000532632,0
1773773873788,0.0888672,-0.217773,0.988281,-0.000532632,0,-0.00106526
1773773873859,0.0888672,-0.218262,0.98877,0,-0.0015979,0
1773773873939,0.0864258,-0.219727,0.988281,-0.00106526,0,0
1773773874019,0.0888672,-0.217773,0.98877,-0.000532632,0.000532632,0.00106526
1773773874090,0.0878906,-0.21875,0.98877,0.000532632,-0.000532632,0
1773773874170,0.0883789,-0.21875,0.988281,0.00106526,-0.000532632,0
1773773874251,0.0878906,-0.217285,0.987305,-0.00106526,0,-0.000532632
1773773874321,0.0888672,-0.21582,0.989746,0.00106526,-0.000532632,0.00106526
1773773874402,0.0869141,-0.216309,0.989258,0.000532632,-0.000532632,0.000532632
1773773874482,0.0874023,-0.217773,0.98877,0,-0.00106526,0
1773773874553,0.0888672,-0.217285,0.98877,-0.000532632,-0.00106526,-0.000532632
1773773874633,0.0883789,-0.21875,0.987305,0,-0.0015979,0
1773773874714,0.0883789,-0.218262,0.987305,-0.000532632,-0.000532632,0
1773773874785,0.0864258,-0.217285,0.987305,0.000532632,-0.00106526,0
1773773874865,0.0898438,-0.218262,0.988281,-0.0015979,0,-0.000532632
1773773874946,0.0874023,-0.21875,0.989258,-0.000532632,-0.000532632,0
1773773875017,0.0878906,-0.217773,0.987793,0,-0.00106526,-0.00106526
1773773875097,0.0883789,-0.21582,0.98877,0.000532632,0,0.00106526
1773773875167,0.0888672,-0.218262,0.988281,0,0,0
1773773875248,0.0878906,-0.217285,0.990234,0,-0.000532632,0.000532632
1773773875329,0.0893555,-0.218262,0.989746,0,0,-0.000532632
1773773875399,0.0864258,-0.217285,0.987305,-0.000532632,-0.00106526,0.000532632
1773773875479,0.090332,-0.21582,0.989746,0,-0.000532632,-0.00106526
1773773875560,0.0874023,-0.218262,0.98877,-0.000532632,-0.000532632,0
1773773875630,0.0864258,-0.21875,0.988281,-0.000532632,-0.000532632,0.0015979
1773773875711,0.0869141,-0.218262,0.989746,0,-0.000532632,-0.000532632
1773773875791,0.0878906,-0.217773,0.98877,0,-0.00106526,0
1773773875862,0.0874023,-0.218262,0.988281,-0.00106526,-0.00106526,-0.00106526
1773773875942,0.0869141,-0.217285,0.991211,-0.00106526,0,0.00106526
1773773876023,0.0883789,-0.217285,0.987793,0.000532632,-0.000532632,0
1773773876093,0.0888672,-0.216309,0.989746,-0.000532632,-0.0015979,-0.000532632
1773773876174,0.0878906,-0.216797,0.98877,-0.000532632,0,0.000532632
1773773876254,0.0883789,-0.217285,0.990723,0.000532632,-0.00106526,0.000532632
1773773876325,0.0893555,-0.21582,0.989258,-0.00106526,-0.000532632,0
1773773876406,0.0893555,-0.217773,0.989258,-0.000532632,-0.000532632,0
1773773876476,0.0888672,-0.216309,0.989258,-0.000532632,-0.00106526,-0.000532632
1773773876557,0.0893555,-0.218262,0.989258,-0.000532632,-0.0015979,0.000532632
1773773876637,0.0864258,-0.216797,0.990234,0.0015979,0,0
1773773876708,0.0878906,-0.216797,0.98877,0.000532632,-0.00106526,-0.000532632
1773773876788,0.0893555,-0.217773,0.987793,0,-0.000532632,-0.000532632
1773773876869,0.090332,-0.217285,0.98877,-0.000532632,-0.000532632,-0.000532632
1773773876939,0.0878906,-0.217285,0.990234,0,-0.000532632,-0.000532632
1773773877020,0.0878906,-0.218262,0.988281,0.000532632,-0.000532632,-0.000532632
1773773877100,0.0893555,-0.217285,0.989258,0,-0.000532632,-0.000532632
1773773877171,0.0908203,-0.217285,0.987793,0,-0.000532632,0
1773773877252,0.0908203,-0.217773,0.988281,-0.000532632,-0.000532632,0
1773773877332,0.0893555,-0.218262,0.989258,0,-0.000532632,0.000532632
1773773877403,0.0878906,-0.216309,0.989258,0.000532632,-0.0015979,0
1773773877483,0.0874023,-0.218262,0.98877,-0.000532632,-0.000532632,-0.00106526
1773773877564,0.0893555,-0.217285,0.987305,0,-0.000532632,0
1773773877634,0.0888672,-0.217773,0.990234,-0.000532632,-0.000532632,-0.000532632
1773773877715,0.0869141,-0.216309,0.987793,-0.00106526,-0.000532632,-0.000532632
1773773877785,0.0878906,-0.21875,0.990234,-0.000532632,0,-0.000532632
1773773877866,0.0893555,-0.216797,0.988281,0,-0.000532632,0
1773773877946,0.0878906,-0.216797,0.988281,-0.000532632,-0.0015979,-0.000532632
1773773878017,0.0874023,-0.218262,0.989746,0,0,0.000532632
1773773878097,0.0878906,-0.216797,0.989258,-0.000532632,-0.00106526,0
1773773878179,0.0878906,-0.217285,0.98877,0.00106526,-0.00106526,-0.000532632
1773773878248,0.0874023,-0.217773,0.98877,0.000532632,-0.000532632,0
1773773878329,0.0878906,-0.216797,0.98877,0.000532632,-0.00106526,0.000532632
1773773878410,0.0898438,-0.216309,0.98877,0.000532632,-0.000532632,0
1773773878480,0.0883789,-0.21582,0.98877,0,0,0
1773773878561,0.0869141,-0.21582,0.98877,-0.000532632,-0.00106526,0
1773773878641,0.0883789,-0.21875,0.987793,0.000532632,-0.000532632,0.000532632
1773773878712,0.0888672,-0.218262,0.988281,0,-0.00106526,0.000532632
1773773878792,0.0849609,-0.217285,0.989258,-0.000532632,-0.000532632,0
1773773878873,0.090332,-0.218262,0.991211,-0.00106526,-0.0015979,0.00106526
1773773878943,0.0893555,-0.217773,0.98877,0,-0.00106526,0
1773773879024,0.090332,-0.217773,0.989746,-0.000532632,-0.000532632,0
1773773879094,0.0878906,-0.219238,0.989746,0,-0.00106526,-0.000532632
1773773879175,0.0874023,-0.217773,0.989258,0.000532632,-0.000532632,-0.00213053
1773773879255,0.0883789,-0.21582,0.987793,0.00106526,-0.00106526,-0.000532632
1773773879326,0.0878906,-0.219238,0.989258,-0.000532632,-0.00106526,-0.00106526
1773773879406,0.0888672,-0.216309,0.990723,0,0,-0.00106526
1773773879487,0.0869141,-0.215332,0.989258,-0.000532632,0,0.00106526
1773773879557,0.0874023,-0.218262,0.98877,0,0,0
1773773879638,0.0878906,-0.216309,0.989258,-0.00106526,-0.000532632,-0.000532632
1773773879718,0.0893555,-0.216797,0.989746,0.000532632,-0.000532632,0.000532632
1773773879789,0.0864258,-0.21582,0.991699,-0.000532632,-0.000532632,-0.00106526
1773773879869,0.0898438,-0.216797,0.988281,0.000532632,-0.000532632,0.000532632
1773773879950,0.0874023,-0.21875,0.98877,0.00106526,-0.00106526,0.00106526
1773773880020,0.0883789,-0.216797,0.988281,0.000532632,-0.00106526,0
1773773880101,0.0854492,-0.216797,0.988281,0.000532632,-0.000532632,0.000532632
1773773880182,0.0883789,-0.217773,0.990723,-0.00106526,-0.000532632,0.000532632
1773773880252,0.0888672,-0.218262,0.98877,0,0.00106526,0
1773773880333,0.090332,-0.217285,0.986816,-0.000532632,-0.00213053,-0.000532632
1773773880403,0.0883789,-0.21582,0.98877,0.000532632,0,0
1773773880484,0.0869141,-0.21875,0.988281,0.00106526,0.00106526,0
1773773880565,0.0874023,-0.216309,0.989258,-0.000532632,-0.000532632,-0.000532632
1773773880635,0.0883789,-0.216797,0.990234,-0.000532632,-0.000532632,0
1773773880716,0.0869141,-0.21875,0.989258,-0.00106526,-0.0015979,0.000532632
1773773880796,0.0883789,-0.216309,0.98877,0.000532632,-0.0015979,0
1773773880867,0.0883789,-0.21582,0.988281,-0.000532632,0,-0.000532632
1773773880947,0.0878906,-0.216797,0.988281,0,-0.000532632,-0.000532632
1773773881028,0.0888672,-0.21875,0.987793,-0.000532632,-0.00106526,0
1773773881098,0.0883789,-0.21582,0.98877,0,-0.000532632,0.000532632
1773773881179,0.0859375,-0.216797,0.989258,0.000532632,-0.00106526,-0.00106526
1773773881260,0.0874023,-0.21582,0.987793,0.000532632,-0.000532632,-0.00106526
1773773881330,0.0888672,-0.217285,0.990234,0,0.000532632,-0.000532632
1773773881411,0.0883789,-0.215332,0.987305,0,0,0.000532632
1773773881481,0.0888672,-0.217773,0.98877,0,0,-0.000532632
1773773881562,0.0883789,-0.219238,0.988281,0,-0.000532632,0.000532632
1773773881642,0.0883789,-0.217773,0.987793,0,-0.000532632,-0.000532632
1773773881713,0.0888672,-0.217773,0.987305,0,0,-0.00106526
1773773881793,0.0878906,-0.218262,0.989746,-0.00106526,0,0
1773773881874,0.0864258,-0.21582,0.989258,-0.000532632,0.000532632,-0.00106526
1773773881944,0.0864258,-0.216797,0.987305,-0.000532632,-0.000532632,-0.000532632
1773773882025,0.0883789,-0.218262,0.98877,0,-0.0015979,-0.000532632
1773773882105,0.0874023,-0.216309,0.989258,0,-0.000532632,0.000532632
1773773882176,0.0883789,-0.216309,0.990234,0,-0.000532632,-0.0015979
1773773882256,0.0864258,-0.216797,0.988281,0,-0.000532632,-0.000532632
1773773882337,0.0869141,-0.216797,0.989746,-0.000532632,-0.00106526,0
1773773882409,0.0878906,-0.216309,0.989258,0,-0.000532632,0.00106526
1773773882488,0.0874023,-0.216309,0.98877,0,0,0.000532632
1773773882568,0.0898438,-0.216309,0.987305,0,-0.0015979,-0.000532632
1773773882639,0.0878906,-0.216797,0.989746,0,-0.000532632,0.00106526
1773773882720,0.0878906,-0.218262,0.989258,-0.000532632,0,-0.000532632
1773773882790,0.0883789,-0.21582,0.991211,-0.000532632,-0.00106526,-0.0015979
1773773882871,0.0878906,-0.217285,0.98877,-0.000532632,-0.0015979,-0.00106526
1773773882951,0.0883789,-0.217773,0.987793,-0.000532632,-0.00106526,0.000532632
1773773883022,0.0893555,-0.217773,0.989258,-0.00106526,-0.000532632,0.000532632
1773773883102,0.0874023,-0.21875,0.990723,0.000532632,-0.00106526,0.00106526
1773773883183,0.0883789,-0.218262,0.989258,0.000532632,-0.000532632,0.000532632
1773773883253,0.0874023,-0.217285,0.986816,0,-0.000532632,0.000532632
1773773883334,0.0888672,-0.217285,0.98877,0.000532632,-0.000532632,0.00106526
1773773883414,0.0878906,-0.21875,0.989258,-0.000532632,-0.000532632,0.000532632
1773773883485,0.0869141,-0.216797,0.987793,0,-0.00106526,0.000532632
1773773883565,0.0869141,-0.216797,0.987305,0,0,0
1773773883646,0.0878906,-0.215332,0.98877,0.000532632,-0.000532632,0
1773773883716,0.0883789,-0.217773,0.988281,-0.000532632,0,0
1773773883797,0.0883789,-0.219238,0.987305,0,0,0
1773773883877,0.0893555,-0.219238,0.989258,0.000532632,0,-0.000532632
1773773883948,0.0888672,-0.216797,0.988281,-0.000532632,-0.00106526,0.000532632
1773773884028,0.0878906,-0.219727,0.987793,-0.00106526,-0.000532632,0.000532632
1773773884099,0.0888672,-0.216797,0.987305,0.000532632,0.000532632,0
1773773884180,0.0888672,-0.216309,0.991211,0,-0.000532632,0.000532632
1773773884260,0.0888672,-0.216309,0.987305,0.000532632,0.000532632,0
1773773884331,0.0874023,-0.216309,0.988281,-0.000532632,0.000532632,0
1773773884411,0.0888672,-0.217773,0.989258,0,-0.00106526,0
1773773884492,0.0883789,-0.21875,0.989258,0.000532632,0,0.000532632
1773773884563,0.0883789,-0.21875,0.987305,0.000532632,-0.000532632,0
1773773884643,0.0878906,-0.217773,0.989258,0,0,-0.000532632
1773773884724,0.0874023,-0.217285,0.986816,0,-0.000532632,0
1773773884795,0.0878906,-0.216797,0.98877,0.000532632,-0.000532632,0
1773773884875,0.0878906,-0.218262,0.989258,-0.0015979,-0.000532632,0.00106526
1773773884955,0.0898438,-0.218262,0.989258,0,0.000532632,0.000532632
1773773885026,0.0888672,-0.21875,0.990234,0.00106526,0,0
1773773885106,0.0898438,-0.217773,0.989746,0,-0.000532632,-0.000532632
1773773885177,0.0898438,-0.216309,0.989746,0,-0.000532632,-0.000532632
1773773885258,0.0874023,-0.217285,0.987305,-0.000532632,-0.000532632,0
1773773885338,0.0883789,-0.217285,0.989258,0,-0.0015979,0
1773773885409,0.0859375,-0.214844,0.98877,-0.000532632,0,-0.000532632
1773773885489,0.0878906,-0.217285,0.990234,0.000532632,0,-0.000532632
1773773885570,0.0888672,-0.217773,0.987305,0.000532632,-0.00106526,0
1773773885641,0.0883789,-0.216797,0.991211,-0.000532632,-0.00106526,0.00106526
1773773885721,0.0859375,-0.217285,0.986816,0,0,-0.000532632
1773773885802,0.0898438,-0.21875,0.987793,0,-0.000532632,-0.000532632
1773773885872,0.0883789,-0.216309,0.988281,-0.000532632,-0.00106526,0.000532632
1773773885953,0.0883789,-0.216797,0.990234,-0.00106526,-0.00106526,0
1773773886033,0.0869141,-0.217285,0.988281,0.000532632,0.000532632,0
1773773886104,0.0878906,-0.21582,0.989258,-0.000532632,-0.00106526,-0.000532632
1773773886185,0.0864258,-0.216797,0.989258,-0.0015979,-0.000532632,0.000532632
1773773886255,0.0874023,-0.21582,0.989258,-0.000532632,-0.00106526,0
1773773886336,0.0888672,-0.216797,0.98877,0,-0.000532632,0.000532632
1773773886416,0.0893555,-0.218262,0.98877,0.000532632,-0.000532632,0.000532632
1773773886487,0.0869141,-0.217285,0.989258,0.000532632,0,0
1773773886568,0.0888672,-0.216309,0.98877,-0.000532632,-0.000532632,-0.000532632
1773773886649,0.0874023,-0.217285,0.989746,0,-0.000532632,-0.000532632
1773773886719,0.0874023,-0.217773,0.988281,-0.0015979,-0.00106526,-0.00106526
1773773886799,0.0869141,-0.216797,0.990234,-0.000532632,-0.000532632,0
1773773886880,0.0888672,-0.216797,0.989258,-0.000532632,0.000532632,0
1773773886950,0.0874023,-0.216797,0.987793,-0.000532632,-0.00106526,-0.000532632
1773773887031,0.090332,-0.216797,0.989258,0,-0.000532632,-0.000532632
1773773887111,0.0888672,-0.219238,0.989258,0,-0.000532632,0
1773773887182,0.0878906,-0.21875,0.988281,0,-0.000532632,0.00106526
1773773887263,0.0864258,-0.217285,0.988281,0,-0.0015979,0.000532632
1773773887333,0.0878906,-0.217773,0.987793,-0.000532632,-0.000532632,0
1773773887414,0.0888672,-0.217285,0.987793,-0.00106526,-0.00106526,0
1773773887495,0.0874023,-0.216309,0.986816,0.00106526,-0.000532632,0
1773773887564,0.0888672,-0.216797,0.989258,-0.000532632,0,0.00106526
1773773887645,0.0888672,-0.218262,0.987793,0,-0.000532632,-0.000532632
1773773887726,0.0878906,-0.214844,0.986328,0.0015979,-0.000532632,0.000532632
1773773887797,0.0878906,-0.217773,0.987793,0,-0.00106526,-0.000532632
1773773887877,0.0893555,-0.21582,0.988281,0,-0.00106526,0.000532632
1773773887957,0.0874023,-0.216797,0.990234,0.000532632,-0.000532632,-0.00106526
1773773888028,0.0869141,-0.21875,0.98877,-0.000532632,0,0.000532632
1773773888108,0.0893555,-0.217773,0.987793,0.000532632,-0.000532632,0
1773773888189,0.0869141,-0.21875,0.986328,0.000532632,-0.00106526,-0.000532632
1773773888259,0.0874023,-0.218262,0.989258,0,-0.00106526,0.000532632
1773773888340,0.0874023,-0.21582,0.988281,-0.000532632,-0.000532632,-0.000532632
1773773888410,0.0888672,-0.21875,0.98877,0,-0.00106526,0
1773773888491,0.0878906,-0.216797,0.990234,0.000532632,0,0
1773773888571,0.0883789,-0.215332,0.98877,0,-0.000532632,-0.000532632
1773773888642,0.0893555,-0.216797,0.989258,-0.000532632,0,0
1773773888722,0.0883789,-0.216797,0.990234,0.000532632,0,0
1773773888803,0.0883789,-0.21582,0.989258,-0.000532632,-0.000532632,-0.000532632
1773773888874,0.0864258,-0.217773,0.989746,-0.000532632,-0.000532632,0
1773773888954,0.0893555,-0.218262,0.988281,0,0,0
1773773889035,0.0874023,-0.217773,0.989746,-0.000532632,0,-0.00106526
1773773889105,0.0893555,-0.21582,0.989746,-0.000532632,-0.00106526,0
1773773889186,0.0878906,-0.217285,0.990234,-0.0015979,0,0
1773773889266,0.090332,-0.214844,0.987305,0,-0.000532632,0
1773773889337,0.0883789,-0.217285,0.988281,-0.000532632,-0.00106526,0
1773773889417,0.0874023,-0.215332,0.987305,0,-0.000532632,-0.00106526
1773773889498,0.0883789,-0.216797,0.989258,0,-0.000532632,0.00106526
1773773889568,0.0878906,-0.217285,0.990723,0,0,-0.000532632
1773773889649,0.0883789,-0.216309,0.98877,-0.000532632,-0.00106526,0.000532632
1773773889719,0.0888672,-0.216309,0.989258,0.000532632,0,0.000532632
1773773889800,0.090332,-0.216309,0.987305,0,-0.000532632,-0.00106526
1773773889880,0.0878906,-0.217773,0.991699,0.000532632,0,0.000532632
1773773889951,0.0893555,-0.216797,0.990723,0.00106526,0.000532632,-0.000532632
1773773890033,0.0864258,-0.21582,0.990234,0,-0.000532632,0
1773773890112,0.0883789,-0.215332,0.987793,0,-0.000532632,-0.00106526
1773773890183,0.0893555,-0.215332,0.989258,0,-0.000532632,0
1773773890263,0.0874023,-0.21875,0.990234,0.000532632,0,0
1773773890344,0.0859375,-0.21875,0.989746,-0.000532632,0,0.000532632
1773773890414,0.0883789,-0.218262,0.988281,0.00106526,0,0.000532632
1773773890495,0.0864258,-0.21582,0.989746,0.000532632,-0.00106526,0
1773773890576,0.0869141,-0.217285,0.987793,-0.000532632,0.000532632,0.00106526
1773773890646,0.0874023,-0.216797,0.990234,0.000532632,-0.000532632,0
1773773890727,0.0883789,-0.217285,0.990723,0,-0.00106526,0
1773773890807,0.090332,-0.215332,0.989258,-0.000532632,-0.000532632,-0.000532632
1773773890878,0.0864258,-0.217773,0.98877,0.000532632,0.000532632,0
1773773890958,0.0893555,-0.217773,0.990234,-0.000532632,-0.000532632,0.000532632
1773773891029,0.0869141,-0.217285,0.990723,0.000532632,-0.0015979,-0.00106526
1773773891109,0.0878906,-0.217285,0.990234,0,0,0.00106526
1773773891190,0.0893555,-0.21875,0.987793,-0.00106526,-0.000532632,-0.000532632
1773773891260,0.0878906,-0.218262,0.987793,0,-0.00106526,-0.00106526
1773773891341,0.0893555,-0.217285,0.986328,-0.000532632,-0.000532632,0
1773773891421,0.0893555,-0.216309,0.988281,-0.000532632,-0.000532632,0
1773773891492,0.090332,-0.21582,0.986816,0,-0.000532632,0
1773773891573,0.0898438,-0.21582,0.98877,0,-0.000532632,-0.000532632
1773773891653,0.0878906,-0.218262,0.987793,0.000532632,-0.000532632,-0.000532632
1773773891724,0.0874023,-0.217773,0.987305,0.000532632,0,0
1773773891804,0.0874023,-0.217773,0.987793,-0.000532632,-0.00106526,0.000532632
1773773891885,0.0874023,-0.216797,0.988281,0,0,0
1773773891955,0.0878906,-0.215332,0.989258,0.00106526,0,0
1773773892036,0.0898438,-0.214355,0.98877,0.00106526,0,0.000532632
1773773892116,0.0888672,-0.21875,0.989258,-0.000532632,0,-0.000532632
1773773892187,0.0878906,-0.218262,0.987305,0,-0.00213053,0
1773773892267,0.0888672,-0.217773,0.98877,-0.000532632,-0.000532632,-0.000532632
1773773892338,0.0874023,-0.21582,0.98877,0,0,0.000532632
1773773892418,0.0869141,-0.216309,0.988281,-0.000532632,-0.00106526,-0.000532632
1773773892500,0.0874023,-0.21582,0.987793,-0.000532632,0,0
1773773892569,0.0878906,-0.217285,0.989258,0.000532632,0,0
1773773892650,0.0864258,-0.217285,0.988281,0,-0.0015979,0
1773773892731,0.0869141,-0.217773,0.989258,-0.000532632,-0.0015979,-0.00106526
1773773892801,0.0878906,-0.217285,0.988281,0,0,0
1773773892882,0.0874023,-0.216797,0.98877,-0.000532632,0,-0.00106526
1773773892962,0.0878906,-0.216309,0.987793,0.000532632,-0.000532632,0.000532632
1773773893033,0.0869141,-0.218262,0.988281,0.000532632,-0.00106526,0
1773773893113,0.0878906,-0.218262,0.988281,0,-0.0015979,0
1773773893194,0.0864258,-0.21875,0.987305,0,-0.000532632,0
1773773893264,0.0869141,-0.219727,0.989746,0,0,-0.000532632
1773773893345,0.0888672,-0.216797,0.988281,-0.000532632,-0.000532632,0.000532632
1773773893415,0.0878906,-0.216309,0.989258,0,0,0.000532632
1773773893496,0.0898438,-0.216309,0.987793,0,-0.000532632,0.0015979
1773773893576,0.0869141,-0.217285,0.98877,0,-0.000532632,0
1773773893647,0.0878906,-0.217285,0.989258,-0.000532632,-0.000532632,0
1773773893728,0.0878906,-0.216797,0.988281,-0.00106526,-0.000532632,0.000532632
1773773893808,0.0869141,-0.218262,0.986816,0.00106526,-0.000532632,-0.000532632
1773773893879,0.0874023,-0.217773,0.988281,0.000532632,-0.00106526,-0.00106526
1773773893960,0.0883789,-0.216797,0.990234,0.000532632,-0.000532632,0
1773773894040,0.0878906,-0.21582,0.987305,0.000532632,-0.000532632,0
1773773894111,0.0893555,-0.21582,0.987305,0.000532632,0,-0.0015979
1773773894191,0.0874023,-0.219238,0.988281,-0.000532632,-0.000532632,-0.00106526
1773773894272,0.0864258,-0.216309,0.987305,-0.000532632,-0.00106526,0.000532632
1773773894343,0.0893555,-0.216797,0.98877,0.000532632,-0.000532632,0
1773773894423,0.0878906,-0.216309,0.988281,-0.000532632,-0.000532632,0.00106526
1773773894494,0.0869141,-0.217773,0.988281,0,-0.00106526,0
1773773894574,0.0874023,-0.217285,0.987305,0,0,0
1773773894655,0.0893555,-0.217773,0.987305,-0.000532632,-0.00106526,-0.000532632
1773773894725,0.0878906,-0.21582,0.988281,0,0.000532632,0.000532632
1773773894806,0.0893555,-0.217773,0.986816,0,-0.000532632,-0.0015979
1773773894886,0.090332,-0.219238,0.988281,0.000532632,-0.000532632,-0.00106526
1773773894957,0.0869141,-0.21875,0.987793,0,-0.000532632,0.000532632
1773773895037,0.0888672,-0.216797,0.989746,0,-0.000532632,-0.000532632
1773773895118,0.0878906,-0.216797,0.990234,0,0.00106526,0
1773773895188,0.0874023,-0.216797,0.988281,0,-0.00106526,0
1773773895269,0.0888672,-0.216309,0.98877,0.000532632,0,0
1773773895349,0.0874023,-0.218262,0.989746,0,-0.00106526,0
1773773895420,0.0878906,-0.217285,0.988281,0.00106526,-0.000532632,-0.000532632
1773773895500,0.0878906,-0.216797,0.987305,0,-0.000532632,0
1773773895581,0.0844727,-0.218262,0.987793,0.00106526,0,-0.00106526
1773773895653,0.0869141,-0.21875,0.989258,0,-0.00106526,-0.000532632
1773773895732,0.0874023,-0.217285,0.986328,0,-0.00106526,-0.000532632
1773773895802,0.0864258,-0.219727,0.987305,0,-0.000532632,0.000532632
1773773895883,0.0874023,-0.216309,0.987793,0.000532632,-0.000532632,-0.000532632
1773773895963,0.0878906,-0.216797,0.98877,-0.000532632,0,-0.0015979
1773773896034,0.0864258,-0.219238,0.98877,0.00106526,-0.000532632,0.000532632
1773773896114,0.0888672,-0.217285,0.98877,-0.000532632,-0.000532632,-0.000532632
1773773896195,0.0869141,-0.21875,0.988281,0.000532632,-0.00106526,-0.000532632
1773773896266,0.0893555,-0.218262,0.988281,0,-0.000532632,-0.00106526
1773773896346,0.0874023,-0.217773,0.985352,-0.000532632,-0.000532632,-0.00106526
1773773896427,0.0883789,-0.216797,0.989258,0,-0.00106526,-0.000532632
1773773896497,0.0888672,-0.216797,0.988281,-0.000532632,0,0.000532632
1773773896578,0.0878906,-0.217285,0.988281,0.000532632,-0.000532632,-0.00106526
1773773896658,0.0888672,-0.215332,0.987793,0,-0.000532632,0.00106526
1773773896729,0.0874023,-0.216797,0.988281,0,-0.000532632,-0.000532632
1773773896809,0.0874023,-0.216797,0.98877,-0.000532632,-0.000532632,0.000532632
1773773896890,0.0874023,-0.218262,0.987305,-0.000532632,-0.000532632,0
1773773896960,0.0878906,-0.218262,0.990234,-0.00106526,-0.0015979,0.000532632
1773773897041,0.0864258,-0.218262,0.98877,0,0.000532632,-0.000532632
1773773897111,0.0898438,-0.217285,0.986816,0.000532632,-0.000532632,0.000532632
1773773897192,0.0883789,-0.220215,0.988281,0.000532632,0.000532632,0.000532632
1773773897273,0.0874023,-0.217773,0.986816,-0.00106526,-0.000532632,0
1773773897343,0.0893555,-0.218262,0.988281,-0.00106526,-0.000532632,0
1773773897423,0.0898438,-0.219238,0.98877,-0.00106526,0,0.000532632
1773773897504,0.0864258,-0.218262,0.989258,-0.000532632,-0.0015979,0
1773773897575,0.0898438,-0.21582,0.98877,-0.000532632,-0.000532632,0.000532632
1773773897655,0.0898438,-0.215332,0.988281,-0.000532632,-0.000532632,0
1773773897737,0.0859375,-0.216797,0.986816,0,-0.000532632,0.000532632
1773773897806,0.0883789,-0.216309,0.988281,0,-0.000532632,0.000532632
1773773897887,0.0888672,-0.217285,0.987793,0,0,0.000532632
1773773897967,0.0878906,-0.218262,0.989746,0.000532632,-0.000532632,0.000532632
1773773898038,0.0869141,-0.216797,0.989746,0,-0.00106526,-0.000532632
1773773898118,0.0859375,-0.217773,0.98877,0,-0.000532632,-0.000532632
1773773898199,0.0893555,-0.217285,0.990723,0,0,0.000532632
1773773898269,0.0883789,-0.216309,0.988281,0,-0.000532632,-0.000532632
1773773898350,0.0874023,-0.21582,0.986816,-0.000532632,-0.000532632,0
1773773898420,0.0874023,-0.218262,0.989746,0,0,0.000532632
1773773898501,0.0878906,-0.218262,0.989258,-0.000532632,-0.000532632,0.000532632
1773773898581,0.0878906,-0.218262,0.988281,0,0,-0.000532632
1773773898652,0.0878906,-0.219238,0.989746,0,0,-0.000532632
1773773898733,0.0893555,-0.219727,0.990234,-0.000532632,-0.000532632,0
1773773898813,0.0883789,-0.21875,0.988281,-0.000532632,-0.000532632,0
1773773898884,0.0883789,-0.217773,0.98877,0.00106526,-0.000532632,-0.000532632
1773773898964,0.0869141,-0.217285,0.990723,0.000532632,-0.000532632,-0.000532632
1773773899045,0.0869141,-0.218262,0.987793,0.000532632,-0.000532632,-0.00106526
1773773899115,0.0883789,-0.217773,0.989746,0.000532632,-0.00106526,0
1773773899196,0.0883789,-0.216309,0.987793,-0.000532632,-0.000532632,0
1773773899277,0.0874023,-0.217285,0.985352,-0.000532632,0,0
1773773899347,0.0878906,-0.216797,0.986816,-0.000532632,0,0
1773773899427,0.0874023,-0.217773,0.987305,0.000532632,-0.000532632,0.000532632
1773773899508,0.0883789,-0.216309,0.98877,-0.00106526,0,-0.000532632
1773773899579,0.0888672,-0.21582,0.988281,0,-0.000532632,-0.00106526
1773773899659,0.0888672,-0.21582,0.988281,0,-0.00106526,0
1773773899730,0.0888672,-0.216797,0.987305,-0.000532632,0.000532632,0
1773773899810,0.0888672,-0.217773,0.990234,-0.000532632,0,0
1773773899891,0.0888672,-0.216797,0.987305,-0.00106526,0,0
1773773899961,0.0888672,-0.21875,0.98877,-0.000532632,-0.00106526,0.000532632
1773773900042,0.0874023,-0.217773,0.991211,0.000532632,-0.000532632,-0.00106526
1773773900122,0.0893555,-0.217285,0.987793,0.000532632,-0.000532632,0.000532632
1773773900193,0.0878906,-0.21582,0.98877,-0.000532632,0,-0.00106526
1773773900273,0.0878906,-0.218262,0.989258,0.000532632,-0.00106526,0.00106526
1773773900354,0.0888672,-0.218262,0.987793,0,-0.000532632,-0.00106526
1773773900424,0.0888672,-0.217285,0.990234,0,0,0
1773773900505,0.0893555,-0.21875,0.987793,0,-0.0015979,-0.000532632
1773773900586,0.0883789,-0.219238,0.987305,0.0015979,-0.0015979,0
1773773900656,0.0883789,-0.216797,0.988281,-0.000532632,-0.0015979,0.000532632
1773773900737,0.0878906,-0.217773,0.989258,-0.000532632,0.000532632,-0.00106526
1773773900807,0.0878906,-0.21582,0.987305,-0.000532632,-0.000532632,-0.000532632
1773773900888,0.0859375,-0.217285,0.991211,0,-0.0015979,0.000532632
1773773900968,0.0869141,-0.219238,0.990723,-0.00106526,-0.00106526,0
1773773901039,0.0874023,-0.217773,0.987305,0.000532632,0,0.00106526
1773773901119,0.0878906,-0.218262,0.987793,0,0,0
1773773901200,0.0878906,-0.218262,0.988281,0,0.000532632,-0.000532632
1773773901270,0.0888672,-0.217773,0.98877,0.000532632,-0.00106526,-0.000532632
1773773901351,0.0864258,-0.217285,0.989258,0,-0.00106526,-0.000532632
1773773901431,0.0864258,-0.217773,0.988281,0,-0.00106526,-0.000532632
1773773901502,0.0888672,-0.217773,0.98877,-0.000532632,-0.000532632,-0.000532632
1773773901583,0.0883789,-0.216797,0.991211,-0.000532632,0,0
1773773901663,0.0888672,-0.216309,0.989746,-0.000532632,-0.00106526,0
1773773901734,0.0874023,-0.216309,0.98877,0.000532632,-0.00106526,0
1773773901814,0.0869141,-0.216797,0.98877,-0.000532632,-0.000532632,0
1773773901895,0.0869141,-0.216309,0.987793,0,0,-0.000532632
1773773901965,0.0898438,-0.217773,0.987793,-0.000532632,-0.000532632,0
1773773902046,0.0854492,-0.217285,0.98877,0.00106526,-0.000532632,0
1773773902116,0.0878906,-0.217773,0.989746,0.00106526,0,-0.000532632
1773773902197,0.0874023,-0.218262,0.98877,0.000532632,-0.00106526,0.000532632
1773773902277,0.0888672,-0.217773,0.988281,0.00106526,0,-0.000532632
1773773902348,0.0888672,-0.217773,0.986328,0,-0.000532632,0.00106526
1773773902428,0.0854492,-0.21875,0.98584,0.00106526,0.000532632,0
1773773902509,0.0869141,-0.218262,0.986816,-0.000532632,-0.00106526,0
1773773902580,0.0869141,-0.216797,0.98877,0.00106526,-0.000532632,-0.000532632
1773773902660,0.0869141,-0.216309,0.98877,0.000532632,-0.0015979,0
1773773902741,0.0869141,-0.216309,0.987305,0.000532632,-0.000532632,0.000532632
1773773902811,0.0883789,-0.216797,0.98877,0,0,0.000532632
1773773902892,0.0893555,-0.216797,0.988281,-0.000532632,-0.0015979,0.00106526
1773773902972,0.0883789,-0.218262,0.987793,-0.000532632,-0.000532632,-0.000532632
1773773903043,0.0854492,-0.217285,0.98584,-0.000532632,-0.00106526,0
1773773903123,0.0869141,-0.218262,0.991699,0,0.000532632,0.00106526
1773773903204,0.0878906,-0.219238,0.98877,0,-0.000532632,0
1773773903274,0.0913086,-0.217773,0.989258,-0.00106526,-0.000532632,0
1773773903355,0.0883789,-0.216797,0.98877,-0.000532632,-0.000532632,0
1773773903425,0.0878906,-0.217285,0.987793,0,-0.000532632,-0.000532632
1773773903506,0.0893555,-0.217285,0.990234,-0.000532632,-0.000532632,0.000532632
1773773903586,0.0888672,-0.217285,0.990234,-0.00106526,-0.00106526,0.000532632
1773773903657,0.0888672,-0.217773,0.987305,0.000532632,-0.00106526,0.000532632
1773773903738,0.0874023,-0.216797,0.987793,0,0,0.000532632
1773773903818,0.0893555,-0.216797,0.98877,0,-0.00106526,-0.000532632
1773773903889,0.0869141,-0.215332,0.988281,0,-0.000532632,0
1773773903969,0.0864258,-0.216309,0.990234,0,-0.000532632,0.000532632
1773773904050,0.0874023,-0.217285,0.98877,0.000532632,0,-0.000532632
1773773904121,0.0874023,-0.21875,0.987793,0,-0.000532632,0.000532632
1773773904201,0.0874023,-0.216797,0.98877,0,-0.000532632,-0.00106526
1773773904281,0.0878906,-0.219727,0.989746,-0.000532632,0,0.00106526
1773773904352,0.0864258,-0.217285,0.98584,0,-0.000532632,0
1773773904432,0.0878906,-0.21875,0.986816,-0.000532632,0,0
1773773904513,0.0893555,-0.217285,0.987793,-0.000532632,0,0.000532632
1773773904583,0.0859375,-0.216309,0.989746,0.000532632,-0.00213053,0
1773773904664,0.0883789,-0.217285,0.988281,0.000532632,-0.000532632,0.000532632
1773773904734,0.0869141,-0.216797,0.987793,0,-0.000532632,0
1773773904815,0.0874023,-0.218262,0.989258,-0.0015979,-0.00106526,0
1773773904895,0.0874023,-0.218262,0.987305,-0.000532632,-0.000532632,0
1773773904966,0.0883789,-0.216797,0.990234,-0.000532632,-0.000532632,-0.000532632
1773773905047,0.0888672,-0.216797,0.98877,-0.000532632,0.000532632,-0.00106526
1773773905128,0.0888672,-0.217285,0.98877,0,-0.000532632,0
1773773905198,0.0878906,-0.218262,0.98877,0.000532632,0.000532632,-0.000532632
1773773905279,0.0888672,-0.216309,0.989258,-0.000532632,-0.000532632,0.000532632
1773773905359,0.0883789,-0.217285,0.988281,0,-0.00106526,0
1773773905430,0.0883789,-0.216309,0.989258,0,0.000532632,0.000532632
1773773905510,0.0874023,-0.218262,0.989258,0.000532632,0,0
1773773905591,0.0869141,-0.217773,0.990234,0.000532632,-0.000532632,-0.00106526
1773773905661,0.0883789,-0.217285,0.987793,-0.00106526,-0.000532632,0.000532632
1773773905742,0.0878906,-0.218262,0.989258,-0.000532632,-0.000532632,0.000532632
1773773905812,0.0854492,-0.217285,0.98877,0.000532632,-0.000532632,-0.000532632
1773773905893,0.0888672,-0.216797,0.98877,0.000532632,-0.0015979,-0.000532632
1773773905973,0.0883789,-0.218262,0.987793,0,-0.0015979,0.000532632
1773773906044,0.0883789,-0.216309,0.987305,-0.000532632,-0.00106526,0
1773773906124,0.0898438,-0.217285,0.987305,0,-0.000532632,0
1773773906205,0.0864258,-0.21875,0.988281,0,-0.000532632,0
1773773906276,0.0859375,-0.217773,0.98877,0.000532632,0,0.000532632
1773773906356,0.0888672,-0.21875,0.990234,0.000532632,-0.000532632,0
1773773906437,0.0883789,-0.218262,0.98877,-0.000532632,-0.000532632,-0.000532632
1773773906507,0.0888672,-0.215332,0.989746,-0.000532632,-0.00106526,0
1773773906588,0.0869141,-0.216797,0.986816,0.00106526,-0.00106526,-0.00106526
1773773906668,0.0883789,-0.217773,0.98877,-0.00106526,-0.000532632,0.000532632
1773773906739,0.0878906,-0.217773,0.987793,0.00106526,-0.00106526,0
1773773906819,0.0859375,-0.215332,0.987793,0.000532632,0.000532632,0.000532632
1773773906900,0.0874023,-0.217773,0.987793,-0.000532632,0,0.000532632
1773773906970,0.0864258,-0.218262,0.989258,-0.000532632,0,0
1773773907051,0.0883789,-0.219238,0.98877,-0.000532632,0,-0.000532632
1773773907131,0.0869141,-0.216309,0.989746,0.000532632,-0.00106526,0.000532632
1773773907202,0.0869141,-0.217285,0.987305,0,0,0.0015979
1773773907282,0.0869141,-0.216797,0.988281,0.0015979,0,-0.000532632
1773773907353,0.0883789,-0.219238,0.986328,0,0,0.000532632
1773773907433,0.0869141,-0.217773,0.98877,0,0,0
1773773907514,0.0878906,-0.218262,0.989746,-0.00106526,0,-0.00106526
1773773907584,0.0893555,-0.217285,0.987793,0,-0.000532632,-0.000532632
1773773907665,0.0888672,-0.217285,0.988281,0.000532632,0,-0.000532632
1773773907746,0.0878906,-0.217285,0.98877,-0.00106526,-0.000532632,-0.000532632
1773773907816,0.0874023,-0.215332,0.988281,0,-0.00106526,0
1773773907897,0.0878906,-0.217285,0.988281,-0.000532632,0,0.000532632
1773773907977,0.0878906,-0.216309,0.989258,0.000532632,0,-0.000532632
1773773908048,0.0883789,-0.218262,0.988281,0.000532632,-0.000532632,0.000532632
1773773908128,0.0859375,-0.216797,0.98877,-0.00106526,0.000532632,-0.000532632
1773773908209,0.0869141,-0.217285,0.987793,0.00106526,-0.00106526,0.000532632
1773773908279,0.0874023,-0.21875,0.98877,-0.000532632,0,-0.00106526
1773773908360,0.0859375,-0.218262,0.988281,0.000532632,-0.00106526,0
1773773908430,0.0878906,-0.218262,0.986816,0,-0.0015979,0.00106526
1773773908511,0.0878906,-0.21875,0.98877,0.000532632,-0.000532632,-0.000532632
1773773908591,0.0878906,-0.217773,0.988281,-0.000532632,-0.000532632,0
1773773908662,0.0878906,-0.217773,0.989746,0.000532632,-0.00106526,0
1773773908742,0.0864258,-0.217773,0.989258,-0.000532632,-0.000532632,0.000532632
1773773908823,0.0878906,-0.216309,0.986816,0,-0.000532632,0
1773773908894,0.0888672,-0.217285,0.987305,0,-0.000532632,0
1773773908974,0.0883789,-0.217285,0.991211,0.000532632,-0.000532632,0
1773773909054,0.0883789,-0.217285,0.987305,0,-0.000532632,0
1773773909125,0.0878906,-0.21582,0.990234,0.000532632,-0.000532632,0.00106526
1773773909205,0.0859375,-0.217285,0.988281,0,-0.00106526,-0.000532632
1773773909286,0.0898438,-0.216309,0.986816,-0.000532632,0,-0.000532632
1773773909357,0.0864258,-0.21875,0.986816,0.000532632,0.000532632,0.000532632
1773773909437,0.0893555,-0.216309,0.989746,-0.000532632,0,0
1773773909518,0.0869141,-0.219238,0.989746,0,0,0.000532632
1773773909588,0.0864258,-0.217773,0.988281,-0.000532632,-0.00106526,0
1773773909669,0.0869141,-0.216309,0.989746,-0.000532632,0,-0.000532632
1773773909739,0.0893555,-0.21875,0.989258,0,-0.000532632,-0.000532632
1773773909820,0.0883789,-0.217773,0.98877,0,0,-0.000532632
1773773909900,0.0869141,-0.216309,0.987305,0.000532632,-0.00106526,0
1773773909971,0.0888672,-0.217285,0.989746,0,-0.00213053,0
1773773910051,0.0893555,-0.21582,0.989258,0.000532632,-0.000532632,0.000532632
1773773910132,0.0864258,-0.217285,0.98877,0,-0.00106526,-0.000532632
1773773910202,0.0869141,-0.217285,0.987793,-0.000532632,0,0.000532632
1773773910283,0.0883789,-0.217285,0.990723,0,0,0.000532632
1773773910365,0.0878906,-0.219727,0.986816,0.000532632,0,-0.000532632
1773773910434,0.0854492,-0.21875,0.988281,0.000532632,-0.000532632,-0.00106526
1773773910515,0.0859375,-0.219238,0.98877,-0.000532632,0,0
1773773910595,0.0869141,-0.21875,0.989746,0,-0.000532632,0
1773773910666,0.0869141,-0.219238,0.987793,-0.000532632,-0.00106526,-0.000532632
1773773910746,0.0869141,-0.216797,0.987793,0.000532632,-0.000532632,0.000532632
1773773910827,0.0888672,-0.217773,0.987793,0,0,0
1773773910897,0.0883789,-0.219238,0.987305,0,-0.000532632,-0.00106526
1773773910978,0.0898438,-0.219238,0.988281,0.000532632,0,-0.00106526
1773773911048,0.0874023,-0.218262,0.990234,0,0,0.000532632
1773773911129,0.0864258,-0.217773,0.989258,0,-0.00106526,0.000532632
1773773911210,0.0888672,-0.217285,0.98877,-0.000532632,0.000532632,-0.00106526
1773773911280,0.0869141,-0.21875,0.987793,0,-0.000532632,0.000532632
1773773911361,0.0874023,-0.218262,0.987793,0.00106526,0,0
1773773911442,0.0883789,-0.216309,0.986328,0,0,-0.000532632
1773773911512,0.0898438,-0.218262,0.988281,0.000532632,-0.000532632,-0.000532632
1773773911592,0.0869141,-0.217773,0.990234,-0.000532632,-0.000532632,0
1773773911673,0.0869141,-0.217285,0.987305,-0.00106526,-0.000532632,0.00106526
1773773911743,0.0869141,-0.217285,0.989258,0.000532632,-0.000532632,0
1773773911824,0.0874023,-0.217285,0.98877,-0.000532632,-0.000532632,0.00106526
1773773911904,0.0864258,-0.216309,0.987793,0.000532632,-0.000532632,0.000532632
1773773911975,0.0874023,-0.217773,0.98877,0.000532632,-0.000532632,0.000532632
1773773912056,0.0854492,-0.219727,0.988281,0.00106526,-0.0015979,0
1773773912126,0.0874023,-0.219238,0.98877,0.000532632,0,-0.000532632
1773773912206,0.0874023,-0.217285,0.989258,-0.0015979,0,0
1773773912287,0.0869141,-0.217773,0.987793,-0.000532632,-0.000532632,-0.000532632
1773773912358,0.0869141,-0.218262,0.990234,0,-0.000532632,-0.000532632
1773773912438,0.0878906,-0.21875,0.98877,0.00106526,-0.000532632,0
1773773912519,0.0883789,-0.21875,0.988281,0,-0.000532632,0.00106526
1773773912589,0.0864258,-0.217773,0.989258,0.000532632,0,-0.00106526
1773773912670,0.0874023,-0.219727,0.98877,0.000532632,0,0
1773773912750,0.0883789,-0.217285,0.988281,-0.000532632,-0.000532632,-0.000532632
1773773912821,0.0859375,-0.217773,0.987793,-0.000532632,-0.00106526,0
1773773912901,0.0859375,-0.217773,0.98877,-0.000532632,-0.00106526,0
1773773912982,0.0864258,-0.216797,0.988281,0,-0.000532632,-0.000532632
1773773913052,0.0898438,-0.21582,0.98877,0.000532632,-0.000532632,-0.000532632
1773773913133,0.0878906,-0.217773,0.985352,-0.00106526,0,0
1773773913213,0.0864258,-0.216309,0.987305,0,-0.000532632,-0.00106526
1773773913284,0.0874023,-0.216797,0.988281,0.000532632,-0.000532632,0
1773773913364,0.090332,-0.217285,0.989258,-0.000532632,0.000532632,0
1773773913435,0.0864258,-0.218262,0.986816,-0.000532632,0,-0.00106526
1773773913516,0.0878906,-0.217773,0.989258,0,0,-0.000532632
1773773913596,0.0888672,-0.217285,0.989746,-0.000532632,-0.000532632,-0.00106526
1773773913667,0.0888672,-0.217285,0.986816,0.000532632,-0.0015979,0
1773773913747,0.0878906,-0.219238,0.989746,-0.000532632,-0.000532632,0
1773773913828,0.0878906,-0.217285,0.987793,0,-0.0015979,0
1773773913898,0.0878906,-0.217285,0.988281,0.00106526,-0.00106526,0
1773773913979,0.0883789,-0.21582,0.987793,0,0,0.00106526
1773773914059,0.0864258,-0.218262,0.991211,-0.000532632,0,0
1773773914130,0.0874023,-0.217285,0.989746,-0.000532632,-0.000532632,0.000532632
1773773914210,0.0878906,-0.218262,0.98877,-0.000532632,-0.000532632,0.000532632
1773773914291,0.0874023,-0.216797,0.989258,0.000532632,0.000532632,0
1773773914361,0.0874023,-0.216797,0.988281,0,0,0
1773773914442,0.0888672,-0.216797,0.989746,-0.000532632,0,-0.000532632
1773773914523,0.0878906,-0.218262,0.98877,-0.000532632,0,0
1773773914593,0.0878906,-0.218262,0.987305,-0.000532632,-0.000532632,0.000532632
1773773914674,0.0859375,-0.217285,0.986816,-0.00106526,-0.000532632,0
1773773914744,0.0864258,-0.216797,0.988281,-0.000532632,-0.000532632,-0.000532632
1773773914825,0.0888672,-0.217285,0.987305,0,-0.000532632,0.00106526
1773773914905,0.0883789,-0.219238,0.989258,-0.000532632,-0.0015979,-0.000532632
1773773914976,0.0859375,-0.218262,0.986328,0,-0.000532632,0.000532632
1773773915057,0.0864258,-0.216797,0.988281,0,-0.00106526,0.00106526
1773773915137,0.0883789,-0.217285,0.988281,0,-0.00106526,0
1773773915207,0.0874023,-0.21875,0.98877,0.000532632,-0.000532632,0.00106526
1773773915288,0.0869141,-0.218262,0.98877,-0.000532632,-0.000532632,0
1773773915369,0.0874023,-0.21875,0.987793,0,-0.000532632,0
1773773915439,0.0883789,-0.217773,0.987305,0.000532632,-0.000532632,0
1773773915520,0.0864258,-0.217773,0.989258,0,-0.000532632,-0.000532632
1773773915600,0.0874023,-0.216797,0.986328,0,-0.00106526,0
1773773915671,0.0854492,-0.21875,0.988281,0.000532632,0,0
1773773915751,0.0893555,-0.218262,0.989746,-0.000532632,0,-0.000532632
1773773915822,0.0864258,-0.216797,0.98877,-0.000532632,-0.000532632,-0.00106526
1773773915902,0.0854492,-0.216309,0.986328,0.000532632,0.00106526,0.000532632
1773773915983,0.0883789,-0.217773,0.98877,-0.000532632,0,-0.00106526
1773773916053,0.0869141,-0.216309,0.989258,0.000532632,0.000532632,0.000532632
1773773916134,0.0878906,-0.216797,0.987793,-0.000532632,-0.00106526,0
1773773916214,0.0888672,-0.219727,0.987793,0,-0.000532632,0
1773773916285,0.0859375,-0.219238,0.987793,-0.000532632,0,0.000532632
1773773916366,0.0874023,-0.21875,0.987793,0,0.000532632,0
1773773916446,0.0854492,-0.217773,0.987793,0,-0.00106526,0.000532632
1773773916517,0.0888672,-0.217773,0.987305,-0.000532632,0.000532632,-0.000532632
1773773916597,0.0859375,-0.216797,0.987305,0.000532632,-0.000532632,0
1773773916678,0.0883789,-0.217285,0.987305,0,-0.00106526,0.000532632
1773773916749,0.0874023,-0.216797,0.989258,0.000532632,-0.0015979,0
1773773916829,0.0874023,-0.21875,0.98877,0.000532632,-0.000532632,0
1773773916909,0.0859375,-0.218262,0.987793,0.000532632,-0.0015979,0.000532632
1773773916980,0.0883789,-0.219238,0.987793,-0.000532632,-0.000532632,-0.000532632
1773773917060,0.0888672,-0.217285,0.987793,-0.00106526,0.000532632,0.000532632
1773773917141,0.0878906,-0.217773,0.987305,0.000532632,0.000532632,-0.000532632
1773773917211,0.0888672,-0.21582,0.98877,0,0.000532632,-0.000532632
1773773917292,0.0883789,-0.219238,0.98877,-0.000532632,0.000532632,0
1773773917362,0.0874023,-0.218262,0.989746,0,0.000532632,0
1773773917443,0.0859375,-0.216797,0.987305,-0.000532632,-0.000532632,0
1773773917523,0.0869141,-0.216309,0.987793,0,0,-0.000532632
1773773917594,0.0893555,-0.216797,0.986816,0.000532632,0,-0.000532632
1773773917674,0.0874023,-0.216797,0.989258,-0.000532632,-0.00106526,0
1773773917755,0.0878906,-0.216797,0.987793,-0.00106526,-0.000532632,-0.000532632
1773773917826,0.0893555,-0.219727,0.989746,-0.000532632,-0.00106526,0
1773773917906,0.0883789,-0.218262,0.988281,0.00106526,-0.000532632,-0.000532632
1773773917986,0.0878906,-0.216797,0.989258,0,-0.000532632,0
1773773918057,0.0888672,-0.218262,0.986328,0,-0.000532632,0.000532632
1773773918138,0.0864258,-0.217773,0.986816,-0.000532632,-0.00106526,0.000532632
1773773918218,0.0893555,-0.216309,0.986328,0,-0.0015979,0
1773773918289,0.0878906,-0.218262,0.989746,0.000532632,-0.0015979,-0.000532632
1773773918369,0.0878906,-0.217285,0.989258,0,-0.000532632,0
1773773918440,0.0888672,-0.216309,0.988281,0,-0.000532632,0.00106526
1773773918520,0.0874023,-0.21875,0.989258,0.000532632,-0.00106526,0.000532632
1773773918601,0.0874023,-0.217285,0.989258,0,-0.000532632,0
1773773918671,0.0869141,-0.218262,0.986328,0.0015979,-0.000532632,0
1773773918752,0.0878906,-0.220703,0.986816,0,-0.00106526,0.000532632
1773773918832,0.0864258,-0.217773,0.989258,-0.000532632,-0.000532632,0
1773773918903,0.0859375,-0.217285,0.987793,0.000532632,-0.00213053,0
1773773918984,0.0883789,-0.216797,0.986328,-0.000532632,-0.000532632,0
1773773919064,0.0849609,-0.217285,0.989258,0,0,-0.000532632
1773773919134,0.0888672,-0.219727,0.987793,-0.000532632,0,0
1773773919215,0.0854492,-0.216797,0.986816,0,0,-0.000532632
1773773919296,0.0883789,-0.217285,0.98877,-0.000532632,-0.000532632,0.000532632
1773773919366,0.0849609,-0.219238,0.986816,0.000532632,0,0.000532632
1773773919447,0.0864258,-0.218262,0.987793,0,0,-0.000532632
1773773919527,0.0869141,-0.21582,0.989746,0,-0.000532632,-0.00106526
1773773919597,0.0878906,-0.217773,0.990234,0,-0.000532632,0.000532632
1773773919678,0.0859375,-0.220215,0.987793,-0.000532632,-0.000532632,0
1773773919758,0.0888672,-0.216797,0.990234,-0.000532632,-0.000532632,0.00106526
1773773919829,0.0883789,-0.216797,0.989746,-0.000532632,-0.00106526,0.000532632
1773773919909,0.0874023,-0.218262,0.989746,-0.000532632,-0.00106526,0
1773773919980,0.0878906,-0.21582,0.98877,-0.000532632,-0.0015979,0.000532632
1773773920061,0.0864258,-0.219238,0.987793,0.000532632,-0.00106526,0
1773773920141,0.0869141,-0.216797,0.990723,-0.000532632,-0.000532632,-0.000532632
1773773920212,0.0878906,-0.217773,0.987793,0,-0.000532632,-0.000532632
1773773920292,0.0874023,-0.217285,0.98877,-0.000532632,-0.0015979,0
1773773920373,0.0869141,-0.218262,0.989746,0,0,-0.000532632
1773773920443,0.0874023,-0.219727,0.988281,0.000532632,-0.000532632,-0.00106526
1773773920524,0.0883789,-0.217773,0.988281,0,-0.000532632,0
1773773920604,0.0874023,-0.21875,0.987793,-0.000532632,-0.00106526,-0.000532632
1773773920675,0.0874023,-0.21875,0.988281,-0.000532632,-0.00106526,0.00106526
1773773920755,0.0883789,-0.21875,0.98877,0.000532632,-0.000532632,0
1773773920836,0.0893555,-0.216797,0.987305,0,-0.000532632,0.000532632
1773773920906,0.0854492,-0.217773,0.986816,-0.000532632,-0.000532632,0.000532632
1773773920987,0.0869141,-0.21875,0.98877,-0.000532632,-0.000532632,0.00106526
1773773921067,0.0864258,-0.217285,0.989258,-0.00106526,-0.00106526,-0.000532632
1773773921138,0.0893555,-0.217773,0.988281,0.00106526,-0.00106526,0
1773773921219,0.0878906,-0.217773,0.98877,-0.000532632,-0.000532632,-0.000532632
1773773921289,0.0883789,-0.217773,0.989258,0.000532632,0,0.000532632
1773773921370,0.0864258,-0.217285,0.988281,0.000532632,-0.000532632,0
1773773921450,0.0888672,-0.21875,0.98877,-0.000532632,0,0.00106526
1773773921521,0.0874023,-0.216797,0.98877,0,0,0
1773773921601,0.0888672,-0.21875,0.987305,0,0,0.000532632
1773773921682,0.0883789,-0.217773,0.988281,0,-0.0015979,0
1773773921752,0.0874023,-0.217773,0.987793,0.000532632,0,-0.0015979
1773773921833,0.0869141,-0.216309,0.987305,0,0,-0.000532632
1773773921913,0.0864258,-0.217773,0.988281,0.000532632,0,-0.00106526
1773773921984,0.0913086,-0.217773,0.986816,0,0.000532632,0.000532632
1773773922064,0.0878906,-0.217773,0.989746,0.000532632,0.000532632,0.000532632
1773773922145,0.0888672,-0.217773,0.987793,0.00106526,-0.00106526,0
1773773922216,0.0874023,-0.21875,0.989746,0.000532632,-0.000532632,0.00106526
1773773922296,0.0878906,-0.218262,0.988281,0.000532632,-0.000532632,-0.000532632
1773773922376,0.0898438,-0.218262,0.98877,-0.000532632,0,-0.000532632
1773773922447,0.0878906,-0.217773,0.989746,0.000532632,0,-0.000532632
1773773922527,0.0898438,-0.218262,0.987793,0,-0.00106526,0
1773773922598,0.0878906,-0.21875,0.988281,0.000532632,-0.00106526,0
1773773922679,0.0864258,-0.218262,0.98877,0.000532632,-0.000532632,0.00106526
1773773922759,0.0864258,-0.21875,0.987793,0,-0.000532632,0.00106526
1773773922830,0.0864258,-0.218262,0.98877,0,-0.00106526,0
1773773922910,0.0893555,-0.219727,0.987305,0,-0.000532632,0
1773773922991,0.0883789,-0.21875,0.98877,0.000532632,-0.000532632,0.00106526
1773773923061,0.0883789,-0.218262,0.989258,-0.00106526,0,-0.000532632
1773773923142,0.0878906,-0.217285,0.988281,0,0,0
1773773923222,0.0859375,-0.217773,0.987793,0.00106526,-0.00106526,-0.000532632
1773773923293,0.0874023,-0.217285,0.98877,0.000532632,-0.0015979,0
1773773923373,0.0869141,-0.21582,0.989258,0,-0.00106526,0.000532632
1773773923454,0.0878906,-0.216309,0.98877,-0.000532632,-0.000532632,0
1773773923524,0.0878906,-0.216797,0.990234,0,-0.000532632,0.00106526
1773773923605,0.0874023,-0.219238,0.987793,-0.000532632,0,0
1773773923686,0.0874023,-0.217773,0.988281,-0.000532632,-0.000532632,0.000532632
1773773923756,0.0859375,-0.217773,0.988281,-0.000532632,0.000532632,-0.000532632
1773773923837,0.0878906,-0.219238,0.986816,0,0,-0.000532632
1773773923907,0.0888672,-0.21875,0.988281,0,0,0
1773773923988,0.0864258,-0.21875,0.988281,0.000532632,-0.000532632,0.000532632
1773773924068,0.0893555,-0.217285,0.987305,0,-0.000532632,0
1773773924139,0.0859375,-0.21582,0.988281,0.00106526,-0.0015979,0
1773773924220,0.0883789,-0.217773,0.987793,-0.00106526,-0.00106526,0
1773773924300,0.0883789,-0.216797,0.989746,0,-0.000532632,-0.000532632
1773773924370,0.0883789,-0.217285,0.98877,0,0,-0.000532632
1773773924451,0.0874023,-0.21582,0.987305,0,-0.000532632,-0.000532632
1773773924531,0.0888672,-0.215332,0.98877,0.00106526,0.000532632,0
1773773924602,0.0874023,-0.217285,0.990723,0.00106526,-0.00106526,0.000532632
1773773924682,0.0874023,-0.217773,0.988281,-0.00106526,-0.000532632,-0.000532632
1773773924763,0.0869141,-0.217773,0.98877,-0.000532632,-0.000532632,0.00106526
1773773924833,0.0883789,-0.219238,0.988281,0.000532632,-0.000532632,0.000532632
1773773924914,0.0874023,-0.217285,0.989746,0,-0.00106526,0
1773773924994,0.0883789,-0.219238,0.991211,-0.000532632,-0.000532632,0.000532632
1773773925065,0.0883789,-0.216797,0.989746,0,-0.00106526,0.00106526
1773773925145,0.0859375,-0.216309,0.988281,0.00106526,0,0
1773773925226,0.0874023,-0.21875,0.987305,0,-0.000532632,-0.000532632
1773773925297,0.0864258,-0.216797,0.988281,0.000532632,-0.000532632,-0.000532632
1773773925377,0.0874023,-0.218262,0.989746,0.00106526,0,0.00106526
1773773925447,0.0874023,-0.216797,0.990723,0.00106526,-0.00106526,0
1773773925528,0.0878906,-0.217285,0.986816,0.000532632,-0.000532632,0
1773773925609,0.0874023,-0.216797,0.987305,-0.0015979,-0.00106526,0
1773773925679,0.0888672,-0.217773,0.986816,0,-0.000532632,0.000532632
1773773925760,0.0874023,-0.217285,0.986816,0,-0.00106526,0
1773773925840,0.0898438,-0.218262,0.988281,0.000532632,0.000532632,-0.000532632
1773773925912,0.0888672,-0.217773,0.986328,-0.000532632,-0.000532632,0
1773773925991,0.0869141,-0.218262,0.986816,-0.000532632,-0.000532632,0.000532632
1773773926072,0.0878906,-0.217285,0.986328,0,-0.000532632,0
1773773926142,0.0898438,-0.21875,0.98877,-0.000532632,-0.00106526,0.000532632
1773773926226,0.0878906,-0.216797,0.98877,0,0,0
1773773926303,0.0893555,-0.217285,0.989258,0,-0.00106526,-0.00106526
1773773926374,0.0878906,-0.217773,0.987793,-0.000532632,-0.00213053,0
1773773926454,0.0893555,-0.216309,0.987793,0,-0.000532632,0.000532632
1773773926535,0.0883789,-0.218262,0.987793,0,-0.000532632,-0.000532632
1773773926605,0.0878906,-0.218262,0.98877,0,-0.00106526,-0.000532632
1773773926686,0.0878906,-0.218262,0.987305,0,-0.00106526,-0.000532632
1773773926756,0.0874023,-0.217285,0.990234,-0.000532632,-0.00106526,0
1773773926837,0.090332,-0.218262,0.987793,-0.000532632,-0.000532632,0
1773773926918,0.0883789,-0.217773,0.98877,0,-0.00106526,-0.000532632
1773773926988,0.0898438,-0.217773,0.987305,-0.000532632,0,0
1773773927069,0.0869141,-0.217285,0.989746,0.000532632,-0.000532632,0.000532632
1773773927150,0.0874023,-0.217285,0.987305,-0.000532632,-0.000532632,0.000532632
1773773927221,0.0874023,-0.218262,0.98877,-0.00106526,-0.00106526,-0.0015979
1773773927301,0.0874023,-0.217773,0.98584,0.00106526,0,-0.000532632
1773773927382,0.0869141,-0.216797,0.98877,-0.00106526,0,0
1773773927452,0.0888672,-0.219238,0.987305,0.000532632,-0.0015979,-0.00106526
1773773927533,0.0864258,-0.217285,0.98877,0,-0.00106526,-0.00106526
1773773927603,0.0878906,-0.217285,0.988281,-0.000532632,-0.00106526,0.000532632
1773773927684,0.0888672,-0.217285,0.98584,-0.000532632,-0.000532632,0.000532632
1773773927764,0.0854492,-0.217773,0.989258,0,-0.000532632,0
1773773927835,0.0869141,-0.217285,0.986816,0.00106526,-0.000532632,-0.00106526
1773773927915,0.0869141,-0.217285,0.987793,0,-0.000532632,0.000532632
1773773927996,0.0878906,-0.21875,0.987305,0.00106526,0,0
1773773928066,0.0874023,-0.21875,0.987793,0.000532632,0,0.000532632
1773773928147,0.0883789,-0.217773,0.987305,-0.00106526,-0.00106526,0.000532632
1773773928227,0.0874023,-0.216797,0.986328,0,-0.000532632,-0.000532632
1773773928298,0.0874023,-0.218262,0.989258,0.000532632,-0.00106526,0.000532632
1773773928379,0.0888672,-0.21582,0.989746,-0.000532632,-0.000532632,0
1773773928459,0.0874023,-0.217285,0.988281,-0.000532632,-0.00106526,-0.00106526
1773773928530,0.0878906,-0.216797,0.989746,0,0,0.000532632
1773773928610,0.0869141,-0.214844,0.98877,0,-0.0015979,-0.000532632
1773773928691,0.0883789,-0.217285,0.987305,-0.000532632,0,-0.000532632
1773773928761,0.0869141,-0.216309,0.987305,-0.000532632,0,0.00106526
1773773928842,0.0878906,-0.216309,0.989258,0,0,0.000532632
1773773928912,0.0864258,-0.217285,0.987793,-0.000532632,-0.000532632,-0.000532632
1773773928993,0.0893555,-0.216309,0.988281,-0.000532632,-0.00106526,-0.000532632
1773773929074,0.0874023,-0.215332,0.989258,0,0,-0.000532632
1773773929144,0.0883789,-0.218262,0.98877,0.000532632,-0.000532632,0.000532632
1773773929225,0.0864258,-0.218262,0.987793,0,-0.000532632,0.000532632
1773773929305,0.0874023,-0.218262,0.989258,0,0,0
1773773929376,0.0878906,-0.21875,0.987793,-0.00106526,0.000532632,0.000532632
1773773929456,0.0878906,-0.21875,0.987793,0.000532632,0,-0.000532632
1773773929537,0.0893555,-0.216797,0.989258,-0.000532632,-0.00106526,-0.000532632
1773773929607,0.0874023,-0.217285,0.987793,-0.000532632,-0.000532632,0
1773773929688,0.0898438,-0.216797,0.989746,0,-0.00106526,0.000532632
1773773929768,0.0864258,-0.21875,0.986816,0.000532632,0,0.000532632
1773773929839,0.0893555,-0.220215,0.987793,0,-0.000532632,0
1773773929919,0.0859375,-0.217773,0.989746,0.00106526,-0.00106526,-0.000532632
1773773929991,0.0874023,-0.217773,0.988281,0,-0.0015979,-0.000532632
1773773930070,0.0878906,-0.218262,0.987793,-0.000532632,-0.000532632,0
1773773930151,0.0883789,-0.217773,0.986816,0.000532632,-0.000532632,-0.000532632
1773773930221,0.0874023,-0.217773,0.988281,-0.000532632,-0.00106526,0.000532632
1773773930302,0.0874023,-0.216797,0.987793,0,-0.000532632,-0.00106526
1773773930382,0.0883789,-0.219238,0.98877,0.000532632,-0.00106526,0.00106526
1773773930453,0.0874023,-0.218262,0.98877,0,-0.00106526,-0.000532632
1773773930533,0.0859375,-0.217773,0.989258,-0.000532632,-0.000532632,-0.000532632
1773773930614,0.0864258,-0.217773,0.988281,0.00106526,-0.00106526,-0.000532632
1773773930685,0.0898438,-0.217773,0.987793,0,-0.000532632,0
1773773930765,0.0898438,-0.218262,0.988281,-0.000532632,-0.000532632,-0.000532632
1773773930846,0.0869141,-0.218262,0.98877,0.00106526,0.000532632,0.000532632
1773773930916,0.0883789,-0.217773,0.987793,-0.000532632,-0.000532632,-0.000532632
1773773930997,0.0888672,-0.217773,0.988281,0.000532632,0,-0.00106526
1773773931067,0.0888672,-0.217285,0.988281,-0.000532632,-0.000532632,0.000532632
1773773931148,0.0893555,-0.217285,0.987305,0,0.000532632,-0.000532632
1773773931228,0.0898438,-0.21582,0.989258,0,0,-0.000532632
1773773931299,0.0883789,-0.218262,0.988281,0,-0.00106526,0
1773773931381,0.0854492,-0.216797,0.98584,-0.000532632,-0.000532632,0
1773773931460,0.0864258,-0.218262,0.988281,0.00106526,-0.000532632,0
1773773931530,0.0878906,-0.217773,0.98877,-0.00106526,-0.000532632,-0.000532632
1773773931611,0.0878906,-0.216797,0.987793,0.00106526,0,0.000532632
1773773931692,0.0869141,-0.218262,0.98877,-0.000532632,-0.000532632,0
1773773931762,0.0878906,-0.217285,0.989258,0.000532632,-0.000532632,-0.0015979
1773773931842,0.0874023,-0.217773,0.987305,0.000532632,-0.0015979,0
1773773931923,0.0869141,-0.220215,0.988281,0,-0.000532632,0.000532632
1773773931994,0.0869141,-0.217773,0.98877,0,0,0.000532632
1773773932074,0.0859375,-0.217285,0.986816,0,0,-0.000532632
1773773932155,0.0893555,-0.217285,0.987793,0,-0.000532632,0
1773773932225,0.0864258,-0.217773,0.98877,0.000532632,-0.000532632,0.000532632
1773773932306,0.0883789,-0.217285,0.98877,-0.000532632,0,0
1773773932387,0.0874023,-0.217773,0.987793,-0.00106526,-0.00213053,-0.000532632
1773773932457,0.0864258,-0.217285,0.98877,-0.000532632,0.000532632,0.000532632
1773773932537,0.0864258,-0.217773,0.988281,-0.000532632,0,-0.000532632
1773773932608,0.0893555,-0.217285,0.989258,0.000532632,-0.000532632,0.000532632
1773773932688,0.0878906,-0.217773,0.987305,-0.00106526,0,0
1773773932769,0.0888672,-0.217285,0.988281,0,-0.000532632,0.000532632
1773773932839,0.0878906,-0.217285,0.989746,-0.000532632,-0.00106526,0
1773773932920,0.0883789,-0.216797,0.98877,0,-0.000532632,0.000532632
1773773933000,0.0878906,-0.21582,0.98584,0,0,0.000532632
1773773933071,0.0888672,-0.216309,0.988281,0,-0.00106526,-0.000532632
1773773933151,0.0883789,-0.216797,0.987793,-0.000532632,0.000532632,-0.0015979
1773773933232,0.0864258,-0.217285,0.987793,-0.000532632,-0.000532632,0
1773773933303,0.0888672,-0.217285,0.987793,0.0015979,-0.000532632,-0.00106526
1773773933386,0.0893555,-0.217773,0.987793,0.000532632,0,0
1773773933464,0.0898438,-0.216309,0.988281,-0.000532632,-0.000532632,0
1773773933534,0.0883789,-0.21875,0.98877,-0.00106526,-0.000532632,0
1773773933615,0.0869141,-0.217773,0.987793,-0.00106526,-0.000532632,-0.000532632
1773773933696,0.0883789,-0.21875,0.988281,0,0,-0.000532632
1773773933766,0.0883789,-0.21875,0.988281,0,0,-0.000532632
1773773933847,0.0878906,-0.217773,0.988281,-0.000532632,-0.000532632,0.000532632
1773773933917,0.0893555,-0.21875,0.987793,-0.00106526,-0.000532632,0.000532632
1773773933997,0.0878906,-0.217773,0.988281,-0.000532632,-0.000532632,0
1773773934078,0.0874023,-0.218262,0.989258,0.000532632,0,0
1773773934149,0.0883789,-0.216309,0.986816,0.000532632,0,0
1773773934229,0.0869141,-0.217285,0.989258,0,0,0.00106526
1773773934310,0.0888672,-0.217773,0.987793,0,-0.000532632,-0.000532632
1773773934380,0.0883789,-0.218262,0.986816,-0.00106526,-0.00106526,-0.000532632
1773773934461,0.0888672,-0.216797,0.98877,-0.00106526,-0.000532632,0
1773773934541,0.0874023,-0.216797,0.98877,0,-0.0015979,0
1773773934612,0.0878906,-0.218262,0.987305,-0.000532632,-0.00106526,-0.00106526
1773773934692,0.0874023,-0.219238,0.987793,0,-0.0015979,0
1773773934773,0.0869141,-0.216797,0.98877,-0.000532632,-0.00106526,0
1773773934844,0.0869141,-0.217773,0.98877,-0.000532632,-0.000532632,0.000532632
1773773934924,0.0888672,-0.218262,0.990234,0,-0.00106526,0
1773773935004,0.0869141,-0.216309,0.98877,-0.000532632,0,-0.000532632
1773773935075,0.0883789,-0.217773,0.988281,0,-0.00106526,-0.000532632
1773773935155,0.0874023,-0.218262,0.98877,0.00106526,0,-0.000532632
1773773935226,0.0893555,-0.217285,0.98877,0.000532632,-0.000532632,0.000532632
1773773935307,0.0888672,-0.21875,0.988281,-0.000532632,0,-0.000532632
1773773935388,0.0874023,-0.217285,0.986816,0,0.000532632,0
1773773935458,0.0883789,-0.21875,0.98584,0.000532632,-0.000532632,0.000532632
1773773935538,0.0869141,-0.21582,0.98877,-0.00106526,-0.000532632,-0.000532632
1773773935619,0.0854492,-0.218262,0.987305,-0.000532632,0,-0.000532632
1773773935689,0.0878906,-0.218262,0.989258,0.00106526,-0.000532632,0
1773773935770,0.0888672,-0.219727,0.989746,0,-0.00106526,-0.000532632
1773773935850,0.0883789,-0.218262,0.98877,0.000532632,-0.000532632,0
1773773935921,0.0878906,-0.216797,0.989746,-0.000532632,0,-0.00106526
1773773936001,0.0893555,-0.216797,0.98877,0.000532632,-0.000532632,0
1773773936082,0.0859375,-0.217285,0.98877,0,-0.000532632,0.000532632
1773773936153,0.0878906,-0.216797,0.987793,0,0,-0.000532632
1773773936233,0.0874023,-0.218262,0.989258,0,-0.000532632,-0.000532632
1773773936304,0.0883789,-0.216797,0.989258,-0.00106526,0.000532632,-0.000532632
1773773936384,0.0869141,-0.217773,0.986816,0,0,-0.000532632
1773773936465,0.0874023,-0.216797,0.98584,0.000532632,0,0.000532632
1773773936535,0.0893555,-0.217285,0.988281,0,0,0
1773773936616,0.0869141,-0.21875,0.986328,0,0,0.000532632
1773773936696,0.0893555,-0.217285,0.98877,0.000532632,-0.00106526,0.000532632
1773773936767,0.0859375,-0.217773,0.987793,0,-0.00213053,-0.000532632
1773773936847,0.0874023,-0.217773,0.988281,0,-0.00106526,0
1773773936928,0.0874023,-0.217773,0.987793,0.000532632,0,0
1773773936999,0.0878906,-0.218262,0.988281,0.000532632,-0.0015979,0.000532632
1773773937079,0.0854492,-0.21875,0.987793,0,-0.00106526,0.000532632
1773773937160,0.0859375,-0.217285,0.98877,0.0015979,-0.000532632,0.000532632
1773773937230,0.0883789,-0.21582,0.987305,-0.000532632,-0.000532632,-0.000532632
1773773937311,0.0874023,-0.217773,0.988281,0,-0.00106526,0.000532632
1773773937383,0.0878906,-0.217285,0.986328,-0.000532632,-0.000532632,0
1773773937463,0.0883789,-0.21875,0.986328,0,-0.000532632,0
1773773937543,0.0854492,-0.217773,0.988281,-0.000532632,-0.00106526,0.00106526
1773773937614,0.0898438,-0.217285,0.989258,-0.000532632,-0.000532632,0
1773773937695,0.0859375,-0.217773,0.987793,0.00106526,-0.00106526,0
1773773937775,0.0878906,-0.21875,0.987793,0,-0.000532632,-0.000532632
1773773937846,0.090332,-0.216797,0.98877,0.000532632,-0.00106526,0
1773773937926,0.0869141,-0.21875,0.98877,0,0,0
1773773938007,0.0869141,-0.21875,0.987793,0.00106526,0,0.00106526
1773773938077,0.0859375,-0.219727,0.98584,-0.000532632,-0.00106526,0.000532632
1773773938158,0.0878906,-0.218262,0.988281,-0.000532632,0,-0.000532632
1773773938228,0.0878906,-0.21875,0.989258,0,-0.000532632,-0.000532632
1773773938309,0.0874023,-0.217773,0.986816,-0.000532632,0.000532632,0
1773773938390,0.0878906,-0.218262,0.987305,-0.000532632,-0.000532632,0
1773773938461,0.0859375,-0.218262,0.989258,0,0,0.000532632
1773773938541,0.0883789,-0.216309,0.987793,0.000532632,-0.000532632,0
1773773938622,0.0864258,-0.217285,0.987305,0.000532632,-0.000532632,0
1773773938692,0.0888672,-0.216797,0.987793,0.00106526,-0.00106526,0
1773773938773,0.0869141,-0.215332,0.986816,0,0,0.00106526
1773773938853,0.0878906,-0.216797,0.987793,0,-0.000532632,-0.000532632
1773773938924,0.0874023,-0.217773,0.988281,0.00106526,-0.00106526,0
1773773939005,0.0869141,-0.217285,0.986816,-0.000532632,-0.00106526,-0.000532632
1773773939085,0.0869141,-0.21875,0.988281,0,0,0
1773773939155,0.0878906,-0.216797,0.98877,-0.00106526,-0.000532632,-0.000532632
1773773939236,0.0883789,-0.215332,0.987305,0,-0.000532632,0
1773773939306,0.0874023,-0.219238,0.986816,-0.00106526,-0.00213053,0
1773773939387,0.0869141,-0.218262,0.987793,-0.00106526,-0.000532632,-0.000532632
1773773939467,0.0883789,-0.217285,0.989258,0,-0.000532632,-0.000532632
1773773939538,0.0874023,-0.215332,0.986816,0,-0.00106526,0.000532632
1773773939619,0.0869141,-0.21582,0.988281,-0.000532632,0.000532632,-0.000532632
1773773939699,0.0878906,-0.21875,0.986816,0.000532632,0,0
1773773939770,0.0883789,-0.219238,0.987793,-0.000532632,-0.000532632,0.00106526
1773773939850,0.0883789,-0.21875,0.987305,-0.000532632,-0.000532632,0.000532632
1773773939931,0.0888672,-0.216797,0.988281,-0.000532632,0,-0.00106526
1773773940001,0.0874023,-0.214844,0.986816,-0.000532632,-0.00106526,0
1773773940082,0.0864258,-0.217773,0.98877,0.000532632,-0.000532632,0
1773773940162,0.0888672,-0.218262,0.987793,-0.000532632,-0.000532632,0
1773773940233,0.0874023,-0.217773,0.989746,0.000532632,-0.000532632,-0.00106526
1773773940314,0.0888672,-0.218262,0.988281,0,-0.0015979,-0.000532632
1773773940385,0.0898438,-0.216309,0.987793,0.000532632,-0.000532632,0.00106526
1773773940465,0.0874023,-0.216309,0.98877,0,0,0.000532632
1773773940545,0.0854492,-0.217773,0.990234,0,0,0
1773773940625,0.0883789,-0.216309,0.98877,-0.000532632,0,0
1773773940696,0.0874023,-0.216309,0.988281,-0.000532632,0,0
1773773940776,0.0864258,-0.217285,0.987305,0,0,0.000532632
1773773940847,0.0878906,-0.216797,0.987793,0,-0.000532632,0.000532632
1773773940927,0.0893555,-0.216309,0.986328,0,-0.000532632,0
1773773941008,0.0874023,-0.217285,0.987793,-0.000532632,0.00106526,-0.000532632
1773773941078,0.0874023,-0.219238,0.987793,0,-0.000532632,-0.000532632
1773773941159,0.0893555,-0.219727,0.988281,-0.000532632,0.000532632,0
1773773941240,0.0869141,-0.21875,0.988281,-0.00106526,-0.00106526,-0.000532632
1773773941311,0.0888672,-0.217285,0.987305,-0.00106526,0,-0.00106526
1773773941391,0.0878906,-0.219727,0.987793,0.00106526,0,-0.000532632
1773773941471,0.0874023,-0.218262,0.988281,0,-0.000532632,0.00106526
1773773941541,0.0888672,-0.218262,0.98877,0.000532632,0,0.000532632
1773773941622,0.0883789,-0.21875,0.98877,0.000532632,0,0.00106526
1773773941703,0.0888672,-0.217773,0.987305,0.000532632,-0.000532632,0.000532632
1773773941773,0.0883789,-0.216797,0.98877,-0.000532632,-0.00106526,0
1773773941854,0.0878906,-0.217285,0.98877,0,-0.000532632,0.000532632
1773773941934,0.0869141,-0.217773,0.986328,0,-0.000532632,-0.00106526
1773773942005,0.0888672,-0.218262,0.98877,0.00106526,-0.000532632,0.000532632
1773773942085,0.0849609,-0.216797,0.98877,0,-0.000532632,-0.000532632
1773773942156,0.0874023,-0.216309,0.98877,0.000532632,-0.0015979,0.00106526
1773773942236,0.0893555,-0.217773,0.988281,0,-0.00106526,0
1773773942317,0.0883789,-0.216797,0.98877,-0.000532632,-0.00106526,-0.000532632
1773773942387,0.0849609,-0.21582,0.989258,0.00106526,-0.00106526,-0.000532632
1773773942468,0.0874023,-0.215332,0.989746,0,0.000532632,0.00106526
1773773942549,0.0888672,-0.21582,0.98877,-0.000532632,0,-0.000532632
1773773942619,0.0878906,-0.217285,0.986816,0.000532632,-0.000532632,0
1773773942700,0.0874023,-0.216309,0.988281,0,-0.0015979,0
1773773942780,0.0874023,-0.21875,0.986816,0.000532632,-0.000532632,0
1773773942851,0.0874023,-0.216797,0.98877,0.000532632,-0.00106526,0
1773773942931,0.0893555,-0.216309,0.987305,0,0,-0.00106526
1773773943012,0.0888672,-0.218262,0.987305,0,-0.000532632,0
1773773943083,0.0874023,-0.219238,0.988281,0,0.000532632,0.000532632
1773773943163,0.0878906,-0.219238,0.989258,0,-0.00106526,0.000532632
1773773943234,0.0878906,-0.216797,0.98877,-0.000532632,-0.000532632,-0.000532632
1773773943315,0.0878906,-0.216797,0.989258,0.000532632,-0.0015979,-0.00106526
1773773943395,0.0878906,-0.217285,0.990234,-0.00106526,-0.0015979,0
1773773943465,0.090332,-0.216309,0.989746,0,0,-0.000532632
1773773943546,0.0883789,-0.216797,0.98877,-0.000532632,-0.00106526,0
1773773943626,0.0874023,-0.216797,0.98877,0.000532632,-0.000532632,0
1773773943697,0.0874023,-0.217285,0.989258,-0.0015979,-0.00106526,0
1773773943777,0.0874023,-0.216309,0.986328,0.000532632,0.000532632,-0.000532632
1773773943858,0.0888672,-0.217773,0.987793,0,-0.00106526,-0.000532632
1773773943928,0.0883789,-0.216797,0.987305,-0.000532632,-0.000532632,0.000532632
1773773944009,0.0878906,-0.216797,0.988281,-0.000532632,0,0.000532632
1773773944090,0.0874023,-0.21875,0.987793,-0.000532632,-0.00106526,0
1773773944160,0.0878906,-0.217285,0.986816,0.000532632,-0.000532632,0
1773773944241,0.0878906,-0.21875,0.987793,0.000532632,0,0
1773773944321,0.0869141,-0.217773,0.989746,-0.000532632,0,0
1773773944392,0.0874023,-0.21875,0.989258,-0.000532632,-0.000532632,0
1773773944472,0.0878906,-0.217285,0.988281,-0.000532632,0.000532632,-0.000532632
1773773944543,0.0859375,-0.217285,0.987305,0,0,0
1773773944624,0.090332,-0.218262,0.988281,0.00106526,-0.0015979,0
1773773944704,0.0878906,-0.218262,0.98877,0,-0.000532632,-0.000532632
1773773944774,0.0874023,-0.217285,0.987793,0,-0.00106526,0.000532632
1773773944855,0.0883789,-0.218262,0.987793,0.00106526,-0.000532632,-0.000532632
1773773944935,0.0883789,-0.217285,0.988281,0.000532632,-0.0015979,0.000532632
1773773945006,0.0893555,-0.217773,0.987793,0,-0.000532632,-0.000532632
1773773945086,0.0874023,-0.217285,0.988281,-0.000532632,-0.000532632,0
1773773945167,0.0878906,-0.21875,0.987793,-0.000532632,0.000532632,-0.000532632
1773773945237,0.0893555,-0.21875,0.990234,0,0,-0.00213053
1773773945318,0.0869141,-0.215332,0.988281,0,-0.00106526,0
1773773945399,0.0893555,-0.217773,0.98877,0,0,0
1773773945469,0.0864258,-0.217773,0.987793,0,-0.00106526,-0.00106526
1773773945550,0.0874023,-0.218262,0.989258,0.000532632,-0.00106526,0
1773773945630,0.0878906,-0.218262,0.987793,0,-0.000532632,0.000532632
1773773945701,0.0869141,-0.217285,0.986816,0,0.000532632,0
1773773945781,0.0869141,-0.216309,0.98877,-0.000532632,0,-0.000532632
1773773945852,0.0854492,-0.217773,0.989258,0,0,0
1773773945933,0.0859375,-0.217285,0.989258,-0.000532632,-0.000532632,0
1773773946013,0.0888672,-0.216309,0.987793,-0.00106526,0,0.000532632
1773773946083,0.0874023,-0.217773,0.988281,0.00106526,0,0
1773773946164,0.0874023,-0.217773,0.987305,-0.000532632,-0.0015979,0
1773773946244,0.0864258,-0.217773,0.987305,0.000532632,-0.000532632,-0.000532632
1773773946315,0.0869141,-0.21582,0.989746,-0.000532632,-0.000532632,-0.00106526
1773773946395,0.0869141,-0.216797,0.98877,0.00106526,-0.00106526,0
1773773946476,0.0898438,-0.220215,0.987793,-0.000532632,-0.000532632,0.00106526
1773773946546,0.0883789,-0.217773,0.987793,0,-0.0015979,0.0015979
1773773946627,0.0874023,-0.21582,0.988281,-0.000532632,-0.00106526,0
1773773946708,0.0898438,-0.216309,0.987305,0,-0.0015979,0.000532632
1773773946778,0.0878906,-0.217773,0.98877,-0.000532632,-0.0015979,-0.000532632
1773773946858,0.0874023,-0.217773,0.987793,0,-0.000532632,-0.000532632
1773773946939,0.0874023,-0.217773,0.988281,0,-0.000532632,-0.000532632
1773773947009,0.0883789,-0.217773,0.989258,0,-0.00106526,-0.000532632
1773773947090,0.0874023,-0.214844,0.98877,-0.000532632,-0.000532632,-0.000532632
1773773947171,0.0888672,-0.217285,0.988281,0.000532632,0,0
1773773947241,0.0874023,-0.217285,0.98877,0.00106526,-0.00106526,0.000532632
1773773947322,0.0878906,-0.216309,0.989746,-0.000532632,-0.000532632,-0.0015979
1773773947392,0.0878906,-0.219238,0.989746,-0.000532632,-0.00106526,-0.000532632
1773773947473,0.0869141,-0.218262,0.98877,0,-0.000532632,0.000532632
1773773947553,0.0878906,-0.218262,0.988281,0.000532632,-0.00106526,0.0015979
1773773947624,0.0869141,-0.214844,0.989746,0,-0.000532632,0.000532632
1773773947704,0.0874023,-0.219238,0.987305,-0.00106526,-0.00106526,-0.000532632
1773773947785,0.0878906,-0.217773,0.989258,0,-0.000532632,0
1773773947855,0.0883789,-0.218262,0.98877,-0.000532632,-0.00106526,-0.000532632
1773773947936,0.0883789,-0.217773,0.989258,0,-0.000532632,0.000532632
1773773948017,0.0883789,-0.216797,0.989746,-0.00106526,-0.000532632,-0.000532632
1773773948087,0.0869141,-0.216797,0.990234,-0.000532632,-0.000532632,-0.000532632
1773773948168,0.0874023,-0.218262,0.989746,-0.000532632,-0.000532632,0
1773773948248,0.0869141,-0.217285,0.98877,-0.000532632,-0.0015979,-0.000532632
1773773948319,0.0878906,-0.217773,0.989258,-0.000532632,-0.00106526,-0.000532632
1773773948399,0.0869141,-0.216797,0.988281,-0.000532632,-0.0015979,-0.00106526
1773773948480,0.0878906,-0.216309,0.989746,0,-0.00106526,0
1773773948550,0.0859375,-0.21875,0.987793,0.000532632,0.000532632,0
1773773948631,0.0869141,-0.217285,0.98877,-0.00106526,0,-0.00106526
1773773948701,0.0869141,-0.21875,0.988281,0.000532632,-0.0015979,0.000532632
1773773948782,0.0864258,-0.217773,0.986816,0,0,-0.000532632
1773773948863,0.0878906,-0.217773,0.989258,-0.000532632,0,0
1773773948933,0.0874023,-0.216309,0.987793,0,0,0
1773773949014,0.0883789,-0.219238,0.98877,-0.0015979,-0.0015979,-0.00106526
1773773949094,0.0878906,-0.216309,0.987305,0,-0.000532632,0.000532632
1773773949165,0.0878906,-0.216797,0.988281,-0.00106526,-0.000532632,0.000532632
1773773949245,0.0878906,-0.217285,0.990234,0,-0.00106526,0.000532632
1773773949326,0.0869141,-0.219238,0.98877,0.000532632,-0.000532632,0.000532632
1773773949396,0.0859375,-0.216309,0.987793,-0.000532632,0,0
1773773949477,0.0874023,-0.216309,0.987793,0.000532632,-0.000532632,0
1773773949557,0.0878906,-0.219238,0.988281,-0.00106526,0,0
1773773949628,0.0883789,-0.217285,0.986328,0,0,0
1773773949708,0.0854492,-0.219238,0.987793,-0.000532632,-0.00106526,0.000532632
1773773949779,0.0874023,-0.217285,0.987305,-0.000532632,-0.000532632,-0.00106526
1773773949859,0.0864258,-0.216309,0.988281,0,0,-0.000532632
1773773949940,0.0878906,-0.216309,0.987305,0,-0.0015979,-0.000532632
1773773950010,0.0883789,-0.217773,0.98877,0,0,-0.00106526
1773773950091,0.0874023,-0.219727,0.986328,-0.000532632,-0.00106526,0
1773773950172,0.0908203,-0.21582,0.987305,-0.000532632,-0.000532632,-0.00106526
1773773950242,0.0874023,-0.217773,0.988281,-0.000532632,-0.000532632,0
1773773950323,0.0888672,-0.218262,0.986328,-0.00106526,-0.000532632,-0.000532632
1773773950404,0.0888672,-0.218262,0.98877,0.000532632,-0.000532632,0.00106526
1773773950474,0.0874023,-0.218262,0.987305,0,0.000532632,0
1773773950555,0.0864258,-0.218262,0.988281,-0.00106526,0,0.00106526
1773773950635,0.0878906,-0.217773,0.98877,0,-0.000532632,0
1773773950706,0.0878906,-0.217285,0.986328,0,-0.000532632,0.000532632
1773773950786,0.0883789,-0.216309,0.989258,-0.00106526,-0.000532632,0
1773773950867,0.0888672,-0.217285,0.987793,-0.000532632,0.000532632,-0.000532632
1773773950937,0.0874023,-0.214844,0.987305,0.000532632,0.000532632,-0.000532632
1773773951018,0.0869141,-0.214844,0.98877,0,0,0
1773773951089,0.0898438,-0.217773,0.988281,-0.000532632,0.000532632,-0.00106526
1773773951169,0.0883789,-0.219238,0.987793,0,-0.000532632,-0.000532632
1773773951250,0.0908203,-0.216797,0.989258,0.000532632,0,-0.000532632
1773773951320,0.0874023,-0.217773,0.989746,0.000532632,0,0
1773773951401,0.0874023,-0.216797,0.991211,0,0,-0.000532632
1773773951481,0.0864258,-0.217773,0.990234,-0.000532632,-0.000532632,0
1773773951552,0.0878906,-0.216797,0.987793,0,-0.000532632,0.000532632
1773773951632,0.0874023,-0.216797,0.98877,0.000532632,-0.000532632,-0.000532632
1773773951713,0.0859375,-0.214355,0.987793,-0.000532632,-0.000532632,0
1773773951783,0.0878906,-0.21582,0.989746,0,-0.000532632,-0.000532632
1773773951864,0.0898438,-0.218262,0.989746,0.000532632,-0.000532632,0
1773773951944,0.0883789,-0.216309,0.988281,0,-0.000532632,-0.000532632
1773773952015,0.0878906,-0.219727,0.989746,0.000532632,-0.0015979,0
1773773952095,0.0874023,-0.216797,0.98877,-0.000532632,-0.00106526,-0.000532632
1773773952176,0.0874023,-0.219238,0.990234,0,0,0
1773773952246,0.0874023,-0.216309,0.98877,0,0,0.000532632
1773773952327,0.0888672,-0.217773,0.98877,0,-0.000532632,-0.000532632
1773773952397,0.0898438,-0.216797,0.988281,0,-0.00106526,0
1773773952478,0.0883789,-0.216797,0.987793,-0.000532632,0,0
1773773952558,0.0883789,-0.217285,0.986816,0,-0.000532632,-0.000532632
1773773952629,0.0869141,-0.21582,0.987305,-0.000532632,-0.00106526,0
1773773952709,0.090332,-0.217285,0.990234,0,-0.0015979,-0.000532632
1773773952790,0.0874023,-0.21582,0.987305,-0.00106526,0.00106526,-0.00106526
1773773952860,0.0878906,-0.21582,0.98877,0,-0.000532632,-0.000532632
1773773952941,0.0864258,-0.216797,0.986816,0,0,-0.000532632
1773773953021,0.0864258,-0.21875,0.985352,0,0,0
1773773953092,0.0864258,-0.216309,0.989258,-0.000532632,-0.00106526,-0.000532632
1773773953172,0.0908203,-0.21875,0.98877,0,-0.000532632,0
1773773953253,0.0874023,-0.217773,0.988281,-0.000532632,-0.00106526,0
1773773953324,0.0893555,-0.218262,0.986328,0,0,0
1773773953404,0.0869141,-0.217773,0.987305,0,-0.00106526,-0.000532632
1773773953485,0.0874023,-0.217773,0.987793,-0.000532632,-0.000532632,0.000532632
1773773953555,0.0864258,-0.217773,0.987305,0.000532632,0,0.000532632
1773773953636,0.0888672,-0.216797,0.987305,0,-0.0015979,0
1773773953716,0.0874023,-0.217773,0.990234,0,-0.000532632,0
1773773953787,0.0869141,-0.217285,0.98877,0,-0.00106526,0
1773773953867,0.0883789,-0.217773,0.987793,0.000532632,-0.00106526,0
1773773953938,0.0878906,-0.217773,0.98877,0,0.000532632,-0.000532632
1773773954018,0.0878906,-0.216309,0.987793,-0.000532632,-0.000532632,0
1773773954099,0.0888672,-0.219238,0.987793,0,-0.00106526,-0.000532632
1773773954169,0.0874023,-0.217773,0.987305,-0.000532632,-0.00106526,0.00106526
1773773954250,0.0874023,-0.216309,0.98877,0,-0.000532632,-0.000532632
1773773954331,0.0859375,-0.217773,0.987793,0.000532632,0,-0.000532632
1773773954401,0.0878906,-0.216309,0.988281,0,-0.000532632,0.000532632
1773773954481,0.0883789,-0.217285,0.987793,-0.000532632,-0.000532632,-0.000532632
1773773954563,0.0878906,-0.21582,0.987793,-0.00106526,0,0.000532632
1773773954633,0.0849609,-0.216309,0.989258,0.00106526,0,-0.000532632
1773773954714,0.0854492,-0.217285,0.990234,0.000532632,-0.000532632,0
1773773954794,0.0888672,-0.215332,0.98877,0,-0.00106526,0
1773773954864,0.0883789,-0.218262,0.989258,0,-0.000532632,0
1773773954945,0.0869141,-0.217773,0.989258,0,-0.000532632,-0.000532632
1773773955025,0.0874023,-0.217773,0.987305,0,-0.000532632,0
1773773955096,0.0864258,-0.217773,0.98877,-0.00106526,-0.000532632,-0.00106526
1773773955176,0.0874023,-0.219238,0.989746,0,-0.000532632,0
1773773955247,0.0888672,-0.217285,0.987793,0,-0.00106526,0
1773773955327,0.0913086,-0.216797,0.989258,0.000532632,0.000532632,0
1773773955408,0.0869141,-0.216797,0.990234,0.000532632,0,-0.000532632
1773773955478,0.0883789,-0.21582,0.988281,-0.000532632,0,0.000532632
1773773955559,0.0854492,-0.215332,0.987793,0,-0.000532632,0
1773773955640,0.0874023,-0.216797,0.989746,-0.0015979,-0.00106526,0.000532632
1773773955710,0.0869141,-0.21875,0.98877,0.000532632,-0.000532632,0
1773773955790,0.0888672,-0.215332,0.988281,0.00106526,-0.000532632,0
1773773955871,0.0874023,-0.216797,0.98877,0.000532632,0,-0.000532632
1773773955941,0.0869141,-0.217773,0.986328,0,-0.00213053,0.000532632
1773773956022,0.0859375,-0.218262,0.989258,-0.00106526,0,0.0015979
1773773956103,0.0869141,-0.216309,0.990723,-0.000532632,-0.00106526,-0.00106526
1773773956173,0.0874023,-0.21582,0.987793,-0.00106526,-0.000532632,0.000532632
1773773956254,0.0869141,-0.217285,0.988281,-0.00106526,-0.0015979,-0.000532632
1773773956334,0.0883789,-0.215332,0.987305,0,-0.00106526,-0.000532632
1773773956405,0.0874023,-0.216797,0.987793,-0.000532632,0,0.00106526
1773773956485,0.0883789,-0.216309,0.986816,-0.000532632,-0.00106526,0
1773773956556,0.0864258,-0.21875,0.98877,0,-0.000532632,0
1773773956636,0.0878906,-0.216309,0.988281,0.000532632,-0.000532632,0.000532632
1773773956717,0.0874023,-0.216309,0.98877,-0.000532632,-0.00106526,-0.00106526
1773773956787,0.0893555,-0.216309,0.987305,-0.000532632,-0.00106526,0
1773773956868,0.0883789,-0.216797,0.989746,0.00106526,-0.000532632,-0.000532632
1773773956949,0.0874023,-0.217773,0.991211,0,-0.000532632,-0.00106526
1773773957019,0.0869141,-0.21875,0.988281,0,-0.000532632,0
1773773957100,0.0874023,-0.218262,0.990723,-0.000532632,0,0
1773773957180,0.0878906,-0.219238,0.987793,0,0,0.000532632
1773773957251,0.0869141,-0.219238,0.989258,-0.00106526,-0.0015979,-0.00106526
1773773957331,0.0859375,-0.217285,0.987793,0,-0.00106526,-0.000532632
1773773957412,0.0883789,-0.217773,0.989258,0.000532632,-0.000532632,-0.000532632
1773773957482,0.0883789,-0.21582,0.98877,0.00106526,-0.000532632,0
1773773957563,0.0888672,-0.217285,0.987305,0,-0.000532632,0.000532632
1773773957634,0.0883789,-0.216797,0.98877,-0.000532632,0,0.000532632
1773773957714,0.0883789,-0.218262,0.987793,-0.000532632,-0.000532632,-0.00106526
1773773957795,0.0874023,-0.218262,0.989746,0,0,0
1773773957865,0.0883789,-0.217285,0.98877,0.000532632,-0.000532632,0.000532632
1773773957946,0.0878906,-0.216797,0.990723,0,-0.00106526,0
1773773958026,0.0869141,-0.217285,0.990723,-0.000532632,0,-0.000532632
1773773958097,0.0874023,-0.220215,0.988281,0,-0.000532632,-0.00106526
1773773958177,0.0878906,-0.215332,0.987793,0.000532632,-0.00106526,0.000532632
1773773958258,0.0883789,-0.216309,0.987793,0.000532632,-0.000532632,0
1773773958329,0.0874023,-0.219727,0.989258,0.00106526,0,0
1773773958409,0.0893555,-0.217773,0.987793,-0.000532632,0,-0.00106526
1773773958489,0.0883789,-0.217285,0.988281,0.000532632,-0.000532632,0
1773773958560,0.0878906,-0.217285,0.989746,-0.000532632,0,0
1773773958640,0.0878906,-0.218262,0.987305,-0.000532632,0.000532632,0
1773773958721,0.0874023,-0.218262,0.988281,0.00106526,0,-0.000532632
1773773958791,0.0893555,-0.216797,0.989258,-0.00106526,-0.000532632,-0.000532632
1773773958872,0.0869141,-0.216797,0.988281,0,-0.000532632,0
1773773958952,0.0874023,-0.218262,0.98584,-0.000532632,-0.000532632,-0.000532632
1773773959023,0.0888672,-0.216309,0.986816,0.000532632,-0.000532632,0.000532632
1773773959103,0.0854492,-0.21582,0.989746,-0.000532632,-0.000532632,0
1773773959174,0.0878906,-0.21875,0.98877,0.000532632,0,0
1773773959254,0.0874023,-0.216309,0.988281,-0.000532632,-0.00106526,0
1773773959335,0.0874023,-0.217773,0.98584,0.00106526,-0.000532632,0
1773773959405,0.0864258,-0.219238,0.987305,-0.000532632,-0.000532632,0.00106526
1773773959486,0.0888672,-0.21875,0.987305,0,-0.00106526,0.000532632
1773773959567,0.0874023,-0.215332,0.988281,0,0.000532632,0.00106526
1773773959637,0.0883789,-0.217285,0.989258,0.000532632,-0.00106526,-0.0015979
1773773959718,0.0859375,-0.216797,0.98877,-0.00106526,-0.00106526,0.000532632
1773773959798,0.0869141,-0.217285,0.988281,-0.000532632,-0.00106526,-0.000532632
1773773959869,0.0864258,-0.217773,0.987305,-0.000532632,0,-0.000532632
1773773959949,0.0874023,-0.219727,0.990234,-0.000532632,-0.000532632,0.000532632
1773773960030,0.0888672,-0.217285,0.986816,0,-0.00106526,0.00106526
1773773960100,0.0888672,-0.217285,0.987305,0.000532632,0,0
1773773960181,0.0854492,-0.218262,0.987793,0,-0.00106526,0.000532632
1773773960262,0.0878906,-0.216797,0.986816,-0.00106526,-0.0015979,0
1773773960332,0.0883789,-0.21582,0.987305,0.00106526,0,-0.000532632
1773773960413,0.0883789,-0.217285,0.987793,0,0,0.000532632
1773773960483,0.0874023,-0.21582,0.987305,0.000532632,-0.000532632,0.000532632
1773773960564,0.0878906,-0.216797,0.987793,0,-0.000532632,0
1773773960645,0.0874023,-0.217773,0.986328,-0.00106526,-0.000532632,0
1773773960715,0.090332,-0.216309,0.988281,-0.000532632,-0.00106526,0.000532632
1773773960796,0.0883789,-0.217285,0.987793,0.00106526,-0.00106526,0
1773773960877,0.0869141,-0.216797,0.98877,0.000532632,-0.000532632,0.000532632
1773773960947,0.0883789,-0.216309,0.989746,0,-0.000532632,-0.000532632
1773773961027,0.0869141,-0.216797,0.989746,-0.000532632,-0.000532632,-0.000532632
1773773961108,0.0888672,-0.217773,0.989258,-0.00106526,0.000532632,0.00106526
1773773961178,0.0883789,-0.216797,0.991211,0.00106526,0.000532632,0
1773773961259,0.0878906,-0.216797,0.989746,0.000532632,0,0.000532632
1773773961339,0.0888672,-0.218262,0.990234,0,-0.000532632,0.000532632
1773773961410,0.0864258,-0.214844,0.987793,0.000532632,0,-0.000532632
1773773961490,0.0864258,-0.218262,0.986328,0.000532632,-0.0015979,0
1773773961561,0.0878906,-0.218262,0.986816,0,-0.00106526,-0.000532632
1773773961641,0.0893555,-0.219238,0.989746,-0.00106526,-0.00106526,0
1773773961722,0.0859375,-0.21582,0.989258,0,-0.000532632,0.00106526
1773773961792,0.0883789,-0.216797,0.987305,0.000532632,0,0.000532632
1773773961873,0.0883789,-0.216309,0.988281,0.000532632,0,0.00106526
1773773961954,0.0874023,-0.217285,0.989258,-0.000532632,-0.000532632,0.00106526
1773773962024,0.0869141,-0.217285,0.988281,-0.000532632,0,-0.000532632
1773773962105,0.0888672,-0.215332,0.989258,-0.000532632,-0.000532632,0.000532632
1773773962185,0.0849609,-0.217773,0.990234,0.00106526,0,0
1773773962256,0.0864258,-0.217773,0.988281,-0.000532632,-0.000532632,-0.00106526
1773773962336,0.0869141,-0.217773,0.986816,0,-0.000532632,-0.00106526
1773773962417,0.0878906,-0.217285,0.986816,0,-0.00106526,0.000532632
1773773962487,0.0864258,-0.216797,0.989746,-0.00106526,-0.00106526,0
1773773962568,0.0864258,-0.216797,0.98877,0,0,0
1773773962649,0.0883789,-0.219238,0.986328,0.00106526,-0.000532632,0
1773773962719,0.0888672,-0.219727,0.989746,0.000532632,0,-0.000532632
1773773962799,0.0883789,-0.216797,0.987305,0.000532632,-0.00106526,0
1773773962870,0.0878906,-0.216797,0.989258,-0.000532632,-0.00106526,0.000532632
1773773962950,0.0859375,-0.217773,0.988281,0.000532632,-0.000532632,0
1773773963031,0.0864258,-0.218262,0.98877,0.000532632,0,0
1773773963101,0.0883789,-0.21875,0.987793,0,-0.00106526,0.000532632
1773773963182,0.0864258,-0.218262,0.98584,0,0.000532632,-0.000532632
1773773963263,0.0883789,-0.218262,0.987793,0.000532632,-0.000532632,0.000532632
1773773963333,0.0883789,-0.218262,0.987793,0,0,0
1773773963414,0.0874023,-0.216797,0.986328,-0.000532632,-0.000532632,0.00106526
1773773963494,0.0878906,-0.216797,0.987305,-0.000532632,-0.000532632,-0.00106526
1773773963565,0.0874023,-0.217285,0.989258,0,-0.000532632,0.000532632
1773773963645,0.0893555,-0.219727,0.987793,-0.000532632,-0.000532632,0
1773773963726,0.0874023,-0.21875,0.98877,-0.000532632,-0.00106526,-0.000532632
1773773963796,0.0869141,-0.21875,0.98877,0,-0.000532632,-0.000532632
1773773963877,0.0874023,-0.217773,0.987305,0.00106526,-0.000532632,0.000532632
1773773963957,0.0859375,-0.217285,0.989258,-0.000532632,-0.000532632,0.000532632
1773773964028,0.0864258,-0.21875,0.986816,0.00106526,-0.00106526,0.000532632
1773773964108,0.0888672,-0.219238,0.986816,0.000532632,-0.000532632,0
1773773964179,0.0869141,-0.217285,0.989746,-0.00106526,-0.00106526,0.000532632
1773773964259,0.0878906,-0.218262,0.987793,-0.00106526,0,0
1773773964340,0.0878906,-0.217285,0.989746,-0.000532632,-0.00106526,0
1773773964410,0.0869141,-0.217773,0.989746,0,-0.000532632,-0.00106526
1773773964491,0.0878906,-0.21875,0.986816,-0.000532632,-0.00106526,0
1773773964572,0.0864258,-0.218262,0.987305,0,0,0.00106526
1773773964642,0.0883789,-0.21875,0.988281,0,-0.000532632,-0.000532632
1773773964723,0.0878906,-0.217773,0.989258,-0.000532632,-0.000532632,0
1773773964803,0.0864258,-0.218262,0.98877,-0.000532632,0.000532632,-0.00106526
1773773964874,0.0874023,-0.216797,0.987793,-0.000532632,-0.00106526,0
1773773964954,0.0874023,-0.219238,0.987793,0,-0.00106526,0
1773773965035,0.0888672,-0.217773,0.98877,0,-0.000532632,0
1773773965105,0.0908203,-0.21582,0.987793,-0.000532632,-0.000532632,-0.00106526
1773773965186,0.0888672,-0.217773,0.986816,-0.00106526,-0.000532632,0.000532632
1773773965266,0.0878906,-0.216797,0.989258,-0.000532632,-0.00106526,-0.000532632
1773773965337,0.0883789,-0.217285,0.987793,0,0,0
1773773965417,0.0869141,-0.216797,0.985352,-0.000532632,-0.000532632,-0.00106526
1773773965488,0.0859375,-0.216797,0.989258,-0.000532632,-0.00106526,0.000532632
1773773965568,0.0883789,-0.218262,0.987793,0.000532632,0,0
1773773965649,0.0893555,-0.217285,0.990234,0,-0.00106526,-0.00106526
1773773965719,0.0874023,-0.217285,0.988281,0,-0.000532632,0
1773773965800,0.0883789,-0.218262,0.98877,0,-0.000532632,0
1773773965880,0.0869141,-0.217773,0.990234,0.000532632,-0.000532632,-0.0015979
1773773965951,0.0893555,-0.217773,0.989746,0.000532632,0.000532632,0
1773773966031,0.0869141,-0.217773,0.989258,0,0,0
1773773966112,0.0869141,-0.219238,0.989746,0.000532632,-0.00106526,-0.000532632
1773773966182,0.0883789,-0.217285,0.987793,-0.000532632,0,0.000532632
1773773966263,0.0874023,-0.216797,0.986816,0.00106526,0.000532632,-0.000532632
1773773966344,0.0898438,-0.218262,0.989746,0.000532632,-0.000532632,0.000532632
1773773966414,0.0888672,-0.217285,0.98877,-0.000532632,-0.000532632,0.000532632
1773773966495,0.0883789,-0.219238,0.988281,0,-0.000532632,-0.00106526
1773773966565,0.0888672,-0.217285,0.987305,0,0,0
1773773966646,0.0874023,-0.217285,0.987305,0.000532632,0.000532632,-0.0015979
1773773966726,0.0878906,-0.217285,0.989258,0.000532632,0.000532632,0.000532632
1773773966797,0.0883789,-0.219238,0.989258,-0.00106526,0,-0.00106526
1773773966877,0.0893555,-0.217285,0.98877,-0.000532632,-0.00106526,0.000532632
1773773966958,0.0893555,-0.218262,0.988281,-0.000532632,-0.000532632,0.00106526
1773773967028,0.0878906,-0.21582,0.989258,-0.00106526,0,0
1773773967109,0.0874023,-0.218262,0.986816,-0.000532632,-0.00106526,0
1773773967190,0.0883789,-0.217773,0.988281,-0.000532632,-0.000532632,0
1773773967260,0.0888672,-0.217285,0.986328,0,0,0.000532632
1773773967341,0.0869141,-0.217285,0.987305,0.000532632,0,0
1773773967421,0.0888672,-0.218262,0.989258,0,-0.00106526,0
1773773967492,0.0878906,-0.216309,0.98877,0,-0.000532632,0.00106526
1773773967572,0.0878906,-0.21875,0.989746,-0.000532632,-0.000532632,-0.000532632
1773773967653,0.0883789,-0.217773,0.98877,0,-0.00106526,0.000532632
1773773967723,0.0883789,-0.217285,0.990723,-0.000532632,-0.00106526,-0.000532632
1773773967804,0.0869141,-0.21875,0.988281,0,-0.00106526,0.00106526
1773773967875,0.0888672,-0.218262,0.988281,-0.00106526,-0.000532632,0.00106526
1773773967956,0.0869141,-0.215332,0.986816,0,-0.0015979,0.00106526
1773773968036,0.0869141,-0.216309,0.987793,0.000532632,-0.00106526,-0.000532632
1773773968107,0.0874023,-0.216797,0.988281,0.00106526,-0.000532632,0.000532632
1773773968187,0.0893555,-0.216309,0.991211,-0.00106526,-0.00106526,0.000532632
1773773968268,0.0893555,-0.217285,0.987793,0.000532632,-0.000532632,-0.000532632
1773773968338,0.0883789,-0.21875,0.987793,0.000532632,-0.000532632,-0.00106526
1773773968419,0.0888672,-0.21875,0.987305,-0.000532632,0.000532632,-0.000532632
1773773968499,0.0888672,-0.21582,0.986816,0,-0.00106526,-0.000532632
1773773968570,0.0864258,-0.216309,0.986816,0.000532632,-0.00106526,-0.000532632
1773773968650,0.0888672,-0.216309,0.987305,0,-0.00106526,-0.00106526
1773773968731,0.0869141,-0.216309,0.986816,-0.000532632,-0.0015979,0.000532632
1773773968801,0.0874023,-0.217285,0.987793,-0.000532632,-0.00106526,-0.00106526
1773773968882,0.0878906,-0.216797,0.987793,-0.000532632,-0.000532632,0.000532632
1773773968952,0.0874023,-0.217285,0.989258,0.000532632,0,-0.000532632
1773773969033,0.0878906,-0.217285,0.989746,-0.000532632,-0.00106526,0.000532632
1773773969113,0.0869141,-0.217285,0.991211,-0.00106526,-0.000532632,0
1773773969184,0.0883789,-0.218262,0.988281,0.000532632,-0.000532632,-0.00106526
1773773969265,0.0883789,-0.219238,0.986816,-0.000532632,-0.000532632,-0.0015979
1773773969345,0.0878906,-0.21875,0.989746,0,-0.00106526,0.000532632
1773773969416,0.0869141,-0.21875,0.989258,-0.00106526,-0.000532632,-0.000532632
1773773969497,0.0878906,-0.217285,0.989746,0,0,-0.000532632
1773773969577,0.0864258,-0.21875,0.989746,0.000532632,0.000532632,0.000532632
1773773969647,0.0878906,-0.21875,0.987305,-0.000532632,0,-0.000532632
1773773969728,0.0878906,-0.21582,0.988281,0,0,-0.00106526
1773773969808,0.0888672,-0.217285,0.986816,0,-0.0015979,0
1773773969879,0.090332,-0.216309,0.987793,0,-0.000532632,0
1773773969959,0.0874023,-0.218262,0.988281,0.00106526,-0.000532632,-0.00106526
1773773970040,0.0874023,-0.21582,0.988281,-0.000532632,-0.00106526,0.000532632
1773773970110,0.0878906,-0.216309,0.98877,-0.00106526,-0.000532632,-0.000532632
1773773970191,0.0883789,-0.217773,0.989746,0,-0.0015979,-0.000532632
1773773970261,0.0878906,-0.216797,0.987793,0.00106526,-0.000532632,0
1773773970342,0.0874023,-0.216797,0.987793,0,0,-0.00106526
1773773970422,0.0874023,-0.216797,0.98877,-0.000532632,-0.000532632,-0.000532632
1773773970493,0.0869141,-0.218262,0.989258,-0.0015979,-0.000532632,0
1773773970574,0.0874023,-0.217773,0.986816,0.000532632,-0.000532632,0
1773773970654,0.0874023,-0.216797,0.989746,0,-0.000532632,-0.000532632
1773773970724,0.0874023,-0.214355,0.988281,-0.000532632,-0.000532632,0.000532632
1773773970805,0.0864258,-0.21875,0.990234,0.000532632,-0.00106526,-0.000532632
1773773970886,0.0878906,-0.217285,0.987305,-0.000532632,0.000532632,0
1773773970956,0.0888672,-0.219727,0.987793,0,-0.00106526,0
1773773971037,0.0883789,-0.217285,0.988281,0,0,0
1773773971117,0.0888672,-0.217773,0.988281,-0.000532632,0,0
1773773971188,0.0893555,-0.216309,0.98877,0,-0.000532632,0
1773773971268,0.0874023,-0.217285,0.98877,0.000532632,-0.000532632,-0.000532632
1773773971349,0.0893555,-0.219238,0.989746,0.000532632,-0.00106526,0
1773773971419,0.0888672,-0.217285,0.987793,0,0.000532632,0.000532632
1773773971500,0.0898438,-0.218262,0.98877,-0.00106526,-0.00106526,-0.000532632
1773773971570,0.0878906,-0.217285,0.98877,0,-0.00106526,-0.00106526
1773773971651,0.0874023,-0.21875,0.987793,0,0,-0.000532632
1773773971731,0.0878906,-0.216797,0.989258,0.000532632,0,0
1773773971802,0.0888672,-0.21875,0.987793,-0.000532632,-0.000532632,0
1773773971882,0.0874023,-0.219238,0.987793,0,-0.000532632,-0.00106526
1773773971963,0.0869141,-0.21875,0.988281,-0.00106526,-0.000532632,0
1773773972033,0.0888672,-0.217285,0.987305,0,-0.000532632,0
1773773972114,0.0869141,-0.214844,0.990234,0.000532632,-0.00213053,-0.000532632
1773773972194,0.0874023,-0.217285,0.986328,0,-0.000532632,0
1773773972265,0.0874023,-0.218262,0.990234,-0.000532632,-0.00106526,-0.000532632
1773773972345,0.0878906,-0.218262,0.987305,0,-0.000532632,0.000532632
1773773972426,0.0874023,-0.216797,0.98877,0,0,0
1773773972497,0.0874023,-0.217285,0.989258,0,-0.000532632,0.000532632
1773773972577,0.0888672,-0.217773,0.98877,-0.000532632,0,0
1773773972658,0.0883789,-0.217285,0.98877,0.000532632,-0.000532632,0.000532632
1773773972728,0.0869141,-0.215332,0.98877,-0.000532632,-0.000532632,0
1773773972809,0.0878906,-0.217285,0.988281,-0.000532632,-0.000532632,0.000532632
1773773972879,0.0883789,-0.216797,0.987305,-0.00106526,-0.00106526,0
1773773972960,0.0888672,-0.216309,0.98877,-0.000532632,-0.000532632,0
1773773973040,0.0883789,-0.217773,0.988281,0,-0.0015979,-0.000532632
1773773973111,0.0913086,-0.217285,0.98877,0,-0.0015979,-0.000532632
1773773973192,0.0874023,-0.217285,0.98877,0.000532632,-0.000532632,0
1773773973272,0.0878906,-0.218262,0.988281,0.000532632,-0.000532632,0.00106526
1773773973343,0.0864258,-0.217285,0.986816,0.00106526,-0.000532632,0
1773773973423,0.0869141,-0.21875,0.986816,-0.000532632,-0.00106526,0.00106526
1773773973504,0.0874023,-0.219238,0.987793,0,-0.000532632,0.000532632
1773773973574,0.0878906,-0.217773,0.989746,0.000532632,-0.00106526,0
1773773973655,0.0864258,-0.21582,0.986816,0,-0.00106526,-0.000532632
1773773973735,0.0878906,-0.21582,0.986816,-0.000532632,-0.000532632,0
1773773973806,0.0874023,-0.216309,0.98877,0,-0.000532632,0.00106526
1773773973886,0.0869141,-0.216797,0.986816,-0.000532632,-0.0015979,0.000532632
1773773973967,0.0869141,-0.216797,0.990234,-0.000532632,0,0
1773773974037,0.0869141,-0.217773,0.986816,-0.000532632,-0.00106526,0
1773773974118,0.0869141,-0.216309,0.987305,0.00106526,-0.000532632,0.000532632
1773773974188,0.0859375,-0.217285,0.989258,0.000532632,-0.0015979,0.000532632
1773773974269,0.0898438,-0.220215,0.988281,-0.000532632,0,0
1773773974350,0.0878906,-0.217285,0.988281,0,0.000532632,0
1773773974420,0.0878906,-0.219727,0.987793,-0.000532632,-0.00106526,-0.000532632
1773773974501,0.0888672,-0.216309,0.98877,-0.000532632,-0.000532632,0.000532632
1773773974581,0.0893555,-0.218262,0.98584,0.000532632,-0.000532632,0.00106526
1773773974652,0.0898438,-0.217285,0.988281,0,-0.000532632,-0.000532632
1773773974732,0.0869141,-0.214844,0.98584,0,0,-0.000532632
1773773974813,0.0888672,-0.216309,0.987305,-0.000532632,-0.000532632,-0.00106526
1773773974883,0.0888672,-0.216797,0.987305,0,0,-0.000532632
1773773974964,0.0888672,-0.216797,0.987305,-0.000532632,-0.000532632,0.0015979
1773773975044,0.0883789,-0.218262,0.987793,-0.000532632,-0.000532632,0
1773773975115,0.0878906,-0.217285,0.987305,0,0.000532632,-0.000532632
1773773975195,0.0888672,-0.218262,0.98877,-0.000532632,-0.00106526,0.00106526
1773773975266,0.0883789,-0.216309,0.989746,0,-0.00106526,0.00106526
1773773975346,0.0874023,-0.219238,0.986328,0,-0.0015979,-0.00106526
1773773975427,0.0883789,-0.216309,0.98877,0,-0.000532632,0.000532632
1773773975498,0.0883789,-0.218262,0.989258,0,-0.00106526,-0.000532632
1773773975578,0.0874023,-0.217285,0.98877,0,-0.00106526,0
1773773975658,0.0883789,-0.216309,0.987305,-0.000532632,-0.000532632,-0.00106526
1773773975729,0.0888672,-0.218262,0.989258,-0.00213053,-0.00106526,-0.000532632
1773773975809,0.0869141,-0.217773,0.988281,0,-0.000532632,0
1773773975890,0.0878906,-0.218262,0.989258,-0.000532632,0,-0.00106526
1773773975961,0.0878906,-0.218262,0.986816,-0.00106526,-0.000532632,-0.00106526
1773773976041,0.0878906,-0.217773,0.987305,0,0,-0.000532632
1773773976122,0.0864258,-0.217773,0.987305,0.000532632,-0.00106526,0
1773773976193,0.0864258,-0.217773,0.987305,-0.000532632,-0.000532632,-0.000532632
1773773976273,0.0864258,-0.219238,0.98877,-0.000532632,-0.0015979,0.00106526
1773773976354,0.0864258,-0.217773,0.987793,-0.000532632,0,0.000532632
1773773976424,0.0908203,-0.216797,0.98877,0.000532632,-0.000532632,0.00106526
1773773976505,0.0869141,-0.218262,0.987305,0.000532632,0.000532632,-0.000532632
1773773976575,0.0874023,-0.216797,0.988281,0.0015979,-0.000532632,-0.000532632
1773773976656,0.0878906,-0.217773,0.986328,0.000532632,0,0.000532632
1773773976736,0.0874023,-0.217773,0.987305,0.000532632,-0.00106526,0
1773773976807,0.0864258,-0.217285,0.990234,0,-0.000532632,0
1773773976887,0.0893555,-0.216309,0.988281,0.000532632,-0.000532632,-0.000532632
1773773976968,0.0874023,-0.217285,0.988281,0.000532632,0,0
1773773977039,0.0869141,-0.214844,0.989258,0,-0.000532632,0.000532632
1773773977119,0.0874023,-0.216309,0.988281,0.000532632,-0.000532632,0.000532632
1773773977200,0.0869141,-0.217773,0.989746,-0.000532632,-0.00106526,-0.000532632
1773773977270,0.0878906,-0.217773,0.988281,0,-0.000532632,-0.000532632
1773773977351,0.0878906,-0.217773,0.98584,-0.00106526,0,0
1773773977431,0.0883789,-0.216797,0.989746,-0.000532632,-0.000532632,0
1773773977502,0.0864258,-0.218262,0.987305,0,0.000532632,-0.000532632
1773773977582,0.0893555,-0.21875,0.987793,0,0,0
1773773977653,0.0869141,-0.216797,0.988281,0,-0.0015979,0
1773773977733,0.0869141,-0.21875,0.986816,0,-0.000532632,0.0015979
1773773977814,0.0888672,-0.215332,0.988281,0,0,-0.00106526
1773773977884,0.0874023,-0.217773,0.988281,0,-0.00106526,0.000532632
1773773977965,0.0878906,-0.215332,0.98877,-0.000532632,-0.000532632,0
1773773978045,0.0854492,-0.217773,0.989746,-0.000532632,-0.00106526,-0.000532632
1773773978116,0.0883789,-0.218262,0.987793,-0.00106526,-0.000532632,0
1773773978197,0.0878906,-0.219238,0.986816,-0.000532632,-0.00106526,0
1773773978277,0.0864258,-0.217285,0.987305,0.000532632,-0.000532632,-0.00106526
1773773978348,0.0888672,-0.216797,0.987305,-0.000532632,-0.00106526,0
1773773978428,0.0874023,-0.21582,0.987305,0.000532632,0,0
1773773978509,0.0888672,-0.217285,0.98877,-0.00106526,-0.000532632,-0.000532632
1773773978579,0.0883789,-0.216309,0.987305,0,-0.000532632,-0.000532632
1773773978660,0.0878906,-0.217773,0.987793,0.00106526,0,0.00106526
1773773978741,0.0869141,-0.218262,0.987793,0.000532632,-0.00106526,0
1773773978811,0.0878906,-0.21582,0.987793,0.000532632,0.000532632,0
1773773978892,0.0864258,-0.218262,0.989258,-0.000532632,-0.00106526,0.000532632
1773773978962,0.0888672,-0.216309,0.987305,0,-0.00106526,0
1773773979043,0.0874023,-0.215332,0.988281,0.000532632,0.000532632,0
1773773979123,0.0859375,-0.220703,0.986816,0,0,-0.00106526
1773773979194,0.0869141,-0.217285,0.986816,0.000532632,0.000532632,-0.000532632
1773773979274,0.0888672,-0.220215,0.987305,0,-0.00106526,0.000532632
1773773979355,0.0888672,-0.215332,0.988281,-0.000532632,-0.0015979,0
1773773979425,0.0898438,-0.217285,0.987305,-0.00106526,-0.00106526,0
1773773979506,0.0888672,-0.217773,0.989258,-0.000532632,-0.00106526,-0.000532632
1773773979586,0.0883789,-0.218262,0.987793,-0.000532632,-0.000532632,-0.000532632
1773773979657,0.0864258,-0.218262,0.98877,-0.0015979,-0.000532632,0
1773773979737,0.0864258,-0.21875,0.986816,0,-0.000532632,0.000532632
1773773979818,0.0869141,-0.219727,0.988281,-0.000532632,0,0
1773773979888,0.0888672,-0.216309,0.98877,-0.000532632,0,0.00106526
1773773979969,0.0893555,-0.218262,0.987305,-0.000532632,-0.000532632,-0.000532632
1773773980050,0.0883789,-0.217285,0.989258,0,-0.000532632,0
1773773980120,0.0893555,-0.216797,0.987793,-0.00106526,-0.000532632,0.000532632
1773773980201,0.0874023,-0.21582,0.987793,0.000532632,-0.000532632,0.000532632
1773773980271,0.0883789,-0.217285,0.986816,0.000532632,-0.000532632,-0.000532632
1773773980352,0.0874023,-0.217285,0.988281,0.000532632,0,0.000532632
1773773980432,0.0864258,-0.215332,0.988281,-0.000532632,-0.000532632,-0.000532632
1773773980504,0.090332,-0.21582,0.989258,0,0,0.000532632
1773773980583,0.0859375,-0.217773,0.989258,0,-0.000532632,0
1773773980664,0.0874023,-0.217773,0.989258,-0.000532632,-0.000532632,0
1773773980734,0.0874023,-0.220703,0.98877,-0.000532632,0,-0.000532632
1773773980815,0.0864258,-0.218262,0.989258,0.000532632,-0.00106526,0.000532632
1773773980896,0.0874023,-0.218262,0.989258,0,0,0.000532632
1773773980966,0.0874023,-0.216797,0.98877,-0.000532632,-0.0015979,-0.000532632
1773773981047,0.0874023,-0.216309,0.989258,-0.000532632,-0.00106526,0
1773773981127,0.0859375,-0.217773,0.986328,-0.000532632,-0.00106526,0.000532632
1773773981198,0.0869141,-0.215332,0.98877,0.000532632,0,0
1773773981278,0.0864258,-0.217285,0.989258,-0.000532632,-0.000532632,0
1773773981359,0.0878906,-0.216797,0.987793,-0.000532632,-0.0015979,0
1773773981429,0.0888672,-0.216797,0.988281,0,-0.000532632,0
1773773981510,0.0878906,-0.217285,0.990723,0,-0.00106526,0
1773773981580,0.0878906,-0.218262,0.989258,-0.000532632,-0.000532632,-0.000532632
1773773981661,0.0908203,-0.219238,0.988281,0,0,0.00106526
1773773981741,0.0913086,-0.216309,0.989258,-0.00106526,-0.000532632,0.000532632
1773773981812,0.0864258,-0.217773,0.986816,0,-0.000532632,0
1773773981892,0.0888672,-0.21875,0.986816,0.000532632,-0.00106526,0.000532632
1773773981973,0.0883789,-0.217285,0.98877,-0.000532632,0,0
1773773982043,0.0883789,-0.216797,0.990234,0,-0.000532632,0
1773773982124,0.0878906,-0.218262,0.986816,0.00106526,-0.00106526,0.000532632
1773773982205,0.0898438,-0.215332,0.988281,0,-0.000532632,-0.000532632
1773773982275,0.0878906,-0.21875,0.986328,0,-0.0015979,0
1773773982356,0.0883789,-0.216797,0.987793,-0.000532632,0,-0.000532632
1773773982436,0.0869141,-0.217285,0.987793,-0.00106526,0,0
1773773982507,0.0883789,-0.218262,0.989258,-0.000532632,-0.000532632,0
1773773982587,0.0878906,-0.21875,0.987305,0,0.000532632,0
1773773982658,0.0878906,-0.217285,0.988281,-0.000532632,0,0
1773773982738,0.0893555,-0.217285,0.98584,0,-0.000532632,0.000532632
1773773982819,0.0864258,-0.219727,0.987305,0,0,0
1773773982889,0.0883789,-0.217285,0.98877,0,-0.000532632,0
1773773982970,0.0874023,-0.216309,0.987305,0,-0.000532632,0
1773773983050,0.0878906,-0.218262,0.987793,-0.00106526,-0.00106526,-0.000532632
1773773983121,0.0878906,-0.216309,0.98877,0,-0.000532632,0
1773773983201,0.0869141,-0.21875,0.98584,0,-0.00106526,0
1773773983282,0.0869141,-0.218262,0.988281,0,-0.00106526,0
1773773983352,0.0883789,-0.217285,0.987793,0,-0.00106526,0
1773773983433,0.0869141,-0.219727,0.987793,-0.000532632,-0.000532632,-0.00106526
1773773983514,0.0878906,-0.219238,0.987793,0.000532632,-0.000532632,-0.000532632
1773773983584,0.0874023,-0.217773,0.987305,0.000532632,-0.000532632,0.00106526
1773773983665,0.0888672,-0.216309,0.987305,0,-0.0015979,0
1773773983745,0.0883789,-0.217285,0.987793,0,-0.000532632,0
1773773983816,0.0888672,-0.218262,0.98877,-0.000532632,-0.000532632,0
1773773983896,0.0874023,-0.218262,0.98877,0.000532632,-0.00106526,-0.00106526
1773773983977,0.0864258,-0.218262,0.987305,0,-0.00106526,-0.00106526
1773773984047,0.0874023,-0.218262,0.986816,-0.000532632,-0.00106526,-0.00106526
1773773984128,0.0888672,-0.217773,0.98877,-0.00106526,-0.00106526,0.00106526
1773773984198,0.0849609,-0.216797,0.988281,0,0,-0.000532632
1773773984279,0.0878906,-0.217773,0.989746,-0.000532632,-0.00106526,0
1773773984359,0.0883789,-0.217773,0.988281,0,-0.0015979,0
1773773984430,0.0874023,-0.216797,0.990234,-0.000532632,-0.000532632,0.000532632
1773773984511,0.0878906,-0.216797,0.989258,0.000532632,-0.000532632,0.000532632
1773773984591,0.0888672,-0.216309,0.988281,0.000532632,-0.0015979,-0.00106526
1773773984662,0.0878906,-0.218262,0.989746,0,0,0.000532632
1773773984743,0.0878906,-0.216309,0.989258,0,-0.00106526,0.000532632
1773773984823,0.0898438,-0.217285,0.988281,-0.00106526,0,-0.000532632
1773773984893,0.0898438,-0.21875,0.989258,-0.000532632,-0.00106526,0.000532632
1773773984974,0.0878906,-0.21582,0.988281,0.000532632,0.000532632,-0.000532632
1773773985054,0.0888672,-0.217773,0.989746,-0.00106526,-0.00106526,0.000532632
1773773985125,0.0883789,-0.216309,0.988281,-0.000532632,-0.00106526,0
1773773985205,0.0888672,-0.217773,0.986816,-0.000532632,-0.000532632,-0.000532632
1773773985286,0.0874023,-0.217285,0.987793,0,-0.000532632,0
1773773985356,0.0883789,-0.217773,0.987793,0.000532632,-0.00106526,-0.000532632
1773773985437,0.0869141,-0.217773,0.987305,0,-0.000532632,-0.000532632
1773773985507,0.0878906,-0.218262,0.987793,0.000532632,-0.000532632,0
1773773985588,0.0898438,-0.217773,0.987793,-0.000532632,0.000532632,0
1773773985668,0.0883789,-0.218262,0.987305,-0.000532632,-0.000532632,0
1773773985739,0.0888672,-0.218262,0.987793,0.000532632,-0.0015979,0
1773773985819,0.0878906,-0.217773,0.988281,-0.000532632,-0.00106526,0.000532632
1773773985900,0.0893555,-0.217773,0.987793,0,-0.0015979,-0.000532632
1773773985970,0.0859375,-0.216309,0.989746,-0.000532632,-0.000532632,0
1773773986051,0.0883789,-0.218262,0.989258,-0.00106526,-0.00106526,0.000532632
1773773986132,0.0898438,-0.218262,0.98877,-0.000532632,-0.000532632,0
1773773986202,0.0878906,-0.217773,0.989258,-0.000532632,-0.000532632,-0.000532632
1773773986282,0.0883789,-0.21875,0.987793,0,-0.000532632,0.000532632
1773773986363,0.0874023,-0.217285,0.987305,0,-0.00106526,-0.000532632
1773773986434,0.0883789,-0.220215,0.987305,0,-0.00106526,0
1773773986514,0.0888672,-0.217773,0.990234,0.000532632,0,0.000532632
1773773986595,0.0883789,-0.215332,0.988281,-0.000532632,-0.000532632,-0.000532632
1773773986665,0.0878906,-0.217285,0.98877,0.000532632,-0.00106526,0.000532632
1773773986746,0.0893555,-0.217773,0.989258,0,-0.00106526,0
1773773986816,0.0878906,-0.217773,0.989258,-0.00106526,-0.000532632,0.000532632
1773773986897,0.0874023,-0.216309,0.988281,-0.000532632,-0.00106526,0
1773773986977,0.0883789,-0.216309,0.989258,0,-0.00106526,0.000532632
1773773987048,0.0869141,-0.216797,0.988281,-0.000532632,0,0.000532632
1773773987128,0.0878906,-0.218262,0.98877,0,0.00106526,0
1773773987209,0.0883789,-0.218262,0.989258,0,0,-0.00106526
1773773987280,0.0878906,-0.219238,0.986816,0,0,0
1773773987360,0.0888672,-0.21875,0.988281,0,-0.00106526,0
1773773987440,0.0869141,-0.216797,0.98877,-0.00106526,-0.000532632,0
1773773987512,0.0878906,-0.216797,0.988281,0.000532632,0.000532632,-0.00106526
1773773987591,0.0883789,-0.217285,0.986328,-0.00106526,-0.000532632,0
1773773987672,0.0869141,-0.219238,0.988281,0.000532632,-0.00106526,0
1773773987743,0.0878906,-0.217285,0.987793,-0.00106526,-0.000532632,0
1773773987823,0.0893555,-0.217773,0.988281,0,-0.000532632,0.000532632
1773773987904,0.0849609,-0.219238,0.987793,-0.00106526,0,0.000532632
1773773987975,0.0898438,-0.219727,0.988281,0,0.000532632,0.000532632
1773773988055,0.0874023,-0.217285,0.989258,-0.000532632,-0.00106526,0.000532632
1773773988125,0.0883789,-0.217285,0.987305,0,0,0.000532632
1773773988206,0.0888672,-0.216309,0.986816,0.000532632,0,0
1773773988287,0.0878906,-0.219238,0.98877,-0.00106526,-0.00106526,0.00106526
1773773988357,0.0888672,-0.216309,0.988281,-0.000532632,-0.000532632,-0.000532632
1773773988438,0.0883789,-0.216309,0.989746,0.000532632,0,-0.000532632
1773773988518,0.0883789,-0.217773,0.989258,0,-0.000532632,0.000532632
1773773988589,0.0869141,-0.216309,0.988281,0.000532632,-0.00106526,0.000532632
1773773988669,0.0883789,-0.216309,0.98877,-0.000532632,0,0
1773773988750,0.0898438,-0.217285,0.988281,-0.000532632,0,-0.000532632
1773773988820,0.0888672,-0.217773,0.988281,0,-0.00106526,0.00106526
1773773988901,0.0874023,-0.21582,0.989258,-0.000532632,0,0.000532632
1773773988981,0.0859375,-0.21875,0.988281,0,0.000532632,0
1773773989052,0.0878906,-0.216309,0.98877,-0.00106526,0,0.000532632
1773773989132,0.0878906,-0.21582,0.987793,0,-0.00106526,0
1773773989213,0.0888672,-0.216797,0.988281,-0.000532632,0.000532632,0
1773773989283,0.0883789,-0.218262,0.988281,0,0,0
1773773989364,0.0869141,-0.217773,0.989746,0.000532632,0.000532632,0.000532632
1773773989434,0.0864258,-0.217285,0.986816,0.000532632,-0.00106526,-0.000532632
1773773989515,0.0888672,-0.218262,0.989746,-0.000532632,-0.0015979,0.000532632
1773773989596,0.0874023,-0.216797,0.988281,0.000532632,0.000532632,0
1773773989666,0.0908203,-0.217285,0.990234,-0.000532632,-0.00106526,0.000532632
1773773989747,0.0883789,-0.218262,0.986816,-0.000532632,0,-0.000532632
1773773989827,0.0893555,-0.216309,0.991699,0.00106526,-0.000532632,0.000532632
1773773989898,0.0874023,-0.217285,0.990234,0,-0.00106526,-0.000532632
1773773989978,0.0878906,-0.218262,0.98877,-0.000532632,-0.0015979,0
1773773990059,0.0888672,-0.218262,0.987793,-0.00106526,-0.00213053,-0.000532632
1773773990129,0.0874023,-0.21582,0.989258,-0.000532632,-0.00106526,-0.000532632
1773773990210,0.0864258,-0.21875,0.989258,0.000532632,-0.000532632,0.000532632
1773773990291,0.0869141,-0.216309,0.98877,0,-0.00106526,0.000532632
1773773990361,0.0883789,-0.217285,0.98877,-0.00106526,-0.000532632,0.000532632
1773773990442,0.0883789,-0.21582,0.988281,0,0.000532632,-0.000532632
1773773990512,0.0874023,-0.21875,0.989258,0,-0.0015979,-0.000532632
1773773990593,0.0898438,-0.217285,0.988281,0,-0.00213053,0
1773773990674,0.0878906,-0.21875,0.987305,0,-0.00106526,0
1773773990744,0.0869141,-0.214355,0.987793,0,-0.000532632,-0.000532632
1773773990825,0.0893555,-0.218262,0.988281,-0.000532632,-0.0015979,0
1773773990905,0.0898438,-0.216309,0.98877,0,-0.000532632,0.000532632
1773773990976,0.0888672,-0.219238,0.986816,-0.000532632,-0.00106526,-0.00106526
1773773991056,0.0874023,-0.217773,0.988281,-0.000532632,-0.000532632,0.000532632
1773773991137,0.0888672,-0.217773,0.988281,-0.000532632,-0.00106526,0
1773773991207,0.0883789,-0.21875,0.98877,0,-0.000532632,0
1773773991288,0.0878906,-0.21875,0.98877,0.000532632,-0.00106526,-0.0015979
1773773991369,0.0874023,-0.216797,0.986328,0.00106526,-0.0015979,-0.000532632
1773773991439,0.0883789,-0.215332,0.987793,0,-0.000532632,0.000532632
1773773991520,0.0874023,-0.217773,0.988281,0,-0.00106526,0.000532632
1773773991590,0.0854492,-0.218262,0.990234,0.000532632,0,0
1773773991671,0.0883789,-0.217773,0.989258,0.000532632,-0.000532632,0
1773773991751,0.0878906,-0.218262,0.989746,0.000532632,-0.000532632,0
1773773991822,0.0874023,-0.219238,0.987793,0.000532632,-0.00106526,0.00106526
1773773991902,0.0878906,-0.219238,0.98877,0.000532632,-0.0015979,-0.000532632
1773773991983,0.0874023,-0.217773,0.990234,0.000532632,-0.0015979,0
1773773992053,0.0878906,-0.216309,0.988281,-0.000532632,-0.000532632,0
1773773992134,0.0874023,-0.219238,0.987305,0,0,-0.000532632
1773773992215,0.0864258,-0.216797,0.989746,0,-0.000532632,0.000532632
1773773992285,0.0864258,-0.215332,0.98877,0,0,-0.000532632
1773773992365,0.0898438,-0.220215,0.987793,0.000532632,0,-0.000532632
1773773992446,0.0898438,-0.218262,0.987793,-0.000532632,-0.000532632,0.000532632
1773773992516,0.0869141,-0.21875,0.98877,-0.00106526,-0.000532632,0.00106526
1773773992597,0.0883789,-0.216309,0.98877,0,-0.000532632,0.000532632
1773773992677,0.0883789,-0.218262,0.989258,0,-0.000532632,-0.000532632
1773773992748,0.0888672,-0.217773,0.988281,0,-0.00106526,0
1773773992828,0.0878906,-0.217773,0.987793,0.000532632,-0.00106526,-0.00106526
1773773992899,0.0883789,-0.217285,0.98877,-0.000532632,-0.00106526,-0.000532632
1773773992980,0.0883789,-0.218262,0.988281,0,-0.000532632,-0.000532632
1773773993060,0.0878906,-0.218262,0.986816,0,-0.000532632,0
1773773993131,0.0869141,-0.217285,0.98877,0.000532632,-0.000532632,0.000532632
1773773993211,0.0869141,-0.218262,0.987305,-0.000532632,-0.000532632,0.000532632
1773773993292,0.0874023,-0.217773,0.989258,0,-0.000532632,-0.000532632
1773773993362,0.0883789,-0.21875,0.987305,-0.000532632,-0.000532632,0.000532632
1773773993443,0.0893555,-0.218262,0.987793,-0.000532632,-0.00106526,0
1773773993523,0.0883789,-0.217773,0.988281,0,-0.00106526,0
1773773993594,0.0878906,-0.215332,0.989258,0,-0.000532632,0.000532632
1773773993675,0.0874023,-0.21875,0.987793,0.000532632,-0.000532632,0
1773773993755,0.0883789,-0.217773,0.989258,0,-0.000532632,0.000532632
1773773993826,0.0883789,-0.217285,0.988281,-0.00106526,-0.000532632,0
1773773993906,0.0878906,-0.217773,0.986328,0,-0.000532632,0
1773773993977,0.0893555,-0.217773,0.989258,-0.000532632,-0.000532632,-0.00106526
1773773994058,0.0883789,-0.217773,0.988281,0,-0.000532632,-0.000532632
1773773994138,0.0874023,-0.219238,0.988281,0,-0.00106526,-0.000532632
1773773994209,0.0878906,-0.21875,0.989258,-0.000532632,-0.00106526,-0.00106526
1773773994289,0.0864258,-0.21875,0.986816,0,-0.000532632,0.000532632
1773773994370,0.0874023,-0.21875,0.988281,0,-0.00106526,-0.000532632
1773773994441,0.0874023,-0.216309,0.988281,0.000532632,-0.00106526,-0.000532632
1773773994521,0.0878906,-0.21582,0.987793,0,-0.000532632,-0.000532632
1773773994602,0.0898438,-0.217285,0.98877,0.000532632,-0.000532632,-0.000532632
1773773994672,0.0888672,-0.21875,0.987305,0.00106526,-0.00106526,-0.00106526
1773773994752,0.0869141,-0.217773,0.988281,-0.000532632,0,-0.000532632
1773773994833,0.0864258,-0.216309,0.988281,0,-0.00106526,0.000532632
1773773994903,0.0874023,-0.218262,0.988281,0,-0.000532632,-0.000532632
1773773994984,0.0893555,-0.216309,0.989746,-0.000532632,0.000532632,0
1773773995064,0.0888672,-0.216797,0.98877,0.000532632,-0.00213053,-0.00106526
1773773995135,0.0883789,-0.216797,0.987305,0.000532632,-0.00213053,-0.000532632
1773773995215,0.0874023,-0.218262,0.988281,0,-0.00106526,0.000532632
1773773995286,0.0878906,-0.21582,0.987793,0.000532632,-0.000532632,0.00106526
1773773995367,0.0878906,-0.217285,0.98877,0.000532632,-0.000532632,0
1773773995447,0.0883789,-0.216797,0.989258,0,-0.000532632,0
1773773995518,0.0878906,-0.218262,0.989258,-0.000532632,-0.000532632,-0.000532632
1773773995598,0.0869141,-0.216309,0.987793,-0.000532632,-0.00106526,0.000532632
1773773995679,0.0864258,-0.217773,0.989746,-0.000532632,-0.000532632,0
1773773995749,0.0878906,-0.219238,0.989258,0,-0.000532632,0.000532632
1773773995830,0.0888672,-0.217773,0.987793,-0.000532632,-0.00106526,0
1773773995911,0.0869141,-0.216309,0.986816,0,0,-0.00106526
1773773995981,0.0898438,-0.217773,0.986816,-0.000532632,-0.00106526,-0.000532632
1773773996062,0.0888672,-0.217285,0.988281,-0.000532632,0,-0.000532632
1773773996142,0.0888672,-0.217773,0.988281,0.000532632,-0.000532632,-0.00106526
1773773996213,0.0898438,-0.217285,0.986816,0,-0.0015979,0
1773773996293,0.0878906,-0.217285,0.987793,-0.000532632,-0.0015979,0
1773773996364,0.0878906,-0.21875,0.988281,0.00106526,-0.00106526,-0.00106526
1773773996444,0.0874023,-0.217285,0.988281,0.000532632,0,0
1773773996525,0.0874023,-0.216797,0.98877,0,-0.000532632,-0.000532632
1773773996595,0.0883789,-0.21875,0.987305,-0.000532632,0,0.00106526
1773773996676,0.0878906,-0.216797,0.987793,0.000532632,-0.00106526,0.000532632
1773773996757,0.0869141,-0.217285,0.987793,0.000532632,-0.00106526,0.000532632
1773773996827,0.0913086,-0.218262,0.989746,0,-0.0015979,0
1773773996908,0.0878906,-0.217285,0.987793,0,0,0.000532632
1773773996988,0.0883789,-0.217773,0.990234,0.000532632,-0.00106526,0
1773773997060,0.0878906,-0.217773,0.987793,0,-0.00106526,0
1773773997139,0.0859375,-0.216797,0.989746,-0.000532632,-0.00106526,-0.000532632
1773773997220,0.0883789,-0.218262,0.987793,0,-0.000532632,-0.000532632
1773773997290,0.0888672,-0.216309,0.98877,0.000532632,-0.000532632,0
1773773997371,0.0859375,-0.217773,0.98877,0,-0.00106526,0.000532632
1773773997451,0.0898438,-0.217285,0.987305,0,-0.00106526,0
1773773997522,0.0869141,-0.216309,0.986816,0,-0.00106526,-0.000532632
1773773997602,0.0844727,-0.216797,0.98877,-0.000532632,-0.0015979,-0.000532632
1773773997673,0.0869141,-0.217773,0.98584,0,-0.000532632,0.000532632
1773773997753,0.0893555,-0.21875,0.987793,0,-0.00106526,-0.000532632
1773773997834,0.0878906,-0.217285,0.987793,0,-0.000532632,-0.000532632
1773773997905,0.0878906,-0.217773,0.98877,-0.00106526,-0.000532632,0
1773773997985,0.0874023,-0.218262,0.98877,0,0,0.00106526
1773773998066,0.0888672,-0.21875,0.987793,0,-0.000532632,0
1773773998136,0.0883789,-0.216797,0.990234,0,-0.000532632,0
1773773998217,0.0854492,-0.21875,0.989258,-0.000532632,-0.00106526,0.000532632
1773773998297,0.0874023,-0.21875,0.987793,-0.00106526,-0.0015979,-0.00106526
1773773998368,0.0888672,-0.216797,0.988281,-0.000532632,-0.00106526,0
1773773998448,0.0883789,-0.21875,0.98877,0,-0.000532632,0.000532632
1773773998529,0.0859375,-0.216797,0.987793,-0.000532632,-0.00106526,-0.000532632
1773773998600,0.0874023,-0.21875,0.987793,-0.000532632,-0.000532632,-0.000532632
1773773998680,0.0874023,-0.217773,0.990234,0,-0.00106526,0.000532632
1773773998761,0.0878906,-0.219727,0.987793,0,-0.000532632,0
1773773998831,0.0869141,-0.21875,0.987793,-0.000532632,-0.000532632,-0.0015979
1773773998912,0.0874023,-0.216797,0.987793,0.000532632,0.000532632,0.000532632
1773773998982,0.0878906,-0.216309,0.98877,-0.000532632,-0.00106526,0
1773773999063,0.0888672,-0.217285,0.987793,-0.000532632,-0.000532632,0
1773773999143,0.0883789,-0.217773,0.988281,0,-0.000532632,0
1773773999214,0.0883789,-0.216309,0.988281,0,-0.00106526,0.00106526
1773773999294,0.090332,-0.219238,0.98877,-0.000532632,-0.000532632,-0.000532632
1773773999375,0.0864258,-0.21875,0.987793,0.00106526,-0.000532632,0.00106526
1773773999445,0.0878906,-0.217285,0.989258,-0.000532632,-0.00106526,0
1773773999526,0.0878906,-0.215332,0.986328,-0.00106526,-0.000532632,0.000532632
1773773999607,0.0869141,-0.217285,0.987793,0,0,0.000532632
1773773999677,0.0874023,-0.218262,0.98877,0,-0.000532632,0
1773773999758,0.0878906,-0.218262,0.986328,0,0,-0.000532632
1773773999838,0.0874023,-0.218262,0.98877,-0.000532632,-0.000532632,0
1773773999909,0.0874023,-0.21875,0.987793,0,-0.00106526,-0.000532632
1773773999989,0.0893555,-0.216797,0.986816,-0.0015979,-0.000532632,-0.000532632
1773774000070,0.0859375,-0.217773,0.986328,-0.000532632,-0.000532632,0
1773774000140,0.0893555,-0.216797,0.988281,0,-0.00106526,-0.000532632
1773774000221,0.0869141,-0.216797,0.986816,0,-0.0015979,0
1773774000291,0.0883789,-0.21875,0.988281,0,0.000532632,0.000532632
1773774000372,0.0883789,-0.216309,0.98877,-0.00106526,-0.000532632,-0.00106526
1773774000452,0.0874023,-0.217285,0.98877,0,-0.000532632,-0.000532632
1773774000523,0.0874023,-0.217285,0.989258,0,-0.00106526,0.000532632
1773774000603,0.0893555,-0.218262,0.989258,0.000532632,-0.000532632,-0.00106526
1773774000684,0.0878906,-0.219238,0.989746,0.000532632,-0.000532632,0
1773774000754,0.0878906,-0.217285,0.990234,0,-0.00106526,0.000532632
1773774000835,0.0874023,-0.218262,0.987793,-0.000532632,-0.0015979,0
1773774000915,0.0883789,-0.217773,0.987793,-0.000532632,-0.000532632,0
1773774000986,0.0878906,-0.21875,0.988281,0,-0.000532632,0.00106526
1773774001066,0.0898438,-0.21875,0.989746,0,-0.00106526,0
1773774001137,0.0874023,-0.218262,0.988281,-0.000532632,-0.000532632,-0.000532632
1773774001217,0.0864258,-0.217773,0.987793,-0.000532632,0,0.000532632
1773774001298,0.0874023,-0.216797,0.987305,0,-0.000532632,0
1773774001379,0.0878906,-0.219238,0.98877,0,0,-0.000532632
1773774001449,0.0869141,-0.219238,0.989258,-0.000532632,-0.000532632,0
1773774001530,0.0888672,-0.216797,0.987305,0.000532632,-0.000532632,0
1773774001600,0.0864258,-0.217285,0.988281,-0.00106526,-0.0015979,0
1773774001681,0.0878906,-0.21875,0.989258,-0.000532632,-0.00106526,-0.000532632
1773774001761,0.0874023,-0.21875,0.987305,0,-0.0015979,-0.00106526
1773774001832,0.0878906,-0.217773,0.987305,0,-0.000532632,-0.000532632
1773774001913,0.0859375,-0.216309,0.989258,0,-0.0015979,-0.000532632
1773774001993,0.0874023,-0.21875,0.987305,-0.000532632,-0.00106526,0
1773774002064,0.0859375,-0.217773,0.987305,-0.000532632,-0.00106526,0.00106526
1773774002144,0.0869141,-0.216309,0.986816,-0.000532632,-0.000532632,0
1773774002225,0.0859375,-0.218262,0.987793,-0.000532632,-0.0015979,-0.00106526
1773774002295,0.0878906,-0.21875,0.989746,0,-0.00106526,0
1773774002376,0.0869141,-0.218262,0.986328,0,-0.00106526,0
1773774002456,0.0869141,-0.216797,0.990234,-0.000532632,-0.000532632,0.000532632
1773774002527,0.0878906,-0.21875,0.987305,-0.000532632,0,-0.000532632
1773774002607,0.0859375,-0.21875,0.98877,0,-0.00106526,-0.000532632
1773774002678,0.0883789,-0.216797,0.987793,0.000532632,-0.000532632,-0.00106526
1773774002759,0.0864258,-0.21875,0.989258,-0.0015979,-0.0015979,-0.000532632
1773774002839,0.0878906,-0.217285,0.990723,-0.000532632,0,0
1773774002910,0.0893555,-0.21875,0.989746,0,-0.000532632,0
1773774002990,0.0878906,-0.217773,0.989258,-0.000532632,-0.00106526,0
1773774003071,0.0874023,-0.21582,0.987793,-0.00106526,-0.00106526,0.000532632
1773774003142,0.0878906,-0.216797,0.987793,-0.000532632,-0.00106526,0
1773774003222,0.0874023,-0.216797,0.98877,0,-0.000532632,0
1773774003302,0.0874023,-0.217285,0.98877,-0.000532632,-0.00106526,0
1773774003373,0.0869141,-0.21875,0.988281,0,0,-0.000532632
1773774003453,0.0888672,-0.217773,0.987793,0,-0.00106526,-0.000532632
1773774003534,0.0878906,-0.217285,0.98584,0.000532632,-0.000532632,-0.000532632
1773774003604,0.0869141,-0.217773,0.988281,0.000532632,0,0
1773774003685,0.0898438,-0.217773,0.990234,0.000532632,0.000532632,0.000532632
1773774003755,0.0874023,-0.217773,0.989746,-0.0015979,-0.000532632,-0.000532632
1773774003836,0.090332,-0.215332,0.989258,0.000532632,-0.00106526,-0.000532632
1773774003916,0.0883789,-0.21582,0.987305,-0.000532632,-0.000532632,0
1773774003987,0.0869141,-0.21875,0.98877,0.000532632,-0.0015979,-0.000532632
1773774004067,0.0878906,-0.216797,0.989746,0,-0.000532632,-0.000532632
1773774004148,0.0878906,-0.220703,0.990234,0.000532632,-0.00106526,0.000532632
1773774004218,0.0864258,-0.217285,0.98584,0,-0.000532632,0
1773774004299,0.0908203,-0.218262,0.987793,0,-0.000532632,-0.0015979
1773774004380,0.0854492,-0.216797,0.986816,0.000532632,-0.000532632,0.000532632
1773774004450,0.0874023,-0.217285,0.987305,0,-0.00106526,0
1773774004531,0.0878906,-0.217773,0.987793,0,-0.000532632,0.000532632
1773774004611,0.0859375,-0.216797,0.987305,0,-0.000532632,0.000532632
1773774004682,0.0888672,-0.21875,0.986328,-0.000532632,-0.000532632,0.000532632
1773774004762,0.0874023,-0.217285,0.987793,0.000532632,-0.000532632,-0.000532632
1773774004843,0.0898438,-0.217285,0.990723,-0.000532632,-0.000532632,0
1773774004914,0.0883789,-0.217285,0.986816,0,-0.000532632,0
1773774004994,0.0864258,-0.21875,0.986328,-0.00106526,-0.00106526,-0.000532632
1773774005064,0.0883789,-0.216797,0.989746,0,0,-0.000532632
1773774005145,0.0893555,-0.217773,0.988281,-0.00106526,0.000532632,0
1773774005226,0.0869141,-0.218262,0.989258,0,-0.00106526,0
1773774005296,0.0888672,-0.218262,0.98877,-0.000532632,0,0.000532632
1773774005378,0.0874023,-0.217773,0.986816,0,-0.00106526,-0.000532632
1773774005458,0.0859375,-0.219727,0.987305,0,-0.000532632,-0.000532632
1773774005529,0.0869141,-0.216309,0.986816,0,0,-0.000532632
1773774005609,0.0883789,-0.219238,0.988281,0,-0.00106526,-0.000532632
1773774005690,0.0878906,-0.21582,0.98877,0,-0.0015979,0
1773774005760,0.0878906,-0.217285,0.987793,-0.000532632,-0.000532632,0.0015979
1773774005841,0.0864258,-0.218262,0.987305,0,-0.000532632,0.000532632
1773774005921,0.0878906,-0.217285,0.98877,0.000532632,-0.00106526,0
1773774005992,0.0898438,-0.217773,0.991211,0,-0.00106526,0
1773774006072,0.0874023,-0.216797,0.987793,-0.00106526,-0.000532632,0.00106526
1773774006143,0.0893555,-0.21582,0.989258,0.00106526,-0.00106526,-0.000532632
1773774006223,0.0878906,-0.216797,0.98877,0.000532632,0,0.000532632
1773774006304,0.0883789,-0.217285,0.986328,0,0,0
1773774006375,0.0878906,-0.218262,0.988281,0,-0.000532632,0.000532632
1773774006455,0.0888672,-0.216797,0.988281,0.000532632,0.000532632,0
1773774006536,0.0888672,-0.216797,0.987793,-0.000532632,-0.000532632,-0.000532632
1773774006606,0.0864258,-0.217773,0.98877,0.000532632,-0.0015979,-0.000532632
1773774006687,0.0888672,-0.217285,0.988281,0.000532632,-0.000532632,0.000532632
1773774006767,0.0874023,-0.216797,0.987793,0,-0.00106526,0.000532632
1773774006838,0.0864258,-0.218262,0.98584,0.000532632,-0.00106526,0.0015979
1773774006918,0.0878906,-0.217773,0.987793,0.000532632,-0.000532632,-0.000532632
1773774006999,0.0869141,-0.21875,0.98877,0.000532632,0,-0.000532632
1773774007069,0.0883789,-0.21875,0.989746,-0.00106526,-0.000532632,0
1773774007151,0.0869141,-0.219238,0.989258,-0.00106526,0,0.000532632
1773774007220,0.0864258,-0.217773,0.986816,0,-0.00106526,0.00106526
1773774007301,0.0883789,-0.215332,0.987793,0.00106526,0,0
1773774007381,0.0874023,-0.218262,0.987793,-0.000532632,0,0
1773774007452,0.0859375,-0.216797,0.988281,-0.00106526,-0.00106526,0.00106526
1773774007532,0.0878906,-0.217285,0.987793,0.000532632,-0.000532632,0.0015979
1773774007613,0.0864258,-0.219238,0.988281,0,-0.00106526,0
1773774007683,0.0888672,-0.218262,0.989746,0.000532632,-0.000532632,0
1773774007764,0.0878906,-0.216309,0.988281,-0.000532632,0.000532632,0
1773774007845,0.0878906,-0.216309,0.98877,-0.000532632,-0.000532632,-0.000532632
1773774007915,0.0883789,-0.218262,0.989258,-0.000532632,-0.00106526,0
1773774007996,0.0874023,-0.216309,0.98877,0,0,0.00106526
1773774008076,0.0874023,-0.218262,0.987305,0,0.000532632,-0.00106526
1773774008147,0.0888672,-0.217285,0.988281,0,0,0.000532632
1773774008227,0.0874023,-0.217773,0.989258,0,-0.00106526,0
1773774008298,0.0869141,-0.217285,0.986816,-0.000532632,-0.000532632,0.000532632
1773774008379,0.0878906,-0.21582,0.989258,0,-0.000532632,0
1773774008460,0.0874023,-0.218262,0.988281,0,-0.00106526,0.000532632
1773774008530,0.0883789,-0.216797,0.987793,0,0,-0.00106526
1773774008611,0.0864258,-0.218262,0.98877,0.00106526,-0.000532632,0.000532632
1773774008691,0.0869141,-0.217285,0.987793,0,-0.00106526,0
1773774008762,0.0878906,-0.219727,0.988281,-0.000532632,-0.00106526,0
1773774008842,0.0874023,-0.216797,0.98877,-0.00106526,-0.000532632,-0.000532632
1773774008913,0.0874023,-0.217285,0.98584,0,-0.00106526,0
1773774008994,0.0874023,-0.21875,0.988281,-0.000532632,-0.00106526,-0.000532632
1773774009074,0.0859375,-0.219238,0.989258,0.000532632,-0.00106526,0
1773774009155,0.0874023,-0.218262,0.986816,-0.00106526,-0.00106526,0.000532632
1773774009225,0.0869141,-0.216797,0.989258,-0.000532632,-0.000532632,-0.000532632
1773774009306,0.0878906,-0.217285,0.988281,-0.00106526,0,-0.00106526
1773774009376,0.0864258,-0.219238,0.988281,0.000532632,-0.0015979,0.000532632
1773774009457,0.0869141,-0.217285,0.988281,-0.00106526,-0.000532632,0.000532632
1773774009537,0.0864258,-0.219727,0.987793,-0.000532632,0,0.00106526
1773774009608,0.0864258,-0.218262,0.987305,0,-0.00106526,0
1773774009689,0.0878906,-0.217285,0.989746,0,0,0
1773774009769,0.0878906,-0.217773,0.98584,-0.000532632,-0.0015979,0
1773774009839,0.0883789,-0.217285,0.987793,0.000532632,-0.000532632,0
1773774009920,0.0888672,-0.219238,0.986328,0,0,0.000532632
1773774010000,0.0893555,-0.216797,0.989746,-0.000532632,0,0.000532632
1773774010071,0.0878906,-0.218262,0.989746,0,-0.0015979,0.000532632
1773774010151,0.0893555,-0.216797,0.988281,0,-0.00106526,-0.000532632
1773774010232,0.0869141,-0.217773,0.989258,0.000532632,-0.00106526,0
1773774010302,0.0878906,-0.216797,0.988281,-0.00106526,0,0
1773774010383,0.0893555,-0.217285,0.987305,0,-0.000532632,-0.000532632
1773774010464,0.0874023,-0.217773,0.988281,0,0,-0.000532632
1773774010534,0.0869141,-0.216797,0.986328,0,-0.00106526,0
1773774010615,0.0869141,-0.218262,0.98877,-0.000532632,-0.000532632,-0.000532632
1773774010686,0.0869141,-0.218262,0.98877,0.000532632,-0.000532632,0
1773774010766,0.0878906,-0.215332,0.987305,0,-0.000532632,0
1773774010846,0.0869141,-0.216797,0.986328,0,-0.0015979,-0.000532632
1773774010917,0.0869141,-0.217773,0.990723,0.000532632,-0.000532632,0
1773774010997,0.0883789,-0.217773,0.987793,0,-0.000532632,0
1773774011078,0.0859375,-0.217285,0.987793,0.00106526,-0.00106526,-0.000532632
1773774011148,0.0874023,-0.217285,0.989258,0,0,0
1773774011229,0.0878906,-0.216309,0.987305,0.000532632,-0.00106526,0
1773774011310,0.0888672,-0.218262,0.988281,0,-0.0015979,0
1773774011380,0.0893555,-0.217285,0.987305,0.000532632,-0.00106526,0.000532632
1773774011461,0.0874023,-0.21875,0.98877,-0.000532632,-0.0015979,0
1773774011541,0.0869141,-0.21875,0.986816,0,0,0.000532632
1773774011612,0.0883789,-0.217285,0.988281,0,-0.000532632,0.000532632
1773774011692,0.0874023,-0.217285,0.98877,0.00106526,-0.000532632,0.000532632
1773774011773,0.0869141,-0.217285,0.988281,0.000532632,0,-0.00106526
1773774011843,0.0869141,-0.216797,0.987793,-0.000532632,-0.000532632,0.00106526
1773774011924,0.0869141,-0.21875,0.987793,-0.000532632,-0.00106526,0
1773774011994,0.0869141,-0.217773,0.989746,-0.000532632,-0.000532632,-0.000532632
1773774012076,0.0878906,-0.217773,0.987305,0,-0.00106526,-0.000532632
1773774012156,0.0878906,-0.216797,0.987305,-0.000532632,-0.00106526,-0.000532632
1773774012226,0.0883789,-0.217285,0.98877,-0.000532632,-0.000532632,0
1773774012307,0.0878906,-0.217773,0.988281,0.000532632,0,0
1773774012387,0.0893555,-0.216797,0.987793,0,0,0.000532632
1773774012458,0.0874023,-0.216309,0.988281,0,-0.000532632,0.000532632
1773774012538,0.0864258,-0.217285,0.988281,0,-0.00106526,0
1773774012619,0.0864258,-0.216797,0.986328,0,-0.00106526,0
1773774012689,0.0883789,-0.218262,0.987305,0,-0.000532632,-0.000532632
1773774012770,0.0888672,-0.220215,0.987793,0.000532632,-0.00106526,0.00106526
1773774012850,0.0849609,-0.218262,0.987793,0,-0.0015979,-0.000532632
1773774012921,0.0869141,-0.217285,0.988281,0,0,-0.000532632
1773774013001,0.0883789,-0.219238,0.986816,0,-0.00106526,-0.000532632
1773774013082,0.0869141,-0.217285,0.990234,0,-0.000532632,0
1773774013152,0.0878906,-0.216797,0.990234,0,-0.00106526,0.000532632
1773774013233,0.0874023,-0.217285,0.987793,0.00106526,-0.000532632,0.000532632
1773774013304,0.0854492,-0.217285,0.988281,0,-0.000532632,-0.000532632
1773774013385,0.0883789,-0.217773,0.989258,0.000532632,-0.0015979,-0.000532632
1773774013465,0.0869141,-0.216797,0.988281,-0.000532632,0,-0.000532632
1773774013535,0.0878906,-0.21582,0.987793,-0.000532632,0,0
1773774013616,0.0893555,-0.217773,0.987793,-0.00106526,-0.000532632,0.000532632
1773774013696,0.0849609,-0.216309,0.98584,0.000532632,-0.00106526,-0.000532632
1773774013767,0.0859375,-0.219238,0.98877,0,-0.00106526,0.00106526
1773774013847,0.0859375,-0.218262,0.989258,-0.000532632,-0.00106526,0.00106526
1773774013928,0.0888672,-0.21875,0.98877,-0.00106526,-0.000532632,-0.000532632
1773774013998,0.0878906,-0.217285,0.987793,0.00106526,-0.00106526,-0.00106526
1773774014079,0.0869141,-0.218262,0.985352,-0.00106526,-0.00106526,-0.000532632
1773774014160,0.0864258,-0.21875,0.98877,0,-0.00106526,0.000532632
1773774014230,0.0859375,-0.217773,0.986816,-0.000532632,0,-0.00106526
1773774014311,0.0874023,-0.217773,0.987793,0.000532632,0.000532632,-0.0015979
1773774014381,0.0864258,-0.21875,0.987793,0,0,0.000532632
1773774014462,0.0883789,-0.220215,0.989258,0,-0.00106526,0
1773774014542,0.0864258,-0.217773,0.989746,0.000532632,-0.000532632,0
1773774014613,0.0878906,-0.216797,0.987305,0,-0.000532632,-0.000532632
1773774014693,0.0893555,-0.215332,0.987305,-0.000532632,-0.0015979,0
1773774014774,0.0874023,-0.21875,0.990234,0,-0.000532632,-0.000532632
1773774014844,0.0869141,-0.216309,0.98877,-0.000532632,-0.000532632,-0.000532632
1773774014925,0.0893555,-0.214844,0.986816,-0.000532632,-0.0015979,0
1773774015005,0.0878906,-0.218262,0.989258,0,-0.000532632,0
1773774015076,0.0869141,-0.21875,0.989258,-0.00106526,-0.000532632,0.000532632
1773774015156,0.0869141,-0.217773,0.989746,0,-0.000532632,0.00106526
1773774015237,0.0874023,-0.217285,0.988281,0,0,0.000532632
1773774015308,0.0869141,-0.216309,0.989258,0,-0.00213053,-0.00106526
1773774015388,0.0859375,-0.218262,0.988281,-0.000532632,-0.000532632,0.000532632
1773774015469,0.0878906,-0.217773,0.986328,0,-0.0015979,-0.000532632
1773774015539,0.0859375,-0.215332,0.987305,0.000532632,0,-0.000532632
1773774015620,0.0874023,-0.216797,0.990234,0,-0.00106526,-0.000532632
1773774015690,0.0898438,-0.21875,0.98877,-0.00106526,-0.00106526,-0.000532632
1773774015771,0.0859375,-0.21582,0.988281,0,-0.00106526,0.00106526
1773774015851,0.0864258,-0.21875,0.989746,0.000532632,-0.000532632,0.00106526
1773774015922,0.0869141,-0.21875,0.988281,-0.00106526,-0.000532632,0
1773774016002,0.0859375,-0.217773,0.988281,0,0,0.000532632
1773774016083,0.0874023,-0.21582,0.989258,-0.000532632,-0.00106526,0
1773774016153,0.0859375,-0.216797,0.987305,0,-0.000532632,0
1773774016234,0.0883789,-0.217285,0.98584,-0.000532632,0,0.000532632
1773774016315,0.0874023,-0.216309,0.98877,0,-0.00213053,0
1773774016385,0.0883789,-0.218262,0.98877,-0.00106526,-0.00106526,0
1773774016466,0.0874023,-0.217773,0.989258,-0.000532632,-0.000532632,0
1773774016546,0.0888672,-0.21875,0.989746,0,-0.000532632,0
1773774016616,0.0888672,-0.216797,0.989258,-0.000532632,-0.000532632,0
1773774016697,0.0878906,-0.21582,0.989258,0,-0.000532632,0.000532632
1773774016778,0.0888672,-0.217773,0.98877,0.000532632,-0.000532632,0
1773774016848,0.0854492,-0.218262,0.988281,0.00106526,-0.000532632,-0.00106526
1773774016929,0.0874023,-0.216797,0.990234,-0.000532632,-0.000532632,-0.00106526
1773774016999,0.0864258,-0.217285,0.988281,0,0,0
1773774017080,0.0878906,-0.21582,0.987793,0,-0.00106526,-0.000532632
1773774017160,0.0888672,-0.215332,0.989746,-0.000532632,0,0
1773774017231,0.0883789,-0.21875,0.990723,-0.0015979,0,-0.0015979
1773774017311,0.0888672,-0.216309,0.989258,-0.000532632,-0.000532632,-0.000532632
1773774017392,0.0869141,-0.217773,0.989258,0,-0.000532632,0
1773774017462,0.0864258,-0.216797,0.988281,-0.000532632,-0.000532632,-0.00106526
1773774017543,0.0883789,-0.216797,0.986816,-0.000532632,0,0
1773774017623,0.0883789,-0.216309,0.989258,0.000532632,0,0.00106526
1773774017694,0.0888672,-0.217285,0.98877,0,-0.000532632,0
1773774017774,0.0859375,-0.219238,0.987305,-0.000532632,0,0
1773774017855,0.0859375,-0.217773,0.988281,0,-0.0015979,-0.00106526
1773774017925,0.0888672,-0.216309,0.988281,0,-0.000532632,0.000532632
1773774018006,0.0888672,-0.218262,0.986328,-0.00106526,-0.00213053,0.000532632
1773774018086,0.0878906,-0.21582,0.989746,0.00106526,-0.0015979,0.00106526
1773774018157,0.0874023,-0.216797,0.989258,-0.000532632,-0.000532632,0.00106526
1773774018237,0.0878906,-0.216797,0.989258,-0.00106526,-0.000532632,-0.00106526
1773774018308,0.0869141,-0.215332,0.988281,-0.000532632,-0.000532632,0
1773774018388,0.0878906,-0.217285,0.988281,0.000532632,-0.000532632,-0.000532632
1773774018469,0.0869141,-0.216797,0.98877,0,-0.00106526,-0.000532632
1773774018539,0.0888672,-0.217773,0.987793,-0.000532632,-0.000532632,0.000532632
1773774018620,0.0874023,-0.217773,0.987793,0,-0.00106526,0
1773774018701,0.0878906,-0.216797,0.989258,-0.000532632,-0.000532632,0.000532632
1773774018771,0.0869141,-0.219238,0.986328,0,-0.000532632,-0.000532632
1773774018852,0.0898438,-0.21875,0.986328,-0.000532632,-0.0015979,0.000532632
1773774018932,0.0854492,-0.217773,0.986816,0,-0.00106526,-0.000532632
1773774019003,0.0888672,-0.216309,0.98877,-0.000532632,-0.000532632,-0.00106526
1773774019083,0.0878906,-0.217773,0.989746,0.000532632,-0.00106526,-0.00106526
1773774019164,0.0878906,-0.21875,0.987305,-0.000532632,-0.00106526,0
1773774019234,0.0869141,-0.217285,0.989258,-0.000532632,0,0
1773774019315,0.0883789,-0.216797,0.989258,0,0,-0.00106526
1773774019395,0.0874023,-0.216797,0.988281,-0.00106526,-0.000532632,0
1773774019466,0.0878906,-0.218262,0.988281,-0.00106526,-0.0015979,0
1773774019546,0.0874023,-0.217773,0.987793,-0.0015979,-0.000532632,0.000532632
1773774019627,0.0878906,-0.219238,0.987793,0,-0.00106526,0
1773774019698,0.0883789,-0.214844,0.988281,-0.00106526,-0.00106526,0.000532632
1773774019778,0.0869141,-0.219238,0.987793,0,-0.000532632,-0.000532632
1773774019849,0.0874023,-0.217773,0.98877,-0.000532632,0,-0.00106526
1773774019929,0.0883789,-0.217285,0.987305,-0.00106526,-0.000532632,-0.000532632
1773774020010,0.0854492,-0.21875,0.98877,0.000532632,-0.00213053,-0.000532632
1773774020080,0.0874023,-0.21875,0.989258,-0.000532632,-0.000532632,-0.00106526
1773774020161,0.0869141,-0.216797,0.989746,-0.000532632,-0.000532632,0.000532632
1773774020241,0.0883789,-0.217285,0.987305,0,0,-0.000532632
1773774020312,0.0883789,-0.216797,0.989258,-0.000532632,0,-0.000532632
1773774020392,0.0869141,-0.21582,0.987793,0,-0.000532632,-0.000532632
1773774020473,0.0888672,-0.218262,0.986816,0.000532632,-0.000532632,-0.000532632
1773774020543,0.0878906,-0.217773,0.988281,0,0.000532632,0
1773774020624,0.0874023,-0.217773,0.987305,0,-0.000532632,0.000532632
1773774020704,0.0874023,-0.21875,0.990234,0.00106526,-0.000532632,0.000532632
1773774020775,0.0883789,-0.217773,0.986816,-0.00106526,-0.00106526,0.000532632
1773774020855,0.0883789,-0.216797,0.986816,0,0,-0.000532632
1773774020936,0.0859375,-0.219727,0.987793,0.000532632,-0.000532632,-0.00106526
1773774021007,0.0888672,-0.216797,0.98877,-0.00106526,-0.0015979,-0.000532632
1773774021087,0.0878906,-0.216309,0.990723,0,-0.000532632,0.000532632
1773774021158,0.0864258,-0.215332,0.989258,-0.000532632,-0.000532632,0.00106526
1773774021238,0.0878906,-0.220215,0.98877,-0.000532632,0,-0.00106526
1773774021309,0.0864258,-0.217285,0.987793,0,0,0
1773774021389,0.0883789,-0.216797,0.986816,-0.000532632,-0.0015979,0
1773774021470,0.0869141,-0.216797,0.988281,0,-0.000532632,-0.000532632
1773774021550,0.0883789,-0.21875,0.987305,-0.000532632,-0.000532632,-0.00106526
1773774021621,0.0898438,-0.21582,0.990234,-0.000532632,-0.000532632,-0.000532632
1773774021701,0.0869141,-0.218262,0.989258,0,-0.00106526,-0.000532632
1773774021782,0.0878906,-0.216797,0.987793,-0.000532632,-0.00106526,0
1773774021852,0.0888672,-0.219238,0.98584,-0.000532632,-0.000532632,0
1773774021933,0.0869141,-0.217285,0.98877,-0.000532632,-0.00106526,0.000532632
1773774022014,0.0883789,-0.216797,0.986816,0,-0.000532632,-0.0015979
1773774022084,0.0864258,-0.219238,0.987305,-0.000532632,-0.00106526,-0.00106526
1773774022165,0.0859375,-0.218262,0.987305,0.000532632,0.000532632,-0.000532632
1773774022235,0.0854492,-0.21875,0.989258,-0.00106526,0,0
1773774022316,0.0864258,-0.217285,0.991211,0,-0.00106526,0.000532632
1773774022397,0.0878906,-0.21875,0.988281,-0.000532632,-0.000532632,-0.0015979
1773774022467,0.0888672,-0.217773,0.987793,-0.00106526,0.000532632,-0.000532632
1773774022548,0.0869141,-0.216797,0.986328,0,-0.000532632,0
1773774022628,0.0888672,-0.218262,0.987793,-0.000532632,-0.000532632,0.000532632
1773774022699,0.0883789,-0.218262,0.98877,-0.000532632,0,0.000532632
1773774022779,0.0893555,-0.216309,0.988281,0,-0.000532632,0.000532632
1773774022860,0.0874023,-0.219238,0.989258,0.00106526,-0.00106526,-0.000532632
1773774022930,0.0878906,-0.216309,0.987793,0,-0.000532632,0.000532632
1773774023012,0.0883789,-0.216797,0.989746,0,-0.00106526,0
1773774023092,0.0869141,-0.21875,0.989258,0,-0.000532632,0.000532632
1773774023162,0.0878906,-0.219238,0.987793,0,-0.000532632,0
1773774023243,0.090332,-0.219238,0.988281,0,-0.00106526,0.000532632
1773774023315,0.0874023,-0.21875,0.989258,0.000532632,-0.000532632,-0.00106526
1773774023394,0.0883789,-0.218262,0.986816,0,0,-0.000532632
1773774023474,0.0893555,-0.216797,0.987305,0.000532632,-0.00106526,-0.00106526
1773774023545,0.0874023,-0.217773,0.987305,0.000532632,0,0.000532632
1773774023625,0.0898438,-0.218262,0.989258,0.000532632,0,0.00106526
1773774023706,0.0878906,-0.218262,0.988281,0,0,-0.000532632
1773774023776,0.0878906,-0.218262,0.98877,-0.000532632,-0.00106526,0
1773774023857,0.0898438,-0.217285,0.989258,0,0,0
1773774023938,0.0874023,-0.217285,0.988281,0,-0.0015979,0
1773774024008,0.0874023,-0.219727,0.986816,0,-0.0015979,0.000532632
1773774024088,0.0878906,-0.217285,0.990234,0.00106526,-0.00106526,0
1773774024169,0.0874023,-0.217285,0.98877,-0.000532632,-0.000532632,0
1773774024240,0.0859375,-0.217285,0.988281,-0.00106526,0,0
1773774024321,0.0878906,-0.218262,0.987793,-0.000532632,-0.0015979,0
1773774024401,0.0864258,-0.219238,0.987305,0,-0.00106526,-0.000532632
1773774024471,0.0878906,-0.216797,0.987793,0,0.000532632,0
1773774024552,0.0898438,-0.218262,0.98877,0,-0.00106526,0
1773774024623,0.0878906,-0.217773,0.990234,0,0,0
1773774024703,0.0893555,-0.217773,0.986816,-0.000532632,0,0
1773774024783,0.0874023,-0.217285,0.987305,0.000532632,-0.00106526,0
1773774024854,0.0874023,-0.217773,0.986816,-0.000532632,-0.0015979,0.000532632
1773774024935,0.0869141,-0.21875,0.989258,0,0,0.000532632
1773774025015,0.0874023,-0.219238,0.990234,-0.000532632,0,0
1773774025086,0.0908203,-0.218262,0.988281,0.000532632,-0.000532632,-0.000532632
1773774025166,0.0883789,-0.216797,0.988281,-0.000532632,-0.00106526,0.000532632
1773774025247,0.0883789,-0.216797,0.990234,-0.00106526,-0.000532632,0
1773774025318,0.0893555,-0.215332,0.989258,-0.000532632,-0.00106526,-0.000532632
1773774025398,0.0869141,-0.217773,0.98877,-0.000532632,0,0
1773774025479,0.0878906,-0.218262,0.987793,-0.000532632,0,-0.000532632
1773774025549,0.0878906,-0.217773,0.987793,-0.000532632,0,0
1773774025629,0.0878906,-0.216797,0.989746,-0.000532632,-0.00106526,0
1773774025700,0.0893555,-0.217285,0.988281,-0.0015979,-0.00106526,-0.000532632
1773774025780,0.0878906,-0.219238,0.988281,0,0,-0.0015979
1773774025861,0.0878906,-0.218262,0.989258,0,-0.000532632,0
1773774025931,0.0874023,-0.219238,0.989746,0,0,-0.000532632
1773774026012,0.0878906,-0.21875,0.98877,-0.000532632,-0.00106526,-0.000532632
1773774026092,0.0888672,-0.217773,0.987793,-0.000532632,-0.0015979,-0.000532632
1773774026163,0.0878906,-0.217285,0.988281,-0.000532632,-0.0015979,-0.000532632
1773774026244,0.0859375,-0.216309,0.987793,0.00106526,-0.0015979,0
1773774026324,0.0888672,-0.218262,0.990234,-0.000532632,0,-0.00106526
1773774026395,0.0859375,-0.218262,0.988281,-0.000532632,-0.00106526,0
1773774026475,0.0869141,-0.216797,0.988281,-0.000532632,-0.000532632,-0.000532632
1773774026556,0.0869141,-0.217773,0.988281,0.000532632,0,0.000532632
1773774026626,0.0874023,-0.217285,0.988281,0,-0.00106526,-0.000532632
1773774026707,0.0883789,-0.21875,0.987305,-0.00106526,-0.00106526,0
1773774026787,0.0883789,-0.217285,0.987793,0,-0.000532632,-0.000532632
1773774026858,0.0883789,-0.216309,0.987793,-0.000532632,-0.000532632,0
1773774026939,0.0854492,-0.216797,0.987793,-0.000532632,0,0.000532632
1773774027009,0.0883789,-0.216309,0.989258,0,-0.00106526,-0.000532632
1773774027089,0.0883789,-0.217773,0.987793,-0.0015979,-0.00106526,0
1773774027170,0.0883789,-0.217773,0.987793,0,-0.000532632,0
1773774027240,0.0874023,-0.216309,0.989258,-0.000532632,-0.0015979,0
1773774027321,0.0878906,-0.217773,0.989746,-0.000532632,-0.00106526,0
1773774027402,0.0878906,-0.217773,0.990234,-0.000532632,-0.000532632,-0.000532632
1773774027472,0.0878906,-0.21875,0.989258,0,-0.00106526,0
1773774027553,0.0859375,-0.217773,0.990723,-0.000532632,-0.0015979,-0.000532632
1773774027633,0.0864258,-0.216309,0.989258,0,-0.00106526,-0.00106526
1773774027704,0.0869141,-0.217285,0.98584,0,0,0.000532632
1773774027784,0.0898438,-0.218262,0.987793,0,-0.000532632,-0.0015979
1773774027865,0.0883789,-0.216797,0.98877,0.000532632,-0.00106526,0
1773774027935,0.0874023,-0.219238,0.98877,0.000532632,-0.000532632,0.000532632
1773774028016,0.0869141,-0.216309,0.989258,-0.000532632,0,-0.000532632
1773774028096,0.0883789,-0.216797,0.98877,-0.000532632,-0.0015979,0.000532632
1773774028167,0.0874023,-0.218262,0.989746,0.000532632,-0.0015979,0
1773774028247,0.0869141,-0.215332,0.987793,0,-0.00106526,0
1773774028328,0.0864258,-0.218262,0.987305,-0.000532632,-0.000532632,-0.000532632
1773774028398,0.0878906,-0.217285,0.988281,0,-0.0015979,-0.000532632
1773774028479,0.0874023,-0.218262,0.987793,-0.0015979,-0.00106526,-0.00106526
1773774028549,0.0874023,-0.21582,0.989746,-0.0015979,-0.000532632,0
1773774028630,0.0859375,-0.216309,0.986816,-0.000532632,-0.00106526,-0.000532632
1773774028710,0.0874023,-0.217773,0.986816,0,0,0
1773774028781,0.0883789,-0.218262,0.989746,0,-0.00106526,-0.000532632
1773774028861,0.0874023,-0.217773,0.989746,-0.00106526,-0.00106526,0
1773774028942,0.0883789,-0.216309,0.987305,0,-0.00106526,-0.00106526
1773774029013,0.0874023,-0.21582,0.986816,-0.000532632,-0.00106526,0
1773774029093,0.0878906,-0.216797,0.986816,-0.000532632,-0.000532632,-0.0015979
1773774029174,0.0898438,-0.219727,0.98877,0,0,0
1773774029244,0.0883789,-0.21582,0.989746,0.00106526,0,0
1773774029325,0.0888672,-0.216309,0.989258,0.000532632,-0.000532632,0.000532632
1773774029405,0.0874023,-0.217285,0.989258,0.00106526,-0.00106526,0.000532632
1773774029476,0.0883789,-0.219727,0.987793,-0.0015979,-0.00106526,0.000532632
1773774029556,0.0883789,-0.21875,0.989746,-0.0015979,-0.00213053,0.000532632
1773774029637,0.0849609,-0.21875,0.986816,-0.000532632,-0.00106526,0
1773774029707,0.0893555,-0.218262,0.989258,0.000532632,-0.00106526,-0.000532632
1773774029788,0.0869141,-0.218262,0.988281,-0.000532632,-0.000532632,-0.000532632
1773774029868,0.0883789,-0.218262,0.98877,-0.000532632,-0.00106526,0
1773774029939,0.0859375,-0.220215,0.987305,-0.000532632,-0.000532632,0.000532632
1773774030019,0.0888672,-0.218262,0.988281,0,-0.00106526,0
1773774030100,0.0878906,-0.219238,0.98584,0.000532632,-0.00106526,0
1773774030170,0.090332,-0.216797,0.988281,0,0,-0.00106526
1773774030251,0.0874023,-0.21582,0.986328,0.000532632,-0.000532632,0.000532632
1773774030322,0.0864258,-0.21875,0.988281,0,-0.00106526,0.0015979
1773774030402,0.0878906,-0.218262,0.988281,0.000532632,-0.000532632,-0.000532632
1773774030483,0.0874023,-0.215332,0.989746,0.000532632,-0.000532632,0
1773774030553,0.0893555,-0.216797,0.986816,0.000532632,-0.00106526,-0.000532632
1773774030634,0.0888672,-0.21582,0.990723,0.000532632,-0.0015979,0
1773774030714,0.0874023,-0.216797,0.989746,-0.000532632,-0.00106526,0
1773774030785,0.0864258,-0.21582,0.986816,-0.000532632,0,-0.00106526
1773774030866,0.0874023,-0.21875,0.987305,-0.00106526,-0.00106526,-0.000532632
1773774030946,0.0874023,-0.216797,0.986816,0.000532632,-0.00106526,0.000532632
1773774031016,0.0874023,-0.217285,0.987305,0.000532632,0,0
1773774031097,0.0854492,-0.217285,0.988281,0,-0.000532632,0
1773774031177,0.0859375,-0.218262,0.990234,0.000532632,-0.00106526,0
1773774031248,0.0883789,-0.219727,0.989258,0.000532632,-0.000532632,-0.000532632
1773774031329,0.0888672,-0.219238,0.988281,-0.000532632,-0.000532632,0.000532632
1773774031409,0.0874023,-0.21875,0.988281,0,-0.000532632,-0.000532632
1773774031480,0.0888672,-0.217285,0.988281,0,-0.000532632,0
1773774031560,0.0888672,-0.216309,0.989258,-0.0015979,-0.000532632,-0.00106526
1773774031631,0.0874023,-0.21875,0.989258,-0.000532632,-0.000532632,-0.00106526
1773774031711,0.0869141,-0.216309,0.991211,-0.000532632,-0.000532632,0.000532632
1773774031792,0.0878906,-0.216309,0.98877,0.00106526,-0.00106526,0
1773774031862,0.0883789,-0.218262,0.990723,0,-0.000532632,0.0015979
1773774031943,0.0893555,-0.218262,0.98877,-0.000532632,-0.00106526,0.00106526
1773774032023,0.0869141,-0.217773,0.988281,0,0,-0.00106526
1773774032094,0.0874023,-0.219727,0.988281,-0.000532632,-0.00106526,-0.000532632
1773774032174,0.0883789,-0.21875,0.989746,-0.000532632,-0.0015979,-0.0015979
1773774032255,0.0888672,-0.21582,0.987793,-0.00106526,-0.00106526,0.0015979
1773774032326,0.0883789,-0.217285,0.987793,-0.000532632,0,0.000532632
1773774032406,0.0878906,-0.21582,0.987793,0,-0.00106526,0.000532632
1773774032477,0.0869141,-0.217773,0.988281,-0.000532632,-0.000532632,0.000532632
1773774032557,0.0883789,-0.216797,0.987793,-0.000532632,-0.000532632,-0.000532632
1773774032638,0.0864258,-0.216797,0.988281,0,-0.00106526,0.000532632
1773774032708,0.0888672,-0.217285,0.991211,-0.000532632,0,0.000532632
1773774032789,0.0883789,-0.216797,0.989746,0.000532632,-0.0015979,-0.00106526
1773774032871,0.0878906,-0.219238,0.988281,0.000532632,0,0.000532632
1773774032940,0.0874023,-0.217773,0.986328,-0.00106526,-0.000532632,-0.000532632
1773774033021,0.0888672,-0.216309,0.986328,0,0,0
1773774033101,0.0878906,-0.217773,0.989746,0.000532632,-0.00106526,0
1773774033172,0.090332,-0.218262,0.987305,0,-0.000532632,0
1773774033252,0.0874023,-0.218262,0.987793,0.000532632,0,0
1773774033333,0.0864258,-0.217773,0.989746,-0.000532632,-0.000532632,0
1773774033403,0.0888672,-0.21582,0.989746,-0.00106526,0,-0.000532632
1773774033484,0.0883789,-0.219238,0.988281,-0.000532632,-0.000532632,-0.000532632
1773774033565,0.0864258,-0.216797,0.989746,0,-0.000532632,-0.00106526
1773774033636,0.0878906,-0.21875,0.987793,0.000532632,-0.000532632,0
1773774033716,0.0883789,-0.216309,0.989258,-0.00106526,-0.000532632,0.000532632
1773774033786,0.0869141,-0.215332,0.987793,0,0,0
1773774033867,0.0874023,-0.217773,0.988281,-0.000532632,0,0
1773774033948,0.0854492,-0.217285,0.98877,-0.00106526,-0.00106526,0
1773774034018,0.0888672,-0.218262,0.987305,0,-0.00106526,-0.000532632
1773774034098,0.0869141,-0.216797,0.98877,-0.000532632,0,-0.000532632
1773774034179,0.0893555,-0.216309,0.987793,0,-0.000532632,0.000532632
1773774034249,0.0883789,-0.218262,0.98877,-0.000532632,-0.000532632,-0.00106526
1773774034331,0.0893555,-0.219727,0.98877,-0.000532632,-0.00106526,0
1773774034411,0.0888672,-0.216797,0.989258,-0.000532632,-0.00106526,-0.000532632
1773774034482,0.0883789,-0.21582,0.987793,0,-0.000532632,0
1773774034562,0.0893555,-0.216797,0.987305,0.000532632,-0.0015979,-0.000532632
1773774034643,0.0874023,-0.218262,0.988281,-0.000532632,0,-0.000532632
1773774034713,0.0888672,-0.217773,0.988281,0,-0.000532632,0.000532632
1773774034794,0.0878906,-0.219238,0.987793,-0.000532632,-0.000532632,0.000532632
1773774034864,0.0869141,-0.217773,0.98877,0.000532632,-0.0015979,-0.000532632
1773774034945,0.0849609,-0.21875,0.98877,0.000532632,-0.00106526,-0.000532632
1773774035025,0.0878906,-0.217285,0.987305,-0.000532632,0,-0.000532632
1773774035096,0.0869141,-0.21875,0.98877,0.000532632,-0.00106526,0
1773774035176,0.090332,-0.21582,0.98877,0,-0.0015979,0.000532632
1773774035257,0.0859375,-0.217285,0.98877,0.000532632,-0.000532632,0
1773774035327,0.0874023,-0.217285,0.987305,-0.000532632,-0.00106526,-0.00106526
1773774035408,0.0869141,-0.217285,0.98877,0,0,-0.00106526
1773774035489,0.0859375,-0.216797,0.989746,-0.000532632,-0.0015979,0
1773774035559,0.0893555,-0.216797,0.988281,0,0,-0.000532632
1773774035640,0.0893555,-0.217285,0.987793,0,-0.00106526,0.000532632
1773774035720,0.0874023,-0.216797,0.990234,0,-0.00106526,-0.000532632
1773774035791,0.0888672,-0.216797,0.98877,0,-0.00106526,-0.00106526
1773774035871,0.0878906,-0.21582,0.989258,-0.000532632,-0.000532632,-0.000532632
1773774035952,0.0888672,-0.219238,0.987793,0,-0.00106526,0
1773774036022,0.0864258,-0.216797,0.989258,0,-0.00106526,0.000532632
1773774036104,0.0883789,-0.217773,0.986328,-0.000532632,-0.000532632,-0.000532632
1773774036173,0.0878906,-0.220703,0.98877,-0.00106526,-0.000532632,0
1773774036254,0.0869141,-0.219727,0.989746,-0.000532632,-0.00106526,0.000532632
1773774036335,0.0883789,-0.217773,0.989746,0,-0.000532632,0
1773774036405,0.0874023,-0.216309,0.987793,-0.00106526,-0.000532632,-0.000532632
1773774036486,0.0878906,-0.21582,0.987305,0.000532632,-0.000532632,-0.000532632
1773774036566,0.0869141,-0.217285,0.989258,-0.000532632,0,-0.000532632
1773774036637,0.0893555,-0.21875,0.989746,0,0,0.00106526
1773774036718,0.0893555,-0.216797,0.988281,0,-0.00106526,0.00106526
1773774036798,0.0893555,-0.21582,0.988281,0,-0.000532632,0
1773774036868,0.090332,-0.21875,0.988281,0,-0.00106526,0
1773774036949,0.0893555,-0.216309,0.98877,-0.000532632,-0.00106526,-0.000532632
1773774037029,0.0864258,-0.218262,0.989258,-0.000532632,-0.000532632,-0.000532632
1773774037100,0.0878906,-0.216797,0.98877,-0.000532632,-0.000532632,-0.000532632
1773774037180,0.0878906,-0.219238,0.989746,0.00106526,-0.000532632,0
1773774037251,0.0869141,-0.218262,0.986328,0,-0.00106526,0
1773774037331,0.0883789,-0.216797,0.990234,-0.000532632,-0.000532632,0.00106526
1773774037412,0.0869141,-0.216309,0.988281,-0.000532632,-0.0015979,0.00106526
1773774037483,0.0864258,-0.217773,0.987793,-0.00106526,-0.00106526,-0.000532632
1773774037563,0.0878906,-0.216309,0.987305,-0.000532632,-0.000532632,-0.000532632
1773774037644,0.0898438,-0.219238,0.988281,0.000532632,-0.000532632,-0.000532632
1773774037714,0.0898438,-0.216797,0.98877,-0.00106526,-0.000532632,0
1773774037795,0.0874023,-0.216309,0.987793,-0.000532632,-0.000532632,-0.000532632
1773774037876,0.0883789,-0.216797,0.987793,0,-0.00106526,-0.00106526
1773774037946,0.0878906,-0.218262,0.990723,-0.000532632,0.000532632,-0.000532632
1773774038027,0.0888672,-0.217773,0.988281,-0.00106526,0,0.000532632
1773774038107,0.0888672,-0.217285,0.989258,0.000532632,-0.000532632,0.000532632
1773774038178,0.0864258,-0.218262,0.98877,0.000532632,-0.00106526,0
1773774038258,0.0878906,-0.216797,0.987793,0.000532632,-0.000532632,0
1773774038329,0.0869141,-0.217773,0.987793,0.00106526,-0.000532632,0.000532632
1773774038409,0.0883789,-0.21582,0.986816,0,-0.0015979,0
1773774038490,0.0859375,-0.218262,0.987305,0,-0.0015979,0
1773774038560,0.0888672,-0.217773,0.988281,-0.000532632,-0.00106526,-0.00106526
1773774038641,0.0878906,-0.218262,0.990234,-0.00106526,-0.00106526,0.00106526
1773774038721,0.0893555,-0.218262,0.990234,0,-0.000532632,0.000532632
1773774038792,0.0883789,-0.216309,0.987793,0,0,0
1773774038872,0.0883789,-0.213867,0.987793,0.00106526,-0.000532632,-0.000532632
1773774038953,0.0883789,-0.218262,0.987305,0,-0.00106526,0
1773774039023,0.0878906,-0.216309,0.988281,-0.00106526,-0.00106526,0.000532632
1773774039104,0.0883789,-0.217285,0.987305,-0.000532632,-0.000532632,0.000532632
1773774039184,0.0859375,-0.217285,0.98877,-0.000532632,-0.00106526,0
1773774039255,0.090332,-0.217773,0.988281,-0.000532632,0,0
1773774039336,0.0888672,-0.21875,0.987793,0,-0.00106526,0
1773774039416,0.0874023,-0.216797,0.986328,0.000532632,-0.000532632,-0.000532632
1773774039487,0.0888672,-0.219238,0.98877,0,-0.0015979,-0.000532632
1773774039567,0.0878906,-0.217773,0.98877,0.000532632,-0.000532632,0
1773774039638,0.0874023,-0.219238,0.98877,-0.000532632,-0.00106526,-0.00213053
1773774039719,0.0874023,-0.217285,0.987305,0.00106526,-0.00106526,-0.000532632
1773774039799,0.0878906,-0.21582,0.986328,-0.000532632,-0.000532632,0.000532632
1773774039870,0.0898438,-0.217285,0.98877,0,-0.00106526,-0.000532632
1773774039950,0.0864258,-0.21582,0.986816,0,0,0
1773774040031,0.0888672,-0.217773,0.987793,-0.000532632,-0.000532632,0.000532632
1773774040101,0.0878906,-0.216797,0.988281,0.000532632,-0.00106526,0.000532632
1773774040182,0.0854492,-0.217285,0.991211,-0.000532632,0,-0.000532632
1773774040262,0.0893555,-0.217285,0.989746,0.000532632,-0.000532632,0.000532632
1773774040333,0.0878906,-0.21582,0.987793,0,-0.00106526,-0.000532632
1773774040413,0.0878906,-0.217285,0.986328,-0.000532632,-0.0015979,-0.000532632
1773774040494,0.0883789,-0.217773,0.988281,0,0,-0.000532632
1773774040564,0.0898438,-0.218262,0.987305,0,-0.000532632,0
1773774040645,0.0864258,-0.216797,0.989746,0.000532632,-0.000532632,0
1773774040715,0.0888672,-0.217773,0.989258,0,-0.0015979,0.00106526
1773774040796,0.0869141,-0.219238,0.989258,-0.000532632,-0.00106526,0.000532632
1773774040877,0.090332,-0.21582,0.988281,0.00106526,-0.00106526,0
1773774040947,0.0869141,-0.217285,0.989746,-0.000532632,-0.00106526,0.000532632
1773774041028,0.0874023,-0.218262,0.987793,-0.000532632,0,0
1773774041108,0.0859375,-0.21875,0.987793,-0.00106526,-0.000532632,0.00106526
1773774041179,0.0869141,-0.217773,0.989258,-0.000532632,-0.00106526,0
1773774041259,0.0878906,-0.216797,0.98877,0.00106526,-0.0015979,-0.00106526
1773774041340,0.0869141,-0.218262,0.989258,-0.000532632,-0.00106526,0.00106526
1773774041410,0.0888672,-0.218262,0.989258,0,-0.000532632,-0.00106526
1773774041491,0.0883789,-0.220215,0.987305,0,-0.000532632,0
1773774041571,0.0859375,-0.21875,0.988281,-0.000532632,-0.00106526,-0.00106526
1773774041642,0.0883789,-0.216797,0.988281,-0.000532632,-0.0015979,0
1773774041722,0.0874023,-0.217773,0.990723,0,-0.000532632,-0.000532632
1773774041803,0.0888672,-0.216797,0.989258,-0.000532632,-0.0015979,0.000532632
1773774041873,0.0874023,-0.216797,0.987305,0,-0.000532632,-0.000532632
1773774041954,0.0888672,-0.216309,0.987305,-0.000532632,0,0.000532632
1773774042034,0.0878906,-0.217773,0.989258,0,-0.000532632,0
1773774042105,0.0859375,-0.217773,0.98877,0,-0.000532632,0.000532632
1773774042185,0.0883789,-0.217773,0.986816,0,0,0
1773774042256,0.0893555,-0.216797,0.987305,0,0,0.000532632
1773774042336,0.0888672,-0.21875,0.987305,0.000532632,-0.000532632,0
1773774042417,0.090332,-0.217773,0.98877,0,-0.000532632,0
1773774042487,0.090332,-0.218262,0.987793,0,-0.00106526,0.00106526
1773774042568,0.0869141,-0.216797,0.987793,-0.00106526,-0.0015979,-0.00106526
1773774042649,0.0878906,-0.216797,0.988281,0,-0.000532632,-0.000532632
1773774042719,0.0864258,-0.21875,0.987305,-0.000532632,-0.000532632,-0.0015979
1773774042800,0.0878906,-0.218262,0.98877,-0.0015979,-0.00106526,-0.000532632
1773774042880,0.0878906,-0.217285,0.98877,-0.000532632,-0.000532632,0.000532632
1773774042951,0.0869141,-0.217773,0.987305,-0.000532632,-0.0015979,0.000532632
1773774043031,0.0869141,-0.218262,0.986328,-0.000532632,-0.000532632,0
1773774043112,0.0874023,-0.216797,0.987793,0,-0.000532632,0.0015979
1773774043182,0.0893555,-0.217285,0.98877,0,-0.0015979,-0.000532632
1773774043263,0.0878906,-0.21582,0.988281,-0.00106526,-0.00106526,-0.000532632
1773774043333,0.0854492,-0.217773,0.987305,-0.00106526,-0.0015979,-0.000532632
1773774043414,0.0888672,-0.217285,0.98877,-0.000532632,-0.00106526,-0.00106526
1773774043494,0.0874023,-0.217285,0.98877,0,-0.00106526,-0.00106526
1773774043565,0.0874023,-0.217285,0.98877,0,-0.00106526,-0.000532632
1773774043646,0.0864258,-0.219238,0.988281,0,-0.000532632,0.000532632
1773774043726,0.0878906,-0.216797,0.98877,0,0,0
1773774043797,0.0874023,-0.21582,0.987793,0,-0.000532632,-0.00106526
1773774043877,0.0888672,-0.215332,0.98877,0,-0.00106526,-0.000532632
1773774043958,0.0883789,-0.218262,0.989258,0,-0.000532632,-0.000532632
1773774044028,0.0898438,-0.214844,0.98877,-0.000532632,-0.000532632,0.000532632
1773774044109,0.0883789,-0.216309,0.989258,0,-0.00106526,0
1773774044189,0.0888672,-0.216309,0.98877,0.000532632,-0.000532632,0
1773774044260,0.0888672,-0.217285,0.988281,0,-0.000532632,-0.00106526
1773774044341,0.0883789,-0.216309,0.986816,0.000532632,0,0
1773774044421,0.0898438,-0.216797,0.988281,-0.00106526,-0.00106526,0
1773774044492,0.0883789,-0.217285,0.988281,-0.000532632,-0.00106526,-0.000532632
1773774044572,0.0869141,-0.216797,0.988281,-0.000532632,-0.000532632,0.000532632
1773774044643,0.0893555,-0.217285,0.988281,0,0,0
1773774044723,0.0878906,-0.217285,0.986816,-0.000532632,-0.000532632,0.00106526
1773774044804,0.0859375,-0.21875,0.990234,0,-0.000532632,-0.000532632
1773774044874,0.0888672,-0.217773,0.990234,0,-0.00106526,-0.00106526
1773774044955,0.0898438,-0.217773,0.989258,-0.000532632,-0.000532632,-0.000532632
1773774045035,0.0898438,-0.218262,0.986328,0.000532632,-0.0015979,0
1773774045106,0.0874023,-0.217773,0.990723,0,0,0
1773774045186,0.0878906,-0.218262,0.987793,-0.00106526,-0.00106526,-0.000532632
1773774045267,0.0869141,-0.216797,0.990234,0,-0.000532632,0.00106526
1773774045337,0.0878906,-0.218262,0.987793,0.000532632,-0.000532632,-0.00106526
1773774045418,0.0883789,-0.218262,0.988281,0.000532632,-0.000532632,-0.00106526
1773774045498,0.0888672,-0.218262,0.989258,0.00106526,-0.00106526,-0.000532632
1773774045569,0.0888672,-0.21875,0.986816,0,-0.00106526,0.000532632
1773774045649,0.0864258,-0.218262,0.98877,0,-0.00106526,0
1773774045730,0.0898438,-0.217285,0.987793,0,-0.00106526,0
1773774045800,0.0859375,-0.218262,0.987305,-0.000532632,-0.00106526,0
1773774045881,0.0874023,-0.217773,0.98877,-0.00106526,-0.00106526,0
1773774045951,0.0888672,-0.21875,0.987305,0,-0.000532632,0.000532632
1773774046032,0.0878906,-0.217773,0.98877,0,0,0.000532632
1773774046112,0.0883789,-0.219727,0.98877,0.000532632,-0.00106526,0.00106526
1773774046183,0.0874023,-0.219727,0.986816,-0.000532632,-0.00106526,0
1773774046264,0.0874023,-0.217285,0.989258,0,-0.00106526,0.000532632
1773774046344,0.0878906,-0.216797,0.98877,0,-0.00106526,-0.000532632
1773774046415,0.0844727,-0.216797,0.986328,0.00106526,0,-0.0015979
1773774046495,0.0874023,-0.217285,0.989258,0,-0.00106526,-0.000532632
1773774046576,0.0893555,-0.21875,0.989258,0.000532632,0,-0.00106526
1773774046646,0.0878906,-0.216797,0.98877,0.000532632,-0.00106526,-0.000532632
1773774046727,0.0888672,-0.218262,0.98877,0,-0.0015979,0
1773774046807,0.0869141,-0.216309,0.989258,-0.000532632,-0.00106526,0
1773774046879,0.0878906,-0.217773,0.986816,0,-0.00106526,0
1773774046958,0.0864258,-0.219238,0.986816,0.000532632,-0.00106526,0.000532632
1773774047039,0.0874023,-0.217773,0.98877,0,-0.0015979,0
1773774047109,0.0878906,-0.217773,0.989746,0,0,0.000532632
1773774047190,0.0883789,-0.218262,0.988281,0,0,0
1773774047270,0.0888672,-0.218262,0.989258,-0.00106526,-0.00106526,0
1773774047341,0.0888672,-0.216309,0.989258,0.000532632,0,0
1773774047421,0.0878906,-0.217285,0.989258,0,-0.00106526,-0.00106526
1773774047492,0.0878906,-0.218262,0.986816,0,-0.0015979,0
1773774047572,0.0883789,-0.217773,0.987793,0.000532632,0,-0.00106526
1773774047653,0.0883789,-0.217285,0.987793,0,-0.000532632,0.000532632
1773774047724,0.0893555,-0.218262,0.989746,-0.000532632,0,0
1773774047804,0.0878906,-0.217773,0.986816,0.000532632,-0.000532632,-0.00106526
1773774047885,0.0878906,-0.217285,0.987305,0,-0.000532632,0.000532632
1773774047955,0.0869141,-0.216797,0.987305,-0.000532632,-0.0015979,0
1773774048036,0.0874023,-0.21875,0.987793,-0.000532632,0,-0.000532632
1773774048116,0.0874023,-0.218262,0.986816,0,-0.0015979,0
1773774048187,0.0883789,-0.217773,0.988281,-0.000532632,-0.000532632,0.000532632
1773774048267,0.0874023,-0.217285,0.988281,-0.000532632,-0.0015979,-0.000532632
1773774048348,0.0869141,-0.21582,0.989258,-0.00106526,0,0
1773774048418,0.0893555,-0.217285,0.986816,-0.000532632,0,0.000532632
1773774048499,0.0888672,-0.216797,0.98877,-0.000532632,-0.000532632,0.00106526
1773774048569,0.0883789,-0.216797,0.989258,0,-0.000532632,0
1773774048650,0.090332,-0.216797,0.98877,-0.000532632,-0.000532632,-0.00106526
1773774048730,0.0883789,-0.217773,0.98877,-0.000532632,-0.00106526,0.000532632
1773774048801,0.0869141,-0.21875,0.988281,-0.000532632,-0.00106526,0.000532632
1773774048881,0.0883789,-0.217773,0.98877,0.000532632,-0.0015979,0.00106526
1773774048962,0.0874023,-0.21875,0.985352,0,0,-0.000532632
1773774049032,0.0878906,-0.217285,0.988281,-0.000532632,-0.00106526,-0.00106526
1773774049113,0.0874023,-0.21875,0.987305,0,-0.00106526,0.000532632
1773774049194,0.0888672,-0.216797,0.988281,0,0,-0.000532632
1773774049264,0.0878906,-0.218262,0.98877,0,0.000532632,0
1773774049345,0.0874023,-0.218262,0.989746,0,0,0.000532632
1773774049425,0.0864258,-0.217285,0.987305,-0.000532632,-0.000532632,0.000532632
1773774049496,0.0874023,-0.216309,0.987793,-0.000532632,0,0
1773774049576,0.0883789,-0.217773,0.986816,0,-0.00106526,-0.000532632
1773774049657,0.0883789,-0.217285,0.987793,0,0,0.000532632
1773774049727,0.0878906,-0.217773,0.987305,-0.000532632,0,-0.00106526
1773774049808,0.0864258,-0.21875,0.98877,-0.000532632,-0.00213053,-0.000532632
1773774049888,0.0893555,-0.217285,0.987793,0.000532632,-0.000532632,-0.000532632
1773774049959,0.0878906,-0.215332,0.98877,-0.000532632,-0.000532632,0
1773774050040,0.0883789,-0.217773,0.987793,-0.000532632,-0.00106526,0
1773774050110,0.0874023,-0.217773,0.989746,0.000532632,-0.00106526,0
1773774050191,0.0888672,-0.214844,0.989746,0.000532632,-0.000532632,0.000532632
1773774050271,0.0878906,-0.21875,0.988281,-0.000532632,-0.00106526,-0.000532632
1773774050342,0.0888672,-0.218262,0.988281,-0.000532632,-0.00106526,0.000532632
1773774050422,0.0864258,-0.21582,0.988281,0,-0.000532632,0
1773774050503,0.0878906,-0.217773,0.987305,-0.000532632,-0.00106526,0
1773774050573,0.0878906,-0.217773,0.986328,-0.000532632,-0.000532632,0
1773774050654,0.0878906,-0.219238,0.987793,0.000532632,-0.000532632,0
1773774050734,0.0893555,-0.218262,0.98877,0,-0.00106526,0
1773774050805,0.0869141,-0.216309,0.98877,-0.000532632,0,-0.00106526
1773774050885,0.0859375,-0.21582,0.986816,0.000532632,-0.000532632,0
1773774050966,0.0864258,-0.216309,0.987793,-0.000532632,-0.00106526,0.000532632
1773774051036,0.0878906,-0.216797,0.988281,0.00106526,-0.000532632,-0.000532632
1773774051117,0.0859375,-0.217773,0.989258,-0.000532632,0,0.00106526
1773774051187,0.0874023,-0.218262,0.989746,-0.000532632,-0.000532632,-0.00106526
1773774051268,0.0869141,-0.216309,0.987305,-0.0015979,-0.00106526,-0.000532632
1773774051349,0.0888672,-0.21875,0.988281,0,-0.00106526,-0.000532632
1773774051419,0.0878906,-0.217285,0.988281,0,-0.0015979,-0.000532632
1773774051500,0.0883789,-0.216309,0.987793,0,-0.00106526,-0.00106526
1773774051580,0.0883789,-0.216797,0.987305,-0.00106526,0,0
1773774051651,0.0883789,-0.217773,0.988281,0,0.000532632,0.00106526
1773774051732,0.0874023,-0.21875,0.986328,-0.000532632,0,-0.00106526
1773774051812,0.0893555,-0.217773,0.989258,0.00106526,-0.00106526,-0.00106526
1773774051882,0.0864258,-0.21875,0.989258,0,-0.00106526,0.000532632
1773774051963,0.0878906,-0.21875,0.987305,0,-0.0015979,0
1773774052044,0.090332,-0.218262,0.989258,-0.000532632,-0.00106526,0.000532632
1773774052114,0.0888672,-0.217285,0.987793,0,-0.0015979,-0.000532632
1773774052195,0.0893555,-0.217773,0.987793,-0.000532632,-0.000532632,-0.00106526
1773774052275,0.0878906,-0.216309,0.98877,-0.000532632,-0.000532632,0.000532632
1773774052346,0.0878906,-0.216797,0.988281,0.000532632,-0.00106526,0
1773774052426,0.0864258,-0.219238,0.988281,-0.000532632,-0.00106526,0
1773774052497,0.0878906,-0.216797,0.987793,0.000532632,-0.000532632,-0.00106526
1773774052578,0.0888672,-0.217773,0.989746,-0.000532632,-0.00106526,0
1773774052658,0.0869141,-0.217773,0.989258,0.000532632,0,-0.00106526
1773774052728,0.0888672,-0.217773,0.98877,0,-0.00213053,-0.000532632
1773774052809,0.0878906,-0.217285,0.986816,0,-0.000532632,0.00106526
1773774052889,0.0883789,-0.216797,0.987793,-0.000532632,-0.00106526,-0.000532632
1773774052960,0.0869141,-0.217285,0.989258,0,-0.000532632,0.000532632
1773774053040,0.0869141,-0.217285,0.989746,-0.000532632,-0.000532632,0
1773774053121,0.0888672,-0.216309,0.988281,-0.000532632,-0.000532632,-0.000532632
1773774053191,0.0878906,-0.216797,0.988281,-0.000532632,-0.000532632,0.000532632
1773774053272,0.0874023,-0.217773,0.987793,0.000532632,-0.00106526,-0.000532632
1773774053353,0.0869141,-0.216797,0.98877,-0.000532632,-0.000532632,-0.00106526
1773774053423,0.0878906,-0.218262,0.988281,0,-0.000532632,0.000532632
1773774053504,0.0874023,-0.217773,0.987305,-0.000532632,-0.00106526,0.000532632
1773774053584,0.0874023,-0.217773,0.987793,0.000532632,-0.000532632,0.000532632
1773774053655,0.090332,-0.217773,0.988281,-0.000532632,-0.00106526,-0.000532632
1773774053735,0.0878906,-0.214844,0.98877,0,-0.00106526,0
1773774053806,0.0883789,-0.218262,0.988281,0,-0.0015979,0.000532632
1773774053886,0.0869141,-0.216309,0.987793,-0.000532632,-0.0015979,0.000532632
1773774053967,0.0878906,-0.217285,0.98584,-0.000532632,-0.000532632,0.000532632
1773774054037,0.0883789,-0.216797,0.989258,0,-0.000532632,0
1773774054118,0.0874023,-0.21875,0.989746,-0.00106526,0,-0.00106526
1773774054198,0.0874023,-0.21875,0.986816,-0.000532632,0,-0.000532632
1773774054269,0.0878906,-0.217773,0.987793,0.000532632,-0.00106526,-0.000532632
1773774054350,0.0869141,-0.217285,0.988281,-0.0015979,-0.000532632,0
1773774054430,0.0864258,-0.216309,0.989258,0,-0.00106526,-0.00106526
1773774054500,0.0878906,-0.214844,0.989746,0,-0.000532632,-0.00106526
1773774054581,0.0888672,-0.217773,0.989746,-0.000532632,-0.00106526,0.000532632
1773774054662,0.0869141,-0.219238,0.987305,0,0,0
1773774054732,0.0864258,-0.217285,0.987793,0.000532632,0,0
1773774054813,0.0883789,-0.21875,0.986816,0,-0.000532632,0.0015979
1773774054893,0.0883789,-0.218262,0.987305,-0.000532632,-0.00106526,0.000532632
1773774054964,0.0874023,-0.217773,0.987305,-0.000532632,-0.000532632,-0.000532632
1773774055044,0.0883789,-0.219727,0.988281,-0.000532632,-0.000532632,0.00106526
1773774055115,0.0888672,-0.214844,0.987793,-0.000532632,-0.00106526,-0.00106526
1773774055195,0.0874023,-0.216797,0.989258,-0.00106526,-0.00106526,0
1773774055276,0.0878906,-0.216797,0.986816,0,-0.000532632,0
1773774055346,0.0883789,-0.216797,0.987793,0.000532632,-0.000532632,-0.00106526
1773774055427,0.0883789,-0.21582,0.989746,0,0,0
1773774055507,0.0878906,-0.217285,0.988281,0.00106526,-0.000532632,0
1773774055578,0.0888672,-0.217773,0.987305,0,-0.0015979,-0.000532632
1773774055658,0.0864258,-0.21582,0.988281,0,-0.000532632,0.000532632
1773774055739,0.0869141,-0.216797,0.988281,0,-0.000532632,0.000532632
1773774055809,0.0878906,-0.21875,0.988281,0,-0.000532632,-0.000532632
1773774055890,0.0874023,-0.21875,0.990723,-0.000532632,0,-0.000532632
1773774055970,0.0883789,-0.217773,0.987793,-0.00106526,0,-0.00106526
1773774056041,0.0898438,-0.21582,0.986816,0.000532632,-0.000532632,-0.000532632
1773774056121,0.0888672,-0.216309,0.987305,-0.000532632,-0.00106526,0
1773774056202,0.0883789,-0.217773,0.98877,-0.00106526,-0.0015979,0
1773774056273,0.0869141,-0.217773,0.98877,-0.000532632,-0.000532632,0.00106526
1773774056353,0.0883789,-0.217773,0.98877,0,-0.000532632,-0.0015979
1773774056424,0.0878906,-0.217285,0.987793,-0.00106526,0,-0.00106526
1773774056504,0.0898438,-0.218262,0.988281,-0.000532632,0,0
1773774056585,0.0888672,-0.21875,0.987793,0,-0.000532632,-0.000532632
1773774056655,0.0869141,-0.216797,0.989746,0,-0.000532632,-0.000532632
1773774056736,0.0893555,-0.216797,0.98877,0,-0.000532632,0
1773774056816,0.0893555,-0.218262,0.987793,0.000532632,-0.00213053,0.000532632
1773774056887,0.0888672,-0.216309,0.989258,-0.000532632,-0.000532632,-0.000532632
1773774056967,0.0893555,-0.216309,0.98877,-0.000532632,-0.0015979,0.000532632
1773774057048,0.0878906,-0.216797,0.987793,0.00106526,0.000532632,-0.000532632
1773774057118,0.0878906,-0.219238,0.988281,-0.000532632,-0.000532632,0
1773774057199,0.0913086,-0.218262,0.991211,-0.000532632,-0.00106526,-0.0015979
1773774057280,0.0878906,-0.215332,0.989258,-0.000532632,-0.00106526,-0.000532632
1773774057350,0.0864258,-0.216309,0.988281,-0.00106526,-0.00213053,0.000532632
1773774057431,0.0869141,-0.218262,0.987305,-0.000532632,0.000532632,-0.000532632
1773774057511,0.0888672,-0.216797,0.988281,-0.000532632,-0.0015979,0
1773774057582,0.0874023,-0.21582,0.988281,0,-0.000532632,-0.000532632
1773774057662,0.0864258,-0.216797,0.990723,-0.000532632,-0.00106526,0
1773774057733,0.0878906,-0.21875,0.986816,0.000532632,-0.000532632,-0.000532632
1773774057813,0.0849609,-0.218262,0.989746,-0.000532632,-0.0015979,0
1773774057894,0.0893555,-0.21875,0.987793,0,0.000532632,-0.00106526
1773774057964,0.0864258,-0.219238,0.987793,-0.000532632,0,0.00106526
1773774058045,0.0878906,-0.217285,0.986816,-0.000532632,-0.000532632,-0.00106526
1773774058125,0.0874023,-0.217773,0.988281,0,-0.000532632,-0.000532632
1773774058196,0.0874023,-0.218262,0.98877,0,-0.000532632,0
1773774058277,0.0878906,-0.216797,0.989746,-0.000532632,-0.00106526,0
1773774058357,0.0883789,-0.21875,0.989258,0.000532632,-0.000532632,0.000532632
1773774058428,0.0888672,-0.217773,0.989746,0,-0.0015979,0.000532632
1773774058508,0.0874023,-0.217773,0.987793,0,-0.00106526,0
1773774058589,0.0874023,-0.217773,0.989746,0,-0.000532632,-0.00106526
1773774058659,0.0888672,-0.217285,0.990234,-0.000532632,-0.00106526,0
1773774058740,0.0883789,-0.216309,0.989746,0.000532632,0,-0.00106526
1773774058810,0.0893555,-0.217285,0.988281,-0.0015979,-0.000532632,0.00106526
1773774058891,0.0878906,-0.218262,0.987305,0,-0.00106526,-0.00106526
1773774058972,0.0888672,-0.220215,0.987305,-0.000532632,-0.0015979,-0.000532632
1773774059042,0.0883789,-0.217773,0.989258,0,0,-0.000532632
1773774059123,0.0874023,-0.217285,0.988281,0.000532632,-0.00106526,0
1773774059203,0.0869141,-0.217285,0.988281,0,-0.00106526,0.00106526
1773774059274,0.0874023,-0.217285,0.988281,-0.000532632,-0.00106526,0
1773774059354,0.0883789,-0.218262,0.989258,-0.000532632,-0.000532632,-0.000532632
1773774059435,0.0888672,-0.216309,0.989746,0.000532632,-0.00106526,0
1773774059505,0.0888672,-0.216797,0.987305,-0.000532632,0,0
1773774059586,0.0878906,-0.216797,0.988281,0.000532632,-0.00106526,-0.00106526
1773774059666,0.0869141,-0.217285,0.987305,0,-0.000532632,-0.000532632
1773774059737,0.0878906,-0.217285,0.987793,0,-0.00106526,0
1773774059817,0.0869141,-0.218262,0.987305,-0.000532632,0.000532632,0
1773774059898,0.0883789,-0.218262,0.989258,0,-0.000532632,-0.000532632
1773774059968,0.0878906,-0.216797,0.989746,-0.000532632,-0.0015979,-0.000532632
1773774060049,0.0874023,-0.218262,0.988281,0,0,0.000532632
1773774060129,0.0864258,-0.219238,0.98584,-0.000532632,-0.000532632,0.000532632
1773774060200,0.0878906,-0.217285,0.988281,0.000532632,-0.000532632,0
1773774060281,0.0893555,-0.217773,0.989258,0.000532632,0.000532632,0
1773774060351,0.0878906,-0.216309,0.986816,-0.000532632,-0.00213053,-0.000532632
1773774060432,0.0888672,-0.216797,0.989258,0,-0.000532632,-0.000532632
1773774060512,0.0869141,-0.220215,0.98877,0,0,0
1773774060583,0.0874023,-0.216797,0.98877,0,-0.00106526,0
1773774060664,0.0874023,-0.217285,0.987305,-0.000532632,0,0
1773774060744,0.0874023,-0.217285,0.987793,0,-0.00106526,0.000532632
1773774060816,0.0883789,-0.217773,0.987305,0.000532632,0.000532632,-0.000532632
1773774060895,0.0878906,-0.217773,0.98877,0.000532632,0,0
1773774060976,0.0878906,-0.219727,0.987305,0,0,0
1773774061046,0.0893555,-0.216309,0.98877,-0.000532632,-0.000532632,0
1773774061127,0.0869141,-0.217285,0.98877,-0.000532632,-0.0015979,0
1773774061197,0.0878906,-0.217285,0.988281,0,-0.00213053,0
1773774061278,0.0874023,-0.217773,0.987793,0,-0.000532632,-0.000532632
1773774061359,0.0883789,-0.217285,0.986328,0,-0.00106526,-0.000532632
1773774061430,0.0859375,-0.219238,0.98877,-0.000532632,0,-0.000532632
1773774061510,0.0859375,-0.21875,0.989746,0.00106526,-0.000532632,0.000532632
1773774061591,0.0874023,-0.21582,0.987793,-0.00106526,-0.00106526,0.00106526
1773774061661,0.0883789,-0.21875,0.987793,-0.000532632,-0.000532632,0
1773774061742,0.0874023,-0.216309,0.987793,0,-0.00106526,0.000532632
1773774061822,0.0888672,-0.218262,0.989746,-0.000532632,0,0
1773774061893,0.0883789,-0.219238,0.988281,-0.000532632,-0.000532632,-0.000532632
1773774061973,0.0883789,-0.216797,0.987305,0.00106526,-0.0015979,-0.000532632
1773774062054,0.0893555,-0.216309,0.987793,0,-0.00106526,-0.000532632
1773774062124,0.0864258,-0.217285,0.988281,0,-0.00106526,-0.000532632
1773774062205,0.0874023,-0.217773,0.987305,-0.000532632,-0.00106526,0
1773774062275,0.0874023,-0.21875,0.986328,0.000532632,0,0.00106526
1773774062356,0.0869141,-0.21875,0.986816,0.000532632,-0.000532632,0
1773774062437,0.0854492,-0.216797,0.986328,0,-0.00106526,-0.00106526
1773774062507,0.0874023,-0.217285,0.98877,0.000532632,-0.000532632,-0.000532632
1773774062588,0.0878906,-0.216309,0.98877,0,-0.00106526,0.000532632
1773774062668,0.0878906,-0.21875,0.987793,0,-0.00106526,-0.0015979
1773774062739,0.0878906,-0.217773,0.985352,-0.000532632,-0.00106526,0
1773774062819,0.0864258,-0.217773,0.986816,-0.00106526,-0.000532632,-0.000532632
1773774062900,0.0869141,-0.219238,0.987305,-0.000532632,-0.000532632,0
1773774062970,0.0869141,-0.217285,0.988281,0,-0.000532632,-0.000532632
1773774063051,0.0878906,-0.219238,0.987305,-0.00106526,-0.000532632,0
1773774063131,0.0864258,-0.217773,0.98877,0,-0.000532632,0
1773774063202,0.0888672,-0.216797,0.987305,-0.000532632,-0.00106526,-0.000532632
1773774063282,0.0878906,-0.217773,0.987793,-0.000532632,-0.00106526,0.000532632
1773774063363,0.0869141,-0.216309,0.987305,-0.00106526,-0.000532632,0
1773774063433,0.0883789,-0.21875,0.988281,0,0.000532632,0.000532632
1773774063514,0.0859375,-0.216797,0.987305,0.00106526,-0.00106526,-0.0015979
1773774063585,0.0864258,-0.217773,0.989258,-0.0015979,-0.00106526,-0.00106526
1773774063665,0.0893555,-0.21875,0.988281,-0.000532632,-0.000532632,0
1773774063746,0.0888672,-0.218262,0.988281,-0.000532632,-0.00106526,0.000532632
1773774063816,0.0883789,-0.218262,0.986816,0.000532632,-0.000532632,0
1773774063897,0.0854492,-0.21875,0.986816,0,-0.00106526,0
1773774063977,0.0874023,-0.21875,0.988281,0,-0.00106526,0
1773774064048,0.0888672,-0.218262,0.989746,0,-0.000532632,0.000532632
1773774064128,0.0849609,-0.218262,0.990234,0,-0.00106526,0.000532632
1773774064209,0.0883789,-0.217773,0.988281,-0.000532632,0,0.000532632
1773774064280,0.0878906,-0.217773,0.989746,0,-0.00106526,0
1773774064360,0.0859375,-0.217285,0.986816,-0.000532632,-0.00106526,-0.00106526
1773774064441,0.0869141,-0.216797,0.988281,-0.000532632,-0.00106526,-0.000532632
1773774064511,0.0878906,-0.217285,0.987305,0,0,0
1773774064592,0.0864258,-0.217285,0.987793,-0.00106526,-0.00106526,0
1773774064662,0.0888672,-0.21582,0.988281,0.000532632,-0.00106526,-0.000532632
1773774064743,0.0869141,-0.217285,0.989746,-0.000532632,-0.0015979,0
1773774064823,0.0869141,-0.217773,0.987305,0.000532632,-0.00106526,0
1773774064894,0.0893555,-0.217773,0.987305,-0.000532632,-0.00106526,-0.000532632
1773774064974,0.0883789,-0.217285,0.988281,0.000532632,-0.000532632,-0.00106526
1773774065055,0.0878906,-0.217285,0.98877,-0.00106526,-0.000532632,-0.000532632
1773774065126,0.090332,-0.218262,0.989746,-0.00106526,-0.000532632,0
1773774065206,0.0888672,-0.217773,0.987305,0.000532632,-0.000532632,-0.00106526
1773774065287,0.0898438,-0.215332,0.98877,0,-0.000532632,0
1773774065357,0.0878906,-0.21582,0.987305,-0.000532632,-0.00106526,-0.000532632
1773774065438,0.0888672,-0.217773,0.987793,0.000532632,0,0
1773774065518,0.0878906,-0.217285,0.989258,-0.000532632,-0.00106526,0.00106526
1773774065589,0.0874023,-0.21582,0.98877,0.000532632,0,0.000532632
1773774065670,0.0869141,-0.219238,0.987793,-0.000532632,-0.000532632,0.000532632
1773774065750,0.0878906,-0.216309,0.990234,0,-0.000532632,-0.00106526
1773774065820,0.0883789,-0.218262,0.990723,0,-0.000532632,0.000532632
1773774065901,0.0874023,-0.217285,0.989258,-0.00106526,-0.00106526,0
1773774065971,0.0869141,-0.219238,0.98877,-0.000532632,-0.000532632,-0.000532632
1773774066052,0.0878906,-0.216797,0.98877,-0.000532632,0.000532632,-0.000532632
1773774066132,0.0864258,-0.21875,0.987305,-0.000532632,0,0.000532632
1773774066203,0.0878906,-0.217773,0.987305,0,-0.000532632,0.00106526
1773774066283,0.0888672,-0.217285,0.98877,-0.000532632,-0.00106526,0
1773774066364,0.0869141,-0.216797,0.98877,0,0,0
1773774066434,0.0883789,-0.218262,0.990234,0.000532632,-0.000532632,-0.000532632
1773774066515,0.0898438,-0.216797,0.987305,0,0,-0.00106526
1773774066596,0.0878906,-0.217773,0.988281,0,-0.0015979,0
1773774066666,0.0888672,-0.217285,0.989746,-0.000532632,-0.0015979,-0.00106526
1773774066747,0.0874023,-0.217773,0.987793,-0.000532632,-0.000532632,-0.000532632
1773774066827,0.0874023,-0.218262,0.989258,-0.000532632,-0.000532632,0.000532632
1773774066897,0.0883789,-0.218262,0.987793,0,-0.000532632,0
1773774066978,0.0898438,-0.21582,0.98877,-0.000532632,0,-0.0015979
1773774067059,0.0878906,-0.217773,0.987305,-0.000532632,0,0.00106526
1773774067129,0.0893555,-0.217773,0.986816,-0.000532632,-0.000532632,-0.000532632
1773774067210,0.0883789,-0.218262,0.987305,0,-0.00106526,-0.000532632
1773774067280,0.0878906,-0.218262,0.98877,0.000532632,-0.00106526,0.000532632
1773774067361,0.0888672,-0.214844,0.98877,0,-0.00213053,0
1773774067441,0.0883789,-0.218262,0.987793,0,-0.00106526,-0.00106526
1773774067512,0.0883789,-0.216797,0.98877,0.00213053,-0.000532632,0.000532632
1773774067593,0.0878906,-0.21582,0.986816,0,-0.000532632,0
1773774067673,0.0874023,-0.217285,0.987305,-0.00106526,0,0.00106526
1773774067744,0.0883789,-0.216797,0.988281,0,0,-0.00106526
1773774067824,0.0888672,-0.21582,0.98877,0,-0.000532632,0.00106526
1773774067905,0.0883789,-0.215332,0.987793,0.000532632,-0.00106526,0.000532632
1773774067975,0.0888672,-0.21875,0.987793,-0.000532632,-0.000532632,-0.00106526
1773774068056,0.0869141,-0.217773,0.989258,0,-0.00106526,0.00106526
1773774068136,0.0878906,-0.217773,0.98877,0.00106526,-0.000532632,0
1773774068207,0.0878906,-0.21582,0.988281,0.000532632,-0.000532632,0
1773774068287,0.0878906,-0.219727,0.987305,0,0,-0.00106526
1773774068358,0.0883789,-0.218262,0.987793,0,0,-0.000532632
1773774068438,0.0874023,-0.218262,0.987305,0.000532632,-0.0015979,-0.000532632
1773774068519,0.0878906,-0.218262,0.987305,-0.000532632,-0.000532632,0
1773774068590,0.0869141,-0.217773,0.990234,0,-0.000532632,-0.00106526
1773774068670,0.0888672,-0.21875,0.988281,0.00106526,0.000532632,0
1773774068750,0.0864258,-0.21875,0.98877,-0.000532632,-0.00106526,0
1773774068821,0.0869141,-0.21875,0.989258,0,0,0
1773774068902,0.0878906,-0.21875,0.988281,0.000532632,0.000532632,-0.00106526
1773774068982,0.0878906,-0.217773,0.988281,0.000532632,-0.000532632,0.000532632
1773774069053,0.0883789,-0.217285,0.987793,-0.000532632,0,0.00106526
1773774069133,0.0883789,-0.217285,0.988281,-0.00106526,-0.00106526,0.00106526
1773774069214,0.0893555,-0.217773,0.987793,0,0,0
1773774069285,0.0883789,-0.216797,0.989746,-0.000532632,-0.000532632,0.000532632
1773774069365,0.0874023,-0.21582,0.989746,0,0.000532632,-0.00106526
1773774069446,0.0864258,-0.216309,0.989258,0,0,0.00106526
1773774069516,0.0874023,-0.216797,0.987793,0,-0.000532632,0
1773774069597,0.0883789,-0.21582,0.987793,0,-0.000532632,-0.000532632
1773774069667,0.0859375,-0.217285,0.989258,-0.000532632,-0.000532632,0
1773774069748,0.0888672,-0.218262,0.988281,-0.000532632,0,-0.000532632
1773774069828,0.0874023,-0.216309,0.988281,-0.000532632,0,0
1773774069899,0.0864258,-0.217285,0.98877,0,-0.000532632,0.000532632
1773774069979,0.0888672,-0.216797,0.988281,0,-0.00106526,0.000532632
1773774070060,0.0864258,-0.218262,0.989258,0.000532632,-0.000532632,-0.00106526
1773774070130,0.0878906,-0.218262,0.990234,0,-0.000532632,0.000532632
1773774070211,0.0869141,-0.218262,0.98877,0,0,0
1773774070292,0.0888672,-0.217773,0.987793,0.000532632,-0.00106526,-0.000532632
1773774070362,0.0883789,-0.216309,0.987793,-0.000532632,0.000532632,0
1773774070443,0.0888672,-0.218262,0.987793,-0.000532632,0,0.000532632
1773774070514,0.0888672,-0.217773,0.989258,0,0.000532632,-0.00106526
1773774070594,0.0888672,-0.218262,0.987305,0.00106526,0,-0.00106526
1773774070676,0.0878906,-0.21582,0.990723,0,-0.000532632,-0.00106526
1773774070746,0.0898438,-0.216309,0.989746,0.00106526,0,-0.000532632
1773774070826,0.0859375,-0.218262,0.990234,-0.000532632,-0.000532632,0.000532632
1773774070906,0.0869141,-0.216797,0.987305,0,-0.000532632,0.000532632
1773774070977,0.0869141,-0.217773,0.989258,0,-0.00106526,-0.000532632
1773774071057,0.0878906,-0.21582,0.989258,-0.000532632,-0.000532632,-0.000532632
1773774071138,0.0874023,-0.217773,0.990234,0,0,-0.000532632
1773774071208,0.0864258,-0.218262,0.988281,-0.000532632,0,-0.000532632
1773774071289,0.0898438,-0.216309,0.987793,-0.0015979,-0.00106526,-0.000532632
1773774071369,0.0893555,-0.216797,0.989746,0,-0.000532632,-0.00106526
1773774071440,0.0893555,-0.218262,0.987793,-0.00106526,-0.000532632,0.00106526
1773774071521,0.0869141,-0.216309,0.987305,0.000532632,0,-0.00106526
1773774071601,0.0888672,-0.216309,0.987793,0,-0.000532632,0.000532632
1773774071672,0.0883789,-0.217773,0.988281,-0.00106526,-0.000532632,-0.00106526
1773774071752,0.0869141,-0.218262,0.989746,0.000532632,0.000532632,0.000532632
1773774071823,0.0878906,-0.216309,0.990234,0.000532632,0,-0.000532632
1773774071903,0.0874023,-0.217285,0.988281,0,0,-0.000532632
1773774071984,0.0864258,-0.216309,0.989258,-0.000532632,-0.000532632,-0.000532632
1773774072054,0.0883789,-0.217773,0.989746,0.000532632,-0.00106526,0.000532632
1773774072135,0.0869141,-0.216309,0.988281,0.000532632,-0.000532632,-0.000532632
1773774072215,0.0883789,-0.217285,0.989258,-0.000532632,-0.0015979,-0.000532632
1773774072286,0.0874023,-0.217773,0.989258,0.000532632,-0.000532632,0.000532632
1773774072366,0.0874023,-0.217773,0.990234,0.000532632,-0.000532632,-0.00106526
1773774072447,0.0888672,-0.217285,0.986816,-0.000532632,-0.00106526,0.000532632
1773774072517,0.0878906,-0.217285,0.98877,0,-0.000532632,-0.00106526
1773774072598,0.0888672,-0.216309,0.990723,0.00106526,-0.000532632,-0.00106526
1773774072678,0.0869141,-0.219238,0.990234,0.000532632,-0.000532632,0.000532632
1773774072749,0.0878906,-0.21582,0.98877,0,-0.000532632,0
1773774072830,0.0869141,-0.219238,0.987793,-0.000532632,-0.0015979,0
1773774072910,0.0883789,-0.218262,0.987305,-0.000532632,0,-0.0015979
1773774072981,0.0878906,-0.21582,0.988281,0,-0.000532632,0
1773774073061,0.0878906,-0.21875,0.98877,-0.000532632,-0.000532632,0
1773774073132,0.0878906,-0.217285,0.989746,0.000532632,0,0
1773774073212,0.0888672,-0.218262,0.98877,0.000532632,-0.000532632,0
1773774073293,0.0883789,-0.219238,0.987793,0.00106526,-0.00106526,0
1773774073363,0.0874023,-0.218262,0.98877,0.00106526,0,0
1773774073444,0.0874023,-0.218262,0.987305,-0.0015979,-0.0015979,0
1773774073525,0.0874023,-0.219238,0.98877,0,-0.00106526,0
1773774073595,0.0893555,-0.215332,0.989258,0,0,-0.000532632
1773774073676,0.0883789,-0.216309,0.990234,0,0,-0.00106526
1773774073756,0.0888672,-0.217285,0.986816,0,-0.000532632,0
1773774073827,0.090332,-0.217285,0.987305,0,0,0.00106526
1773774073907,0.0864258,-0.218262,0.98584,0,-0.0015979,0.000532632
1773774073988,0.0874023,-0.218262,0.98584,-0.000532632,-0.00106526,-0.000532632
1773774074058,0.0888672,-0.217773,0.989746,-0.000532632,0,0.000532632
1773774074139,0.0878906,-0.217285,0.987793,0,0,-0.000532632
1773774074219,0.0874023,-0.217773,0.987793,-0.000532632,-0.00106526,0
1773774074290,0.0864258,-0.216797,0.987793,0,0,0.000532632
1773774074370,0.0888672,-0.217773,0.986816,0,-0.000532632,-0.00106526
1773774074441,0.0878906,-0.217285,0.989258,-0.000532632,0,0
1773774074522,0.0878906,-0.218262,0.988281,0,-0.000532632,-0.000532632
1773774074602,0.0864258,-0.218262,0.98877,-0.000532632,-0.00106526,-0.000532632
1773774074673,0.0874023,-0.216797,0.988281,0,-0.000532632,0.0015979
1773774074753,0.0854492,-0.21582,0.987793,-0.000532632,0,0.000532632
1773774074833,0.0893555,-0.217285,0.986328,0.000532632,-0.00106526,0
1773774074904,0.0859375,-0.218262,0.986328,0.00106526,0,0.000532632
1773774074984,0.0864258,-0.217773,0.98584,-0.00106526,-0.000532632,-0.000532632
1773774075065,0.0883789,-0.21875,0.986816,0,0.000532632,0
1773774075136,0.0878906,-0.214355,0.98877,-0.000532632,0,0.000532632
1773774075216,0.0883789,-0.219727,0.988281,0,-0.00106526,-0.000532632
1773774075287,0.0883789,-0.216797,0.988281,0,-0.00106526,-0.00106526
1773774075368,0.0874023,-0.214355,0.987793,0,-0.00106526,-0.000532632
1773774075448,0.0878906,-0.217285,0.987305,-0.00106526,0,-0.0015979
1773774075519,0.0864258,-0.216797,0.989746,-0.00106526,-0.000532632,-0.000532632
1773774075599,0.0893555,-0.21875,0.989746,0,-0.0015979,0.000532632
1773774075680,0.0893555,-0.217285,0.987793,-0.000532632,0.000532632,0.000532632
1773774075750,0.0869141,-0.217773,0.989258,-0.00106526,0,0
1773774075831,0.0883789,-0.219238,0.987305,0.000532632,-0.00106526,0.000532632
1773774075911,0.0878906,-0.21875,0.987793,-0.00106526,-0.00106526,0.000532632
1773774075982,0.0878906,-0.217773,0.986816,0.000532632,-0.00106526,0
1773774076062,0.0883789,-0.216797,0.989258,0,-0.000532632,-0.000532632
1773774076143,0.0874023,-0.217773,0.989746,0,-0.00106526,-0.000532632
1773774076214,0.0883789,-0.216309,0.988281,0,0,-0.00106526
1773774076294,0.0883789,-0.217285,0.987305,0,-0.0015979,0.000532632
1773774076375,0.0869141,-0.214844,0.989746,0,0,0
1773774076445,0.0874023,-0.217285,0.988281,-0.00106526,0,-0.000532632
1773774076526,0.0864258,-0.217773,0.988281,0,-0.0015979,-0.000532632
1773774076596,0.0864258,-0.216797,0.989258,0.000532632,0,0
1773774076677,0.0883789,-0.21582,0.987793,0,-0.000532632,-0.00106526
1773774076757,0.0878906,-0.218262,0.987305,0.000532632,-0.000532632,0.000532632
1773774076828,0.0869141,-0.218262,0.988281,-0.000532632,-0.0015979,0
1773774076908,0.0888672,-0.217285,0.98877,0,-0.000532632,-0.000532632
1773774076989,0.0859375,-0.216797,0.98877,0.000532632,-0.000532632,0
1773774077059,0.0883789,-0.217773,0.989258,0,-0.00106526,0
1773774077140,0.0859375,-0.21875,0.989258,0,-0.00106526,-0.00106526
1773774077221,0.0883789,-0.217773,0.98877,-0.000532632,-0.0015979,0
1773774077291,0.0864258,-0.214844,0.989258,-0.000532632,-0.000532632,-0.000532632
1773774077372,0.0878906,-0.218262,0.987305,-0.000532632,0,0
1773774077452,0.0893555,-0.219238,0.987793,0.000532632,-0.000532632,-0.000532632
1773774077523,0.0859375,-0.216797,0.987793,0,0,0.000532632
1773774077603,0.0874023,-0.217285,0.987793,-0.000532632,0,-0.00106526
1773774077684,0.0869141,-0.218262,0.989258,0,0,-0.000532632
1773774077755,0.0869141,-0.21875,0.986816,-0.00106526,-0.000532632,0
1773774077835,0.0888672,-0.21582,0.987793,0.000532632,-0.00106526,-0.000532632
1773774077906,0.0869141,-0.218262,0.989746,0.000532632,0,0
1773774077986,0.0888672,-0.220215,0.988281,0.000532632,-0.00106526,0.00106526
1773774078067,0.0883789,-0.216797,0.988281,0,-0.000532632,-0.00106526
1773774078137,0.0864258,-0.217285,0.98877,0.000532632,-0.000532632,0
1773774078218,0.0874023,-0.217773,0.988281,0,-0.000532632,-0.000532632
1773774078298,0.0869141,-0.218262,0.98877,-0.00106526,-0.00106526,-0.000532632
1773774078369,0.0883789,-0.216309,0.987793,0,-0.00106526,0.000532632
1773774078449,0.0883789,-0.218262,0.986816,0,0,0
1773774078530,0.0859375,-0.217285,0.987305,-0.00106526,-0.00106526,0.00106526
1773774078600,0.0883789,-0.217285,0.988281,0,-0.000532632,0
1773774078681,0.0878906,-0.216309,0.986328,0,0,-0.000532632
1773774078762,0.0869141,-0.216797,0.988281,-0.0015979,-0.00106526,-0.000532632
1773774078832,0.0893555,-0.219727,0.989258,-0.000532632,-0.00106526,-0.000532632
1773774078912,0.0849609,-0.219238,0.98877,0,-0.000532632,0.000532632
1773774078983,0.0883789,-0.217285,0.987793,0.000532632,0,-0.000532632
1773774079064,0.0898438,-0.217773,0.987793,-0.000532632,0,0.000532632
1773774079144,0.0878906,-0.215332,0.988281,0,-0.00106526,0
1773774079215,0.0883789,-0.214355,0.988281,0,0.000532632,0
1773774079295,0.0874023,-0.218262,0.989746,-0.00106526,0,-0.000532632
1773774079376,0.0874023,-0.216309,0.986328,-0.00106526,-0.000532632,0
1773774079447,0.0883789,-0.21875,0.987793,-0.000532632,0,-0.000532632
1773774079527,0.0869141,-0.217773,0.988281,-0.00106526,-0.00106526,0.00106526
1773774079607,0.0878906,-0.21875,0.987793,0,-0.000532632,-0.0015979
1773774079678,0.0898438,-0.216797,0.988281,-0.000532632,-0.0015979,0
1773774079758,0.0893555,-0.21875,0.987305,-0.000532632,-0.000532632,0
1773774079839,0.0869141,-0.216797,0.987305,-0.000532632,-0.00106526,-0.00106526
1773774079909,0.0869141,-0.217773,0.987305,-0.000532632,-0.000532632,0.000532632
1773774079990,0.0864258,-0.21875,0.988281,-0.00106526,0,0.00106526
1773774080070,0.0893555,-0.216797,0.98584,0.000532632,-0.00106526,0
1773774080141,0.0878906,-0.217285,0.987305,0.000532632,-0.000532632,0.000532632
1773774080221,0.0869141,-0.21875,0.988281,0,-0.000532632,0.000532632
1773774080292,0.0888672,-0.21875,0.988281,0,-0.000532632,0.00106526
1773774080373,0.0869141,-0.217773,0.986816,0,-0.000532632,0
1773774080453,0.0849609,-0.218262,0.989258,-0.000532632,-0.00106526,0.000532632
1773774080524,0.0859375,-0.217773,0.989746,-0.000532632,-0.0015979,-0.000532632
1773774080604,0.0883789,-0.216309,0.989746,0,-0.00106526,0
1773774080685,0.0888672,-0.217773,0.989258,-0.000532632,-0.0015979,-0.000532632
1773774080755,0.0864258,-0.21875,0.986328,0,-0.00106526,-0.0015979
1773774080836,0.0883789,-0.218262,0.988281,0.000532632,-0.00106526,-0.000532632
1773774080916,0.0874023,-0.21875,0.989258,0.00106526,-0.000532632,0.000532632
1773774080987,0.0883789,-0.216309,0.987305,-0.000532632,-0.000532632,0
1773774081067,0.0883789,-0.21875,0.98877,-0.00106526,-0.00106526,-0.000532632
1773774081148,0.0883789,-0.217773,0.987305,0,0.000532632,0
1773774081218,0.0893555,-0.216309,0.98877,-0.00106526,-0.000532632,-0.000532632
1773774081299,0.0888672,-0.218262,0.986816,-0.000532632,0,0
1773774081380,0.0874023,-0.217285,0.987305,0,-0.0015979,0.00106526
1773774081450,0.0898438,-0.21582,0.989746,-0.0015979,-0.00106526,0.000532632
1773774081531,0.0888672,-0.217285,0.989258,-0.000532632,-0.00106526,0.000532632
1773774081601,0.0888672,-0.217773,0.987793,-0.000532632,-0.00106526,-0.000532632
1773774081682,0.0893555,-0.216797,0.987305,-0.000532632,-0.000532632,0
1773774081762,0.0854492,-0.216797,0.988281,0,0,0.000532632
1773774081833,0.0878906,-0.217285,0.989258,-0.000532632,-0.00106526,-0.00106526
1773774081913,0.0869141,-0.217285,0.989258,0,-0.000532632,-0.000532632
1773774081994,0.0874023,-0.219238,0.989258,0,-0.000532632,0.000532632
1773774082064,0.0854492,-0.216309,0.986328,0,-0.0015979,-0.000532632
1773774082145,0.0878906,-0.216309,0.986328,0,-0.000532632,0
1773774082225,0.0864258,-0.218262,0.987793,-0.000532632,-0.00106526,-0.00106526
1773774082296,0.0864258,-0.216797,0.987793,-0.000532632,0,0
1773774082377,0.0883789,-0.216797,0.987305,-0.000532632,-0.0015979,0.000532632
1773774082457,0.0864258,-0.21875,0.986816,-0.000532632,0,0.000532632
1773774082528,0.0888672,-0.218262,0.988281,0,-0.000532632,0
1773774082608,0.0883789,-0.218262,0.98877,-0.00106526,0,-0.000532632
1773774082689,0.0874023,-0.21875,0.987793,0,-0.00106526,0
1773774082759,0.0883789,-0.216797,0.986816,-0.000532632,-0.0015979,-0.00106526
1773774082840,0.0859375,-0.217773,0.986816,0,-0.000532632,-0.0015979
1773774082910,0.0874023,-0.216309,0.987793,-0.000532632,-0.00106526,-0.00106526
1773774082991,0.0888672,-0.218262,0.986816,-0.000532632,0.000532632,0
1773774083071,0.0898438,-0.216797,0.988281,-0.000532632,-0.000532632,-0.000532632
1773774083142,0.0864258,-0.21875,0.988281,0,-0.000532632,-0.00106526
1773774083222,0.0849609,-0.217773,0.988281,0,-0.000532632,0.000532632
1773774083303,0.0883789,-0.217285,0.989258,0,-0.000532632,0.000532632
1773774083373,0.0874023,-0.21582,0.986816,0,-0.000532632,0
1773774083454,0.0883789,-0.217285,0.989258,-0.000532632,-0.00106526,0
1773774083534,0.0888672,-0.219727,0.987793,0.000532632,-0.000532632,-0.000532632
1773774083605,0.0878906,-0.216797,0.988281,0,-0.000532632,0.000532632
1773774083685,0.0878906,-0.216797,0.98877,-0.000532632,-0.000532632,0.00106526
1773774083766,0.0878906,-0.21875,0.98877,0.000532632,-0.0015979,0.000532632
1773774083836,0.0888672,-0.217285,0.98877,-0.000532632,-0.000532632,0.000532632
1773774083917,0.0883789,-0.217285,0.987305,-0.00106526,0,0
1773774083998,0.0893555,-0.218262,0.988281,0,0,-0.000532632
1773774084068,0.0898438,-0.217773,0.988281,0.000532632,0.000532632,-0.00106526
1773774084149,0.0878906,-0.215332,0.98584,0.00106526,-0.00106526,0
1773774084219,0.0883789,-0.219238,0.988281,-0.000532632,-0.00106526,0
1773774084300,0.0869141,-0.219238,0.987305,-0.00106526,-0.00106526,-0.000532632
1773774084381,0.0888672,-0.215332,0.988281,0,-0.00106526,0
1773774084451,0.0878906,-0.216797,0.987305,-0.000532632,-0.000532632,0
1773774084532,0.0874023,-0.217773,0.986328,0.000532632,-0.000532632,0
1773774084612,0.0898438,-0.218262,0.987305,0.000532632,-0.000532632,0
1773774084683,0.0874023,-0.219238,0.987793,0,0,-0.00106526
1773774084763,0.0878906,-0.217285,0.987793,-0.000532632,-0.0015979,0.000532632
1773774084844,0.0869141,-0.217285,0.987793,0,-0.00106526,0.000532632
1773774084914,0.0883789,-0.21582,0.988281,0.000532632,-0.00106526,0.000532632
1773774084995,0.0854492,-0.219238,0.987793,-0.000532632,-0.0015979,0
1773774085075,0.0893555,-0.217285,0.989258,-0.000532632,-0.000532632,-0.000532632
1773774085146,0.0893555,-0.216309,0.988281,0,0,0
1773774085226,0.0878906,-0.216797,0.987793,0,-0.000532632,-0.000532632
1773774085307,0.0888672,-0.21582,0.987793,-0.000532632,-0.000532632,0.00106526
1773774085377,0.0874023,-0.219727,0.988281,0,-0.000532632,0
1773774085458,0.0864258,-0.21582,0.989746,0.000532632,-0.000532632,-0.000532632
1773774085528,0.0874023,-0.218262,0.987793,0.000532632,0.000532632,0
1773774085609,0.0874023,-0.216309,0.988281,-0.000532632,-0.00106526,0.0015979
1773774085689,0.0874023,-0.21875,0.986816,0,-0.000532632,0.000532632
1773774085760,0.0888672,-0.217285,0.987793,0.000532632,0.000532632,0.000532632
1773774085840,0.0869141,-0.217773,0.98877,-0.000532632,-0.00106526,-0.000532632
1773774085921,0.0878906,-0.218262,0.986816,-0.000532632,0,0
1773774085991,0.0874023,-0.217773,0.986328,0,-0.000532632,0.000532632
1773774086072,0.0878906,-0.214844,0.986816,-0.00106526,0,0
1773774086153,0.0878906,-0.218262,0.987793,0,-0.000532632,0.000532632
1773774086223,0.0859375,-0.216797,0.986816,-0.000532632,-0.000532632,0.00106526
1773774086304,0.0883789,-0.21582,0.987793,0,0,0.000532632
1773774086384,0.0869141,-0.217773,0.988281,-0.000532632,-0.000532632,-0.000532632
1773774086455,0.0878906,-0.217285,0.987305,0.000532632,0,0
1773774086535,0.0874023,-0.217773,0.987793,0.000532632,-0.00106526,-0.000532632
1773774086616,0.0874023,-0.217773,0.987305,-0.00106526,-0.00106526,0.000532632
1773774086686,0.0878906,-0.217285,0.98877,0,-0.0015979,0
1773774086767,0.0883789,-0.218262,0.988281,0.000532632,-0.000532632,0.000532632
1773774086837,0.0888672,-0.21582,0.989746,0.000532632,0,-0.000532632
1773774086918,0.0869141,-0.216797,0.986328,0.000532632,-0.000532632,0.000532632
1773774086998,0.0874023,-0.216309,0.988281,-0.000532632,-0.00106526,0.000532632
1773774087069,0.0888672,-0.216797,0.987793,0,0,0
1773774087149,0.0874023,-0.217285,0.987305,-0.000532632,-0.000532632,-0.000532632
1773774087230,0.0883789,-0.21582,0.98877,-0.00106526,-0.000532632,0.000532632
1773774087301,0.0864258,-0.216797,0.988281,-0.000532632,-0.00106526,-0.00106526
1773774087381,0.0888672,-0.21582,0.986816,0,-0.000532632,0
1773774087462,0.0874023,-0.217285,0.989746,0,0,-0.000532632
1773774087532,0.0883789,-0.21582,0.988281,0,0.000532632,0.000532632
1773774087613,0.0908203,-0.218262,0.988281,0.000532632,-0.00213053,0.000532632
1773774087694,0.0898438,-0.216309,0.98877,0,-0.000532632,-0.00106526
1773774087764,0.0878906,-0.217285,0.989746,-0.000532632,0,-0.00106526
1773774087844,0.0864258,-0.217773,0.987793,0.000532632,0,0.0015979
1773774087915,0.0874023,-0.219727,0.987793,0,-0.000532632,0.000532632
1773774087996,0.0883789,-0.215332,0.990234,-0.0015979,-0.0015979,-0.00106526
1773774088076,0.0869141,-0.216797,0.990234,0,-0.00106526,0.000532632
1773774088147,0.0869141,-0.21582,0.988281,-0.000532632,-0.000532632,0
1773774088227,0.0869141,-0.216797,0.986328,-0.000532632,-0.000532632,0
1773774088308,0.0888672,-0.217285,0.989258,0,-0.000532632,0.000532632
1773774088378,0.0883789,-0.216309,0.98877,-0.00106526,0,0.000532632
1773774088459,0.0874023,-0.216309,0.989746,0,-0.000532632,-0.000532632
1773774088539,0.0878906,-0.21875,0.989258,-0.000532632,-0.00106526,0.000532632
1773774088610,0.0888672,-0.21582,0.987793,-0.000532632,-0.00106526,0
1773774088692,0.0869141,-0.219238,0.987793,0,0,0.000532632
1773774088771,0.0844727,-0.219238,0.98877,0,-0.00106526,0.000532632
1773774088841,0.0878906,-0.219238,0.987793,0,0,-0.000532632
1773774088922,0.0874023,-0.217285,0.987793,-0.000532632,-0.00106526,0.000532632
1773774089003,0.0874023,-0.217773,0.98584,0,-0.000532632,0
1773774089074,0.0859375,-0.214844,0.987793,-0.000532632,-0.000532632,-0.000532632
1773774089154,0.0878906,-0.217773,0.987793,0.000532632,0,0
1773774089224,0.0869141,-0.21875,0.989258,-0.00106526,-0.00106526,0.000532632
1773774089305,0.0883789,-0.217285,0.98877,-0.000532632,0.000532632,0
1773774089386,0.0888672,-0.21582,0.98877,0,-0.000532632,0
1773774089456,0.0864258,-0.220215,0.987305,0.000532632,-0.00106526,-0.000532632
1773774089537,0.0883789,-0.217773,0.990723,0,0.000532632,0
1773774089618,0.0888672,-0.218262,0.987305,0.000532632,0.000532632,0.00106526
1773774089688,0.0874023,-0.217773,0.989746,-0.00106526,-0.0015979,-0.000532632
1773774089769,0.0864258,-0.218262,0.987793,-0.000532632,-0.000532632,0.000532632
1773774089849,0.0878906,-0.217773,0.986328,0,-0.000532632,-0.000532632
1773774089920,0.0883789,-0.216797,0.988281,0.000532632,-0.0015979,0
1773774090000,0.0859375,-0.216797,0.98877,0,-0.000532632,0
1773774090081,0.0883789,-0.217285,0.988281,0,0,-0.000532632
1773774090151,0.0878906,-0.219727,0.987793,-0.000532632,-0.00106526,-0.000532632
1773774090232,0.0878906,-0.218262,0.988281,0.000532632,0,-0.000532632
1773774090302,0.0874023,-0.217285,0.98877,0,-0.00106526,0
1773774090383,0.0883789,-0.217285,0.990723,0.000532632,-0.000532632,0
1773774090464,0.0874023,-0.216797,0.98877,-0.00106526,0.000532632,0
1773774090534,0.0883789,-0.216309,0.989746,0.000532632,-0.000532632,-0.00106526
1773774090614,0.0874023,-0.217285,0.988281,0,-0.000532632,0.000532632
1773774090695,0.0859375,-0.219238,0.987793,0,-0.0015979,0.00106526
1773774090765,0.0874023,-0.216797,0.987305,0,-0.0015979,0.000532632
1773774090846,0.0878906,-0.218262,0.988281,0,0,0
1773774090927,0.0854492,-0.21582,0.989746,-0.000532632,-0.000532632,0
1773774090997,0.0893555,-0.216309,0.988281,0.000532632,-0.000532632,0.000532632
1773774091078,0.0888672,-0.216309,0.987793,-0.000532632,-0.00106526,0
1773774091158,0.0878906,-0.21582,0.988281,0.00106526,0,-0.000532632
1773774091229,0.0869141,-0.218262,0.989258,0,-0.000532632,-0.00106526
1773774091309,0.0888672,-0.216797,0.990234,0.00106526,-0.0015979,-0.00106526
1773774091390,0.0888672,-0.21875,0.988281,-0.000532632,0,0
1773774091460,0.0854492,-0.217285,0.98584,0.000532632,-0.000532632,0
1773774091541,0.0869141,-0.216797,0.987305,0,0,-0.000532632
1773774091611,0.0864258,-0.217773,0.989258,0.0015979,0,0
1773774091692,0.0869141,-0.217773,0.987793,0.000532632,0.000532632,0
1773774091772,0.0869141,-0.218262,0.987305,0,-0.00106526,-0.000532632
1773774091843,0.0849609,-0.217285,0.988281,0.000532632,0,-0.000532632
1773774091923,0.0859375,-0.216797,0.986816,-0.0015979,-0.000532632,0.000532632
1773774092004,0.0883789,-0.217285,0.987793,0,0,0
1773774092074,0.0883789,-0.21875,0.989258,0.000532632,0,-0.0015979
1773774092155,0.0859375,-0.217773,0.98877,-0.000532632,-0.000532632,0.000532632
1773774092236,0.0883789,-0.21875,0.989258,0,0,-0.000532632
1773774092306,0.0854492,-0.21875,0.989746,0,-0.000532632,-0.000532632
1773774092387,0.0864258,-0.216309,0.990234,0,-0.00106526,-0.00106526
1773774092467,0.0883789,-0.216309,0.986816,-0.000532632,-0.00106526,0.000532632
1773774092538,0.0878906,-0.219238,0.987305,0,-0.000532632,0
1773774092618,0.0898438,-0.216309,0.990234,0.00106526,-0.000532632,0.000532632
1773774092699,0.0874023,-0.216309,0.98877,0,0,0
1773774092770,0.0869141,-0.21582,0.989746,-0.000532632,0,-0.00106526
1773774092850,0.0878906,-0.216797,0.990234,-0.000532632,-0.000532632,0
1773774092920,0.0888672,-0.216797,0.988281,0,-0.00106526,0
1773774093001,0.0883789,-0.217773,0.988281,-0.000532632,0.000532632,0.00106526
1773774093081,0.0869141,-0.217285,0.988281,0,-0.0015979,0.000532632
1773774093152,0.0883789,-0.219238,0.987305,0.000532632,-0.000532632,-0.000532632
1773774093232,0.0878906,-0.215332,0.987305,0,0.000532632,0
1773774093313,0.0893555,-0.216309,0.987793,-0.0015979,-0.00106526,0.00106526
1773774093383,0.0874023,-0.216797,0.98877,0,0,0
1773774093464,0.0874023,-0.218262,0.989746,0,-0.000532632,0.000532632
1773774093545,0.0898438,-0.219238,0.987793,0,-0.0015979,0.00106526
1773774093615,0.0878906,-0.216797,0.987305,0.000532632,0,0
1773774093696,0.0864258,-0.216797,0.986816,-0.000532632,0.000532632,0.000532632
1773774093776,0.0878906,-0.216797,0.987793,0,-0.000532632,0
1773774093847,0.0893555,-0.218262,0.987305,-0.000532632,0,-0.000532632
1773774093927,0.0859375,-0.21875,0.989258,-0.000532632,-0.00106526,0
1773774094008,0.0893555,-0.215332,0.98877,0,0,-0.000532632
1773774094079,0.0874023,-0.218262,0.987793,0,-0.000532632,-0.000532632
1773774094159,0.0874023,-0.21875,0.987793,0,0.000532632,0
1773774094230,0.0874023,-0.217285,0.989258,0.000532632,-0.00106526,-0.000532632
1773774094310,0.0869141,-0.217773,0.989746,0.000532632,0,0
1773774094391,0.0869141,-0.216797,0.98877,0,0,0.000532632
1773774094461,0.0888672,-0.21875,0.987305,0,-0.000532632,-0.00106526
1773774094542,0.0883789,-0.217773,0.98877,-0.00106526,-0.00106526,-0.00106526
1773774094622,0.0883789,-0.215332,0.986816,-0.000532632,-0.000532632,-0.000532632
1773774094693,0.0864258,-0.21875,0.98877,0,-0.00106526,-0.00106526
1773774094773,0.0874023,-0.219727,0.98877,-0.000532632,-0.000532632,0.000532632
1773774094854,0.0864258,-0.21582,0.989746,0,0,-0.000532632
1773774094924,0.0878906,-0.217285,0.986328,-0.000532632,-0.0015979,0.000532632
1773774095005,0.0869141,-0.21582,0.987793,-0.000532632,0,0
1773774095086,0.0874023,-0.216797,0.988281,-0.0015979,0.00106526,0
1773774095156,0.0874023,-0.217773,0.987793,-0.000532632,-0.000532632,0
1773774095237,0.0883789,-0.217773,0.987793,0.00106526,-0.000532632,-0.000532632
1773774095307,0.0883789,-0.217285,0.98877,0.000532632,-0.000532632,0.00106526
1773774095388,0.0874023,-0.217773,0.987305,0,-0.000532632,0.000532632
1773774095468,0.0883789,-0.217773,0.986328,0,-0.00106526,0
1773774095539,0.0878906,-0.217773,0.98877,0,-0.000532632,0.000532632
1773774095619,0.0888672,-0.216309,0.988281,0,-0.00106526,0
1773774095700,0.0869141,-0.21582,0.98877,-0.000532632,0.000532632,0
1773774095770,0.0874023,-0.217773,0.988281,0.000532632,0,-0.0015979
1773774095851,0.0874023,-0.218262,0.987793,0,-0.0015979,-0.000532632
1773774095931,0.0859375,-0.217773,0.98877,0.000532632,0,0
1773774096002,0.0869141,-0.216797,0.98877,-0.000532632,0,0.00106526
1773774096082,0.0883789,-0.216797,0.988281,0.000532632,-0.000532632,0
1773774096163,0.0859375,-0.216309,0.987793,-0.000532632,-0.000532632,0
1773774096233,0.0874023,-0.220703,0.987305,0,-0.0015979,0.000532632
1773774096314,0.0893555,-0.218262,0.987305,0,0,0
1773774096395,0.0888672,-0.218262,0.987305,0,-0.000532632,-0.000532632
1773774096465,0.0908203,-0.216797,0.987305,-0.00106526,-0.000532632,-0.0015979
1773774096546,0.0874023,-0.217285,0.987305,0.000532632,-0.0015979,-0.000532632
1773774096616,0.0878906,-0.218262,0.986816,-0.00106526,0,0
1773774096697,0.0878906,-0.218262,0.987793,0.00106526,0,0
1773774096777,0.0864258,-0.217773,0.98877,0,-0.000532632,0.000532632
1773774096848,0.0859375,-0.217773,0.987793,0.000532632,-0.00106526,-0.000532632
1773774096928,0.0869141,-0.217773,0.98877,0,-0.000532632,0.000532632
1773774097009,0.0874023,-0.216797,0.987793,-0.000532632,-0.000532632,-0.000532632
1773774097079,0.0869141,-0.21582,0.988281,0,-0.00106526,0.000532632
1773774097160,0.0888672,-0.217773,0.987793,0.000532632,-0.000532632,0
1773774097240,0.0859375,-0.217773,0.988281,0.000532632,-0.000532632,0.000532632
1773774097312,0.0883789,-0.216309,0.987793,0.000532632,0,-0.00106526
1773774097392,0.0869141,-0.217285,0.988281,-0.000532632,0,-0.00106526
1773774097472,0.0874023,-0.216309,0.988281,0.000532632,-0.000532632,-0.000532632
1773774097542,0.0878906,-0.218262,0.98877,0.000532632,0.000532632,-0.000532632
1773774097623,0.0888672,-0.216797,0.988281,-0.000532632,0,0.000532632
1773774097693,0.0864258,-0.217285,0.988281,0.000532632,0,0
1773774097774,0.0893555,-0.216309,0.988281,0.000532632,-0.0015979,-0.000532632
1773774097855,0.0869141,-0.217773,0.988281,0.000532632,0,0
1773774097925,0.0878906,-0.219238,0.988281,0.000532632,-0.000532632,-0.00106526
1773774098006,0.0883789,-0.216797,0.98877,0,-0.00106526,-0.000532632
1773774098086,0.0883789,-0.216797,0.986816,0,-0.000532632,-0.000532632
1773774098157,0.0888672,-0.217773,0.989258,0.000532632,0,0.00106526
1773774098237,0.0888672,-0.219238,0.989258,-0.000532632,-0.0015979,-0.000532632
1773774098318,0.0883789,-0.219727,0.987305,0.000532632,0,0.000532632
1773774098388,0.0864258,-0.217285,0.990234,0.000532632,-0.000532632,-0.000532632
1773774098469,0.0888672,-0.216797,0.988281,0.000532632,-0.000532632,0
1773774098550,0.0874023,-0.217285,0.988281,-0.000532632,-0.000532632,0.000532632
1773774098620,0.0883789,-0.21875,0.989746,-0.000532632,0,0.000532632
1773774098701,0.0874023,-0.21875,0.988281,0.00106526,0,0
1773774098781,0.0883789,-0.216797,0.987305,0,-0.000532632,-0.000532632
1773774098852,0.0878906,-0.219727,0.98877,-0.000532632,0.000532632,0.000532632
1773774098932,0.0888672,-0.217285,0.98877,-0.000532632,0.000532632,-0.00106526
1773774099003,0.0859375,-0.216309,0.98877,0.0015979,-0.000532632,-0.000532632
1773774099083,0.0888672,-0.218262,0.989746,0,-0.00106526,-0.000532632
1773774099164,0.0874023,-0.217773,0.990234,0,-0.000532632,0
1773774099234,0.0878906,-0.218262,0.98877,0.000532632,-0.0015979,0
1773774099315,0.0883789,-0.217285,0.987793,0.00106526,-0.000532632,-0.00106526
1773774099395,0.0869141,-0.216797,0.988281,0,-0.00106526,0
1773774099466,0.0893555,-0.21875,0.987305,0,0,0
1773774099546,0.0888672,-0.21875,0.989258,0,0,0.000532632
1773774099627,0.0869141,-0.216797,0.986816,-0.000532632,0,0.000532632
1773774099697,0.0864258,-0.216309,0.987305,0.00106526,-0.00106526,0
1773774099778,0.0878906,-0.219238,0.988281,-0.00106526,-0.00106526,0.000532632
1773774099858,0.0883789,-0.217773,0.988281,0.000532632,0,0.000532632
1773774099929,0.0869141,-0.216797,0.988281,-0.00106526,0.000532632,-0.000532632
1773774100009,0.0854492,-0.219727,0.989258,0,-0.000532632,-0.000532632
1773774100090,0.0878906,-0.219727,0.986328,0.00106526,-0.00106526,0.000532632
1773774100160,0.0869141,-0.218262,0.988281,0,0,0.000532632
1773774100241,0.0874023,-0.217285,0.98877,0.000532632,0.000532632,0
1773774100312,0.0869141,-0.216797,0.987793,-0.000532632,-0.00106526,-0.00106526
1773774100392,0.0878906,-0.217773,0.989746,-0.000532632,-0.000532632,0
1773774100472,0.090332,-0.21875,0.989258,-0.000532632,-0.000532632,-0.000532632
1773774100543,0.0874023,-0.216797,0.987305,-0.00106526,-0.00106526,0
1773774100624,0.0869141,-0.21875,0.990234,-0.000532632,-0.000532632,-0.00106526
1773774100704,0.0878906,-0.216309,0.988281,0.000532632,0,0
1773774100775,0.0874023,-0.217773,0.98877,0.000532632,-0.000532632,0
1773774100855,0.0888672,-0.216797,0.987793,0.000532632,0,-0.00106526
1773774100936,0.0874023,-0.217285,0.987305,0,0.000532632,0
1773774101006,0.0864258,-0.216797,0.987305,0,0,0
1773774101087,0.0849609,-0.217285,0.98877,-0.00106526,-0.00106526,0.000532632
1773774101167,0.0888672,-0.217773,0.987793,0.000532632,-0.00106526,0.000532632
1773774101238,0.0888672,-0.217773,0.989258,-0.000532632,-0.0015979,-0.00106526
1773774101318,0.0878906,-0.217773,0.987793,0.000532632,-0.000532632,0
1773774101399,0.0859375,-0.217773,0.988281,-0.00106526,0,-0.000532632
1773774101469,0.0878906,-0.217285,0.989258,-0.000532632,-0.000532632,0.000532632
1773774101550,0.0898438,-0.217285,0.987793,0,0,0.000532632
1773774101630,0.0869141,-0.218262,0.988281,0.000532632,-0.000532632,0.000532632
1773774101701,0.0869141,-0.219238,0.987305,-0.000532632,-0.00106526,0.00106526
1773774101781,0.0864258,-0.216797,0.987305,0,-0.00106526,-0.000532632
1773774101852,0.0898438,-0.21582,0.987305,-0.000532632,-0.000532632,0.000532632
1773774101932,0.0888672,-0.217285,0.986816,0.000532632,-0.000532632,0
1773774102013,0.0874023,-0.21582,0.988281,-0.00106526,0,0
1773774102084,0.0878906,-0.215332,0.98877,0,0,0.000532632
1773774102164,0.0883789,-0.218262,0.987793,0,-0.000532632,0.000532632
1773774102245,0.0864258,-0.216309,0.987793,-0.000532632,-0.000532632,0
1773774102315,0.0874023,-0.217285,0.986328,-0.000532632,-0.00106526,-0.000532632
1773774102395,0.0864258,-0.21875,0.988281,-0.000532632,-0.00106526,-0.000532632
1773774102476,0.0893555,-0.217773,0.986328,0,-0.000532632,0.00106526
1773774102547,0.0869141,-0.216797,0.986816,0.00106526,-0.000532632,0.000532632
1773774102627,0.0874023,-0.21875,0.987305,-0.00106526,-0.000532632,0.000532632
1773774102708,0.0874023,-0.218262,0.988281,0.000532632,-0.000532632,0.00106526
1773774102778,0.0888672,-0.218262,0.987793,0,-0.00106526,0.000532632
1773774102859,0.0888672,-0.219238,0.988281,0,-0.000532632,0.00106526
1773774102929,0.0869141,-0.218262,0.988281,0,-0.00106526,0
1773774103010,0.0883789,-0.217285,0.987305,-0.0015979,-0.000532632,0
1773774103090,0.090332,-0.217285,0.98877,0.000532632,-0.000532632,0.000532632
1773774103161,0.0869141,-0.216309,0.987305,0,0,-0.00106526
1773774103242,0.0888672,-0.218262,0.986816,0,0,0
1773774103322,0.0844727,-0.216797,0.987793,-0.000532632,-0.00213053,0
1773774103392,0.0883789,-0.217285,0.988281,0.000532632,-0.000532632,0
1773774103473,0.0888672,-0.216309,0.98877,-0.000532632,-0.00106526,0
1773774103554,0.0878906,-0.218262,0.988281,0.000532632,-0.00106526,0
1773774103624,0.0874023,-0.216797,0.98877,-0.000532632,0,0.00106526
1773774103705,0.0869141,-0.216309,0.988281,0.000532632,-0.0015979,0.000532632
1773774103785,0.0883789,-0.219238,0.989746,0.000532632,0,-0.000532632
1773774103855,0.0893555,-0.219238,0.98877,0,-0.00106526,-0.000532632
1773774103936,0.0874023,-0.21582,0.98877,-0.000532632,-0.000532632,0
1773774104017,0.0893555,-0.217285,0.987305,0,-0.000532632,-0.000532632
1773774104087,0.0883789,-0.216797,0.986816,-0.000532632,-0.000532632,0.00106526
1773774104168,0.0883789,-0.217285,0.989258,0,0,-0.00106526
1773774104248,0.0864258,-0.217285,0.990234,-0.00106526,-0.00106526,-0.00106526
1773774104319,0.0883789,-0.21875,0.98877,0,0,0
1773774104400,0.0874023,-0.217285,0.989258,-0.000532632,-0.000532632,0.000532632
1773774104470,0.0864258,-0.217285,0.986816,0.000532632,-0.00106526,-0.000532632
1773774104551,0.0864258,-0.21582,0.987305,-0.000532632,0,0
1773774104631,0.0874023,-0.218262,0.989258,-0.00106526,0,-0.000532632
1773774104702,0.0898438,-0.216309,0.987793,0.000532632,0,0
1773774104782,0.0878906,-0.216309,0.987305,0,-0.0015979,0
1773774104863,0.0893555,-0.216797,0.98877,-0.000532632,0.000532632,-0.000532632
1773774104933,0.0878906,-0.217285,0.987305,0.000532632,-0.00106526,0
1773774105014,0.0888672,-0.217773,0.98877,-0.000532632,-0.00106526,-0.000532632
1773774105094,0.0883789,-0.21875,0.987793,-0.000532632,-0.00106526,0
1773774105165,0.0878906,-0.217773,0.986328,0.000532632,-0.00213053,0
1773774105245,0.0869141,-0.217285,0.98584,0.000532632,-0.000532632,0.00106526
1773774105326,0.0859375,-0.219238,0.988281,0,-0.00106526,0
1773774105396,0.0878906,-0.217773,0.988281,0,-0.00106526,0
1773774105477,0.0874023,-0.216797,0.987793,-0.000532632,-0.000532632,0.000532632
1773774105547,0.0893555,-0.217285,0.989258,0,0,0.000532632
1773774105628,0.0859375,-0.216797,0.989746,-0.000532632,-0.000532632,0
1773774105708,0.0874023,-0.216797,0.989258,-0.000532632,-0.000532632,0
1773774105779,0.0859375,-0.216309,0.988281,-0.000532632,0,0
1773774105859,0.0869141,-0.218262,0.990234,0,-0.00106526,0.000532632
1773774105940,0.0883789,-0.216797,0.98877,-0.00106526,-0.000532632,-0.000532632
1773774106010,0.0883789,-0.220215,0.986816,-0.000532632,-0.000532632,0
1773774106091,0.0888672,-0.217773,0.98877,0.00106526,-0.00106526,0.000532632
1773774106172,0.0859375,-0.21875,0.991211,0.000532632,0,0
1773774106242,0.0888672,-0.21582,0.98584,0.000532632,-0.00106526,-0.000532632
1773774106323,0.0883789,-0.216797,0.989258,0,0.000532632,0
1773774106403,0.090332,-0.217773,0.985352,0,-0.00106526,0
1773774106474,0.0854492,-0.217773,0.989258,-0.000532632,-0.000532632,-0.00106526
1773774106554,0.0874023,-0.217773,0.98877,0,0,0
1773774106635,0.0874023,-0.216797,0.987793,-0.000532632,0,-0.00106526
1773774106705,0.0874023,-0.216797,0.988281,0.000532632,-0.00106526,-0.000532632
1773774106786,0.0878906,-0.217285,0.988281,0,-0.000532632,0
1773774106856,0.0878906,-0.216309,0.98877,-0.000532632,-0.000532632,0.000532632
1773774106937,0.0864258,-0.217285,0.989746,-0.000532632,-0.000532632,0.000532632
1773774107017,0.0883789,-0.217285,0.98877,-0.000532632,-0.00106526,0.000532632
1773774107088,0.0878906,-0.21582,0.988281,0,0.000532632,-0.0015979
1773774107168,0.0859375,-0.218262,0.988281,-0.000532632,0,0
1773774107249,0.0859375,-0.216309,0.987793,0.000532632,-0.000532632,0.000532632
1773774107319,0.0888672,-0.217285,0.986816,0.000532632,-0.000532632,-0.000532632
1773774107400,0.0874023,-0.219238,0.988281,-0.00106526,-0.000532632,0
1773774107481,0.0883789,-0.21875,0.986816,0.000532632,-0.00106526,-0.00106526
1773774107551,0.0869141,-0.21875,0.987305,0.000532632,-0.000532632,0
1773774107632,0.0864258,-0.217773,0.986816,-0.000532632,-0.000532632,-0.00106526
1773774107712,0.0878906,-0.218262,0.988281,0,0,-0.000532632
1773774107783,0.0878906,-0.217285,0.986328,0,-0.000532632,0
1773774107863,0.0878906,-0.21582,0.98877,-0.000532632,0,0
1773774107944,0.0874023,-0.217285,0.989746,0,-0.0015979,0
1773774108014,0.0883789,-0.218262,0.986816,-0.000532632,0,0.000532632
1773774108095,0.0893555,-0.21582,0.990234,0.000532632,-0.00106526,0
1773774108165,0.0874023,-0.21875,0.98877,0.000532632,-0.000532632,-0.000532632
1773774108246,0.0878906,-0.217773,0.987793,-0.000532632,-0.000532632,0.000532632
1773774108327,0.0878906,-0.216309,0.990234,0.000532632,-0.000532632,0.000532632
1773774108397,0.0888672,-0.217773,0.989258,0.00106526,-0.000532632,-0.000532632
1773774108477,0.0888672,-0.21582,0.989258,0,-0.00106526,-0.000532632
1773774108558,0.0874023,-0.217285,0.988281,-0.000532632,0,0
1773774108628,0.0893555,-0.218262,0.986328,0,-0.00106526,0.000532632
1773774108709,0.0874023,-0.218262,0.987793,0,0.000532632,-0.00106526
1773774108789,0.0878906,-0.217773,0.988281,0.00106526,-0.000532632,0.000532632
1773774108860,0.0883789,-0.216309,0.987793,0.000532632,-0.000532632,0.000532632
1773774108940,0.0878906,-0.216797,0.986328,0.00106526,-0.00106526,0
1773774109021,0.0874023,-0.216797,0.986816,0.00106526,-0.00106526,0
1773774109092,0.0874023,-0.21875,0.98877,0,-0.000532632,-0.000532632
1773774109172,0.0883789,-0.217285,0.98877,0.000532632,0,0
1773774109253,0.0883789,-0.218262,0.986328,-0.000532632,-0.000532632,0.00106526
1773774109323,0.0854492,-0.216309,0.989258,0,-0.000532632,0
1773774109404,0.0878906,-0.217285,0.98584,0,-0.000532632,0.000532632
1773774109474,0.0893555,-0.216309,0.987793,0.00106526,-0.0015979,0
1773774109555,0.0859375,-0.218262,0.987305,-0.000532632,-0.00106526,-0.000532632
1773774109635,0.0869141,-0.217773,0.98877,0.000532632,0,-0.000532632
1773774109706,0.0878906,-0.217773,0.98877,0,-0.00106526,-0.000532632
1773774109786,0.0883789,-0.21875,0.989746,-0.00106526,-0.000532632,0
1773774109867,0.0878906,-0.217773,0.987793,0,0,-0.000532632
1773774109937,0.0874023,-0.216797,0.986816,0,-0.000532632,0
1773774110018,0.0883789,-0.216797,0.986328,-0.000532632,0,0
1773774110098,0.0869141,-0.218262,0.988281,0.000532632,-0.000532632,0
1773774110169,0.0874023,-0.217285,0.986816,0.000532632,-0.00106526,-0.000532632
1773774110249,0.0869141,-0.218262,0.987305,0,-0.00106526,0
1773774110330,0.0854492,-0.217285,0.987793,-0.000532632,-0.000532632,0
1773774110400,0.0878906,-0.216309,0.990234,0.000532632,-0.0015979,0
1773774110481,0.0874023,-0.218262,0.989746,-0.000532632,-0.00106526,0
1773774110562,0.0888672,-0.216797,0.987793,0.000532632,-0.00106526,-0.000532632
1773774110632,0.0854492,-0.214844,0.986816,0.000532632,-0.000532632,0
1773774110713,0.0883789,-0.215332,0.987793,-0.00106526,0,-0.000532632
1773774110783,0.0874023,-0.216309,0.988281,0,0,0
1773774110864,0.0883789,-0.217285,0.987793,0,0,0
1773774110944,0.0874023,-0.217285,0.987793,-0.000532632,-0.000532632,-0.000532632
1773774111015,0.0908203,-0.21582,0.98877,0.000532632,-0.0015979,0
1773774111095,0.0854492,-0.21875,0.989746,-0.00106526,-0.00106526,-0.000532632
1773774111176,0.0883789,-0.216309,0.987793,-0.00106526,0,0
1773774111246,0.0883789,-0.217773,0.989746,0,-0.00106526,0
1773774111328,0.0893555,-0.217285,0.986816,0.000532632,-0.000532632,-0.000532632
1773774111408,0.0878906,-0.220215,0.988281,0.000532632,-0.000532632,-0.000532632
1773774111479,0.0888672,-0.217773,0.989746,0,0.000532632,0.000532632
1773774111559,0.0883789,-0.217773,0.987305,-0.000532632,-0.00106526,0
1773774111630,0.0898438,-0.218262,0.989258,-0.000532632,0,-0.00106526
1773774111710,0.0869141,-0.217773,0.98877,0,0,0
1773774111791,0.0864258,-0.21582,0.988281,0,-0.00106526,0.000532632
1773774111861,0.0888672,-0.218262,0.989258,0.00106526,-0.000532632,-0.000532632
1773774111942,0.0883789,-0.219727,0.989746,0,-0.00106526,0.000532632
1773774112022,0.090332,-0.216309,0.98877,0,0.000532632,0
1773774112093,0.0869141,-0.216797,0.987793,0,0,-0.000532632
1773774112174,0.0888672,-0.217285,0.987793,0.000532632,-0.00213053,-0.00106526
1773774112254,0.0878906,-0.217285,0.98877,-0.000532632,-0.000532632,0
1773774112324,0.0878906,-0.217773,0.986328,0.000532632,-0.000532632,0
1773774112405,0.0859375,-0.218262,0.989258,0.000532632,-0.00106526,0
1773774112486,0.0859375,-0.217285,0.989258,-0.0015979,-0.00106526,0.000532632
1773774112556,0.0878906,-0.21875,0.989746,0.000532632,-0.000532632,-0.000532632
1773774112636,0.0874023,-0.217285,0.98877,-0.000532632,-0.0015979,0.000532632
1773774112717,0.0878906,-0.21582,0.98877,0,-0.00106526,-0.000532632
1773774112787,0.0888672,-0.214355,0.987793,0,0,-0.000532632
1773774112868,0.0854492,-0.21582,0.987793,0,0,-0.000532632
1773774112948,0.0874023,-0.217773,0.988281,0,-0.00106526,-0.00106526
1773774113019,0.0883789,-0.21875,0.989258,0.000532632,-0.00106526,-0.000532632
1773774113100,0.0893555,-0.21875,0.987305,0.000532632,-0.000532632,0
1773774113170,0.0874023,-0.216309,0.987793,0.000532632,-0.00106526,0.0015979
1773774113251,0.0883789,-0.216797,0.98877,-0.00106526,-0.00106526,-0.000532632
1773774113331,0.0874023,-0.21875,0.98877,0,-0.00106526,-0.00106526
1773774113403,0.090332,-0.217773,0.98877,-0.000532632,0,0.000532632
1773774113482,0.0874023,-0.216797,0.98877,-0.000532632,-0.00106526,0.000532632
1773774113563,0.0898438,-0.216309,0.987793,0,0,0.000532632
1773774113633,0.0869141,-0.216797,0.987305,-0.000532632,-0.000532632,-0.000532632
1773774113714,0.0883789,-0.217773,0.98877,0,0,0.000532632
1773774113795,0.0874023,-0.215332,0.988281,-0.000532632,0.000532632,0.000532632
1773774113865,0.0869141,-0.21582,0.989258,-0.000532632,0,-0.000532632
1773774113946,0.0878906,-0.217285,0.98877,-0.00106526,0.000532632,0
1773774114026,0.0874023,-0.217285,0.990234,-0.000532632,-0.000532632,-0.00106526
1773774114097,0.0864258,-0.219238,0.987793,0.000532632,-0.000532632,0
1773774114177,0.0869141,-0.218262,0.987793,0.000532632,-0.000532632,-0.000532632
1773774114248,0.0878906,-0.218262,0.98877,-0.00106526,-0.00106526,0
1773774114328,0.0883789,-0.216309,0.986816,0,-0.0015979,0.000532632
1773774114409,0.0874023,-0.216797,0.986816,0,0,0
1773774114479,0.0878906,-0.218262,0.989258,0.000532632,-0.000532632,0.000532632
1773774114560,0.0854492,-0.217773,0.988281,0.000532632,-0.000532632,-0.00106526
1773774114641,0.0883789,-0.217285,0.989258,0,-0.000532632,0
1773774114712,0.0893555,-0.216309,0.987793,0.000532632,-0.0015979,0.000532632
1773774114792,0.0869141,-0.216309,0.988281,0,-0.0015979,-0.000532632
1773774114872,0.0878906,-0.216797,0.989258,0,0,0
1773774114943,0.0888672,-0.217285,0.990234,0.000532632,-0.000532632,0.000532632
1773774115023,0.0869141,-0.218262,0.986328,-0.00106526,0.000532632,0.000532632
1773774115104,0.0878906,-0.217773,0.987793,0,-0.00106526,0.000532632
1773774115174,0.0878906,-0.218262,0.985352,0,0,0
1773774115255,0.0864258,-0.216797,0.989258,-0.000532632,-0.000532632,0.000532632
1773774115335,0.0864258,-0.21875,0.987793,0,-0.00106526,-0.00106526
1773774115406,0.0883789,-0.218262,0.986328,-0.000532632,0,-0.000532632
1773774115486,0.0869141,-0.21875,0.988281,-0.000532632,-0.000532632,-0.000532632
1773774115557,0.0869141,-0.217285,0.989258,0.000532632,0,0.000532632
1773774115638,0.0888672,-0.217773,0.987305,0,0,-0.000532632
1773774115718,0.0878906,-0.216309,0.986816,0.000532632,-0.00106526,0.00106526
1773774115789,0.0874023,-0.216797,0.98584,0.000532632,-0.000532632,0
1773774115869,0.0869141,-0.218262,0.989258,-0.0015979,-0.00106526,0
1773774115950,0.0893555,-0.218262,0.988281,0,0.00106526,0.000532632
1773774116021,0.0874023,-0.217285,0.988281,0.000532632,-0.0015979,0
1773774116101,0.0878906,-0.217285,0.986816,-0.000532632,-0.000532632,-0.000532632
1773774116181,0.0898438,-0.219727,0.987305,0.000532632,-0.000532632,0
1773774116252,0.0888672,-0.21875,0.987305,-0.00106526,-0.00106526,-0.000532632
1773774116332,0.0893555,-0.216309,0.98584,-0.000532632,-0.000532632,-0.00106526
1773774116413,0.0913086,-0.21875,0.989258,0,-0.000532632,-0.000532632
1773774116483,0.0878906,-0.216797,0.987793,-0.00106526,-0.000532632,0
1773774116564,0.0874023,-0.216309,0.987793,0,0,-0.000532632
1773774116644,0.0888672,-0.217773,0.987305,-0.000532632,-0.00106526,0
1773774116715,0.0864258,-0.218262,0.986328,-0.000532632,-0.0015979,-0.000532632
1773774116795,0.0878906,-0.219727,0.987793,-0.000532632,-0.00106526,0
1773774116866,0.0888672,-0.216797,0.988281,-0.000532632,-0.000532632,0.000532632
1773774116946,0.0869141,-0.21582,0.986816,0.000532632,-0.000532632,0
1773774117027,0.0869141,-0.216797,0.990234,-0.000532632,-0.00106526,-0.000532632
1773774117098,0.0874023,-0.218262,0.98877,0,-0.000532632,-0.00106526
1773774117178,0.0883789,-0.217285,0.988281,-0.00106526,-0.000532632,-0.000532632
1773774117259,0.0883789,-0.217285,0.987305,-0.000532632,0,-0.000532632
1773774117329,0.0878906,-0.215332,0.987793,0,0,-0.00106526
1773774117410,0.0874023,-0.216309,0.989746,0.000532632,-0.000532632,-0.000532632
1773774117490,0.0883789,-0.218262,0.989258,0,-0.000532632,0.000532632
1773774117561,0.0878906,-0.217773,0.987793,-0.000532632,-0.00106526,-0.000532632
1773774117641,0.0878906,-0.218262,0.986816,0,-0.00106526,0.00106526
1773774117722,0.0854492,-0.214844,0.98877,0.000532632,-0.00106526,-0.000532632
1773774117792,0.0888672,-0.217773,0.986816,-0.000532632,-0.000532632,-0.00106526
1773774117873,0.0869141,-0.21875,0.989746,0.000532632,-0.0015979,0.00106526
1773774117953,0.0869141,-0.217285,0.990234,0,-0.000532632,-0.000532632
1773774118024,0.0864258,-0.217773,0.98877,-0.000532632,-0.000532632,-0.000532632
1773774118104,0.0874023,-0.216309,0.989258,0.000532632,-0.00106526,0
1773774118175,0.0864258,-0.217285,0.986328,-0.000532632,-0.000532632,0.00106526
1773774118256,0.0878906,-0.215332,0.989258,0.000532632,-0.00106526,-0.000532632
1773774118336,0.0874023,-0.217285,0.988281,-0.000532632,-0.000532632,-0.00106526
1773774118406,0.0878906,-0.217773,0.986816,0,-0.000532632,0
1773774118488,0.0883789,-0.217285,0.987305,0,-0.00106526,0.000532632
1773774118568,0.0874023,-0.217773,0.989746,-0.000532632,-0.00213053,-0.00106526
1773774118638,0.0883789,-0.216797,0.989258,-0.000532632,-0.000532632,0
1773774118719,0.0893555,-0.217773,0.990234,-0.00106526,-0.00106526,0
1773774118799,0.0878906,-0.216797,0.989746,-0.000532632,-0.00106526,0
1773774118870,0.0908203,-0.21582,0.989258,-0.000532632,-0.000532632,-0.000532632
1773774118950,0.0869141,-0.21582,0.98877,0,-0.0015979,-0.00106526
1773774119021,0.0878906,-0.216309,0.987305,-0.000532632,-0.000532632,-0.00106526
1773774119102,0.0893555,-0.219238,0.990234,-0.000532632,-0.000532632,-0.000532632
1773774119182,0.0859375,-0.217773,0.986328,0,0,-0.0015979
1773774119253,0.0874023,-0.216309,0.987305,0.000532632,-0.00106526,0
1773774119333,0.0878906,-0.21582,0.986816,-0.000532632,-0.000532632,0
1773774119414,0.0874023,-0.217773,0.987793,-0.000532632,-0.000532632,-0.00106526
1773774119484,0.0883789,-0.218262,0.986816,0,0,0
1773774119565,0.0864258,-0.217285,0.98877,-0.000532632,-0.00106526,0.000532632
1773774119645,0.0854492,-0.217285,0.987305,0,-0.0015979,0.000532632
1773774119716,0.0869141,-0.219727,0.98877,0.000532632,-0.00106526,-0.00106526
1773774119796,0.0898438,-0.217773,0.988281,0,-0.00106526,-0.000532632
1773774119877,0.0883789,-0.215332,0.990234,0,-0.0015979,0
1773774119947,0.0888672,-0.218262,0.987793,-0.00106526,-0.000532632,0.000532632
1773774120028,0.0898438,-0.21582,0.987793,0,0.000532632,0.000532632
1773774120109,0.0883789,-0.217285,0.990234,-0.00106526,0,0.000532632
1773774120179,0.0893555,-0.216797,0.989258,0.000532632,-0.00106526,0
1773774120259,0.0878906,-0.21582,0.989746,-0.000532632,0,0
1773774120340,0.0859375,-0.217773,0.986816,0,-0.000532632,0.000532632
1773774120410,0.0878906,-0.217773,0.989746,0,-0.00106526,-0.0015979
1773774120491,0.0869141,-0.21582,0.986816,-0.000532632,-0.00106526,-0.0015979
1773774120571,0.0893555,-0.216309,0.987793,0,-0.0015979,-0.000532632
1773774120642,0.0869141,-0.219238,0.988281,0,-0.00106526,-0.00106526
1773774120722,0.0864258,-0.218262,0.990234,0,-0.00106526,0
1773774120793,0.0874023,-0.216309,0.987793,0.00106526,0,0
1773774120873,0.0864258,-0.219238,0.987793,0.000532632,-0.00106526,-0.000532632
1773774120954,0.0893555,-0.216797,0.987793,0,0,0
1773774121024,0.0864258,-0.217773,0.988281,-0.000532632,-0.00106526,0
1773774121105,0.0874023,-0.217285,0.98877,0,-0.000532632,0.000532632
1773774121186,0.0908203,-0.218262,0.987305,-0.000532632,0,0
1773774121256,0.0888672,-0.217773,0.987305,-0.000532632,-0.00106526,-0.000532632
1773774121337,0.0878906,-0.218262,0.988281,-0.000532632,-0.00106526,0.000532632
1773774121417,0.0893555,-0.217773,0.988281,0,-0.00106526,-0.000532632
1773774121488,0.0874023,-0.21875,0.988281,-0.000532632,-0.00106526,0
1773774121568,0.0869141,-0.217285,0.98877,0,0,0
1773774121649,0.0888672,-0.216309,0.988281,-0.000532632,-0.00106526,0.00106526
1773774121719,0.0874023,-0.21875,0.988281,0.000532632,0,0
1773774121800,0.0874023,-0.216797,0.98877,0,-0.00106526,0.000532632
1773774121880,0.0869141,-0.216309,0.987793,0.000532632,-0.000532632,0
1773774121951,0.0874023,-0.218262,0.987793,-0.000532632,-0.0015979,-0.000532632
1773774122031,0.0878906,-0.218262,0.988281,-0.00106526,-0.000532632,-0.000532632
1773774122102,0.0878906,-0.218262,0.990234,-0.000532632,-0.000532632,-0.000532632
1773774122183,0.0869141,-0.216309,0.986328,-0.000532632,-0.000532632,-0.000532632
1773774122263,0.0878906,-0.21875,0.987305,0,-0.000532632,-0.00106526
1773774122333,0.0874023,-0.217773,0.98584,-0.000532632,-0.000532632,-0.00106526
1773774122414,0.0864258,-0.21875,0.988281,0,-0.000532632,-0.00106526
1773774122495,0.0874023,-0.219238,0.990234,0,0,0
1773774122565,0.0893555,-0.217285,0.98877,0.000532632,0,0
1773774122645,0.0864258,-0.21875,0.987793,0.000532632,-0.00106526,0
1773774122726,0.0864258,-0.216797,0.988281,0,-0.000532632,0
1773774122796,0.0878906,-0.218262,0.990723,-0.000532632,0,-0.000532632
1773774122877,0.0874023,-0.218262,0.98877,-0.000532632,-0.00106526,-0.000532632
1773774122958,0.0869141,-0.216797,0.987793,-0.000532632,-0.00106526,0.000532632
1773774123028,0.0864258,-0.218262,0.989746,-0.000532632,0.000532632,0
1773774123109,0.0888672,-0.218262,0.989746,0.000532632,-0.000532632,-0.000532632
1773774123189,0.0888672,-0.218262,0.98584,0.00106526,-0.0015979,0
1773774123260,0.0878906,-0.216797,0.988281,-0.000532632,-0.00106526,0
1773774123340,0.0888672,-0.216797,0.986816,0,-0.000532632,-0.000532632
1773774123411,0.0883789,-0.217773,0.989746,0,0.000532632,0
1773774123491,0.0874023,-0.218262,0.986816,-0.000532632,-0.000532632,0.000532632
1773774123572,0.0878906,-0.21875,0.989746,-0.000532632,-0.00106526,0
1773774123642,0.0874023,-0.216797,0.98877,0,-0.000532632,0
1773774123723,0.0874023,-0.217285,0.98584,0,-0.00106526,0.000532632
1773774123803,0.0869141,-0.217773,0.990234,0,0,-0.00106526
1773774123874,0.0869141,-0.216309,0.98877,0,0,-0.00106526
1773774123954,0.0874023,-0.217773,0.989746,-0.000532632,0,0
1773774124035,0.0869141,-0.218262,0.98877,0.00106526,0.000532632,0.00106526
1773774124105,0.0883789,-0.217773,0.989258,-0.000532632,-0.000532632,0
1773774124186,0.0883789,-0.216309,0.989746,0,0,-0.00106526
1773774124267,0.0874023,-0.216309,0.989258,0.000532632,0,-0.000532632
1773774124337,0.0878906,-0.21875,0.98877,-0.000532632,-0.000532632,-0.00106526
1773774124417,0.0878906,-0.216797,0.98877,0,-0.000532632,-0.000532632
1773774124498,0.0888672,-0.218262,0.991211,-0.000532632,0,0.000532632
1773774124569,0.0883789,-0.216797,0.987305,-0.000532632,0,-0.0015979
1773774124649,0.0888672,-0.217773,0.991211,-0.000532632,0,-0.000532632
1773774124720,0.0888672,-0.217285,0.989258,-0.000532632,0,0.000532632
1773774124800,0.0878906,-0.216309,0.987305,0,-0.000532632,0
1773774124881,0.0878906,-0.218262,0.98877,-0.000532632,-0.000532632,0
1773774124951,0.0898438,-0.216797,0.987305,0.000532632,-0.00106526,-0.000532632
1773774125032,0.0893555,-0.216797,0.987305,0.000532632,-0.000532632,0.000532632
1773774125112,0.0883789,-0.219727,0.988281,0,0,-0.000532632
1773774125183,0.0859375,-0.217773,0.987305,0,-0.00106526,-0.000532632
1773774125263,0.0883789,-0.216797,0.987793,0,0.000532632,-0.00106526
1773774125344,0.0888672,-0.217773,0.988281,-0.000532632,-0.0015979,0
1773774125414,0.0883789,-0.217285,0.989746,0.0015979,-0.00106526,0.000532632
1773774125495,0.0869141,-0.219238,0.987305,0.000532632,-0.000532632,-0.000532632
1773774125575,0.0888672,-0.217285,0.988281,-0.000532632,-0.0015979,-0.000532632
1773774125646,0.0878906,-0.216309,0.988281,0,-0.00106526,0.0015979
1773774125726,0.0878906,-0.217285,0.98584,-0.000532632,-0.00106526,-0.000532632
1773774125807,0.0878906,-0.216797,0.989258,0,-0.000532632,-0.00106526
1773774125877,0.0864258,-0.21875,0.988281,-0.000532632,-0.00106526,0
1773774125958,0.0854492,-0.21875,0.987793,0,-0.000532632,0
1773774126039,0.0888672,-0.21582,0.990723,-0.000532632,-0.00106526,0
1773774126109,0.0874023,-0.216309,0.989746,0.000532632,-0.00106526,-0.0015979
1773774126189,0.0888672,-0.217773,0.987793,-0.000532632,-0.000532632,0.000532632
1773774126260,0.0874023,-0.219238,0.988281,-0.000532632,0,0.000532632
1773774126341,0.0898438,-0.217773,0.986328,0,0.000532632,0.000532632
1773774126421,0.0878906,-0.217773,0.989746,-0.000532632,-0.000532632,0.000532632
1773774126492,0.0878906,-0.217285,0.987305,-0.00106526,-0.000532632,0
1773774126572,0.0888672,-0.214844,0.987305,0.000532632,-0.000532632,0
1773774126653,0.0869141,-0.21582,0.989258,-0.00106526,-0.000532632,-0.00106526
1773774126723,0.0883789,-0.216797,0.986328,-0.000532632,-0.000532632,0
1773774126804,0.090332,-0.217285,0.98877,0,-0.00106526,0
1773774126885,0.0908203,-0.216309,0.98877,0.000532632,-0.000532632,0.00106526
1773774126955,0.0864258,-0.218262,0.987793,0,-0.00106526,0
1773774127036,0.0883789,-0.218262,0.987305,0.000532632,-0.000532632,-0.00106526
1773774127116,0.0893555,-0.21875,0.987305,-0.000532632,-0.000532632,0
1773774127187,0.0864258,-0.217285,0.987305,-0.00106526,0,0
1773774127268,0.0869141,-0.216797,0.988281,-0.000532632,-0.000532632,-0.000532632
1773774127338,0.0864258,-0.217285,0.98877,-0.000532632,-0.00106526,0
1773774127419,0.0869141,-0.217773,0.988281,0.000532632,0,-0.000532632
1773774127499,0.0878906,-0.216797,0.98877,-0.00106526,-0.00106526,0.000532632
1773774127570,0.0874023,-0.218262,0.990234,0,-0.00106526,0.000532632
1773774127650,0.0883789,-0.218262,0.988281,0.000532632,0,0.000532632
1773774127731,0.0898438,-0.217773,0.987793,0,-0.0015979,0.000532632
1773774127801,0.0888672,-0.218262,0.989258,-0.00106526,-0.000532632,-0.000532632
1773774127882,0.0878906,-0.216797,0.990234,0.000532632,-0.000532632,-0.000532632
1773774127962,0.0878906,-0.218262,0.987793,-0.00106526,-0.00106526,0
1773774128033,0.0864258,-0.21875,0.989258,0.0015979,-0.00106526,-0.0015979
1773774128113,0.0864258,-0.219727,0.989746,-0.000532632,-0.0015979,0
1773774128194,0.0869141,-0.219238,0.989258,0,-0.000532632,-0.00106526
1773774128265,0.0864258,-0.216797,0.986328,0.000532632,-0.00106526,0
1773774128345,0.0888672,-0.217773,0.98877,0,-0.000532632,0
1773774128426,0.0888672,-0.21582,0.988281,0,-0.000532632,0
1773774128496,0.0878906,-0.216309,0.98877,0,-0.000532632,0
1773774128577,0.0888672,-0.216309,0.989258,0,0,0
1773774128648,0.0888672,-0.218262,0.987305,0.000532632,-0.000532632,-0.000532632
1773774128728,0.0878906,-0.217773,0.988281,-0.000532632,0,0.000532632
1773774128808,0.0869141,-0.217285,0.990234,0,0,0
1773774128879,0.0874023,-0.218262,0.987793,0,0,-0.000532632
1773774128959,0.0878906,-0.216309,0.988281,0,-0.00106526,0.000532632
1773774129040,0.0869141,-0.218262,0.989258,-0.000532632,-0.000532632,0
1773774129110,0.0908203,-0.216797,0.989746,0,0,0
1773774129191,0.0869141,-0.217285,0.989258,-0.000532632,-0.000532632,-0.000532632
1773774129272,0.0874023,-0.21875,0.987305,0.000532632,-0.0015979,-0.000532632
1773774129342,0.0883789,-0.217773,0.989258,0,0.00106526,0.000532632
1773774129423,0.0888672,-0.217285,0.98877,0,-0.000532632,0.000532632
1773774129503,0.0878906,-0.216309,0.98877,-0.000532632,-0.00106526,0.000532632
1773774129574,0.0869141,-0.216797,0.987305,-0.000532632,0,-0.000532632
1773774129654,0.0864258,-0.216309,0.990723,-0.000532632,-0.000532632,0.000532632
1773774129725,0.0874023,-0.217773,0.987305,0,-0.00106526,-0.000532632
1773774129805,0.0888672,-0.219727,0.987305,0.000532632,-0.00106526,-0.00106526
1773774129886,0.0869141,-0.219238,0.988281,-0.000532632,-0.000532632,-0.00106526
1773774129956,0.0869141,-0.220215,0.987793,-0.000532632,-0.000532632,-0.000532632
1773774130037,0.0869141,-0.220215,0.986816,0,-0.00106526,0
1773774130117,0.0878906,-0.218262,0.987793,-0.00106526,-0.000532632,0.000532632
1773774130188,0.0869141,-0.21582,0.98877,-0.000532632,0,-0.000532632
1773774130268,0.0883789,-0.21875,0.986328,0,-0.000532632,-0.000532632
1773774130349,0.0859375,-0.21875,0.987305,0,-0.000532632,0.000532632
1773774130420,0.0874023,-0.21582,0.987305,0,-0.00106526,0.000532632
1773774130500,0.0888672,-0.219238,0.986816,-0.000532632,0.000532632,0.000532632
1773774130580,0.0883789,-0.216797,0.98877,-0.000532632,-0.000532632,0.000532632
1773774130651,0.0869141,-0.219727,0.989258,-0.000532632,-0.00106526,-0.000532632
1773774130731,0.0874023,-0.217285,0.987305,0,-0.0015979,0
1773774130812,0.0893555,-0.219238,0.988281,0.000532632,0,0.000532632
1773774130882,0.0869141,-0.216797,0.987305,-0.00106526,-0.000532632,0
1773774130963,0.0878906,-0.217773,0.98877,-0.000532632,-0.00106526,-0.000532632
1773774131034,0.0883789,-0.218262,0.986816,0,-0.00106526,0.000532632
1773774131114,0.0883789,-0.218262,0.987793,0.00106526,-0.000532632,0
1773774131195,0.0864258,-0.21875,0.988281,0,0,-0.000532632
1773774131267,0.0878906,-0.218262,0.989258,-0.000532632,-0.00106526,-0.000532632
1773774131346,0.0883789,-0.217285,0.987305,0.000532632,-0.000532632,-0.00106526
1773774131426,0.0888672,-0.218262,0.987305,0,-0.00106526,0.000532632
1773774131497,0.0869141,-0.218262,0.986816,-0.000532632,-0.000532632,-0.000532632
1773774131577,0.0869141,-0.215332,0.989746,-0.00106526,-0.0015979,-0.000532632
1773774131658,0.0893555,-0.217773,0.988281,0.000532632,-0.000532632,0
1773774131728,0.0893555,-0.219238,0.987305,0,-0.0015979,0.00106526
1773774131809,0.0874023,-0.217285,0.987793,-0.00106526,-0.000532632,-0.000532632
1773774131889,0.0878906,-0.218262,0.989746,-0.000532632,-0.00106526,0.00106526
1773774131960,0.0869141,-0.216797,0.987793,-0.000532632,-0.00106526,-0.000532632
1773774132040,0.0869141,-0.21582,0.988281,0,-0.000532632,-0.00106526
1773774132121,0.0859375,-0.216797,0.987793,0.000532632,-0.000532632,-0.000532632
1773774132191,0.0854492,-0.216309,0.98584,0,-0.00106526,0
1773774132272,0.0874023,-0.216309,0.989258,0,-0.00106526,-0.000532632
1773774132343,0.090332,-0.217773,0.987793,0.00106526,-0.000532632,0
1773774132424,0.0883789,-0.217285,0.988281,0.000532632,-0.0015979,-0.000532632
1773774132504,0.0888672,-0.217285,0.98877,-0.000532632,0,-0.00106526
1773774132574,0.0869141,-0.217773,0.990723,-0.00106526,0,0.000532632
1773774132655,0.0874023,-0.216797,0.989258,0.000532632,-0.0015979,-0.000532632
1773774132735,0.0874023,-0.216309,0.987793,-0.000532632,-0.00106526,0.000532632
1773774132807,0.0864258,-0.216797,0.990234,0,-0.000532632,0.000532632
1773774132886,0.0883789,-0.216797,0.987305,-0.00106526,0,-0.00106526
1773774132967,0.0869141,-0.218262,0.988281,0,0,0.00106526
1773774133038,0.0874023,-0.218262,0.987305,0.000532632,0,0.000532632
1773774133118,0.0893555,-0.216309,0.988281,-0.000532632,-0.000532632,0
1773774133198,0.0883789,-0.217285,0.986816,-0.000532632,-0.000532632,0
1773774133270,0.0883789,-0.218262,0.98877,-0.00106526,-0.000532632,0.00106526
1773774133351,0.0869141,-0.217773,0.987305,-0.000532632,-0.000532632,0.000532632
1773774133421,0.0883789,-0.217285,0.989258,-0.00106526,-0.00106526,0
1773774133502,0.0859375,-0.217285,0.989746,0,-0.0015979,0.000532632
1773774133582,0.0878906,-0.21875,0.989258,0.000532632,-0.00106526,0.000532632
1773774133653,0.0874023,-0.217285,0.988281,0,0,0.000532632
1773774133733,0.0883789,-0.216797,0.988281,0.000532632,-0.000532632,0.000532632
1773774133814,0.0888672,-0.217285,0.990234,0,0,0.00106526
1773774133884,0.0874023,-0.216797,0.98877,0.000532632,-0.00106526,-0.00106526
1773774133965,0.0874023,-0.218262,0.987793,-0.000532632,-0.000532632,-0.000532632
1773774134045,0.0893555,-0.217773,0.98877,-0.000532632,-0.000532632,0.000532632
1773774134116,0.090332,-0.21875,0.987793,0,-0.00106526,0.000532632
1773774134197,0.0864258,-0.217285,0.98877,-0.000532632,-0.00213053,-0.000532632
1773774134277,0.0878906,-0.217285,0.989258,-0.00106526,-0.00106526,0.00106526
1773774134347,0.0859375,-0.217285,0.986816,0,-0.00213053,-0.000532632
1773774134430,0.0888672,-0.219727,0.986328,0,-0.00106526,0.000532632
1773774134508,0.0883789,-0.217285,0.989746,0.000532632,-0.00106526,0
1773774134579,0.0874023,-0.218262,0.989258,0,-0.00106526,0
1773774134660,0.0864258,-0.216797,0.988281,0.000532632,-0.000532632,0.000532632
1773774134730,0.090332,-0.216309,0.989746,0,-0.000532632,0
1773774134811,0.0869141,-0.21875,0.987793,-0.000532632,-0.000532632,-0.00106526
1773774134891,0.0869141,-0.21875,0.989746,-0.000532632,-0.00106526,0
1773774134962,0.0908203,-0.218262,0.989746,0,0,0
1773774135042,0.0883789,-0.219727,0.986328,-0.000532632,-0.000532632,0
1773774135123,0.0883789,-0.217285,0.990234,0,-0.000532632,0.000532632
1773774135193,0.0878906,-0.218262,0.98584,-0.000532632,-0.00106526,-0.00106526
1773774135274,0.0898438,-0.217773,0.990234,0.000532632,-0.000532632,0
1773774135354,0.0893555,-0.217773,0.985352,-0.000532632,-0.00106526,0.000532632
1773774135425,0.0883789,-0.217285,0.988281,-0.000532632,-0.00106526,-0.000532632
1773774135505,0.0883789,-0.219238,0.986816,0,0,-0.00106526
1773774135586,0.0878906,-0.21582,0.987793,0,-0.0015979,0
1773774135656,0.0869141,-0.219727,0.98877,0,-0.00213053,0
1773774135737,0.0874023,-0.21875,0.988281,-0.000532632,-0.00106526,0
1773774135807,0.0869141,-0.217285,0.989746,-0.000532632,0,0.000532632
1773774135888,0.0859375,-0.219727,0.986816,0,0,0.000532632
1773774135968,0.0874023,-0.219238,0.990234,-0.000532632,-0.0015979,-0.000532632
1773774136039,0.0869141,-0.218262,0.990723,0,-0.000532632,0
1773774136119,0.0893555,-0.216309,0.989258,0.000532632,-0.000532632,0.000532632
1773774136200,0.0869141,-0.215332,0.98877,-0.000532632,-0.000532632,0.000532632
1773774136270,0.0874023,-0.218262,0.987305,-0.000532632,-0.00106526,-0.000532632
1773774136351,0.0883789,-0.216797,0.989746,0,-0.00106526,0
1773774136432,0.0883789,-0.217773,0.989258,0,-0.00106526,0
1773774136502,0.0893555,-0.217285,0.989258,-0.000532632,-0.000532632,-0.000532632
1773774136583,0.0883789,-0.216309,0.987793,0,0,-0.00106526
1773774136664,0.0878906,-0.216309,0.990234,-0.00106526,-0.00106526,-0.000532632
1773774136734,0.0859375,-0.218262,0.989746,-0.000532632,0,0.000532632
1773774136815,0.0888672,-0.216797,0.989258,-0.00106526,-0.000532632,0
1773774136895,0.0883789,-0.216797,0.988281,0.00106526,-0.00106526,0.00106526
1773774136966,0.0893555,-0.218262,0.990234,0,-0.000532632,-0.000532632
1773774137046,0.0864258,-0.218262,0.986328,0,-0.00106526,0.000532632
1773774137117,0.0878906,-0.217773,0.98877,0,-0.00106526,-0.000532632
1773774137197,0.0878906,-0.21875,0.98877,-0.000532632,-0.0015979,0
1773774137278,0.0888672,-0.21875,0.989258,-0.000532632,0,-0.000532632
1773774137348,0.0883789,-0.217285,0.987793,0,0,-0.00106526
1773774137429,0.0874023,-0.217773,0.988281,0,-0.00106526,0.000532632
1773774137510,0.0883789,-0.219238,0.988281,0,0.000532632,0
1773774137580,0.0888672,-0.219238,0.988281,0,-0.00106526,0
1773774137661,0.0893555,-0.219238,0.986328,0,-0.000532632,-0.000532632
1773774137741,0.0878906,-0.218262,0.989258,0,0,0.00106526
1773774137812,0.0883789,-0.216797,0.989746,0.00106526,-0.000532632,-0.000532632
1773774137892,0.0888672,-0.216309,0.988281,-0.00106526,0,-0.000532632
1773774137973,0.0878906,-0.219238,0.988281,0.000532632,-0.000532632,-0.00106526
1773774138043,0.0888672,-0.217285,0.987305,0.000532632,-0.000532632,0
1773774138124,0.0859375,-0.216309,0.988281,0.000532632,-0.000532632,0
1773774138204,0.0883789,-0.219727,0.987793,-0.000532632,0,0
1773774138275,0.0869141,-0.216797,0.987305,-0.0015979,-0.000532632,-0.000532632
1773774138355,0.0869141,-0.216309,0.989746,0,-0.000532632,-0.000532632
1773774138426,0.0888672,-0.216309,0.988281,0,-0.000532632,-0.000532632
1773774138506,0.0864258,-0.216797,0.986816,0,-0.000532632,0
1773774138587,0.0883789,-0.217773,0.98877,0,-0.000532632,0
1773774138658,0.0869141,-0.217773,0.98877,0,-0.000532632,-0.000532632
1773774138738,0.0883789,-0.219727,0.98877,0.000532632,0,-0.00106526
1773774138819,0.0869141,-0.218262,0.988281,0,0,-0.00106526
1773774138889,0.0888672,-0.219238,0.987793,-0.000532632,0,0
1773774138970,0.0874023,-0.217285,0.98877,0.000532632,0,0.000532632
1773774139050,0.0878906,-0.219238,0.986816,-0.000532632,0,0
1773774139121,0.0888672,-0.216309,0.989746,0.000532632,-0.000532632,0.000532632
1773774139201,0.0864258,-0.216797,0.98877,-0.000532632,-0.000532632,-0.000532632
1773774139282,0.0874023,-0.216309,0.987793,0,0,-0.00106526
1773774139352,0.0883789,-0.21582,0.988281,0,-0.0015979,-0.000532632
1773774139433,0.0888672,-0.217285,0.989746,0,-0.00106526,0
1773774139503,0.0874023,-0.217773,0.98877,-0.000532632,-0.000532632,0.00106526
1773774139584,0.0869141,-0.219238,0.987793,0,0,-0.000532632
1773774139664,0.0878906,-0.217285,0.986816,-0.000532632,-0.00106526,0
1773774139735,0.090332,-0.21875,0.989258,0.000532632,-0.00106526,0.000532632
1773774139815,0.0898438,-0.218262,0.987793,-0.000532632,-0.0015979,-0.00106526
1773774139896,0.0898438,-0.218262,0.988281,-0.000532632,-0.000532632,0
1773774139967,0.0883789,-0.217285,0.988281,-0.000532632,-0.000532632,-0.00106526
1773774140048,0.0874023,-0.217773,0.989258,-0.00106526,-0.000532632,-0.000532632
1773774140128,0.0864258,-0.216797,0.989746,0.000532632,0,-0.000532632
1773774140199,0.0874023,-0.214844,0.986816,0.000532632,-0.000532632,0
1773774140279,0.0874023,-0.218262,0.987793,-0.00106526,0,0
1773774140360,0.0888672,-0.216797,0.987793,-0.000532632,-0.000532632,0.00106526
1773774140430,0.0888672,-0.217773,0.987793,0.000532632,-0.0015979,-0.000532632
1773774140511,0.0878906,-0.217285,0.988281,0,-0.000532632,0.000532632
1773774140581,0.0898438,-0.216797,0.988281,0,-0.0015979,0
1773774140662,0.0893555,-0.21875,0.987305,-0.000532632,-0.00106526,0
1773774140743,0.0883789,-0.21582,0.987305,0.000532632,0,0
1773774140813,0.0893555,-0.21875,0.987305,-0.000532632,-0.000532632,0
1773774140893,0.0878906,-0.217285,0.989746,0,-0.0015979,-0.000532632
1773774140974,0.0893555,-0.21582,0.989258,0,0,0
1773774141044,0.0874023,-0.218262,0.988281,0.000532632,-0.000532632,0
1773774141125,0.0878906,-0.216797,0.98877,0.000532632,0,0
1773774141205,0.0869141,-0.219238,0.987305,0,-0.00106526,-0.000532632
1773774141276,0.0874023,-0.217285,0.986328,0,-0.00106526,0.000532632
1773774141356,0.0869141,-0.214355,0.987305,0.00106526,-0.000532632,-0.000532632
1773774141437,0.0869141,-0.218262,0.986816,0.000532632,-0.000532632,0.00106526
1773774141507,0.0893555,-0.216309,0.990234,0,0,-0.000532632
1773774141588,0.0869141,-0.217285,0.989258,0.000532632,-0.000532632,0
1773774141669,0.0893555,-0.216309,0.989746,0,-0.0015979,-0.000532632
1773774141739,0.0883789,-0.217773,0.98877,0,-0.000532632,0.000532632
1773774141820,0.0898438,-0.216797,0.989746,-0.000532632,-0.00106526,-0.000532632
1773774141890,0.0883789,-0.215332,0.98877,0,-0.00106526,0
1773774141971,0.0888672,-0.219727,0.987793,0,-0.00106526,-0.000532632
1773774142051,0.0869141,-0.217773,0.98877,0,-0.000532632,0
1773774142122,0.0878906,-0.216309,0.989746,0,-0.00106526,0
1773774142202,0.0893555,-0.217773,0.987793,-0.000532632,0,-0.000532632
1773774142283,0.0859375,-0.216309,0.987305,-0.000532632,0,0
1773774142353,0.0893555,-0.219238,0.989746,-0.000532632,-0.00106526,0.000532632
1773774142434,0.0864258,-0.218262,0.988281,0,-0.00106526,-0.000532632
1773774142515,0.0869141,-0.218262,0.988281,0,-0.0015979,-0.000532632
1773774142585,0.0874023,-0.215332,0.989258,-0.000532632,-0.000532632,0
1773774142666,0.0869141,-0.218262,0.986816,0,-0.000532632,0.000532632
1773774142746,0.0878906,-0.216797,0.989746,0,-0.00106526,0
1773774142817,0.0888672,-0.21875,0.988281,0,-0.000532632,0.000532632
1773774142897,0.0878906,-0.216797,0.987305,-0.00106526,-0.000532632,-0.000532632
1773774142978,0.0893555,-0.218262,0.98877,-0.000532632,-0.000532632,0
1773774143048,0.0888672,-0.217773,0.987793,-0.000532632,-0.000532632,-0.00106526
1773774143130,0.0883789,-0.216797,0.988281,0,-0.00106526,0
1773774143199,0.0869141,-0.217773,0.988281,0,-0.000532632,-0.000532632
1773774143280,0.0878906,-0.21582,0.98877,0.000532632,-0.000532632,0.000532632
1773774143361,0.0893555,-0.218262,0.988281,0,0,-0.000532632
1773774143431,0.0883789,-0.216797,0.989258,0.000532632,-0.000532632,-0.000532632
1773774143512,0.0888672,-0.217773,0.98877,0.000532632,-0.000532632,0.00106526
1773774143593,0.0859375,-0.218262,0.98877,0,-0.00106526,0.000532632
1773774143663,0.0878906,-0.217285,0.986816,-0.000532632,-0.000532632,0.000532632
1773774143743,0.0883789,-0.216797,0.988281,0,-0.000532632,0.000532632
1773774143824,0.0878906,-0.21875,0.990723,-0.00106526,-0.00106526,-0.00106526
1773774143894,0.0893555,-0.218262,0.98877,0,-0.00106526,0
1773774143975,0.0898438,-0.217773,0.989746,-0.00106526,0,-0.000532632
1773774144055,0.0878906,-0.218262,0.989746,0,-0.000532632,-0.000532632
1773774144126,0.0883789,-0.21875,0.98584,-0.000532632,-0.00106526,-0.00106526
1773774144206,0.0869141,-0.218262,0.990234,-0.000532632,0,0.000532632
1773774144277,0.0878906,-0.21875,0.986816,-0.000532632,-0.000532632,0.000532632
1773774144358,0.0883789,-0.217285,0.988281,-0.000532632,-0.000532632,-0.000532632
1773774144438,0.0878906,-0.217773,0.990234,-0.000532632,0,0
1773774144509,0.0883789,-0.21875,0.98877,-0.00106526,-0.000532632,0.000532632
1773774144589,0.0893555,-0.217773,0.989258,0.000532632,0.000532632,0.000532632
1773774144670,0.0874023,-0.216797,0.98877,-0.000532632,0,0
1773774144741,0.0898438,-0.217285,0.989258,-0.000532632,0,0.000532632
1773774144821,0.0888672,-0.217773,0.988281,0,-0.000532632,0
1773774144901,0.0874023,-0.218262,0.991699,0.0015979,-0.000532632,0.000532632
1773774144972,0.0888672,-0.218262,0.988281,-0.000532632,-0.00106526,-0.000532632
1773774145053,0.0883789,-0.21582,0.987305,0.00106526,0,0
1773774145133,0.0888672,-0.21875,0.989258,-0.000532632,-0.00106526,-0.00106526
1773774145205,0.0874023,-0.217285,0.988281,0,-0.000532632,-0.000532632
1773774145285,0.0878906,-0.219238,0.989746,0.000532632,-0.000532632,0.000532632
1773774145355,0.0883789,-0.217285,0.98877,0,-0.00106526,-0.000532632
1773774145436,0.0874023,-0.217773,0.988281,-0.000532632,-0.000532632,-0.000532632
1773774145516,0.0869141,-0.217285,0.987305,-0.000532632,-0.000532632,0.000532632
1773774145587,0.0888672,-0.216797,0.990234,-0.00106526,0,0
1773774145667,0.0888672,-0.217773,0.987305,0.000532632,-0.00106526,0.000532632
1773774145748,0.0888672,-0.216797,0.990723,0.000532632,-0.000532632,0.00106526
1773774145819,0.0888672,-0.215332,0.98877,-0.000532632,-0.000532632,-0.000532632
1773774145899,0.0888672,-0.217285,0.98877,0.000532632,-0.0015979,-0.000532632
1773774145979,0.0893555,-0.214844,0.991211,-0.000532632,-0.000532632,-0.000532632
1773774146050,0.0874023,-0.217285,0.990234,0,-0.00106526,0.00106526
1773774146130,0.0893555,-0.220215,0.988281,0,0,-0.000532632
1773774146211,0.0883789,-0.216309,0.987305,0,-0.00106526,-0.000532632
1773774146282,0.0869141,-0.218262,0.987305,0.000532632,-0.000532632,0.000532632
1773774146363,0.0878906,-0.216797,0.989746,-0.000532632,-0.0015979,0.000532632
1773774146443,0.0878906,-0.216797,0.986328,0.00106526,-0.00106526,0
1773774146513,0.0893555,-0.216797,0.987793,-0.000532632,-0.000532632,-0.000532632
1773774146594,0.0908203,-0.217773,0.988281,-0.000532632,-0.00106526,0.000532632
1773774146664,0.0874023,-0.21875,0.987305,-0.00106526,-0.000532632,0.000532632
1773774146745,0.0874023,-0.216309,0.989746,0,0,0.000532632
1773774146825,0.0883789,-0.217285,0.989746,-0.00106526,-0.000532632,-0.000532632
1773774146896,0.0874023,-0.217285,0.989746,0.000532632,0,-0.000532632
1773774146976,0.0864258,-0.215332,0.987793,-0.000532632,-0.00106526,-0.000532632
1773774147057,0.0869141,-0.217285,0.989258,-0.000532632,0,0.000532632
1773774147127,0.0883789,-0.217773,0.986328,0,-0.000532632,0
1773774147208,0.0878906,-0.216797,0.987305,0,-0.000532632,0
1773774147288,0.0878906,-0.218262,0.989258,-0.000532632,0,0
1773774147359,0.0878906,-0.216797,0.98877,-0.000532632,-0.00106526,0
1773774147441,0.0883789,-0.215332,0.989746,0.000532632,-0.00106526,-0.00106526
1773774147520,0.0893555,-0.21582,0.989258,-0.00106526,-0.0015979,-0.000532632
1773774147591,0.0888672,-0.216797,0.988281,0.00106526,-0.00106526,0
1773774147671,0.0883789,-0.217773,0.989258,0.00106526,-0.000532632,0
1773774147752,0.0859375,-0.21875,0.988281,-0.00106526,-0.000532632,0
1773774147822,0.0864258,-0.217285,0.988281,0,0,0.000532632
1773774147903,0.0869141,-0.21582,0.989746,0,0.000532632,0.000532632
1773774147973,0.0878906,-0.216797,0.988281,0.000532632,-0.00106526,0.000532632
1773774148054,0.0874023,-0.216309,0.988281,0,0,0.00106526
1773774148134,0.0893555,-0.21582,0.989258,0,-0.000532632,0
1773774148205,0.0883789,-0.216797,0.989258,-0.000532632,-0.00106526,0
1773774148286,0.0869141,-0.21582,0.986328,0,-0.00106526,-0.000532632
1773774148366,0.0893555,-0.217285,0.987793,-0.000532632,-0.000532632,0
1773774148436,0.0878906,-0.21582,0.990723,-0.000532632,-0.00106526,0
1773774148517,0.0874023,-0.216309,0.987305,0.0015979,-0.000532632,0
1773774148598,0.0869141,-0.218262,0.989258,0,-0.000532632,0.00106526
1773774148668,0.0878906,-0.217773,0.987793,0,-0.0015979,0.000532632
1773774148749,0.0878906,-0.216309,0.987793,0,-0.000532632,0
1773774148829,0.0864258,-0.21582,0.987793,0.000532632,-0.000532632,0.00106526
1773774148900,0.0883789,-0.216797,0.986328,0.000532632,-0.000532632,0
1773774148980,0.0898438,-0.217773,0.988281,-0.000532632,0,-0.000532632
1773774149061,0.0878906,-0.217285,0.988281,0.00106526,0,-0.000532632
1773774149131,0.0874023,-0.220215,0.987305,0,-0.000532632,0
1773774149212,0.0874023,-0.217285,0.990234,0.000532632,0,0.000532632
1773774149282,0.0869141,-0.217773,0.986816,0,-0.0015979,-0.00106526
1773774149363,0.0878906,-0.217773,0.988281,0,-0.00106526,0
1773774149443,0.0878906,-0.21582,0.990234,0.000532632,-0.0015979,0
1773774149514,0.0883789,-0.217773,0.987793,0,0.000532632,0.000532632
1773774149594,0.0883789,-0.21875,0.987305,0.000532632,-0.00106526,0
1773774149675,0.0874023,-0.218262,0.986328,0.000532632,-0.000532632,-0.000532632
1773774149746,0.0874023,-0.21582,0.98877,0.00106526,-0.000532632,0
1773774149826,0.0883789,-0.218262,0.989746,0.00106526,0,0
1773774149907,0.0883789,-0.217773,0.98877,0.000532632,-0.000532632,0
1773774149977,0.0859375,-0.215332,0.98877,0,0,0
1773774150058,0.0864258,-0.216797,0.987793,-0.000532632,-0.00106526,0
1773774150139,0.0878906,-0.217285,0.987305,0,-0.00106526,0
1773774150209,0.0864258,-0.219238,0.988281,0,-0.00106526,0.000532632
1773774150290,0.0883789,-0.216797,0.98877,-0.000532632,-0.000532632,0.000532632
1773774150360,0.0864258,-0.218262,0.987793,-0.00106526,-0.00106526,0.000532632
1773774150441,0.0874023,-0.215332,0.989258,0,-0.00106526,0
1773774150521,0.0869141,-0.217285,0.988281,0,-0.000532632,0
1773774150592,0.0878906,-0.216797,0.987793,0.000532632,0,-0.000532632
1773774150672,0.0874023,-0.217285,0.989258,-0.00106526,-0.000532632,-0.00106526
1773774150753,0.0878906,-0.21875,0.988281,-0.00106526,-0.00106526,0
1773774150825,0.0869141,-0.217773,0.989258,0,0,0
1773774150906,0.0893555,-0.218262,0.990723,0,-0.00106526,0.000532632
1773774150984,0.0854492,-0.219238,0.988281,0,0,-0.00106526
1773774151056,0.0883789,-0.216797,0.987793,0,-0.00106526,-0.000532632
1773774151135,0.0893555,-0.21875,0.987793,0,-0.000532632,0.000532632
1773774151216,0.0883789,-0.217773,0.98877,0,-0.000532632,0
1773774151286,0.0893555,-0.21875,0.986816,-0.000532632,-0.000532632,0.0015979
1773774151367,0.0878906,-0.218262,0.986816,0,0,-0.00106526
1773774151448,0.0883789,-0.218262,0.988281,0,-0.000532632,-0.00106526
1773774151518,0.0859375,-0.21875,0.989746,0,-0.000532632,0.000532632
1773774151599,0.0893555,-0.21875,0.988281,0,0,-0.00106526
1773774151669,0.0878906,-0.216797,0.98877,-0.000532632,-0.000532632,-0.000532632
1773774151750,0.0888672,-0.217285,0.98877,0,-0.000532632,0.000532632
1773774151830,0.0874023,-0.217285,0.986816,0.000532632,-0.000532632,-0.000532632
1773774151901,0.0888672,-0.215332,0.987793,0.00106526,-0.000532632,-0.00106526
1773774151981,0.0888672,-0.218262,0.98877,-0.000532632,-0.00106526,0.00106526
1773774152062,0.0874023,-0.217773,0.989746,0,-0.000532632,0.000532632
1773774152132,0.0874023,-0.217285,0.98584,0,-0.00106526,0.000532632
1773774152213,0.0878906,-0.217773,0.988281,0,-0.00106526,0.000532632
1773774152293,0.0878906,-0.217285,0.987793,-0.000532632,-0.000532632,0.000532632
1773774152364,0.0874023,-0.217773,0.987793,-0.000532632,-0.00106526,0
1773774152444,0.0883789,-0.216309,0.987793,0.000532632,-0.000532632,-0.000532632
1773774152525,0.0859375,-0.217773,0.98877,0,-0.00106526,0.0015979
1773774152595,0.0883789,-0.217773,0.988281,0.000532632,-0.00106526,0.000532632
1773774152676,0.0888672,-0.216797,0.98877,0.000532632,-0.00106526,-0.000532632
1773774152746,0.0874023,-0.217773,0.988281,0,-0.0015979,0
1773774152827,0.0888672,-0.216797,0.987305,-0.000532632,-0.00213053,-0.000532632
1773774152908,0.0874023,-0.21582,0.987793,0,-0.00106526,0.000532632
1773774152978,0.0878906,-0.217773,0.987793,-0.000532632,-0.000532632,-0.00106526
1773774153058,0.0878906,-0.21875,0.988281,-0.000532632,-0.000532632,-0.000532632
1773774153139,0.0874023,-0.216309,0.98877,-0.000532632,0.000532632,0.000532632
1773774153210,0.0883789,-0.219727,0.990723,0.000532632,-0.000532632,0
1773774153290,0.0874023,-0.218262,0.987305,0.000532632,0,0.000532632
1773774153371,0.0883789,-0.216797,0.988281,-0.000532632,-0.000532632,-0.000532632
1773774153441,0.0883789,-0.218262,0.988281,0.000532632,-0.00106526,-0.00106526
1773774153522,0.0883789,-0.218262,0.989258,0.000532632,-0.00213053,0
1773774153602,0.0869141,-0.216797,0.989746,0.000532632,-0.0015979,0
1773774153673,0.0869141,-0.215332,0.988281,0,0,0.000532632
1773774153754,0.0878906,-0.216797,0.989746,0,-0.000532632,0
1773774153834,0.0898438,-0.216797,0.990234,0,-0.000532632,0.000532632
1773774153905,0.0883789,-0.217773,0.989258,0,-0.00106526,-0.000532632
1773774153985,0.0888672,-0.217773,0.986816,0,-0.00106526,0
1773774154066,0.0878906,-0.217285,0.987305,-0.000532632,0,-0.000532632
1773774154136,0.0883789,-0.217773,0.990234,0,-0.0015979,0
1773774154217,0.0893555,-0.21582,0.986328,0.000532632,-0.00106526,-0.00106526
1773774154287,0.0869141,-0.215332,0.989258,-0.000532632,-0.00106526,0
1773774154368,0.0898438,-0.216797,0.989746,-0.000532632,-0.00106526,-0.000532632
1773774154448,0.0878906,-0.216797,0.987305,-0.00106526,-0.000532632,0
1773774154519,0.0878906,-0.217773,0.988281,-0.000532632,-0.000532632,0.000532632
1773774154599,0.0874023,-0.216797,0.989258,0,0,-0.000532632
1773774154680,0.0883789,-0.217773,0.98877,0,-0.000532632,-0.000532632
1773774154750,0.0878906,-0.216797,0.989258,-0.000532632,-0.000532632,0.000532632
1773774154831,0.0869141,-0.216797,0.987793,0.000532632,0,0.000532632
1773774154911,0.0883789,-0.217285,0.98877,0,-0.000532632,0
1773774154982,0.0874023,-0.216797,0.987305,0,-0.000532632,-0.000532632
1773774155062,0.0893555,-0.216797,0.988281,-0.000532632,-0.000532632,-0.00106526
1773774155143,0.0869141,-0.218262,0.98877,-0.000532632,0,-0.00106526
1773774155213,0.0869141,-0.21875,0.989258,0.00106526,-0.00106526,-0.000532632
1773774155294,0.0878906,-0.217285,0.98877,-0.00106526,-0.000532632,0
1773774155375,0.0878906,-0.21582,0.98877,0.000532632,-0.000532632,0.000532632
1773774155445,0.0883789,-0.216309,0.987305,0,-0.00106526,0
1773774155526,0.0869141,-0.216797,0.98877,0,0.000532632,0.000532632
1773774155606,0.0869141,-0.216797,0.987793,0,-0.000532632,0.00106526
1773774155677,0.0883789,-0.216797,0.986816,-0.000532632,-0.00106526,0
1773774155757,0.0854492,-0.216797,0.986816,-0.000532632,-0.00106526,-0.000532632
1773774155828,0.0883789,-0.216797,0.988281,0.000532632,-0.000532632,0
1773774155908,0.0869141,-0.21875,0.988281,0.000532632,-0.00106526,0.000532632
1773774155989,0.0878906,-0.217773,0.988281,0.000532632,-0.00106526,0.000532632
1773774156059,0.0869141,-0.217285,0.988281,-0.000532632,0,-0.000532632
1773774156140,0.0898438,-0.215332,0.987305,0,0,0.000532632
1773774156220,0.0874023,-0.216797,0.98877,0,-0.00106526,0.000532632
1773774156291,0.0893555,-0.218262,0.98877,-0.000532632,-0.00106526,0
1773774156371,0.0878906,-0.21875,0.989258,0.000532632,-0.00106526,0
1773774156452,0.0878906,-0.218262,0.989258,-0.00106526,-0.00106526,-0.000532632
1773774156522,0.0878906,-0.218262,0.988281,-0.000532632,-0.00106526,0
1773774156603,0.0878906,-0.216797,0.987793,0,-0.00213053,0.000532632
1773774156684,0.0859375,-0.215332,0.987793,0,-0.00106526,0.00106526
1773774156754,0.0864258,-0.216797,0.988281,-0.0015979,-0.000532632,0.000532632
1773774156835,0.0878906,-0.216309,0.988281,-0.000532632,-0.000532632,-0.000532632
1773774156915,0.0878906,-0.217773,0.987793,-0.00106526,-0.00106526,0
1773774156986,0.0869141,-0.216797,0.987793,0,0,0.00106526
1773774157066,0.0893555,-0.216797,0.989746,-0.000532632,0,0.00106526
1773774157137,0.0883789,-0.21582,0.987305,0.000532632,-0.000532632,-0.00106526
1773774157217,0.0878906,-0.217773,0.987793,0,-0.000532632,0
1773774157298,0.0854492,-0.217773,0.98877,0.00106526,-0.000532632,0.000532632
1773774157369,0.0878906,-0.217773,0.987305,-0.00106526,-0.000532632,0
1773774157449,0.0898438,-0.217285,0.988281,-0.00106526,-0.00106526,-0.000532632
1773774157529,0.0854492,-0.21875,0.988281,0,-0.000532632,0.000532632
1773774157600,0.0883789,-0.216309,0.986816,-0.00106526,-0.00106526,-0.000532632
1773774157680,0.0893555,-0.217285,0.985352,-0.00106526,-0.00106526,-0.000532632
1773774157761,0.0883789,-0.215332,0.987305,-0.000532632,-0.00106526,-0.00106526
1773774157832,0.0878906,-0.216797,0.989258,-0.000532632,-0.000532632,-0.000532632
1773774157912,0.0878906,-0.216797,0.989258,-0.00106526,-0.000532632,-0.0015979
1773774157993,0.0883789,-0.216797,0.98877,0,-0.00106526,0
1773774158063,0.0883789,-0.219727,0.989746,0.000532632,0,-0.000532632
1773774158143,0.0864258,-0.217285,0.98877,-0.000532632,-0.00106526,-0.000532632
1773774158224,0.0869141,-0.217285,0.988281,0,-0.0015979,0.000532632
1773774158294,0.0898438,-0.218262,0.988281,-0.000532632,-0.0015979,-0.000532632
1773774158375,0.0878906,-0.21875,0.988281,0.000532632,-0.00106526,-0.000532632
1773774158446,0.0874023,-0.216309,0.988281,0,0,0.000532632
1773774158526,0.0878906,-0.216797,0.98877,-0.000532632,-0.000532632,0.000532632
1773774158607,0.0859375,-0.217773,0.98877,-0.000532632,-0.000532632,0.000532632
1773774158677,0.0864258,-0.217773,0.988281,-0.00106526,-0.00106526,0
1773774158758,0.0883789,-0.217285,0.988281,-0.000532632,-0.00106526,0
1773774158838,0.0869141,-0.219238,0.988281,-0.000532632,-0.00106526,0
1773774158909,0.0878906,-0.216309,0.987793,0,-0.00106526,0.000532632
1773774158989,0.0878906,-0.215332,0.989258,0,-0.00106526,0.000532632
1773774159070,0.0859375,-0.216797,0.989258,0,-0.000532632,-0.000532632
1773774159140,0.0883789,-0.217773,0.989746,0.000532632,0.00106526,-0.000532632
1773774159221,0.0883789,-0.217773,0.98877,-0.000532632,-0.000532632,0
1773774159301,0.0874023,-0.219727,0.988281,-0.000532632,-0.000532632,0.000532632
1773774159372,0.0878906,-0.216797,0.987305,0.000532632,0,0.000532632
1773774159452,0.0874023,-0.217285,0.989258,-0.00106526,-0.00106526,0
1773774159533,0.0874023,-0.217773,0.987793,0.000532632,0,-0.000532632
1773774159603,0.0888672,-0.216797,0.987305,-0.000532632,0.000532632,0
1773774159684,0.0874023,-0.216797,0.98877,-0.000532632,-0.000532632,-0.000532632
1773774159764,0.0888672,-0.216797,0.988281,0,-0.0015979,0
1773774159835,0.0874023,-0.219238,0.989746,0,-0.00106526,-0.000532632
1773774159916,0.0883789,-0.214355,0.990723,0,-0.00106526,-0.000532632
1773774159986,0.090332,-0.217773,0.989746,0,-0.000532632,-0.00106526
1773774160067,0.0874023,-0.217285,0.989258,-0.0015979,0,-0.00106526
1773774160147,0.0883789,-0.217285,0.986328,0,-0.000532632,0.000532632
1773774160218,0.0893555,-0.217773,0.988281,0,-0.00106526,0.00106526
1773774160298,0.0888672,-0.215332,0.98877,0,-0.000532632,-0.000532632
1773774160379,0.0874023,-0.216797,0.988281,0,-0.0015979,0.000532632
1773774160449,0.0859375,-0.216797,0.988281,0,-0.0015979,-0.00106526
1773774160530,0.0878906,-0.217285,0.987305,0,-0.00106526,-0.000532632
1773774160610,0.0878906,-0.218262,0.989258,-0.000532632,-0.00106526,0.000532632
1773774160681,0.0883789,-0.218262,0.98877,0.000532632,0.000532632,-0.000532632
1773774160763,0.0883789,-0.217773,0.98877,-0.000532632,-0.000532632,-0.000532632
1773774160842,0.0874023,-0.218262,0.987305,0.00106526,-0.0015979,0.000532632
1773774160913,0.0908203,-0.217773,0.987305,0,-0.000532632,-0.00106526
1773774160993,0.0849609,-0.215332,0.989746,-0.000532632,-0.00106526,0.000532632
1773774161064,0.0878906,-0.216797,0.987793,0,-0.00106526,0
1773774161144,0.0874023,-0.216309,0.988281,0.000532632,-0.00106526,0
1773774161225,0.0878906,-0.217285,0.988281,0,-0.000532632,0
1773774161295,0.0893555,-0.217773,0.98877,0,-0.0015979,-0.000532632
1773774161376,0.0883789,-0.216797,0.986328,-0.00106526,0,-0.000532632
1773774161457,0.0874023,-0.217773,0.988281,0.00106526,-0.000532632,-0.0015979
1773774161527,0.0869141,-0.217773,0.987793,0.000532632,-0.00106526,0
1773774161608,0.0888672,-0.219238,0.986328,-0.000532632,-0.00106526,0
1773774161688,0.0869141,-0.217773,0.988281,-0.000532632,-0.000532632,0
1773774161759,0.0869141,-0.217285,0.987305,0,-0.000532632,0.000532632
1773774161839,0.0874023,-0.214844,0.988281,0,-0.000532632,0
1773774161920,0.0874023,-0.217773,0.98877,-0.000532632,-0.000532632,0
1773774161990,0.0878906,-0.216797,0.98877,0,0,0
1773774162071,0.0874023,-0.217773,0.989258,0,-0.000532632,-0.000532632
1773774162151,0.0869141,-0.218262,0.98877,0.00106526,-0.000532632,-0.000532632
1773774162222,0.0869141,-0.218262,0.986816,-0.000532632,-0.000532632,-0.000532632
1773774162302,0.0888672,-0.218262,0.988281,0,0,-0.000532632
1773774162373,0.0883789,-0.21875,0.98877,0,-0.000532632,0
1773774162453,0.0869141,-0.219238,0.987793,0.000532632,-0.00106526,-0.00106526
1773774162534,0.0874023,-0.216309,0.987793,0.000532632,0,0
1773774162604,0.0883789,-0.216797,0.987793,-0.000532632,-0.00106526,-0.000532632
1773774162685,0.0869141,-0.218262,0.988281,0,-0.000532632,0.000532632
1773774162765,0.0893555,-0.217285,0.988281,0,0.000532632,0.000532632
1773774162836,0.0888672,-0.21582,0.987305,0.000532632,-0.000532632,-0.000532632
1773774162916,0.0878906,-0.217773,0.986816,-0.00106526,0,0.000532632
1773774162997,0.0883789,-0.217285,0.990234,-0.000532632,-0.00106526,-0.000532632
1773774163067,0.0878906,-0.21582,0.987305,0.000532632,-0.00106526,-0.000532632
1773774163148,0.0854492,-0.21875,0.988281,0,0,0
1773774163229,0.0878906,-0.216797,0.98877,-0.000532632,-0.00106526,-0.000532632
1773774163299,0.0878906,-0.218262,0.988281,0,-0.000532632,-0.000532632
1773774163380,0.0888672,-0.21582,0.988281,0,-0.000532632,-0.00106526
1773774163460,0.0893555,-0.216797,0.98877,0.000532632,-0.000532632,-0.000532632
1773774163531,0.0864258,-0.215332,0.988281,0.00106526,-0.000532632,0
1773774163611,0.0888672,-0.216309,0.98877,-0.000532632,-0.0015979,0.00106526
1773774163682,0.0883789,-0.214844,0.987793,0.000532632,-0.000532632,0.000532632
1773774163764,0.0878906,-0.217285,0.987793,0.000532632,-0.00106526,0
1773774163843,0.0878906,-0.21582,0.987793,-0.000532632,0,0.0015979
1773774163914,0.0869141,-0.218262,0.986816,0,-0.00106526,-0.000532632
1773774163994,0.0883789,-0.214844,0.987305,-0.00106526,-0.000532632,-0.000532632
1773774164075,0.0883789,-0.216797,0.987305,-0.000532632,-0.000532632,0.000532632
1773774164145,0.0878906,-0.218262,0.989258,-0.000532632,0.000532632,-0.000532632
1773774164226,0.0859375,-0.214844,0.98877,0,0,0
1773774164307,0.0878906,-0.217773,0.98877,-0.000532632,-0.000532632,0
1773774164378,0.0874023,-0.217773,0.988281,0.00106526,-0.00106526,-0.000532632
1773774164458,0.0888672,-0.21582,0.989258,-0.00106526,-0.00106526,0
1773774164529,0.0869141,-0.219238,0.987793,-0.000532632,0,0.000532632
1773774164609,0.0888672,-0.21582,0.990234,0.000532632,0,-0.000532632
1773774164690,0.0878906,-0.21582,0.988281,0,-0.000532632,0
1773774164760,0.0893555,-0.216797,0.989746,-0.000532632,-0.000532632,-0.00106526
1773774164841,0.090332,-0.218262,0.987793,0.000532632,-0.0015979,-0.000532632
1773774164922,0.0869141,-0.217773,0.98877,0,-0.00266316,0
1773774164992,0.0864258,-0.216797,0.989258,-0.000532632,-0.000532632,-0.000532632
1773774165073,0.0883789,-0.21875,0.987793,-0.000532632,-0.00106526,0.000532632
1773774165153,0.0869141,-0.217773,0.98877,-0.000532632,-0.0015979,0
1773774165224,0.0883789,-0.216309,0.98877,0,0,-0.00106526
1773774165304,0.0888672,-0.217773,0.989258,-0.000532632,-0.000532632,0
1773774165385,0.0888672,-0.216309,0.987793,0,0,-0.000532632
1773774165456,0.0883789,-0.217773,0.988281,0,-0.000532632,0.00106526
1773774165536,0.0864258,-0.217285,0.98877,-0.000532632,-0.000532632,0.000532632
1773774165617,0.0888672,-0.217773,0.98877,-0.000532632,0,0
1773774165688,0.0888672,-0.217285,0.98877,0,0,-0.000532632
1773774165768,0.0874023,-0.217285,0.989258,0.000532632,-0.00106526,-0.000532632
1773774165838,0.0874023,-0.218262,0.989258,0.000532632,-0.00106526,0
1773774165919,0.0898438,-0.216797,0.989258,0,-0.0015979,-0.000532632
1773774165999,0.0888672,-0.216797,0.988281,-0.000532632,-0.000532632,-0.000532632
1773774166070,0.0864258,-0.218262,0.987793,0,-0.000532632,0.000532632
1773774166150,0.0883789,-0.218262,0.98877,0,-0.00106526,0
1773774166231,0.0869141,-0.217285,0.987793,-0.000532632,-0.000532632,0
1773774166302,0.0893555,-0.21875,0.988281,0.000532632,-0.000532632,0.000532632
1773774166382,0.0874023,-0.218262,0.98877,0.000532632,-0.000532632,-0.000532632
1773774166463,0.0874023,-0.216309,0.987793,0,-0.000532632,-0.000532632
1773774166534,0.0883789,-0.215332,0.987793,-0.000532632,-0.000532632,0.0015979
1773774166614,0.0898438,-0.217773,0.987305,0,0,0
1773774166695,0.0898438,-0.21875,0.987793,-0.000532632,-0.000532632,-0.000532632
1773774166766,0.0883789,-0.216309,0.987305,-0.000532632,0.000532632,-0.000532632
1773774166846,0.0874023,-0.217773,0.988281,0.000532632,0,-0.000532632
1773774166926,0.0859375,-0.216309,0.98877,0,-0.00106526,-0.000532632
1773774166997,0.0869141,-0.21875,0.987793,0,0,0.000532632
1773774167077,0.0874023,-0.218262,0.986328,0.000532632,-0.000532632,0.000532632
1773774167148,0.0888672,-0.217285,0.986816,0.000532632,-0.000532632,-0.000532632
1773774167228,0.0893555,-0.21582,0.987793,0.00106526,0,-0.000532632
1773774167309,0.0854492,-0.216309,0.989258,0.000532632,-0.000532632,0.000532632
1773774167379,0.0874023,-0.218262,0.98877,0.000532632,-0.00106526,0.000532632
1773774167460,0.0864258,-0.218262,0.989746,0.000532632,0,0.000532632
1773774167541,0.0898438,-0.21875,0.987793,0,-0.00106526,0.000532632
1773774167611,0.0869141,-0.21582,0.986328,0.000532632,0,0.000532632
1773774167692,0.0869141,-0.217773,0.98877,-0.00106526,0,-0.000532632
1773774167772,0.0864258,-0.217285,0.987793,-0.000532632,0,0
1773774167843,0.0893555,-0.217285,0.986328,0.000532632,-0.000532632,0
1773774167923,0.0888672,-0.21582,0.987305,0,0,0.000532632
1773774168004,0.0869141,-0.217773,0.989258,0.000532632,-0.000532632,0.000532632
1773774168074,0.0883789,-0.216309,0.990234,0.000532632,-0.00106526,-0.000532632
1773774168155,0.0893555,-0.216309,0.988281,0,-0.000532632,-0.000532632
1773774168225,0.0883789,-0.21582,0.988281,0.000532632,-0.000532632,0
1773774168306,0.0878906,-0.216797,0.989746,0,-0.00106526,0
1773774168387,0.0869141,-0.216797,0.987305,0,0,0
1773774168457,0.0888672,-0.218262,0.98877,0.000532632,-0.00106526,-0.00106526
1773774168538,0.0869141,-0.217773,0.988281,0.000532632,-0.000532632,0
1773774168618,0.0849609,-0.216309,0.989746,0.000532632,-0.000532632,-0.00106526
1773774168689,0.0888672,-0.216797,0.987793,-0.00106526,0,-0.000532632
1773774168769,0.0864258,-0.220215,0.989746,-0.000532632,0.000532632,-0.000532632
1773774168850,0.0874023,-0.218262,0.986816,-0.000532632,-0.0015979,-0.000532632
1773774168920,0.0869141,-0.217285,0.987305,-0.000532632,-0.000532632,-0.000532632
1773774169001,0.0864258,-0.21582,0.988281,0,0.000532632,0
1773774169081,0.0869141,-0.217773,0.988281,0.000532632,-0.00106526,-0.000532632
1773774169152,0.0878906,-0.21875,0.987305,-0.000532632,0.000532632,-0.000532632
1773774169233,0.0883789,-0.216797,0.989258,0,-0.000532632,-0.000532632
1773774169303,0.0869141,-0.217773,0.990234,0,0,0
1773774169383,0.0888672,-0.217285,0.987793,0,0,0.000532632
1773774169464,0.0859375,-0.217285,0.986816,0,0,-0.000532632
1773774169534,0.0883789,-0.218262,0.986816,0,-0.000532632,0.000532632
1773774169615,0.0864258,-0.216797,0.98877,0,-0.00106526,-0.000532632
1773774169695,0.0878906,-0.217285,0.987305,0.000532632,-0.00106526,-0.000532632
1773774169766,0.0893555,-0.217773,0.991211,0,-0.0015979,0
1773774169847,0.0859375,-0.21875,0.986816,0,0,-0.000532632
1773774169927,0.0883789,-0.216309,0.988281,0,0,0.000532632
1773774169998,0.0878906,-0.21582,0.98877,0,-0.00106526,0
1773774170078,0.0878906,-0.216797,0.990234,0.000532632,-0.000532632,0
1773774170159,0.0864258,-0.216309,0.988281,0.000532632,-0.0015979,0
1773774170229,0.0849609,-0.216309,0.98877,0.000532632,-0.00106526,0
1773774170310,0.0878906,-0.218262,0.986816,0,-0.00106526,-0.000532632
1773774170390,0.0898438,-0.219727,0.989746,0.000532632,-0.000532632,0.000532632
1773774170461,0.0869141,-0.217285,0.986816,0.000532632,-0.000532632,0
1773774170541,0.0869141,-0.216309,0.989258,0,-0.0015979,-0.000532632
1773774170622,0.0893555,-0.217773,0.988281,0,-0.000532632,-0.000532632
1773774170693,0.0893555,-0.218262,0.991211,-0.000532632,-0.00106526,0.000532632
1773774170773,0.0859375,-0.21875,0.987305,0,-0.00106526,0
1773774170843,0.0864258,-0.216797,0.986816,-0.00106526,-0.000532632,0.00106526
1773774170924,0.0878906,-0.219727,0.991211,0,-0.0015979,0
1773774171004,0.0874023,-0.217285,0.98877,-0.00106526,-0.00106526,0
1773774171075,0.0883789,-0.217773,0.98877,0.000532632,-0.000532632,0.000532632
1773774171156,0.0878906,-0.217773,0.98877,-0.000532632,-0.000532632,-0.000532632
1773774171236,0.0888672,-0.21582,0.989258,0,-0.000532632,0
1773774171307,0.0888672,-0.216797,0.990234,0,0,0.000532632
1773774171387,0.0883789,-0.216797,0.987793,0.000532632,-0.00106526,0.000532632
1773774171468,0.0878906,-0.216309,0.98877,0,-0.000532632,0
1773774171538,0.0874023,-0.217773,0.987305,-0.000532632,-0.000532632,0.000532632
1773774171619,0.0869141,-0.217773,0.988281,-0.000532632,-0.000532632,0
1773774171699,0.0874023,-0.215332,0.986816,0,-0.000532632,0.000532632
1773774171770,0.0883789,-0.219238,0.987793,0,-0.00106526,0
1773774171850,0.0888672,-0.216797,0.989746,0,-0.00106526,-0.000532632
1773774171931,0.0898438,-0.218262,0.987305,0,-0.000532632,-0.000532632
1773774172001,0.0874023,-0.216797,0.988281,-0.000532632,-0.000532632,0.0015979
1773774172082,0.0888672,-0.216309,0.987305,0.000532632,-0.000532632,0.000532632
1773774172162,0.0878906,-0.217773,0.988281,0,-0.0015979,0.000532632
1773774172233,0.0878906,-0.21582,0.987793,0.000532632,-0.00106526,0
1773774172313,0.0898438,-0.216797,0.98877,0.000532632,-0.00106526,0
1773774172384,0.0878906,-0.216797,0.98877,0,-0.000532632,0
1773774172464,0.0888672,-0.21582,0.98877,0.000532632,-0.000532632,0
1773774172545,0.0883789,-0.217285,0.988281,-0.000532632,-0.00106526,-0.000532632
1773774172616,0.0888672,-0.21875,0.988281,0,-0.00106526,0
1773774172696,0.0874023,-0.217773,0.987793,-0.000532632,-0.000532632,0
1773774172777,0.0883789,-0.217285,0.987793,0,-0.00106526,-0.000532632
1773774172847,0.0874023,-0.21582,0.987793,0.000532632,0,0
1773774172928,0.0883789,-0.218262,0.986816,-0.000532632,-0.00106526,0
1773774173008,0.0869141,-0.21875,0.988281,-0.00106526,-0.000532632,-0.000532632
1773774173079,0.0883789,-0.216797,0.987305,-0.000532632,-0.0015979,-0.000532632
1773774173159,0.0883789,-0.216797,0.988281,-0.000532632,0,0
1773774173240,0.0878906,-0.216797,0.990234,0,-0.0015979,0
1773774173310,0.0893555,-0.217285,0.989258,0,-0.000532632,0.0015979
1773774173391,0.0864258,-0.214844,0.988281,0.000532632,0,0
1773774173461,0.0869141,-0.215332,0.988281,-0.000532632,-0.000532632,0
1773774173542,0.0874023,-0.219238,0.989258,-0.00106526,-0.00106526,0.00106526
1773774173623,0.0869141,-0.21875,0.98877,0,-0.000532632,0.00106526
1773774173693,0.0874023,-0.218262,0.989258,0,0,-0.000532632
1773774173774,0.0898438,-0.217285,0.988281,0,0,-0.000532632
1773774173854,0.0878906,-0.21582,0.990723,0.000532632,-0.000532632,0
1773774173925,0.0874023,-0.217773,0.987305,-0.000532632,-0.00106526,0
1773774174005,0.0874023,-0.21875,0.989746,-0.000532632,-0.000532632,-0.00106526
1773774174086,0.0888672,-0.217773,0.98877,-0.000532632,-0.00106526,-0.000532632
1773774174156,0.0888672,-0.217285,0.987793,-0.000532632,0,-0.00106526
1773774174237,0.0888672,-0.216797,0.991211,0,0,-0.000532632
1773774174317,0.0893555,-0.215332,0.986328,-0.00106526,0,0.000532632
1773774174388,0.0869141,-0.217773,0.987305,0,0,-0.000532632
1773774174468,0.0874023,-0.218262,0.987793,0,-0.00106526,-0.000532632
1773774174549,0.0878906,-0.216797,0.986816,0,-0.00106526,-0.000532632
1773774174620,0.0854492,-0.217285,0.98877,0.000532632,0,0.0015979
1773774174700,0.0888672,-0.21582,0.987793,-0.000532632,-0.00106526,0
1773774174770,0.0893555,-0.217285,0.986328,0,0,0
1773774174851,0.0874023,-0.216309,0.989746,0.000532632,-0.00106526,-0.00106526
1773774174931,0.0893555,-0.216309,0.987793,-0.00106526,-0.00106526,0.000532632
1773774175002,0.0874023,-0.217773,0.988281,-0.000532632,-0.000532632,0.000532632
1773774175082,0.0869141,-0.215332,0.986816,0.00106526,-0.00106526,-0.000532632
1773774175163,0.0869141,-0.21582,0.98877,-0.000532632,0,0.00106526
1773774175234,0.0888672,-0.217285,0.987305,-0.000532632,-0.000532632,0.000532632
1773774175314,0.0878906,-0.21875,0.987793,-0.000532632,-0.000532632,0.00106526
1773774175395,0.0878906,-0.217285,0.989258,0,-0.000532632,0.000532632
1773774175465,0.0874023,-0.217285,0.98877,-0.000532632,-0.00106526,0
1773774175546,0.0869141,-0.216797,0.988281,-0.0015979,-0.00106526,-0.00106526
1773774175626,0.0883789,-0.216797,0.987305,0.000532632,-0.000532632,0
1773774175697,0.0878906,-0.216309,0.987305,-0.000532632,-0.0015979,-0.000532632
1773774175777,0.0888672,-0.219238,0.98877,-0.000532632,-0.00106526,0
1773774175858,0.0893555,-0.217285,0.987305,0.000532632,-0.000532632,0.000532632
1773774175928,0.0874023,-0.217285,0.988281,0,-0.000532632,0
1773774176009,0.0869141,-0.217773,0.987793,-0.000532632,-0.000532632,0
1773774176079,0.0859375,-0.216309,0.98877,0,-0.00106526,-0.00106526
1773774176161,0.0864258,-0.216309,0.98877,0,-0.000532632,0
1773774176242,0.0883789,-0.217285,0.987305,0,-0.00106526,0
1773774176311,0.0864258,-0.217773,0.987305,0,-0.000532632,0.000532632
1773774176392,0.0874023,-0.219238,0.989746,0,-0.0015979,0.00106526
1773774176472,0.0874023,-0.217285,0.987305,0,0,0.000532632
1773774176543,0.0893555,-0.21875,0.989258,-0.000532632,0,-0.000532632
1773774176624,0.0869141,-0.216797,0.988281,0,-0.00213053,-0.000532632
1773774176704,0.0878906,-0.21582,0.989258,0.000532632,-0.00106526,-0.000532632
1773774176775,0.0874023,-0.216309,0.987305,-0.000532632,-0.00106526,0
1773774176855,0.0888672,-0.214844,0.987305,0.000532632,0,-0.00106526
1773774176936,0.0864258,-0.214844,0.98877,0,-0.000532632,0.000532632
1773774177006,0.0869141,-0.217285,0.990234,-0.000532632,-0.000532632,0
1773774177087,0.0888672,-0.217285,0.989746,0.00106526,-0.00106526,-0.000532632
1773774177167,0.0893555,-0.217773,0.987793,0,-0.000532632,0.000532632
1773774177238,0.0893555,-0.217773,0.98877,0.000532632,0.000532632,0.000532632
1773774177318,0.0888672,-0.218262,0.989746,-0.000532632,-0.000532632,-0.000532632
1773774177389,0.0864258,-0.217285,0.987793,0.000532632,0,0
1773774177470,0.0874023,-0.21582,0.989258,0.00106526,-0.000532632,0.000532632
1773774177550,0.0869141,-0.217285,0.989258,0,-0.000532632,0.000532632
1773774177621,0.0898438,-0.217773,0.987305,0,-0.000532632,0.000532632
1773774177701,0.0893555,-0.215332,0.987793,-0.000532632,-0.000532632,0.00106526
1773774177782,0.0898438,-0.216797,0.989258,0.00106526,-0.000532632,0
1773774177852,0.0864258,-0.216797,0.989746,-0.000532632,0,-0.000532632
1773774177933,0.0869141,-0.217285,0.98877,0,-0.000532632,0
1773774178014,0.0883789,-0.217773,0.987793,0,0,0
1773774178084,0.0898438,-0.218262,0.98877,0,0,0
1773774178165,0.0878906,-0.217285,0.988281,-0.000532632,-0.00106526,0.000532632
1773774178235,0.0883789,-0.21875,0.98584,0,0,0.00106526
1773774178316,0.0883789,-0.216309,0.987305,0.000532632,-0.00213053,0
1773774178397,0.0888672,-0.216309,0.986816,-0.000532632,-0.000532632,0.000532632
1773774178467,0.0878906,-0.217773,0.990234,0.000532632,-0.00106526,0.000532632
1773774178548,0.0893555,-0.218262,0.989746,0,-0.000532632,-0.000532632
1773774178628,0.0869141,-0.21582,0.988281,-0.000532632,-0.00106526,-0.000532632
1773774178699,0.0883789,-0.217773,0.989258,0.0015979,-0.000532632,-0.000532632
1773774178779,0.0883789,-0.216309,0.989746,-0.000532632,-0.00106526,0.000532632
1773774178860,0.0869141,-0.216797,0.989258,0.000532632,-0.000532632,-0.000532632
1773774178931,0.0874023,-0.217773,0.98877,0,-0.000532632,-0.000532632
1773774179011,0.0888672,-0.215332,0.987793,0,0,0
1773774179091,0.0878906,-0.219238,0.98877,0,-0.000532632,0.000532632
1773774179162,0.0878906,-0.21582,0.98877,0.0015979,-0.00106526,0
1773774179243,0.0898438,-0.217285,0.988281,-0.000532632,-0.000532632,0.000532632
1773774179323,0.0874023,-0.216797,0.986328,0,0.000532632,0.000532632
1773774179394,0.0878906,-0.218262,0.98877,0.000532632,0,-0.000532632
1773774179474,0.0878906,-0.217285,0.988281,0.000532632,-0.000532632,0
1773774179545,0.0883789,-0.21582,0.989258,0.000532632,-0.00106526,-0.000532632
1773774179626,0.0864258,-0.216309,0.987305,0,-0.000532632,0.000532632
1773774179706,0.0874023,-0.21582,0.987793,-0.000532632,-0.00106526,-0.000532632
1773774179776,0.0883789,-0.21582,0.98877,0,-0.00106526,-0.0015979
1773774179857,0.0893555,-0.218262,0.988281,-0.00106526,-0.000532632,0.00106526
1773774179937,0.0888672,-0.216309,0.988281,0,-0.000532632,-0.00106526
1773774180008,0.0874023,-0.21582,0.989258,0,-0.000532632,0.00106526
1773774180088,0.0874023,-0.217285,0.990723,0,-0.000532632,-0.000532632
1773774180169,0.0878906,-0.217773,0.989746,0,0,0.000532632
1773774180239,0.0878906,-0.21875,0.989746,0.00106526,-0.00106526,-0.00106526
1773774180320,0.0883789,-0.217773,0.989258,0.000532632,-0.00106526,-0.000532632
1773774180401,0.090332,-0.216309,0.98877,-0.000532632,-0.000532632,-0.000532632
1773774180471,0.0874023,-0.216797,0.98877,0.00106526,-0.000532632,0
1773774180551,0.0883789,-0.216309,0.986816,-0.000532632,-0.000532632,-0.000532632
1773774180632,0.0874023,-0.217285,0.989746,0,-0.0015979,0.00106526
1773774180703,0.0874023,-0.21875,0.987793,0,0,-0.000532632
1773774180784,0.0869141,-0.216797,0.988281,0,-0.000532632,0
1773774180854,0.0869141,-0.217773,0.988281,0,-0.00106526,-0.00106526
1773774180934,0.0878906,-0.217773,0.987305,0,-0.000532632,0
1773774181015,0.0869141,-0.217773,0.988281,-0.000532632,0,-0.000532632
1773774181085,0.0869141,-0.216309,0.989258,-0.00106526,-0.00213053,0.000532632
1773774181166,0.0874023,-0.217285,0.987305,0,-0.0015979,-0.000532632
1773774181247,0.0874023,-0.218262,0.98877,-0.000532632,-0.000532632,-0.00106526
1773774181317,0.0878906,-0.215332,0.987305,0,-0.00106526,0.000532632
1773774181398,0.0883789,-0.21875,0.98877,0,-0.00106526,-0.000532632
1773774181478,0.0883789,-0.217773,0.989258,0,-0.0015979,0.000532632
1773774181549,0.0883789,-0.21875,0.987793,0.000532632,-0.00106526,-0.000532632
1773774181629,0.0854492,-0.218262,0.987305,-0.00106526,-0.00213053,-0.00106526
1773774181710,0.0864258,-0.21875,0.986816,-0.000532632,-0.00106526,0.00106526
1773774181780,0.0883789,-0.220215,0.988281,0,-0.000532632,-0.000532632
1773774181861,0.0874023,-0.21582,0.986328,0.000532632,0,-0.00106526
1773774181931,0.0874023,-0.218262,0.987305,0.000532632,-0.00106526,0
1773774182012,0.0849609,-0.219238,0.988281,0,-0.0015979,-0.000532632
1773774182092,0.0859375,-0.217285,0.987305,0,-0.00106526,-0.000532632
1773774182163,0.0888672,-0.219238,0.989746,0,-0.00106526,0
1773774182243,0.0859375,-0.216797,0.989746,-0.00106526,-0.000532632,0
1773774182324,0.0874023,-0.216797,0.988281,0.000532632,0,-0.000532632
1773774182394,0.0874023,-0.217773,0.987793,0,-0.00106526,-0.000532632
1773774182475,0.0893555,-0.217285,0.987305,-0.000532632,-0.000532632,0.000532632
1773774182556,0.0869141,-0.216797,0.98877,0.000532632,0,0.000532632
1773774182626,0.0883789,-0.21582,0.991211,0.00106526,-0.000532632,0
1773774182706,0.0883789,-0.21582,0.98877,0,-0.000532632,-0.00106526
1773774182787,0.0883789,-0.216797,0.98877,0,-0.00106526,0
1773774182858,0.0893555,-0.216309,0.988281,-0.0015979,-0.00106526,0
1773774182938,0.0888672,-0.21875,0.987305,-0.000532632,0,0
1773774183019,0.0869141,-0.21582,0.98877,-0.000532632,-0.0015979,0.0015979
1773774183089,0.0883789,-0.218262,0.98877,0,-0.0015979,-0.000532632
1773774183170,0.0888672,-0.21582,0.989258,-0.000532632,0,0.000532632
1773774183250,0.0869141,-0.21582,0.989746,0,-0.000532632,0.000532632
1773774183321,0.0893555,-0.216797,0.986816,-0.000532632,-0.00106526,0.000532632
1773774183401,0.0874023,-0.217773,0.987305,0.000532632,-0.000532632,-0.000532632
1773774183472,0.0883789,-0.217285,0.989746,-0.000532632,-0.000532632,0
1773774183552,0.0888672,-0.216309,0.98877,0.000532632,0,0
1773774183633,0.0864258,-0.218262,0.988281,0.000532632,-0.00213053,-0.000532632
1773774183704,0.0883789,-0.216309,0.988281,0,0,0
1773774183784,0.0883789,-0.216309,0.988281,0,-0.000532632,-0.000532632
1773774183865,0.0898438,-0.216797,0.98877,-0.000532632,0.000532632,0.00106526
1773774183935,0.0878906,-0.217773,0.986816,0.000532632,-0.00106526,0.0015979
1773774184016,0.090332,-0.216309,0.989746,-0.000532632,-0.000532632,0.000532632
1773774184097,0.0883789,-0.214844,0.988281,0,-0.000532632,-0.000532632
1773774184167,0.0878906,-0.216797,0.988281,-0.000532632,0,-0.000532632
1773774184248,0.0869141,-0.216797,0.988281,0,0,-0.000532632
1773774184318,0.0878906,-0.214355,0.989746,0.000532632,-0.00106526,-0.000532632
1773774184399,0.0908203,-0.214844,0.990234,-0.000532632,-0.00106526,-0.000532632
1773774184480,0.0869141,-0.21875,0.98877,-0.000532632,-0.00106526,0
1773774184550,0.0888672,-0.21875,0.988281,0,-0.000532632,-0.00106526
1773774184631,0.090332,-0.216309,0.98877,0.000532632,-0.000532632,0.000532632
1773774184711,0.0878906,-0.219238,0.989258,0.000532632,0,-0.00106526
1773774184781,0.0883789,-0.21582,0.991211,-0.00106526,0.000532632,-0.000532632
1773774184862,0.0874023,-0.216797,0.989258,-0.000532632,-0.0015979,-0.00106526
1773774184943,0.0883789,-0.216797,0.987793,-0.000532632,-0.000532632,0
1773774185014,0.0883789,-0.21875,0.986328,0.000532632,-0.000532632,0.000532632
1773774185094,0.0888672,-0.217285,0.988281,0,-0.00106526,-0.000532632
1773774185174,0.0883789,-0.21875,0.98877,0.000532632,0.000532632,0
1773774185245,0.0888672,-0.216309,0.988281,0.000532632,-0.000532632,0.00106526
1773774185325,0.0854492,-0.214844,0.98877,0,0,0.000532632
1773774185406,0.0878906,-0.217285,0.987793,-0.000532632,-0.00106526,0
1773774185476,0.0874023,-0.219727,0.989746,-0.00106526,-0.000532632,0
1773774185557,0.0883789,-0.216309,0.987305,0.000532632,-0.000532632,0
1773774185627,0.0883789,-0.21875,0.987793,0,-0.0015979,-0.00106526
1773774185709,0.0874023,-0.216797,0.986816,0.000532632,-0.00106526,-0.00106526
1773774185790,0.0874023,-0.216309,0.989746,-0.000532632,0.000532632,-0.000532632
1773774185859,0.0864258,-0.217773,0.988281,0.000532632,-0.000532632,-0.00106526
1773774185940,0.0854492,-0.217285,0.988281,0,-0.000532632,-0.000532632
1773774186020,0.0874023,-0.21582,0.987305,0,-0.000532632,-0.00106526
1773774186091,0.0878906,-0.219238,0.988281,0,-0.00106526,0.000532632
1773774186171,0.0874023,-0.216309,0.989258,-0.000532632,-0.000532632,0.000532632
1773774186252,0.0869141,-0.217773,0.987793,-0.000532632,-0.0015979,0
1773774186322,0.0869141,-0.217285,0.987305,0.000532632,0,-0.00106526
1773774186403,0.0869141,-0.216797,0.98584,-0.00106526,-0.000532632,0
1773774186483,0.0883789,-0.216797,0.988281,-0.000532632,0,0
1773774186554,0.0883789,-0.216797,0.988281,-0.000532632,0.000532632,0
1773774186634,0.0874023,-0.216797,0.989746,-0.000532632,0,0
1773774186715,0.0869141,-0.216797,0.989258,-0.000532632,-0.000532632,0.000532632
1773774186785,0.0888672,-0.219238,0.989746,0.000532632,0,-0.000532632
1773774186866,0.090332,-0.217773,0.988281,0,-0.000532632,-0.000532632
1773774186936,0.0878906,-0.217285,0.989258,0.000532632,-0.00106526,0.000532632
1773774187017,0.0883789,-0.21582,0.989258,-0.000532632,-0.000532632,-0.00106526
1773774187098,0.0869141,-0.218262,0.989258,0,-0.000532632,0.000532632
1773774187168,0.0874023,-0.21582,0.987793,0,-0.000532632,0
1773774187249,0.0888672,-0.216797,0.991699,-0.000532632,-0.00213053,0
1773774187329,0.0878906,-0.216797,0.989258,0.000532632,-0.000532632,0
1773774187400,0.0898438,-0.217285,0.98877,0.000532632,-0.000532632,0.000532632
1773774187480,0.0898438,-0.218262,0.986328,-0.000532632,-0.0015979,0.000532632
1773774187561,0.0878906,-0.217773,0.990234,0.00106526,-0.0015979,0.00106526
1773774187631,0.0888672,-0.216797,0.98877,-0.00106526,-0.000532632,-0.00106526
1773774187712,0.0874023,-0.219238,0.988281,-0.00106526,-0.000532632,0
1773774187792,0.0869141,-0.218262,0.987793,-0.000532632,-0.00106526,0
1773774187863,0.0869141,-0.21875,0.987793,-0.000532632,-0.000532632,0
1773774187943,0.0854492,-0.217285,0.990234,-0.000532632,-0.000532632,0.00106526
1773774188024,0.0883789,-0.216309,0.98877,0.000532632,-0.000532632,0
1773774188094,0.0893555,-0.217773,0.987793,0.000532632,-0.000532632,0.00106526
1773774188175,0.0883789,-0.217773,0.989746,-0.000532632,0,0.000532632
1773774188246,0.0883789,-0.214844,0.986816,0,-0.000532632,0
1773774188326,0.0878906,-0.21582,0.98877,0.000532632,-0.000532632,0
1773774188407,0.0878906,-0.217285,0.987793,0,-0.0015979,-0.000532632
1773774188477,0.0874023,-0.218262,0.990234,0,0,-0.000532632
1773774188558,0.0888672,-0.215332,0.987793,0,-0.0015979,0
1773774188638,0.0893555,-0.218262,0.987793,0,-0.0015979,-0.000532632
1773774188709,0.0859375,-0.215332,0.98877,-0.000532632,-0.000532632,0.00106526
1773774188789,0.0869141,-0.217285,0.987793,-0.000532632,-0.000532632,0
1773774188870,0.0864258,-0.217773,0.990234,0.000532632,-0.00106526,0
1773774188940,0.0893555,-0.216797,0.989746,0,0,0
1773774189021,0.0878906,-0.216797,0.98877,-0.000532632,-0.00106526,0
1773774189101,0.0883789,-0.216797,0.990234,0.000532632,0,0
1773774189172,0.0883789,-0.21582,0.988281,0,0,0.000532632
1773774189253,0.0869141,-0.21582,0.990234,-0.000532632,0,0
1773774189333,0.0888672,-0.217773,0.98877,0,-0.000532632,0.000532632
1773774189403,0.0878906,-0.216309,0.991699,0,0,0
1773774189484,0.0864258,-0.216797,0.987793,-0.000532632,-0.00106526,0
1773774189554,0.0864258,-0.218262,0.989258,0,-0.000532632,-0.00106526
1773774189635,0.0883789,-0.220215,0.989258,0,-0.000532632,0.000532632
1773774189715,0.0883789,-0.217773,0.987305,-0.00106526,-0.000532632,0
1773774189786,0.0864258,-0.218262,0.987305,0.000532632,0,0
1773774189867,0.0893555,-0.217285,0.986816,-0.000532632,0.000532632,0.000532632
1773774189947,0.0893555,-0.218262,0.98877,-0.000532632,-0.000532632,0.000532632
1773774190017,0.0878906,-0.217285,0.988281,0,0.000532632,0
1773774190098,0.0874023,-0.219238,0.98877,-0.00106526,0,0.00106526
1773774190179,0.0869141,-0.216797,0.988281,0,0,0
1773774190249,0.0888672,-0.217285,0.986816,0.000532632,0,-0.00106526
1773774190330,0.0869141,-0.219727,0.989746,-0.00106526,-0.00106526,0
1773774190410,0.0864258,-0.21875,0.98877,-0.00106526,-0.00106526,0.00106526
1773774190481,0.0864258,-0.219238,0.989258,-0.000532632,-0.00106526,-0.00106526
1773774190561,0.0869141,-0.217773,0.98877,0.000532632,-0.00106526,0
1773774190633,0.0883789,-0.21582,0.98877,0,-0.000532632,0.000532632
1773774190712,0.0869141,-0.217773,0.987793,0,-0.000532632,-0.0015979
1773774190793,0.0874023,-0.218262,0.988281,-0.000532632,0,0.000532632
1773774190863,0.0888672,-0.216309,0.988281,0,-0.000532632,0.000532632
1773774190944,0.0874023,-0.217285,0.986816,-0.000532632,-0.000532632,0
1773774191024,0.0869141,-0.218262,0.987793,0.000532632,-0.000532632,0.000532632
1773774191095,0.0864258,-0.216797,0.98877,-0.000532632,-0.00106526,0.00106526
1773774191175,0.0878906,-0.217773,0.98877,0,-0.000532632,-0.000532632
1773774191256,0.0859375,-0.215332,0.990723,0,-0.00106526,0.00106526
1773774191326,0.0878906,-0.216797,0.989258,0,0,-0.000532632
1773774191407,0.0859375,-0.217285,0.988281,-0.000532632,-0.000532632,-0.000532632
1773774191488,0.0883789,-0.219238,0.989258,0.000532632,0,0.000532632
1773774191558,0.0893555,-0.216797,0.987793,0.000532632,0,0.00106526
1773774191639,0.0869141,-0.216797,0.98877,-0.000532632,-0.00106526,0
1773774191719,0.0864258,-0.217773,0.98877,-0.000532632,-0.0015979,0
1773774191790,0.0864258,-0.217773,0.986816,-0.000532632,-0.000532632,-0.000532632
1773774191870,0.0883789,-0.218262,0.986328,0.000532632,0,0
1773774191951,0.0864258,-0.217285,0.98877,-0.000532632,-0.000532632,0
1773774192021,0.0874023,-0.218262,0.986816,0,-0.000532632,-0.000532632
1773774192102,0.0878906,-0.217285,0.987793,0,0,-0.000532632
1773774192172,0.0888672,-0.21875,0.988281,0,0,0
1773774192253,0.0888672,-0.217285,0.987305,0.000532632,-0.0015979,0
1773774192333,0.0869141,-0.219238,0.988281,0.00106526,-0.000532632,0
1773774192404,0.0864258,-0.217773,0.989258,0,-0.0015979,0
1773774192484,0.0874023,-0.219727,0.990723,0.0015979,-0.00106526,0.000532632
1773774192565,0.0893555,-0.216797,0.98877,0.000532632,-0.00106526,0
1773774192635,0.0859375,-0.216797,0.989258,0,-0.00106526,-0.000532632
1773774192716,0.0869141,-0.216309,0.987305,0.000532632,-0.00106526,0.00106526
1773774192796,0.0869141,-0.216797,0.989746,-0.000532632,-0.000532632,0
1773774192867,0.0878906,-0.217285,0.987305,-0.000532632,-0.000532632,0.00106526
1773774192947,0.0869141,-0.216797,0.990234,0,-0.00106526,0
1773774193028,0.0883789,-0.217285,0.989258,-0.000532632,0,0
1773774193098,0.0883789,-0.216797,0.987793,0,-0.0015979,-0.00106526
1773774193179,0.0874023,-0.216797,0.990723,0.000532632,-0.0015979,0
1773774193260,0.0883789,-0.21875,0.989746,-0.000532632,-0.000532632,0
1773774193330,0.0878906,-0.21875,0.987793,0.000532632,-0.0015979,0.00106526
1773774193411,0.0898438,-0.216797,0.987793,-0.00106526,-0.00106526,0
1773774193481,0.0869141,-0.217285,0.988281,-0.000532632,0,0
1773774193562,0.0869141,-0.217773,0.987793,0,-0.00106526,0
1773774193642,0.0893555,-0.217285,0.989746,0,-0.000532632,0
1773774193713,0.0883789,-0.217773,0.987793,-0.000532632,-0.000532632,0
1773774193793,0.0844727,-0.218262,0.987793,-0.000532632,0,0
1773774193874,0.0874023,-0.216797,0.987793,0.000532632,-0.00106526,0.00106526
1773774193944,0.0893555,-0.214355,0.987793,-0.000532632,-0.000532632,-0.000532632
1773774194025,0.0874023,-0.215332,0.989258,0,-0.00106526,-0.000532632
1773774194106,0.0869141,-0.21875,0.990234,0,0.000532632,-0.000532632
1773774194176,0.0874023,-0.218262,0.989258,0,-0.000532632,0
1773774194257,0.0869141,-0.216309,0.986328,0.000532632,-0.00213053,0
1773774194337,0.0878906,-0.218262,0.989258,-0.00106526,-0.000532632,0
1773774194408,0.0883789,-0.218262,0.989258,0.000532632,-0.00106526,0.00106526
1773774194488,0.0874023,-0.216797,0.988281,-0.000532632,-0.0015979,-0.000532632
1773774194559,0.0859375,-0.217773,0.987793,-0.000532632,-0.00106526,0.000532632
1773774194639,0.0883789,-0.216797,0.988281,0,-0.000532632,-0.000532632
1773774194720,0.0874023,-0.217773,0.990234,0,-0.00106526,0.00106526
1773774194790,0.0878906,-0.216309,0.98877,0.000532632,0,0
1773774194871,0.0878906,-0.217285,0.987305,0.000532632,-0.000532632,0.0015979
1773774194952,0.0874023,-0.217773,0.987305,0.000532632,0.000532632,0.00106526
1773774195022,0.0883789,-0.216797,0.987793,0,-0.000532632,0.000532632
1773774195103,0.0864258,-0.217773,0.987793,0,-0.00106526,0.00106526
1773774195183,0.0874023,-0.216797,0.988281,-0.00106526,-0.0015979,0.000532632
1773774195254,0.0869141,-0.21582,0.989258,0,-0.000532632,-0.000532632
1773774195334,0.0878906,-0.214844,0.98877,0,-0.000532632,0
1773774195415,0.0869141,-0.218262,0.98877,0.000532632,0,-0.000532632
1773774195485,0.0869141,-0.216309,0.988281,0.000532632,-0.000532632,0
1773774195566,0.0864258,-0.218262,0.988281,0,-0.000532632,-0.000532632
1773774195646,0.0874023,-0.217773,0.98877,0.000532632,-0.00106526,-0.000532632
1773774195717,0.0874023,-0.217285,0.988281,-0.000532632,-0.000532632,-0.000532632
1773774195797,0.0883789,-0.21875,0.988281,0,0,0
1773774195868,0.0883789,-0.217285,0.987305,0,0,0.000532632
1773774195948,0.0888672,-0.218262,0.987793,-0.000532632,0,0
1773774196029,0.0864258,-0.216309,0.987793,-0.000532632,0,0
1773774196100,0.0878906,-0.218262,0.989258,0,-0.000532632,0
1773774196180,0.0908203,-0.216309,0.988281,-0.000532632,-0.0015979,0.000532632
1773774196261,0.0864258,-0.216309,0.98877,0,-0.000532632,0
1773774196331,0.0913086,-0.217773,0.989746,-0.000532632,-0.0015979,0.000532632
1773774196412,0.0869141,-0.21582,0.986816,0,-0.0015979,-0.000532632
1773774196492,0.0878906,-0.216797,0.989258,0,-0.000532632,0.000532632
1773774196563,0.0874023,-0.217773,0.990723,0,-0.0015979,-0.000532632
1773774196643,0.0878906,-0.217285,0.986816,0,-0.000532632,0.000532632
1773774196724,0.0883789,-0.214355,0.987305,0.00106526,-0.000532632,0
1773774196794,0.0878906,-0.217773,0.988281,0,-0.000532632,-0.000532632
1773774196875,0.0883789,-0.217773,0.987305,-0.000532632,-0.000532632,0.000532632
1773774196955,0.0874023,-0.218262,0.989258,-0.000532632,0,-0.000532632
1773774197026,0.0859375,-0.217773,0.987305,0,-0.000532632,-0.000532632
1773774197106,0.0878906,-0.216797,0.990234,0,0,0
1773774197177,0.0874023,-0.215332,0.986816,-0.000532632,-0.000532632,0.000532632
1773774197257,0.0888672,-0.217285,0.988281,0.000532632,-0.000532632,-0.00106526
1773774197338,0.0888672,-0.220215,0.986328,0,-0.000532632,0.000532632
1773774197408,0.0854492,-0.218262,0.98877,0,-0.000532632,0
1773774197489,0.0874023,-0.217285,0.988281,0,-0.000532632,0
1773774197570,0.0874023,-0.217285,0.987793,0.000532632,-0.00106526,0
1773774197640,0.0883789,-0.219238,0.988281,0,-0.00106526,0
1773774197721,0.0874023,-0.217285,0.987793,0,-0.0015979,0
1773774197801,0.0883789,-0.217773,0.989258,0,0.000532632,0
1773774197872,0.0888672,-0.217773,0.987305,0.000532632,-0.000532632,0.000532632
1773774197952,0.0864258,-0.216797,0.98877,0,0.00106526,-0.000532632
1773774198033,0.0898438,-0.215332,0.987305,0.00106526,-0.000532632,0
1773774198103,0.0878906,-0.216797,0.986328,-0.000532632,-0.0015979,-0.00106526
1773774198184,0.0864258,-0.219238,0.989258,0.000532632,0.00106526,0.000532632
1773774198254,0.0878906,-0.216309,0.987305,0.00106526,0,0
1773774198335,0.0878906,-0.219238,0.986816,-0.000532632,-0.000532632,-0.000532632
1773774198416,0.0854492,-0.218262,0.98877,0,-0.00106526,0
1773774198486,0.0878906,-0.217773,0.98877,0.000532632,-0.000532632,0
1773774198567,0.0859375,-0.217773,0.988281,0.000532632,-0.00106526,0
1773774198647,0.0883789,-0.217285,0.987793,0.000532632,-0.00106526,0.000532632
1773774198718,0.0883789,-0.217773,0.988281,0,-0.0015979,0.000532632
1773774198798,0.0893555,-0.216309,0.98584,0.00106526,-0.00106526,0.00106526
1773774198879,0.0878906,-0.219238,0.988281,0.000532632,-0.00106526,-0.00106526
1773774198949,0.0869141,-0.216309,0.987305,-0.000532632,0,0
1773774199030,0.0864258,-0.21582,0.989746,-0.00106526,-0.0015979,0
1773774199110,0.0874023,-0.21582,0.988281,0,-0.000532632,-0.00106526
1773774199181,0.0878906,-0.216797,0.987793,-0.000532632,-0.0015979,0
1773774199261,0.0874023,-0.218262,0.988281,-0.000532632,-0.0015979,-0.000532632
1773774199342,0.0874023,-0.21582,0.98877,0,-0.000532632,-0.000532632
1773774199412,0.0878906,-0.217773,0.986816,0,0,-0.000532632
1773774199493,0.0888672,-0.216797,0.98877,-0.000532632,0,0
1773774199564,0.0874023,-0.216797,0.98877,-0.000532632,-0.000532632,-0.00106526
1773774199644,0.0878906,-0.216309,0.989258,-0.000532632,0,0.000532632
1773774199724,0.0874023,-0.215332,0.987793,-0.000532632,0,0
1773774199795,0.0859375,-0.217285,0.989258,0.000532632,0,-0.000532632
1773774199875,0.0888672,-0.216309,0.98584,-0.000532632,0,-0.000532632
1773774199956,0.0878906,-0.21875,0.987305,0.000532632,-0.00106526,0
1773774200027,0.0864258,-0.21875,0.986816,-0.000532632,-0.00106526,0.00106526
1773774200107,0.0883789,-0.217773,0.987793,0.00106526,-0.000532632,0
1773774200188,0.0869141,-0.21582,0.987793,0,0,-0.000532632
1773774200258,0.0898438,-0.216797,0.989258,-0.000532632,-0.0015979,-0.00106526
1773774200339,0.0888672,-0.218262,0.98877,-0.000532632,0,0.00106526
1773774200419,0.0888672,-0.216309,0.990234,0,0,-0.000532632
1773774200490,0.0874023,-0.218262,0.98877,0,-0.000532632,0
1773774200570,0.0878906,-0.219727,0.987305,0.00106526,-0.0015979,0
1773774200651,0.0883789,-0.214844,0.989258,-0.000532632,-0.000532632,0
1773774200721,0.0859375,-0.216797,0.986816,-0.000532632,-0.000532632,0
1773774200802,0.0888672,-0.217773,0.986816,-0.000532632,0,0.000532632
1773774200872,0.0864258,-0.216797,0.987793,0,-0.000532632,-0.0015979
1773774200953,0.0874023,-0.217773,0.987305,0.00106526,-0.000532632,-0.000532632
1773774201033,0.0874023,-0.218262,0.987793,-0.00106526,0,-0.00106526
1773774201104,0.0874023,-0.217773,0.987305,0.000532632,-0.00106526,-0.000532632
1773774201184,0.0874023,-0.21582,0.98877,0.000532632,-0.000532632,-0.00106526
1773774201265,0.0869141,-0.218262,0.989746,0,-0.000532632,-0.000532632
1773774201336,0.0878906,-0.217285,0.989258,0.000532632,-0.000532632,-0.000532632
1773774201417,0.0864258,-0.218262,0.98877,-0.000532632,-0.000532632,0
1773774201497,0.0854492,-0.216797,0.988281,0,-0.00106526,0.00106526
1773774201567,0.0878906,-0.218262,0.987793,0.00106526,-0.000532632,0.00106526
1773774201648,0.0883789,-0.219727,0.98877,0,-0.000532632,0
1773774201728,0.090332,-0.216309,0.987793,0.000532632,0,0
1773774201799,0.0893555,-0.217773,0.988281,0,0,0.000532632
1773774201879,0.0864258,-0.216797,0.98877,0,-0.00106526,-0.00106526
1773774201960,0.0869141,-0.217285,0.989746,-0.000532632,0,0.0015979
1773774202030,0.0869141,-0.218262,0.989258,-0.000532632,-0.00106526,-0.00106526
1773774202111,0.0893555,-0.216309,0.987305,0,-0.000532632,-0.000532632
1773774202181,0.0883789,-0.216309,0.988281,0,0.000532632,-0.00106526
1773774202262,0.0883789,-0.216797,0.988281,0.00106526,0,-0.000532632
1773774202343,0.0898438,-0.216797,0.98877,0,-0.00106526,-0.000532632
1773774202413,0.0874023,-0.217285,0.986816,0,-0.000532632,0.000532632
1773774202494,0.0874023,-0.21582,0.98877,0.000532632,0,0
1773774202574,0.0883789,-0.217773,0.98877,-0.000532632,-0.00106526,0.000532632
1773774202645,0.0854492,-0.217285,0.987793,0,-0.00106526,0
1773774202725,0.0859375,-0.217285,0.98877,0.000532632,-0.000532632,0.000532632
1773774202806,0.0869141,-0.218262,0.986816,0,-0.000532632,0.000532632
1773774202876,0.0869141,-0.216797,0.986816,0,-0.000532632,0.000532632
1773774202957,0.0883789,-0.216309,0.98877,-0.00106526,-0.00106526,-0.00106526
1773774203037,0.0883789,-0.218262,0.987305,0.000532632,0,-0.000532632
1773774203108,0.0878906,-0.217773,0.989258,0,0,-0.000532632
1773774203188,0.0874023,-0.217285,0.986816,0,-0.00106526,0
1773774203269,0.0869141,-0.217773,0.988281,0,0,-0.0015979
1773774203340,0.0878906,-0.217285,0.989746,-0.000532632,-0.00106526,0
1773774203420,0.0888672,-0.217773,0.987305,0,-0.00106526,0.000532632
1773774203500,0.0874023,-0.21875,0.987305,0.000532632,0,0.000532632
1773774203571,0.0883789,-0.217285,0.98877,0,-0.00106526,-0.000532632
1773774203651,0.090332,-0.219238,0.988281,0.000532632,0,0
1773774203723,0.0869141,-0.216797,0.987305,-0.000532632,-0.00106526,-0.00106526
1773774203802,0.0869141,-0.217285,0.986816,-0.000532632,0,-0.00106526
1773774203883,0.0883789,-0.217285,0.989258,0.000532632,-0.000532632,-0.000532632
1773774203953,0.0874023,-0.217285,0.987793,0,0.000532632,-0.000532632
1773774204034,0.0878906,-0.219238,0.987793,0,-0.00106526,0
1773774204115,0.0874023,-0.218262,0.988281,0.00106526,-0.000532632,-0.000532632
1773774204185,0.090332,-0.217773,0.986816,0,-0.000532632,-0.000532632
1773774204266,0.0878906,-0.21582,0.986328,0.00106526,0,0
1773774204346,0.0859375,-0.21582,0.989746,0,-0.00106526,0
1773774204417,0.0888672,-0.217773,0.989258,0,-0.000532632,-0.000532632
1773774204497,0.0893555,-0.218262,0.987793,-0.000532632,-0.00106526,-0.000532632
1773774204578,0.0888672,-0.219727,0.988281,0,-0.00106526,-0.000532632
1773774204648,0.0883789,-0.216797,0.988281,0,-0.00106526,0
1773774204729,0.0888672,-0.21582,0.98877,-0.00106526,-0.0015979,0.000532632
1773774204799,0.0893555,-0.216797,0.987793,-0.000532632,0,-0.00106526
1773774204880,0.0878906,-0.216797,0.986816,0,-0.00106526,0
1773774204961,0.0864258,-0.21875,0.989746,0,0,0.000532632
1773774205031,0.0874023,-0.218262,0.988281,-0.000532632,-0.000532632,0
1773774205111,0.0878906,-0.217285,0.987305,-0.000532632,-0.00106526,-0.000532632
1773774205193,0.0878906,-0.21582,0.987305,-0.000532632,-0.000532632,0
1773774205268,0.0874023,-0.21875,0.986816,-0.000532632,-0.000532632,0
1773774205343,0.0864258,-0.216797,0.986816,-0.0015979,-0.00106526,0.000532632
1773774205424,0.0893555,-0.217285,0.98877,-0.000532632,-0.0015979,-0.00106526
1773774205494,0.0874023,-0.21875,0.986816,0,-0.00106526,-0.00106526
1773774205575,0.0893555,-0.216797,0.987793,-0.000532632,-0.00106526,-0.000532632
1773774205655,0.0869141,-0.219238,0.989258,0,-0.000532632,-0.000532632
1773774205726,0.0874023,-0.219238,0.987305,0,-0.00106526,0.000532632
1773774205806,0.0883789,-0.217285,0.989258,-0.000532632,-0.000532632,0.000532632
1773774205887,0.0869141,-0.21582,0.987305,0,0,-0.000532632
1773774205957,0.0859375,-0.219238,0.987793,-0.00106526,-0.000532632,-0.000532632
1773774206038,0.0874023,-0.21582,0.988281,0.000532632,-0.0015979,-0.000532632
1773774206118,0.0878906,-0.216797,0.988281,0.000532632,-0.000532632,0.000532632
1773774206189,0.0869141,-0.218262,0.988281,0.000532632,-0.000532632,-0.000532632
1773774206269,0.0893555,-0.219727,0.989258,0,-0.0015979,0
1773774206340,0.0869141,-0.216309,0.98877,-0.000532632,-0.00106526,0
1773774206421,0.0878906,-0.217773,0.98877,-0.000532632,-0.00106526,-0.000532632
1773774206501,0.0854492,-0.219238,0.986816,0,-0.00106526,-0.000532632
1773774206571,0.0883789,-0.218262,0.987793,0.000532632,0,-0.000532632
1773774206652,0.0874023,-0.219238,0.989746,-0.000532632,0,0.000532632
1773774206732,0.0888672,-0.216797,0.98877,0.000532632,-0.00106526,0.00106526
1773774206803,0.0869141,-0.217773,0.989746,0.000532632,-0.00106526,0
1773774206883,0.0893555,-0.217285,0.98877,0,0,-0.00106526
1773774206964,0.0874023,-0.217773,0.986816,-0.000532632,-0.000532632,-0.000532632
1773774207035,0.0883789,-0.218262,0.987305,-0.000532632,-0.00106526,0
1773774207115,0.0874023,-0.217285,0.987305,-0.000532632,-0.0015979,0
1773774207196,0.0864258,-0.215332,0.989258,0.000532632,0,0
1773774207266,0.0859375,-0.216797,0.987305,-0.00106526,-0.0015979,0
1773774207347,0.0883789,-0.217285,0.989258,0,-0.00106526,0
1773774207427,0.0859375,-0.217285,0.987793,0,0,0
1773774207498,0.0888672,-0.218262,0.989746,-0.00106526,-0.000532632,-0.000532632
1773774207578,0.0874023,-0.216309,0.987305,0,0,0.000532632
1773774207649,0.0878906,-0.218262,0.98877,-0.000532632,-0.000532632,0
1773774207729,0.0874023,-0.216309,0.987305,-0.000532632,-0.000532632,-0.00106526
1773774207810,0.0874023,-0.220215,0.98877,0.00106526,-0.000532632,-0.000532632
1773774207880,0.0874023,-0.218262,0.98877,0.00106526,-0.00106526,-0.000532632
1773774207961,0.0874023,-0.217285,0.989258,-0.000532632,-0.000532632,0
1773774208041,0.0869141,-0.218262,0.988281,0,-0.00106526,0
1773774208112,0.0874023,-0.215332,0.98877,0.000532632,0,0.00106526
1773774208193,0.0883789,-0.216797,0.987305,0.000532632,-0.000532632,0.000532632
1773774208274,0.0883789,-0.217773,0.988281,-0.000532632,-0.00106526,0.000532632
1773774208344,0.0874023,-0.218262,0.989258,0.000532632,0.000532632,-0.000532632
1773774208424,0.0859375,-0.215332,0.98877,-0.000532632,-0.00106526,0
1773774208495,0.0883789,-0.21582,0.988281,0,-0.000532632,0
1773774208575,0.0898438,-0.217773,0.987793,-0.000532632,-0.0015979,0
1773774208656,0.0878906,-0.21582,0.986816,-0.00106526,-0.00106526,0.000532632
1773774208726,0.0888672,-0.216797,0.988281,-0.000532632,-0.00213053,0
1773774208807,0.0888672,-0.216797,0.988281,0,-0.000532632,-0.000532632
1773774208887,0.0874023,-0.21582,0.987305,-0.000532632,0.000532632,-0.000532632
1773774208958,0.0874023,-0.217773,0.98877,-0.000532632,-0.00106526,0.0015979
1773774209038,0.0883789,-0.217773,0.989746,-0.000532632,-0.00106526,0
1773774209119,0.0874023,-0.218262,0.987305,0,-0.000532632,-0.000532632
1773774209190,0.0874023,-0.216309,0.98584,0,0.000532632,0
1773774209270,0.0869141,-0.218262,0.987793,0.000532632,-0.00106526,0
1773774209351,0.0878906,-0.217773,0.98877,0,-0.00106526,0
1773774209421,0.0883789,-0.216309,0.990234,-0.000532632,-0.00106526,-0.000532632
1773774209502,0.0864258,-0.217773,0.988281,-0.00106526,-0.0015979,0.000532632
1773774209582,0.0883789,-0.218262,0.989258,-0.000532632,-0.00106526,-0.000532632
1773774209653,0.0888672,-0.216797,0.98877,0,0,-0.000532632
1773774209733,0.0874023,-0.217773,0.988281,-0.000532632,0,0.000532632
1773774209814,0.0883789,-0.218262,0.986816,-0.000532632,-0.0015979,0.00106526
1773774209884,0.0869141,-0.217285,0.986328,0,0,-0.000532632
1773774209965,0.0878906,-0.216309,0.988281,-0.00106526,-0.00106526,0.000532632
1773774210035,0.090332,-0.21875,0.987305,-0.00106526,-0.000532632,0
1773774210116,0.0878906,-0.21582,0.990723,-0.0015979,-0.00213053,0.000532632
1773774210197,0.0883789,-0.217773,0.987305,0.000532632,-0.0015979,0.000532632
1773774210267,0.0874023,-0.217773,0.98877,0.000532632,0,0
1773774210348,0.0888672,-0.216309,0.989258,0,0,0
1773774210428,0.0874023,-0.217285,0.987305,0,-0.00106526,0
1773774210499,0.0893555,-0.216309,0.987793,-0.000532632,-0.000532632,-0.000532632
1773774210579,0.0859375,-0.216309,0.986816,0.000532632,-0.0015979,0
1773774210660,0.0883789,-0.217285,0.987305,-0.00106526,-0.0015979,-0.00106526
1773774210730,0.0878906,-0.217773,0.98877,-0.00106526,-0.00106526,0
1773774210811,0.0883789,-0.21875,0.989258,0.000532632,0,-0.00106526
1773774210892,0.0869141,-0.216309,0.989258,0,0,0
1773774210963,0.0878906,-0.217285,0.989258,-0.00106526,-0.0015979,-0.000532632
1773774211043,0.0898438,-0.217285,0.988281,0,0,0
1773774211113,0.0859375,-0.216309,0.98877,0.000532632,-0.00213053,-0.000532632
1773774211194,0.0878906,-0.21582,0.989258,0,-0.00106526,0.000532632
1773774211274,0.0878906,-0.218262,0.98877,0,-0.00106526,0.000532632
1773774211345,0.0878906,-0.218262,0.988281,0.0015979,-0.000532632,-0.000532632
1773774211425,0.0878906,-0.217285,0.989746,-0.00106526,0,-0.000532632
1773774211506,0.0859375,-0.217773,0.988281,0,0,0.00106526
1773774211576,0.0883789,-0.218262,0.988281,-0.000532632,0.000532632,0.000532632
1773774211657,0.0874023,-0.216309,0.98877,-0.000532632,-0.0015979,0.000532632
1773774211737,0.0854492,-0.216797,0.986816,0,-0.0015979,0.000532632
1773774211808,0.0874023,-0.218262,0.986328,0.000532632,0,0.000532632
1773774211888,0.0874023,-0.217285,0.990234,0,-0.000532632,0.000532632
1773774211969,0.0888672,-0.216309,0.990234,0.000532632,-0.000532632,0
1773774212039,0.0883789,-0.21582,0.989258,0,-0.0015979,0
1773774212120,0.0893555,-0.216309,0.98877,0.000532632,-0.000532632,-0.00106526
1773774212200,0.0878906,-0.217285,0.988281,-0.000532632,-0.00106526,-0.00106526
1773774212271,0.0878906,-0.216797,0.987793,0,-0.00106526,0
1773774212352,0.0874023,-0.217773,0.989258,0.000532632,-0.0015979,0.00106526
1773774212422,0.0874023,-0.218262,0.989258,0.0015979,-0.00106526,0.000532632
1773774212503,0.0893555,-0.21582,0.989746,0,0,0.000532632
1773774212583,0.0859375,-0.216797,0.987793,0.000532632,0.000532632,-0.00106526
1773774212654,0.0869141,-0.216309,0.988281,0.00106526,-0.000532632,0
1773774212734,0.0878906,-0.217773,0.989258,0,0,0.00106526
1773774212815,0.0888672,-0.215332,0.987793,0.000532632,-0.00106526,0
1773774212885,0.0874023,-0.217773,0.988281,0.000532632,0,-0.000532632
1773774212966,0.0874023,-0.217773,0.988281,0,-0.000532632,-0.00106526
1773774213046,0.0878906,-0.217773,0.988281,-0.000532632,0,0.000532632
1773774213117,0.0874023,-0.218262,0.987305,0,-0.00106526,-0.00106526
1773774213197,0.0859375,-0.217285,0.986816,-0.000532632,0.000532632,0
1773774213278,0.0869141,-0.218262,0.989258,0.000532632,-0.000532632,0
1773774213348,0.0888672,-0.217285,0.986816,0.000532632,0,0
1773774213429,0.0874023,-0.217773,0.98877,0.000532632,-0.000532632,-0.000532632
1773774213509,0.090332,-0.216797,0.98877,0.000532632,-0.000532632,0.00213053
1773774213580,0.0883789,-0.217773,0.987793,-0.0015979,-0.000532632,0.000532632
1773774213661,0.0888672,-0.218262,0.988281,-0.000532632,-0.000532632,-0.000532632
1773774213731,0.0898438,-0.218262,0.991699,-0.000532632,0,0
1773774213812,0.0869141,-0.219238,0.987793,-0.000532632,-0.0015979,0
1773774213892,0.0874023,-0.218262,0.98877,0.00106526,-0.000532632,0
1773774213963,0.0893555,-0.216309,0.98877,-0.00106526,-0.000532632,0
1773774214043,0.0883789,-0.217773,0.991211,-0.00106526,-0.000532632,-0.000532632
1773774214124,0.0854492,-0.217773,0.990723,0,-0.000532632,0
1773774214194,0.0878906,-0.216309,0.987305,0,-0.00106526,-0.000532632
1773774214275,0.0874023,-0.216797,0.987305,-0.000532632,-0.000532632,0.000532632
1773774214355,0.0888672,-0.214844,0.989746,0,-0.00106526,-0.00106526
1773774214426,0.0883789,-0.216797,0.988281,0,0,0.000532632
1773774214506,0.0869141,-0.217773,0.988281,-0.00106526,-0.00106526,-0.000532632
1773774214587,0.0883789,-0.218262,0.98877,0.00106526,-0.00106526,0
1773774214657,0.0878906,-0.216797,0.987793,0,-0.00106526,0
1773774214738,0.0874023,-0.217773,0.988281,0,0,-0.000532632
1773774214818,0.0878906,-0.217285,0.989258,-0.000532632,-0.000532632,-0.000532632
1773774214889,0.0893555,-0.216797,0.989258,-0.00106526,-0.000532632,-0.00106526
1773774214970,0.0878906,-0.217773,0.989746,-0.00106526,0,0.000532632
1773774215040,0.0898438,-0.21582,0.988281,0,0,-0.00106526
1773774215120,0.0869141,-0.216309,0.986816,0,-0.000532632,0
1773774215201,0.0888672,-0.216797,0.988281,0,-0.00106526,0
1773774215272,0.0883789,-0.217285,0.98877,0.000532632,-0.00106526,0
1773774215352,0.0883789,-0.216797,0.98877,-0.000532632,0,0
1773774215433,0.0869141,-0.218262,0.988281,-0.000532632,-0.0015979,-0.00106526
1773774215504,0.0883789,-0.216797,0.989258,0,-0.00106526,0.0015979
1773774215584,0.0874023,-0.216797,0.988281,0.00106526,-0.000532632,0.000532632
1773774215664,0.0878906,-0.215332,0.988281,-0.000532632,-0.000532632,0
1773774215735,0.0893555,-0.216797,0.988281,0.000532632,0,0
1773774215815,0.0878906,-0.217285,0.988281,-0.00106526,0,0
1773774215896,0.0878906,-0.219238,0.987305,0.000532632,-0.00106526,-0.000532632
1773774215966,0.0888672,-0.217285,0.989258,0,-0.000532632,-0.000532632
1773774216047,0.0888672,-0.217285,0.988281,-0.00106526,-0.000532632,-0.000532632
1773774216127,0.0893555,-0.215332,0.989746,-0.000532632,0,-0.000532632
1773774216198,0.0874023,-0.216309,0.989746,-0.000532632,-0.000532632,0.000532632
1773774216278,0.0898438,-0.216309,0.990234,-0.00106526,0,0
1773774216349,0.0874023,-0.216797,0.991211,0,-0.000532632,0.000532632
1773774216429,0.0893555,-0.216797,0.990234,-0.00106526,-0.00106526,-0.000532632
1773774216510,0.0893555,-0.218262,0.989746,-0.00106526,-0.000532632,0.000532632
1773774216580,0.0859375,-0.217285,0.987305,-0.00106526,-0.0015979,-0.0015979
1773774216661,0.0888672,-0.216797,0.990234,-0.000532632,-0.000532632,0
1773774216742,0.0849609,-0.215332,0.989746,0,-0.00106526,0.00106526
1773774216812,0.0878906,-0.217773,0.990234,-0.0015979,0,0
1773774216892,0.0888672,-0.216797,0.987305,-0.000532632,-0.000532632,0
1773774216973,0.0878906,-0.219727,0.990234,-0.000532632,-0.000532632,-0.000532632
1773774217043,0.0893555,-0.216797,0.988281,-0.00106526,-0.000532632,0.000532632
1773774217124,0.0883789,-0.214844,0.989746,-0.000532632,-0.0015979,0
1773774217204,0.0888672,-0.216797,0.990234,0,-0.00106526,-0.000532632
1773774217275,0.0888672,-0.217773,0.990234,0,0,-0.00106526
1773774217356,0.0898438,-0.216797,0.98877,-0.000532632,-0.000532632,-0.000532632
1773774217436,0.0854492,-0.216797,0.98877,0,0,0.000532632
1773774217507,0.0878906,-0.21875,0.987793,0,-0.00106526,-0.00106526
1773774217587,0.0864258,-0.218262,0.989258,0,-0.000532632,0
1773774217668,0.0888672,-0.216309,0.987305,0,-0.0015979,-0.00106526
1773774217738,0.0908203,-0.216797,0.98877,-0.000532632,-0.00213053,-0.000532632
1773774217819,0.0883789,-0.217285,0.987793,-0.00106526,-0.00213053,0.000532632
1773774217889,0.0888672,-0.216797,0.986816,0,0,0
1773774217970,0.0893555,-0.216797,0.98877,-0.000532632,0,0
1773774218050,0.0888672,-0.217773,0.98877,0,0.000532632,-0.000532632
1773774218121,0.0869141,-0.216309,0.989258,-0.000532632,-0.000532632,0
1773774218201,0.0888672,-0.216309,0.989746,0.000532632,-0.000532632,-0.000532632
1773774218282,0.0859375,-0.217773,0.98877,-0.000532632,-0.000532632,0
1773774218352,0.0878906,-0.216309,0.98877,0,-0.000532632,0
1773774218433,0.0878906,-0.216309,0.988281,0.000532632,-0.000532632,0
1773774218513,0.0898438,-0.216309,0.988281,-0.000532632,-0.000532632,0.000532632
1773774218584,0.0883789,-0.216309,0.98584,0,0,0
1773774218664,0.0869141,-0.21582,0.98877,-0.000532632,-0.000532632,0
1773774218745,0.0888672,-0.217773,0.987305,0.000532632,-0.00106526,0.000532632
1773774218815,0.0869141,-0.216797,0.986816,0,-0.00106526,0
1773774218896,0.0854492,-0.217773,0.988281,-0.000532632,-0.000532632,0.00106526
1773774218977,0.0878906,-0.217773,0.989746,-0.000532632,-0.000532632,0
1773774219047,0.0859375,-0.217285,0.987793,0,-0.000532632,-0.00106526
1773774219128,0.0864258,-0.217285,0.988281,0,-0.00106526,0.000532632
1773774219198,0.0878906,-0.217773,0.987793,-0.000532632,-0.000532632,-0.000532632
1773774219279,0.0878906,-0.219238,0.988281,0.000532632,-0.0015979,0.000532632
1773774219360,0.0888672,-0.219238,0.987305,0.000532632,-0.000532632,0
1773774219431,0.0864258,-0.217773,0.987793,0.00106526,-0.000532632,0.00106526
1773774219511,0.0874023,-0.21875,0.988281,-0.000532632,-0.000532632,-0.000532632
1773774219592,0.0888672,-0.216309,0.98877,0,-0.000532632,-0.000532632
1773774219662,0.0874023,-0.217773,0.988281,-0.00106526,-0.000532632,0
1773774219743,0.0888672,-0.21582,0.988281,0,0,0
1773774219823,0.0874023,-0.219238,0.989746,0,0,0
1773774219894,0.0864258,-0.217285,0.989746,-0.000532632,-0.000532632,-0.000532632
1773774219974,0.0888672,-0.21875,0.988281,0,0,-0.00106526
1773774220055,0.090332,-0.216309,0.989746,0.00106526,-0.00106526,-0.000532632
1773774220125,0.0874023,-0.218262,0.987793,0,-0.000532632,0.000532632
1773774220206,0.0878906,-0.21875,0.987793,0.000532632,-0.000532632,0.000532632
1773774220276,0.0874023,-0.218262,0.987305,0,0,0.000532632
1773774220357,0.0893555,-0.217773,0.988281,0.000532632,-0.000532632,-0.00106526
1773774220437,0.0869141,-0.218262,0.98877,0,-0.00106526,0
1773774220508,0.0893555,-0.217285,0.98877,0,0,-0.000532632
1773774220588,0.0883789,-0.217773,0.989258,-0.00106526,-0.000532632,-0.000532632
1773774220669,0.0859375,-0.217773,0.989746,-0.000532632,-0.000532632,0.000532632
1773774220739,0.0874023,-0.218262,0.98877,0.000532632,-0.000532632,0.000532632
1773774220820,0.0883789,-0.21582,0.989258,-0.00106526,-0.00106526,0
1773774220901,0.0883789,-0.216309,0.98877,0,-0.000532632,0
1773774220971,0.0874023,-0.217285,0.987305,-0.000532632,-0.000532632,0.000532632
1773774221052,0.0869141,-0.218262,0.987793,0,0,0
1773774221132,0.0898438,-0.217285,0.988281,0.000532632,0,0
1773774221203,0.0869141,-0.217285,0.989258,0,-0.00106526,0
1773774221284,0.0869141,-0.216797,0.987305,0,-0.000532632,0
1773774221364,0.0883789,-0.216309,0.990234,0.000532632,0,-0.000532632
1773774221434,0.0878906,-0.216309,0.989746,-0.000532632,0,-0.00106526
1773774221515,0.0883789,-0.21582,0.989746,-0.0015979,-0.000532632,0
1773774221585,0.0869141,-0.21582,0.989258,-0.000532632,-0.000532632,0
1773774221666,0.0878906,-0.216309,0.987793,-0.00106526,-0.0015979,0
1773774221746,0.0898438,-0.217773,0.987305,-0.000532632,-0.0015979,-0.000532632
1773774221817,0.0898438,-0.216309,0.98877,0.000532632,-0.0015979,0
1773774221897,0.0854492,-0.21582,0.987793,-0.000532632,-0.000532632,0
1773774221978,0.0864258,-0.217773,0.987305,0.000532632,-0.000532632,-0.00106526
1773774222048,0.0869141,-0.21875,0.988281,0.000532632,0,-0.000532632
1773774222129,0.0883789,-0.215332,0.990234,0,-0.00106526,-0.00106526
1773774222209,0.0874023,-0.217285,0.988281,0,-0.000532632,0.000532632
1773774222280,0.0888672,-0.21875,0.987305,0.000532632,-0.0015979,0.000532632
1773774222360,0.0874023,-0.21582,0.987305,-0.000532632,-0.00106526,-0.00106526
1773774222441,0.0859375,-0.216797,0.988281,-0.000532632,-0.00106526,-0.000532632
1773774222512,0.0864258,-0.216309,0.987305,-0.000532632,-0.000532632,-0.000532632
1773774222592,0.0869141,-0.219238,0.98877,-0.000532632,-0.0015979,-0.00106526
1773774222673,0.0874023,-0.21582,0.988281,-0.000532632,-0.0015979,0
1773774222743,0.0849609,-0.218262,0.98877,0.000532632,-0.00106526,0
1773774222824,0.0864258,-0.216797,0.986328,0,-0.000532632,-0.00106526
1773774222894,0.0874023,-0.216309,0.990234,0.000532632,0,0
1773774222975,0.0878906,-0.217285,0.989258,-0.000532632,-0.00106526,-0.000532632
1773774223055,0.0888672,-0.216797,0.988281,0.000532632,-0.000532632,0.000532632
1773774223126,0.0883789,-0.216797,0.989258,0.000532632,-0.000532632,-0.000532632
1773774223208,0.0888672,-0.216797,0.987793,0,-0.000532632,0
1773774223287,0.0888672,-0.217773,0.987305,0.000532632,0,0
1773774223359,0.0874023,-0.21582,0.989746,-0.000532632,-0.0015979,0
1773774223439,0.0878906,-0.21582,0.989258,0,-0.00106526,-0.000532632
1773774223510,0.0878906,-0.216309,0.989746,-0.0015979,-0.000532632,0.000532632
1773774223590,0.0878906,-0.21875,0.98877,-0.00106526,0,0
1773774223671,0.0883789,-0.21875,0.989746,0.000532632,-0.000532632,0.00106526
1773774223741,0.0874023,-0.213867,0.989746,0.000532632,-0.000532632,-0.000532632
1773774223822,0.0878906,-0.218262,0.989258,0.000532632,0,0.000532632
1773774223902,0.0883789,-0.216797,0.987793,0.000532632,-0.00106526,0
1773774223973,0.0893555,-0.218262,0.987793,0,-0.000532632,-0.000532632
1773774224053,0.0893555,-0.216797,0.991211,0.00106526,-0.00106526,-0.00106526
1773774224134,0.0874023,-0.217285,0.989746,0.000532632,-0.000532632,0.000532632
1773774224204,0.0874023,-0.218262,0.989258,0.000532632,-0.000532632,-0.000532632
1773774224285,0.0888672,-0.215332,0.990723,-0.00106526,0,0
1773774224365,0.0869141,-0.216309,0.98877,0.000532632,-0.00106526,-0.000532632
1773774224436,0.0874023,-0.216797,0.988281,0.000532632,-0.0015979,0
1773774224517,0.0893555,-0.218262,0.98584,0.000532632,0.000532632,-0.000532632
1773774224597,0.0869141,-0.21582,0.988281,-0.00106526,-0.00106526,-0.000532632
1773774224668,0.0864258,-0.214844,0.987305,0,-0.00106526,0
1773774224748,0.0893555,-0.215332,0.988281,0,-0.00106526,-0.00106526
1773774224819,0.0883789,-0.216797,0.990234,-0.000532632,-0.00106526,-0.00106526
1773774224899,0.0854492,-0.21582,0.989258,-0.000532632,0.000532632,-0.000532632
1773774224980,0.0874023,-0.216309,0.989746,0.000532632,-0.000532632,0
1773774225050,0.0869141,-0.214844,0.989258,0,-0.000532632,-0.000532632
1773774225132,0.0893555,-0.217773,0.98877,0.00106526,-0.0015979,0
1773774225211,0.0859375,-0.217285,0.989258,0,-0.000532632,-0.00106526
1773774225282,0.0893555,-0.216797,0.988281,0.000532632,-0.00106526,-0.000532632
1773774225362,0.0883789,-0.217773,0.989258,0.000532632,-0.00106526,0
1773774225443,0.0883789,-0.219238,0.988281,0,-0.00106526,0.000532632
1773774225513,0.0898438,-0.21875,0.989746,0,-0.0015979,-0.000532632
1773774225594,0.0878906,-0.216797,0.989746,0.000532632,0,0
1773774225674,0.0878906,-0.217773,0.98877,0.000532632,-0.00213053,0.000532632
1773774225745,0.0898438,-0.217285,0.990234,-0.00106526,-0.000532632,-0.000532632
1773774225826,0.0869141,-0.21582,0.98877,0.000532632,0,0.000532632
1773774225906,0.0898438,-0.217285,0.988281,0,-0.000532632,-0.000532632
1773774225977,0.0859375,-0.217773,0.986816,-0.00106526,-0.0015979,-0.000532632
1773774226057,0.0898438,-0.216309,0.98877,0,-0.000532632,-0.000532632
1773774226128,0.0878906,-0.219238,0.987793,-0.00106526,-0.000532632,0.0015979
1773774226208,0.0874023,-0.217773,0.988281,-0.000532632,-0.0015979,0.000532632
1773774226289,0.0893555,-0.216797,0.98877,0,0,-0.000532632
1773774226359,0.0878906,-0.216797,0.988281,0,-0.000532632,0
1773774226440,0.0878906,-0.217773,0.989258,0.00106526,0,0.000532632
1773774226520,0.0878906,-0.216797,0.987793,0.000532632,0,0
1773774226591,0.0888672,-0.218262,0.989746,-0.000532632,0,0.000532632
1773774226672,0.0893555,-0.217285,0.989258,-0.000532632,-0.000532632,0.000532632
1773774226753,0.0869141,-0.216309,0.986816,0,0,0.000532632
1773774226823,0.0874023,-0.217285,0.989258,0.000532632,0,-0.00106526
1773774226904,0.0864258,-0.216797,0.990723,0,-0.000532632,-0.000532632
1773774226984,0.0869141,-0.217773,0.988281,0.000532632,-0.000532632,0.000532632
1773774227055,0.0878906,-0.21582,0.989258,0.000532632,-0.000532632,0.000532632
1773774227135,0.0874023,-0.216309,0.987305,0,-0.00106526,0
1773774227206,0.0878906,-0.216797,0.988281,0.000532632,0.000532632,0
1773774227286,0.0888672,-0.217285,0.989746,-0.00106526,-0.000532632,0.000532632
1773774227367,0.0898438,-0.218262,0.987305,-0.000532632,-0.00106526,-0.000532632
1773774227438,0.0883789,-0.217773,0.987793,0,-0.000532632,0
1773774227518,0.0878906,-0.216309,0.989258,0,0,-0.000532632
1773774227599,0.0888672,-0.217773,0.987793,0.000532632,0,0
1773774227669,0.0878906,-0.220703,0.98877,0,0.000532632,0.000532632
1773774227750,0.0888672,-0.216797,0.988281,0.000532632,-0.000532632,0.000532632
1773774227831,0.0878906,-0.218262,0.990723,0.000532632,-0.000532632,-0.000532632
1773774227901,0.0893555,-0.21582,0.989258,-0.000532632,-0.000532632,0
1773774227982,0.0874023,-0.216797,0.987793,0,-0.000532632,-0.000532632
1773774228062,0.0859375,-0.216309,0.988281,0.000532632,0.000532632,-0.00106526
1773774228133,0.0913086,-0.215332,0.989746,-0.000532632,0,-0.000532632
1773774228215,0.0893555,-0.216797,0.98877,0.000532632,-0.000532632,-0.000532632
1773774228284,0.0883789,-0.214355,0.986816,-0.000532632,0,0
1773774228364,0.0864258,-0.218262,0.989258,-0.000532632,-0.0015979,0.000532632
1773774228445,0.0893555,-0.21582,0.989746,0,-0.0015979,0
1773774228515,0.0898438,-0.21582,0.98877,-0.00106526,-0.00106526,0.000532632
1773774228596,0.0874023,-0.217285,0.98877,-0.000532632,-0.000532632,-0.00106526
1773774228677,0.0878906,-0.217285,0.990234,-0.00106526,-0.000532632,0
1773774228747,0.0878906,-0.217285,0.98877,0.000532632,-0.00106526,0.000532632
1773774228828,0.0859375,-0.220215,0.989258,-0.00106526,-0.0015979,0
1773774228908,0.0869141,-0.219727,0.98584,-0.00106526,-0.00106526,-0.000532632
1773774228979,0.0869141,-0.218262,0.987305,-0.00106526,0,0
1773774229059,0.0888672,-0.218262,0.98877,-0.000532632,0,-0.000532632
1773774229140,0.0893555,-0.219238,0.987305,-0.000532632,-0.0015979,0
1773774229210,0.090332,-0.216797,0.98877,0,-0.000532632,-0.000532632
1773774229291,0.0893555,-0.21875,0.987793,-0.00106526,-0.0015979,-0.00106526
1773774229362,0.0888672,-0.21582,0.989746,0,-0.00106526,-0.000532632
1773774229442,0.0883789,-0.217773,0.98584,0.000532632,0,0.000532632
1773774229522,0.0898438,-0.21582,0.989746,0,-0.000532632,-0.000532632
1773774229593,0.0869141,-0.217285,0.987305,0,0,0.000532632
1773774229674,0.0888672,-0.217285,0.987305,0,-0.00106526,0.000532632
1773774229754,0.0874023,-0.217285,0.989746,0,-0.00106526,0
1773774229825,0.0864258,-0.217285,0.984863,-0.000532632,-0.00106526,-0.000532632
1773774229905,0.0869141,-0.217773,0.990234,0,-0.00106526,0
1773774229986,0.0869141,-0.218262,0.989258,0.000532632,-0.000532632,-0.000532632
1773774230056,0.0898438,-0.217285,0.98877,-0.000532632,-0.00106526,0
1773774230137,0.0874023,-0.216309,0.989746,0.000532632,-0.000532632,-0.00106526
1773774230217,0.0898438,-0.217773,0.988281,-0.000532632,-0.00106526,-0.00106526
1773774230288,0.090332,-0.217285,0.98877,0.00106526,-0.0015979,0
1773774230368,0.0878906,-0.213867,0.989258,0.000532632,-0.00106526,-0.000532632
1773774230449,0.0878906,-0.216797,0.987793,0,0,-0.0015979
1773774230520,0.090332,-0.217285,0.989746,0.000532632,0,0.000532632
1773774230600,0.0869141,-0.216797,0.989746,0,-0.000532632,-0.000532632
1773774230670,0.0878906,-0.216309,0.989258,0,-0.000532632,0
1773774230751,0.0874023,-0.216309,0.987305,0.000532632,-0.000532632,-0.000532632
1773774230832,0.0893555,-0.21582,0.990723,0,0,0
1773774230902,0.0874023,-0.216797,0.989258,0,-0.00106526,-0.000532632
1773774230983,0.0864258,-0.216309,0.986816,0.000532632,-0.000532632,0
1773774231063,0.0878906,-0.217285,0.987793,0,-0.00106526,-0.00106526
1773774231134,0.0893555,-0.217773,0.987305,0,-0.00106526,-0.000532632
1773774231214,0.0878906,-0.218262,0.98877,0,0,-0.000532632
1773774231295,0.0878906,-0.217285,0.987305,0,0,0
1773774231365,0.0893555,-0.216797,0.989746,0,-0.00106526,-0.00106526
1773774231446,0.0878906,-0.21582,0.98877,-0.000532632,-0.00106526,-0.000532632
1773774231526,0.0869141,-0.216797,0.987305,0.00106526,-0.00106526,0.000532632
1773774231597,0.0888672,-0.216797,0.987793,0.00106526,0,0.00106526
1773774231677,0.0878906,-0.217773,0.98877,0.000532632,-0.000532632,0
1773774231758,0.0888672,-0.21582,0.986816,-0.000532632,-0.000532632,-0.00106526
1773774231828,0.0864258,-0.217285,0.987305,0,0,0.000532632
1773774231909,0.0888672,-0.215332,0.987793,-0.000532632,0,0
1773774231979,0.0864258,-0.215332,0.987793,-0.000532632,0,-0.000532632
1773774232060,0.0893555,-0.21875,0.990234,-0.000532632,-0.0015979,-0.000532632
1773774232140,0.0883789,-0.217285,0.990234,0,-0.000532632,0.000532632
1773774232211,0.0898438,-0.217285,0.988281,-0.000532632,-0.000532632,-0.000532632
1773774232292,0.0874023,-0.216309,0.988281,-0.000532632,0,0
1773774232372,0.0878906,-0.216797,0.987793,-0.00106526,0,0
1773774232443,0.0888672,-0.218262,0.989258,0,-0.00106526,-0.000532632
1773774232523,0.0883789,-0.216309,0.988281,-0.000532632,-0.000532632,-0.00106526
1773774232604,0.0893555,-0.217285,0.988281,0,-0.00106526,0
1773774232674,0.0883789,-0.216309,0.986816,0.000532632,0,-0.000532632
1773774232755,0.0869141,-0.21875,0.987793,0,-0.0015979,-0.0015979
1773774232835,0.0888672,-0.218262,0.989746,0,-0.0015979,0
1773774232906,0.0883789,-0.21875,0.990723,0.000532632,-0.000532632,0.00106526
1773774232986,0.0878906,-0.217285,0.98877,-0.000532632,-0.000532632,-0.00106526
1773774233057,0.0888672,-0.219238,0.987793,-0.000532632,-0.0015979,-0.000532632
1773774233138,0.0869141,-0.216797,0.988281,0,-0.0015979,0.000532632
1773774233218,0.0883789,-0.216797,0.989258,0,-0.000532632,-0.000532632
1773774233289,0.0893555,-0.216797,0.987793,0,-0.000532632,0.000532632
1773774233369,0.0874023,-0.218262,0.990234,-0.000532632,-0.00106526,-0.00106526
1773774233450,0.0878906,-0.214355,0.988281,0.000532632,-0.00106526,-0.000532632
1773774233521,0.0878906,-0.217773,0.987793,0,0,-0.000532632
1773774233601,0.0878906,-0.217285,0.990234,0.000532632,0,0.00106526
1773774233682,0.0874023,-0.217773,0.989258,0,0,-0.00106526
1773774233752,0.090332,-0.216309,0.988281,0,-0.00106526,-0.000532632
1773774233833,0.0893555,-0.216309,0.988281,-0.000532632,-0.00106526,0.000532632
1773774233914,0.0874023,-0.217773,0.986816,0.000532632,-0.000532632,0
1773774233984,0.0874023,-0.217773,0.98877,0,-0.00106526,-0.000532632
1773774234065,0.0888672,-0.218262,0.987305,-0.00106526,-0.000532632,0
1773774234135,0.0893555,-0.216797,0.988281,0.00106526,0.000532632,0
1773774234216,0.0898438,-0.216797,0.988281,0,0,0
1773774234296,0.0874023,-0.216797,0.989258,-0.000532632,-0.00106526,0
1773774234367,0.0878906,-0.21582,0.988281,-0.000532632,-0.000532632,0
1773774234447,0.0888672,-0.217285,0.987793,-0.000532632,-0.0015979,0.000532632
1773774234528,0.0874023,-0.217285,0.98877,0,-0.000532632,-0.00106526
1773774234599,0.0883789,-0.217285,0.989258,0.000532632,-0.000532632,0
1773774234679,0.0883789,-0.216797,0.988281,0,-0.00106526,0
1773774234760,0.0888672,-0.214844,0.98877,0,-0.000532632,-0.000532632
1773774234830,0.0874023,-0.216797,0.989746,0,-0.000532632,0
1773774234911,0.0883789,-0.215332,0.98877,0,-0.00106526,0.000532632
1773774234991,0.0869141,-0.216309,0.990723,0,0,-0.000532632
1773774235062,0.0869141,-0.215332,0.987793,0.000532632,0.000532632,0
1773774235142,0.0888672,-0.216309,0.987793,0,-0.000532632,0.000532632
1773774235223,0.090332,-0.217773,0.990234,0.000532632,0,-0.000532632
1773774235293,0.0849609,-0.21582,0.988281,-0.00106526,-0.0015979,0.00106526
1773774235374,0.0878906,-0.217285,0.989258,0,0,0
1773774235445,0.0874023,-0.217773,0.98877,-0.000532632,-0.00106526,0.000532632
1773774235525,0.0874023,-0.217285,0.988281,0,-0.00106526,0
1773774235606,0.0878906,-0.21582,0.989746,0.000532632,0,0
1773774235676,0.0869141,-0.218262,0.990234,0,-0.00106526,-0.000532632
1773774235757,0.0874023,-0.216309,0.989258,-0.000532632,-0.00106526,0.000532632
1773774235838,0.0874023,-0.217773,0.98877,0.000532632,-0.000532632,0
1773774235908,0.0874023,-0.214844,0.987793,-0.000532632,-0.0015979,-0.000532632
1773774235989,0.0874023,-0.215332,0.988281,-0.00106526,-0.00106526,-0.00106526
1773774236069,0.0888672,-0.217285,0.987793,-0.000532632,-0.000532632,0
1773774236140,0.0888672,-0.217285,0.987793,0,0,0.000532632
1773774236220,0.0878906,-0.219238,0.989746,-0.0015979,0.000532632,0.000532632
1773774236301,0.0859375,-0.216797,0.987305,0,-0.00106526,0
1773774236371,0.0878906,-0.217285,0.987793,0.000532632,-0.00106526,0.000532632
1773774236452,0.0893555,-0.216797,0.987793,0,-0.00106526,0.00106526
1773774236522,0.0874023,-0.217285,0.986816,0,-0.000532632,0
1773774236603,0.0869141,-0.216797,0.989258,0,-0.00106526,0
1773774236684,0.0893555,-0.216797,0.98877,0,0,0
1773774236754,0.0898438,-0.218262,0.989258,-0.000532632,-0.000532632,-0.000532632
1773774236834,0.0874023,-0.216797,0.989258,0,0.000532632,0.000532632
1773774236915,0.0878906,-0.216309,0.990234,-0.00106526,-0.00106526,0.00106526
1773774236985,0.0883789,-0.218262,0.989258,0,0,0.000532632
1773774237066,0.0893555,-0.217285,0.989258,0,-0.00106526,0
1773774237147,0.0898438,-0.217285,0.987793,0,0,0.000532632
1773774237217,0.0874023,-0.21582,0.988281,-0.00106526,-0.000532632,0
1773774237298,0.0888672,-0.218262,0.989258,-0.0015979,-0.000532632,-0.000532632
1773774237378,0.0888672,-0.216309,0.988281,0,-0.00106526,-0.000532632
1773774237449,0.0883789,-0.21875,0.987793,-0.000532632,-0.000532632,0
1773774237530,0.0908203,-0.217285,0.98877,0,-0.00106526,0.000532632
1773774237601,0.0888672,-0.215332,0.990234,0.00106526,-0.000532632,-0.000532632
1773774237681,0.0878906,-0.21582,0.98877,-0.00106526,-0.000532632,0.000532632
1773774237762,0.0864258,-0.217285,0.987793,0,-0.00106526,0
1773774237832,0.0878906,-0.217773,0.98877,0,-0.0015979,0
1773774237913,0.0898438,-0.215332,0.987793,0,-0.00106526,0.000532632
1773774237993,0.0883789,-0.21582,0.988281,-0.000532632,-0.000532632,0
1773774238064,0.0883789,-0.218262,0.98877,0.000532632,-0.000532632,0.000532632
1773774238145,0.0883789,-0.216797,0.989746,0,-0.000532632,-0.000532632
1773774238225,0.0878906,-0.21875,0.987305,-0.000532632,-0.00106526,0
1773774238296,0.0883789,-0.217773,0.989746,0.000532632,-0.00106526,0.000532632
1773774238376,0.0898438,-0.217285,0.989746,0.00106526,-0.000532632,0
1773774238457,0.0874023,-0.219238,0.988281,0.000532632,-0.00106526,0.000532632
1773774238527,0.0874023,-0.21875,0.989746,0,-0.000532632,0
1773774238608,0.0878906,-0.216309,0.988281,0,-0.000532632,0
1773774238678,0.0878906,-0.214844,0.989746,0.000532632,-0.000532632,0
1773774238759,0.0893555,-0.220215,0.987793,0.000532632,-0.000532632,0.000532632
1773774238839,0.0854492,-0.216797,0.986816,0,-0.000532632,-0.000532632
1773774238910,0.0874023,-0.217773,0.98877,0,0.000532632,0
1773774238990,0.0888672,-0.216309,0.98877,-0.000532632,-0.00106526,-0.000532632
1773774239071,0.0874023,-0.216309,0.989258,-0.000532632,-0.000532632,0.000532632
1773774239142,0.090332,-0.218262,0.987793,-0.000532632,-0.000532632,0
1773774239222,0.0864258,-0.21875,0.98877,0.000532632,-0.00106526,0.000532632
1773774239302,0.0878906,-0.216797,0.987793,-0.000532632,-0.000532632,-0.000532632
1773774239373,0.0869141,-0.217285,0.987305,0,-0.000532632,-0.000532632
1773774239453,0.0864258,-0.217285,0.98877,0.000532632,-0.000532632,0
1773774239534,0.0883789,-0.21875,0.98584,-0.00106526,-0.000532632,0
1773774239605,0.0874023,-0.21582,0.991211,-0.00106526,-0.00106526,-0.00106526
1773774239685,0.0888672,-0.217773,0.987793,0.000532632,-0.00106526,0
1773774239766,0.0874023,-0.217285,0.988281,0,-0.000532632,-0.000532632
1773774239836,0.0883789,-0.217285,0.98877,0.000532632,-0.00106526,0
1773774239917,0.0878906,-0.216797,0.988281,-0.000532632,-0.000532632,-0.000532632
1773774239987,0.0888672,-0.217773,0.987793,0.000532632,0,-0.000532632
1773774240068,0.0878906,-0.216797,0.98877,0.000532632,0,0
1773774240148,0.0893555,-0.21582,0.988281,0,-0.00106526,0
1773774240219,0.0869141,-0.216797,0.989746,-0.00106526,0.00106526,0
1773774240299,0.0874023,-0.217773,0.986816,-0.000532632,-0.00106526,0
1773774240380,0.0878906,-0.216309,0.984375,0,-0.000532632,-0.000532632
1773774240454,0.0869141,-0.216797,0.986816,0,-0.0015979,-0.000532632
1773774240534,0.0864258,-0.216797,0.986816,-0.000532632,-0.0015979,0.000532632
1773774240605,0.0898438,-0.217285,0.989746,-0.000532632,-0.00106526,0
1773774240685,0.0898438,-0.21875,0.988281,0.00106526,-0.000532632,0.00106526
1773774240766,0.0869141,-0.216797,0.988281,-0.000532632,0,-0.000532632
1773774240836,0.0869141,-0.218262,0.988281,0,-0.00106526,0
1773774240917,0.0874023,-0.217285,0.988281,0,-0.00106526,-0.00106526
1773774240998,0.0878906,-0.217773,0.989258,0,-0.000532632,0
1773774241068,0.0859375,-0.21875,0.987793,0,-0.000532632,0
1773774241148,0.0874023,-0.219238,0.987793,0.000532632,0,0.00106526
1773774241220,0.0878906,-0.21875,0.987793,0.000532632,-0.00106526,0.000532632
1773774241300,0.0869141,-0.217285,0.990234,0,0,0
1773774241380,0.0883789,-0.216797,0.989746,0.000532632,-0.0015979,0
1773774241451,0.0883789,-0.216309,0.989746,0,-0.00106526,0
1773774241531,0.0869141,-0.21582,0.989258,-0.000532632,-0.000532632,0
1773774241612,0.0874023,-0.216797,0.988281,-0.000532632,-0.00106526,0.000532632
1773774241682,0.0888672,-0.217773,0.987793,-0.000532632,-0.000532632,-0.000532632
1773774241763,0.0874023,-0.216797,0.987793,-0.000532632,-0.000532632,-0.00106526
1773774241843,0.0883789,-0.217285,0.989258,-0.000532632,0,-0.000532632
1773774241914,0.0893555,-0.216309,0.987793,0.000532632,0,-0.000532632
1773774241995,0.0888672,-0.218262,0.987793,0,0,0.00106526
1773774242075,0.0874023,-0.215332,0.987793,0.000532632,-0.0015979,-0.000532632
1773774242146,0.0864258,-0.217285,0.98877,0,0,-0.00106526
1773774242226,0.0893555,-0.217773,0.987793,0,0,0
1773774242297,0.0893555,-0.217285,0.987793,0,-0.00106526,0
1773774242377,0.0869141,-0.217285,0.98877,-0.000532632,0,0.000532632
1773774242458,0.0878906,-0.217285,0.98877,0.0015979,-0.000532632,0
1773774242528,0.0874023,-0.216797,0.986328,-0.000532632,-0.000532632,-0.000532632
1773774242609,0.0864258,-0.218262,0.986816,0,0,0.000532632
1773774242690,0.0888672,-0.218262,0.986816,-0.000532632,0.000532632,0.00106526
1773774242760,0.0859375,-0.216309,0.989746,0.000532632,-0.000532632,-0.000532632
1773774242841,0.0883789,-0.217285,0.986816,-0.000532632,-0.0015979,-0.000532632
1773774242921,0.0888672,-0.217773,0.989746,-0.000532632,-0.00106526,0.000532632
1773774242992,0.0893555,-0.216309,0.988281,-0.000532632,-0.000532632,-0.000532632
1773774243072,0.0888672,-0.218262,0.988281,-0.000532632,-0.000532632,0
1773774243153,0.0888672,-0.217285,0.989746,0.00106526,0,-0.00106526
1773774243223,0.0888672,-0.219238,0.986816,-0.000532632,0,0.000532632
1773774243304,0.0888672,-0.218262,0.990723,0.000532632,-0.000532632,0
1773774243384,0.0883789,-0.21582,0.987793,0.000532632,-0.00106526,-0.000532632
1773774243455,0.0898438,-0.217285,0.988281,0.000532632,-0.00106526,0.000532632
1773774243535,0.0883789,-0.216309,0.98877,-0.00106526,-0.00106526,0.000532632
1773774243606,0.0898438,-0.216797,0.98877,0.000532632,-0.000532632,-0.000532632
1773774243686,0.0883789,-0.218262,0.987793,-0.000532632,-0.000532632,0
1773774243768,0.0893555,-0.216309,0.987793,0,0,-0.000532632
1773774243837,0.0893555,-0.215332,0.989258,-0.000532632,-0.00106526,0.000532632
1773774243919,0.0869141,-0.218262,0.990234,-0.000532632,-0.000532632,0
1773774243999,0.0878906,-0.218262,0.986328,0.000532632,-0.000532632,0
1773774244069,0.0878906,-0.220215,0.988281,0.000532632,-0.0015979,0.000532632
1773774244150,0.0888672,-0.217285,0.987305,-0.00106526,-0.00106526,0
1773774244230,0.0869141,-0.217773,0.98877,-0.00106526,-0.00106526,0.000532632
1773774244301,0.0874023,-0.218262,0.987305,-0.000532632,-0.000532632,-0.000532632
1773774244382,0.0893555,-0.216309,0.987793,0,-0.0015979,0
1773774244462,0.0878906,-0.216309,0.990723,0.000532632,-0.00106526,-0.000532632
1773774244532,0.0859375,-0.217773,0.987305,0.000532632,-0.00106526,0
1773774244613,0.0864258,-0.21875,0.989746,-0.000532632,-0.00106526,-0.000532632
1773774244694,0.0878906,-0.219727,0.987793,-0.000532632,-0.000532632,0
1773774244764,0.0869141,-0.217285,0.989258,-0.0015979,-0.000532632,0.000532632
1773774244845,0.0874023,-0.216797,0.986816,0.00106526,-0.000532632,-0.000532632
1773774244915,0.0869141,-0.217285,0.989258,-0.00106526,-0.00106526,0
1773774244996,0.0878906,-0.216797,0.989258,0,-0.0015979,0
1773774245077,0.0878906,-0.216797,0.98877,0,0,0.000532632
1773774245147,0.0883789,-0.21582,0.987793,0.000532632,-0.00106526,0
1773774245228,0.0869141,-0.21875,0.989258,0.00106526,-0.00106526,0.000532632
1773774245308,0.0893555,-0.217773,0.989258,-0.000532632,0,0.000532632
1773774245379,0.0869141,-0.215332,0.989258,0.000532632,-0.000532632,0
1773774245459,0.0869141,-0.216309,0.988281,0,-0.000532632,0
1773774245540,0.0878906,-0.213867,0.989258,-0.000532632,-0.000532632,0.00106526
1773774245610,0.0874023,-0.216797,0.98877,0,-0.00106526,-0.000532632
1773774245691,0.0883789,-0.217773,0.988281,0,-0.0015979,-0.00106526
1773774245772,0.0878906,-0.21875,0.986816,0.00106526,-0.000532632,0.000532632
1773774245842,0.0864258,-0.21582,0.987793,0.000532632,-0.000532632,-0.00106526
1773774245923,0.0898438,-0.216309,0.987793,0,-0.00106526,-0.000532632
1773774245993,0.0898438,-0.215332,0.988281,-0.000532632,0.000532632,-0.000532632
1773774246074,0.0893555,-0.214844,0.990234,0,-0.000532632,0
1773774246154,0.0878906,-0.216309,0.98877,0.000532632,-0.000532632,0
1773774246225,0.0883789,-0.218262,0.989258,0.000532632,0,0
1773774246305,0.0888672,-0.216309,0.990234,0.000532632,-0.00106526,-0.000532632
1773774246386,0.0883789,-0.21582,0.987305,-0.00106526,-0.00106526,-0.00106526
1773774246456,0.0874023,-0.216309,0.989746,0,-0.00106526,0.000532632
1773774246537,0.0874023,-0.217773,0.986816,-0.000532632,-0.000532632,-0.000532632
1773774246617,0.0888672,-0.218262,0.992188,-0.000532632,0,-0.000532632
1773774246688,0.0888672,-0.216797,0.988281,-0.000532632,0,0.000532632
1773774246768,0.0874023,-0.218262,0.98877,0.000532632,-0.00106526,-0.00106526
1773774246849,0.0898438,-0.217285,0.989746,0.00106526,-0.000532632,0.000532632
1773774246919,0.0869141,-0.218262,0.989258,0,-0.000532632,-0.000532632
1773774247000,0.0883789,-0.217773,0.990234,-0.000532632,-0.000532632,-0.000532632
1773774247080,0.0869141,-0.218262,0.989746,0,-0.000532632,0
1773774247151,0.0888672,-0.21582,0.989746,0,0,-0.00106526
1773774247232,0.0878906,-0.217285,0.98877,-0.000532632,-0.000532632,0
1773774247302,0.0898438,-0.216309,0.988281,0,-0.00106526,-0.000532632
1773774247383,0.0893555,-0.216797,0.986816,0,-0.00106526,0.000532632
1773774247463,0.0874023,-0.216309,0.989746,0.000532632,-0.0015979,0
1773774247534,0.0878906,-0.217773,0.98877,0.00106526,-0.000532632,0
1773774247615,0.0854492,-0.217773,0.989258,-0.000532632,-0.00106526,0.00106526
1773774247696,0.0874023,-0.219238,0.988281,-0.000532632,0,0
1773774247766,0.0874023,-0.216797,0.990723,-0.00106526,-0.000532632,0.000532632
1773774247847,0.0883789,-0.216797,0.989258,-0.00106526,-0.000532632,0
1773774247928,0.0864258,-0.217285,0.988281,0,0,0.000532632
1773774247998,0.0869141,-0.217285,0.987793,0.000532632,-0.00106526,-0.000532632
1773774248078,0.0864258,-0.216309,0.987305,-0.000532632,-0.000532632,0
1773774248159,0.0874023,-0.216797,0.990723,0,0,-0.000532632
1773774248229,0.0864258,-0.219238,0.989746,0.00106526,0,-0.000532632
1773774248310,0.0874023,-0.21582,0.987305,-0.00106526,-0.000532632,0
1773774248380,0.0878906,-0.216309,0.988281,0.000532632,-0.000532632,0.00106526
1773774248461,0.0883789,-0.217285,0.989258,0.00106526,-0.0015979,0.000532632
1773774248541,0.0878906,-0.217285,0.989746,0,-0.0015979,-0.000532632
1773774248612,0.0874023,-0.216309,0.98877,0,-0.00106526,0.00106526
1773774248692,0.0878906,-0.218262,0.987305,0.00106526,-0.000532632,0
1773774248773,0.0878906,-0.217285,0.990234,0,-0.00106526,0
1773774248843,0.0898438,-0.217773,0.989258,-0.000532632,-0.0015979,0
1773774248924,0.0878906,-0.21875,0.989258,-0.000532632,-0.000532632,0.000532632
1773774249005,0.0869141,-0.216309,0.988281,0,0,0
1773774249075,0.0878906,-0.217285,0.98877,0.000532632,-0.000532632,-0.000532632
1773774249156,0.0854492,-0.217773,0.987793,0,-0.000532632,0
1773774249236,0.0874023,-0.21875,0.987793,0,-0.00106526,-0.000532632
1773774249307,0.0869141,-0.21875,0.989258,-0.000532632,0,-0.00106526
1773774249387,0.0883789,-0.216309,0.987305,0,-0.00106526,0
1773774249468,0.0888672,-0.21582,0.98877,-0.000532632,-0.000532632,0
1773774249538,0.0878906,-0.21582,0.98877,0.000532632,0,0.000532632
1773774249619,0.0893555,-0.215332,0.98877,0.000532632,-0.000532632,0
1773774249689,0.0883789,-0.216309,0.986816,-0.00106526,0,0
1773774249771,0.0869141,-0.217285,0.989258,-0.000532632,-0.000532632,0
1773774249850,0.0878906,-0.216309,0.98877,0,-0.000532632,-0.0015979
1773774249921,0.0888672,-0.215332,0.989258,-0.000532632,0,-0.000532632
1773774250001,0.0883789,-0.217285,0.989746,0.000532632,-0.0015979,-0.000532632
1773774250082,0.0869141,-0.218262,0.987305,0.00106526,-0.000532632,0.000532632
1773774250152,0.0874023,-0.217773,0.990234,0,-0.000532632,-0.00106526
1773774250234,0.0888672,-0.216309,0.989258,0,-0.00106526,-0.000532632
1773774250314,0.0883789,-0.217285,0.986328,0.000532632,0.000532632,0
1773774250384,0.0888672,-0.216309,0.989746,-0.000532632,-0.000532632,0
1773774250465,0.0854492,-0.219238,0.986816,-0.000532632,-0.000532632,-0.000532632
1773774250545,0.0859375,-0.219238,0.986816,0.00106526,-0.000532632,-0.000532632
1773774250616,0.0874023,-0.218262,0.987793,0,-0.00106526,0
1773774250696,0.0883789,-0.214844,0.989258,-0.000532632,-0.000532632,-0.00106526
1773774250777,0.0859375,-0.216309,0.987305,0,-0.000532632,0.000532632
1773774250847,0.0888672,-0.217773,0.987793,0,-0.000532632,0.000532632
1773774250928,0.0883789,-0.216309,0.987793,-0.000532632,-0.00106526,-0.00106526
1773774250998,0.0893555,-0.217285,0.987793,0.000532632,-0.00106526,-0.000532632
1773774251079,0.0883789,-0.217285,0.987793,-0.00106526,-0.00106526,-0.000532632
1773774251159,0.090332,-0.215332,0.98877,-0.000532632,-0.000532632,0.00106526
1773774251230,0.0888672,-0.216797,0.98877,0.000532632,-0.000532632,-0.000532632
1773774251310,0.0869141,-0.217285,0.987793,0.000532632,-0.000532632,-0.00106526
1773774251391,0.0898438,-0.217773,0.988281,0,0.000532632,0
1773774251461,0.0869141,-0.216797,0.989258,0,0,0
1773774251543,0.0893555,-0.217773,0.988281,0,-0.00106526,-0.000532632
1773774251622,0.0878906,-0.216797,0.988281,0,-0.00106526,0
1773774251693,0.0888672,-0.217285,0.990234,-0.000532632,0.000532632,0.000532632
1773774251773,0.0883789,-0.217773,0.988281,0,0,0
1773774251854,0.0883789,-0.216797,0.987793,0,-0.000532632,0.000532632
1773774251924,0.0878906,-0.217285,0.987793,0.000532632,0,0.000532632
1773774252005,0.0883789,-0.217285,0.989746,0,-0.000532632,-0.000532632
1773774252085,0.0888672,-0.217773,0.98877,0.000532632,-0.00106526,0.000532632
1773774252156,0.0874023,-0.218262,0.989746,-0.000532632,-0.00106526,0.000532632
1773774252236,0.0878906,-0.217285,0.988281,-0.000532632,-0.00106526,-0.00106526
1773774252307,0.0864258,-0.216797,0.988281,0.000532632,-0.00106526,0.000532632
1773774252388,0.0869141,-0.217285,0.989258,0,-0.000532632,-0.000532632
1773774252468,0.0864258,-0.216797,0.990234,0,-0.000532632,-0.000532632
1773774252539,0.0883789,-0.21582,0.986816,0,-0.000532632,0
1773774252619,0.0874023,-0.219727,0.987305,-0.000532632,-0.00106526,-0.00106526
1773774252700,0.0888672,-0.217773,0.988281,0.000532632,-0.000532632,-0.000532632
1773774252770,0.0859375,-0.216309,0.98877,0,-0.000532632,0
1773774252851,0.0869141,-0.217285,0.989746,0,-0.0015979,0.000532632
1773774252931,0.0898438,-0.218262,0.988281,0,-0.0015979,-0.000532632
1773774253002,0.0883789,-0.21875,0.987793,-0.00106526,0,-0.000532632
1773774253082,0.0888672,-0.215332,0.987793,0,-0.00106526,0
1773774253163,0.0864258,-0.217773,0.988281,0,0,0.000532632
1773774253233,0.0878906,-0.21582,0.986816,0,-0.00106526,0.000532632
1773774253314,0.0878906,-0.216309,0.98877,0,-0.000532632,0
1773774253385,0.0859375,-0.216797,0.987305,0.000532632,0,0
1773774253465,0.0869141,-0.217773,0.989258,-0.00106526,-0.000532632,0.00106526
1773774253546,0.0888672,-0.216309,0.989746,0,-0.00106526,-0.000532632
1773774253616,0.0878906,-0.216797,0.988281,0,-0.000532632,0.000532632
1773774253697,0.0878906,-0.217773,0.987793,0,-0.000532632,0.00106526
1773774253777,0.0874023,-0.217285,0.988281,0.000532632,-0.0015979,0.000532632
1773774253848,0.0878906,-0.21875,0.987793,0.00106526,-0.00106526,0.00106526
1773774253928,0.0869141,-0.216309,0.989258,-0.000532632,0.000532632,-0.000532632
1773774254009,0.0874023,-0.216309,0.988281,0,-0.000532632,0
1773774254079,0.0893555,-0.217285,0.987793,0.000532632,0,0.000532632
1773774254160,0.0888672,-0.216797,0.988281,0,-0.000532632,-0.000532632
1773774254241,0.0869141,-0.217773,0.98877,0,-0.000532632,-0.000532632
1773774254311,0.0893555,-0.216797,0.987793,-0.000532632,-0.000532632,-0.00106526
1773774254391,0.0878906,-0.216309,0.990723,-0.00106526,-0.000532632,0
1773774254472,0.0864258,-0.21875,0.986816,0,-0.00106526,-0.000532632
1773774254543,0.0893555,-0.217285,0.987305,-0.000532632,-0.000532632,0
1773774254623,0.0888672,-0.218262,0.98877,0,-0.00106526,-0.000532632
1773774254694,0.0869141,-0.219238,0.989746,0.000532632,-0.0015979,0.000532632
1773774254774,0.0888672,-0.217285,0.988281,0,0,0
1773774254855,0.0878906,-0.215332,0.989258,0,0,0
1773774254925,0.0883789,-0.217773,0.987793,-0.000532632,-0.000532632,0
1773774255006,0.0859375,-0.217285,0.987793,0.000532632,-0.00106526,0.000532632
1773774255086,0.0883789,-0.216797,0.989746,0.000532632,-0.000532632,-0.000532632
1773774255157,0.0893555,-0.219238,0.989258,0.000532632,-0.00106526,-0.00106526
1773774255237,0.0874023,-0.21582,0.990234,0.000532632,-0.000532632,0
1773774255318,0.0878906,-0.21875,0.988281,0,-0.00106526,0
1773774255388,0.0888672,-0.216797,0.989258,0.000532632,-0.00106526,0
1773774255469,0.0898438,-0.216797,0.989746,-0.000532632,-0.000532632,-0.000532632
1773774255550,0.0888672,-0.217773,0.989258,-0.000532632,-0.000532632,0.00106526
1773774255620,0.0883789,-0.218262,0.98877,0,-0.00106526,0.00106526
1773774255701,0.0878906,-0.217285,0.988281,0,0,-0.000532632
1773774255781,0.0893555,-0.217285,0.989258,-0.000532632,-0.00106526,0.000532632
1773774255852,0.0869141,-0.216797,0.989258,-0.00106526,0,0.000532632
1773774255932,0.0869141,-0.21875,0.989746,-0.000532632,0,-0.000532632
1773774256004,0.0859375,-0.216797,0.989258,0,0.000532632,-0.000532632
1773774256083,0.0874023,-0.215332,0.987793,0,-0.000532632,0
1773774256164,0.0864258,-0.215332,0.989258,-0.00106526,0,0
1773774256234,0.0888672,-0.216797,0.990723,-0.00106526,-0.00106526,0.000532632
1773774256316,0.0878906,-0.217773,0.98877,0,0,0
1773774256395,0.0908203,-0.218262,0.989258,-0.00106526,-0.000532632,-0.000532632
1773774256466,0.0878906,-0.217773,0.98877,-0.000532632,0.000532632,0.000532632
1773774256546,0.0874023,-0.217285,0.988281,0,-0.00106526,0.000532632
1773774256627,0.0888672,-0.216797,0.988281,-0.000532632,-0.0015979,0
1773774256697,0.0883789,-0.216797,0.987793,0,0,-0.000532632
1773774256778,0.0878906,-0.216797,0.98877,-0.000532632,-0.000532632,0
1773774256859,0.0874023,-0.218262,0.98877,-0.00106526,-0.000532632,0
1773774256929,0.0883789,-0.217285,0.989746,-0.000532632,-0.000532632,0
1773774257010,0.0869141,-0.217285,0.98877,0,-0.00106526,0
1773774257090,0.0878906,-0.21582,0.98877,0,-0.00106526,-0.000532632
1773774257161,0.0883789,-0.217285,0.986816,0,-0.0015979,0
1773774257241,0.0874023,-0.217773,0.98877,0.00106526,-0.00106526,-0.00106526
1773774257312,0.0883789,-0.217285,0.990234,0,-0.000532632,-0.000532632
1773774257392,0.090332,-0.217285,0.98877,-0.00106526,-0.0015979,0
1773774257473,0.0874023,-0.217285,0.987305,0.000532632,-0.000532632,0.000532632
1773774257543,0.0883789,-0.214355,0.989746,-0.00106526,-0.000532632,0.000532632
1773774257624,0.0864258,-0.217285,0.98877,0,-0.000532632,0.000532632
1773774257705,0.0878906,-0.216309,0.986816,-0.000532632,-0.000532632,0
1773774257775,0.0883789,-0.216797,0.990723,0,-0.000532632,-0.000532632
1773774257855,0.0878906,-0.217285,0.991211,0.00106526,-0.000532632,0.000532632
1773774257936,0.0859375,-0.21582,0.989746,0.000532632,-0.000532632,-0.000532632
1773774258006,0.0878906,-0.217285,0.989746,-0.000532632,-0.000532632,0
1773774258087,0.0883789,-0.216309,0.988281,0,0,0
1773774258167,0.0878906,-0.216797,0.989258,0,-0.00106526,0
1773774258238,0.0893555,-0.217285,0.989258,0,-0.000532632,0.00106526
1773774258318,0.0869141,-0.218262,0.988281,0.000532632,0,0
1773774258399,0.0893555,-0.218262,0.990234,0,-0.00106526,0
1773774258470,0.0874023,-0.217285,0.990234,0,-0.000532632,-0.000532632
1773774258550,0.0883789,-0.21582,0.988281,-0.000532632,-0.00106526,-0.00106526
1773774258621,0.090332,-0.217773,0.987793,-0.000532632,-0.00213053,0
1773774258701,0.0874023,-0.216797,0.989746,0,0,-0.000532632
1773774258782,0.0874023,-0.218262,0.988281,0,0,0.000532632
1773774258852,0.0878906,-0.217773,0.988281,0,0.000532632,0
1773774258933,0.0878906,-0.217773,0.988281,-0.00106526,0,-0.000532632
1773774259013,0.0874023,-0.217285,0.987305,0,-0.0015979,-0.000532632
1773774259084,0.0869141,-0.217285,0.98877,-0.00106526,-0.000532632,0.000532632
1773774259164,0.0888672,-0.21875,0.987793,0.000532632,-0.000532632,0.000532632
1773774259245,0.0878906,-0.217285,0.989258,0,-0.000532632,-0.000532632
1773774259316,0.0888672,-0.215332,0.987793,-0.000532632,-0.000532632,0
1773774259396,0.0869141,-0.216797,0.987793,-0.000532632,-0.000532632,-0.000532632
1773774259477,0.0878906,-0.216309,0.988281,0.000532632,-0.00106526,0.00106526
1773774259547,0.0883789,-0.217285,0.989746,0,0.000532632,0.000532632
1773774259628,0.0869141,-0.216797,0.987305,0,-0.000532632,-0.00106526
1773774259698,0.0888672,-0.21582,0.989746,0,-0.000532632,-0.000532632
1773774259779,0.0888672,-0.21875,0.987305,0,0,-0.000532632
1773774259859,0.0888672,-0.216309,0.98877,0,0,0
1773774259930,0.0893555,-0.218262,0.989746,-0.000532632,0,0
1773774260011,0.0878906,-0.217285,0.98877,-0.000532632,-0.00106526,-0.00106526
1773774260091,0.0883789,-0.218262,0.987305,-0.00106526,-0.000532632,0
1773774260162,0.0878906,-0.217285,0.988281,0.000532632,-0.000532632,-0.000532632
1773774260242,0.0883789,-0.216797,0.989258,-0.000532632,0.000532632,0.000532632
1773774260324,0.0893555,-0.217285,0.987305,0,-0.000532632,0
1773774260393,0.0883789,-0.217285,0.990723,0.000532632,-0.0015979,-0.000532632
1773774260474,0.0893555,-0.217773,0.989258,0,-0.00106526,-0.000532632
1773774260554,0.0898438,-0.217773,0.986816,0.00106526,-0.00106526,0
1773774260625,0.0878906,-0.214844,0.987793,-0.000532632,0,0.000532632
1773774260705,0.0898438,-0.217773,0.988281,-0.000532632,0,-0.000532632
1773774260786,0.0878906,-0.218262,0.987793,-0.000532632,-0.00106526,0.000532632
1773774260856,0.0844727,-0.216797,0.990234,-0.00106526,-0.000532632,0.000532632
1773774260937,0.0874023,-0.217285,0.985352,0,-0.000532632,0.000532632
1773774261008,0.0893555,-0.218262,0.987305,0.000532632,-0.0015979,0
1773774261088,0.0888672,-0.21875,0.98877,0,-0.0015979,0
1773774261169,0.0878906,-0.216797,0.988281,0.000532632,0.000532632,0
1773774261239,0.0883789,-0.216309,0.989258,-0.000532632,-0.000532632,0
1773774261320,0.0883789,-0.218262,0.989258,0.00106526,-0.000532632,0
1773774261400,0.0874023,-0.218262,0.98877,0,-0.00106526,-0.000532632
1773774261471,0.0869141,-0.216309,0.989258,0,-0.00106526,-0.000532632
1773774261551,0.0888672,-0.216309,0.987793,0.000532632,0,0
1773774261632,0.0883789,-0.218262,0.985352,0,0,0
1773774261702,0.0854492,-0.216797,0.988281,0.000532632,-0.000532632,-0.000532632
1773774261783,0.0878906,-0.217285,0.987793,0.000532632,0,0.000532632
1773774261863,0.0878906,-0.218262,0.988281,0.000532632,-0.0015979,-0.000532632
1773774261934,0.0874023,-0.218262,0.989258,0,0,0.000532632
1773774262015,0.0864258,-0.216309,0.987793,0.000532632,-0.00106526,0
1773774262095,0.0869141,-0.217285,0.988281,0.00106526,-0.000532632,-0.0015979
1773774262166,0.0874023,-0.216309,0.989746,0.0015979,-0.000532632,0.000532632
1773774262246,0.0869141,-0.21875,0.987793,0.000532632,-0.000532632,0.000532632
1773774262317,0.0859375,-0.216309,0.988281,-0.00106526,-0.000532632,0.00106526
1773774262397,0.0864258,-0.217285,0.98877,0.000532632,0,-0.000532632
1773774262478,0.0869141,-0.217773,0.987793,0,-0.000532632,-0.000532632
1773774262548,0.0864258,-0.216309,0.988281,-0.000532632,-0.000532632,-0.000532632
1773774262629,0.0878906,-0.219238,0.989258,0.00106526,-0.000532632,-0.00106526
1773774262710,0.0864258,-0.216309,0.989258,-0.000532632,-0.00213053,0.000532632
1773774262780,0.0893555,-0.216797,0.985352,0,0.000532632,0.0015979
1773774262861,0.0859375,-0.216797,0.989258,0,-0.000532632,-0.000532632
1773774262941,0.0878906,-0.217773,0.988281,0,-0.0015979,0
1773774263012,0.0888672,-0.216797,0.989258,0,-0.00106526,0.000532632
1773774263092,0.0874023,-0.217285,0.989746,-0.000532632,0,-0.000532632
1773774263173,0.0888672,-0.21582,0.988281,0,0,-0.000532632
1773774263243,0.0864258,-0.219238,0.988281,0,0,0.000532632
1773774263324,0.0883789,-0.217285,0.98877,-0.000532632,-0.00106526,0
1773774263404,0.0888672,-0.216309,0.98877,0.000532632,-0.000532632,0.000532632
1773774263475,0.0883789,-0.21875,0.987793,0,-0.00106526,-0.000532632
1773774263555,0.0883789,-0.219238,0.98877,-0.0015979,-0.00106526,-0.000532632
1773774263626,0.0869141,-0.217773,0.98877,-0.000532632,-0.0015979,0
1773774263707,0.0883789,-0.21875,0.987793,0,-0.00106526,0.000532632
1773774263787,0.0898438,-0.217285,0.987793,-0.00106526,0,0
1773774263858,0.0888672,-0.217773,0.989258,-0.000532632,-0.000532632,0
1773774263938,0.0869141,-0.217773,0.989746,-0.000532632,-0.00106526,0.000532632
1773774264019,0.090332,-0.218262,0.987305,0,-0.00106526,0.000532632
1773774264089,0.0878906,-0.216797,0.987793,0,-0.00106526,0.000532632
1773774264170,0.0888672,-0.217285,0.986328,-0.00106526,-0.00106526,0.000532632
1773774264250,0.090332,-0.215332,0.987793,0,-0.00106526,0.000532632
1773774264321,0.0893555,-0.21875,0.989258,0.000532632,0,0.000532632
1773774264401,0.0874023,-0.217773,0.98877,0,-0.000532632,-0.0015979
1773774264482,0.0864258,-0.216797,0.990723,-0.00106526,-0.000532632,-0.000532632
1773774264552,0.0864258,-0.218262,0.990234,-0.000532632,-0.00106526,-0.00106526
1773774264633,0.0888672,-0.216797,0.989258,0.000532632,0,0.00106526
1773774264703,0.0898438,-0.217773,0.98877,0,-0.00106526,0.000532632
1773774264784,0.0908203,-0.219238,0.98584,-0.000532632,-0.000532632,0
1773774264864,0.0878906,-0.216309,0.987305,0,-0.000532632,0
1773774264935,0.0869141,-0.217285,0.989746,-0.000532632,0,0.000532632
1773774265015,0.0849609,-0.216309,0.989746,0,0,0
1773774265096,0.0854492,-0.21875,0.986328,0.000532632,-0.00106526,0
1773774265166,0.0874023,-0.218262,0.98877,-0.000532632,-0.00213053,0
1773774265247,0.0883789,-0.216309,0.989746,-0.00106526,-0.0015979,0.00106526
1773774265328,0.0859375,-0.21582,0.987793,-0.000532632,-0.0015979,0
1773774265398,0.0883789,-0.216797,0.987305,-0.000532632,-0.000532632,0.00106526
1773774265479,0.0898438,-0.219238,0.987305,-0.000532632,0,-0.000532632
1773774265559,0.0883789,-0.217285,0.987305,0,-0.00106526,0.000532632
1773774265629,0.0908203,-0.21582,0.987305,-0.000532632,-0.00106526,-0.000532632
1773774265710,0.0888672,-0.216797,0.987305,0,-0.00106526,-0.000532632
1773774265791,0.0864258,-0.217773,0.987793,0.000532632,-0.000532632,-0.000532632
1773774265861,0.0869141,-0.216309,0.986816,0,-0.00106526,0.000532632
1773774265942,0.0869141,-0.216797,0.989258,-0.00106526,0,-0.000532632
1773774266022,0.0883789,-0.217285,0.986816,-0.000532632,0,0.000532632
1773774266093,0.0883789,-0.216797,0.989746,0,-0.00106526,0
1773774266173,0.0854492,-0.217773,0.98877,-0.000532632,-0.000532632,0.000532632
1773774266244,0.0878906,-0.21875,0.987305,0,-0.00106526,0.00106526
1773774266324,0.0898438,-0.219727,0.987793,0,-0.0015979,-0.000532632
1773774266405,0.0878906,-0.216797,0.989258,0,-0.000532632,0
1773774266476,0.0874023,-0.216797,0.986816,0,-0.000532632,-0.00106526
1773774266556,0.0883789,-0.216309,0.988281,0,-0.00106526,-0.000532632
1773774266637,0.0869141,-0.218262,0.988281,-0.000532632,0.000532632,0
1773774266707,0.0874023,-0.219727,0.990723,0,-0.000532632,0.000532632
1773774266788,0.0878906,-0.21582,0.987305,-0.0015979,-0.000532632,0.0015979
1773774266868,0.0874023,-0.217773,0.987305,0,0.000532632,-0.000532632
1773774266939,0.0878906,-0.217773,0.989258,-0.00106526,0.000532632,-0.000532632
1773774267019,0.0874023,-0.216309,0.989746,-0.00106526,-0.000532632,-0.000532632
1773774267100,0.0864258,-0.217285,0.990234,-0.000532632,-0.000532632,-0.0015979
1773774267170,0.0864258,-0.21582,0.986816,0,-0.000532632,0
1773774267251,0.0869141,-0.217773,0.987305,0.000532632,0.000532632,-0.000532632
1773774267321,0.0869141,-0.218262,0.989258,-0.000532632,-0.000532632,-0.00106526
1773774267402,0.0874023,-0.218262,0.989746,-0.000532632,-0.0015979,0
1773774267482,0.0869141,-0.21875,0.989258,-0.000532632,-0.00106526,-0.00106526
1773774267553,0.0874023,-0.216309,0.989746,0,-0.000532632,-0.000532632
1773774267633,0.0888672,-0.21875,0.987793,-0.00106526,-0.000532632,-0.000532632
1773774267714,0.0883789,-0.21582,0.988281,0,0,0
1773774267784,0.0883789,-0.21875,0.987793,0.000532632,0,0
1773774267865,0.0888672,-0.216797,0.989746,0,-0.000532632,0.000532632
1773774267945,0.0883789,-0.21582,0.988281,-0.000532632,-0.0015979,-0.000532632
1773774268017,0.0888672,-0.215332,0.988281,-0.000532632,-0.000532632,0
1773774268098,0.0888672,-0.217285,0.989746,-0.00106526,-0.000532632,-0.0015979
1773774268177,0.0878906,-0.21875,0.987793,0.000532632,-0.000532632,-0.000532632
1773774268248,0.0859375,-0.219727,0.989258,0,-0.00106526,0.00106526
1773774268328,0.0874023,-0.21582,0.987793,-0.000532632,-0.000532632,0
1773774268399,0.0878906,-0.216309,0.98877,0.000532632,-0.000532632,-0.00106526
1773774268479,0.0883789,-0.219727,0.987793,0.00106526,-0.00106526,-0.00106526
1773774268560,0.0869141,-0.217285,0.987793,-0.000532632,0,-0.00106526
1773774268631,0.0878906,-0.21582,0.989258,-0.000532632,-0.0015979,-0.00106526
1773774268711,0.0854492,-0.217285,0.98877,0.000532632,-0.00106526,0
1773774268792,0.0878906,-0.21582,0.989258,0,-0.000532632,0.00106526
1773774268862,0.0888672,-0.216309,0.98877,0.000532632,-0.0015979,-0.000532632
1773774268943,0.0893555,-0.217773,0.989258,-0.00106526,-0.0015979,-0.00106526
1773774269024,0.0893555,-0.216797,0.988281,0,-0.000532632,-0.00106526
1773774269094,0.0854492,-0.218262,0.98877,0.000532632,0,0.00106526
1773774269175,0.0874023,-0.217773,0.989746,-0.000532632,0,0.000532632
1773774269255,0.0883789,-0.218262,0.988281,0,0,0
1773774269326,0.0878906,-0.217773,0.988281,0.00106526,0,-0.000532632
1773774269406,0.0864258,-0.215332,0.987793,0.00106526,-0.000532632,-0.000532632
1773774269477,0.0869141,-0.215332,0.988281,-0.000532632,0,0.000532632
1773774269557,0.0878906,-0.217285,0.989746,-0.000532632,-0.000532632,-0.0015979
1773774269638,0.0898438,-0.217285,0.988281,0,-0.000532632,-0.000532632
1773774269709,0.0878906,-0.216797,0.98877,0.000532632,-0.00106526,-0.000532632
1773774269790,0.0883789,-0.217285,0.990234,0,-0.00106526,-0.0015979
1773774269870,0.0908203,-0.217285,0.988281,0.000532632,-0.000532632,0
1773774269941,0.0893555,-0.21875,0.988281,0.000532632,-0.00106526,-0.000532632
1773774270021,0.0883789,-0.21582,0.987793,0.000532632,0,-0.000532632
1773774270102,0.0893555,-0.214844,0.989746,-0.000532632,-0.000532632,-0.00106526
1773774270172,0.090332,-0.216309,0.98877,0.00106526,-0.00106526,-0.000532632
1773774270253,0.0888672,-0.217285,0.989258,0,0,0.000532632
1773774270333,0.0893555,-0.216797,0.987793,0,0,0.000532632
1773774270404,0.0878906,-0.216309,0.990723,0,-0.000532632,-0.000532632
1773774270484,0.0893555,-0.218262,0.989746,0.00106526,0,-0.000532632
1773774270555,0.0893555,-0.215332,0.989746,0,0,-0.000532632
1773774270635,0.0854492,-0.217773,0.98877,0,-0.00106526,0
1773774270716,0.0893555,-0.21582,0.989258,0.000532632,-0.00106526,-0.000532632
1773774270786,0.0874023,-0.218262,0.991211,0,-0.000532632,0
1773774270867,0.0908203,-0.217285,0.98877,-0.000532632,-0.00106526,0
1773774270947,0.0878906,-0.217773,0.987793,-0.000532632,0,-0.000532632
1773774271018,0.0864258,-0.21875,0.98877,0.000532632,-0.000532632,0.000532632
1773774271099,0.0874023,-0.21582,0.987305,0,-0.00106526,0.000532632
1773774271179,0.0893555,-0.217773,0.98877,0,-0.000532632,0.000532632
1773774271250,0.0859375,-0.218262,0.987305,-0.000532632,0,0.000532632
1773774271331,0.0874023,-0.217773,0.988281,-0.00106526,-0.000532632,0
1773774271411,0.0908203,-0.21582,0.987793,0,-0.00106526,0
1773774271481,0.0874023,-0.216309,0.988281,0,-0.00106526,0
1773774271562,0.0869141,-0.217285,0.987793,0.000532632,-0.0015979,0
1773774271642,0.0874023,-0.217285,0.989746,0.000532632,-0.00106526,0.000532632
1773774271713,0.0893555,-0.21582,0.98877,0,-0.000532632,0.00106526
1773774271793,0.0869141,-0.21582,0.987305,0,-0.000532632,-0.00106526
1773774271864,0.0898438,-0.218262,0.987793,0.00106526,0,0.000532632
1773774271944,0.0864258,-0.216309,0.990234,0,-0.000532632,0
1773774272025,0.0883789,-0.218262,0.98877,-0.00106526,0,-0.000532632
1773774272095,0.0864258,-0.21582,0.990723,0.000532632,-0.000532632,0.00106526
1773774272176,0.0898438,-0.217285,0.98877,-0.000532632,-0.00106526,-0.0015979
1773774272256,0.0888672,-0.217773,0.988281,0,0,-0.000532632
1773774272327,0.0888672,-0.217285,0.987793,0,-0.00106526,-0.000532632
1773774272408,0.0883789,-0.216797,0.989746,0,-0.000532632,0
1773774272488,0.0854492,-0.215332,0.989258,0.000532632,-0.000532632,-0.000532632
1773774272559,0.0864258,-0.217773,0.988281,0,-0.000532632,0.000532632
1773774272639,0.0883789,-0.217773,0.987305,0.00106526,-0.000532632,0
1773774272720,0.0893555,-0.216309,0.987305,-0.000532632,-0.000532632,0.000532632
1773774272790,0.0893555,-0.216309,0.988281,-0.000532632,-0.00106526,0.000532632
1773774272871,0.0888672,-0.217285,0.988281,0,-0.000532632,0.00106526
1773774272951,0.0874023,-0.219238,0.987793,0,-0.000532632,-0.00106526
1773774273022,0.0869141,-0.215332,0.987793,0,-0.000532632,-0.00106526
1773774273102,0.0883789,-0.219238,0.98584,0,-0.000532632,0
1773774273183,0.0898438,-0.218262,0.987305,-0.000532632,0,0
1773774273253,0.0888672,-0.216309,0.989258,0,0.000532632,-0.000532632
1773774273334,0.0859375,-0.218262,0.986816,0.000532632,-0.000532632,0.000532632
1773774273404,0.0883789,-0.217285,0.987305,-0.000532632,-0.000532632,0.000532632
1773774273485,0.0883789,-0.21875,0.987305,0,-0.000532632,-0.000532632
1773774273565,0.0874023,-0.214844,0.98877,0,0,-0.000532632
1773774273636,0.0888672,-0.217285,0.988281,-0.000532632,-0.00106526,-0.000532632
1773774273716,0.0849609,-0.218262,0.987793,0.000532632,0,-0.00106526
1773774273797,0.0883789,-0.218262,0.987793,0,-0.00106526,0
1773774273867,0.0888672,-0.219727,0.986816,-0.000532632,-0.00106526,-0.00106526
1773774273948,0.0878906,-0.21582,0.98877,-0.00106526,-0.0015979,0
1773774274028,0.0878906,-0.217285,0.98877,0,-0.000532632,0
1773774274099,0.0874023,-0.21875,0.987793,-0.000532632,-0.00106526,0.000532632
1773774274179,0.0878906,-0.216797,0.987305,-0.00106526,-0.00106526,-0.00106526
1773774274260,0.0893555,-0.216797,0.987305,0.000532632,0,-0.00106526
1773774274330,0.0883789,-0.21875,0.987305,-0.000532632,-0.0015979,0
1773774274411,0.0888672,-0.217773,0.988281,-0.000532632,0.00106526,0
1773774274482,0.0874023,-0.217773,0.987793,-0.00106526,-0.00106526,-0.000532632
1773774274562,0.0898438,-0.216309,0.987793,0,-0.00106526,-0.00106526
1773774274643,0.0883789,-0.21582,0.989746,0,-0.000532632,0
1773774274713,0.0888672,-0.218262,0.989258,0,-0.00106526,-0.000532632
1773774274794,0.0874023,-0.218262,0.987793,0,-0.000532632,0
1773774274874,0.0869141,-0.216797,0.986816,-0.000532632,-0.00106526,-0.000532632
1773774274945,0.0883789,-0.217773,0.987305,-0.000532632,-0.00106526,0
1773774275025,0.0888672,-0.21582,0.988281,0,-0.000532632,-0.000532632
1773774275106,0.0859375,-0.216797,0.988281,-0.000532632,-0.000532632,0.000532632
1773774275177,0.0893555,-0.216309,0.988281,0,-0.00106526,0.000532632
1773774275257,0.0869141,-0.218262,0.987793,-0.000532632,-0.00106526,0
1773774275338,0.0878906,-0.217773,0.990723,0,0,0.000532632
1773774275408,0.0878906,-0.21582,0.988281,0.000532632,-0.000532632,0
1773774275489,0.0893555,-0.216309,0.989258,-0.000532632,0,-0.000532632
1773774275569,0.0883789,-0.21875,0.987305,0,-0.000532632,0
1773774275640,0.0869141,-0.216309,0.987793,-0.000532632,-0.000532632,-0.000532632
1773774275720,0.0864258,-0.216797,0.98877,-0.000532632,-0.000532632,-0.000532632
1773774275791,0.0883789,-0.216309,0.988281,-0.0015979,-0.000532632,-0.00106526
1773774275871,0.0883789,-0.217285,0.987793,0,-0.00106526,-0.000532632
1773774275952,0.0883789,-0.218262,0.986328,0,0,0
1773774276022,0.0859375,-0.216797,0.98877,0,-0.000532632,0
1773774276103,0.0898438,-0.21582,0.988281,0,-0.000532632,0.000532632
1773774276184,0.0883789,-0.214844,0.987793,0.000532632,-0.00106526,0.000532632
1773774276254,0.0883789,-0.216797,0.98877,0.000532632,-0.00106526,-0.00106526
1773774276334,0.0864258,-0.218262,0.989258,0.000532632,0,0
1773774276415,0.0878906,-0.21582,0.989258,0,-0.00106526,0
1773774276485,0.0883789,-0.21582,0.987793,0.000532632,0,0.000532632
1773774276566,0.0878906,-0.21582,0.987305,0.000532632,0.000532632,0.000532632
1773774276647,0.0864258,-0.216309,0.987793,0.000532632,-0.00106526,0
1773774276717,0.0878906,-0.216797,0.988281,0.000532632,-0.00106526,-0.000532632
1773774276797,0.0859375,-0.217773,0.986816,0.000532632,0.000532632,-0.000532632
1773774276878,0.0878906,-0.216309,0.987793,-0.000532632,-0.000532632,-0.00106526
1773774276949,0.0893555,-0.215332,0.98877,-0.000532632,0,-0.000532632
1773774277029,0.0888672,-0.215332,0.989258,0,-0.00106526,0.000532632
1773774277100,0.0883789,-0.216797,0.989746,0.000532632,-0.0015979,-0.00106526
1773774277181,0.0878906,-0.21582,0.98877,-0.000532632,-0.000532632,0
1773774277261,0.0883789,-0.216309,0.987793,0.000532632,-0.00106526,0
1773774277332,0.0878906,-0.216797,0.988281,-0.000532632,-0.000532632,-0.00106526
1773774277413,0.0888672,-0.217285,0.989258,-0.000532632,-0.000532632,0.000532632
1773774277493,0.0888672,-0.216309,0.987305,-0.00106526,-0.00106526,-0.000532632
1773774277563,0.0859375,-0.21582,0.98877,0.000532632,-0.000532632,-0.00106526
1773774277644,0.0893555,-0.21582,0.989258,0,-0.000532632,-0.000532632
1773774277724,0.0888672,-0.215332,0.988281,0.00106526,-0.0015979,0.000532632
1773774277795,0.0864258,-0.217773,0.987793,0.00106526,-0.0015979,0
1773774277875,0.0878906,-0.217773,0.98877,0,0,-0.00106526
1773774277956,0.0893555,-0.21582,0.989258,0,-0.0015979,0
1773774278026,0.0874023,-0.216309,0.987305,-0.000532632,-0.00106526,-0.000532632
1773774278107,0.0878906,-0.216309,0.98877,0,-0.00106526,0
1773774278178,0.0893555,-0.216797,0.98877,0.000532632,0,0
1773774278258,0.0878906,-0.217285,0.987793,0,-0.000532632,-0.00106526
1773774278339,0.0893555,-0.217285,0.988281,0.000532632,0,-0.000532632
1773774278409,0.0878906,-0.21875,0.987793,0.000532632,-0.000532632,0.000532632
1773774278490,0.0898438,-0.218262,0.989258,0.000532632,0,0
1773774278571,0.0874023,-0.216797,0.988281,-0.000532632,-0.00106526,0
1773774278641,0.0874023,-0.218262,0.987793,0,-0.000532632,-0.000532632
1773774278722,0.0883789,-0.218262,0.98877,-0.000532632,-0.00106526,-0.000532632
1773774278802,0.0893555,-0.21582,0.988281,-0.000532632,-0.000532632,0.00106526
1773774278873,0.0874023,-0.216797,0.988281,0,-0.000532632,0
1773774278953,0.0893555,-0.217285,0.989746,0,0,-0.000532632
1773774279034,0.0859375,-0.21875,0.98877,0,0,0.000532632
1773774279104,0.0898438,-0.216309,0.987793,-0.000532632,0,-0.000532632
1773774279185,0.0888672,-0.218262,0.988281,0,-0.00106526,0.000532632
1773774279255,0.0878906,-0.217285,0.987793,0.000532632,-0.000532632,0.00106526
1773774279336,0.0864258,-0.21875,0.988281,-0.000532632,-0.000532632,-0.00106526
1773774279416,0.0883789,-0.217773,0.98877,0.00106526,-0.000532632,-0.000532632
1773774279487,0.090332,-0.217285,0.988281,0,0.000532632,-0.000532632
1773774279568,0.0883789,-0.217773,0.989258,-0.000532632,-0.000532632,0
1773774279648,0.0888672,-0.216309,0.989258,-0.000532632,-0.000532632,0.000532632
1773774279719,0.0864258,-0.218262,0.98877,-0.000532632,-0.000532632,0.00106526
1773774279799,0.0888672,-0.216797,0.987793,0,-0.000532632,0.00106526
1773774279880,0.0898438,-0.21875,0.988281,-0.000532632,0.000532632,0
1773774279950,0.0874023,-0.218262,0.986816,0,-0.000532632,-0.000532632
1773774280031,0.0908203,-0.216797,0.988281,0.000532632,0.000532632,-0.000532632
1773774280111,0.0869141,-0.218262,0.98877,0.000532632,-0.00106526,-0.00106526
1773774280183,0.0869141,-0.216309,0.98877,-0.000532632,-0.00106526,0
1773774280262,0.0869141,-0.217285,0.987793,0,-0.0015979,-0.000532632
1773774280343,0.0864258,-0.216797,0.986816,0.000532632,0,0
1773774280414,0.0893555,-0.218262,0.989258,0,-0.0015979,0
1773774280494,0.0869141,-0.216309,0.989258,0,-0.0015979,0.000532632
1773774280565,0.0878906,-0.216797,0.987305,0,0,-0.00106526
1773774280645,0.0878906,-0.216797,0.989746,0.000532632,-0.000532632,0
1773774280726,0.0869141,-0.217773,0.988281,-0.000532632,0,0.000532632
1773774280796,0.0883789,-0.217773,0.988281,0,-0.00106526,0
1773774280877,0.0893555,-0.217285,0.986816,0.000532632,-0.000532632,-0.000532632
1773774280957,0.090332,-0.217773,0.991211,0.000532632,-0.000532632,0.000532632
1773774281028,0.0874023,-0.219727,0.98877,0,-0.0015979,0.000532632
1773774281108,0.0893555,-0.217285,0.989746,0,-0.000532632,0.00106526
1773774281189,0.0878906,-0.216797,0.989746,-0.00106526,-0.000532632,0.000532632
1773774281260,0.0888672,-0.216797,0.98877,0,-0.000532632,-0.00106526
1773774281340,0.0864258,-0.21582,0.989746,-0.000532632,0,0
1773774281421,0.0849609,-0.217773,0.988281,0,-0.000532632,0.000532632
1773774281491,0.0883789,-0.216797,0.98877,-0.000532632,-0.00106526,-0.000532632
1773774281572,0.0898438,-0.21582,0.989258,-0.000532632,-0.00106526,0
1773774281652,0.0883789,-0.21875,0.990234,0,-0.0015979,0
1773774281723,0.0874023,-0.217285,0.989258,0.00106526,-0.000532632,-0.000532632
1773774281803,0.0864258,-0.21582,0.988281,-0.000532632,-0.00106526,-0.000532632
1773774281874,0.0878906,-0.218262,0.988281,0.000532632,0.000532632,0
1773774281954,0.0883789,-0.217773,0.989746,0.000532632,-0.000532632,-0.000532632
1773774282035,0.0869141,-0.215332,0.987305,-0.00106526,-0.0015979,-0.000532632
1773774282105,0.0864258,-0.217773,0.98877,0,0.000532632,-0.00106526
1773774282186,0.0883789,-0.217285,0.986816,0.000532632,-0.000532632,0
1773774282266,0.0878906,-0.216797,0.988281,0,-0.000532632,0.000532632
1773774282337,0.0864258,-0.219238,0.98877,0,0,-0.00106526
1773774282417,0.0883789,-0.21582,0.986328,-0.00106526,-0.000532632,0
1773774282498,0.0874023,-0.217773,0.989746,-0.000532632,-0.000532632,-0.00106526
1773774282568,0.0878906,-0.217285,0.987305,-0.000532632,0,-0.000532632
1773774282649,0.0883789,-0.217285,0.987793,-0.00106526,0,0
1773774282730,0.0878906,-0.21582,0.98877,0.000532632,-0.000532632,-0.000532632
1773774282800,0.0883789,-0.21582,0.989746,0.000532632,-0.000532632,-0.000532632
1773774282880,0.0888672,-0.217773,0.987793,0,-0.000532632,0.00106526
1773774282961,0.0874023,-0.214355,0.988281,-0.000532632,-0.000532632,-0.000532632
1773774283032,0.0874023,-0.217773,0.988281,0,-0.00106526,-0.000532632
1773774283112,0.090332,-0.217285,0.990723,-0.00106526,-0.000532632,0.000532632
1773774283183,0.090332,-0.217285,0.989746,-0.000532632,-0.0015979,0
1773774283263,0.0869141,-0.219238,0.988281,0,0,0.000532632
1773774283344,0.0898438,-0.217285,0.987793,0.000532632,-0.00106526,0.000532632
1773774283414,0.0888672,-0.214844,0.98877,0,-0.000532632,0.00106526
1773774283495,0.0883789,-0.216797,0.988281,-0.00106526,-0.00106526,0
1773774283575,0.0893555,-0.217773,0.990234,0,-0.00106526,-0.000532632
1773774283646,0.0883789,-0.21582,0.989746,0.0015979,-0.000532632,0.000532632
1773774283726,0.0883789,-0.217285,0.989258,-0.000532632,-0.000532632,0
1773774283807,0.0874023,-0.216797,0.987793,0.000532632,-0.00106526,0.000532632
1773774283877,0.0878906,-0.217773,0.989746,-0.00106526,-0.00106526,0
1773774283958,0.0883789,-0.217285,0.987793,0,-0.000532632,0.000532632
1773774284039,0.0888672,-0.217285,0.988281,0,0,-0.000532632
1773774284109,0.0893555,-0.216309,0.989258,-0.000532632,-0.000532632,0
1773774284190,0.0874023,-0.218262,0.987305,0.00106526,-0.00106526,-0.000532632
1773774284270,0.0878906,-0.215332,0.988281,0,-0.000532632,0.000532632
1773774284341,0.0864258,-0.218262,0.987793,0,-0.0015979,-0.000532632
1773774284421,0.0883789,-0.216309,0.987305,-0.000532632,-0.00106526,0
1773774284492,0.0878906,-0.21875,0.989258,-0.000532632,-0.000532632,-0.0015979
1773774284572,0.0869141,-0.217773,0.989258,0.000532632,-0.00106526,0.000532632
1773774284653,0.0864258,-0.21582,0.98877,0,0,0.000532632
1773774284723,0.0883789,-0.216797,0.989258,0.00106526,-0.0015979,-0.000532632
1773774284804,0.0864258,-0.217285,0.989746,-0.00106526,-0.000532632,0
1773774284884,0.0908203,-0.216309,0.98877,-0.000532632,0,0
1773774284955,0.0888672,-0.218262,0.987793,0,-0.00213053,0
1773774285035,0.0893555,-0.214844,0.987793,-0.000532632,-0.00106526,-0.000532632
1773774285116,0.0908203,-0.218262,0.988281,-0.000532632,-0.000532632,0
1773774285186,0.0883789,-0.218262,0.987793,0,-0.00106526,-0.00106526
1773774285267,0.0869141,-0.21875,0.989258,0.000532632,-0.00106526,0
1773774285348,0.0874023,-0.216797,0.987305,-0.000532632,-0.000532632,0
1773774285419,0.0869141,-0.21582,0.990234,0.000532632,-0.00106526,0.000532632
1773774285499,0.0883789,-0.216797,0.988281,-0.00106526,-0.0015979,-0.000532632
1773774285569,0.0869141,-0.218262,0.987793,0,-0.000532632,-0.000532632
1773774285650,0.0883789,-0.217285,0.988281,0.000532632,-0.000532632,0.000532632
1773774285731,0.0883789,-0.217773,0.98877,0,-0.000532632,-0.000532632
1773774285801,0.0869141,-0.217285,0.987793,0.00106526,-0.00106526,-0.00106526
1773774285882,0.0883789,-0.217773,0.987793,0,-0.000532632,-0.00106526
1773774285962,0.0874023,-0.215332,0.988281,0,-0.0015979,0
1773774286033,0.0883789,-0.216797,0.98877,-0.00106526,-0.00106526,-0.000532632
1773774286113,0.0878906,-0.217773,0.986816,0,-0.00106526,0.00106526
1773774286194,0.0869141,-0.21875,0.987793,0,0,0.000532632
1773774286264,0.0874023,-0.217285,0.987305,0,0.000532632,-0.000532632
1773774286345,0.0874023,-0.217773,0.987305,-0.000532632,-0.000532632,0.00106526
1773774286425,0.0869141,-0.215332,0.987793,-0.000532632,-0.00106526,0.000532632
1773774286496,0.0878906,-0.216309,0.988281,0.000532632,-0.00106526,0
1773774286576,0.0893555,-0.217285,0.987793,0.000532632,-0.000532632,0.000532632
1773774286657,0.0864258,-0.217773,0.988281,0,-0.0015979,0.000532632
1773774286727,0.0874023,-0.219238,0.98877,0.000532632,-0.000532632,-0.000532632
1773774286808,0.0888672,-0.217773,0.98877,0,-0.000532632,0.000532632
1773774286878,0.0888672,-0.21875,0.988281,-0.000532632,-0.000532632,0
1773774286959,0.0874023,-0.21582,0.990234,0,-0.00106526,-0.000532632
1773774287039,0.0869141,-0.21582,0.988281,0.000532632,-0.000532632,0
1773774287110,0.0878906,-0.216797,0.989746,-0.000532632,-0.000532632,0.000532632
1773774287190,0.0917969,-0.218262,0.990234,-0.0015979,-0.000532632,0.000532632
1773774287271,0.0878906,-0.217285,0.989258,-0.000532632,-0.00106526,-0.000532632
1773774287342,0.0874023,-0.218262,0.987793,-0.000532632,-0.0015979,0
1773774287422,0.0878906,-0.216797,0.988281,0.000532632,-0.000532632,0
1773774287503,0.0878906,-0.215332,0.989258,-0.00106526,-0.0015979,0
1773774287573,0.0874023,-0.216797,0.988281,0.000532632,-0.000532632,0.000532632
1773774287654,0.0893555,-0.217773,0.987793,0,-0.000532632,-0.00106526
1773774287734,0.0869141,-0.216797,0.987305,-0.000532632,-0.00106526,0
1773774287805,0.0888672,-0.21582,0.987305,0,-0.00106526,-0.00106526
1773774287885,0.0888672,-0.217773,0.987793,-0.000532632,-0.000532632,-0.000532632
1773774287966,0.0898438,-0.218262,0.987305,-0.00106526,-0.0015979,0
1773774288036,0.0898438,-0.216309,0.987793,-0.000532632,-0.000532632,-0.000532632
1773774288117,0.0864258,-0.219238,0.984863,0,-0.00106526,0.000532632
1773774288187,0.0878906,-0.21875,0.988281,0.000532632,-0.00106526,-0.000532632
1773774288268,0.0869141,-0.216797,0.988281,0.000532632,-0.000532632,0
1773774288348,0.0898438,-0.216309,0.990234,0,0,0.000532632
1773774288419,0.0898438,-0.217773,0.989258,-0.0015979,0,0.00106526
1773774288499,0.0888672,-0.217285,0.989746,-0.000532632,-0.000532632,0.000532632
1773774288580,0.0883789,-0.216309,0.987793,0,-0.00106526,-0.000532632
1773774288650,0.0883789,-0.216797,0.989746,-0.000532632,-0.00106526,0
1773774288731,0.0883789,-0.215332,0.989258,0,0,-0.000532632
1773774288812,0.0893555,-0.21875,0.987793,-0.00106526,-0.000532632,-0.000532632
1773774288882,0.0869141,-0.216797,0.988281,0.000532632,-0.0015979,0.00106526
1773774288962,0.0859375,-0.217285,0.988281,0.000532632,-0.000532632,0
1773774289043,0.0874023,-0.21582,0.988281,0,-0.000532632,-0.000532632
1773774289114,0.0854492,-0.219727,0.989746,-0.000532632,0,-0.0015979
1773774289194,0.0883789,-0.216797,0.987793,0.000532632,-0.000532632,0
1773774289275,0.0883789,-0.217773,0.98877,0,-0.000532632,-0.00106526
1773774289345,0.0893555,-0.21875,0.986816,-0.00106526,-0.00106526,-0.00106526
1773774289426,0.0878906,-0.217773,0.987793,-0.000532632,-0.000532632,0.000532632
1773774289496,0.0859375,-0.218262,0.990723,-0.00106526,0.000532632,0.000532632
1773774289577,0.0878906,-0.218262,0.990723,0,-0.00213053,-0.000532632
1773774289657,0.0864258,-0.217773,0.989258,0,-0.000532632,-0.000532632
1773774289728,0.0878906,-0.217285,0.989746,0,-0.00106526,-0.00106526
1773774289809,0.0854492,-0.219238,0.990234,-0.000532632,-0.0015979,0
1773774289889,0.0888672,-0.21582,0.98877,0.000532632,0,0.000532632
1773774289960,0.0888672,-0.216797,0.989258,0,-0.00106526,0
1773774290040,0.0874023,-0.217773,0.986816,-0.00106526,0,0.00106526
1773774290121,0.0874023,-0.218262,0.987793,-0.000532632,-0.00106526,-0.000532632
1773774290191,0.0869141,-0.21582,0.989258,-0.00106526,-0.00106526,-0.000532632
1773774290272,0.090332,-0.216309,0.988281,0,-0.000532632,0
1773774290352,0.0883789,-0.217773,0.989258,-0.000532632,-0.0015979,0
1773774290423,0.0893555,-0.215332,0.987793,-0.000532632,-0.00106526,-0.000532632
1773774290503,0.0869141,-0.217285,0.989258,0,-0.000532632,0
1773774290584,0.0878906,-0.217773,0.989258,0.000532632,-0.00106526,0.000532632
1773774290654,0.0888672,-0.217285,0.98877,-0.000532632,-0.000532632,0.000532632
1773774290735,0.0869141,-0.216797,0.990234,0,-0.0015979,-0.000532632
1773774290805,0.0874023,-0.218262,0.989258,0,-0.00106526,0
1773774290886,0.0898438,-0.216797,0.989258,0,-0.000532632,-0.00106526
1773774290966,0.0888672,-0.21875,0.98877,0.000532632,0,0
1773774291037,0.0893555,-0.216797,0.98877,-0.000532632,0,-0.00106526
1773774291117,0.0874023,-0.217285,0.988281,0.000532632,-0.000532632,0.000532632
1773774291198,0.0888672,-0.216309,0.988281,0,-0.00106526,-0.000532632
1773774291268,0.090332,-0.218262,0.990234,-0.000532632,-0.00106526,-0.000532632
1773774291349,0.0869141,-0.215332,0.989746,0,-0.000532632,-0.000532632
1773774291430,0.0898438,-0.214355,0.989258,0,0,0.000532632
1773774291500,0.0883789,-0.21875,0.987793,-0.000532632,0,0.000532632
1773774291581,0.0883789,-0.214355,0.990234,-0.000532632,-0.000532632,0
1773774291661,0.0883789,-0.216797,0.989746,0.000532632,0,0
1773774291732,0.0908203,-0.216797,0.988281,0.000532632,-0.000532632,0.000532632
1773774291812,0.0864258,-0.217773,0.989258,-0.000532632,0,-0.00106526
1773774291893,0.0874023,-0.218262,0.989746,0,-0.00106526,0
1773774291963,0.0908203,-0.215332,0.988281,0.000532632,-0.000532632,-0.000532632
1773774292044,0.0888672,-0.216797,0.990723,0,0,-0.000532632
1773774292114,0.0878906,-0.216797,0.987793,-0.000532632,-0.0015979,-0.000532632
1773774292195,0.0883789,-0.217285,0.98877,0.000532632,-0.0015979,0
1773774292275,0.0888672,-0.218262,0.987793,0.000532632,-0.000532632,0
1773774292346,0.0864258,-0.218262,0.986328,0.000532632,-0.000532632,0.000532632
1773774292427,0.0874023,-0.219238,0.98877,0,0,0.000532632
1773774292507,0.0888672,-0.217773,0.987793,-0.000532632,-0.0015979,0.00106526
1773774292578,0.0864258,-0.216797,0.988281,-0.000532632,-0.00106526,0
1773774292658,0.0874023,-0.217773,0.98877,-0.000532632,-0.000532632,-0.000532632
1773774292739,0.0883789,-0.218262,0.98877,-0.000532632,0,-0.000532632
1773774292810,0.0878906,-0.217285,0.987793,0,-0.000532632,0
1773774292890,0.0878906,-0.217285,0.988281,-0.000532632,-0.000532632,-0.00106526
1773774292970,0.0869141,-0.217285,0.989258,0.000532632,0,-0.000532632
1773774293041,0.0859375,-0.21875,0.987793,-0.000532632,-0.000532632,0.000532632
1773774293121,0.0869141,-0.217773,0.990234,-0.000532632,0,-0.00106526
1773774293192,0.0869141,-0.219727,0.989258,0,0,-0.000532632
1773774293272,0.0859375,-0.216797,0.987305,0,0,0
1773774293353,0.0874023,-0.218262,0.98584,0.000532632,0,0.000532632
1773774293424,0.0878906,-0.216797,0.987305,0,-0.000532632,0
1773774293504,0.0874023,-0.216797,0.98877,0.000532632,-0.000532632,-0.000532632
1773774293585,0.0869141,-0.217285,0.98877,-0.00106526,0,0
1773774293655,0.0888672,-0.217285,0.986328,-0.000532632,-0.00106526,0
1773774293736,0.0854492,-0.216797,0.988281,0.000532632,-0.00106526,-0.00106526
1773774293816,0.0888672,-0.216797,0.989746,0,-0.000532632,-0.00106526
1773774293887,0.0874023,-0.217773,0.988281,-0.000532632,0,-0.000532632
1773774293967,0.0874023,-0.218262,0.986816,0.000532632,-0.00106526,0
1773774294048,0.0883789,-0.216309,0.988281,0,-0.000532632,0
1773774294118,0.0878906,-0.217285,0.986328,-0.000532632,-0.000532632,0.000532632
1773774294199,0.0883789,-0.216797,0.987305,0.000532632,-0.000532632,-0.000532632
1773774294279,0.0869141,-0.216797,0.987793,0.000532632,-0.00106526,-0.000532632
1773774294350,0.0869141,-0.217773,0.98877,0,-0.00106526,0.000532632
1773774294430,0.0898438,-0.219727,0.987305,-0.000532632,-0.000532632,0
1773774294501,0.0893555,-0.219238,0.987793,0.000532632,-0.00106526,0.00106526
1773774294581,0.0859375,-0.218262,0.988281,0,-0.000532632,0
1773774294662,0.0869141,-0.217773,0.986816,-0.000532632,0,0.000532632
1773774294732,0.0874023,-0.217773,0.986328,0.000532632,0,0.00106526
1773774294813,0.0869141,-0.217773,0.98877,0.00106526,-0.000532632,0.000532632
1773774294894,0.0888672,-0.215332,0.988281,-0.00106526,-0.000532632,-0.000532632
1773774294964,0.0869141,-0.216309,0.98584,0.000532632,0,-0.000532632
1773774295045,0.0874023,-0.217773,0.990234,-0.000532632,-0.000532632,-0.000532632
1773774295125,0.0888672,-0.218262,0.989746,-0.00106526,0,-0.000532632
1773774295196,0.0859375,-0.218262,0.987305,0,0,0
1773774295276,0.0874023,-0.21875,0.987793,0,-0.000532632,0
1773774295357,0.0893555,-0.21875,0.986816,0,-0.0015979,0.00106526
1773774295427,0.0878906,-0.218262,0.987793,0,-0.000532632,0
1773774295508,0.0888672,-0.220215,0.987305,0.000532632,-0.0015979,0.000532632
1773774295588,0.0888672,-0.217285,0.987305,0,-0.00106526,-0.000532632
1773774295659,0.0878906,-0.21582,0.989258,0,0.000532632,0.000532632
1773774295739,0.0888672,-0.219238,0.986816,-0.000532632,-0.00106526,0
1773774295810,0.0878906,-0.217285,0.98877,0,0,0
1773774295890,0.0888672,-0.216309,0.989258,0,-0.000532632,0
1773774295971,0.0878906,-0.218262,0.987793,-0.000532632,-0.00106526,-0.000532632
1773774296042,0.0878906,-0.216797,0.987305,0,0,0
1773774296122,0.0864258,-0.216797,0.989258,0,-0.00106526,-0.000532632
1773774296203,0.0874023,-0.216797,0.990723,-0.000532632,-0.00106526,0.000532632
1773774296273,0.0908203,-0.218262,0.98877,0.000532632,-0.00106526,0
1773774296354,0.0869141,-0.216309,0.986816,-0.00106526,-0.0015979,0.00106526
1773774296434,0.0893555,-0.214844,0.988281,0.000532632,0,0
1773774296505,0.0874023,-0.217285,0.990723,-0.000532632,-0.00106526,-0.000532632
1773774296585,0.0859375,-0.21875,0.987793,-0.00106526,-0.000532632,-0.000532632
1773774296666,0.0878906,-0.218262,0.989258,-0.000532632,0.000532632,-0.000532632
1773774296736,0.0854492,-0.219238,0.988281,0,-0.00106526,-0.000532632
1773774296817,0.0898438,-0.216797,0.989746,0,0,-0.000532632
1773774296898,0.0864258,-0.218262,0.989258,0,-0.000532632,-0.000532632
1773774296968,0.0893555,-0.218262,0.987305,-0.000532632,0,0
1773774297049,0.0874023,-0.219238,0.989746,0.000532632,-0.000532632,0.000532632
1773774297119,0.0888672,-0.216309,0.98877,0,-0.00106526,0
1773774297200,0.0869141,-0.216309,0.989746,0,-0.000532632,0.000532632
1773774297281,0.0898438,-0.218262,0.98877,0.000532632,-0.0015979,0.00106526
1773774297352,0.0859375,-0.218262,0.989746,0,-0.000532632,-0.000532632
1773774297432,0.0869141,-0.217285,0.989258,0.000532632,-0.000532632,0.000532632
1773774297512,0.0888672,-0.216797,0.98877,0,-0.000532632,0.000532632
1773774297583,0.0864258,-0.217773,0.987793,-0.000532632,-0.000532632,-0.000532632
1773774297663,0.0883789,-0.218262,0.988281,0.000532632,-0.000532632,0
1773774297744,0.0883789,-0.217285,0.987793,0,-0.000532632,0
1773774297814,0.0893555,-0.219238,0.987305,-0.000532632,-0.00106526,0
1773774297895,0.0888672,-0.21582,0.987793,-0.000532632,-0.00106526,-0.000532632
1773774297975,0.0864258,-0.21875,0.98877,0,-0.00106526,0.000532632
1773774298046,0.0874023,-0.218262,0.988281,-0.000532632,-0.000532632,0.000532632
1773774298126,0.0893555,-0.216797,0.989258,0,-0.00106526,0
1773774298197,0.0883789,-0.217773,0.986816,0,-0.000532632,-0.000532632
1773774298277,0.0893555,-0.217773,0.987793,0.00106526,0,-0.000532632
1773774298358,0.0869141,-0.21582,0.989746,-0.000532632,-0.000532632,-0.000532632
1773774298428,0.0878906,-0.216309,0.989258,0.000532632,0.000532632,-0.000532632
1773774298509,0.0883789,-0.216797,0.988281,0,0,0
1773774298589,0.0883789,-0.216797,0.988281,0,0,-0.000532632
1773774298660,0.0893555,-0.216797,0.98877,0,0.00106526,0.000532632
1773774298741,0.0869141,-0.21875,0.989746,0.000532632,-0.00106526,0.000532632
1773774298821,0.0869141,-0.216797,0.985352,-0.000532632,-0.00106526,-0.000532632
1773774298891,0.0874023,-0.217285,0.986816,0,-0.00106526,0.000532632
1773774298972,0.0888672,-0.217773,0.985352,-0.000532632,0.000532632,0.000532632
1773774299053,0.0878906,-0.217773,0.98877,-0.00106526,-0.000532632,0.000532632
1773774299123,0.0898438,-0.21582,0.989258,-0.000532632,0.00106526,0.000532632
1773774299204,0.0878906,-0.21582,0.98877,0,-0.000532632,-0.000532632
1773774299284,0.0874023,-0.216797,0.988281,0,-0.00106526,0
1773774299355,0.0883789,-0.21582,0.989258,-0.000532632,0,-0.000532632
1773774299435,0.0874023,-0.21875,0.987305,-0.000532632,-0.000532632,0
1773774299506,0.0878906,-0.216797,0.98877,-0.000532632,-0.00106526,0
1773774299586,0.0869141,-0.216797,0.987793,-0.000532632,-0.00106526,0
1773774299667,0.0869141,-0.217773,0.988281,0,-0.00106526,0.000532632
1773774299737,0.0883789,-0.21582,0.989258,0,-0.00106526,-0.000532632
1773774299818,0.0883789,-0.217773,0.98877,0,-0.0015979,0.000532632
1773774299898,0.0864258,-0.216797,0.989258,-0.000532632,0,0.000532632
1773774299969,0.0878906,-0.216797,0.990234,-0.000532632,-0.00106526,-0.00106526
1773774300049,0.090332,-0.217773,0.987793,0,-0.00106526,-0.0015979
1773774300130,0.0878906,-0.219238,0.98877,0,-0.000532632,0
1773774300200,0.0883789,-0.217285,0.987793,0.000532632,-0.00106526,0.000532632
1773774300281,0.0908203,-0.217285,0.988281,-0.000532632,-0.000532632,-0.000532632
1773774300362,0.0893555,-0.217773,0.98877,0,-0.000532632,0.000532632
1773774300432,0.0874023,-0.216797,0.987793,-0.000532632,-0.000532632,0
1773774300513,0.0878906,-0.216797,0.987793,0,-0.0015979,0
1773774300593,0.0883789,-0.218262,0.989258,0.00106526,0,-0.000532632
1773774300664,0.0869141,-0.216309,0.989746,-0.00106526,-0.000532632,-0.00106526
1773774300744,0.0864258,-0.217285,0.988281,0.000532632,0,-0.00213053
1773774300815,0.0874023,-0.217285,0.990234,-0.000532632,-0.000532632,0.000532632
1773774300895,0.0859375,-0.217773,0.98877,-0.00106526,0,0
1773774300976,0.0888672,-0.21582,0.989746,0.00106526,0.000532632,-0.000532632
1773774301046,0.090332,-0.216797,0.987305,0.000532632,-0.00106526,0
1773774301127,0.0888672,-0.217285,0.987793,-0.000532632,-0.000532632,0
1773774301208,0.0913086,-0.217285,0.987793,-0.000532632,-0.00106526,-0.00106526
1773774301278,0.0869141,-0.21875,0.988281,0,-0.0015979,0
1773774301358,0.0874023,-0.218262,0.987305,0,-0.000532632,-0.000532632
1773774301439,0.0883789,-0.216797,0.986328,0,-0.00106526,-0.00106526
1773774301509,0.0874023,-0.21582,0.98877,0.00106526,-0.00106526,0.000532632
1773774301590,0.0878906,-0.218262,0.989258,0.00106526,-0.00106526,-0.000532632
1773774301670,0.0874023,-0.216797,0.987793,0.000532632,0,-0.00106526
1773774301741,0.0883789,-0.216797,0.98877,-0.00106526,0,-0.000532632
1773774301822,0.0864258,-0.218262,0.988281,0,0,0
1773774301902,0.0864258,-0.217773,0.989746,0.000532632,0,-0.000532632
1773774301972,0.0864258,-0.217285,0.988281,0,-0.000532632,-0.000532632
1773774302053,0.0878906,-0.217773,0.989258,0,0,0.00106526
1773774302124,0.0888672,-0.219238,0.988281,0,-0.000532632,0.000532632
1773774302204,0.0869141,-0.217285,0.98877,0.00106526,0,0
1773774302285,0.0883789,-0.217285,0.986328,0,-0.000532632,0.00106526
1773774302355,0.0869141,-0.217773,0.988281,0,0,-0.00106526
1773774302437,0.0878906,-0.218262,0.986816,-0.00106526,0,0
1773774302517,0.0898438,-0.217773,0.986328,0,-0.0015979,0.000532632
1773774302587,0.0893555,-0.217773,0.988281,-0.000532632,-0.00106526,0
1773774302667,0.0883789,-0.21875,0.987305,-0.000532632,-0.00106526,-0.000532632
1773774302748,0.0883789,-0.217285,0.988281,0,-0.000532632,0
1773774302818,0.0864258,-0.216797,0.987305,-0.00106526,-0.00106526,-0.000532632
1773774302899,0.0893555,-0.21875,0.98877,0,-0.00106526,0
1773774302979,0.0874023,-0.21875,0.988281,-0.000532632,-0.00106526,0
1773774303050,0.0874023,-0.217773,0.988281,0.000532632,-0.00106526,-0.000532632
1773774303130,0.0893555,-0.217773,0.987793,0,-0.000532632,0.000532632
1773774303211,0.0864258,-0.217773,0.988281,0.000532632,0,-0.000532632
1773774303281,0.0869141,-0.21875,0.987305,0,-0.000532632,0
1773774303363,0.0893555,-0.219238,0.987793,-0.00106526,-0.000532632,0
1773774303432,0.0854492,-0.21582,0.988281,0,-0.00106526,-0.000532632
1773774303513,0.0878906,-0.21582,0.988281,-0.000532632,0,0
1773774303594,0.0888672,-0.21875,0.98877,-0.000532632,-0.0015979,0
1773774303664,0.0878906,-0.217285,0.98877,0,0,0
1773774303745,0.0893555,-0.217773,0.987793,-0.000532632,-0.000532632,-0.000532632
1773774303825,0.0869141,-0.21582,0.989258,0.00106526,-0.000532632,-0.000532632
1773774303896,0.0913086,-0.216309,0.987793,0.00106526,-0.0015979,-0.000532632
1773774303976,0.0888672,-0.218262,0.98877,0.000532632,-0.0015979,-0.00106526
1773774304057,0.0878906,-0.218262,0.990723,-0.000532632,-0.000532632,0.00106526
1773774304127,0.0864258,-0.21875,0.986816,0.00106526,-0.00106526,0
1773774304208,0.0893555,-0.216797,0.988281,0.00106526,-0.000532632,-0.0015979
1773774304289,0.0878906,-0.216797,0.986816,0.00106526,-0.000532632,0.00106526
1773774304360,0.0883789,-0.216309,0.986328,0,0.000532632,0
1773774304440,0.0888672,-0.219238,0.987793,-0.0015979,-0.000532632,-0.00106526
1773774304511,0.0874023,-0.217773,0.987793,-0.00106526,0,0
1773774304591,0.0864258,-0.216309,0.988281,-0.000532632,-0.000532632,0
1773774304672,0.0874023,-0.217773,0.98877,-0.000532632,0,0.000532632
1773774304742,0.0888672,-0.21875,0.987793,-0.000532632,-0.00106526,0.000532632
1773774304823,0.0893555,-0.217773,0.987793,0,-0.000532632,0
1773774304903,0.0864258,-0.217773,0.986816,0,-0.000532632,0
1773774304974,0.0878906,-0.217773,0.987793,-0.00106526,0,-0.000532632
1773774305054,0.0869141,-0.216309,0.988281,0.00106526,-0.000532632,-0.000532632
1773774305135,0.0893555,-0.217285,0.988281,0.000532632,-0.0015979,0.000532632
1773774305205,0.0888672,-0.21582,0.989746,-0.000532632,-0.000532632,0
1773774305286,0.0878906,-0.217773,0.988281,-0.00106526,-0.000532632,0
1773774305367,0.0888672,-0.216309,0.990723,0,-0.00106526,-0.0015979
1773774305437,0.0888672,-0.217285,0.98877,0.000532632,0,0
1773774305518,0.0874023,-0.215332,0.98877,0,0.000532632,-0.000532632
1773774305598,0.0888672,-0.217773,0.989258,-0.000532632,-0.00106526,-0.000532632
1773774305669,0.0864258,-0.218262,0.989746,0.00106526,-0.00106526,0.000532632
1773774305750,0.0878906,-0.216309,0.989746,0.00106526,0.000532632,0.000532632
1773774305820,0.0888672,-0.217773,0.990723,0.000532632,-0.00106526,-0.000532632
1773774305900,0.0883789,-0.21875,0.98877,0,-0.00106526,0
1773774305981,0.0898438,-0.217285,0.98877,0.000532632,-0.00106526,0
1773774306051,0.0893555,-0.216309,0.98877,0,-0.000532632,0.000532632
1773774306133,0.0869141,-0.217285,0.990234,-0.000532632,-0.000532632,-0.000532632
1773774306212,0.0883789,-0.218262,0.986816,0,-0.00106526,-0.000532632
1773774306283,0.0864258,-0.217773,0.988281,0,0,0
1773774306364,0.0859375,-0.217773,0.988281,-0.000532632,-0.00106526,0
1773774306444,0.0878906,-0.216797,0.98584,-0.000532632,0.000532632,-0.000532632
1773774306515,0.0888672,-0.21582,0.987793,0,-0.000532632,0
1773774306595,0.0883789,-0.216797,0.989258,0.000532632,-0.00106526,-0.000532632
1773774306676,0.0874023,-0.217773,0.987305,0,0,-0.00106526
1773774306746,0.0883789,-0.21875,0.986328,0,-0.00106526,0
1773774306827,0.0874023,-0.219727,0.98877,0,-0.000532632,0
1773774306898,0.0883789,-0.218262,0.98877,0.000532632,0,0
1773774306978,0.0883789,-0.219238,0.987305,0,-0.00106526,-0.000532632
1773774307059,0.0874023,-0.217285,0.987305,0.000532632,-0.00106526,0.000532632
1773774307129,0.0888672,-0.218262,0.989258,-0.00106526,-0.0015979,-0.000532632
1773774307210,0.0859375,-0.21582,0.987793,0,0,0.000532632
1773774307291,0.0883789,-0.217773,0.987793,-0.000532632,-0.00106526,0
1773774307361,0.090332,-0.218262,0.989746,0,0,0
1773774307442,0.090332,-0.217285,0.987793,0.000532632,0,0
1773774307522,0.0869141,-0.217285,0.98877,0.000532632,-0.00106526,0.000532632
1773774307593,0.0869141,-0.21582,0.98877,0,-0.000532632,-0.000532632
1773774307673,0.0874023,-0.217773,0.984375,0.000532632,-0.000532632,0
1773774307754,0.0888672,-0.217285,0.989746,0,0,0.00106526
1773774307824,0.0874023,-0.216797,0.988281,0.000532632,-0.00106526,-0.000532632
1773774307905,0.0888672,-0.218262,0.989258,0,-0.000532632,0.000532632
1773774307976,0.0864258,-0.21875,0.989746,0,0,0
1773774308056,0.0878906,-0.217773,0.98877,-0.00106526,0.000532632,-0.000532632
1773774308136,0.0854492,-0.217285,0.988281,-0.000532632,-0.000532632,-0.000532632
1773774308207,0.0888672,-0.217285,0.986816,-0.00106526,0,0.000532632
1773774308288,0.0888672,-0.218262,0.987793,-0.00106526,-0.000532632,0.000532632
1773774308368,0.0864258,-0.21582,0.988281,0,-0.000532632,0
1773774308439,0.0883789,-0.217773,0.989746,-0.000532632,-0.000532632,0.000532632
1773774308519,0.0864258,-0.217285,0.986328,0.000532632,-0.000532632,0
1773774308600,0.0869141,-0.216309,0.986328,0,-0.00106526,-0.000532632
1773774308670,0.0874023,-0.218262,0.986816,0,-0.000532632,0
1773774308751,0.0883789,-0.217773,0.987305,-0.000532632,0,0.000532632
1773774308831,0.0878906,-0.219238,0.98584,0,-0.0015979,0
1773774308902,0.0869141,-0.217285,0.988281,0,0,0.00106526
1773774308982,0.0874023,-0.219238,0.98877,0,-0.00106526,-0.00106526
1773774309063,0.0874023,-0.216309,0.988281,0,-0.000532632,0.000532632
1773774309133,0.0854492,-0.217285,0.987793,0,0,0
1773774309214,0.0878906,-0.215332,0.987305,0.00106526,0,0
1773774309284,0.0864258,-0.217285,0.987305,0.000532632,-0.000532632,0.000532632
1773774309365,0.0888672,-0.219238,0.98877,0.000532632,0,-0.00106526
1773774309445,0.0874023,-0.219238,0.988281,0.000532632,-0.000532632,0.000532632
1773774309516,0.0859375,-0.218262,0.986328,0.00106526,0,-0.000532632
1773774309596,0.0874023,-0.215332,0.987305,0,0,0.00106526
1773774309677,0.0888672,-0.216797,0.989746,0,-0.00106526,0
1773774309748,0.0878906,-0.218262,0.989258,0.000532632,-0.000532632,0.000532632
1773774309828,0.0869141,-0.217285,0.989258,0.00106526,0,0
1773774309909,0.0878906,-0.216309,0.987793,0.000532632,-0.00106526,-0.000532632
1773774309980,0.0864258,-0.217773,0.989258,0,-0.000532632,0.000532632
1773774310060,0.0883789,-0.21582,0.991211,0,-0.0015979,0.000532632
1773774310140,0.0874023,-0.215332,0.989258,-0.000532632,-0.000532632,-0.000532632
1773774310211,0.0874023,-0.217773,0.989258,0,-0.000532632,0.00106526
1773774310291,0.0869141,-0.217773,0.990723,0.000532632,0,0
1773774310363,0.0883789,-0.216797,0.989746,-0.000532632,-0.00106526,-0.000532632
1773774310443,0.0883789,-0.218262,0.987793,-0.000532632,-0.000532632,0.000532632
1773774310523,0.0864258,-0.216797,0.98877,0.000532632,-0.000532632,0.00106526
1773774310594,0.0874023,-0.217285,0.98877,-0.000532632,-0.00106526,-0.000532632
1773774310674,0.0869141,-0.217285,0.98877,-0.000532632,0,-0.000532632
1773774310755,0.0883789,-0.220215,0.98877,0,-0.000532632,-0.00106526
1773774310825,0.0869141,-0.219727,0.987793,0,-0.000532632,-0.00106526
1773774310906,0.0898438,-0.217773,0.986328,-0.000532632,-0.000532632,0
1773774310986,0.0883789,-0.21875,0.988281,0,-0.000532632,0
1773774311057,0.0893555,-0.218262,0.989746,0.000532632,-0.00106526,0
1773774311138,0.0854492,-0.217773,0.987305,0,-0.00106526,0
1773774311218,0.0888672,-0.220215,0.987305,0.00106526,-0.000532632,0.000532632
1773774311288,0.0883789,-0.216309,0.989746,-0.00106526,0,-0.000532632
1773774311369,0.0883789,-0.217773,0.987793,0,-0.000532632,0
1773774311450,0.0888672,-0.21875,0.988281,0.00106526,-0.000532632,-0.000532632
1773774311520,0.0874023,-0.21875,0.988281,0,-0.0015979,0.0015979
1773774311602,0.0854492,-0.21582,0.989258,0.000532632,-0.00106526,0
1773774311671,0.0874023,-0.21875,0.989258,0.000532632,0,0
1773774311752,0.0888672,-0.216309,0.98877,-0.000532632,-0.00106526,0
1773774311832,0.0864258,-0.21875,0.987793,0.00106526,-0.000532632,0.00106526
1773774311903,0.0898438,-0.216797,0.987793,0,0,-0.000532632
1773774311983,0.0883789,-0.216309,0.987305,-0.00106526,-0.00106526,-0.00106526
1773774312064,0.0878906,-0.214355,0.986328,0,0.000532632,-0.000532632
1773774312134,0.0874023,-0.216309,0.988281,-0.000532632,-0.0015979,0.000532632
1773774312215,0.0898438,-0.21875,0.987305,-0.000532632,0,0.000532632
1773774312295,0.0888672,-0.216309,0.986328,0,-0.00106526,0
1773774312366,0.0878906,-0.217285,0.988281,-0.000532632,0.000532632,-0.000532632
1773774312447,0.0864258,-0.216797,0.987793,0,0,0.00106526
1773774312517,0.0888672,-0.216309,0.986816,0,0,0
1773774312598,0.0869141,-0.21875,0.98877,-0.000532632,-0.00106526,0.000532632
1773774312678,0.0883789,-0.218262,0.98877,0.00106526,0,0.000532632
1773774312759,0.0874023,-0.216797,0.986816,0.000532632,-0.000532632,0.000532632
1773774312829,0.0888672,-0.217285,0.989258,0,-0.000532632,0
1773774312910,0.0883789,-0.217773,0.988281,-0.000532632,-0.000532632,-0.000532632
1773774312981,0.0893555,-0.21582,0.989258,0,-0.000532632,0
1773774313061,0.0888672,-0.218262,0.98877,-0.00106526,-0.00106526,0.00106526
1773774313141,0.0898438,-0.217285,0.986816,0.00106526,0,0.000532632
1773774313212,0.0874023,-0.21875,0.987793,-0.000532632,-0.000532632,0
1773774313293,0.0874023,-0.216797,0.988281,0,-0.00106526,0
1773774313373,0.0893555,-0.216797,0.989258,0.000532632,-0.0015979,-0.000532632
1773774313443,0.0869141,-0.217773,0.989258,0,-0.000532632,0
1773774313524,0.0893555,-0.216797,0.989258,-0.000532632,0,0
1773774313605,0.0864258,-0.217773,0.989258,0.0015979,-0.000532632,0
1773774313675,0.0864258,-0.216797,0.987793,-0.000532632,-0.000532632,0.00106526
1773774313756,0.0893555,-0.216309,0.986816,0,-0.0015979,0
1773774313836,0.0883789,-0.216309,0.987793,0.000532632,-0.000532632,-0.000532632
1773774313907,0.0893555,-0.216797,0.986816,0.00106526,-0.00106526,0
1773774313987,0.0869141,-0.216309,0.990723,0,-0.000532632,-0.000532632
1773774314068,0.0864258,-0.21875,0.987793,0,-0.000532632,-0.000532632
1773774314138,0.0878906,-0.217773,0.987793,0,-0.0015979,0
1773774314219,0.0869141,-0.220215,0.988281,0.000532632,-0.000532632,0.000532632
1773774314289,0.0859375,-0.219727,0.989746,0,-0.000532632,0
1773774314370,0.0859375,-0.218262,0.987305,0,-0.00106526,0
1773774314450,0.0878906,-0.218262,0.98877,0,0.00106526,0
1773774314521,0.0854492,-0.217285,0.986816,0,0,0
1773774314601,0.0869141,-0.21582,0.989258,0,-0.000532632,0
1773774314682,0.0869141,-0.217285,0.990234,0,-0.00106526,0
1773774314752,0.0888672,-0.217773,0.987793,0,-0.00106526,0
1773774314833,0.0878906,-0.217285,0.988281,0,0,0
1773774314913,0.0883789,-0.217285,0.990723,0.00106526,-0.00106526,-0.000532632
1773774314984,0.0883789,-0.216797,0.987793,0,0.000532632,0
1773774315064,0.0859375,-0.216309,0.989258,-0.000532632,0,0
1773774315145,0.0878906,-0.217285,0.98877,0,0,-0.00106526
1773774315215,0.0883789,-0.217285,0.988281,0.000532632,0,0.000532632
1773774315296,0.0878906,-0.218262,0.988281,-0.000532632,-0.000532632,0
1773774315376,0.0883789,-0.217773,0.987793,0,0,-0.000532632
1773774315447,0.0883789,-0.217773,0.990723,0.000532632,-0.000532632,-0.00106526
1773774315528,0.0859375,-0.21582,0.987305,-0.000532632,-0.000532632,0.000532632
1773774315598,0.0878906,-0.218262,0.988281,0,-0.00106526,0.00106526
1773774315679,0.0878906,-0.217773,0.987793,0.000532632,0,-0.00106526
1773774315759,0.0864258,-0.217773,0.989258,-0.000532632,-0.00106526,0
1773774315830,0.0878906,-0.219238,0.988281,0.000532632,-0.000532632,0.000532632
1773774315910,0.0878906,-0.219238,0.987305,-0.00106526,0,0
1773774315992,0.0913086,-0.218262,0.986328,0.000532632,0,0.0015979
1773774316062,0.0878906,-0.21582,0.988281,-0.000532632,0,0
1773774316142,0.0878906,-0.217773,0.986328,-0.000532632,-0.00106526,-0.000532632
1773774316223,0.0859375,-0.217285,0.98877,0.000532632,0,0
1773774316293,0.0874023,-0.218262,0.98877,-0.000532632,-0.00106526,-0.000532632
1773774316374,0.0883789,-0.218262,0.986816,0,-0.000532632,0
1773774316455,0.0874023,-0.216797,0.987305,-0.000532632,-0.000532632,0
1773774316525,0.0888672,-0.218262,0.986816,0.00106526,0,-0.000532632
1773774316606,0.0893555,-0.217285,0.988281,0,-0.00106526,-0.000532632
1773774316676,0.0869141,-0.216309,0.987305,0,-0.00106526,0
1773774316757,0.0874023,-0.21582,0.988281,-0.000532632,-0.000532632,0
1773774316837,0.0859375,-0.216309,0.987305,0.000532632,-0.00106526,0
1773774316908,0.0878906,-0.216309,0.987793,-0.000532632,-0.000532632,0
1773774316988,0.0874023,-0.216309,0.987793,-0.000532632,0,0
1773774317069,0.0893555,-0.217285,0.986816,0.000532632,0.000532632,-0.000532632
1773774317139,0.0888672,-0.218262,0.988281,-0.000532632,-0.00106526,-0.000532632
1773774317220,0.0883789,-0.214844,0.989746,0.000532632,-0.000532632,0
1773774317301,0.0893555,-0.216797,0.987793,0.000532632,-0.000532632,0
1773774317371,0.0878906,-0.217773,0.98877,0,0,-0.00106526
1773774317452,0.0869141,-0.21582,0.990234,0,0,0.000532632
1773774317532,0.0888672,-0.218262,0.98877,0,-0.0015979,0.000532632
1773774317603,0.0893555,-0.218262,0.988281,0,-0.000532632,0
1773774317683,0.0874023,-0.21582,0.986328,0,-0.00106526,0.000532632
1773774317764,0.0878906,-0.21875,0.990234,0,-0.00106526,-0.000532632
1773774317834,0.0883789,-0.217285,0.987793,-0.000532632,-0.000532632,0
1773774317915,0.0869141,-0.21582,0.989258,-0.000532632,-0.00106526,0.0015979
1773774317986,0.0878906,-0.217773,0.989258,0,0,-0.000532632
1773774318066,0.0878906,-0.218262,0.987793,0,-0.00106526,0.00106526
1773774318147,0.0874023,-0.217773,0.98877,0,-0.00106526,0.000532632
1773774318217,0.0869141,-0.216309,0.986328,-0.000532632,0,0
1773774318298,0.0888672,-0.220215,0.98877,-0.000532632,-0.00106526,0.000532632
1773774318378,0.0888672,-0.21582,0.988281,0,-0.000532632,-0.000532632
1773774318449,0.0874023,-0.219727,0.98877,0.000532632,0,0
1773774318529,0.0874023,-0.217285,0.987305,0,-0.0015979,0.000532632
1773774318610,0.0878906,-0.216797,0.989258,0,-0.000532632,0
1773774318680,0.0869141,-0.216309,0.987793,0,0,-0.00106526
1773774318761,0.0888672,-0.21875,0.987305,-0.000532632,-0.000532632,0
1773774318841,0.0878906,-0.218262,0.986328,0,-0.00106526,-0.000532632
1773774318912,0.0874023,-0.217773,0.98877,-0.000532632,-0.000532632,0.000532632
1773774318992,0.0869141,-0.217773,0.987305,0,-0.000532632,0
1773774319073,0.0883789,-0.217285,0.989258,0.000532632,-0.00106526,0
1773774319143,0.0859375,-0.217773,0.98877,0.000532632,-0.000532632,0.000532632
1773774319224,0.0883789,-0.214844,0.986816,0.000532632,-0.000532632,0.000532632
1773774319294,0.0874023,-0.218262,0.988281,0,0,-0.00106526
1773774319375,0.0883789,-0.217773,0.988281,0.00106526,0,0.000532632
1773774319456,0.0878906,-0.21582,0.986816,-0.000532632,-0.000532632,0.000532632
1773774319526,0.0874023,-0.218262,0.987305,-0.000532632,-0.000532632,-0.000532632
1773774319607,0.0878906,-0.216309,0.988281,-0.000532632,0.000532632,-0.000532632
1773774319687,0.0883789,-0.218262,0.988281,0.00106526,-0.000532632,-0.000532632
1773774319758,0.0869141,-0.21582,0.98584,0.00106526,0,0
1773774319838,0.0883789,-0.217285,0.989746,0.000532632,0,0.000532632
1773774319919,0.0878906,-0.217773,0.986816,0,-0.000532632,-0.000532632
1773774319989,0.0874023,-0.21875,0.988281,0,-0.00106526,0
1773774320070,0.0893555,-0.217773,0.986328,-0.000532632,-0.000532632,0
1773774320150,0.090332,-0.216309,0.989258,0,-0.000532632,0
1773774320221,0.0883789,-0.21875,0.987305,-0.000532632,0.000532632,0
1773774320301,0.0878906,-0.216797,0.988281,0.00106526,-0.00106526,-0.000532632
1773774320382,0.0874023,-0.21875,0.986816,0,-0.000532632,0.000532632
1773774320452,0.0883789,-0.216797,0.987793,0,-0.00106526,0
1773774320533,0.0883789,-0.217773,0.989746,0,-0.00106526,0
1773774320603,0.0893555,-0.217773,0.98877,0.00106526,0,0.00106526
1773774320684,0.0878906,-0.21582,0.990723,0,0,0.0015979
1773774320765,0.0878906,-0.21875,0.987793,-0.000532632,-0.000532632,-0.000532632
1773774320835,0.0874023,-0.216797,0.98877,-0.000532632,0,0.00106526
1773774320916,0.0888672,-0.21875,0.988281,-0.000532632,0,-0.0015979
1773774320996,0.0878906,-0.215332,0.988281,0.000532632,-0.00106526,-0.000532632
1773774321067,0.0878906,-0.216797,0.987793,0,-0.000532632,0.00106526
1773774321147,0.0874023,-0.218262,0.987793,0,-0.00106526,-0.000532632
1773774321228,0.0864258,-0.218262,0.98877,-0.0015979,-0.00106526,0.000532632
1773774321298,0.0883789,-0.218262,0.987793,0,-0.000532632,0
1773774321379,0.0878906,-0.216309,0.98584,0,-0.000532632,0
1773774321450,0.0878906,-0.216309,0.98877,0.000532632,-0.00213053,0
1773774321530,0.0888672,-0.217285,0.987305,0.000532632,0,0
1773774321611,0.0888672,-0.218262,0.989258,-0.000532632,-0.00106526,0
1773774321681,0.0869141,-0.217285,0.987305,0,0,0
1773774321762,0.0878906,-0.217773,0.98877,0.000532632,-0.00106526,0
1773774321842,0.0883789,-0.217285,0.987305,-0.000532632,-0.000532632,0
1773774321913,0.0874023,-0.217773,0.987793,0,-0.0015979,-0.00106526
1773774321993,0.0859375,-0.21875,0.989258,0.0015979,-0.000532632,-0.000532632
1773774322074,0.0869141,-0.21875,0.987305,-0.000532632,0,0.000532632
1773774322144,0.0888672,-0.216797,0.989258,0,-0.00106526,-0.000532632
1773774322225,0.0878906,-0.216797,0.986816,0,0,-0.000532632
1773774322305,0.0869141,-0.218262,0.987305,-0.000532632,-0.00106526,0
1773774322376,0.0888672,-0.217285,0.988281,0,-0.00106526,0.000532632
1773774322457,0.0874023,-0.219238,0.988281,0,0,0.000532632
1773774322537,0.0888672,-0.218262,0.989746,0,0,0
1773774322608,0.0893555,-0.219238,0.988281,0,-0.00106526,0
1773774322688,0.0883789,-0.217773,0.989746,-0.000532632,0,-0.000532632
1773774322769,0.0874023,-0.217285,0.986816,0,-0.000532632,0.000532632
1773774322841,0.0883789,-0.219727,0.98877,-0.000532632,-0.000532632,-0.00106526
1773774322920,0.0878906,-0.218262,0.990723,0.00106526,-0.0015979,0
1773774322990,0.0874023,-0.216797,0.988281,0,-0.00106526,0.000532632
1773774323071,0.0898438,-0.216797,0.988281,0.000532632,-0.00106526,0
1773774323151,0.0859375,-0.21582,0.987793,0,-0.0015979,0.00106526
1773774323222,0.0874023,-0.217773,0.988281,0,-0.000532632,0.000532632
1773774323302,0.0883789,-0.216309,0.989258,0,-0.000532632,0.00106526
1773774323383,0.0883789,-0.219238,0.989258,0,-0.00106526,0.000532632
1773774323453,0.0893555,-0.217285,0.988281,-0.000532632,-0.000532632,-0.000532632
1773774323534,0.0893555,-0.216309,0.98877,-0.00106526,-0.0015979,0.000532632
1773774323615,0.0859375,-0.216797,0.989258,0,0.000532632,-0.00106526
1773774323685,0.0893555,-0.216309,0.988281,-0.000532632,-0.000532632,0.000532632
1773774323766,0.0883789,-0.216309,0.989258,-0.000532632,-0.00106526,0
1773774323846,0.0893555,-0.217773,0.986328,0,-0.000532632,0.000532632
1773774323917,0.0893555,-0.216309,0.989746,0,0,0.000532632
1773774323997,0.0869141,-0.216797,0.987793,0,-0.0015979,0.000532632
1773774324078,0.0864258,-0.217285,0.991211,-0.000532632,-0.000532632,0
1773774324148,0.0869141,-0.215332,0.989258,0,-0.000532632,0
1773774324229,0.0874023,-0.216309,0.987305,0,-0.000532632,-0.00106526
1773774324299,0.0883789,-0.218262,0.98877,0.000532632,-0.000532632,0
1773774324380,0.0883789,-0.217773,0.986816,0,-0.000532632,0
1773774324460,0.0878906,-0.219238,0.988281,0,-0.000532632,-0.000532632
1773774324531,0.0874023,-0.21875,0.987793,0,-0.0015979,-0.000532632
1773774324611,0.0893555,-0.21582,0.989746,0,-0.000532632,0.000532632
1773774324692,0.0883789,-0.219238,0.98877,0,-0.00106526,0
1773774324762,0.0878906,-0.216797,0.987793,0.000532632,-0.000532632,0
1773774324843,0.0869141,-0.217285,0.98877,0,-0.000532632,-0.00106526
1773774324924,0.0878906,-0.215332,0.989258,-0.000532632,-0.00106526,0
1773774324994,0.0878906,-0.218262,0.987793,-0.000532632,0,0.000532632
1773774325075,0.0888672,-0.21582,0.98877,0,-0.000532632,-0.000532632
1773774325155,0.0883789,-0.217773,0.988281,0,0,0.000532632
1773774325226,0.0869141,-0.217773,0.987793,-0.000532632,-0.0015979,0.000532632
1773774325306,0.0883789,-0.216309,0.98877,-0.00106526,-0.000532632,-0.000532632
1773774325387,0.0874023,-0.216309,0.990234,0,0,-0.00106526
1773774325457,0.0878906,-0.216309,0.988281,-0.00106526,-0.000532632,-0.000532632
1773774325538,0.0883789,-0.218262,0.989258,0,0,0.000532632
1773774325608,0.0869141,-0.217773,0.988281,0,0.000532632,0
1773774325689,0.0869141,-0.216797,0.987793,0,-0.00106526,-0.00106526
1773774325769,0.0854492,-0.217285,0.988281,-0.00106526,-0.0015979,0.000532632
1773774325840,0.0869141,-0.21582,0.986816,0.000532632,-0.00106526,0
1773774325920,0.0874023,-0.218262,0.989746,-0.000532632,-0.000532632,0.000532632
1773774326001,0.0869141,-0.216797,0.98877,0.00106526,-0.000532632,-0.00106526
1773774326071,0.0883789,-0.216309,0.98877,0,-0.00106526,0.00106526
1773774326152,0.0869141,-0.217285,0.988281,-0.00106526,0,0
1773774326232,0.0883789,-0.216309,0.987793,0,-0.00106526,-0.000532632
1773774326303,0.0888672,-0.217773,0.987793,0.000532632,-0.000532632,-0.000532632
1773774326383,0.0893555,-0.21582,0.98877,0,0,0
1773774326464,0.0874023,-0.218262,0.989746,0,-0.00106526,-0.000532632
1773774326534,0.0883789,-0.218262,0.987305,0,0,0.000532632
1773774326615,0.0888672,-0.217285,0.989746,0.000532632,0,0
1773774326695,0.0878906,-0.216309,0.986328,-0.000532632,-0.00106526,0.000532632
1773774326766,0.0874023,-0.217773,0.986328,0.000532632,-0.00106526,-0.000532632
1773774326848,0.0874023,-0.217285,0.98877,0.000532632,0,-0.000532632
1773774326917,0.0888672,-0.218262,0.98877,0,-0.00106526,-0.000532632
1773774326998,0.0864258,-0.216309,0.98877,0,0,0.00106526
1773774327078,0.0878906,-0.216309,0.986816,0,-0.00106526,-0.00106526
1773774327149,0.0878906,-0.216309,0.986816,0,0,-0.000532632
1773774327230,0.090332,-0.21582,0.988281,0,-0.00106526,-0.000532632
1773774327310,0.0878906,-0.218262,0.987793,-0.000532632,-0.000532632,0
1773774327380,0.0893555,-0.218262,0.987305,0.000532632,-0.000532632,0.00106526
1773774327461,0.0898438,-0.217285,0.989746,-0.000532632,-0.000532632,-0.000532632
1773774327542,0.0888672,-0.217285,0.988281,0.000532632,-0.0015979,-0.000532632
1773774327612,0.0874023,-0.218262,0.988281,-0.00106526,-0.00106526,-0.00106526
1773774327693,0.0869141,-0.216309,0.986816,0,0,0
1773774327773,0.0883789,-0.217285,0.988281,-0.000532632,-0.00106526,0
1773774327844,0.0874023,-0.216309,0.989746,0,0,-0.000532632
1773774327924,0.0893555,-0.217773,0.988281,0,0,0.0015979
1773774328005,0.0854492,-0.217773,0.986816,0.000532632,-0.000532632,0.000532632
1773774328076,0.0874023,-0.218262,0.98877,0,-0.000532632,0
1773774328156,0.0878906,-0.216797,0.987793,0,-0.000532632,0.000532632
1773774328226,0.0864258,-0.218262,0.987793,-0.000532632,-0.00106526,0.000532632
1773774328307,0.0888672,-0.216797,0.987793,0,0,0.00106526
1773774328389,0.090332,-0.21582,0.987793,0.000532632,-0.00106526,-0.00106526
1773774328458,0.0893555,-0.216309,0.989258,-0.000532632,-0.0015979,0.000532632
1773774328539,0.0869141,-0.217285,0.987305,0.000532632,-0.000532632,0.000532632
1773774328619,0.0883789,-0.216797,0.98877,0.000532632,-0.000532632,0.000532632
1773774328690,0.0874023,-0.217773,0.989746,0.000532632,0,0
1773774328770,0.0898438,-0.217285,0.987305,-0.000532632,-0.00106526,-0.000532632
1773774328851,0.0869141,-0.214844,0.988281,-0.000532632,-0.000532632,0
1773774328921,0.0854492,-0.217773,0.988281,-0.000532632,-0.000532632,0
1773774329002,0.0869141,-0.218262,0.988281,0.000532632,-0.0015979,-0.0015979
1773774329082,0.0893555,-0.220215,0.986328,0.000532632,-0.00106526,-0.000532632
1773774329153,0.0883789,-0.216309,0.990723,0,-0.00106526,0.000532632
1773774329234,0.0888672,-0.218262,0.988281,0.00106526,-0.000532632,0.000532632
1773774329304,0.0878906,-0.21582,0.987793,0,-0.00106526,-0.000532632
1773774329385,0.0874023,-0.217285,0.987305,0.000532632,-0.000532632,-0.000532632
1773774329466,0.0864258,-0.217773,0.987793,-0.000532632,-0.000532632,0
1773774329536,0.0888672,-0.217285,0.986328,-0.00106526,-0.00106526,0.000532632
1773774329617,0.0874023,-0.217285,0.987793,0.000532632,-0.00106526,0.00106526
1773774329697,0.0869141,-0.217773,0.987793,0.000532632,-0.000532632,-0.000532632
1773774329768,0.0888672,-0.216309,0.987305,0.000532632,-0.000532632,0.000532632
1773774329848,0.0874023,-0.217285,0.987305,-0.000532632,0,-0.00106526
1773774329929,0.0888672,-0.21875,0.987793,0.000532632,-0.000532632,0
1773774329999,0.0869141,-0.215332,0.987305,-0.000532632,-0.000532632,-0.000532632
1773774330080,0.0878906,-0.217773,0.98877,0,-0.000532632,-0.00106526
1773774330160,0.0869141,-0.216309,0.98877,0.00106526,-0.00106526,0.000532632
1773774330231,0.0874023,-0.21582,0.989258,-0.000532632,0,0
1773774330311,0.0874023,-0.217285,0.987793,0,-0.000532632,0.00106526
1773774330392,0.0874023,-0.21875,0.98877,0.000532632,-0.00106526,-0.000532632
1773774330462,0.0893555,-0.217773,0.986816,-0.000532632,-0.000532632,-0.00106526
1773774330543,0.0864258,-0.217773,0.987793,0.000532632,-0.000532632,-0.000532632
1773774330613,0.0864258,-0.219238,0.98877,-0.00106526,-0.000532632,0.00106526
1773774330694,0.0878906,-0.217285,0.987793,0.000532632,-0.000532632,-0.00106526
1773774330775,0.0874023,-0.217773,0.986328,0.000532632,-0.000532632,0
1773774330845,0.0864258,-0.219238,0.988281,-0.000532632,-0.000532632,-0.00106526
1773774330926,0.0874023,-0.219238,0.987305,0.000532632,-0.00213053,-0.000532632
1773774331006,0.0869141,-0.21582,0.986816,0,-0.000532632,0.000532632
1773774331077,0.0869141,-0.216797,0.988281,-0.000532632,-0.0015979,-0.000532632
1773774331157,0.0869141,-0.21875,0.98877,-0.000532632,-0.00106526,0
1773774331238,0.0869141,-0.217285,0.98877,-0.000532632,-0.000532632,0
1773774331308,0.0883789,-0.218262,0.986328,0,-0.00106526,0
1773774331389,0.0878906,-0.218262,0.987305,0.0015979,0.000532632,0
1773774331470,0.0869141,-0.215332,0.987793,0.000532632,0,0
1773774331540,0.0869141,-0.217773,0.989746,0.00106526,0,0
1773774331621,0.0893555,-0.217285,0.987793,0,-0.00106526,0
1773774331701,0.0883789,-0.216309,0.98584,-0.000532632,0,0
1773774331772,0.0864258,-0.217285,0.987305,0,-0.0015979,0.00106526
1773774331853,0.0869141,-0.216309,0.98877,-0.000532632,0,0
1773774331923,0.0859375,-0.217285,0.986328,0,-0.0015979,-0.000532632
1773774332004,0.0893555,-0.217285,0.987305,-0.000532632,-0.00106526,-0.000532632
1773774332084,0.0883789,-0.218262,0.987793,-0.00106526,-0.00106526,-0.000532632
1773774332155,0.0878906,-0.217773,0.98877,-0.00106526,-0.00106526,-0.0015979
1773774332235,0.0878906,-0.217773,0.988281,-0.000532632,-0.000532632,0
1773774332316,0.0864258,-0.21875,0.987305,0.0015979,0,0.000532632
1773774332386,0.0869141,-0.216797,0.98877,0.000532632,-0.000532632,-0.00106526
1773774332467,0.0893555,-0.216797,0.987793,-0.000532632,0,0.000532632
1773774332548,0.0859375,-0.218262,0.986328,-0.000532632,-0.00106526,0
1773774332618,0.0869141,-0.217773,0.986816,0.000532632,-0.000532632,0
1773774332699,0.0883789,-0.216309,0.98877,0,-0.00106526,0.00106526
1773774332769,0.0878906,-0.217285,0.989746,0,-0.000532632,0.000532632
1773774332850,0.0888672,-0.216797,0.987305,-0.00106526,0,-0.00106526
1773774332930,0.0898438,-0.216309,0.990723,0,-0.00106526,0.000532632
1773774333001,0.0883789,-0.217773,0.990723,-0.000532632,0,-0.000532632
1773774333081,0.0888672,-0.216797,0.986816,-0.000532632,-0.000532632,-0.000532632
1773774333162,0.0864258,-0.216309,0.989746,-0.000532632,-0.000532632,0
1773774333233,0.0859375,-0.220215,0.988281,0,-0.00106526,-0.000532632
1773774333313,0.0869141,-0.217285,0.989258,-0.000532632,-0.00106526,0
1773774333393,0.0888672,-0.219238,0.987793,-0.000532632,-0.0015979,0
1773774333464,0.0878906,-0.217773,0.988281,0.00106526,-0.000532632,0
1773774333544,0.0898438,-0.21582,0.989258,-0.000532632,-0.00106526,-0.00106526
1773774333625,0.0883789,-0.21875,0.989258,-0.00106526,-0.0015979,0.000532632
1773774333695,0.0888672,-0.216797,0.988281,-0.000532632,-0.00106526,0.00106526
1773774333776,0.0878906,-0.215332,0.986816,0,-0.000532632,0
1773774333857,0.0888672,-0.21875,0.989746,-0.000532632,0,0.000532632
1773774333927,0.0883789,-0.217773,0.988281,0,-0.000532632,-0.000532632
1773774334008,0.0878906,-0.21582,0.989258,-0.000532632,0,-0.000532632
1773774334088,0.0888672,-0.216309,0.988281,-0.000532632,0,0.000532632
1773774334159,0.0878906,-0.219238,0.988281,-0.000532632,-0.00106526,-0.000532632
1773774334240,0.0869141,-0.217773,0.986816,-0.00106526,-0.00106526,0
1773774334310,0.0888672,-0.217285,0.986816,0.000532632,0,0.000532632
1773774334391,0.0878906,-0.216309,0.987793,-0.000532632,-0.000532632,0
1773774334471,0.090332,-0.216309,0.989746,-0.000532632,0.000532632,-0.0015979
1773774334542,0.0859375,-0.216797,0.986816,0.000532632,0,0
1773774334622,0.0874023,-0.21875,0.986816,-0.000532632,-0.00106526,0.000532632
1773774334703,0.0869141,-0.21875,0.98877,0.000532632,-0.00106526,0.00106526
1773774334773,0.0874023,-0.218262,0.988281,-0.00106526,-0.000532632,0
1773774334854,0.0874023,-0.217285,0.990723,0,-0.000532632,0
1773774334934,0.0874023,-0.218262,0.988281,0.000532632,-0.000532632,0
1773774335005,0.0883789,-0.218262,0.989258,0,0,0
1773774335085,0.0878906,-0.217285,0.988281,-0.000532632,-0.0015979,0.00106526
1773774335166,0.0869141,-0.218262,0.987305,0.000532632,-0.000532632,0
1773774335236,0.0869141,-0.21582,0.989258,0,-0.00106526,0.000532632
1773774335317,0.0908203,-0.217773,0.98877,-0.000532632,-0.000532632,0.000532632
1773774335398,0.0869141,-0.217285,0.987793,-0.000532632,-0.000532632,0
1773774335468,0.0854492,-0.21875,0.988281,0.000532632,-0.000532632,0
1773774335549,0.0869141,-0.216309,0.990234,-0.000532632,-0.0015979,-0.000532632
1773774335619,0.0874023,-0.218262,0.989258,-0.000532632,0.000532632,0.000532632
1773774335700,0.0874023,-0.217773,0.987305,0,-0.000532632,0
1773774335780,0.0874023,-0.21582,0.986816,0.00106526,0,0.000532632
1773774335851,0.0869141,-0.21875,0.988281,-0.000532632,-0.000532632,0.000532632
1773774335931,0.0888672,-0.217285,0.987793,0.00106526,-0.00106526,-0.0015979
1773774336012,0.0874023,-0.217285,0.986816,0.000532632,-0.000532632,-0.00106526
1773774336082,0.0878906,-0.217285,0.98877,0,-0.000532632,0
1773774336163,0.0859375,-0.217285,0.989258,0,-0.000532632,0.00106526
1773774336243,0.0878906,-0.217285,0.987793,0,-0.00106526,0
1773774336314,0.0864258,-0.216797,0.988281,-0.000532632,-0.00106526,-0.000532632
1773774336394,0.0898438,-0.217285,0.988281,0.000532632,0.000532632,0.000532632
1773774336475,0.0888672,-0.218262,0.98877,0,-0.000532632,0
1773774336545,0.0874023,-0.216797,0.988281,-0.00106526,0,0.000532632
1773774336626,0.0898438,-0.217285,0.98877,-0.000532632,-0.00106526,-0.000532632
1773774336696,0.0864258,-0.216797,0.988281,-0.000532632,-0.000532632,0.000532632
1773774336777,0.0859375,-0.217285,0.987793,0,-0.000532632,0.000532632
1773774336858,0.0874023,-0.217773,0.988281,-0.000532632,0,0.00106526
1773774336928,0.0874023,-0.217773,0.987793,0,-0.000532632,0
1773774337009,0.0883789,-0.217285,0.990234,0,0,0.00106526
1773774337089,0.0883789,-0.216797,0.986816,0.000532632,0,0.000532632
1773774337160,0.0869141,-0.215332,0.988281,0,0,-0.0015979
1773774337240,0.0874023,-0.218262,0.988281,0.000532632,0,0
1773774337321,0.0878906,-0.217285,0.989258,-0.00106526,-0.00106526,-0.00106526
1773774337391,0.0859375,-0.216797,0.987793,0,-0.00106526,0
1773774337472,0.0883789,-0.217285,0.987305,0,-0.00106526,0.000532632
1773774337552,0.0883789,-0.219727,0.987793,0,0.000532632,0
1773774337623,0.0864258,-0.217285,0.989258,-0.00106526,-0.000532632,0.000532632
1773774337703,0.0874023,-0.217285,0.990723,0,-0.000532632,0.00106526
1773774337784,0.0878906,-0.218262,0.988281,0,-0.000532632,0
1773774337854,0.0874023,-0.216797,0.988281,0,-0.000532632,-0.000532632
1773774337935,0.0869141,-0.21875,0.988281,-0.000532632,0,-0.000532632
1773774338015,0.0874023,-0.217285,0.990234,0.000532632,-0.00106526,-0.00106526
1773774338086,0.0869141,-0.218262,0.98877,0.000532632,-0.000532632,0.000532632
1773774338167,0.0883789,-0.21582,0.988281,-0.000532632,-0.0015979,0.000532632
1773774338237,0.0883789,-0.215332,0.987305,-0.000532632,-0.000532632,-0.000532632
1773774338317,0.0874023,-0.217773,0.988281,-0.000532632,-0.000532632,-0.00106526
1773774338398,0.0878906,-0.217285,0.987793,0,-0.000532632,-0.000532632
1773774338469,0.0869141,-0.217285,0.98877,0.000532632,0,0.000532632
1773774338549,0.0878906,-0.217285,0.988281,0,-0.000532632,-0.00106526
1773774338630,0.0874023,-0.216797,0.987793,-0.0015979,-0.000532632,0
1773774338700,0.0869141,-0.216797,0.98877,0,-0.000532632,0
1773774338781,0.0888672,-0.218262,0.989258,0,-0.00106526,0.000532632
1773774338861,0.0854492,-0.217773,0.98877,-0.000532632,-0.0015979,0
1773774338932,0.0859375,-0.218262,0.986816,0.000532632,-0.00106526,0
1773774339012,0.0898438,-0.217773,0.987793,-0.00106526,-0.00106526,0
1773774339093,0.0878906,-0.218262,0.989746,-0.000532632,-0.00106526,-0.000532632
1773774339164,0.0878906,-0.216309,0.987793,-0.00106526,-0.000532632,0
1773774339244,0.0874023,-0.217285,0.989746,-0.000532632,-0.00106526,0
1773774339314,0.0883789,-0.218262,0.987305,0.000532632,-0.00106526,-0.00106526
1773774339395,0.0874023,-0.216309,0.987793,0.000532632,-0.000532632,-0.000532632
1773774339475,0.0869141,-0.216797,0.989258,-0.000532632,-0.000532632,0
1773774339546,0.0883789,-0.216797,0.987793,0,-0.000532632,0
1773774339626,0.0878906,-0.216797,0.987305,0.000532632,-0.00106526,0
1773774339707,0.0859375,-0.217285,0.988281,-0.000532632,-0.000532632,0.000532632
1773774339777,0.0888672,-0.217285,0.988281,-0.000532632,-0.00106526,-0.000532632
1773774339858,0.0883789,-0.216797,0.987305,0.00106526,-0.000532632,0.000532632
1773774339938,0.0874023,-0.219238,0.988281,0.000532632,-0.0015979,0.00106526
1773774340009,0.0864258,-0.218262,0.987305,0.000532632,0,-0.000532632
1773774340090,0.0898438,-0.217773,0.986816,0,-0.00106526,0.000532632
1773774340170,0.0878906,-0.21875,0.987305,-0.000532632,-0.000532632,0.000532632
1773774340241,0.0864258,-0.217773,0.98584,0.000532632,-0.000532632,-0.000532632
1773774340321,0.0859375,-0.21582,0.989258,0,0,0.000532632
1773774340402,0.0874023,-0.216309,0.988281,0,-0.000532632,0
1773774340472,0.0893555,-0.218262,0.987305,0,-0.00213053,0
1773774340553,0.0859375,-0.218262,0.989258,0,0,-0.000532632
1773774340633,0.0874023,-0.216797,0.988281,-0.000532632,-0.00106526,-0.000532632
1773774340704,0.0878906,-0.217773,0.986328,-0.000532632,-0.00106526,-0.000532632
1773774340784,0.0869141,-0.217285,0.986328,0.00106526,0,0.000532632
1773774340855,0.0874023,-0.217285,0.986816,0,-0.00106526,0
1773774340935,0.0874023,-0.217285,0.986816,0,-0.000532632,0.00106526
1773774341016,0.0878906,-0.217773,0.986328,0.000532632,-0.000532632,-0.000532632
1773774341086,0.0883789,-0.216797,0.989258,0,-0.000532632,0.00106526
1773774341167,0.0874023,-0.217773,0.987793,-0.000532632,-0.000532632,0
1773774341247,0.0878906,-0.216309,0.987793,0,-0.0015979,0.000532632
1773774341318,0.0893555,-0.216309,0.989258,0,-0.000532632,-0.000532632
1773774341398,0.0883789,-0.218262,0.98877,-0.000532632,-0.00106526,0
1773774341479,0.0869141,-0.218262,0.987305,0,-0.0015979,-0.000532632
1773774341549,0.0869141,-0.217773,0.988281,0,-0.00213053,0
1773774341630,0.0883789,-0.216309,0.98877,-0.000532632,-0.00106526,0
1773774341711,0.0893555,-0.217285,0.986328,0,-0.00106526,-0.000532632
1773774341781,0.0859375,-0.21875,0.987305,-0.000532632,-0.00106526,-0.00106526
1773774341861,0.0874023,-0.216797,0.989258,0.000532632,-0.000532632,0
1773774341942,0.0869141,-0.217285,0.98584,0,-0.000532632,-0.000532632
1773774342012,0.0883789,-0.216309,0.989746,0.000532632,-0.000532632,0.000532632
1773774342093,0.0888672,-0.216797,0.988281,-0.000532632,-0.000532632,-0.000532632
1773774342174,0.0869141,-0.217773,0.989258,0,0.000532632,0.000532632
1773774342244,0.0869141,-0.218262,0.989258,-0.000532632,-0.00106526,0.000532632
1773774342325,0.0878906,-0.21875,0.989258,0.000532632,-0.00106526,0
1773774342395,0.0869141,-0.216797,0.989258,0,-0.000532632,0.000532632
1773774342476,0.0883789,-0.216797,0.986328,0,-0.000532632,0.00106526
1773774342556,0.0874023,-0.216797,0.98877,0.000532632,-0.00106526,0
1773774342627,0.0874023,-0.218262,0.986816,-0.00106526,-0.00106526,0
1773774342707,0.0878906,-0.218262,0.988281,0.000532632,-0.000532632,0
1773774342788,0.0883789,-0.21875,0.987793,-0.00106526,0.000532632,-0.000532632
1773774342858,0.0883789,-0.21875,0.98877,0.000532632,-0.000532632,0
1773774342939,0.0869141,-0.217773,0.98877,0,0,-0.00106526
1773774343019,0.0893555,-0.217773,0.987793,0,-0.000532632,-0.000532632
1773774343090,0.0888672,-0.216309,0.986816,0,0,0
1773774343170,0.0869141,-0.217285,0.986816,0,0,-0.000532632
1773774343251,0.0864258,-0.217285,0.988281,0.000532632,-0.00106526,-0.000532632
1773774343321,0.0874023,-0.217285,0.986816,0.000532632,-0.000532632,0.000532632
1773774343402,0.0859375,-0.217285,0.988281,0.000532632,0,0
1773774343482,0.0869141,-0.218262,0.986816,0,-0.000532632,-0.00106526
1773774343553,0.0874023,-0.21875,0.987793,-0.00106526,-0.000532632,-0.000532632
1773774343633,0.0898438,-0.219238,0.988281,-0.000532632,-0.000532632,0.000532632
1773774343714,0.0874023,-0.217285,0.988281,0,-0.00106526,0
1773774343784,0.0883789,-0.218262,0.988281,-0.000532632,-0.000532632,0
1773774343865,0.0888672,-0.217285,0.987305,0,-0.000532632,-0.000532632
1773774343935,0.0888672,-0.217285,0.989258,0.00106526,-0.00106526,0.00106526
1773774344016,0.0893555,-0.216797,0.987305,0,-0.00106526,-0.00106526
1773774344097,0.0883789,-0.216309,0.989258,-0.00106526,-0.0015979,-0.00106526
1773774344167,0.0844727,-0.216797,0.988281,0,-0.000532632,0.000532632
1773774344248,0.0883789,-0.216797,0.98877,-0.00106526,-0.000532632,0
1773774344328,0.0888672,-0.216797,0.988281,0.000532632,0,0
1773774344399,0.0878906,-0.217285,0.985352,0.000532632,-0.000532632,0.000532632
1773774344480,0.0883789,-0.217773,0.98877,0,-0.000532632,0
1773774344560,0.0869141,-0.21875,0.987305,0,-0.0015979,0
1773774344630,0.0874023,-0.219238,0.98877,0.000532632,-0.00106526,0.000532632
1773774344711,0.0888672,-0.217285,0.989258,0,-0.000532632,0.000532632
1773774344791,0.0874023,-0.217773,0.98877,-0.000532632,-0.0015979,0
1773774344862,0.0878906,-0.217773,0.989258,0,0,0.00106526
1773774344942,0.0888672,-0.216797,0.986328,-0.000532632,0,0
1773774345013,0.0878906,-0.218262,0.987793,-0.000532632,-0.0015979,0.000532632
1773774345093,0.0883789,-0.216309,0.987793,0.000532632,-0.00106526,0.000532632
1773774345174,0.0883789,-0.215332,0.987793,0,-0.000532632,0.000532632
1773774345244,0.0888672,-0.217773,0.987305,-0.00106526,-0.00106526,0.000532632
1773774345325,0.0883789,-0.217285,0.988281,0,-0.000532632,0
1773774345406,0.0854492,-0.216797,0.988281,0,-0.000532632,0
1773774345476,0.0883789,-0.217285,0.989746,-0.000532632,0,0.000532632
1773774345557,0.0874023,-0.217773,0.989258,0.000532632,-0.000532632,-0.00106526
1773774345637,0.0883789,-0.217773,0.98877,-0.000532632,-0.000532632,0
1773774345708,0.0864258,-0.21582,0.989258,0.000532632,-0.000532632,0
1773774345789,0.0893555,-0.217773,0.987793,-0.000532632,-0.0015979,-0.00106526
1773774345869,0.0874023,-0.216797,0.988281,0.000532632,-0.00106526,0.000532632
1773774345939,0.0883789,-0.217773,0.98877,0.000532632,-0.000532632,0
1773774346020,0.0864258,-0.217773,0.98877,0,-0.00106526,0
1773774346101,0.0869141,-0.216309,0.98584,0.000532632,-0.00106526,-0.000532632
1773774346171,0.0883789,-0.218262,0.988281,0,-0.000532632,-0.00106526
1773774346252,0.0869141,-0.21582,0.989258,0,-0.0015979,0
1773774346322,0.0878906,-0.216797,0.987305,0,0,0
1773774346403,0.0869141,-0.21875,0.989258,-0.000532632,-0.0015979,0.000532632
1773774346483,0.0878906,-0.217285,0.988281,-0.000532632,-0.0015979,0
1773774346554,0.0883789,-0.219238,0.98877,0.000532632,-0.00106526,0
1773774346634,0.0883789,-0.216797,0.989746,0,-0.000532632,-0.000532632
1773774346715,0.0859375,-0.218262,0.989746,-0.000532632,-0.0015979,0.000532632
1773774346785,0.0888672,-0.217285,0.988281,0.000532632,0,-0.000532632
1773774346866,0.0874023,-0.219238,0.987305,0.000532632,0.000532632,0.000532632
1773774346947,0.0893555,-0.217773,0.989258,0.00106526,0,0
1773774347017,0.0864258,-0.216309,0.987305,0.000532632,-0.00106526,0.000532632
1773774347098,0.0888672,-0.217773,0.988281,0,0,-0.00106526
1773774347169,0.0878906,-0.217285,0.987305,0.000532632,-0.000532632,0.000532632
1773774347249,0.0869141,-0.216797,0.987793,-0.000532632,0.000532632,0
1773774347330,0.0869141,-0.217773,0.98877,-0.000532632,-0.00106526,-0.000532632
1773774347400,0.0883789,-0.217285,0.987793,0,-0.00106526,0
1773774347481,0.0883789,-0.217285,0.987793,-0.000532632,-0.000532632,-0.00106526
1773774347561,0.0849609,-0.217773,0.986816,0.000532632,-0.0015979,-0.0015979
1773774347631,0.0883789,-0.21875,0.990723,-0.000532632,-0.00106526,0.000532632
1773774347712,0.0874023,-0.217285,0.990234,0.000532632,-0.00106526,-0.000532632
1773774347793,0.0869141,-0.217773,0.986816,0,-0.000532632,0.000532632
1773774347863,0.0883789,-0.217285,0.98877,0,-0.00106526,0.00106526
1773774347944,0.0888672,-0.217773,0.988281,-0.000532632,-0.0015979,0.000532632
1773774348024,0.0883789,-0.21875,0.987793,0.000532632,-0.00106526,0
1773774348095,0.0883789,-0.219238,0.989746,0,-0.00106526,0.000532632
1773774348175,0.0864258,-0.219238,0.987793,0.000532632,0,0.000532632
1773774348256,0.0888672,-0.216797,0.987793,-0.00106526,-0.00106526,0.000532632
1773774348327,0.0888672,-0.215332,0.988281,0.00106526,0,0
1773774348407,0.0888672,-0.217285,0.98877,-0.000532632,0,0.000532632
1773774348488,0.0878906,-0.217773,0.98877,0.000532632,-0.0015979,0
1773774348558,0.0869141,-0.214355,0.988281,-0.000532632,-0.000532632,0
1773774348639,0.0869141,-0.219727,0.989258,-0.000532632,-0.000532632,0.000532632
1773774348709,0.0883789,-0.216797,0.989746,0,0.000532632,0.000532632
1773774348790,0.0878906,-0.216309,0.98877,0.000532632,-0.000532632,0
1773774348870,0.0869141,-0.21582,0.98877,-0.000532632,-0.000532632,0
1773774348941,0.0893555,-0.216797,0.989258,0,0,0.00106526
1773774349021,0.0874023,-0.21582,0.989258,0.00106526,0,0
1773774349102,0.0888672,-0.216797,0.987793,-0.000532632,-0.00106526,0.000532632
1773774349173,0.0878906,-0.218262,0.987793,0.000532632,-0.00106526,0
1773774349253,0.0878906,-0.216797,0.987793,0,-0.000532632,-0.00106526
1773774349334,0.0874023,-0.217285,0.986816,0,-0.00106526,0
1773774349404,0.0878906,-0.216309,0.989746,0,-0.00106526,0.000532632
1773774349485,0.0888672,-0.217773,0.989258,0.00106526,-0.00106526,-0.000532632
1773774349565,0.090332,-0.21582,0.989746,-0.000532632,0,0
1773774349636,0.0883789,-0.216309,0.987305,-0.000532632,-0.000532632,-0.00106526
1773774349717,0.0893555,-0.217285,0.987793,-0.000532632,-0.0015979,-0.000532632
1773774349797,0.0864258,-0.218262,0.988281,-0.00106526,-0.000532632,0
1773774349867,0.0878906,-0.217773,0.987305,0,-0.00106526,0
1773774349948,0.0893555,-0.216797,0.987305,-0.00106526,-0.00106526,0.000532632
1773774350018,0.0893555,-0.218262,0.98877,-0.0015979,-0.000532632,-0.000532632
1773774350099,0.0883789,-0.216309,0.988281,-0.000532632,0,0
1773774350179,0.0869141,-0.219238,0.98877,-0.000532632,0,-0.000532632
1773774350250,0.0883789,-0.216309,0.985352,0,-0.00106526,-0.00213053
1773774350330,0.0893555,-0.216797,0.987305,0.00106526,0,-0.0015979
1773774350411,0.0869141,-0.217773,0.987305,-0.000532632,-0.000532632,0
1773774350481,0.0869141,-0.217285,0.988281,0,-0.000532632,0.000532632
1773774350562,0.0888672,-0.218262,0.987305,0,-0.000532632,0
1773774350642,0.0878906,-0.217773,0.988281,-0.000532632,-0.000532632,-0.000532632
1773774350713,0.0888672,-0.217285,0.988281,0.000532632,-0.000532632,0.00106526
1773774350793,0.0874023,-0.216797,0.986816,0,-0.00106526,-0.000532632
1773774350874,0.0859375,-0.217285,0.987793,0.000532632,-0.00106526,0.00106526
1773774350945,0.0874023,-0.21582,0.989746,-0.000532632,-0.00106526,0
1773774351025,0.0898438,-0.21582,0.989258,0,-0.0015979,-0.000532632
1773774351106,0.0883789,-0.217285,0.990234,-0.000532632,-0.00106526,-0.000532632
1773774351176,0.0869141,-0.217773,0.986816,0.000532632,-0.000532632,0
1773774351257,0.0878906,-0.217773,0.986328,0,-0.000532632,0
1773774351327,0.0883789,-0.217285,0.987305,-0.000532632,-0.000532632,0
1773774351408,0.0874023,-0.217773,0.986816,-0.000532632,-0.000532632,0.000532632
1773774351489,0.0869141,-0.218262,0.990723,0.000532632,-0.00106526,0
1773774351559,0.0888672,-0.216797,0.98877,-0.000532632,-0.000532632,0
1773774351639,0.0883789,-0.216797,0.989258,-0.000532632,-0.000532632,-0.000532632
1773774351720,0.090332,-0.217285,0.989746,0,0.000532632,0
1773774351791,0.0874023,-0.217285,0.986816,0,0,0
1773774351871,0.0893555,-0.217285,0.988281,-0.00106526,-0.00106526,0
1773774351952,0.0874023,-0.217773,0.989258,0,-0.00106526,0
1773774352022,0.0888672,-0.215332,0.986328,0,-0.000532632,0.000532632
1773774352103,0.0874023,-0.215332,0.988281,0.000532632,-0.00106526,-0.000532632
1773774352183,0.0869141,-0.217773,0.987793,0.000532632,-0.00106526,0.00106526
1773774352254,0.0869141,-0.218262,0.987305,-0.000532632,-0.000532632,-0.000532632
1773774352335,0.0878906,-0.217285,0.98877,-0.00106526,-0.000532632,-0.000532632
1773774352405,0.0869141,-0.21582,0.988281,0.000532632,-0.000532632,0.000532632
1773774352485,0.0864258,-0.217285,0.986816,-0.000532632,-0.00106526,0
1773774352567,0.0883789,-0.216797,0.989258,-0.00106526,-0.000532632,-0.000532632
1773774352636,0.0883789,-0.216797,0.989258,0,0,0.000532632
1773774352717,0.0869141,-0.217773,0.98877,-0.00106526,0,0
1773774352797,0.0888672,-0.216797,0.989258,-0.000532632,-0.000532632,0
1773774352868,0.0869141,-0.216797,0.986328,-0.000532632,-0.00106526,-0.000532632
1773774352948,0.0888672,-0.216309,0.98877,0,-0.000532632,0.000532632
1773774353029,0.0859375,-0.21875,0.987793,0,0,0
1773774353099,0.0874023,-0.218262,0.986816,0.000532632,-0.000532632,0.000532632
1773774353180,0.0864258,-0.21582,0.98877,0,-0.000532632,0
1773774353260,0.0878906,-0.216797,0.98877,0.000532632,-0.000532632,0
1773774353331,0.0888672,-0.21582,0.987793,-0.000532632,-0.00106526,-0.00106526
1773774353411,0.0878906,-0.217285,0.988281,0.000532632,-0.000532632,0
1773774353492,0.0883789,-0.21875,0.987793,0,-0.00106526,0.00106526
1773774353562,0.0878906,-0.216309,0.989746,-0.00106526,-0.000532632,0
1773774353643,0.0878906,-0.215332,0.988281,0,-0.00106526,-0.000532632
1773774353723,0.0874023,-0.217773,0.98877,-0.000532632,-0.000532632,0
1773774353794,0.0888672,-0.21582,0.987305,-0.000532632,0,0.000532632
1773774353875,0.0883789,-0.21875,0.987793,-0.000532632,-0.00106526,0
1773774353946,0.0883789,-0.21582,0.990234,0.000532632,-0.000532632,0
1773774354025,0.0888672,-0.21582,0.989746,-0.00106526,0,-0.000532632
1773774354106,0.0874023,-0.217773,0.987305,-0.000532632,-0.0015979,0
1773774354177,0.0883789,-0.218262,0.988281,-0.000532632,-0.00106526,0
1773774354257,0.0874023,-0.217773,0.988281,-0.000532632,-0.000532632,-0.000532632
1773774354338,0.0859375,-0.217285,0.989746,0,-0.000532632,0
1773774354408,0.0864258,-0.217285,0.988281,0,-0.0015979,0
1773774354489,0.0883789,-0.218262,0.987793,0.000532632,-0.00106526,0.000532632
1773774354569,0.0888672,-0.216309,0.989258,0,-0.00106526,0
1773774354640,0.0859375,-0.216309,0.988281,0,-0.0015979,0.000532632
1773774354721,0.0883789,-0.21875,0.98877,-0.000532632,-0.00106526,-0.000532632
1773774354801,0.0883789,-0.218262,0.990234,0.00106526,-0.00106526,-0.00106526
1773774354871,0.0883789,-0.216309,0.987793,-0.000532632,-0.000532632,0.000532632
1773774354953,0.0878906,-0.215332,0.98877,0.000532632,-0.00106526,0
1773774355033,0.0874023,-0.217285,0.987793,0.000532632,-0.000532632,0.000532632
1773774355103,0.0878906,-0.216309,0.990234,0.000532632,-0.000532632,0.000532632
1773774355184,0.0874023,-0.217285,0.989258,0.000532632,-0.0015979,0.000532632
1773774355254,0.0859375,-0.217773,0.986328,0,0,-0.000532632
1773774355335,0.0883789,-0.216797,0.990723,0,0,0
1773774355415,0.0878906,-0.217773,0.98877,-0.000532632,-0.000532632,0
1773774355486,0.0883789,-0.214844,0.98877,0,-0.000532632,-0.000532632
1773774355566,0.0874023,-0.217773,0.98877,0.000532632,-0.000532632,0
1773774355647,0.0874023,-0.217773,0.988281,-0.000532632,0,0.000532632
1773774355717,0.090332,-0.215332,0.988281,-0.000532632,-0.000532632,-0.000532632
1773774355798,0.0878906,-0.217773,0.989258,-0.000532632,0,-0.000532632
1773774355878,0.0874023,-0.217285,0.987793,-0.000532632,-0.000532632,-0.000532632
1773774355949,0.0878906,-0.216797,0.987793,-0.00106526,-0.000532632,0.00106526
1773774356029,0.0888672,-0.216797,0.987793,0,-0.000532632,0.000532632
1773774356110,0.0878906,-0.21582,0.990723,0.000532632,-0.00106526,0.000532632
1773774356180,0.0888672,-0.217773,0.992188,0,0,0
1773774356261,0.0878906,-0.217773,0.987305,-0.000532632,-0.000532632,-0.000532632
1773774356342,0.0883789,-0.217285,0.986328,-0.00106526,0,-0.00106526
1773774356412,0.0869141,-0.218262,0.986816,0.000532632,-0.00106526,-0.000532632
1773774356493,0.0888672,-0.216309,0.987793,0,-0.000532632,-0.000532632
1773774356563,0.0874023,-0.217285,0.986328,0,-0.000532632,-0.000532632
1773774356644,0.0908203,-0.21875,0.986328,0,0,0
1773774356724,0.0878906,-0.216797,0.989258,-0.000532632,-0.00106526,0.000532632
1773774356795,0.0878906,-0.217773,0.989746,0.00106526,-0.00106526,0.00106526
1773774356875,0.0883789,-0.218262,0.991699,-0.000532632,-0.000532632,0.000532632
1773774356956,0.0888672,-0.216309,0.989258,-0.000532632,-0.000532632,0.00106526
1773774357026,0.0874023,-0.216797,0.988281,0,-0.00106526,0.00106526
1773774357107,0.0898438,-0.215332,0.98877,-0.00106526,-0.000532632,0.000532632
1773774357187,0.0893555,-0.217285,0.987793,0.000532632,0.000532632,-0.000532632
1773774357258,0.0869141,-0.217285,0.989746,0,0,0.000532632
1773774357338,0.0874023,-0.21582,0.987305,0.000532632,0,-0.00106526
1773774357419,0.0859375,-0.21875,0.987305,0.000532632,-0.00106526,-0.000532632
1773774357489,0.0859375,-0.216797,0.987793,-0.000532632,-0.000532632,0.000532632
1773774357570,0.0888672,-0.216309,0.988281,0.000532632,0.000532632,0.000532632
1773774357651,0.0864258,-0.217285,0.987305,0.000532632,-0.00106526,0
1773774357721,0.0869141,-0.216309,0.986816,0,0,0.00106526
1773774357802,0.0874023,-0.216797,0.987793,-0.000532632,-0.00106526,-0.000532632
1773774357872,0.0854492,-0.217773,0.987793,0,-0.0015979,0
1773774357952,0.090332,-0.217285,0.988281,0.000532632,-0.000532632,-0.000532632
1773774358033,0.0874023,-0.220215,0.98877,0.000532632,0.000532632,-0.000532632
1773774358104,0.0874023,-0.216797,0.988281,0.00106526,-0.000532632,0
1773774358184,0.0869141,-0.21582,0.989258,0,-0.0015979,0
1773774358265,0.0874023,-0.21875,0.987305,0.000532632,-0.00106526,0
1773774358336,0.0878906,-0.217285,0.989258,-0.000532632,0,0
1773774358416,0.0883789,-0.216797,0.98877,0.000532632,0,0.000532632
1773774358497,0.0869141,-0.214844,0.98877,0.00106526,0.000532632,0
1773774358567,0.0854492,-0.217773,0.988281,-0.000532632,0.00106526,0
1773774358648,0.0874023,-0.216797,0.990234,0,-0.000532632,0
1773774358718,0.0883789,-0.21875,0.988281,-0.00106526,0,0.000532632
1773774358799,0.0883789,-0.216797,0.98877,0.000532632,-0.00106526,0
1773774358880,0.0878906,-0.217285,0.989258,-0.000532632,-0.000532632,-0.000532632
1773774358950,0.0883789,-0.21875,0.987793,0.000532632,-0.00106526,0.00106526
1773774359031,0.0883789,-0.217285,0.988281,0.00106526,0,-0.000532632
1773774359111,0.0883789,-0.217773,0.98877,0.000532632,-0.00106526,0.00106526
1773774359182,0.0869141,-0.21582,0.987793,-0.000532632,-0.0015979,-0.000532632
1773774359262,0.0883789,-0.218262,0.987305,0.000532632,-0.0015979,0
1773774359343,0.0898438,-0.218262,0.98877,0.000532632,0,0.000532632
1773774359413,0.0888672,-0.216797,0.990723,-0.000532632,-0.00106526,0
1773774359494,0.0874023,-0.217773,0.990234,0.00106526,-0.00106526,-0.000532632
1773774359574,0.0874023,-0.217285,0.987793,0.000532632,-0.000532632,0.00106526
1773774359645,0.0874023,-0.217773,0.988281,0,0,-0.000532632
1773774359725,0.0883789,-0.216797,0.98877,0,-0.00106526,-0.00106526
1773774359806,0.0869141,-0.218262,0.98877,0,-0.00106526,-0.000532632
1773774359876,0.0883789,-0.217285,0.987793,0,-0.0015979,0.000532632
1773774359957,0.0874023,-0.216797,0.987793,0,-0.000532632,-0.000532632
1773774360037,0.0869141,-0.217773,0.986816,0.000532632,0,0
1773774360108,0.0874023,-0.218262,0.989258,0.000532632,-0.00106526,-0.000532632
1773774360188,0.0874023,-0.21875,0.987305,0,-0.000532632,0.000532632
1773774360259,0.0878906,-0.217773,0.987305,0,-0.000532632,0
1773774360340,0.0878906,-0.218262,0.987793,0,-0.000532632,0.00106526
1773774360420,0.0883789,-0.217285,0.987305,0,0,-0.000532632
1773774360491,0.0874023,-0.21875,0.98584,-0.00106526,-0.000532632,-0.00106526
1773774360571,0.0869141,-0.217773,0.98877,-0.000532632,-0.00106526,-0.000532632
1773774360652,0.0874023,-0.217773,0.987305,0.00106526,-0.000532632,0.000532632
1773774360722,0.0878906,-0.215332,0.98877,0.000532632,-0.00106526,0
1773774360803,0.0878906,-0.218262,0.988281,0,-0.00106526,-0.00106526
1773774360883,0.0878906,-0.216309,0.98877,-0.000532632,-0.000532632,0
1773774360954,0.0864258,-0.218262,0.988281,0.000532632,-0.00106526,0
1773774361035,0.0864258,-0.217285,0.987793,-0.000532632,-0.000532632,-0.0015979
1773774361115,0.0878906,-0.217285,0.987793,-0.000532632,0,0.000532632
1773774361186,0.0874023,-0.21875,0.987793,-0.000532632,-0.000532632,0
1773774361267,0.0854492,-0.220215,0.987305,0.00106526,0.000532632,-0.000532632
1773774361337,0.0869141,-0.218262,0.987305,-0.000532632,0,0
1773774361417,0.0878906,-0.217285,0.98877,0,-0.000532632,0
1773774361498,0.0888672,-0.21582,0.988281,0,-0.00106526,0
1773774361568,0.0864258,-0.216309,0.986328,0.000532632,-0.0015979,0.000532632
1773774361649,0.0888672,-0.218262,0.988281,0.00106526,-0.000532632,-0.000532632
1773774361730,0.0888672,-0.216797,0.987305,0,0,0
1773774361800,0.0878906,-0.218262,0.987305,0,0,0
1773774361881,0.0883789,-0.217285,0.988281,-0.000532632,-0.00106526,0
1773774361961,0.0874023,-0.215332,0.989746,0.000532632,-0.000532632,-0.00106526
1773774362032,0.0888672,-0.216309,0.988281,0.000532632,-0.000532632,-0.000532632
1773774362112,0.0869141,-0.217773,0.987793,0,-0.00106526,0
1773774362193,0.0883789,-0.217285,0.989746,-0.000532632,0,-0.000532632
1773774362264,0.0869141,-0.21582,0.991211,0.00106526,0,0
1773774362344,0.0864258,-0.216797,0.98877,0,-0.000532632,0.00106526
1773774362425,0.0874023,-0.216797,0.98877,-0.000532632,-0.00106526,0.000532632
1773774362495,0.0854492,-0.216309,0.989258,-0.000532632,-0.00106526,0
1773774362576,0.0874023,-0.219727,0.986816,0,0,0
1773774362646,0.0893555,-0.214355,0.987305,-0.00106526,0,-0.000532632
1773774362727,0.0854492,-0.216797,0.986816,0.000532632,-0.00106526,-0.000532632
1773774362808,0.0883789,-0.217773,0.988281,-0.00106526,0.000532632,0
1773774362878,0.0854492,-0.217773,0.986816,0,-0.000532632,0.000532632
1773774362958,0.0883789,-0.217773,0.987305,0,0,0.000532632
1773774363039,0.0869141,-0.216797,0.986328,-0.000532632,-0.000532632,0.000532632
1773774363109,0.0874023,-0.21875,0.988281,0.0015979,0,0.000532632
1773774363190,0.0874023,-0.219238,0.986816,-0.000532632,-0.00106526,0.000532632
1773774363270,0.0883789,-0.217773,0.988281,-0.000532632,-0.000532632,0
1773774363341,0.0888672,-0.219238,0.988281,0,-0.00106526,0.000532632
1773774363421,0.0888672,-0.21875,0.987305,0.00106526,-0.00106526,0
1773774363502,0.0874023,-0.220215,0.989746,0,-0.00106526,0.00106526
1773774363572,0.0869141,-0.216797,0.987793,0.000532632,0,0
1773774363653,0.0893555,-0.219238,0.986816,0,0,0
1773774363734,0.0874023,-0.217773,0.986328,0,-0.000532632,-0.000532632
1773774363804,0.0874023,-0.217285,0.989746,0,-0.000532632,-0.00106526
1773774363885,0.0893555,-0.218262,0.989258,0,-0.00106526,0
1773774363955,0.0878906,-0.216309,0.98877,0.000532632,-0.000532632,0.000532632
1773774364036,0.0874023,-0.217773,0.986816,0.000532632,-0.000532632,-0.000532632
1773774364116,0.0898438,-0.219238,0.986816,0,0,-0.000532632
1773774364187,0.0874023,-0.217285,0.987305,0.000532632,-0.000532632,0
1773774364267,0.0878906,-0.217285,0.989746,0,0,0
1773774364348,0.0883789,-0.216797,0.986816,-0.000532632,-0.0015979,0
1773774364419,0.0874023,-0.219727,0.987793,-0.000532632,-0.00106526,0
1773774364499,0.0874023,-0.216797,0.986816,0,0,0
1773774364580,0.0874023,-0.216309,0.987305,-0.00106526,-0.0015979,0.00106526
1773774364651,0.0869141,-0.21875,0.988281,0,-0.0015979,0
1773774364732,0.0878906,-0.217773,0.989258,-0.000532632,-0.00106526,0
1773774364812,0.0864258,-0.21582,0.986816,-0.000532632,-0.00106526,0
1773774364882,0.0869141,-0.218262,0.989258,-0.000532632,-0.00106526,0.00106526
1773774364963,0.0864258,-0.217285,0.98584,-0.000532632,-0.000532632,0
1773774365033,0.0869141,-0.218262,0.987305,-0.000532632,-0.000532632,0.00213053
1773774365113,0.0878906,-0.21875,0.987793,-0.000532632,-0.00106526,0.000532632
1773774365194,0.0888672,-0.216797,0.987305,-0.000532632,-0.0015979,0
1773774365265,0.0878906,-0.21875,0.98877,0.000532632,-0.000532632,0
1773774365345,0.0898438,-0.216309,0.98877,0.00106526,-0.0015979,-0.00106526
1773774365426,0.0878906,-0.216797,0.98877,-0.000532632,-0.000532632,-0.00106526
1773774365496,0.0893555,-0.216309,0.989746,0.000532632,-0.000532632,0.000532632
1773774365577,0.0888672,-0.216797,0.987305,0.000532632,-0.00106526,0
1773774365657,0.0893555,-0.216797,0.985352,0,-0.000532632,0
1773774365728,0.0878906,-0.218262,0.987305,-0.000532632,-0.000532632,0
1773774365808,0.0869141,-0.218262,0.988281,0.000532632,-0.000532632,0
1773774365889,0.0878906,-0.218262,0.990234,0,-0.000532632,0.000532632
1773774365959,0.0878906,-0.217773,0.987305,0.000532632,-0.0015979,0
1773774366040,0.0893555,-0.217285,0.98877,-0.000532632,-0.0015979,0.000532632
1773774366120,0.0874023,-0.218262,0.989746,-0.000532632,-0.000532632,0
1773774366191,0.0883789,-0.217773,0.98877,0.000532632,-0.0015979,-0.000532632
1773774366271,0.0888672,-0.216309,0.987305,-0.00106526,0,0.00106526
1773774366352,0.0869141,-0.215332,0.986328,-0.000532632,0,-0.000532632
1773774366422,0.0888672,-0.217773,0.98877,0,-0.000532632,0
1773774366503,0.0878906,-0.217285,0.987305,0,-0.000532632,0
1773774366573,0.0883789,-0.217285,0.987305,0,0,0
1773774366654,0.0864258,-0.217285,0.98877,0.000532632,-0.00106526,-0.000532632
1773774366735,0.0893555,-0.217773,0.98877,-0.000532632,-0.000532632,0
1773774366805,0.0874023,-0.218262,0.988281,0,-0.000532632,-0.000532632
1773774366886,0.0883789,-0.217773,0.988281,-0.00106526,-0.0015979,-0.00106526
1773774366966,0.0869141,-0.21875,0.989258,-0.000532632,-0.00106526,0.000532632
1773774367037,0.0878906,-0.21582,0.988281,-0.000532632,0,0
1773774367117,0.0898438,-0.216309,0.988281,0,-0.00106526,-0.000532632
1773774367198,0.0874023,-0.217773,0.986328,0,0,0.000532632
1773774367268,0.0878906,-0.218262,0.987793,-0.0015979,-0.000532632,0.00106526
1773774367349,0.0898438,-0.218262,0.990234,0,-0.00106526,-0.00106526
1773774367429,0.0859375,-0.216797,0.989258,0,0,-0.000532632
1773774367500,0.0883789,-0.218262,0.987793,0,-0.000532632,0.000532632
1773774367581,0.0874023,-0.218262,0.98877,0,-0.000532632,-0.00106526
1773774367651,0.0878906,-0.21582,0.986816,-0.000532632,-0.00106526,0
1773774367732,0.0878906,-0.217773,0.988281,0.000532632,-0.00106526,-0.00106526
1773774367812,0.0888672,-0.217285,0.989258,0,-0.000532632,-0.000532632
1773774367883,0.0893555,-0.216309,0.987305,0.000532632,-0.00106526,0
1773774367963,0.0878906,-0.217773,0.989258,0,-0.000532632,-0.00106526
1773774368044,0.0869141,-0.217285,0.987305,0,-0.00106526,0.000532632
1773774368114,0.0888672,-0.217285,0.986816,-0.000532632,-0.00106526,0.000532632
1773774368195,0.0854492,-0.218262,0.98877,-0.00106526,-0.00106526,0
1773774368275,0.0893555,-0.218262,0.989258,-0.000532632,-0.000532632,0.000532632
1773774368346,0.0883789,-0.218262,0.98877,-0.000532632,0,0
1773774368426,0.0874023,-0.217773,0.987793,-0.00106526,-0.000532632,-0.000532632
1773774368507,0.0878906,-0.217773,0.98877,-0.000532632,0.000532632,0.000532632
1773774368577,0.0874023,-0.218262,0.987793,0.000532632,-0.000532632,-0.00106526
1773774368658,0.0874023,-0.214844,0.98877,-0.00106526,0,-0.000532632
1773774368738,0.0874023,-0.218262,0.98877,0.000532632,-0.00106526,0.000532632
1773774368809,0.0893555,-0.217285,0.989258,0,-0.00106526,0.000532632
1773774368889,0.0869141,-0.218262,0.989746,0,0.000532632,-0.00106526
1773774368961,0.0869141,-0.218262,0.986816,0,0,-0.000532632
1773774369041,0.0874023,-0.219238,0.986816,-0.000532632,-0.000532632,0
1773774369121,0.0869141,-0.215332,0.990234,0.000532632,-0.00106526,0.000532632
1773774369192,0.0878906,-0.215332,0.988281,-0.000532632,-0.00106526,0
1773774369272,0.0864258,-0.217285,0.98877,-0.000532632,-0.00106526,-0.0015979
1773774369353,0.0878906,-0.217285,0.98877,0.00106526,0,-0.000532632
1773774369423,0.0883789,-0.217285,0.988281,0,0,0.00106526
1773774369504,0.0898438,-0.21582,0.988281,-0.000532632,-0.000532632,-0.000532632
1773774369584,0.0859375,-0.217773,0.98877,0.00106526,0,0.000532632
1773774369655,0.0878906,-0.217773,0.989258,0,-0.00106526,-0.000532632
1773774369735,0.0869141,-0.216797,0.98877,0.000532632,-0.000532632,0
1773774369816,0.0883789,-0.21582,0.98877,-0.000532632,0,-0.00106526
1773774369886,0.0888672,-0.219238,0.988281,0,0,0.000532632
1773774369967,0.0864258,-0.216309,0.987305,-0.000532632,-0.000532632,-0.000532632
1773774370047,0.0878906,-0.217285,0.989258,-0.0015979,-0.000532632,-0.000532632
1773774370118,0.0864258,-0.217285,0.98877,0,-0.00213053,0
1773774370198,0.0869141,-0.216797,0.989746,-0.000532632,0,-0.000532632
1773774370269,0.0888672,-0.216797,0.98877,0,-0.0015979,-0.000532632
1773774370349,0.0888672,-0.216797,0.988281,0.000532632,-0.000532632,0.000532632
1773774370430,0.0898438,-0.217285,0.986328,0.000532632,-0.00106526,0.000532632
1773774370500,0.0888672,-0.218262,0.98877,0.000532632,-0.00106526,0.000532632
1773774370581,0.0898438,-0.217285,0.990723,0.000532632,-0.000532632,-0.000532632
1773774370662,0.0883789,-0.214844,0.988281,0,-0.00106526,-0.000532632
1773774370732,0.0883789,-0.218262,0.98877,0,-0.00106526,-0.000532632
1773774370813,0.0869141,-0.217773,0.98877,-0.000532632,0,-0.000532632
1773774370893,0.0854492,-0.217773,0.988281,0,-0.000532632,-0.000532632
1773774370964,0.0888672,-0.219238,0.98877,0,-0.000532632,0
1773774371044,0.0874023,-0.216797,0.990234,0.000532632,-0.000532632,0
1773774371125,0.0878906,-0.217773,0.988281,-0.000532632,-0.00106526,-0.00106526
1773774371195,0.0878906,-0.216309,0.989746,-0.00106526,0,0.000532632
1773774371276,0.0878906,-0.216309,0.988281,0,-0.00106526,0.000532632
1773774371357,0.0878906,-0.217773,0.98877,0.000532632,-0.00106526,-0.00106526
1773774371427,0.0883789,-0.217773,0.989746,-0.000532632,-0.00106526,-0.000532632
1773774371508,0.0878906,-0.21875,0.987305,0.000532632,-0.0015979,0
1773774371578,0.0893555,-0.218262,0.989258,0.000532632,-0.000532632,0
1773774371659,0.0888672,-0.216309,0.987793,0,-0.00106526,-0.000532632
1773774371739,0.0893555,-0.217773,0.989258,0.000532632,-0.000532632,0.000532632
1773774371810,0.0898438,-0.214355,0.98877,0,-0.00106526,0.000532632
1773774371891,0.0874023,-0.217285,0.987793,-0.00106526,-0.00106526,0
1773774371961,0.0878906,-0.216309,0.989258,-0.000532632,0.000532632,0
1773774372041,0.0869141,-0.217285,0.989746,-0.000532632,-0.00106526,-0.000532632
1773774372122,0.0883789,-0.217773,0.989258,0.000532632,-0.0015979,-0.000532632
1773774372202,0.0883789,-0.216309,0.987793,0.000532632,-0.00106526,0.000532632
1773774372273,0.0874023,-0.217773,0.989746,-0.0015979,-0.0015979,-0.00106526
1773774372353,0.0878906,-0.217773,0.988281,-0.000532632,-0.000532632,-0.000532632
1773774372434,0.0888672,-0.216309,0.988281,0.000532632,-0.00106526,0
1773774372504,0.0878906,-0.216309,0.987793,-0.00106526,-0.0015979,0
1773774372585,0.0888672,-0.219238,0.98877,0,-0.00106526,0.000532632
1773774372665,0.0878906,-0.216797,0.988281,0,-0.0015979,-0.00106526
1773774372736,0.0854492,-0.217285,0.988281,0,-0.000532632,0
1773774372816,0.0883789,-0.21582,0.987305,0,-0.000532632,0
1773774372897,0.0869141,-0.21582,0.989258,0,-0.00106526,-0.000532632
1773774372967,0.0869141,-0.216797,0.987793,-0.00106526,-0.0015979,0
1773774373049,0.0893555,-0.21875,0.987793,0,-0.000532632,0
1773774373118,0.0874023,-0.21875,0.986816,0,-0.000532632,0
1773774373200,0.0864258,-0.21875,0.98877,0,-0.000532632,0.000532632
1773774373280,0.0874023,-0.21582,0.989258,-0.000532632,0,0.000532632
1773774373350,0.0859375,-0.218262,0.987305,0,-0.00106526,0
1773774373431,0.0869141,-0.217285,0.98877,-0.00106526,-0.00106526,0
1773774373511,0.0874023,-0.219238,0.988281,0,-0.000532632,-0.000532632
1773774373582,0.0859375,-0.218262,0.986816,0,-0.00213053,-0.000532632
1773774373662,0.0883789,-0.216309,0.98877,0.000532632,-0.000532632,-0.000532632
1773774373743,0.0883789,-0.217773,0.988281,-0.00106526,-0.000532632,0
1773774373813,0.0878906,-0.217285,0.989746,-0.000532632,-0.000532632,0
1773774373894,0.0864258,-0.21875,0.987305,-0.00106526,-0.000532632,0
1773774373974,0.0883789,-0.217773,0.988281,0,0,0.000532632
1773774374045,0.0893555,-0.21582,0.986328,0.000532632,-0.000532632,0
1773774374125,0.0888672,-0.217773,0.990723,0,0,0
1773774374206,0.0874023,-0.216797,0.98877,-0.000532632,-0.0015979,0.00106526
1773774374276,0.0874023,-0.217285,0.987305,-0.000532632,-0.00106526,0.000532632
1773774374357,0.0849609,-0.216309,0.986816,-0.00106526,0,0.00106526
1773774374427,0.0883789,-0.21582,0.989258,-0.0015979,-0.0015979,0
1773774374508,0.0883789,-0.216309,0.98877,0,-0.00106526,0.00106526
1773774374589,0.0878906,-0.21875,0.98877,0.000532632,-0.00106526,-0.00106526
1773774374659,0.0883789,-0.21875,0.987793,-0.000532632,0,0.000532632
1773774374740,0.0864258,-0.218262,0.987305,0,-0.000532632,0.000532632
1773774374820,0.0888672,-0.216797,0.988281,-0.000532632,-0.0015979,0
1773774374891,0.0888672,-0.216797,0.98877,0,-0.000532632,-0.000532632
1773774374971,0.0864258,-0.218262,0.987305,-0.000532632,0,-0.000532632
1773774375052,0.0883789,-0.216797,0.987793,0,0,-0.000532632
1773774375122,0.0878906,-0.217285,0.988281,0.000532632,-0.000532632,-0.00106526
1773774375203,0.0869141,-0.216309,0.987305,0,-0.00106526,0
1773774375284,0.0874023,-0.217773,0.988281,0,-0.000532632,0.000532632
1773774375354,0.0893555,-0.216309,0.988281,0,-0.000532632,-0.000532632
1773774375435,0.0878906,-0.216309,0.987305,-0.00106526,-0.000532632,-0.000532632
1773774375505,0.0888672,-0.217285,0.988281,-0.00106526,-0.000532632,0
1773774375586,0.0874023,-0.217773,0.989258,0.000532632,-0.000532632,0
1773774375666,0.0878906,-0.219238,0.989746,0.000532632,-0.000532632,-0.000532632
1773774375737,0.0874023,-0.216797,0.98877,0,-0.000532632,0
1773774375817,0.0864258,-0.215332,0.988281,0,0,-0.000532632
1773774375898,0.0888672,-0.217773,0.987305,0.000532632,-0.00106526,-0.00106526
1773774375969,0.0878906,-0.217285,0.988281,0.000532632,-0.000532632,0.00106526
1773774376049,0.0878906,-0.217285,0.986816,-0.000532632,-0.000532632,0
1773774376130,0.0874023,-0.216797,0.987305,0.000532632,-0.00106526,-0.000532632
1773774376201,0.0878906,-0.216797,0.988281,0,0,-0.000532632
1773774376281,0.0878906,-0.21582,0.989258,0,-0.00106526,0
1773774376361,0.0874023,-0.217285,0.987793,-0.00106526,0.000532632,0.0015979
1773774376432,0.0898438,-0.21582,0.98877,0,0,-0.0015979
1773774376512,0.0874023,-0.217773,0.987305,0.00106526,0,0
1773774376593,0.0874023,-0.217773,0.987305,-0.000532632,-0.000532632,0.000532632
1773774376663,0.0874023,-0.216309,0.98877,-0.0015979,0,0.00106526
1773774376744,0.0888672,-0.218262,0.988281,0,-0.00106526,0
1773774376814,0.0878906,-0.216309,0.988281,0,0,0.00106526
1773774376895,0.0878906,-0.214844,0.987793,-0.000532632,-0.00106526,-0.000532632
1773774376975,0.0878906,-0.216309,0.98584,0,-0.00213053,-0.000532632
1773774377046,0.0878906,-0.216309,0.987793,0.000532632,-0.000532632,0
1773774377126,0.0869141,-0.216309,0.986328,0,0,0
1773774377207,0.0874023,-0.216309,0.988281,0.000532632,0,-0.000532632
1773774377278,0.0893555,-0.21582,0.985352,0,0,-0.000532632
1773774377358,0.0864258,-0.217773,0.991211,0,-0.00106526,-0.000532632
1773774377439,0.0849609,-0.214355,0.987793,-0.000532632,0,-0.00106526
1773774377509,0.0874023,-0.219238,0.990234,-0.000532632,-0.000532632,-0.000532632
1773774377590,0.0888672,-0.217773,0.98877,0,0,0.000532632
1773774377670,0.0888672,-0.217773,0.989258,0.000532632,-0.00106526,0
1773774377741,0.0893555,-0.218262,0.98877,0,-0.0015979,0
1773774377821,0.0883789,-0.217285,0.98877,0,0,0
1773774377902,0.0864258,-0.216309,0.989258,0,0,-0.000532632
1773774377972,0.0878906,-0.216797,0.98877,0,-0.000532632,0
1773774378054,0.0888672,-0.217285,0.986328,-0.00106526,-0.000532632,0
1773774378123,0.0878906,-0.216309,0.986816,-0.000532632,-0.00106526,0
1773774378204,0.0883789,-0.216797,0.989258,-0.00106526,0.000532632,-0.00106526
1773774378284,0.0869141,-0.216797,0.988281,-0.000532632,0,0
1773774378356,0.0859375,-0.217773,0.989258,0,0,-0.000532632
1773774378435,0.0893555,-0.216309,0.989746,0,0,-0.000532632
1773774378516,0.0893555,-0.218262,0.989258,0.000532632,0,0
1773774378586,0.0883789,-0.217773,0.989746,-0.000532632,-0.000532632,-0.00106526
1773774378667,0.0869141,-0.217773,0.989258,0,-0.0015979,0
1773774378747,0.0864258,-0.218262,0.988281,0.000532632,-0.00106526,0
1773774378818,0.0883789,-0.217285,0.987793,0,-0.000532632,0.000532632
1773774378899,0.0888672,-0.219727,0.989258,-0.00106526,-0.00106526,0
1773774378969,0.0864258,-0.216797,0.986816,0,-0.000532632,0
1773774379050,0.0878906,-0.21875,0.987305,-0.000532632,-0.00106526,-0.00106526
1773774379130,0.0893555,-0.218262,0.989258,-0.000532632,-0.000532632,-0.000532632
1773774379211,0.0898438,-0.218262,0.986328,-0.00106526,0,0.000532632
1773774379281,0.0864258,-0.217285,0.987793,0,-0.00106526,-0.000532632
1773774379362,0.0874023,-0.218262,0.987793,0,-0.00213053,0.000532632
1773774379433,0.0893555,-0.217285,0.988281,-0.000532632,-0.000532632,0.000532632
1773774379513,0.0874023,-0.216797,0.987305,0,0,-0.0015979
1773774379594,0.0878906,-0.216309,0.987305,-0.000532632,0,0
1773774379664,0.0883789,-0.219238,0.990723,0.00106526,0,0
1773774379745,0.0878906,-0.214844,0.989746,0,-0.00106526,0
1773774379825,0.0874023,-0.216797,0.986816,0.000532632,-0.000532632,-0.00106526
1773774379896,0.0883789,-0.217773,0.987793,0,-0.00106526,0.000532632
1773774379976,0.0874023,-0.21875,0.988281,-0.000532632,-0.000532632,0.000532632
1773774380057,0.0893555,-0.218262,0.986816,0,-0.00106526,0.000532632
1773774380127,0.0888672,-0.216797,0.988281,0.00106526,-0.00106526,0
1773774380208,0.0888672,-0.217773,0.987793,0.000532632,-0.000532632,-0.000532632
1773774380288,0.0878906,-0.217285,0.98877,0.00106526,-0.000532632,0.000532632
1773774380359,0.0893555,-0.21582,0.990234,0,0,-0.000532632
1773774380439,0.0883789,-0.217285,0.98877,0,-0.000532632,-0.000532632
1773774380520,0.0878906,-0.216309,0.987793,-0.000532632,-0.000532632,0.00106526
1773774380590,0.0883789,-0.214844,0.98877,-0.000532632,-0.000532632,-0.000532632
1773774380671,0.0859375,-0.217285,0.989746,0,-0.000532632,0
1773774380741,0.0883789,-0.217285,0.98877,0,0,0
1773774380822,0.0888672,-0.217773,0.989258,-0.000532632,-0.000532632,0
1773774380902,0.0869141,-0.219727,0.989746,-0.000532632,-0.00213053,-0.000532632
1773774380973,0.0888672,-0.216309,0.987305,-0.000532632,-0.000532632,0
1773774381053,0.0888672,-0.21875,0.990234,0.000532632,-0.000532632,0.000532632
1773774381134,0.0888672,-0.21875,0.986328,-0.000532632,-0.000532632,0.000532632
1773774381204,0.0883789,-0.216797,0.987793,-0.000532632,0,0.000532632
1773774381285,0.0883789,-0.21582,0.988281,-0.000532632,-0.0015979,0
1773774381366,0.0849609,-0.216797,0.98877,0,-0.000532632,0
1773774381436,0.090332,-0.216309,0.987793,-0.000532632,0,-0.00106526
1773774381517,0.0869141,-0.21875,0.98877,-0.000532632,-0.000532632,0.000532632
1773774381597,0.0878906,-0.217773,0.98877,0.000532632,-0.00106526,0
1773774381668,0.0878906,-0.216797,0.98877,0.000532632,-0.000532632,0
1773774381748,0.0888672,-0.216309,0.988281,-0.000532632,-0.00106526,-0.000532632
1773774381829,0.0883789,-0.217285,0.989746,-0.000532632,-0.00106526,-0.000532632
1773774381899,0.0883789,-0.219238,0.987305,0,-0.00106526,0.000532632
1773774381980,0.0898438,-0.220215,0.989258,0.000532632,-0.00106526,0
1773774382050,0.0874023,-0.217285,0.989746,-0.00106526,0,0.00106526
1773774382131,0.0888672,-0.216797,0.987793,-0.000532632,-0.000532632,-0.00106526
1773774382211,0.0864258,-0.21875,0.986816,-0.000532632,-0.000532632,0
1773774382282,0.0898438,-0.216309,0.989258,0,0,-0.000532632
1773774382362,0.0874023,-0.215332,0.989746,-0.00106526,-0.00106526,-0.00106526
1773774382443,0.0864258,-0.217285,0.989746,-0.000532632,-0.0015979,-0.000532632
1773774382514,0.0893555,-0.216309,0.98877,-0.00106526,-0.000532632,0
1773774382594,0.0883789,-0.217773,0.990234,0.00106526,-0.000532632,0
1773774382674,0.0878906,-0.215332,0.989258,-0.000532632,-0.00106526,0.00106526
1773774382745,0.0869141,-0.218262,0.989258,-0.000532632,0.000532632,0.00106526
1773774382826,0.0893555,-0.217285,0.98877,0.000532632,-0.00106526,0
1773774382906,0.090332,-0.21582,0.988281,-0.00106526,-0.000532632,-0.00106526
1773774382977,0.0878906,-0.21582,0.987793,0,-0.0015979,-0.000532632
1773774383057,0.0878906,-0.218262,0.989258,0.000532632,0,0.000532632
1773774383138,0.0869141,-0.219727,0.987793,0,-0.000532632,0
1773774383208,0.0888672,-0.218262,0.986328,0,-0.00106526,0.000532632
1773774383289,0.0854492,-0.217773,0.987305,0,-0.000532632,0.000532632
1773774383359,0.0883789,-0.217285,0.989258,0,-0.000532632,0
1773774383440,0.0864258,-0.216797,0.98877,-0.000532632,0,0
1773774383520,0.0883789,-0.217285,0.98877,-0.000532632,0.000532632,-0.000532632
1773774383591,0.0898438,-0.216309,0.990234,0.000532632,-0.00106526,0.000532632
1773774383671,0.0864258,-0.219238,0.988281,-0.000532632,0,0
1773774383752,0.0869141,-0.219727,0.987305,0.000532632,0,-0.00106526
1773774383823,0.0883789,-0.217285,0.989258,0.000532632,-0.000532632,-0.000532632
1773774383903,0.0869141,-0.217285,0.987305,0.00106526,-0.0015979,-0.000532632
1773774383983,0.0878906,-0.21582,0.989258,-0.000532632,-0.00106526,-0.000532632
1773774384054,0.0869141,-0.216797,0.98877,-0.000532632,-0.000532632,0.000532632
1773774384135,0.0898438,-0.219238,0.987793,0,-0.00106526,0
1773774384215,0.0859375,-0.217773,0.990723,0,-0.00106526,0
1773774384286,0.0888672,-0.217285,0.987793,0.000532632,-0.00106526,-0.00106526
1773774384366,0.0898438,-0.21582,0.987793,0.000532632,-0.00106526,0
1773774384447,0.0878906,-0.216309,0.988281,-0.00106526,-0.000532632,0.000532632
1773774384517,0.0859375,-0.214844,0.986816,0.00106526,0.000532632,0
1773774384598,0.0878906,-0.215332,0.98877,-0.000532632,-0.000532632,-0.000532632
1773774384668,0.0869141,-0.217285,0.989258,0.000532632,-0.000532632,-0.000532632
1773774384749,0.0854492,-0.216309,0.986816,-0.000532632,-0.000532632,0.000532632
1773774384829,0.0878906,-0.217285,0.989258,0,0,-0.000532632
1773774384900,0.0893555,-0.218262,0.98877,0,0,-0.000532632
1773774384980,0.0878906,-0.215332,0.990234,0,-0.00106526,-0.000532632
1773774385061,0.0874023,-0.214844,0.987793,0,-0.000532632,0.00106526
1773774385131,0.0883789,-0.216797,0.989258,0,-0.00106526,0
1773774385212,0.0878906,-0.214844,0.986328,-0.000532632,-0.00106526,-0.000532632
1773774385292,0.0878906,-0.217285,0.989258,0.000532632,-0.000532632,-0.000532632
1773774385363,0.0878906,-0.217773,0.988281,0,-0.00106526,0.000532632
1773774385443,0.0883789,-0.21875,0.98877,0.000532632,-0.00106526,0
1773774385524,0.0883789,-0.215332,0.987793,0.000532632,0.000532632,-0.000532632
1773774385595,0.0878906,-0.216797,0.988281,0,-0.00106526,-0.000532632
1773774385675,0.0874023,-0.217285,0.98877,-0.000532632,-0.000532632,0.00106526
1773774385756,0.0878906,-0.216309,0.98877,0,-0.000532632,0
1773774385828,0.0869141,-0.216797,0.989258,-0.000532632,-0.000532632,0
1773774385908,0.0878906,-0.216797,0.987305,-0.000532632,0,0
1773774385978,0.0883789,-0.217773,0.987305,0,-0.000532632,0.000532632
1773774386058,0.0869141,-0.218262,0.987305,0.000532632,-0.000532632,-0.000532632
1773774386139,0.0878906,-0.217285,0.988281,0,-0.00106526,0
1773774386209,0.0878906,-0.21582,0.989258,-0.00106526,-0.00106526,0
1773774386290,0.0874023,-0.216309,0.986328,-0.000532632,-0.00106526,0
1773774386371,0.0874023,-0.216797,0.989746,0,-0.000532632,-0.000532632
1773774386441,0.0874023,-0.21875,0.987305,0,0,0
1773774386522,0.0874023,-0.217285,0.98877,-0.00106526,-0.0015979,0.00106526
1773774386603,0.0878906,-0.21582,0.98877,0,-0.00106526,-0.00106526
1773774386673,0.0883789,-0.216309,0.98877,0,-0.00106526,0
1773774386754,0.0888672,-0.216309,0.988281,0.000532632,-0.000532632,0
1773774386824,0.0869141,-0.21582,0.989258,-0.000532632,-0.00106526,0.000532632
1773774386905,0.0859375,-0.217773,0.98877,0,-0.0015979,0
1773774386985,0.0878906,-0.216309,0.987793,0,-0.000532632,-0.00106526
1773774387056,0.0883789,-0.21582,0.987793,0.000532632,0,0
1773774387136,0.0864258,-0.217285,0.988281,0.000532632,-0.000532632,0.000532632
1773774387217,0.0869141,-0.216309,0.988281,0,0,0.000532632
1773774387288,0.0859375,-0.219238,0.98877,0.000532632,-0.000532632,0.000532632
1773774387368,0.0883789,-0.216797,0.987305,0,-0.000532632,0.000532632
1773774387449,0.0869141,-0.217773,0.987793,-0.000532632,-0.0015979,0
1773774387519,0.0878906,-0.216797,0.989746,0,0,-0.000532632
1773774387600,0.0883789,-0.21582,0.987793,-0.00106526,-0.0015979,0
1773774387680,0.0893555,-0.218262,0.988281,0.000532632,-0.00106526,0
1773774387751,0.0883789,-0.215332,0.98877,0,-0.00106526,-0.000532632
1773774387831,0.0888672,-0.216797,0.990234,0,-0.000532632,-0.00106526
1773774387912,0.0874023,-0.216797,0.98877,-0.00106526,-0.00106526,-0.000532632
1773774387982,0.0869141,-0.21875,0.987305,0,-0.000532632,-0.000532632
1773774388063,0.0874023,-0.216797,0.987793,0,-0.0015979,0
1773774388134,0.0864258,-0.217285,0.986816,0.000532632,-0.0015979,-0.000532632
1773774388214,0.0874023,-0.218262,0.98877,-0.000532632,-0.00106526,-0.000532632
1773774388295,0.0893555,-0.216309,0.988281,0,0,-0.000532632
1773774388366,0.0878906,-0.216797,0.987793,0,0.000532632,0.000532632
1773774388446,0.0878906,-0.214844,0.987793,0.000532632,0,0.00106526
1773774388527,0.0874023,-0.21875,0.989258,0,-0.00106526,0
1773774388597,0.0864258,-0.219238,0.987305,0.000532632,-0.000532632,0
1773774388678,0.0888672,-0.21582,0.988281,0,-0.000532632,0
1773774388759,0.0898438,-0.216309,0.989258,0.000532632,-0.00106526,0
1773774388830,0.0893555,-0.216309,0.988281,0,-0.0015979,0
1773774388910,0.0874023,-0.217285,0.98877,0.000532632,-0.00106526,0.000532632
1773774388980,0.0874023,-0.216309,0.98877,0.000532632,0,0.000532632
1773774389060,0.0869141,-0.216309,0.987305,0.000532632,-0.0015979,0.000532632
1773774389141,0.0874023,-0.216797,0.98877,0.000532632,-0.000532632,0
1773774389212,0.0888672,-0.21875,0.989746,-0.000532632,-0.00106526,0
1773774389292,0.090332,-0.218262,0.989258,-0.000532632,-0.000532632,0
1773774389374,0.0869141,-0.217773,0.986816,-0.000532632,-0.00106526,0
1773774389444,0.0883789,-0.217285,0.989258,0,-0.000532632,0.000532632
1773774389525,0.0898438,-0.217773,0.987793,0.000532632,-0.000532632,-0.000532632
1773774389605,0.0888672,-0.217285,0.987305,0,-0.00106526,0.000532632
1773774389676,0.0888672,-0.217285,0.989746,0.00106526,-0.0015979,-0.000532632
1773774389756,0.0869141,-0.216797,0.98877,0,-0.00106526,-0.000532632
1773774389827,0.0874023,-0.215332,0.989746,0.000532632,-0.000532632,0
1773774389907,0.0878906,-0.217773,0.987305,-0.000532632,-0.000532632,-0.00106526
1773774389988,0.0864258,-0.217773,0.98584,-0.000532632,-0.000532632,-0.000532632
1773774390058,0.0874023,-0.217285,0.987793,0.000532632,-0.00106526,-0.000532632
1773774390139,0.0878906,-0.216797,0.988281,0.000532632,-0.000532632,-0.00106526
1773774390219,0.0883789,-0.21582,0.990234,-0.000532632,-0.000532632,0
1773774390290,0.0864258,-0.21582,0.989746,-0.000532632,-0.0015979,-0.00106526
1773774390370,0.0888672,-0.216797,0.988281,0,-0.00106526,0.000532632
1773774390451,0.0878906,-0.215332,0.990723,-0.000532632,0,0
1773774390522,0.0864258,-0.219238,0.98877,0.00106526,-0.000532632,0
1773774390602,0.0869141,-0.217773,0.986816,-0.00106526,-0.000532632,0
1773774390683,0.0878906,-0.217285,0.988281,-0.000532632,-0.000532632,0.0015979
1773774390753,0.0859375,-0.216797,0.989258,0,-0.000532632,-0.000532632
1773774390834,0.0878906,-0.216797,0.98877,-0.000532632,0.000532632,0
1773774390914,0.0874023,-0.217285,0.986328,0.000532632,-0.000532632,0.0015979
1773774390985,0.0898438,-0.218262,0.987305,0,-0.000532632,0
1773774391065,0.0898438,-0.217285,0.98584,-0.000532632,-0.00106526,-0.000532632
1773774391146,0.0869141,-0.218262,0.98877,0,-0.00106526,0.000532632
1773774391216,0.090332,-0.215332,0.98877,0,-0.000532632,0
1773774391297,0.0883789,-0.21875,0.988281,-0.00106526,-0.00106526,0.00106526
1773774391367,0.0869141,-0.219238,0.989258,0.000532632,-0.00106526,-0.0015979
1773774391448,0.0874023,-0.217285,0.988281,-0.000532632,-0.0015979,0
1773774391528,0.0888672,-0.217285,0.989258,0,0.000532632,0
1773774391599,0.0869141,-0.21582,0.989258,0,-0.000532632,-0.000532632
1773774391679,0.0878906,-0.217773,0.989746,0.000532632,-0.000532632,0
1773774391760,0.0878906,-0.216797,0.98877,0,-0.000532632,0.000532632
1773774391830,0.0874023,-0.216797,0.98877,-0.000532632,0,0.00106526
1773774391911,0.0883789,-0.217285,0.989258,0.000532632,-0.0015979,0.00106526
1773774391992,0.0874023,-0.216797,0.989746,-0.000532632,-0.000532632,-0.00106526
1773774392063,0.0878906,-0.217773,0.988281,-0.000532632,-0.000532632,0
1773774392143,0.0878906,-0.219727,0.987305,0,-0.000532632,0
1773774392223,0.0869141,-0.218262,0.98877,-0.000532632,-0.000532632,0.000532632
1773774392294,0.0869141,-0.21875,0.989258,-0.000532632,0,0
1773774392374,0.0893555,-0.216309,0.986328,-0.000532632,-0.000532632,0
1773774392445,0.0878906,-0.216797,0.988281,0,-0.000532632,0
1773774392525,0.0874023,-0.218262,0.98877,-0.00106526,-0.0015979,0.000532632
1773774392606,0.0878906,-0.217773,0.989746,-0.000532632,-0.00106526,0.000532632
1773774392676,0.0854492,-0.218262,0.988281,-0.000532632,-0.00106526,0
1773774392757,0.0878906,-0.217773,0.98877,0,-0.000532632,0.00106526
1773774392837,0.0888672,-0.217773,0.987305,0.00106526,-0.00106526,0
1773774392908,0.0878906,-0.218262,0.987793,0,0,0.000532632
1773774392988,0.0859375,-0.218262,0.988281,0,-0.00106526,-0.000532632
1773774393069,0.0859375,-0.217773,0.98877,0,-0.00106526,0
1773774393140,0.0869141,-0.21875,0.991211,-0.000532632,0.000532632,0.00106526
1773774393220,0.0874023,-0.21582,0.987793,0.000532632,-0.00106526,-0.000532632
1773774393301,0.0859375,-0.216797,0.988281,0,-0.00106526,0
1773774393381,0.0874023,-0.216797,0.989258,-0.00106526,-0.00106526,-0.000532632
1773774393452,0.0874023,-0.217773,0.988281,-0.00106526,-0.000532632,0.000532632
1773774393532,0.0883789,-0.216309,0.98877,0,-0.000532632,0
1773774393603,0.0908203,-0.216797,0.988281,0.000532632,-0.000532632,0
1773774393683,0.0874023,-0.217773,0.986816,0,-0.00106526,0
1773774393764,0.0874023,-0.217285,0.987793,0.000532632,-0.00106526,0.0015979
1773774393835,0.0878906,-0.217773,0.990234,0,0,0
1773774393915,0.0888672,-0.217773,0.987793,-0.000532632,-0.00106526,0
1773774393996,0.0883789,-0.21582,0.98877,-0.000532632,-0.00106526,0.000532632
1773774394066,0.0874023,-0.21875,0.987305,-0.000532632,0,0.000532632
1773774394147,0.0859375,-0.216797,0.98877,0.000532632,-0.00106526,-0.000532632
1773774394227,0.0878906,-0.218262,0.986816,-0.000532632,0,-0.00106526
1773774394298,0.0908203,-0.218262,0.987793,0.000532632,-0.000532632,0
1773774394379,0.0888672,-0.215332,0.986816,0.000532632,-0.00106526,0
1773774394459,0.0869141,-0.217773,0.98877,0,-0.000532632,-0.000532632
1773774394529,0.0864258,-0.215332,0.98877,0.00106526,0,0.000532632
1773774394610,0.090332,-0.216309,0.989258,0,0,-0.000532632
1773774394691,0.0893555,-0.216309,0.987793,0.00106526,0,0.000532632
1773774394761,0.0878906,-0.217285,0.990234,-0.00106526,-0.000532632,-0.00106526
1773774394842,0.0893555,-0.217285,0.98877,0.000532632,-0.000532632,0.000532632
1773774394912,0.0869141,-0.216309,0.987305,-0.00106526,-0.000532632,0
1773774394993,0.0898438,-0.217773,0.988281,0.000532632,-0.00106526,0
1773774395073,0.0874023,-0.216797,0.986816,-0.000532632,-0.00106526,0
1773774395144,0.0864258,-0.215332,0.987305,0.000532632,-0.00106526,-0.000532632
1773774395224,0.090332,-0.21582,0.989746,0,-0.000532632,0.000532632
1773774395305,0.0893555,-0.217285,0.989258,-0.000532632,-0.00106526,0
1773774395375,0.0883789,-0.214844,0.989258,0.000532632,0,0.000532632
1773774395456,0.0893555,-0.216309,0.98877,0.000532632,0.00106526,0.000532632
1773774395536,0.0878906,-0.217773,0.98877,0,-0.000532632,0.000532632
1773774395607,0.0883789,-0.216797,0.990723,0,-0.00106526,0.00106526
1773774395687,0.0883789,-0.216797,0.986816,-0.000532632,-0.000532632,0.000532632
1773774395768,0.0888672,-0.21582,0.988281,-0.000532632,-0.000532632,0
1773774395839,0.0878906,-0.216309,0.989746,0.000532632,0,-0.000532632
1773774395920,0.0893555,-0.216309,0.98584,-0.000532632,-0.000532632,0
1773774396000,0.0874023,-0.214844,0.98877,0.000532632,0,0
1773774396070,0.0869141,-0.216797,0.98877,0,-0.000532632,0.000532632
1773774396151,0.0878906,-0.217285,0.986816,0,0,0
1773774396221,0.0893555,-0.21875,0.986816,-0.00106526,-0.000532632,0.000532632
1773774396302,0.0864258,-0.217773,0.987305,-0.00106526,-0.00106526,-0.000532632
1773774396382,0.0893555,-0.215332,0.986816,0.000532632,-0.000532632,0
1773774396453,0.0874023,-0.214844,0.988281,0.000532632,-0.000532632,-0.000532632
1773774396534,0.0888672,-0.217773,0.989258,0.000532632,-0.000532632,0
1773774396614,0.090332,-0.216309,0.989258,0.000532632,-0.00106526,0
1773774396685,0.0874023,-0.218262,0.988281,0,-0.000532632,0.0015979
1773774396765,0.0893555,-0.21875,0.98877,-0.0015979,-0.000532632,0.000532632
1773774396846,0.0883789,-0.21582,0.988281,0,-0.000532632,0
1773774396916,0.0878906,-0.217773,0.987793,0.000532632,-0.00106526,0.000532632
1773774396997,0.0898438,-0.216797,0.98877,0.00106526,-0.000532632,0.000532632
1773774397077,0.0883789,-0.217285,0.98877,-0.000532632,0,0
1773774397148,0.0859375,-0.216797,0.986328,0.000532632,-0.000532632,-0.00106526
1773774397228,0.0869141,-0.217285,0.987793,-0.00106526,-0.000532632,-0.00106526
1773774397299,0.0864258,-0.217773,0.989746,-0.00106526,0,0.000532632
1773774397380,0.0869141,-0.218262,0.989258,-0.0015979,-0.000532632,-0.000532632
1773774397460,0.0893555,-0.217285,0.987793,0.00106526,0.000532632,0.000532632
1773774397530,0.0883789,-0.216797,0.987305,0,-0.00106526,0
1773774397611,0.0883789,-0.217285,0.987793,0.000532632,-0.000532632,-0.000532632
1773774397691,0.0864258,-0.217773,0.987793,0,-0.00106526,0
1773774397762,0.0869141,-0.216797,0.987793,0,-0.000532632,-0.00106526
1773774397842,0.0864258,-0.217285,0.987305,0.000532632,-0.000532632,0
1773774397923,0.0898438,-0.217773,0.988281,-0.000532632,0,0
1773774397993,0.0874023,-0.215332,0.98877,0,-0.000532632,-0.000532632
1773774398074,0.0893555,-0.217285,0.987305,-0.000532632,-0.000532632,0
1773774398154,0.0864258,-0.217773,0.990234,-0.000532632,-0.000532632,0
1773774398225,0.0898438,-0.217285,0.987793,-0.000532632,-0.0015979,-0.000532632
1773774398305,0.0898438,-0.215332,0.987305,0.00106526,-0.000532632,0
1773774398386,0.0878906,-0.217285,0.98877,0,0,0.00106526
1773774398457,0.0878906,-0.217285,0.987793,0,-0.0015979,-0.000532632
1773774398537,0.0888672,-0.21582,0.990723,0,-0.000532632,0
1773774398618,0.0898438,-0.216309,0.989746,-0.000532632,-0.000532632,-0.000532632
1773774398688,0.0878906,-0.216797,0.987793,0,0.000532632,-0.000532632
1773774398769,0.0874023,-0.21875,0.987793,0,-0.00106526,-0.000532632
1773774398839,0.0864258,-0.217285,0.986816,0.000532632,-0.00106526,0
1773774398920,0.0874023,-0.216309,0.98877,0,-0.000532632,0
1773774399000,0.0878906,-0.217773,0.987793,-0.000532632,0,-0.000532632
1773774399071,0.0869141,-0.219238,0.987305,0,-0.00106526,0
1773774399152,0.0888672,-0.217285,0.987793,0,0,0.000532632
1773774399232,0.0878906,-0.21582,0.991211,0.00106526,-0.000532632,0.000532632
1773774399303,0.0874023,-0.217773,0.989258,0,0,0.000532632
1773774399383,0.0883789,-0.216797,0.987793,0.000532632,-0.000532632,0
1773774399464,0.0869141,-0.217285,0.989746,0,-0.000532632,-0.000532632
1773774399534,0.0878906,-0.216797,0.987793,-0.000532632,-0.00106526,-0.000532632
1773774399615,0.0874023,-0.218262,0.98877,0,0,0.00106526
1773774399695,0.0893555,-0.21582,0.988281,-0.00106526,-0.00106526,-0.000532632
1773774399766,0.0869141,-0.218262,0.987305,-0.000532632,-0.000532632,0
1773774399846,0.0864258,-0.215332,0.988281,0.00106526,0,-0.000532632
1773774399927,0.0913086,-0.216797,0.991211,0,0,0.000532632
1773774399998,0.0864258,-0.217773,0.986816,0,-0.000532632,-0.00106526
1773774400078,0.0898438,-0.217285,0.987305,0,-0.0015979,-0.000532632
1773774400148,0.0888672,-0.217773,0.987793,-0.00106526,0,0
1773774400229,0.0869141,-0.216797,0.987793,0.000532632,-0.000532632,0
1773774400310,0.0888672,-0.216797,0.98877,0.000532632,-0.000532632,0
1773774400380,0.0864258,-0.218262,0.986816,0,-0.000532632,-0.00106526
1773774400461,0.0878906,-0.216797,0.988281,0.00106526,-0.00106526,0
1773774400541,0.0874023,-0.216309,0.98877,0.000532632,0,-0.000532632
1773774400612,0.0869141,-0.218262,0.990234,0.000532632,0,0
1773774400692,0.0854492,-0.217773,0.98877,0.000532632,-0.000532632,0.000532632
1773774400773,0.0883789,-0.217773,0.986816,-0.000532632,0,-0.000532632
1773774400843,0.0869141,-0.217773,0.987305,0.000532632,-0.00106526,0
1773774400924,0.0869141,-0.219727,0.985352,-0.000532632,-0.00106526,0
1773774401004,0.0859375,-0.217285,0.98877,0,-0.00106526,-0.000532632
1773774401075,0.0883789,-0.217773,0.986328,-0.000532632,-0.000532632,0.000532632
1773774401155,0.0874023,-0.216309,0.986816,-0.000532632,-0.00106526,0
1773774401226,0.0869141,-0.216309,0.98877,0.000532632,0,-0.000532632
1773774401306,0.0893555,-0.216309,0.98877,0,-0.00106526,0
1773774401387,0.0878906,-0.216309,0.988281,0.000532632,-0.000532632,0
1773774401457,0.0859375,-0.218262,0.988281,-0.00106526,-0.00106526,-0.000532632
1773774401538,0.0859375,-0.219727,0.98877,-0.0015979,-0.000532632,-0.000532632
1773774401618,0.0878906,-0.217285,0.987793,0,-0.000532632,0.00106526
1773774401689,0.0874023,-0.218262,0.987305,0.00106526,-0.000532632,0.00106526
1773774401769,0.0859375,-0.216309,0.988281,0,0.000532632,0.00106526
1773774401850,0.0878906,-0.217773,0.987793,0,0,-0.000532632
1773774401920,0.0883789,-0.217773,0.98877,-0.00106526,0,-0.000532632
1773774402001,0.0869141,-0.217773,0.986816,0.000532632,-0.00106526,0.000532632
1773774402082,0.0883789,-0.216309,0.988281,0.000532632,-0.000532632,-0.000532632
1773774402152,0.0883789,-0.218262,0.986816,0.00106526,-0.00106526,0.000532632
1773774402233,0.0874023,-0.217773,0.986816,0,-0.000532632,0.00106526
1773774402313,0.0878906,-0.217773,0.988281,-0.00106526,-0.000532632,0
1773774402384,0.0883789,-0.217285,0.98877,0,0,0
1773774402464,0.0874023,-0.217285,0.98877,0.000532632,-0.0015979,0
1773774402535,0.0874023,-0.21582,0.988281,0,0.000532632,-0.000532632
1773774402616,0.0864258,-0.217285,0.98877,0,-0.000532632,0.000532632
1773774402696,0.0874023,-0.219238,0.989746,0.000532632,-0.000532632,-0.000532632
1773774402767,0.0878906,-0.216797,0.988281,0,0.000532632,0
1773774402847,0.0869141,-0.218262,0.986816,0,-0.00106526,0.000532632
1773774402928,0.0874023,-0.216797,0.98877,0.00106526,-0.000532632,0
1773774402998,0.0893555,-0.216797,0.988281,0,-0.0015979,0
1773774403079,0.0854492,-0.21875,0.986328,0,0.000532632,0.000532632
1773774403160,0.0893555,-0.216797,0.988281,0.000532632,-0.000532632,0
1773774403230,0.0874023,-0.21875,0.986816,0,-0.000532632,-0.000532632
1773774403312,0.0864258,-0.21582,0.986816,0.00106526,-0.000532632,-0.000532632
1773774403391,0.0883789,-0.216797,0.987793,0,0,0.000532632
1773774403461,0.0869141,-0.217773,0.987793,-0.000532632,-0.000532632,-0.00106526
1773774403542,0.0869141,-0.215332,0.987305,0.000532632,-0.00106526,-0.000532632
1773774403622,0.0888672,-0.217773,0.989258,0,-0.000532632,0.000532632
1773774403693,0.0859375,-0.21875,0.987793,-0.000532632,-0.00106526,-0.000532632
1773774403773,0.0888672,-0.216309,0.987305,0.000532632,-0.00106526,0
1773774403844,0.0869141,-0.218262,0.990234,-0.000532632,-0.00106526,0.000532632
1773774403924,0.0869141,-0.21582,0.98877,0.000532632,-0.00106526,0.000532632
1773774404005,0.0888672,-0.21875,0.989746,0,-0.000532632,0
1773774404076,0.0883789,-0.217285,0.987793,-0.000532632,-0.00106526,-0.000532632
1773774404156,0.0883789,-0.218262,0.990234,0.00106526,-0.000532632,-0.000532632
1773774404237,0.0874023,-0.218262,0.988281,0.000532632,-0.000532632,0.000532632
1773774404307,0.0874023,-0.218262,0.988281,-0.0015979,0.000532632,0
1773774404388,0.0859375,-0.21875,0.986816,0,-0.00106526,0.000532632
1773774404468,0.0878906,-0.215332,0.98877,-0.00106526,0,0
1773774404539,0.0883789,-0.216797,0.98877,0,-0.000532632,-0.000532632
1773774404619,0.0883789,-0.216797,0.98877,0,-0.000532632,0
1773774404700,0.0893555,-0.217773,0.989258,-0.000532632,-0.000532632,0
1773774404770,0.0864258,-0.216797,0.985352,-0.00106526,-0.00106526,0
1773774404851,0.0864258,-0.21875,0.989258,-0.000532632,-0.00106526,0.00106526
1773774404931,0.0883789,-0.216797,0.987793,-0.000532632,-0.00106526,0.00106526
1773774405002,0.0864258,-0.217285,0.987793,0.000532632,-0.00106526,0
1773774405082,0.0864258,-0.21875,0.98877,-0.00106526,0.000532632,0
1773774405163,0.0883789,-0.217773,0.989746,0,-0.0015979,-0.000532632
1773774405233,0.0888672,-0.216309,0.987793,0,-0.00106526,-0.00106526
1773774405314,0.0888672,-0.21875,0.988281,0,-0.00106526,0
1773774405384,0.0883789,-0.216309,0.991699,0.000532632,0,0.000532632
1773774405465,0.0869141,-0.216309,0.989746,-0.000532632,-0.000532632,0.000532632
1773774405545,0.0874023,-0.216797,0.988281,-0.000532632,-0.000532632,0.000532632
1773774405616,0.0878906,-0.217773,0.987305,0,-0.000532632,0.000532632
1773774405696,0.0883789,-0.216797,0.989258,0.00106526,-0.000532632,0.00106526
1773774405777,0.0874023,-0.217773,0.989746,0,-0.00213053,-0.000532632
1773774405848,0.0883789,-0.216309,0.989746,0.00106526,-0.000532632,-0.000532632
1773774405928,0.0854492,-0.219238,0.98877,-0.000532632,-0.00106526,0.000532632
1773774406009,0.0898438,-0.21582,0.989746,0.000532632,0,0
1773774406079,0.0874023,-0.21875,0.987793,0,0,0
1773774406160,0.0854492,-0.217773,0.98877,0,-0.000532632,0.000532632
1773774406240,0.0869141,-0.216309,0.98877,0,-0.000532632,0
1773774406311,0.0869141,-0.219238,0.988281,0,-0.00106526,0
1773774406391,0.0883789,-0.215332,0.987793,-0.000532632,0,0
1773774406462,0.0869141,-0.21875,0.987793,0,-0.00106526,0.000532632
1773774406542,0.0874023,-0.219727,0.987793,0.00106526,-0.00106526,0.000532632
1773774406623,0.0888672,-0.21582,0.989746,0,-0.000532632,0
1773774406693,0.0883789,-0.216309,0.986816,-0.000532632,0,0
1773774406774,0.0864258,-0.218262,0.98584,-0.00106526,-0.000532632,0.00106526
1773774406854,0.0869141,-0.21875,0.989258,0,0,0.000532632
1773774406925,0.0878906,-0.218262,0.989258,0,-0.000532632,0
1773774407006,0.0883789,-0.216309,0.989258,0,-0.000532632,-0.000532632
1773774407086,0.0864258,-0.21582,0.98877,-0.00106526,-0.000532632,-0.00106526
1773774407157,0.0869141,-0.214844,0.989746,-0.000532632,0,0.000532632
1773774407237,0.0864258,-0.217285,0.989746,0,-0.00106526,0.000532632
1773774407318,0.0893555,-0.217773,0.985352,0,-0.00106526,0.000532632
1773774407388,0.0869141,-0.21875,0.989258,-0.000532632,0,0
1773774407469,0.0893555,-0.21875,0.987305,0.000532632,-0.000532632,-0.000532632
1773774407549,0.0869141,-0.217773,0.98877,-0.00106526,0,-0.00106526
1773774407620,0.0883789,-0.214844,0.988281,-0.00106526,-0.000532632,0.000532632
1773774407700,0.0878906,-0.218262,0.987305,0.000532632,-0.00106526,-0.000532632
1773774407771,0.0888672,-0.216797,0.989746,0,-0.00106526,0
1773774407851,0.0883789,-0.217285,0.98877,-0.000532632,-0.000532632,-0.00106526
1773774407932,0.0888672,-0.21875,0.991211,-0.000532632,-0.00106526,-0.000532632
1773774408002,0.0874023,-0.217285,0.986816,-0.00106526,-0.00106526,-0.00106526
1773774408084,0.0883789,-0.217285,0.987793,0,-0.000532632,0.000532632
1773774408164,0.0888672,-0.21875,0.989746,0,-0.000532632,0
1773774408234,0.0893555,-0.217773,0.987305,0.00106526,-0.00106526,-0.000532632
1773774408315,0.0883789,-0.217285,0.98877,-0.00106526,-0.00106526,0
1773774408395,0.0874023,-0.216309,0.988281,-0.000532632,0,0
1773774408466,0.0893555,-0.216797,0.98877,0,0,0.000532632
1773774408546,0.0878906,-0.214844,0.989258,-0.000532632,0,0
1773774408627,0.0874023,-0.218262,0.98877,0,-0.000532632,0
1773774408697,0.0883789,-0.218262,0.986328,0,-0.00106526,0
1773774408778,0.0878906,-0.216797,0.987305,0.000532632,0,0.00106526
1773774408858,0.0883789,-0.216309,0.986816,0,-0.000532632,0
1773774408929,0.0874023,-0.216309,0.987305,0,-0.00106526,0
1773774409009,0.0893555,-0.21582,0.98877,0,-0.00106526,0
1773774409080,0.0859375,-0.217285,0.988281,0,0,-0.00106526
1773774409161,0.0893555,-0.217285,0.987793,0,-0.00213053,0.000532632
1773774409241,0.0869141,-0.217285,0.987793,-0.000532632,0,0
1773774409312,0.0844727,-0.218262,0.98877,-0.000532632,0,-0.000532632
1773774409392,0.0864258,-0.218262,0.98877,0,-0.000532632,0.000532632
1773774409473,0.0874023,-0.218262,0.987305,-0.000532632,-0.000532632,0.000532632
1773774409543,0.0893555,-0.21582,0.987305,0,0,0.00106526
1773774409624,0.090332,-0.215332,0.989258,-0.00106526,0,0
1773774409704,0.0869141,-0.216309,0.987793,0,0,0.00106526
1773774409775,0.0864258,-0.216797,0.987793,0,-0.00106526,-0.00106526
1773774409856,0.0878906,-0.219238,0.986816,0.000532632,-0.000532632,-0.000532632
1773774409936,0.0859375,-0.215332,0.989258,0.000532632,0,0.00106526
1773774410007,0.0898438,-0.217773,0.987305,0.00106526,-0.00106526,0
1773774410087,0.0878906,-0.216797,0.988281,0,-0.000532632,-0.000532632
1773774410158,0.0874023,-0.217773,0.989746,-0.000532632,-0.000532632,0
1773774410238,0.0864258,-0.217773,0.988281,0.000532632,-0.00106526,0
1773774410320,0.0893555,-0.216797,0.987793,0.000532632,0,-0.000532632
1773774410390,0.0874023,-0.216797,0.990234,0,-0.000532632,0
1773774410471,0.0878906,-0.217285,0.987793,0.000532632,-0.000532632,0
1773774410551,0.0874023,-0.217285,0.988281,-0.000532632,-0.000532632,-0.000532632
1773774410622,0.0874023,-0.216309,0.987793,0,0,-0.000532632
1773774410703,0.0874023,-0.219238,0.987793,-0.000532632,-0.000532632,0
1773774410783,0.0869141,-0.217285,0.98877,0.000532632,-0.00106526,0
1773774410853,0.0878906,-0.216309,0.986816,0.000532632,-0.000532632,0
1773774410934,0.0869141,-0.216309,0.988281,-0.000532632,-0.00213053,0.000532632
1773774411015,0.0893555,-0.215332,0.987793,0.000532632,0,0.000532632
1773774411085,0.0878906,-0.217285,0.98877,0,-0.0015979,0.000532632
1773774411165,0.0859375,-0.214844,0.990723,0.00106526,0.000532632,0
1773774411236,0.0888672,-0.217773,0.986328,0,-0.00106526,0
1773774411317,0.0883789,-0.219727,0.98877,0,-0.00106526,0
1773774411397,0.0893555,-0.21582,0.989746,0,-0.0015979,-0.000532632
1773774411468,0.0878906,-0.21875,0.987793,0,0,0
1773774411548,0.0878906,-0.216309,0.990234,0,0,-0.000532632
1773774411629,0.0883789,-0.219238,0.991211,0,-0.00106526,0.00106526
1773774411700,0.090332,-0.215332,0.989258,0.000532632,-0.00106526,0
1773774411780,0.0883789,-0.216797,0.987305,-0.000532632,-0.00106526,-0.000532632
1773774411861,0.0878906,-0.216309,0.988281,-0.000532632,-0.000532632,0.000532632
1773774411931,0.0874023,-0.216309,0.988281,0.00106526,-0.0015979,-0.000532632
1773774412012,0.0874023,-0.218262,0.989258,0,-0.00106526,0
1773774412092,0.0878906,-0.21875,0.987793,0.000532632,-0.000532632,0
1773774412163,0.0878906,-0.216797,0.987793,0.000532632,-0.000532632,0
1773774412243,0.0869141,-0.216309,0.988281,0.000532632,0,0
1773774412324,0.0888672,-0.218262,0.988281,0.000532632,-0.00106526,-0.000532632
1773774412394,0.0874023,-0.21875,0.987793,0,-0.000532632,0
1773774412475,0.0869141,-0.217773,0.988281,0.000532632,-0.00106526,0.000532632
1773774412545,0.0893555,-0.216797,0.988281,0,0,0.000532632
1773774412626,0.0878906,-0.217773,0.98877,0,-0.000532632,0.00106526
1773774412707,0.0883789,-0.217773,0.989258,-0.000532632,-0.00106526,0.000532632
1773774412777,0.0888672,-0.217285,0.987305,-0.00106526,-0.0015979,0.000532632
1773774412858,0.0878906,-0.21875,0.988281,0,-0.00106526,-0.000532632
1773774412938,0.0883789,-0.218262,0.985352,-0.000532632,-0.00106526,0.00106526
1773774413009,0.0864258,-0.217773,0.987793,0,-0.000532632,0
1773774413089,0.0869141,-0.218262,0.98877,-0.000532632,-0.00106526,-0.000532632
1773774413170,0.0893555,-0.218262,0.988281,-0.000532632,-0.000532632,0.00106526
1773774413240,0.0859375,-0.216309,0.989258,0,-0.000532632,0
1773774413321,0.0869141,-0.21875,0.987793,0,-0.0015979,-0.000532632
1773774413402,0.0883789,-0.218262,0.987305,0.000532632,-0.00106526,0.000532632
1773774413472,0.0878906,-0.218262,0.990234,-0.000532632,-0.000532632,0
1773774413552,0.0888672,-0.219238,0.98877,-0.0015979,-0.00106526,0
1773774413623,0.0878906,-0.217773,0.987793,0.000532632,-0.00213053,0
1773774413704,0.0859375,-0.21875,0.988281,0.000532632,-0.000532632,0
1773774413784,0.0888672,-0.218262,0.987305,-0.000532632,-0.00106526,0
1773774413855,0.0883789,-0.217773,0.987793,0,-0.000532632,0.00106526
1773774413935,0.0874023,-0.216797,0.989258,0,-0.00106526,-0.000532632
1773774414016,0.0878906,-0.216797,0.986816,0,0,0
1773774414086,0.0859375,-0.21875,0.986328,0,-0.00106526,-0.00106526
1773774414167,0.0878906,-0.216309,0.98877,0,-0.000532632,0
1773774414247,0.0878906,-0.21582,0.990723,-0.000532632,-0.00106526,-0.000532632
1773774414318,0.0883789,-0.216797,0.986816,0,-0.000532632,-0.00106526
1773774414398,0.0864258,-0.217285,0.989746,0,-0.0015979,-0.000532632
1773774414479,0.0893555,-0.216309,0.986816,-0.000532632,-0.0015979,0
1773774414550,0.0874023,-0.217773,0.988281,-0.000532632,-0.0015979,0
1773774414630,0.0854492,-0.217285,0.98877,0,0,0
1773774414710,0.0883789,-0.219727,0.987793,-0.000532632,-0.00106526,-0.0015979
1773774414781,0.0864258,-0.217285,0.987793,0,-0.000532632,0
1773774414861,0.0883789,-0.21582,0.986816,0.000532632,-0.000532632,0.000532632
1773774414932,0.0893555,-0.216797,0.989258,0,-0.000532632,0.000532632
1773774415012,0.0878906,-0.216309,0.988281,0.000532632,-0.000532632,0.000532632
1773774415093,0.0869141,-0.214844,0.989746,-0.000532632,-0.00213053,0
1773774415163,0.0893555,-0.216797,0.98877,0,-0.000532632,0
1773774415244,0.0883789,-0.216309,0.98877,0,-0.00106526,0
1773774415325,0.0888672,-0.215332,0.98877,0.000532632,-0.000532632,0
1773774415395,0.0854492,-0.217773,0.987305,0.000532632,-0.000532632,0
1773774415476,0.0878906,-0.216797,0.986816,0,-0.000532632,-0.000532632
1773774415556,0.0883789,-0.217773,0.98877,-0.000532632,-0.00106526,-0.00106526
1773774415627,0.0878906,-0.217285,0.989746,0.000532632,-0.000532632,-0.000532632
1773774415707,0.0898438,-0.218262,0.98877,0,-0.0015979,-0.000532632
1773774415788,0.0883789,-0.218262,0.987305,0.000532632,-0.000532632,0.00106526
1773774415858,0.0888672,-0.217285,0.98877,0,0.000532632,-0.000532632
1773774415939,0.0888672,-0.217773,0.989258,-0.000532632,-0.00106526,0
1773774416019,0.0878906,-0.217773,0.990234,-0.00106526,0,0.000532632
1773774416090,0.0888672,-0.217285,0.989746,0,-0.000532632,-0.000532632
1773774416171,0.0888672,-0.217285,0.987305,0,0,-0.000532632
1773774416241,0.0883789,-0.215332,0.986816,-0.000532632,0,-0.000532632
1773774416322,0.0888672,-0.21875,0.987793,-0.000532632,0,0
1773774416403,0.0874023,-0.217285,0.987793,0,-0.000532632,-0.00106526
1773774416473,0.0883789,-0.216309,0.988281,0.000532632,-0.00106526,-0.000532632
1773774416553,0.0864258,-0.216797,0.987305,-0.000532632,-0.0015979,0
1773774416634,0.0898438,-0.216797,0.989746,-0.000532632,-0.000532632,0
1773774416704,0.0878906,-0.219727,0.988281,0.000532632,0,0
1773774416785,0.0888672,-0.216797,0.98877,-0.000532632,-0.00106526,-0.000532632
1773774416865,0.0878906,-0.217773,0.986816,-0.00106526,-0.000532632,0
1773774416937,0.0878906,-0.217285,0.98877,0,-0.000532632,0.000532632
1773774417017,0.0874023,-0.216797,0.98877,-0.000532632,-0.000532632,0.000532632
1773774417097,0.0878906,-0.21582,0.988281,0,-0.00106526,0.000532632
1773774417168,0.0859375,-0.216309,0.989746,0,0,-0.00106526
1773774417248,0.0859375,-0.217773,0.989258,0,-0.000532632,-0.000532632
1773774417329,0.0878906,-0.216797,0.98877,-0.000532632,0.000532632,0.00106526
1773774417399,0.0878906,-0.217285,0.98877,-0.00106526,-0.00106526,0.000532632
1773774417480,0.0878906,-0.21582,0.987793,0,0,0
1773774417550,0.0874023,-0.216797,0.988281,0,0,0
1773774417631,0.0883789,-0.215332,0.989746,0,0.000532632,0.000532632
1773774417711,0.0869141,-0.216309,0.98877,0,0,-0.000532632
1773774417782,0.0883789,-0.219238,0.988281,-0.000532632,-0.000532632,0
1773774417862,0.0883789,-0.217285,0.988281,0.000532632,-0.000532632,0.000532632
1773774417943,0.0864258,-0.21582,0.988281,-0.000532632,-0.00106526,0
1773774418013,0.0898438,-0.21582,0.98877,0,-0.0015979,0
1773774418094,0.0883789,-0.217773,0.989258,0.000532632,0,0
1773774418174,0.0888672,-0.215332,0.990234,0.000532632,-0.000532632,-0.000532632
1773774418245,0.0883789,-0.216309,0.989258,-0.000532632,-0.000532632,0.000532632
1773774418326,0.0864258,-0.217285,0.987793,-0.000532632,0,-0.000532632
1773774418406,0.0869141,-0.217773,0.986816,0.000532632,0,0.00106526
1773774418477,0.0883789,-0.218262,0.987305,-0.00106526,-0.00106526,0
1773774418557,0.0888672,-0.214844,0.987793,-0.000532632,-0.00106526,-0.000532632
1773774418638,0.0869141,-0.216309,0.989258,-0.000532632,-0.000532632,-0.00106526
1773774418708,0.0883789,-0.217773,0.987793,0,-0.000532632,0.00106526
1773774418789,0.0874023,-0.216797,0.989258,0.000532632,-0.00106526,0.00106526
1773774418860,0.0874023,-0.216797,0.98877,-0.000532632,-0.0015979,-0.000532632
1773774418940,0.0869141,-0.216309,0.987793,0,-0.000532632,0.000532632
1773774419021,0.0878906,-0.216309,0.98584,0,-0.00106526,0
1773774419091,0.0878906,-0.21875,0.988281,0,0,0
1773774419172,0.0883789,-0.218262,0.987793,0,0.000532632,0
1773774419253,0.0878906,-0.218262,0.988281,-0.000532632,-0.000532632,0
1773774419324,0.0888672,-0.219238,0.987793,0,-0.00106526,0
1773774419404,0.0864258,-0.217285,0.987793,0,-0.000532632,0
1773774419484,0.0859375,-0.216309,0.986816,-0.000532632,0,0
1773774419555,0.0888672,-0.217773,0.987793,0,-0.00106526,0
1773774419635,0.0878906,-0.216309,0.988281,0.00106526,0,0
1773774419716,0.0893555,-0.217285,0.988281,0,-0.00106526,0
1773774419786,0.0874023,-0.217773,0.991211,-0.000532632,0,-0.000532632
1773774419867,0.0878906,-0.217285,0.989746,0.000532632,-0.000532632,-0.00106526
1773774419937,0.0869141,-0.218262,0.989746,-0.00106526,0,0
1773774420018,0.0888672,-0.217773,0.98584,0.000532632,0,0.000532632
1773774420098,0.0869141,-0.218262,0.988281,0,-0.00106526,-0.000532632
1773774420169,0.0864258,-0.21582,0.988281,0.000532632,-0.00106526,0.000532632
1773774420249,0.0878906,-0.21582,0.987793,0,-0.000532632,0
1773774420330,0.0878906,-0.216797,0.989258,-0.000532632,-0.000532632,-0.000532632
1773774420400,0.0888672,-0.216797,0.987793,0,0,0
1773774420481,0.0883789,-0.217285,0.987793,0.000532632,0,0
1773774420562,0.0878906,-0.217773,0.988281,0.000532632,0,-0.000532632
1773774420632,0.0878906,-0.21875,0.988281,-0.00106526,-0.000532632,0.000532632
1773774420712,0.0864258,-0.21582,0.987305,-0.00106526,-0.00106526,-0.00106526
1773774420793,0.0878906,-0.216309,0.98877,0.000532632,-0.000532632,-0.000532632
1773774420863,0.0874023,-0.216797,0.987793,0,0,-0.000532632
1773774420944,0.0883789,-0.218262,0.98877,0.000532632,-0.000532632,0.000532632
1773774421024,0.0869141,-0.217773,0.98877,0.00106526,0,0
1773774421095,0.0888672,-0.21582,0.987793,0,0,-0.000532632
1773774421176,0.0893555,-0.217285,0.989746,-0.00106526,-0.000532632,-0.000532632
1773774421256,0.0883789,-0.216797,0.988281,0,0,0
1773774421328,0.0869141,-0.216309,0.987793,-0.000532632,-0.00106526,-0.00106526
1773774421407,0.0883789,-0.217773,0.98877,0,0,-0.0015979
1773774421478,0.0869141,-0.217285,0.987793,0.000532632,-0.00106526,0
1773774421558,0.0898438,-0.216797,0.988281,0,-0.000532632,0
1773774421639,0.0869141,-0.216797,0.987793,-0.00106526,-0.0015979,0.000532632
1773774421709,0.0869141,-0.216797,0.986816,0.000532632,0,0
1773774421790,0.0888672,-0.216797,0.98877,0.000532632,-0.000532632,0
1773774421870,0.0883789,-0.217285,0.98877,-0.00106526,-0.00106526,0
1773774421941,0.0878906,-0.217773,0.986328,-0.000532632,-0.00106526,0
1773774422022,0.0883789,-0.218262,0.987793,0,-0.000532632,0
1773774422102,0.0874023,-0.216309,0.987305,0,0,0.000532632
1773774422172,0.0864258,-0.217285,0.98877,0.000532632,0.000532632,0
1773774422253,0.0893555,-0.21875,0.989746,0.000532632,-0.00106526,-0.00106526
1773774422334,0.0874023,-0.218262,0.989258,0.000532632,-0.00106526,-0.000532632
1773774422404,0.0883789,-0.219238,0.989746,0,-0.000532632,-0.00106526
1773774422484,0.0898438,-0.217285,0.98877,0.00106526,0,0.000532632
1773774422555,0.0874023,-0.216309,0.987305,0,0,0
1773774422635,0.0883789,-0.217773,0.986328,0,0,0.000532632
1773774422716,0.0888672,-0.219238,0.988281,0.000532632,0,0
1773774422787,0.0874023,-0.219727,0.986328,0,-0.000532632,-0.000532632
1773774422867,0.0878906,-0.218262,0.987305,-0.000532632,0,0.000532632
1773774422948,0.0859375,-0.218262,0.988281,0,-0.00106526,-0.000532632
1773774423018,0.0874023,-0.217285,0.987305,0,-0.0015979,-0.000532632
1773774423099,0.0888672,-0.218262,0.98877,-0.000532632,-0.00106526,-0.000532632
1773774423179,0.0874023,-0.217773,0.988281,0.000532632,-0.00106526,0.000532632
1773774423250,0.0888672,-0.217773,0.989746,-0.000532632,-0.000532632,0
1773774423331,0.0859375,-0.217773,0.989258,0.000532632,-0.0015979,0
1773774423411,0.0874023,-0.217773,0.988281,-0.000532632,-0.000532632,-0.000532632
1773774423482,0.0869141,-0.217773,0.989746,-0.000532632,-0.00106526,0.00106526
1773774423562,0.0878906,-0.216797,0.987793,-0.00106526,-0.000532632,-0.000532632
1773774423643,0.0869141,-0.217285,0.988281,0,0,0.00106526
1773774423713,0.0864258,-0.217773,0.989258,0.0015979,-0.00106526,0.000532632
1773774423794,0.0878906,-0.216797,0.988281,0,0.000532632,0.000532632
1773774423864,0.0878906,-0.219238,0.987793,-0.000532632,-0.000532632,-0.00106526
1773774423945,0.0893555,-0.215332,0.98877,-0.000532632,-0.00106526,-0.000532632
1773774424025,0.0874023,-0.21582,0.987305,-0.000532632,0.000532632,0
1773774424096,0.0874023,-0.216797,0.989258,-0.000532632,0,0.000532632
1773774424176,0.0888672,-0.216797,0.989258,0.000532632,0.00106526,-0.000532632
1773774424257,0.0893555,-0.216309,0.987793,0.000532632,-0.00106526,0
1773774424328,0.0864258,-0.21875,0.988281,0.000532632,-0.000532632,-0.000532632
1773774424409,0.0869141,-0.21582,0.987793,0,-0.000532632,-0.000532632
1773774424489,0.0874023,-0.21582,0.987305,-0.000532632,0.000532632,0
1773774424560,0.0883789,-0.216309,0.990723,0.000532632,-0.000532632,0
1773774424640,0.0898438,-0.217773,0.987793,0,0,-0.000532632
1773774424721,0.0883789,-0.217773,0.98877,-0.000532632,-0.000532632,-0.00106526
1773774424791,0.0883789,-0.21875,0.988281,0.000532632,-0.000532632,-0.000532632
1773774424872,0.0888672,-0.217285,0.988281,0.000532632,-0.00106526,0.000532632
1773774424942,0.0883789,-0.21582,0.98877,-0.00106526,-0.000532632,0.00106526
1773774425023,0.0869141,-0.217773,0.989258,0,0,-0.000532632
1773774425103,0.0878906,-0.217285,0.986816,-0.000532632,0,-0.000532632
1773774425174,0.0883789,-0.217773,0.990234,-0.00106526,-0.000532632,-0.000532632
1773774425254,0.0874023,-0.214844,0.987793,-0.000532632,-0.00106526,0
1773774425335,0.0869141,-0.217285,0.987305,-0.000532632,-0.00106526,-0.000532632
1773774425406,0.0888672,-0.217773,0.989258,0,-0.0015979,0
1773774425486,0.0893555,-0.217773,0.987793,0,-0.000532632,0
1773774425567,0.0869141,-0.214844,0.988281,0,-0.00106526,0
1773774425637,0.0883789,-0.216797,0.989746,0,-0.000532632,0.00106526
1773774425718,0.0888672,-0.216309,0.988281,-0.000532632,0.000532632,-0.00106526
1773774425799,0.0869141,-0.219727,0.986328,0.000532632,0,0.000532632
1773774425869,0.0883789,-0.216309,0.98584,0,0,0.000532632
1773774425949,0.0874023,-0.21875,0.989746,0.00106526,-0.000532632,0.000532632
1773774426020,0.0878906,-0.217285,0.987793,-0.00106526,-0.000532632,-0.00106526
1773774426101,0.0869141,-0.217773,0.989258,0,-0.00106526,-0.000532632
1773774426181,0.0869141,-0.217285,0.98877,0,-0.000532632,0
1773774426252,0.0883789,-0.217773,0.988281,-0.000532632,-0.000532632,0
1773774426332,0.0878906,-0.217773,0.987793,0.000532632,-0.000532632,0
1773774426413,0.0874023,-0.218262,0.989258,0.000532632,0.000532632,-0.000532632
1773774426483,0.0893555,-0.219238,0.988281,0.000532632,-0.00106526,0
1773774426564,0.0883789,-0.216797,0.987793,0,-0.0015979,0
1773774426645,0.0859375,-0.219238,0.988281,0,-0.00106526,0.000532632
1773774426715,0.0883789,-0.21582,0.98877,0.000532632,-0.00106526,0
1773774426795,0.0893555,-0.217285,0.987793,0.000532632,-0.000532632,0
1773774426876,0.0878906,-0.21582,0.98877,0,-0.00106526,0.000532632
1773774426946,0.0893555,-0.217285,0.987305,-0.000532632,-0.0015979,-0.000532632
1773774427027,0.090332,-0.217285,0.989258,-0.00106526,-0.00106526,-0.000532632
1773774427108,0.0869141,-0.218262,0.987305,0,-0.000532632,0
1773774427178,0.0864258,-0.216309,0.988281,0,0,0.000532632
1773774427258,0.0874023,-0.217773,0.987793,0.000532632,-0.00106526,-0.00106526
1773774427329,0.090332,-0.216309,0.987305,0,-0.000532632,0
1773774427410,0.0883789,-0.218262,0.98877,-0.00106526,-0.0015979,0
1773774427490,0.0893555,-0.21582,0.98877,0,0,-0.00106526
1773774427561,0.0893555,-0.216797,0.98877,0.000532632,-0.00106526,0
1773774427643,0.0878906,-0.216309,0.987793,0.0015979,0,0.000532632
1773774427722,0.0869141,-0.217285,0.989746,-0.000532632,-0.000532632,0
1773774427792,0.0878906,-0.217285,0.988281,0,0,-0.000532632
1773774427873,0.0888672,-0.217285,0.989258,0,-0.00106526,0.000532632
1773774427954,0.0878906,-0.217773,0.989258,-0.00106526,-0.00106526,0.00106526
1773774428025,0.0864258,-0.217285,0.985352,0.000532632,0.000532632,0.000532632
1773774428105,0.0859375,-0.217285,0.986328,-0.00106526,0,-0.000532632
1773774428185,0.0874023,-0.216797,0.988281,0.000532632,0,-0.000532632
1773774428256,0.0844727,-0.21582,0.98877,0,-0.0015979,0.00106526
1773774428337,0.0883789,-0.217773,0.988281,0.000532632,-0.000532632,0.000532632
1773774428407,0.0883789,-0.216309,0.988281,0.000532632,-0.000532632,0.000532632
1773774428487,0.0869141,-0.217773,0.987305,0.000532632,-0.0015979,-0.000532632
1773774428568,0.0874023,-0.216797,0.987305,-0.000532632,-0.000532632,0
1773774428638,0.0878906,-0.217773,0.987793,0,-0.000532632,0
1773774428719,0.0859375,-0.218262,0.987305,0,-0.000532632,0
1773774428799,0.0883789,-0.218262,0.987793,0.000532632,-0.00106526,0.000532632
1773774428870,0.0883789,-0.217285,0.987793,0,-0.000532632,0.000532632
1773774428950,0.0878906,-0.216309,0.989258,-0.000532632,-0.000532632,0.000532632
1773774429031,0.0869141,-0.216797,0.989258,0.000532632,-0.00106526,-0.000532632
1773774429102,0.0874023,-0.216309,0.986816,0,-0.00106526,0
1773774429182,0.0874023,-0.21875,0.986816,0,-0.00106526,0
1773774429263,0.0854492,-0.216309,0.987793,-0.000532632,0,-0.00106526
1773774429334,0.0878906,-0.216309,0.989746,-0.000532632,0,0
1773774429414,0.0888672,-0.217773,0.98877,0,-0.000532632,0.000532632
1773774429485,0.0874023,-0.217773,0.989258,0.000532632,0,0.000532632
1773774429565,0.0878906,-0.216797,0.987305,0.00106526,-0.000532632,0.000532632
1773774429646,0.0898438,-0.217773,0.989258,0.000532632,0,-0.000532632
1773774429716,0.0883789,-0.21875,0.987793,0.000532632,-0.000532632,0
1773774429797,0.0893555,-0.216309,0.98877,0.00106526,-0.000532632,0
1773774429877,0.0864258,-0.214844,0.986816,-0.000532632,0,0
1773774429948,0.0883789,-0.218262,0.98877,-0.00106526,0,0.00106526
1773774430029,0.0874023,-0.217285,0.98877,0,-0.000532632,0
1773774430109,0.0878906,-0.217285,0.988281,0.000532632,0,0.000532632
1773774430180,0.0874023,-0.21875,0.986816,0,-0.00106526,0
1773774430260,0.0869141,-0.217773,0.98877,0.000532632,-0.00106526,0
1773774430341,0.0864258,-0.217773,0.987305,0.000532632,0.000532632,0
1773774430411,0.0888672,-0.217285,0.989258,0.00106526,0,0.000532632
1773774430492,0.0888672,-0.218262,0.987305,-0.000532632,-0.000532632,0
1773774430572,0.0888672,-0.21875,0.987305,0.000532632,-0.000532632,-0.000532632
1773774430643,0.0898438,-0.219727,0.989258,0,-0.000532632,0
1773774430723,0.0883789,-0.216309,0.985352,-0.00106526,0.000532632,-0.000532632
1773774430794,0.0883789,-0.218262,0.98877,0,-0.00106526,0
1773774430874,0.0874023,-0.217773,0.98877,0,-0.000532632,-0.000532632
1773774430955,0.0883789,-0.217285,0.988281,-0.000532632,-0.000532632,-0.00106526
1773774431025,0.0878906,-0.216797,0.988281,0.0015979,-0.000532632,0.000532632
1773774431106,0.0864258,-0.216309,0.986816,0,-0.000532632,0
1773774431186,0.0874023,-0.219238,0.987793,0,-0.000532632,-0.000532632
1773774431257,0.0874023,-0.216797,0.987793,-0.000532632,0,0.000532632
1773774431337,0.0878906,-0.216309,0.987305,0.000532632,-0.00106526,-0.000532632
1773774431418,0.0874023,-0.217773,0.988281,0,0.000532632,0.000532632
1773774431488,0.0874023,-0.216797,0.988281,-0.000532632,0,0.000532632
1773774431569,0.0883789,-0.217773,0.986328,-0.000532632,-0.000532632,0.000532632
1773774431650,0.0859375,-0.218262,0.986816,-0.000532632,-0.000532632,0
1773774431720,0.0893555,-0.217285,0.988281,0.000532632,-0.0015979,-0.000532632
1773774431801,0.0874023,-0.217773,0.988281,0,-0.00106526,0.000532632
1773774431881,0.0883789,-0.216797,0.989258,-0.000532632,-0.000532632,-0.000532632
1773774431952,0.0869141,-0.217773,0.989746,0,-0.00106526,0
1773774432032,0.0869141,-0.216309,0.987793,0,-0.000532632,0.000532632
1773774432104,0.0878906,-0.217773,0.988281,0,-0.00106526,-0.00106526
1773774432183,0.0869141,-0.216797,0.989258,0.000532632,0.000532632,-0.000532632
1773774432264,0.0888672,-0.217285,0.990234,-0.000532632,0.000532632,-0.000532632
1773774432335,0.0874023,-0.216797,0.987793,0,-0.000532632,0
1773774432415,0.0874023,-0.21582,0.989258,0,-0.0015979,0.000532632
1773774432496,0.0864258,-0.217773,0.98877,0,0,-0.00106526
1773774432566,0.0859375,-0.217285,0.987305,-0.000532632,-0.000532632,0
1773774432647,0.0859375,-0.214844,0.989258,0.000532632,-0.000532632,-0.000532632
1773774432727,0.0869141,-0.217285,0.98877,0.000532632,-0.000532632,0
1773774432798,0.0874023,-0.214844,0.988281,-0.000532632,-0.000532632,0.00106526
1773774432878,0.0893555,-0.217285,0.987793,-0.000532632,0,0.000532632
1773774432959,0.0874023,-0.217285,0.987793,-0.00106526,-0.000532632,0
1773774433029,0.0878906,-0.217773,0.98877,0.00106526,-0.00106526,-0.000532632
1773774433110,0.0878906,-0.215332,0.989258,0,0,0
1773774433190,0.0864258,-0.219238,0.987793,0,0,0
1773774433261,0.0883789,-0.217773,0.98584,0,-0.0015979,0.000532632
1773774433342,0.0883789,-0.21582,0.987793,0.000532632,-0.00106526,-0.000532632
1773774433413,0.0869141,-0.216797,0.987305,0,-0.00266316,0.00106526
1773774433493,0.0883789,-0.217285,0.988281,0,0.000532632,0.00106526
1773774433573,0.0878906,-0.217773,0.985352,-0.000532632,0,0.000532632
1773774433644,0.0878906,-0.217773,0.989258,0.000532632,0,-0.000532632
1773774433724,0.0874023,-0.214844,0.987793,-0.000532632,0.000532632,0.000532632
1773774433805,0.0874023,-0.218262,0.986816,0.000532632,-0.000532632,0
1773774433875,0.0869141,-0.216309,0.98877,0,-0.000532632,-0.000532632
1773774433956,0.0878906,-0.217773,0.988281,-0.000532632,-0.000532632,0
1773774434036,0.0878906,-0.218262,0.987793,0.000532632,-0.00106526,0.00106526
1773774434107,0.0864258,-0.216309,0.989746,0,0.000532632,0
1773774434187,0.0869141,-0.216309,0.986816,0.000532632,0,-0.000532632
1773774434268,0.0893555,-0.217773,0.987793,0,-0.00106526,0
1773774434338,0.0893555,-0.216797,0.989746,-0.0015979,-0.000532632,-0.000532632
1773774434419,0.0864258,-0.219727,0.988281,0,-0.00106526,-0.000532632
1773774434499,0.0864258,-0.216797,0.987793,-0.000532632,-0.00106526,0.000532632
1773774434570,0.0859375,-0.217773,0.98877,-0.000532632,-0.000532632,0.000532632
1773774434650,0.0859375,-0.217285,0.988281,0,-0.000532632,-0.000532632
1773774434721,0.0883789,-0.217773,0.987305,0.000532632,-0.000532632,0.000532632
1773774434802,0.0874023,-0.216797,0.987793,0.00106526,0,0
1773774434882,0.0883789,-0.21875,0.989258,-0.00106526,-0.0015979,-0.00106526
1773774434952,0.0888672,-0.216309,0.988281,-0.000532632,0,-0.000532632
1773774435033,0.0874023,-0.218262,0.990234,-0.000532632,0,0
1773774435113,0.0883789,-0.217285,0.986816,-0.000532632,-0.000532632,0
1773774435184,0.0878906,-0.215332,0.989746,-0.000532632,-0.0015979,-0.000532632
1773774435264,0.0893555,-0.216309,0.988281,-0.000532632,-0.000532632,-0.000532632
1773774435345,0.0888672,-0.217285,0.98877,0.000532632,-0.000532632,0.000532632
1773774435416,0.0869141,-0.216309,0.988281,0,-0.00106526,0
1773774435496,0.0869141,-0.216309,0.987305,0,0.000532632,0
1773774435577,0.0883789,-0.21582,0.988281,0.000532632,-0.00106526,0.000532632
1773774435647,0.0874023,-0.21875,0.98877,0,-0.00106526,-0.000532632
1773774435728,0.0878906,-0.216309,0.987793,0,-0.000532632,0
1773774435808,0.0883789,-0.216309,0.98877,-0.000532632,-0.00106526,0.000532632
1773774435879,0.0888672,-0.217773,0.98877,0.000532632,-0.000532632,0
1773774435959,0.0888672,-0.217773,0.98877,-0.000532632,0,0.000532632
1773774436030,0.0878906,-0.219238,0.988281,-0.000532632,-0.0015979,-0.000532632
1773774436110,0.0893555,-0.216797,0.989258,0,0,0.00106526
1773774436191,0.0888672,-0.216797,0.98877,0,-0.000532632,0
1773774436262,0.0888672,-0.217285,0.988281,0.000532632,-0.000532632,0.000532632
1773774436342,0.0893555,-0.217285,0.989258,-0.000532632,-0.000532632,0
1773774436423,0.0883789,-0.216797,0.987305,0.000532632,-0.000532632,0
1773774436493,0.0883789,-0.214844,0.989746,0.000532632,0,0.000532632
1773774436574,0.0869141,-0.218262,0.988281,-0.000532632,0.00106526,0.000532632
1773774436654,0.0874023,-0.217773,0.988281,0,0.000532632,0
1773774436725,0.0888672,-0.218262,0.987793,0,-0.00106526,-0.000532632
1773774436805,0.0874023,-0.217285,0.987793,0,-0.00106526,0
1773774436886,0.0874023,-0.21875,0.989258,-0.000532632,-0.00106526,0
1773774436956,0.0874023,-0.218262,0.986816,0,-0.000532632,-0.000532632
1773774437037,0.0893555,-0.218262,0.987793,0,0,0.000532632
1773774437117,0.0874023,-0.217285,0.989258,0.000532632,0,0.000532632
1773774437188,0.0888672,-0.218262,0.989258,-0.000532632,-0.000532632,0.000532632
1773774437268,0.0883789,-0.219238,0.988281,-0.000532632,-0.000532632,0.00106526
1773774437349,0.0869141,-0.216797,0.989746,0.000532632,-0.000532632,-0.000532632
1773774437420,0.0864258,-0.216309,0.989258,0,-0.000532632,0
1773774437500,0.0864258,-0.216797,0.989258,0.000532632,-0.00106526,0.00106526
1773774437571,0.0883789,-0.217773,0.98877,-0.00106526,0.00106526,0.00106526
1773774437651,0.0878906,-0.215332,0.989746,0,-0.000532632,0
1773774437732,0.0883789,-0.215332,0.989258,-0.000532632,-0.000532632,-0.000532632
1773774437802,0.0878906,-0.216309,0.989258,-0.000532632,0.000532632,-0.00106526
1773774437883,0.0864258,-0.216797,0.986328,-0.000532632,-0.000532632,0
1773774437963,0.0893555,-0.217773,0.988281,0.000532632,0,0.000532632
1773774438034,0.0878906,-0.216309,0.986816,-0.000532632,-0.000532632,-0.000532632
1773774438114,0.0869141,-0.217773,0.98877,-0.000532632,-0.00213053,0.000532632
1773774438195,0.0878906,-0.216309,0.988281,0.000532632,-0.000532632,0.00106526
1773774438265,0.0874023,-0.216797,0.990234,0,-0.000532632,0
1773774438346,0.0898438,-0.217285,0.98877,-0.00106526,-0.000532632,0
1773774438426,0.0869141,-0.21582,0.986328,0.00106526,0,-0.000532632
1773774438497,0.0878906,-0.21582,0.989746,0.00106526,-0.00106526,0.00106526
1773774438578,0.0883789,-0.218262,0.98877,0,-0.000532632,0.000532632
1773774438658,0.0898438,-0.21582,0.989258,0,0,0.000532632
1773774438729,0.0874023,-0.217285,0.98877,-0.00106526,0,0.000532632
1773774438809,0.0869141,-0.217285,0.98877,0.000532632,-0.0015979,-0.00106526
1773774438880,0.0878906,-0.216309,0.989746,0.00106526,-0.000532632,0
1773774438960,0.0893555,-0.217285,0.987793,0.00106526,0.000532632,0.000532632
1773774439041,0.0883789,-0.217285,0.987793,0.000532632,-0.000532632,-0.000532632
1773774439111,0.0869141,-0.217773,0.98877,-0.00106526,0,0
1773774439192,0.0874023,-0.216797,0.988281,-0.00106526,-0.00106526,0
1773774439272,0.0893555,-0.21875,0.98877,0,-0.00106526,0.000532632
1773774439343,0.0864258,-0.216797,0.98877,0.000532632,-0.000532632,-0.000532632
1773774439424,0.0883789,-0.216309,0.988281,0,0,-0.000532632
1773774439504,0.0893555,-0.216309,0.987305,0,-0.00106526,0
1773774439574,0.0878906,-0.216797,0.987793,0,0,0
1773774439655,0.0893555,-0.218262,0.986816,0.000532632,-0.000532632,-0.000532632
1773774439735,0.0883789,-0.218262,0.987305,0.00106526,-0.000532632,0
1773774439806,0.0878906,-0.216797,0.986816,0,-0.00106526,0.000532632
1773774439886,0.0883789,-0.21582,0.986816,-0.000532632,0,0
1773774439967,0.0878906,-0.216797,0.987793,-0.000532632,-0.000532632,0
1773774440037,0.0864258,-0.217285,0.988281,0.000532632,-0.00106526,0.000532632
1773774440118,0.0883789,-0.217773,0.986816,-0.000532632,-0.00106526,0
1773774440198,0.0883789,-0.216309,0.98877,-0.000532632,-0.00106526,0
1773774440269,0.0849609,-0.214844,0.98877,0,0,-0.000532632
1773774440350,0.0869141,-0.216797,0.988281,0,0.000532632,0
1773774440420,0.0883789,-0.216797,0.987793,0.000532632,-0.000532632,-0.00106526
1773774440500,0.0878906,-0.218262,0.988281,0.000532632,0,-0.000532632
1773774440581,0.0878906,-0.21582,0.987305,-0.00106526,0,0.000532632
1773774440652,0.0874023,-0.217773,0.987305,0,-0.000532632,-0.000532632
1773774440732,0.0864258,-0.217773,0.988281,0.00106526,0,-0.000532632
1773774440813,0.0869141,-0.219238,0.987793,0,0.000532632,0
1773774440883,0.0864258,-0.216797,0.988281,-0.000532632,-0.00106526,0
1773774440964,0.0883789,-0.217773,0.986328,-0.000532632,-0.000532632,0.000532632
1773774441044,0.0883789,-0.217285,0.987793,-0.000532632,-0.00106526,0.00106526
1773774441115,0.0883789,-0.217285,0.989258,0,0,0
1773774441195,0.0874023,-0.216309,0.990234,-0.00106526,0,0
1773774441276,0.0869141,-0.215332,0.988281,0.00106526,-0.000532632,0.000532632
1773774441346,0.0878906,-0.215332,0.98877,0.00106526,-0.0015979,0.00106526
1773774441427,0.0898438,-0.216797,0.988281,0.000532632,-0.000532632,-0.00106526
1773774441507,0.0874023,-0.215332,0.986816,-0.000532632,-0.00106526,-0.000532632
1773774441578,0.0874023,-0.216797,0.990234,0,0,-0.000532632
1773774441658,0.0878906,-0.218262,0.987793,0.000532632,-0.00106526,0
1773774441729,0.0864258,-0.218262,0.989746,0,0,0.000532632
1773774441809,0.0883789,-0.216309,0.989258,0,-0.00106526,0.000532632
1773774441890,0.0869141,-0.216309,0.989746,-0.000532632,0,0
1773774441960,0.0869141,-0.21582,0.986816,0,0,0
1773774442041,0.0854492,-0.216309,0.98877,-0.000532632,-0.00106526,0
1773774442122,0.0893555,-0.216797,0.987305,0,-0.000532632,-0.000532632
1773774442192,0.0888672,-0.21582,0.989258,0,-0.00106526,-0.00106526
1773774442273,0.0874023,-0.21875,0.988281,0,-0.00106526,0.000532632
1773774442354,0.0893555,-0.216797,0.989258,0,0,0
1773774442424,0.0874023,-0.217285,0.988281,-0.000532632,-0.000532632,-0.000532632
1773774442504,0.0888672,-0.217285,0.987305,0,-0.000532632,0.0015979
1773774442585,0.0859375,-0.217285,0.986816,0.000532632,-0.0015979,0.00106526
1773774442656,0.0878906,-0.216797,0.98877,0.000532632,-0.000532632,-0.000532632
1773774442736,0.0874023,-0.216797,0.98877,-0.00106526,0,0
1773774442807,0.0878906,-0.216797,0.987793,-0.000532632,-0.000532632,-0.000532632
1773774442887,0.0893555,-0.218262,0.986816,0.00106526,-0.00106526,0
1773774442968,0.0893555,-0.217773,0.987305,0.000532632,-0.000532632,0
1773774443038,0.0878906,-0.21875,0.986328,-0.00106526,-0.0015979,0
1773774443119,0.0874023,-0.218262,0.987793,0,-0.0015979,0
1773774443199,0.0859375,-0.215332,0.988281,0,0.000532632,-0.000532632
1773774443270,0.0874023,-0.216797,0.988281,-0.000532632,0,0
1773774443350,0.0864258,-0.218262,0.988281,0,-0.0015979,0
1773774443431,0.0883789,-0.21875,0.988281,-0.00106526,0,0
1773774443501,0.0864258,-0.216309,0.987793,0,-0.000532632,0.000532632
1773774443582,0.0883789,-0.219238,0.986816,-0.000532632,-0.000532632,-0.000532632
1773774443662,0.0888672,-0.216309,0.987305,0.000532632,-0.00106526,0
1773774443733,0.0898438,-0.21875,0.987793,-0.00106526,-0.00106526,0
1773774443813,0.0878906,-0.218262,0.988281,0,-0.000532632,0
1773774443894,0.0888672,-0.216797,0.98877,0,0,0
1773774443965,0.0893555,-0.217773,0.988281,0,-0.00106526,-0.00106526
1773774444045,0.0878906,-0.216797,0.988281,-0.0015979,-0.00106526,0
1773774444126,0.0888672,-0.216797,0.988281,0,-0.00106526,0
1773774444196,0.0888672,-0.216309,0.989746,-0.0015979,-0.00106526,0
1773774444277,0.0869141,-0.216309,0.987305,0,0,-0.000532632
1773774444347,0.0883789,-0.21582,0.987305,0,-0.000532632,0.000532632
1773774444428,0.0864258,-0.217773,0.989746,0,0.000532632,0.000532632
1773774444508,0.0864258,-0.216797,0.987305,0,-0.0015979,-0.00106526
1773774444579,0.0869141,-0.217773,0.987793,0.000532632,0.000532632,-0.00106526
1773774444659,0.0869141,-0.216309,0.989746,0,-0.000532632,0
1773774444740,0.0869141,-0.218262,0.989258,-0.000532632,-0.00106526,-0.00106526
1773774444811,0.0893555,-0.217773,0.986816,-0.000532632,-0.00106526,0.00106526
1773774444891,0.0869141,-0.217285,0.988281,0,-0.000532632,-0.00106526
1773774444971,0.0878906,-0.217285,0.987793,0,0,-0.000532632
1773774445042,0.0864258,-0.219238,0.987305,0,-0.00106526,0.000532632
1773774445122,0.0888672,-0.217773,0.98877,-0.000532632,-0.00106526,0.000532632
1773774445203,0.0888672,-0.217285,0.98584,0,0,0
1773774445274,0.0869141,-0.21875,0.987793,-0.000532632,0,0
1773774445354,0.0883789,-0.217773,0.987793,-0.0015979,-0.000532632,0.000532632
1773774445435,0.0883789,-0.217773,0.987793,0.000532632,0.000532632,-0.000532632
1773774445505,0.0859375,-0.216797,0.989258,0,-0.000532632,0.000532632
1773774445586,0.0893555,-0.217773,0.987305,0,0,0.000532632
1773774445657,0.0874023,-0.218262,0.98877,0,-0.00106526,-0.00106526
1773774445737,0.0888672,-0.217285,0.988281,0,0,0.000532632
1773774445817,0.0878906,-0.217773,0.986816,0.000532632,-0.0015979,-0.000532632
1773774445888,0.0878906,-0.216797,0.986328,-0.000532632,-0.000532632,0
1773774445969,0.0878906,-0.216797,0.98877,0.00106526,-0.000532632,0.00106526
1773774446049,0.0859375,-0.217285,0.990234,-0.000532632,-0.000532632,0.000532632
1773774446119,0.0883789,-0.218262,0.98877,-0.000532632,-0.000532632,-0.000532632
1773774446200,0.0883789,-0.217773,0.987305,0.00106526,0,-0.000532632
1773774446280,0.0869141,-0.217285,0.989258,-0.000532632,-0.00106526,0.00106526
1773774446351,0.0878906,-0.217285,0.987305,0,0,0
1773774446432,0.0878906,-0.217773,0.988281,-0.00106526,-0.00106526,0
1773774446512,0.0883789,-0.217285,0.987793,0,0,-0.000532632
1773774446583,0.0888672,-0.21875,0.989258,-0.00106526,-0.000532632,0
1773774446663,0.0864258,-0.21875,0.988281,0,0.00106526,-0.000532632
1773774446734,0.0883789,-0.217773,0.98877,0.000532632,-0.00106526,0.000532632
1773774446814,0.0878906,-0.218262,0.98877,-0.000532632,-0.000532632,0
1773774446895,0.0859375,-0.216309,0.989746,0,-0.000532632,0.00106526
1773774446965,0.0864258,-0.217285,0.988281,0.000532632,-0.00106526,0.000532632
1773774447046,0.0878906,-0.216309,0.987793,0,-0.000532632,0
1773774447126,0.0864258,-0.217773,0.986328,-0.000532632,-0.000532632,-0.000532632
1773774447197,0.0869141,-0.219238,0.985352,-0.000532632,0,0.000532632
1773774447277,0.0878906,-0.21582,0.987305,0,-0.00106526,0
1773774447358,0.0888672,-0.216797,0.987793,0,0.000532632,-0.000532632
1773774447428,0.0893555,-0.21875,0.986328,0.000532632,-0.0015979,0.000532632
1773774447509,0.0893555,-0.217285,0.989258,0,-0.00106526,0
1773774447589,0.0869141,-0.216797,0.990234,0,-0.000532632,-0.000532632
1773774447660,0.0878906,-0.216309,0.987793,-0.000532632,0.000532632,0.000532632
1773774447740,0.0874023,-0.217773,0.990234,-0.000532632,0,-0.000532632
1773774447821,0.0864258,-0.217285,0.988281,0,-0.000532632,0
1773774447891,0.0878906,-0.216797,0.989258,0.000532632,-0.0015979,0.000532632
1773774447972,0.0878906,-0.217773,0.987793,-0.000532632,-0.00106526,0
1773774448053,0.0893555,-0.216309,0.987793,0,-0.00106526,0
1773774448123,0.0874023,-0.215332,0.987793,0.000532632,0,0
1773774448204,0.0864258,-0.217773,0.987793,0.000532632,0,0
1773774448274,0.090332,-0.216797,0.98877,-0.000532632,-0.00106526,0.000532632
1773774448355,0.0888672,-0.215332,0.987793,0.000532632,-0.000532632,0
1773774448435,0.0874023,-0.220215,0.989258,0,-0.000532632,0.00106526
1773774448506,0.0883789,-0.219727,0.98877,0.000532632,-0.000532632,0.000532632
1773774448586,0.0864258,-0.216797,0.987305,0,-0.000532632,0
1773774448667,0.0883789,-0.217285,0.987793,-0.000532632,-0.0015979,0.00106526
1773774448737,0.0883789,-0.218262,0.987305,0,-0.000532632,0
1773774448818,0.0883789,-0.21582,0.986816,-0.000532632,0,-0.00106526
1773774448898,0.0874023,-0.217285,0.988281,0.000532632,-0.000532632,0.000532632
1773774448969,0.0878906,-0.217285,0.98877,0.000532632,-0.000532632,-0.00106526
1773774449049,0.0893555,-0.217773,0.98877,-0.00106526,0,0
1773774449130,0.0883789,-0.216309,0.986816,0,-0.00106526,0.000532632
1773774449200,0.0874023,-0.219238,0.991699,-0.000532632,0,-0.00106526
1773774449281,0.0888672,-0.220215,0.989746,-0.00106526,-0.000532632,0.000532632
1773774449362,0.0854492,-0.217285,0.990723,0.000532632,0.00106526,-0.00106526
1773774449432,0.0878906,-0.216797,0.98877,0.000532632,0,0.00106526
1773774449513,0.0878906,-0.216309,0.98877,-0.000532632,0,0
1773774449583,0.0878906,-0.21582,0.988281,0,0,0.000532632
1773774449664,0.0874023,-0.217285,0.988281,0,-0.000532632,0.000532632
1773774449744,0.0864258,-0.217285,0.98877,0,0,-0.000532632
1773774449816,0.0878906,-0.217285,0.98877,-0.000532632,-0.000532632,-0.000532632
1773774449895,0.0878906,-0.216797,0.988281,0.00106526,0,-0.000532632
1773774449976,0.0878906,-0.21875,0.991211,0,-0.00106526,0.000532632
1773774450046,0.0864258,-0.218262,0.988281,0,-0.00106526,0.00106526
1773774450127,0.0878906,-0.216309,0.989258,0.000532632,0,0
1773774450207,0.0874023,-0.216309,0.988281,0,-0.000532632,0
1773774450278,0.0874023,-0.218262,0.987793,0.000532632,-0.0015979,0
1773774450358,0.0859375,-0.216309,0.989746,0.000532632,0,0
1773774450439,0.0874023,-0.216797,0.986816,0,-0.00106526,-0.00106526
1773774450509,0.0874023,-0.216797,0.991699,0.00106526,-0.000532632,-0.000532632
1773774450590,0.0883789,-0.216309,0.988281,0.000532632,-0.00106526,-0.00106526
1773774450670,0.0869141,-0.217773,0.987305,0,-0.00106526,-0.000532632
1773774450741,0.0883789,-0.217285,0.988281,0,0,0.000532632
1773774450821,0.0883789,-0.216309,0.987793,0.000532632,-0.000532632,-0.000532632
1773774450892,0.0869141,-0.216797,0.987793,-0.000532632,-0.000532632,-0.000532632
1773774450972,0.0883789,-0.218262,0.987305,0.000532632,-0.000532632,0.000532632
1773774451053,0.0883789,-0.218262,0.98877,0,-0.000532632,0.000532632
1773774451123,0.0888672,-0.216309,0.987305,0.00106526,-0.000532632,0.000532632
1773774451204,0.0878906,-0.217285,0.987793,-0.000532632,0,-0.000532632
1773774451285,0.0874023,-0.216797,0.989746,0.000532632,0,-0.000532632
1773774451355,0.0878906,-0.216797,0.987793,0.000532632,-0.00106526,0
1773774451436,0.0883789,-0.216797,0.986816,0.00106526,-0.00106526,0.00106526
1773774451516,0.0883789,-0.216797,0.98877,-0.00106526,0,0
1773774451587,0.0869141,-0.217285,0.987305,-0.000532632,-0.00106526,0
1773774451668,0.0874023,-0.21582,0.987793,0,-0.000532632,-0.000532632
1773774451748,0.0874023,-0.216797,0.98877,-0.000532632,0,0
1773774451818,0.0859375,-0.217773,0.988281,0.000532632,0.000532632,-0.000532632
1773774451899,0.0874023,-0.215332,0.991699,0.000532632,-0.000532632,0.000532632
1773774451979,0.0874023,-0.216797,0.987793,0.000532632,-0.000532632,-0.00106526
1773774452050,0.0874023,-0.217285,0.985352,-0.000532632,-0.000532632,-0.00106526
1773774452130,0.0878906,-0.216797,0.98877,0.000532632,-0.000532632,-0.000532632
1773774452201,0.0874023,-0.216797,0.988281,0.000532632,-0.000532632,0
1773774452281,0.0859375,-0.217285,0.987793,0.000532632,-0.00106526,0.000532632
1773774452362,0.0874023,-0.216797,0.989258,0,-0.00106526,0.00106526
1773774452432,0.0878906,-0.214844,0.987793,0.000532632,-0.000532632,0
1773774452513,0.0898438,-0.216797,0.988281,0,-0.00106526,-0.000532632
1773774452594,0.0878906,-0.217285,0.986816,0,0,-0.00106526
1773774452664,0.0888672,-0.218262,0.98877,0.000532632,0.000532632,0.000532632
1773774452745,0.0869141,-0.216309,0.98877,0,-0.000532632,0.000532632
1773774452825,0.0869141,-0.21582,0.989746,-0.000532632,0,0
1773774452896,0.0898438,-0.21582,0.988281,-0.000532632,0,0
1773774452976,0.0878906,-0.216309,0.987793,-0.000532632,-0.000532632,0.000532632
1773774453057,0.0869141,-0.21875,0.988281,-0.00106526,-0.00106526,0
1773774453127,0.0878906,-0.216309,0.990723,0,-0.000532632,0
1773774453208,0.0888672,-0.217773,0.987793,-0.000532632,-0.000532632,-0.000532632
1773774453288,0.0893555,-0.216309,0.989258,-0.000532632,-0.000532632,-0.000532632
1773774453359,0.0898438,-0.216797,0.988281,-0.000532632,0.000532632,0.000532632
1773774453439,0.0893555,-0.217773,0.989746,0,-0.00106526,0
1773774453511,0.0859375,-0.217773,0.988281,0.000532632,0,0
1773774453590,0.0893555,-0.216309,0.989746,0,-0.000532632,-0.00106526
1773774453671,0.0878906,-0.216797,0.988281,0.000532632,-0.000532632,0
1773774453742,0.0893555,-0.217773,0.988281,0,-0.000532632,-0.000532632
1773774453822,0.0874023,-0.216797,0.98584,-0.000532632,0.000532632,0
1773774453903,0.0893555,-0.216797,0.989258,-0.000532632,0,-0.000532632
1773774453973,0.090332,-0.218262,0.987305,0,-0.00106526,0
1773774454054,0.0878906,-0.21875,0.990234,0,-0.00106526,0
1773774454135,0.0888672,-0.218262,0.987793,0,-0.000532632,0
1773774454205,0.0878906,-0.217285,0.989258,-0.000532632,-0.000532632,-0.000532632
1773774454286,0.0869141,-0.218262,0.989746,-0.00106526,0,0
1773774454366,0.0893555,-0.21875,0.991211,-0.000532632,0,0
1773774454437,0.0878906,-0.216797,0.988281,0,-0.00106526,0
1773774454517,0.0888672,-0.218262,0.986816,-0.000532632,-0.000532632,0
1773774454598,0.0898438,-0.215332,0.987305,-0.000532632,-0.000532632,0.000532632
1773774454668,0.0878906,-0.216797,0.987305,0,-0.00106526,-0.00106526
1773774454749,0.0883789,-0.217773,0.988281,-0.000532632,0,0
1773774454819,0.0864258,-0.217773,0.989258,0,-0.00106526,0
1773774454900,0.0864258,-0.216797,0.989258,0.00106526,-0.000532632,0
1773774454981,0.0874023,-0.218262,0.98877,0,-0.00106526,0.00106526
1773774455051,0.0864258,-0.216797,0.98877,0,-0.00106526,0
1773774455132,0.0883789,-0.21875,0.98877,-0.000532632,-0.00106526,0
1773774455212,0.0883789,-0.217285,0.988281,-0.000532632,-0.00213053,-0.000532632
1773774455283,0.0888672,-0.217773,0.98584,-0.00106526,-0.000532632,-0.000532632
1773774455363,0.0893555,-0.218262,0.987793,0,0,0
1773774455444,0.0864258,-0.217773,0.98877,0,-0.00106526,0
1773774455514,0.0878906,-0.216797,0.987793,-0.000532632,-0.00106526,0
1773774455595,0.0888672,-0.216797,0.986328,0,-0.000532632,0
1773774455675,0.0893555,-0.216309,0.989258,0.000532632,-0.00106526,0.000532632
1773774455746,0.0888672,-0.217285,0.98877,-0.000532632,-0.000532632,0.000532632
1773774455826,0.0888672,-0.21875,0.98877,0,-0.0015979,-0.000532632
1773774455897,0.0864258,-0.216309,0.987793,-0.00106526,-0.00106526,-0.000532632
1773774455977,0.0869141,-0.216309,0.986816,0.00106526,0,-0.000532632
1773774456058,0.0859375,-0.216797,0.98584,0.00106526,-0.000532632,-0.000532632
1773774456128,0.0869141,-0.215332,0.986328,0,-0.00106526,-0.000532632
1773774456209,0.0883789,-0.215332,0.987793,-0.000532632,-0.0015979,0
1773774456289,0.0883789,-0.21582,0.987793,0.00106526,0,0
1773774456360,0.0869141,-0.217285,0.989746,0.000532632,-0.00106526,0
1773774456440,0.0869141,-0.217285,0.987305,0,-0.000532632,0.000532632
1773774456521,0.0878906,-0.218262,0.988281,-0.000532632,-0.00106526,0
1773774456592,0.0878906,-0.216797,0.98877,0.000532632,-0.000532632,-0.000532632
1773774456672,0.0883789,-0.21582,0.990723,0.000532632,-0.000532632,0
1773774456753,0.0869141,-0.215332,0.987793,-0.000532632,-0.00106526,0
1773774456823,0.0874023,-0.214844,0.990723,-0.000532632,-0.000532632,0
1773774456904,0.0888672,-0.21582,0.98877,0.000532632,-0.00106526,-0.000532632
1773774456984,0.0883789,-0.217285,0.987305,0,-0.000532632,0
1773774457056,0.0888672,-0.216309,0.98877,0.00106526,-0.000532632,-0.000532632
1773774457136,0.090332,-0.216797,0.988281,-0.000532632,-0.000532632,0.00106526
1773774457206,0.0883789,-0.21582,0.990723,-0.000532632,0.000532632,-0.000532632
1773774457287,0.0869141,-0.21582,0.98877,-0.00106526,0,0.000532632
1773774457367,0.0883789,-0.219238,0.989258,0,-0.00106526,0
1773774457438,0.0874023,-0.216797,0.98877,-0.00106526,-0.000532632,0
1773774457518,0.0883789,-0.217285,0.988281,-0.00106526,0,0.000532632
1773774457600,0.0874023,-0.216309,0.986816,0.000532632,-0.000532632,0.000532632
1773774457669,0.0874023,-0.217773,0.987305,0,-0.000532632,0
1773774457750,0.0878906,-0.216797,0.989258,0,-0.00106526,-0.0015979
1773774457830,0.090332,-0.218262,0.987793,0,-0.0015979,0
1773774457901,0.0864258,-0.216797,0.986816,-0.000532632,-0.0015979,0.000532632
1773774457981,0.0883789,-0.214844,0.987793,0,-0.000532632,-0.000532632
1773774458062,0.0878906,-0.217285,0.988281,0,0,0
1773774458132,0.0898438,-0.217285,0.987793,0.00106526,-0.00106526,-0.000532632
1773774458213,0.0878906,-0.214844,0.990234,-0.000532632,-0.00106526,-0.000532632
1773774458284,0.0883789,-0.21582,0.987793,-0.000532632,-0.000532632,0.000532632
1773774458364,0.0888672,-0.21582,0.98584,-0.000532632,-0.00106526,-0.000532632
1773774458445,0.0898438,-0.216797,0.989746,0.000532632,-0.000532632,-0.000532632
1773774458515,0.0883789,-0.216309,0.989258,0.000532632,0,0.000532632
1773774458596,0.0874023,-0.216309,0.990234,-0.000532632,-0.000532632,-0.00106526
1773774458676,0.0869141,-0.217773,0.98877,0,-0.0015979,-0.000532632
1773774458747,0.0878906,-0.216797,0.987793,0,-0.000532632,0
1773774458827,0.0878906,-0.217285,0.988281,-0.000532632,-0.000532632,-0.000532632
1773774458908,0.0854492,-0.217773,0.98877,-0.000532632,-0.0015979,0.000532632
1773774458978,0.0878906,-0.217773,0.987793,-0.000532632,-0.000532632,0.000532632
1773774459059,0.0878906,-0.21582,0.989258,-0.00106526,-0.000532632,0.00106526
1773774459140,0.0883789,-0.216797,0.986816,0,-0.0015979,-0.000532632
1773774459210,0.0883789,-0.21582,0.98877,0,0,-0.00106526
1773774459291,0.0883789,-0.21582,0.989746,0.000532632,0,0.000532632
1773774459371,0.0898438,-0.214355,0.98877,0,0,-0.000532632
1773774459442,0.0878906,-0.216309,0.989258,-0.000532632,0.00106526,0
1773774459523,0.0888672,-0.217773,0.989746,0.000532632,-0.000532632,-0.000532632
1773774459593,0.0874023,-0.215332,0.987305,-0.00106526,-0.000532632,0.000532632
1773774459674,0.0869141,-0.218262,0.989746,0,-0.000532632,-0.000532632
1773774459754,0.0883789,-0.217773,0.98877,0.000532632,-0.000532632,0
1773774459825,0.0869141,-0.217773,0.988281,-0.000532632,-0.00213053,0.000532632
1773774459905,0.0878906,-0.21582,0.989258,0,-0.000532632,-0.000532632
1773774459986,0.0849609,-0.219238,0.98877,0,0,0
1773774460056,0.0874023,-0.219238,0.98877,-0.000532632,-0.000532632,0
1773774460137,0.0854492,-0.216797,0.990234,-0.00106526,-0.000532632,-0.000532632
1773774460217,0.0898438,-0.214844,0.987305,0.000532632,-0.000532632,-0.00106526
1773774460288,0.0864258,-0.21582,0.990234,-0.000532632,-0.000532632,0
1773774460369,0.0869141,-0.216309,0.988281,0,-0.000532632,-0.000532632
1773774460439,0.0878906,-0.216309,0.988281,0.000532632,0,0
1773774460520,0.0888672,-0.217773,0.989746,-0.000532632,-0.000532632,0.000532632
1773774460601,0.0883789,-0.216797,0.989746,0,-0.00106526,0.000532632
1773774460671,0.0859375,-0.216797,0.988281,0.000532632,-0.00106526,0
1773774460752,0.0864258,-0.218262,0.989258,-0.000532632,-0.00106526,0
1773774460832,0.0869141,-0.217773,0.987305,0,-0.00106526,0.000532632
1773774460903,0.0874023,-0.216797,0.988281,-0.000532632,0,0
1773774460983,0.0883789,-0.216309,0.989258,-0.000532632,-0.00106526,-0.00106526
1773774461064,0.0874023,-0.217285,0.98877,0,-0.000532632,0.00106526
1773774461135,0.0869141,-0.216309,0.988281,-0.000532632,-0.000532632,0.000532632
1773774461215,0.0883789,-0.216309,0.989258,-0.00106526,-0.0015979,-0.000532632
1773774461296,0.0869141,-0.216797,0.986816,0,-0.0015979,0
1773774461367,0.0869141,-0.217773,0.98877,-0.000532632,-0.00106526,-0.000532632
1773774461447,0.0874023,-0.218262,0.989746,0.000532632,-0.00106526,0
1773774461517,0.0893555,-0.217285,0.98877,-0.000532632,-0.0015979,0
1773774461598,0.0874023,-0.219727,0.987793,0.000532632,-0.000532632,-0.000532632
1773774461679,0.0898438,-0.21582,0.987305,-0.000532632,-0.00106526,0
1773774461749,0.0864258,-0.21875,0.989258,0,-0.00106526,0.000532632
1773774461830,0.0888672,-0.218262,0.98877,0,0,-0.000532632
1773774461910,0.0883789,-0.218262,0.98584,-0.000532632,-0.00106526,-0.000532632
1773774461981,0.0859375,-0.216309,0.98877,-0.000532632,-0.000532632,-0.000532632
1773774462061,0.0874023,-0.21875,0.988281,0,-0.000532632,0
1773774462142,0.0888672,-0.217773,0.990234,0.000532632,-0.00106526,0
1773774462212,0.0874023,-0.216797,0.988281,0.000532632,-0.0015979,0
1773774462293,0.0888672,-0.21875,0.986816,0,-0.00106526,-0.000532632
1773774462374,0.0854492,-0.217285,0.987793,0,-0.000532632,0.000532632
1773774462444,0.0864258,-0.217773,0.98877,0.000532632,-0.000532632,0.000532632
1773774462525,0.0869141,-0.218262,0.987793,-0.000532632,-0.00106526,0
1773774462605,0.0883789,-0.219238,0.98584,-0.000532632,-0.00106526,-0.000532632
1773774462676,0.0864258,-0.216309,0.98877,0.000532632,-0.00106526,0
1773774462756,0.0883789,-0.21875,0.98877,-0.000532632,0,-0.000532632
1773774462827,0.0869141,-0.21582,0.98877,0.000532632,-0.00213053,0
1773774462907,0.0854492,-0.217285,0.987305,-0.000532632,0,-0.000532632
1773774462988,0.0888672,-0.216309,0.98877,0,-0.000532632,0
1773774463059,0.0854492,-0.217773,0.987793,0.000532632,-0.000532632,0
1773774463139,0.0898438,-0.217285,0.986328,0,-0.000532632,0
1773774463220,0.0888672,-0.218262,0.990234,0.000532632,-0.00106526,-0.000532632
1773774463291,0.0869141,-0.216797,0.986816,-0.000532632,-0.00106526,0.000532632
1773774463371,0.0883789,-0.218262,0.990234,0,-0.000532632,-0.0015979
1773774463452,0.0859375,-0.216309,0.987305,0,-0.0015979,0
1773774463522,0.0898438,-0.218262,0.990723,0,-0.00106526,-0.000532632
1773774463603,0.0893555,-0.217285,0.987793,-0.000532632,-0.000532632,0.000532632
1773774463683,0.0864258,-0.218262,0.98877,0,-0.000532632,0.000532632
1773774463754,0.0874023,-0.216797,0.988281,0.000532632,-0.00106526,0
1773774463834,0.0883789,-0.21875,0.987793,-0.000532632,-0.00106526,0.00106526
1773774463905,0.0864258,-0.216797,0.987793,-0.000532632,-0.000532632,0
1773774463985,0.0864258,-0.217285,0.987793,-0.000532632,-0.00106526,0.0015979
1773774464066,0.0869141,-0.216797,0.98877,-0.000532632,0,0
1773774464137,0.0883789,-0.21875,0.98877,-0.000532632,0,-0.000532632
1773774464217,0.0874023,-0.218262,0.988281,-0.000532632,0,-0.000532632
1773774464297,0.0869141,-0.218262,0.986816,-0.000532632,-0.0015979,0
1773774464368,0.0859375,-0.219238,0.988281,0.000532632,-0.000532632,-0.000532632
1773774464449,0.0874023,-0.216797,0.98877,0,-0.00106526,-0.000532632
1773774464530,0.0864258,-0.21875,0.988281,-0.00106526,-0.00106526,-0.00106526
1773774464600,0.0888672,-0.216309,0.98877,-0.000532632,-0.00106526,-0.000532632
1773774464681,0.0874023,-0.216797,0.987305,-0.000532632,-0.000532632,0.000532632
1773774464761,0.0869141,-0.217285,0.986816,-0.000532632,-0.000532632,-0.000532632
1773774464832,0.0883789,-0.217773,0.987305,0,0,0
1773774464912,0.0888672,-0.214355,0.987793,0,-0.00106526,-0.000532632
1773774464983,0.0864258,-0.217773,0.989258,0,-0.0015979,-0.000532632
1773774465065,0.0874023,-0.217773,0.988281,0.000532632,-0.00106526,0.000532632
1773774465144,0.0878906,-0.218262,0.986816,-0.000532632,-0.000532632,0.000532632
1773774465214,0.0888672,-0.217285,0.987793,0,0,-0.000532632
1773774465295,0.0883789,-0.217285,0.98877,-0.0015979,-0.00106526,-0.000532632
1773774465375,0.0869141,-0.216797,0.985352,0,-0.000532632,-0.000532632
1773774465447,0.0883789,-0.216309,0.989746,0.00106526,-0.000532632,-0.000532632
1773774465528,0.0908203,-0.215332,0.987793,0.000532632,-0.00106526,0
1773774465608,0.0874023,-0.217285,0.989746,-0.000532632,-0.000532632,0
1773774465679,0.0898438,-0.217773,0.989258,0.00106526,0,0
1773774465760,0.0869141,-0.218262,0.986816,0,0,0.00106526
1773774465830,0.0888672,-0.217773,0.98877,0.000532632,-0.000532632,-0.000532632
1773774465910,0.0878906,-0.214844,0.990234,-0.000532632,-0.00106526,0
1773774465991,0.0898438,-0.21582,0.98877,-0.000532632,-0.000532632,0
1773774466062,0.0878906,-0.217773,0.98877,0,-0.00106526,0.000532632
1773774466142,0.0893555,-0.216309,0.988281,-0.000532632,0,-0.00106526
1773774466223,0.0874023,-0.217285,0.987793,0,0,0.000532632
1773774466293,0.0883789,-0.217773,0.98877,0,0,-0.00106526
1773774466374,0.0869141,-0.216797,0.988281,0.000532632,-0.000532632,0
1773774466454,0.0883789,-0.217773,0.988281,0.000532632,0,0.000532632
1773774466525,0.0874023,-0.21582,0.989258,0,-0.000532632,0
1773774466605,0.0869141,-0.216797,0.987305,0,-0.000532632,0
1773774466686,0.0908203,-0.217285,0.989746,0,-0.000532632,0
1773774466756,0.0898438,-0.216309,0.987793,0,-0.00106526,0
1773774466837,0.0883789,-0.218262,0.988281,-0.000532632,0.000532632,0
1773774466917,0.0878906,-0.21582,0.988281,0,-0.000532632,0
1773774466989,0.0883789,-0.216797,0.986816,0,-0.0015979,0.000532632
1773774467068,0.0878906,-0.216309,0.986328,0.000532632,0,0
1773774467139,0.0854492,-0.21875,0.987793,0.00106526,-0.00106526,0
1773774467219,0.0878906,-0.215332,0.988281,-0.00106526,-0.00213053,-0.000532632
1773774467300,0.0874023,-0.216797,0.990234,0.00106526,-0.00106526,-0.000532632
1773774467370,0.0883789,-0.217773,0.990234,-0.000532632,-0.00106526,0.000532632
1773774467451,0.0849609,-0.215332,0.988281,-0.000532632,-0.000532632,0.000532632
1773774467532,0.090332,-0.21582,0.989258,0,0,-0.000532632
1773774467602,0.0888672,-0.218262,0.988281,0,-0.000532632,0.00106526
1773774467683,0.0878906,-0.216309,0.98877,-0.000532632,-0.00106526,0.000532632
1773774467763,0.0874023,-0.218262,0.987793,0.000532632,-0.000532632,-0.00106526
1773774467834,0.0893555,-0.21582,0.989258,0.000532632,-0.00106526,-0.000532632
1773774467916,0.0888672,-0.217285,0.988281,-0.000532632,-0.000532632,0
1773774467995,0.0888672,-0.21582,0.988281,0,-0.000532632,0.000532632
1773774468065,0.0893555,-0.219238,0.987793,0.000532632,-0.00106526,0
1773774468146,0.0878906,-0.217285,0.988281,0.00106526,-0.0015979,0.000532632
1773774468226,0.0898438,-0.217773,0.987793,0.000532632,-0.000532632,-0.000532632
1773774468297,0.0888672,-0.219727,0.987305,0,0,0.000532632
1773774468377,0.0883789,-0.217773,0.989746,-0.000532632,-0.000532632,0
1773774468448,0.0908203,-0.21582,0.989258,0,0,-0.000532632
1773774468529,0.0888672,-0.217285,0.990234,-0.000532632,-0.0015979,-0.000532632
1773774468609,0.0864258,-0.215332,0.990723,0,-0.000532632,0.000532632
1773774468680,0.0874023,-0.21582,0.989258,-0.000532632,0,0.000532632
1773774468760,0.0869141,-0.217773,0.990234,-0.00106526,-0.000532632,0.000532632
1773774468841,0.0878906,-0.216797,0.987305,0.000532632,-0.00106526,0.00106526
1773774468911,0.0893555,-0.216309,0.987793,0,-0.00106526,0.000532632
1773774468992,0.0874023,-0.218262,0.98877,0,-0.00106526,0
1773774469073,0.0878906,-0.217285,0.987793,0.000532632,-0.000532632,0
1773774469143,0.0859375,-0.218262,0.987305,0.000532632,-0.000532632,-0.00106526
1773774469224,0.0883789,-0.215332,0.98584,0,-0.0015979,-0.00106526
1773774469304,0.0864258,-0.217285,0.98877,-0.00106526,0,0.000532632
1773774469375,0.0878906,-0.216797,0.987305,-0.000532632,-0.0015979,-0.000532632
1773774469455,0.0883789,-0.219727,0.987793,0,0,-0.0015979
1773774469526,0.0864258,-0.21582,0.987305,0.00106526,-0.00106526,0.000532632
1773774469606,0.0854492,-0.21875,0.98877,0,-0.00106526,0
1773774469687,0.0878906,-0.218262,0.989746,-0.00106526,-0.000532632,0
1773774469757,0.0874023,-0.216797,0.986816,-0.000532632,-0.000532632,0
1773774469838,0.0864258,-0.218262,0.987793,0,-0.00106526,0
1773774469919,0.0874023,-0.217285,0.987305,-0.0015979,-0.000532632,0
1773774469989,0.0878906,-0.216309,0.989258,0,-0.00106526,0.00106526
1773774470070,0.0878906,-0.216309,0.98877,-0.00106526,-0.00106526,0
1773774470150,0.0869141,-0.21875,0.98877,-0.00106526,-0.00106526,0
1773774470221,0.0888672,-0.217773,0.990234,0.000532632,-0.00106526,-0.000532632
1773774470301,0.0878906,-0.218262,0.988281,0.00106526,0,-0.00106526
1773774470382,0.0874023,-0.216309,0.987793,-0.000532632,-0.00106526,0
1773774470452,0.0878906,-0.216797,0.987793,0,-0.000532632,-0.00106526
1773774470533,0.0874023,-0.217773,0.986816,0.000532632,-0.0015979,-0.00106526
1773774470613,0.0874023,-0.216797,0.987793,0,-0.000532632,-0.000532632
1773774470684,0.0898438,-0.216797,0.988281,0,-0.000532632,0
1773774470764,0.0888672,-0.21875,0.988281,-0.000532632,-0.000532632,-0.00106526
1773774470835,0.0874023,-0.21875,0.98877,-0.00106526,-0.00106526,-0.000532632
1773774470916,0.0888672,-0.216309,0.989746,0,0,-0.0015979
1773774470996,0.0864258,-0.216797,0.987793,-0.0015979,-0.00106526,0
1773774471067,0.0883789,-0.217773,0.98877,-0.000532632,-0.000532632,0.000532632
1773774471147,0.0878906,-0.217773,0.987793,0,0,-0.000532632
1773774471228,0.0874023,-0.21875,0.988281,-0.000532632,-0.000532632,0.000532632
1773774471299,0.0888672,-0.218262,0.986328,-0.000532632,-0.000532632,0
1773774471379,0.0878906,-0.217773,0.989258,0,0,0.000532632
1773774471460,0.0878906,-0.217773,0.989258,0.000532632,-0.00106526,0.00106526
1773774471530,0.0883789,-0.216309,0.987305,-0.00106526,-0.00106526,0.00106526
1773774471611,0.0874023,-0.216797,0.989258,-0.000532632,-0.000532632,0
1773774471691,0.0883789,-0.21875,0.987305,0,-0.00106526,0
1773774471762,0.0854492,-0.216797,0.990723,-0.000532632,0,-0.000532632
1773774471842,0.0898438,-0.216797,0.98877,0,0,0
1773774471913,0.0883789,-0.216797,0.987793,-0.000532632,-0.00106526,-0.000532632
1773774471993,0.0878906,-0.21582,0.988281,0,-0.000532632,-0.00106526
1773774472074,0.0883789,-0.217285,0.990234,0,-0.000532632,0.000532632
1773774472144,0.0874023,-0.215332,0.988281,-0.000532632,-0.000532632,-0.00106526
1773774472225,0.0859375,-0.216797,0.990234,-0.000532632,-0.000532632,0
1773774472305,0.0878906,-0.217773,0.98877,0.000532632,-0.00106526,0.00106526
1773774472376,0.0864258,-0.217285,0.989746,0.000532632,0,0
1773774472457,0.0869141,-0.216309,0.990723,-0.000532632,-0.00106526,-0.000532632
1773774472537,0.0893555,-0.218262,0.98877,0.000532632,-0.00106526,0
1773774472608,0.0888672,-0.217773,0.987793,0.000532632,-0.000532632,-0.000532632
1773774472688,0.0893555,-0.216309,0.987793,-0.00106526,-0.00106526,0.000532632
1773774472769,0.0888672,-0.217285,0.989746,-0.00106526,-0.0015979,-0.000532632
1773774472839,0.0883789,-0.217285,0.989258,-0.00106526,-0.000532632,-0.000532632
1773774472920,0.0888672,-0.215332,0.988281,-0.0015979,-0.000532632,-0.000532632
1773774473000,0.0888672,-0.216797,0.988281,0,-0.000532632,0
1773774473071,0.0888672,-0.217773,0.989258,-0.000532632,-0.000532632,0
1773774473151,0.0888672,-0.216309,0.986816,-0.000532632,-0.000532632,-0.000532632
1773774473222,0.0869141,-0.215332,0.988281,0.000532632,-0.00106526,0
1773774473302,0.0893555,-0.219238,0.987305,-0.00106526,0,-0.000532632
1773774473383,0.0883789,-0.216797,0.988281,0,0,-0.000532632
1773774473453,0.0878906,-0.214355,0.988281,-0.000532632,-0.000532632,0
1773774473534,0.0878906,-0.214355,0.987793,0,-0.00106526,0.000532632
1773774473614,0.0864258,-0.217285,0.989258,0.000532632,0,0
1773774473685,0.0883789,-0.219727,0.98877,0,-0.00106526,-0.00106526
1773774473765,0.0898438,-0.217285,0.987793,-0.000532632,-0.00106526,0
1773774473846,0.0913086,-0.218262,0.98877,0,-0.00106526,-0.000532632
1773774473916,0.0859375,-0.218262,0.987793,-0.000532632,-0.000532632,0
1773774473997,0.0883789,-0.215332,0.988281,0,-0.000532632,0
1773774474077,0.0878906,-0.216797,0.987305,0,-0.00106526,-0.000532632
1773774474148,0.0864258,-0.21582,0.988281,-0.000532632,-0.00106526,0.000532632
1773774474229,0.0878906,-0.217285,0.987305,0.000532632,-0.00106526,-0.000532632
1773774474309,0.0888672,-0.216309,0.98877,0,-0.000532632,-0.000532632
1773774474380,0.0859375,-0.21875,0.988281,-0.000532632,-0.00213053,0
1773774474460,0.0869141,-0.218262,0.990723,0.000532632,-0.00106526,-0.000532632
1773774474531,0.0883789,-0.216797,0.987305,-0.00106526,0,0.000532632
1773774474611,0.0883789,-0.217285,0.988281,0.00106526,-0.00106526,0
1773774474692,0.0878906,-0.216797,0.987793,0.000532632,0,0
1773774474762,0.0878906,-0.216309,0.988281,0,-0.0015979,-0.000532632
1773774474843,0.0874023,-0.217773,0.989258,-0.0015979,-0.00106526,-0.000532632
1773774474924,0.0874023,-0.218262,0.988281,0,-0.000532632,-0.00106526
1773774474994,0.0883789,-0.217773,0.989258,-0.00106526,-0.00106526,0
1773774475074,0.0888672,-0.216309,0.989258,0,-0.0015979,0
1773774475155,0.0869141,-0.216797,0.988281,0.000532632,0.000532632,0
1773774475225,0.0878906,-0.217773,0.98584,0,-0.00106526,-0.000532632
1773774475306,0.0878906,-0.216309,0.988281,0,-0.00106526,0
1773774475387,0.0878906,-0.217285,0.987305,0,-0.00106526,0.000532632
1773774475457,0.0883789,-0.217773,0.98877,0,-0.000532632,0.000532632
1773774475538,0.0878906,-0.217285,0.987793,-0.00106526,-0.000532632,0.000532632
1773774475618,0.0859375,-0.216797,0.989258,-0.000532632,-0.00106526,-0.000532632
1773774475689,0.0893555,-0.218262,0.987305,0.00106526,-0.000532632,-0.000532632
1773774475769,0.0898438,-0.214844,0.988281,-0.00106526,0,0
1773774475840,0.0883789,-0.219238,0.987793,0,-0.000532632,0
1773774475920,0.0888672,-0.21875,0.987305,-0.00106526,-0.0015979,0
1773774476001,0.0883789,-0.215332,0.987793,0.000532632,0,0.00106526
1773774476072,0.0869141,-0.214844,0.986816,0,-0.000532632,0.000532632
1773774476152,0.0908203,-0.216797,0.988281,0,-0.000532632,-0.000532632
1773774476233,0.0888672,-0.217773,0.989746,0,-0.0015979,0
1773774476303,0.090332,-0.217773,0.988281,0,-0.00106526,0
1773774476384,0.0874023,-0.218262,0.989258,0,-0.00106526,-0.000532632
1773774476464,0.0869141,-0.21875,0.986328,0,-0.0015979,0
1773774476535,0.0874023,-0.216797,0.986816,-0.000532632,-0.0015979,0
1773774476615,0.0869141,-0.21875,0.987793,0,-0.00106526,0
1773774476696,0.0878906,-0.218262,0.987793,0,-0.000532632,0
1773774476766,0.0893555,-0.217773,0.987793,0,-0.0015979,0.00106526
1773774476848,0.0898438,-0.216309,0.987793,0,0.000532632,-0.000532632
1773774476928,0.0888672,-0.217773,0.989746,0.000532632,-0.0015979,0
1773774476998,0.0859375,-0.217285,0.986816,-0.000532632,-0.000532632,0.000532632
1773774477079,0.0888672,-0.216797,0.986328,-0.000532632,-0.000532632,0
1773774477149,0.0869141,-0.217285,0.988281,-0.00106526,-0.0015979,-0.000532632
1773774477230,0.0888672,-0.218262,0.986816,0,-0.00106526,0.00106526
1773774477310,0.0874023,-0.216309,0.989258,-0.000532632,-0.000532632,0
1773774477381,0.0869141,-0.218262,0.98877,-0.000532632,-0.0015979,0
1773774477461,0.0878906,-0.217285,0.988281,0,-0.000532632,0.000532632
1773774477542,0.0913086,-0.217285,0.987793,-0.00106526,0,0
1773774477612,0.0898438,-0.216797,0.988281,-0.000532632,0,0.00106526
1773774477693,0.0874023,-0.217285,0.987793,0,-0.00106526,-0.000532632
1773774477773,0.0874023,-0.217285,0.98877,0,-0.000532632,-0.000532632
1773774477844,0.0878906,-0.216309,0.987793,0,0,-0.000532632
1773774477924,0.0874023,-0.216797,0.989746,-0.000532632,0,0
1773774478005,0.0869141,-0.216797,0.98877,0,-0.0015979,0.000532632
1773774478075,0.0878906,-0.215332,0.98877,0,0,0
1773774478156,0.0888672,-0.219238,0.986816,0.000532632,-0.000532632,-0.000532632
1773774478236,0.0893555,-0.216309,0.987793,0,0,0
1773774478307,0.0883789,-0.216309,0.989258,0.000532632,-0.000532632,-0.000532632
1773774478387,0.0878906,-0.216309,0.987793,0,0,-0.000532632
1773774478458,0.0878906,-0.21582,0.990234,-0.00106526,0,0
1773774478538,0.0874023,-0.216309,0.98877,-0.000532632,0,-0.0015979
1773774478619,0.0874023,-0.217285,0.98877,-0.000532632,-0.000532632,0.000532632
1773774478689,0.0893555,-0.216797,0.987305,0,-0.000532632,0
1773774478770,0.0869141,-0.217285,0.990234,0.000532632,0,0
1773774478851,0.0888672,-0.217773,0.990234,0.000532632,-0.00106526,-0.000532632
1773774478921,0.0864258,-0.216797,0.988281,0,-0.00106526,0.00106526
1773774479002,0.0883789,-0.216309,0.98877,-0.000532632,-0.00106526,-0.000532632
1773774479082,0.0874023,-0.217773,0.989258,-0.000532632,-0.000532632,0.00106526
1773774479153,0.0869141,-0.216309,0.989746,-0.000532632,-0.000532632,-0.000532632
1773774479233,0.0883789,-0.217285,0.991699,-0.000532632,-0.000532632,0
1773774479314,0.0893555,-0.219238,0.986816,0,-0.00106526,-0.000532632
1773774479384,0.0878906,-0.21582,0.98584,0.00106526,0,0.000532632
1773774479465,0.0874023,-0.218262,0.989746,0,-0.00106526,0
1773774479546,0.0883789,-0.217285,0.989746,0.000532632,0,-0.00106526
1773774479617,0.0859375,-0.215332,0.987793,-0.000532632,-0.00106526,-0.00106526
1773774479697,0.0864258,-0.217773,0.987793,0,-0.000532632,-0.00106526
1773774479767,0.0878906,-0.216309,0.989258,0,-0.00106526,-0.000532632
1773774479848,0.0883789,-0.218262,0.989746,0,-0.00106526,0
1773774479928,0.0869141,-0.21582,0.986816,0,-0.000532632,-0.00106526
1773774479999,0.0888672,-0.216309,0.987793,0,0,-0.00106526
1773774480079,0.0869141,-0.216797,0.987793,0,0,-0.00106526
1773774480160,0.0869141,-0.217285,0.98877,-0.00106526,-0.0015979,0
1773774480230,0.0888672,-0.216309,0.986328,-0.000532632,-0.000532632,0.000532632
1773774480311,0.0878906,-0.21582,0.988281,0,0.000532632,0
1773774480391,0.0874023,-0.217773,0.989258,-0.00106526,-0.0015979,0
1773774480462,0.0869141,-0.216797,0.986816,0,-0.000532632,0.000532632
1773774480543,0.0883789,-0.217285,0.988281,0,0,-0.00106526
1773774480623,0.0883789,-0.216797,0.987793,-0.000532632,0,0
1773774480693,0.0893555,-0.216797,0.987305,0,-0.00106526,-0.000532632
1773774480774,0.0874023,-0.216797,0.989746,0,-0.0015979,-0.000532632
1773774480844,0.090332,-0.21582,0.987793,0,0,0
1773774480925,0.0893555,-0.217285,0.989746,0,-0.000532632,-0.000532632
1773774481005,0.0878906,-0.215332,0.989258,-0.000532632,-0.000532632,-0.00106526
1773774481076,0.0878906,-0.217285,0.988281,0,-0.000532632,0
1773774481156,0.0864258,-0.21875,0.989746,-0.000532632,-0.0015979,-0.000532632
1773774481237,0.0888672,-0.216797,0.988281,-0.000532632,-0.00106526,-0.00106526
1773774481308,0.0883789,-0.217285,0.988281,0,0,-0.000532632
1773774481388,0.0883789,-0.217773,0.990723,-0.000532632,-0.000532632,-0.000532632
1773774481469,0.0883789,-0.216309,0.989746,0,-0.00106526,-0.00106526
1773774481539,0.0888672,-0.217773,0.98877,-0.000532632,0,0
1773774481620,0.0878906,-0.217285,0.987793,-0.000532632,-0.0015979,0
1773774481700,0.0883789,-0.216309,0.989258,0,-0.0015979,0
1773774481771,0.0878906,-0.216797,0.988281,-0.000532632,-0.000532632,0.000532632
1773774481851,0.0893555,-0.216797,0.988281,0,-0.000532632,0
1773774481932,0.0883789,-0.217773,0.987793,-0.000532632,-0.000532632,0
1773774482002,0.0878906,-0.218262,0.989746,0,-0.000532632,0
1773774482083,0.0888672,-0.216797,0.989746,0.000532632,-0.000532632,0.000532632
1773774482163,0.0883789,-0.217773,0.986816,0,-0.000532632,-0.000532632
1773774482234,0.0898438,-0.21875,0.98877,-0.000532632,-0.000532632,0.000532632
1773774482314,0.0883789,-0.215332,0.987793,0,-0.00106526,-0.000532632
1773774482385,0.0859375,-0.216797,0.98877,-0.000532632,-0.000532632,0
1773774482466,0.0883789,-0.216797,0.98877,-0.000532632,-0.00106526,-0.00106526
1773774482546,0.0878906,-0.216797,0.987793,0.000532632,-0.000532632,0.000532632
1773774482617,0.0859375,-0.217773,0.989258,0.00106526,-0.00106526,0
1773774482697,0.0864258,-0.216797,0.988281,0,-0.0015979,0.000532632
1773774482778,0.0874023,-0.218262,0.987305,-0.000532632,-0.00106526,0.000532632
1773774482848,0.0888672,-0.217773,0.988281,-0.000532632,0.000532632,-0.0015979
1773774482929,0.0874023,-0.21582,0.987793,-0.00106526,-0.00106526,-0.000532632
1773774483009,0.0883789,-0.217285,0.986816,0.000532632,0,-0.000532632
1773774483080,0.0883789,-0.216309,0.987793,-0.000532632,-0.000532632,-0.00106526
1773774483160,0.0869141,-0.217285,0.989258,-0.000532632,-0.00106526,0
1773774483241,0.0878906,-0.217285,0.98877,-0.000532632,0,-0.00106526
1773774483311,0.0878906,-0.217285,0.987793,-0.000532632,-0.000532632,-0.00106526
1773774483392,0.0874023,-0.216309,0.990723,0,-0.00106526,0
1773774483473,0.0898438,-0.216797,0.98877,0,0,0
1773774483543,0.0898438,-0.219238,0.989258,-0.000532632,-0.000532632,0.000532632
1773774483623,0.0878906,-0.216309,0.98877,0,-0.00106526,0
1773774483694,0.0893555,-0.217285,0.988281,0.000532632,-0.000532632,0.000532632
1773774483775,0.0883789,-0.216797,0.988281,0,0,0.000532632
1773774483855,0.0888672,-0.217773,0.987793,0,-0.000532632,-0.000532632
1773774483925,0.0893555,-0.217773,0.988281,-0.000532632,-0.0015979,-0.000532632
1773774484006,0.0883789,-0.217773,0.988281,0,-0.0015979,-0.000532632
1773774484087,0.0888672,-0.216309,0.988281,-0.000532632,-0.000532632,0.000532632
1773774484157,0.0878906,-0.217285,0.987793,0,-0.0015979,0
1773774484238,0.0888672,-0.217285,0.986816,0,-0.00106526,0
1773774484318,0.0874023,-0.218262,0.986816,-0.000532632,-0.000532632,-0.000532632
1773774484389,0.0854492,-0.218262,0.986816,0,-0.00106526,0.000532632
1773774484469,0.0874023,-0.217285,0.987305,0.000532632,0.000532632,-0.000532632
1773774484550,0.0883789,-0.216797,0.987793,-0.000532632,0.000532632,-0.000532632
1773774484620,0.0859375,-0.217285,0.986328,0,-0.000532632,-0.00106526
1773774484701,0.0878906,-0.217285,0.986816,0.000532632,-0.000532632,-0.000532632
1773774484781,0.0893555,-0.216309,0.985352,-0.00106526,-0.00106526,0
1773774484852,0.0869141,-0.217773,0.986328,-0.000532632,-0.0015979,0.00106526
1773774484933,0.0898438,-0.21582,0.986816,0,-0.000532632,0
1773774485013,0.0883789,-0.215332,0.98584,0,-0.000532632,0
1773774485083,0.0874023,-0.21582,0.988281,-0.000532632,0.000532632,-0.00106526
1773774485164,0.0874023,-0.216797,0.98877,-0.000532632,0,-0.00106526
1773774485244,0.0864258,-0.216309,0.988281,-0.000532632,-0.000532632,0.000532632
1773774485315,0.0864258,-0.216309,0.988281,0.000532632,-0.00106526,-0.000532632
1773774485395,0.0883789,-0.216797,0.987793,0,-0.000532632,0.000532632
1773774485466,0.0874023,-0.216797,0.989258,-0.000532632,0,0.000532632
1773774485546,0.0864258,-0.217285,0.987305,0,-0.000532632,0.000532632
1773774485627,0.0874023,-0.217285,0.988281,0.000532632,-0.00106526,-0.000532632
1773774485698,0.0878906,-0.218262,0.987305,0,-0.000532632,0
1773774485778,0.0878906,-0.216309,0.987305,0.000532632,-0.00106526,-0.00106526
1773774485859,0.0874023,-0.216797,0.987793,0.00106526,-0.000532632,-0.000532632
1773774485930,0.0878906,-0.217773,0.988281,0,-0.00106526,-0.000532632
1773774486010,0.0888672,-0.217285,0.98877,0,-0.000532632,0.000532632
1773774486091,0.090332,-0.21875,0.98877,0,0.000532632,0.00106526
1773774486161,0.0878906,-0.219727,0.98877,0.000532632,-0.000532632,0.000532632
1773774486242,0.0854492,-0.215332,0.98877,-0.000532632,0,-0.000532632
1773774486322,0.0869141,-0.21582,0.98877,0,-0.000532632,0.000532632
1773774486393,0.0878906,-0.216797,0.987793,0.000532632,-0.000532632,0.000532632
1773774486473,0.0869141,-0.217773,0.986816,0,0,-0.000532632
1773774486554,0.0883789,-0.219727,0.98877,0.0015979,0.000532632,0
1773774486624,0.0888672,-0.217285,0.98877,0.000532632,-0.00106526,-0.000532632
1773774486705,0.0883789,-0.214355,0.988281,0,0,0.000532632
1773774486775,0.0888672,-0.21582,0.98877,0,-0.000532632,-0.00106526
1773774486856,0.0878906,-0.21582,0.98877,-0.000532632,0,0
1773774486936,0.0874023,-0.216797,0.988281,0.000532632,-0.000532632,-0.000532632
1773774487007,0.0864258,-0.21582,0.989258,-0.000532632,-0.00106526,-0.000532632
1773774487089,0.0888672,-0.21582,0.986816,-0.000532632,-0.000532632,0.000532632
1773774487168,0.0874023,-0.216797,0.988281,0,-0.0015979,0
1773774487238,0.0888672,-0.21582,0.989746,-0.000532632,0,0
1773774487319,0.0908203,-0.21875,0.987793,0,-0.000532632,-0.000532632
1773774487400,0.0874023,-0.218262,0.987793,0.000532632,-0.000532632,0.000532632
1773774487470,0.0878906,-0.215332,0.986816,-0.000532632,-0.000532632,-0.000532632
1773774487551,0.0864258,-0.217773,0.989258,-0.000532632,0.000532632,-0.000532632
1773774487631,0.0869141,-0.217773,0.988281,-0.000532632,-0.000532632,0.000532632
1773774487702,0.0878906,-0.217773,0.988281,0,-0.00106526,0.000532632
1773774487782,0.0893555,-0.216309,0.989258,0.000532632,0,-0.000532632
1773774487853,0.0874023,-0.216309,0.989746,-0.000532632,-0.000532632,-0.0015979
1773774487933,0.0883789,-0.214844,0.989258,0,0.000532632,0
1773774488014,0.0874023,-0.217773,0.986816,0,-0.000532632,0.0015979
1773774488084,0.0878906,-0.217773,0.989746,-0.000532632,-0.00106526,0.000532632
1773774488165,0.0893555,-0.216797,0.988281,-0.000532632,0.000532632,-0.000532632
1773774488246,0.0893555,-0.217773,0.989258,0.000532632,0,-0.00106526
1773774488316,0.0874023,-0.216309,0.98877,0,-0.00213053,-0.000532632
1773774488397,0.0878906,-0.216309,0.988281,-0.00106526,-0.00106526,-0.000532632
1773774488477,0.0893555,-0.217773,0.990234,-0.000532632,0.000532632,0
1773774488548,0.0883789,-0.217285,0.986816,0,-0.000532632,0.000532632
1773774488628,0.0883789,-0.217773,0.987305,0,-0.000532632,0.000532632
1773774488709,0.0883789,-0.217773,0.988281,-0.000532632,0.000532632,-0.000532632
1773774488779,0.0883789,-0.216309,0.98877,0.000532632,-0.00106526,0.000532632
1773774488860,0.0883789,-0.21875,0.988281,0.000532632,-0.00213053,0
1773774488941,0.0883789,-0.216797,0.987793,-0.000532632,-0.00106526,-0.00106526
1773774489011,0.0883789,-0.216309,0.989258,-0.00106526,-0.00106526,-0.00106526
1773774489092,0.0883789,-0.21582,0.990723,0,0.000532632,0.00106526
1773774489162,0.090332,-0.216797,0.989746,-0.00106526,-0.00213053,0
1773774489243,0.0883789,-0.216309,0.98877,-0.000532632,-0.00106526,-0.000532632
1773774489323,0.0869141,-0.216309,0.988281,-0.00106526,-0.000532632,0
1773774489394,0.0869141,-0.217285,0.988281,0,0,0.000532632
1773774489474,0.0888672,-0.216309,0.988281,0,-0.00106526,0.00106526
1773774489555,0.0869141,-0.217773,0.989746,0,-0.000532632,-0.000532632
1773774489625,0.0883789,-0.217773,0.989258,0.000532632,-0.00106526,0.000532632
1773774489706,0.0883789,-0.217773,0.989258,-0.000532632,0,0
1773774489787,0.0883789,-0.217773,0.988281,0.000532632,-0.000532632,-0.00106526
1773774489857,0.0874023,-0.217773,0.989258,-0.000532632,-0.0015979,0
1773774489937,0.0898438,-0.214844,0.98877,-0.000532632,-0.00106526,0
1773774490018,0.0893555,-0.217285,0.988281,0,-0.000532632,0
1773774490089,0.0888672,-0.216309,0.98877,-0.000532632,-0.00106526,0
1773774490169,0.0878906,-0.215332,0.98877,-0.000532632,-0.000532632,0
1773774490240,0.0888672,-0.218262,0.989746,-0.000532632,-0.00106526,0
1773774490320,0.0883789,-0.217285,0.98877,0.000532632,-0.000532632,-0.000532632
1773774490401,0.0874023,-0.216797,0.988281,-0.000532632,-0.00106526,0.000532632
1773774490471,0.0888672,-0.217773,0.989258,0,-0.00106526,-0.000532632
1773774490552,0.0893555,-0.216797,0.988281,-0.000532632,-0.000532632,0.00106526
1773774490632,0.090332,-0.214844,0.987305,0,-0.000532632,-0.000532632
1773774490703,0.0878906,-0.21875,0.989746,0,-0.0015979,-0.000532632
1773774490784,0.0893555,-0.217285,0.989258,0.000532632,0,0.000532632
1773774490864,0.0898438,-0.216797,0.990234,0,-0.000532632,0.000532632
1773774490935,0.0874023,-0.216309,0.989746,-0.000532632,-0.000532632,-0.000532632
1773774491015,0.0883789,-0.216797,0.989258,0.00106526,-0.00106526,-0.00106526
1773774491096,0.0883789,-0.217285,0.987305,0,0,0
1773774491166,0.0893555,-0.217285,0.988281,0,-0.00106526,0
1773774491247,0.0869141,-0.21582,0.986816,0.000532632,-0.000532632,0
1773774491318,0.0878906,-0.21875,0.988281,0.000532632,-0.000532632,0.00106526
1773774491398,0.0883789,-0.218262,0.987305,0,-0.000532632,0
1773774491479,0.0874023,-0.21582,0.987305,0.000532632,-0.00106526,0.000532632
1773774491550,0.0878906,-0.217773,0.989258,0,-0.0015979,-0.000532632
1773774491630,0.0883789,-0.21582,0.987305,-0.00106526,-0.0015979,-0.00106526
1773774491711,0.0883789,-0.217773,0.988281,-0.00106526,-0.000532632,-0.00106526
1773774491781,0.0888672,-0.219238,0.98877,-0.00106526,-0.000532632,0.000532632
1773774491862,0.0869141,-0.217285,0.989258,0,0,0.000532632
1773774491942,0.0883789,-0.217773,0.98877,0,-0.00106526,0.000532632
1773774492013,0.0888672,-0.217773,0.989746,0,0,0
1773774492094,0.0883789,-0.216309,0.989258,0,-0.000532632,0.00106526
1773774492174,0.0888672,-0.217285,0.987305,0,-0.00106526,0
1773774492245,0.0874023,-0.21875,0.989258,-0.000532632,-0.00106526,-0.000532632
1773774492325,0.0869141,-0.217773,0.989746,0.000532632,-0.000532632,-0.00106526
1773774492396,0.0883789,-0.21582,0.989746,0,-0.000532632,0.000532632
1773774492476,0.0883789,-0.21582,0.987793,-0.00106526,0,0
1773774492557,0.0888672,-0.21582,0.986816,0,-0.000532632,-0.00106526
1773774492627,0.0888672,-0.217773,0.98584,0,-0.000532632,0
1773774492708,0.0883789,-0.214844,0.989258,0.00106526,-0.000532632,-0.00106526
1773774492789,0.0878906,-0.218262,0.98877,-0.00106526,-0.000532632,-0.000532632
1773774492859,0.0854492,-0.217285,0.987305,-0.000532632,0,-0.00106526
1773774492940,0.0893555,-0.21875,0.988281,-0.000532632,-0.0015979,0
1773774493020,0.0888672,-0.217285,0.98877,0,-0.000532632,-0.000532632
1773774493091,0.0864258,-0.217285,0.98877,0,0,-0.000532632
1773774493171,0.0874023,-0.216309,0.98877,0,-0.00106526,0
1773774493252,0.0888672,-0.216309,0.987793,0,-0.000532632,-0.000532632
1773774493323,0.0854492,-0.220703,0.988281,-0.000532632,-0.000532632,0.000532632
1773774493403,0.0893555,-0.21875,0.987793,0.00106526,-0.00106526,0.00106526
1773774493474,0.0888672,-0.217773,0.986816,0,0,0.000532632
1773774493555,0.0878906,-0.217285,0.988281,0,0,-0.00106526
1773774493635,0.0874023,-0.217773,0.987793,-0.000532632,0,0.000532632
1773774493706,0.0864258,-0.215332,0.987305,0.000532632,-0.000532632,0.000532632
1773774493786,0.0854492,-0.217285,0.987305,-0.00106526,-0.00106526,-0.000532632
1773774493867,0.0888672,-0.219238,0.98877,0,-0.00106526,-0.000532632
1773774493937,0.0864258,-0.21875,0.987793,-0.00106526,0,-0.00106526
1773774494018,0.0859375,-0.215332,0.990234,0.000532632,-0.000532632,-0.00106526
1773774494098,0.0869141,-0.213867,0.989258,0.000532632,-0.000532632,0
1773774494169,0.0874023,-0.216309,0.989746,0,-0.00106526,-0.000532632
1773774494249,0.0893555,-0.219727,0.98877,-0.0015979,0.000532632,0
1773774494330,0.090332,-0.217773,0.989258,-0.000532632,-0.00106526,-0.000532632
1773774494400,0.0874023,-0.218262,0.988281,0,-0.000532632,0
1773774494481,0.0874023,-0.217773,0.987305,-0.000532632,-0.0015979,0.000532632
1773774494551,0.0883789,-0.216797,0.988281,0.000532632,-0.00106526,0.00106526
1773774494632,0.0883789,-0.217285,0.990723,0,0,0
1773774494712,0.090332,-0.216309,0.988281,0.000532632,-0.000532632,-0.000532632
1773774494783,0.0874023,-0.217773,0.98877,0.00106526,0.000532632,0.00106526
1773774494864,0.090332,-0.21875,0.988281,0.000532632,-0.000532632,0
1773774494944,0.0898438,-0.21582,0.989258,-0.000532632,-0.000532632,-0.000532632
1773774495014,0.0874023,-0.216797,0.987305,0,-0.00106526,0
1773774495095,0.0874023,-0.21582,0.987793,0,-0.000532632,0.000532632
1773774495176,0.0893555,-0.217285,0.987305,0,0.000532632,-0.000532632
1773774495246,0.0878906,-0.218262,0.987305,-0.000532632,-0.00106526,0
1773774495327,0.0878906,-0.217773,0.987793,-0.000532632,-0.00106526,0
1773774495407,0.0898438,-0.217773,0.988281,0,-0.0015979,-0.000532632
1773774495478,0.0883789,-0.218262,0.98877,0.00106526,-0.0015979,0
1773774495558,0.0869141,-0.21875,0.989258,0,-0.000532632,-0.00106526
1773774495639,0.0883789,-0.217285,0.988281,0,0,-0.000532632
1773774495709,0.0893555,-0.216797,0.989746,-0.000532632,-0.000532632,-0.00106526
1773774495790,0.0878906,-0.216797,0.986328,0,-0.000532632,0
1773774495870,0.0874023,-0.216797,0.987305,0.000532632,-0.00106526,0
1773774495941,0.0878906,-0.216797,0.989258,0.000532632,-0.000532632,-0.000532632
1773774496022,0.0883789,-0.21582,0.989746,0,-0.000532632,0
1773774496092,0.0874023,-0.217285,0.989258,0,-0.00106526,0.00106526
1773774496173,0.0864258,-0.216309,0.98877,-0.000532632,0,-0.0015979
1773774496253,0.0859375,-0.216797,0.98877,-0.0015979,-0.00106526,0.000532632
1773774496324,0.0883789,-0.215332,0.989258,0.000532632,-0.000532632,0.000532632
1773774496404,0.0888672,-0.216797,0.98877,0,-0.000532632,0.000532632
1773774496485,0.0883789,-0.216309,0.988281,-0.000532632,-0.000532632,-0.000532632
1773774496555,0.0888672,-0.216309,0.987793,-0.000532632,-0.0015979,0
1773774496636,0.0893555,-0.217285,0.98877,0.000532632,0,0
1773774496716,0.0888672,-0.216797,0.988281,0,0,-0.00106526
1773774496787,0.0893555,-0.214355,0.988281,-0.000532632,-0.000532632,0
1773774496867,0.0864258,-0.217285,0.988281,-0.0015979,0,-0.000532632
1773774496948,0.0883789,-0.216797,0.990234,0,-0.000532632,0
1773774497018,0.0869141,-0.217285,0.989746,0,0.000532632,0.00106526
1773774497099,0.0874023,-0.216797,0.988281,0.000532632,-0.000532632,0
1773774497169,0.0878906,-0.216309,0.988281,-0.000532632,-0.000532632,0
1773774497250,0.0874023,-0.217773,0.987305,-0.000532632,-0.0015979,0.000532632
1773774497331,0.0888672,-0.218262,0.988281,0,-0.00106526,0
1773774497401,0.0864258,-0.216309,0.989746,-0.000532632,-0.0015979,-0.00106526
1773774497482,0.0883789,-0.216309,0.990234,0.000532632,-0.000532632,-0.000532632
1773774497562,0.0888672,-0.219238,0.987793,-0.000532632,0.000532632,-0.00106526
1773774497633,0.0883789,-0.217773,0.98877,0.000532632,-0.00106526,0
1773774497713,0.0888672,-0.217285,0.987793,0,0,0
1773774497794,0.0893555,-0.21582,0.987793,-0.00106526,-0.00106526,-0.00106526
1773774497864,0.0898438,-0.218262,0.986816,0.000532632,-0.00106526,-0.000532632
1773774497945,0.0883789,-0.217773,0.987305,-0.000532632,0,0
1773774498025,0.0888672,-0.216309,0.987305,0,-0.00106526,0.000532632
1773774498096,0.0883789,-0.218262,0.98877,-0.000532632,-0.000532632,0
1773774498176,0.0883789,-0.21875,0.989258,-0.000532632,-0.00106526,0
1773774498257,0.0893555,-0.218262,0.989746,0,0,-0.00106526
1773774498328,0.0888672,-0.216797,0.98877,0,-0.00106526,0.000532632
1773774498408,0.0864258,-0.217285,0.990723,-0.000532632,-0.00106526,-0.000532632
1773774498479,0.0913086,-0.217285,0.987305,0.000532632,-0.000532632,-0.000532632
1773774498560,0.0878906,-0.218262,0.989258,0,0,-0.000532632
1773774498640,0.0893555,-0.216797,0.987305,0.00106526,0.000532632,0.00106526
1773774498710,0.0878906,-0.216309,0.989258,0,0,0.000532632
1773774498791,0.0878906,-0.217285,0.987793,0.000532632,-0.00106526,-0.000532632
1773774498871,0.0874023,-0.216309,0.989258,0.000532632,-0.000532632,-0.000532632
1773774498942,0.0854492,-0.216797,0.987305,0.000532632,0.000532632,0.000532632
1773774499023,0.0869141,-0.21875,0.986816,-0.0015979,-0.00106526,0.00106526
1773774499103,0.0888672,-0.217285,0.987793,-0.00106526,-0.00106526,-0.00106526
1773774499173,0.0888672,-0.21582,0.986816,0.000532632,-0.00106526,0
1773774499254,0.0864258,-0.219238,0.989258,0.000532632,0.000532632,0
1773774499334,0.0869141,-0.216309,0.987793,0,-0.00106526,0
1773774499405,0.0883789,-0.218262,0.989258,0.000532632,-0.00106526,-0.00106526
1773774499485,0.0888672,-0.220215,0.987793,0,-0.00106526,-0.000532632
1773774499566,0.0869141,-0.21875,0.987793,0,-0.000532632,-0.000532632
1773774499636,0.0878906,-0.217285,0.987793,0.000532632,-0.00106526,0
1773774499717,0.0869141,-0.218262,0.988281,-0.000532632,-0.000532632,-0.000532632
1773774499787,0.0888672,-0.217285,0.98877,0.000532632,0,0
1773774499868,0.0869141,-0.217285,0.989746,-0.000532632,-0.000532632,-0.000532632
1773774499949,0.0913086,-0.216309,0.988281,-0.00106526,-0.00106526,0.000532632
1773774500019,0.090332,-0.216797,0.991211,-0.0015979,0,-0.000532632
1773774500100,0.0869141,-0.215332,0.989258,0,-0.000532632,-0.000532632
1773774500180,0.0893555,-0.216309,0.987305,0,-0.000532632,-0.000532632
1773774500251,0.0878906,-0.21875,0.989746,-0.00106526,0,0
1773774500331,0.0869141,-0.217285,0.989258,-0.00106526,-0.0015979,0.000532632
1773774500412,0.0874023,-0.217285,0.987793,-0.00106526,-0.000532632,0
1773774500483,0.0874023,-0.217773,0.989258,-0.000532632,-0.000532632,0
1773774500563,0.0893555,-0.21582,0.988281,-0.0015979,0,-0.00106526
1773774500644,0.0888672,-0.217773,0.98877,0,0.000532632,0
1773774500714,0.0874023,-0.218262,0.987793,0,0.000532632,-0.00106526
1773774500794,0.0893555,-0.217773,0.98584,0,-0.00106526,0.000532632
1773774500875,0.0888672,-0.215332,0.987305,-0.000532632,0,0
1773774500945,0.0869141,-0.217285,0.987793,0,-0.000532632,0.00106526
1773774501026,0.0874023,-0.218262,0.987793,0,-0.000532632,0
1773774501106,0.0888672,-0.217773,0.989746,0,-0.0015979,-0.000532632
1773774501177,0.0874023,-0.216797,0.989258,0.000532632,-0.00106526,0.000532632
1773774501258,0.0883789,-0.217285,0.98877,0.00106526,-0.000532632,0.000532632
1773774501328,0.0893555,-0.216797,0.98877,-0.00106526,-0.00106526,0
1773774501408,0.0874023,-0.217285,0.986816,0,-0.00106526,0
1773774501489,0.0869141,-0.216797,0.98877,-0.000532632,-0.00106526,-0.00106526
1773774501560,0.0878906,-0.216797,0.988281,0.000532632,-0.000532632,-0.000532632
1773774501641,0.0898438,-0.216797,0.988281,0.0015979,-0.00106526,-0.000532632
1773774501721,0.0878906,-0.216797,0.988281,0,-0.0015979,0
1773774501792,0.0864258,-0.217285,0.987305,0.000532632,-0.00106526,0
1773774501872,0.0883789,-0.21582,0.987793,-0.000532632,-0.00106526,0
1773774501953,0.0864258,-0.216309,0.98877,0.000532632,-0.0015979,-0.000532632
1773774502023,0.0874023,-0.218262,0.98877,0,-0.0015979,-0.0015979
1773774502103,0.0869141,-0.216797,0.990234,-0.000532632,-0.00106526,0.000532632
1773774502184,0.0893555,-0.217773,0.988281,-0.000532632,-0.00106526,0
1773774502255,0.0869141,-0.216797,0.985352,-0.000532632,-0.000532632,0
1773774502335,0.0864258,-0.216797,0.987305,-0.0015979,-0.00106526,0
1773774502416,0.0888672,-0.217773,0.988281,-0.000532632,0,0.000532632
1773774502486,0.0898438,-0.216309,0.990234,-0.000532632,0,0
1773774502567,0.0864258,-0.217773,0.98877,0,-0.00106526,0
1773774502637,0.0874023,-0.217285,0.989258,0,-0.000532632,-0.000532632
1773774502718,0.0893555,-0.217773,0.989258,0,-0.00106526,0.000532632
1773774502798,0.0888672,-0.21582,0.987305,-0.000532632,-0.0015979,-0.000532632
1773774502869,0.0869141,-0.216309,0.989746,-0.00106526,-0.00106526,0
1773774502949,0.0893555,-0.218262,0.987793,0,-0.000532632,0
1773774503030,0.0898438,-0.217285,0.989258,0,-0.000532632,0
1773774503101,0.0878906,-0.218262,0.98877,-0.000532632,-0.00106526,0
1773774503181,0.0883789,-0.219238,0.989746,0,-0.00106526,0.000532632
1773774503262,0.0869141,-0.216797,0.988281,0.000532632,-0.000532632,0
1773774503332,0.0869141,-0.216309,0.986816,-0.000532632,-0.000532632,-0.00106526
1773774503413,0.0883789,-0.21582,0.987305,0,-0.000532632,-0.000532632
1773774503493,0.0878906,-0.217773,0.987305,0.000532632,-0.00106526,0
1773774503564,0.0883789,-0.21582,0.98877,-0.000532632,-0.0015979,0
1773774503644,0.0888672,-0.219727,0.989258,0.000532632,0,-0.000532632
1773774503715,0.0888672,-0.21582,0.988281,0,-0.0015979,-0.000532632
1773774503795,0.0874023,-0.216797,0.987793,0,-0.00106526,0.000532632
1773774503876,0.0854492,-0.217285,0.987305,0,-0.00106526,0
1773774503946,0.0874023,-0.217773,0.98877,-0.000532632,-0.000532632,-0.000532632
1773774504027,0.0883789,-0.217285,0.989746,0,-0.00106526,-0.000532632
1773774504107,0.0849609,-0.217285,0.987793,-0.000532632,-0.00106526,0
1773774504178,0.0874023,-0.217773,0.989258,0,-0.000532632,-0.000532632
1773774504258,0.0888672,-0.216309,0.987793,0.000532632,-0.00106526,0
1773774504339,0.0869141,-0.216797,0.987305,0.00106526,-0.000532632,0.000532632
1773774504410,0.0888672,-0.217285,0.986816,0,-0.00106526,0
1773774504490,0.0874023,-0.217285,0.987305,0,-0.000532632,0
1773774504570,0.0864258,-0.217285,0.989258,0,-0.00106526,-0.000532632
1773774504641,0.0888672,-0.216797,0.991699,-0.000532632,-0.000532632,-0.000532632
1773774504722,0.0893555,-0.217773,0.989746,0.000532632,-0.00106526,0
1773774504802,0.0893555,-0.217285,0.988281,0,-0.00106526,-0.0015979
1773774504873,0.0888672,-0.217773,0.98877,-0.000532632,-0.000532632,0
1773774504954,0.0878906,-0.218262,0.989746,-0.000532632,-0.000532632,-0.00106526
1773774505034,0.0878906,-0.216309,0.988281,-0.00106526,-0.000532632,0
1773774505104,0.0878906,-0.217773,0.989258,-0.000532632,-0.0015979,-0.000532632
1773774505185,0.0893555,-0.216309,0.986328,-0.00106526,-0.000532632,0.0015979
1773774505255,0.0888672,-0.217285,0.98877,-0.000532632,-0.00106526,-0.00106526
1773774505336,0.0864258,-0.214844,0.991211,-0.000532632,-0.0015979,-0.00106526
1773774505417,0.0883789,-0.215332,0.989746,0.00106526,0,-0.000532632
1773774505487,0.0874023,-0.219238,0.986816,0.00106526,0,0
1773774505568,0.0859375,-0.216309,0.989258,0.00106526,-0.0015979,0
1773774505648,0.0874023,-0.217285,0.989258,0,-0.0015979,-0.000532632
1773774505719,0.0874023,-0.216797,0.988281,-0.000532632,-0.00106526,0
1773774505799,0.0844727,-0.216309,0.987793,-0.00106526,-0.000532632,0
1773774505880,0.0864258,-0.216797,0.989258,0,0.000532632,-0.00106526
1773774505950,0.0888672,-0.21582,0.989746,0,-0.000532632,-0.000532632
1773774506031,0.0878906,-0.217285,0.98877,-0.000532632,-0.000532632,0.000532632
1773774506111,0.0878906,-0.219238,0.987793,0,-0.00106526,0
1773774506182,0.0883789,-0.218262,0.988281,0.000532632,-0.000532632,-0.000532632
1773774506262,0.0874023,-0.216797,0.987305,0,-0.0015979,-0.000532632
1773774506333,0.0888672,-0.216797,0.986816,-0.000532632,-0.000532632,0
1773774506413,0.0878906,-0.216309,0.989746,-0.000532632,-0.00106526,0.000532632
1773774506494,0.0874023,-0.219238,0.986816,0.000532632,-0.0015979,0
1773774506564,0.0883789,-0.217285,0.98877,0,0,-0.00106526
1773774506645,0.0874023,-0.216797,0.98877,-0.00106526,-0.0015979,-0.00106526
1773774506725,0.0874023,-0.218262,0.987305,0,0,-0.00106526
1773774506797,0.0888672,-0.216797,0.989746,-0.00106526,-0.000532632,-0.00106526
1773774506877,0.0869141,-0.215332,0.987305,0.00106526,-0.000532632,-0.000532632
1773774506957,0.0878906,-0.217773,0.988281,0,-0.00106526,0
1773774507028,0.0878906,-0.216309,0.98877,0,-0.000532632,0
1773774507108,0.0878906,-0.216309,0.987305,-0.000532632,-0.000532632,0
1773774507189,0.0869141,-0.217773,0.989746,0,-0.000532632,0
1773774507259,0.0869141,-0.216309,0.98877,-0.00106526,-0.00106526,0
1773774507340,0.0864258,-0.218262,0.98584,-0.000532632,-0.000532632,0.000532632
1773774507420,0.0883789,-0.218262,0.989258,-0.000532632,-0.000532632,0
1773774507491,0.0874023,-0.216797,0.989258,0,-0.0015979,0
1773774507571,0.0859375,-0.21875,0.987793,0.000532632,-0.000532632,-0.00106526
1773774507642,0.0883789,-0.217285,0.988281,0,-0.000532632,-0.000532632
1773774507722,0.0874023,-0.219238,0.98584,0,0.000532632,0
1773774507804,0.0869141,-0.21582,0.988281,-0.00106526,-0.00106526,0.000532632
1773774507873,0.0878906,-0.217285,0.987305,0,0,-0.00106526
1773774507954,0.0898438,-0.217285,0.987793,0.000532632,0,0
1773774508034,0.0883789,-0.21582,0.990723,0.000532632,-0.000532632,-0.000532632
1773774508105,0.0859375,-0.218262,0.989746,0.000532632,-0.00106526,-0.000532632
1773774508185,0.0874023,-0.217285,0.989746,0,-0.00106526,0
1773774508266,0.0878906,-0.217285,0.989258,0.000532632,-0.000532632,0
1773774508337,0.0898438,-0.216797,0.989258,0,0,0
1773774508417,0.0864258,-0.219238,0.98584,-0.000532632,0,0
1773774508498,0.090332,-0.216309,0.989258,-0.000532632,0,-0.000532632
1773774508568,0.0869141,-0.217773,0.988281,0,-0.00106526,0.00106526
1773774508649,0.0883789,-0.216309,0.988281,0.000532632,-0.00106526,-0.00106526
1773774508729,0.0888672,-0.216797,0.987305,0,-0.00106526,0.000532632
1773774508800,0.0878906,-0.217285,0.989746,0,-0.000532632,0.000532632
1773774508880,0.0869141,-0.216797,0.987793,0,0,-0.000532632
1773774508961,0.0874023,-0.217773,0.989258,-0.000532632,-0.00106526,-0.00106526
1773774509031,0.0888672,-0.217285,0.98877,-0.000532632,-0.000532632,-0.00106526
1773774509112,0.0883789,-0.217285,0.987305,0,-0.000532632,-0.000532632
1773774509182,0.0883789,-0.214844,0.990723,0.000532632,0,0
1773774509263,0.0878906,-0.21582,0.989258,-0.000532632,-0.00106526,-0.00106526
1773774509345,0.0883789,-0.217773,0.988281,-0.000532632,-0.00106526,-0.00106526
1773774509416,0.0859375,-0.217285,0.987793,0,-0.000532632,0
1773774509496,0.0883789,-0.216309,0.988281,0,-0.00106526,0
1773774509577,0.0859375,-0.217285,0.98877,0.000532632,-0.000532632,-0.000532632
1773774509647,0.0849609,-0.218262,0.989746,0,-0.0015979,-0.0015979
1773774509728,0.0869141,-0.216309,0.988281,-0.000532632,0,-0.000532632
1773774509798,0.0878906,-0.217773,0.989746,-0.000532632,-0.000532632,0
1773774509879,0.0883789,-0.217285,0.98877,-0.000532632,0,0
1773774509959,0.0869141,-0.216797,0.986816,0,-0.0015979,0
1773774510030,0.0869141,-0.217773,0.987305,0,-0.000532632,0
1773774510110,0.0878906,-0.21875,0.987793,0,-0.000532632,-0.0015979
1773774510191,0.0893555,-0.216309,0.988281,-0.000532632,-0.0015979,-0.000532632
1773774510261,0.0874023,-0.217773,0.98584,0.000532632,-0.00106526,-0.000532632
1773774510342,0.0878906,-0.216309,0.98584,0,-0.0015979,0.000532632
1773774510422,0.0883789,-0.217773,0.989746,0,-0.00106526,0
1773774510493,0.0878906,-0.217285,0.987305,0.000532632,-0.00106526,0
1773774510573,0.0854492,-0.216309,0.986816,0,-0.00106526,0.000532632
1773774510654,0.0869141,-0.216797,0.990234,0.000532632,-0.00106526,-0.000532632
1773774510724,0.0878906,-0.217285,0.986816,0.000532632,-0.000532632,0.000532632
1773774510805,0.0874023,-0.218262,0.987305,-0.000532632,-0.000532632,-0.000532632
1773774510886,0.0874023,-0.217773,0.987305,-0.000532632,-0.000532632,0
1773774510956,0.0898438,-0.216309,0.987793,0,-0.00106526,0.000532632
1773774511037,0.0874023,-0.217773,0.989258,-0.000532632,0,-0.00106526
1773774511107,0.0878906,-0.217285,0.988281,0,-0.0015979,0.00106526
1773774511188,0.0883789,-0.21582,0.98877,-0.000532632,-0.00106526,-0.00106526
1773774511268,0.0883789,-0.216797,0.986816,-0.000532632,-0.00106526,0
1773774511339,0.0878906,-0.216309,0.989258,0,-0.00106526,-0.0015979
1773774511419,0.0893555,-0.217285,0.990234,0.000532632,-0.00106526,0.000532632
1773774511500,0.0883789,-0.216797,0.991699,-0.000532632,-0.000532632,-0.00106526
1773774511570,0.0869141,-0.216309,0.988281,-0.000532632,0,0
1773774511651,0.0864258,-0.216797,0.987793,-0.000532632,-0.000532632,0
1773774511731,0.0893555,-0.216309,0.987793,-0.000532632,-0.000532632,0.000532632
1773774511802,0.0888672,-0.216309,0.98877,0,-0.00106526,0.000532632
1773774511882,0.0874023,-0.216309,0.987305,0,-0.00106526,-0.000532632
1773774511963,0.0869141,-0.216309,0.989258,-0.000532632,-0.000532632,-0.000532632
1773774512033,0.0888672,-0.214355,0.98877,-0.0015979,0.000532632,0
1773774512114,0.0878906,-0.215332,0.989258,0,-0.00106526,-0.000532632
1773774512184,0.0888672,-0.215332,0.988281,-0.000532632,0.000532632,-0.00106526
1773774512265,0.0869141,-0.21875,0.987793,0,-0.000532632,0.000532632
1773774512346,0.0893555,-0.219238,0.98877,0,-0.000532632,0.000532632
1773774512416,0.0878906,-0.216309,0.989258,-0.000532632,-0.00106526,0
1773774512497,0.0878906,-0.216309,0.986328,-0.000532632,-0.00106526,-0.000532632
1773774512577,0.0883789,-0.216797,0.987793,-0.000532632,-0.000532632,-0.00106526
1773774512648,0.0893555,-0.215332,0.98877,-0.000532632,0,-0.000532632
1773774512729,0.0883789,-0.217773,0.989258,-0.0015979,-0.000532632,0
1773774512809,0.0878906,-0.216309,0.989258,0.000532632,0,0.00106526
1773774512880,0.0869141,-0.217285,0.98877,0,0,0
1773774512961,0.0883789,-0.21582,0.986816,0.000532632,-0.00106526,-0.000532632
1773774513041,0.0888672,-0.216797,0.987305,-0.000532632,-0.000532632,-0.000532632
1773774513112,0.0883789,-0.21582,0.990723,0,-0.00106526,-0.000532632
1773774513192,0.0869141,-0.216309,0.989746,0,0,0.000532632
1773774513273,0.0893555,-0.216309,0.987793,-0.000532632,-0.00106526,-0.000532632
1773774513343,0.0874023,-0.21582,0.987793,0,-0.00106526,-0.00106526
1773774513424,0.0874023,-0.21582,0.990234,-0.000532632,-0.0015979,0
1773774513494,0.0878906,-0.217773,0.98877,0,0.000532632,-0.000532632
1773774513575,0.0859375,-0.215332,0.987305,0.000532632,-0.000532632,0.00106526
1773774513656,0.0869141,-0.217285,0.987793,-0.00106526,-0.00106526,0.00106526
1773774513726,0.0888672,-0.216797,0.988281,-0.00106526,-0.0015979,0
1773774513807,0.0869141,-0.21582,0.987793,-0.000532632,-0.000532632,-0.000532632
1773774513887,0.0869141,-0.216797,0.990723,0,-0.000532632,0.000532632
1773774513958,0.0874023,-0.217285,0.989746,0,-0.0015979,-0.00213053
1773774514038,0.0869141,-0.216797,0.989746,0.000532632,-0.00106526,0
1773774514119,0.0888672,-0.216309,0.987793,0.000532632,-0.000532632,0
1773774514189,0.0898438,-0.216797,0.989258,0.000532632,0,0
1773774514270,0.0893555,-0.21582,0.989258,0,-0.000532632,0.000532632
1773774514351,0.0878906,-0.217773,0.989258,-0.000532632,-0.000532632,-0.000532632
1773774514421,0.0878906,-0.217285,0.989258,0.000532632,-0.00106526,-0.000532632
1773774514501,0.0898438,-0.216797,0.989258,0.000532632,0,-0.000532632
1773774514582,0.0893555,-0.216797,0.989258,-0.00106526,-0.000532632,0
1773774514652,0.0869141,-0.216797,0.987793,-0.000532632,-0.00106526,0.000532632
1773774514733,0.0898438,-0.217285,0.989746,-0.00106526,0.000532632,0
1773774514804,0.0893555,-0.216309,0.988281,-0.00106526,-0.000532632,0.000532632
1773774514884,0.0888672,-0.21875,0.987793,0,-0.000532632,-0.000532632
1773774514965,0.0869141,-0.217285,0.989258,0.0015979,-0.000532632,0
1773774515036,0.0878906,-0.217285,0.989258,-0.000532632,-0.000532632,0.000532632
1773774515116,0.0878906,-0.216797,0.989746,0,-0.00106526,-0.000532632
1773774515196,0.0878906,-0.215332,0.986328,0.000532632,-0.00106526,-0.000532632
1773774515267,0.0898438,-0.217773,0.988281,0.00106526,-0.000532632,-0.000532632
1773774515347,0.0869141,-0.21582,0.987305,0.000532632,-0.000532632,0.00106526
1773774515428,0.0874023,-0.216797,0.988281,0.000532632,-0.00106526,0
1773774515498,0.0878906,-0.216797,0.989746,0,0,-0.0015979
1773774515579,0.0869141,-0.216309,0.989746,0.000532632,-0.000532632,0
1773774515659,0.0878906,-0.217773,0.988281,-0.000532632,-0.00106526,0
1773774515730,0.0883789,-0.217773,0.988281,0.000532632,-0.00106526,0
1773774515812,0.0893555,-0.216309,0.988281,0,-0.000532632,0.000532632
1773774515881,0.0869141,-0.21582,0.987305,0,0,-0.0015979
1773774515962,0.0878906,-0.217285,0.988281,0,-0.000532632,0
1773774516043,0.0874023,-0.216797,0.989746,-0.000532632,-0.000532632,0
1773774516113,0.0883789,-0.214355,0.987305,-0.000532632,-0.00106526,-0.000532632
1773774516194,0.0893555,-0.217773,0.989258,0.000532632,-0.000532632,0
1773774516274,0.0893555,-0.217773,0.98877,0,-0.000532632,-0.000532632
1773774516345,0.0888672,-0.216797,0.989746,-0.000532632,-0.000532632,0
1773774516425,0.0864258,-0.217773,0.990723,-0.000532632,-0.000532632,-0.000532632
1773774516506,0.0888672,-0.217285,0.988281,-0.000532632,-0.00106526,0
1773774516576,0.0893555,-0.21582,0.988281,0,-0.0015979,-0.00106526
1773774516657,0.0888672,-0.217285,0.98877,0.000532632,-0.00106526,0
1773774516737,0.0874023,-0.217773,0.98877,-0.00106526,-0.000532632,0
1773774516808,0.0893555,-0.217285,0.987305,-0.00106526,0,-0.00106526
1773774516888,0.0864258,-0.217285,0.98877,0,-0.0015979,0
1773774516969,0.0883789,-0.216309,0.986816,0,-0.0015979,-0.000532632
1773774517039,0.0864258,-0.21875,0.989258,0,-0.000532632,0.000532632
1773774517120,0.0893555,-0.21875,0.986816,0.000532632,-0.00106526,0
1773774517190,0.0888672,-0.216309,0.98877,0,-0.000532632,0.000532632
1773774517271,0.0864258,-0.217773,0.992188,0,-0.000532632,0
1773774517352,0.0893555,-0.216797,0.98877,0,0,-0.000532632
1773774517422,0.0869141,-0.218262,0.987305,0,-0.000532632,-0.000532632
1773774517502,0.0883789,-0.21582,0.98877,-0.000532632,-0.0015979,0.000532632
1773774517583,0.0883789,-0.217773,0.990234,0.000532632,-0.000532632,-0.00106526
1773774517653,0.0898438,-0.21582,0.988281,-0.000532632,-0.00106526,-0.000532632
1773774517734,0.0878906,-0.216309,0.986328,-0.000532632,-0.000532632,-0.000532632
1773774517815,0.0888672,-0.217285,0.989746,0,-0.00106526,0.000532632
1773774517885,0.0893555,-0.21875,0.988281,0,-0.00106526,0
1773774517966,0.0864258,-0.215332,0.98877,0,-0.000532632,-0.000532632
1773774518047,0.0883789,-0.217773,0.989258,-0.00106526,0,-0.00106526
1773774518117,0.0888672,-0.21875,0.989258,0,-0.0015979,-0.000532632
1773774518197,0.0869141,-0.217773,0.988281,-0.000532632,-0.000532632,0
1773774518278,0.0874023,-0.216309,0.990234,0,-0.000532632,0.000532632
1773774518348,0.0874023,-0.217773,0.988281,-0.00106526,-0.000532632,-0.00106526
1773774518429,0.0878906,-0.21582,0.987305,0.000532632,-0.00106526,-0.00106526
1773774518499,0.0878906,-0.217285,0.989258,0.00106526,-0.00106526,0.000532632
1773774518580,0.0878906,-0.216309,0.987793,0,0,0
1773774518660,0.0883789,-0.218262,0.987305,-0.000532632,-0.00106526,-0.000532632
1773774518731,0.0878906,-0.214844,0.987793,-0.00106526,0,-0.000532632
1773774518811,0.0888672,-0.216797,0.98877,-0.000532632,-0.000532632,-0.00106526
1773774518892,0.0893555,-0.216797,0.990234,-0.0015979,-0.00106526,0
1773774518962,0.0878906,-0.217285,0.989746,0,-0.00106526,0.000532632
1773774519043,0.0893555,-0.215332,0.987305,0.000532632,0,-0.00106526
1773774519123,0.0883789,-0.216797,0.98877,-0.00106526,0,-0.000532632
1773774519194,0.0859375,-0.219238,0.987793,0.000532632,-0.000532632,0
1773774519274,0.0878906,-0.216797,0.989258,0.000532632,0,0
1773774519355,0.0888672,-0.217773,0.990234,0,-0.000532632,0.000532632
1773774519425,0.0869141,-0.21875,0.990723,0,0,-0.000532632
1773774519506,0.0869141,-0.218262,0.988281,0.000532632,-0.000532632,0
1773774519587,0.0893555,-0.216797,0.988281,-0.000532632,0,-0.000532632
1773774519657,0.0888672,-0.217285,0.989746,-0.000532632,-0.00106526,-0.000532632
1773774519738,0.0883789,-0.214355,0.989258,0,0,-0.000532632
1773774519809,0.0888672,-0.216309,0.991211,0,-0.000532632,0
1773774519889,0.0878906,-0.217285,0.989746,0.000532632,-0.00213053,0
1773774519969,0.0883789,-0.215332,0.987793,-0.000532632,-0.0015979,-0.000532632
1773774520040,0.0893555,-0.217285,0.989746,-0.000532632,-0.000532632,-0.000532632
1773774520120,0.0883789,-0.216797,0.98877,-0.000532632,-0.000532632,0
1773774520201,0.0878906,-0.216309,0.98877,0.000532632,0,0.000532632
1773774520271,0.0869141,-0.217285,0.989746,0.000532632,-0.000532632,-0.00213053
1773774520352,0.0874023,-0.217285,0.987793,-0.0015979,-0.000532632,0.000532632
1773774520432,0.0883789,-0.217285,0.989746,-0.000532632,0,-0.000532632
1773774520503,0.0888672,-0.21582,0.990234,-0.000532632,-0.0015979,0
1773774520583,0.090332,-0.215332,0.989258,0.000532632,0,0.000532632
1773774520664,0.0869141,-0.21875,0.988281,-0.000532632,-0.00106526,0
1773774520734,0.0893555,-0.219238,0.98877,0,-0.0015979,0.00106526
1773774520815,0.0893555,-0.216309,0.989258,0.000532632,-0.00106526,-0.00106526
1773774520896,0.0878906,-0.216309,0.98877,0,0,0.00106526
1773774520966,0.0874023,-0.217285,0.987793,-0.000532632,-0.000532632,0
1773774521046,0.0893555,-0.216309,0.987793,-0.00106526,0,-0.000532632
1773774521117,0.0878906,-0.215332,0.989746,-0.000532632,-0.000532632,-0.000532632
1773774521198,0.0888672,-0.215332,0.987793,-0.000532632,0,-0.000532632
1773774521278,0.0883789,-0.216797,0.98877,-0.000532632,-0.000532632,0
1773774521349,0.0864258,-0.21875,0.988281,-0.000532632,-0.000532632,0
1773774521430,0.0878906,-0.215332,0.986816,0.000532632,-0.000532632,0
1773774521510,0.0893555,-0.216797,0.988281,-0.00106526,-0.00106526,0.000532632
1773774521581,0.0883789,-0.216797,0.987793,-0.000532632,-0.00106526,-0.00106526
1773774521661,0.0883789,-0.216309,0.989746,-0.000532632,-0.00106526,0
1773774521743,0.0854492,-0.214355,0.989746,-0.000532632,-0.00106526,0.000532632
1773774521812,0.0888672,-0.216797,0.989258,0,-0.000532632,-0.00213053
1773774521893,0.0888672,-0.217285,0.986328,0,-0.00106526,0.000532632
1773774521974,0.0883789,-0.216797,0.988281,-0.000532632,-0.00106526,0
1773774522044,0.0888672,-0.217773,0.988281,0.000532632,-0.00106526,0
1773774522125,0.0888672,-0.216797,0.989258,-0.00106526,-0.000532632,0
1773774522205,0.0864258,-0.218262,0.989746,-0.000532632,-0.00106526,-0.00106526
1773774522276,0.0869141,-0.216797,0.989746,0,-0.00106526,0.000532632
1773774522356,0.0898438,-0.216309,0.989746,-0.000532632,0,0
1773774522427,0.0888672,-0.21582,0.991211,0,0,-0.0015979
1773774522509,0.0883789,-0.217773,0.987793,0,-0.00106526,-0.000532632
1773774522589,0.0864258,-0.217285,0.989746,0,-0.000532632,-0.000532632
1773774522658,0.0888672,-0.217285,0.990234,0,0,0
1773774522739,0.0888672,-0.217285,0.990234,-0.000532632,-0.00106526,-0.000532632
1773774522819,0.0883789,-0.216797,0.989746,0.000532632,-0.000532632,0
1773774522890,0.0874023,-0.217285,0.990723,0,0.000532632,0
1773774522970,0.0874023,-0.216797,0.989746,0,-0.000532632,0.00106526
1773774523051,0.0869141,-0.217285,0.98877,0.000532632,-0.00106526,-0.000532632
1773774523122,0.0869141,-0.217285,0.989258,-0.00106526,-0.000532632,0.00106526
1773774523202,0.0878906,-0.216797,0.989258,-0.000532632,0,0.000532632
1773774523273,0.0888672,-0.216309,0.989258,0,-0.000532632,-0.00106526
1773774523353,0.0883789,-0.216309,0.989746,-0.00106526,-0.000532632,-0.000532632
1773774523434,0.0878906,-0.214844,0.988281,-0.000532632,-0.00106526,0.000532632
1773774523514,0.0878906,-0.217285,0.990723,0,-0.00106526,-0.000532632
1773774523585,0.0869141,-0.216797,0.989258,0,-0.0015979,-0.0015979
1773774523665,0.0893555,-0.216309,0.989746,0,-0.00106526,-0.000532632
1773774523736,0.0878906,-0.216797,0.990234,0.000532632,-0.000532632,-0.00106526
1773774523816,0.0878906,-0.21582,0.988281,0,-0.00106526,0
1773774523897,0.0893555,-0.21582,0.98877,0,-0.00106526,0
1773774523967,0.0874023,-0.217285,0.989746,0.000532632,-0.0015979,0
1773774524048,0.0869141,-0.212891,0.989258,0,-0.000532632,-0.000532632
1773774524129,0.0878906,-0.21582,0.988281,-0.000532632,-0.000532632,0.000532632
1773774524199,0.0874023,-0.21582,0.987793,0.000532632,-0.00106526,0.000532632
1773774524280,0.0888672,-0.21875,0.988281,0,-0.00106526,-0.000532632
1773774524360,0.0859375,-0.216797,0.988281,0,-0.00106526,-0.00106526
1773774524431,0.0864258,-0.220215,0.98877,-0.000532632,-0.000532632,0.00106526
1773774524511,0.0864258,-0.216797,0.988281,0.000532632,-0.000532632,0.00106526
1773774524592,0.0893555,-0.218262,0.990234,0.000532632,-0.00106526,0.000532632
1773774524662,0.0864258,-0.21875,0.98877,-0.000532632,0,-0.00106526
1773774524743,0.0893555,-0.218262,0.990234,-0.000532632,-0.00106526,0.000532632
1773774524813,0.0893555,-0.218262,0.98877,-0.000532632,-0.000532632,0
1773774524894,0.0893555,-0.21582,0.989258,0,-0.00106526,0
1773774524974,0.0883789,-0.216309,0.988281,-0.000532632,-0.00106526,-0.000532632
1773774525045,0.0864258,-0.21582,0.989746,-0.00106526,0,0
1773774525126,0.0859375,-0.217773,0.988281,-0.000532632,-0.0015979,0
1773774525206,0.0878906,-0.219238,0.987305,0,-0.000532632,0
1773774525276,0.0888672,-0.219238,0.988281,-0.000532632,-0.0015979,0
1773774525357,0.0878906,-0.217285,0.987305,0,-0.00106526,0.000532632
1773774525438,0.0874023,-0.217285,0.987793,-0.00106526,-0.00106526,-0.000532632
1773774525508,0.0893555,-0.216309,0.98877,0.000532632,-0.000532632,0
1773774525589,0.0854492,-0.217773,0.987305,0,-0.00106526,0.000532632
1773774525669,0.0893555,-0.219238,0.98877,-0.00106526,-0.000532632,0
1773774525740,0.0893555,-0.21582,0.989746,0,0,0
1773774525820,0.0869141,-0.217773,0.990234,0.000532632,-0.00106526,0
1773774525901,0.0898438,-0.217285,0.989258,-0.000532632,-0.00106526,-0.00106526
1773774525971,0.0908203,-0.218262,0.98877,0,-0.0015979,-0.000532632
1773774526052,0.0883789,-0.217285,0.98877,0,-0.000532632,0
1773774526132,0.0874023,-0.216309,0.990723,-0.000532632,-0.00213053,0.00106526
1773774526203,0.0893555,-0.216797,0.987793,0,-0.00106526,0
1773774526283,0.0888672,-0.217285,0.98877,0,0,-0.000532632
1773774526354,0.0898438,-0.21582,0.990723,0.000532632,-0.00106526,0.000532632
1773774526434,0.0898438,-0.216797,0.990234,-0.000532632,-0.000532632,0.000532632
1773774526515,0.0869141,-0.216309,0.98877,-0.000532632,-0.000532632,-0.000532632
1773774526585,0.0883789,-0.21582,0.989258,0,-0.000532632,0
1773774526666,0.0869141,-0.216797,0.989258,0,-0.000532632,-0.000532632
1773774526746,0.0874023,-0.216309,0.98877,0,-0.000532632,-0.000532632
1773774526817,0.0883789,-0.217773,0.990723,0,0,0.000532632
1773774526897,0.0888672,-0.216797,0.989746,0.000532632,0.000532632,0
1773774526978,0.0883789,-0.216797,0.986816,0,-0.000532632,0.000532632
1773774527049,0.0883789,-0.216797,0.986816,-0.000532632,-0.00213053,-0.000532632
1773774527129,0.0864258,-0.217285,0.991211,0.00106526,-0.00106526,-0.000532632
1773774527210,0.0874023,-0.216797,0.989258,-0.00106526,-0.000532632,-0.000532632
1773774527280,0.0869141,-0.218262,0.989258,-0.000532632,-0.000532632,0.000532632
1773774527361,0.0874023,-0.21582,0.98877,0,-0.000532632,-0.000532632
1773774527441,0.0864258,-0.21875,0.989746,0.000532632,0,0
1773774527512,0.0864258,-0.217285,0.987793,0,-0.000532632,0.000532632
1773774527592,0.0874023,-0.217285,0.98877,0.000532632,-0.000532632,0
1773774527663,0.0888672,-0.217773,0.988281,-0.000532632,-0.00106526,-0.00106526
1773774527743,0.0878906,-0.216797,0.987793,-0.000532632,-0.00106526,-0.000532632
1773774527824,0.0898438,-0.217773,0.987305,-0.000532632,-0.00106526,0
1773774527894,0.0883789,-0.21875,0.988281,0,-0.00106526,0.000532632
1773774527976,0.0888672,-0.217285,0.98877,0,-0.00106526,0
1773774528055,0.0864258,-0.21875,0.987793,0,-0.000532632,-0.000532632
1773774528126,0.0874023,-0.216797,0.986328,-0.000532632,0,-0.000532632
1773774528206,0.0878906,-0.216309,0.989258,0,0,-0.00106526
1773774528287,0.0888672,-0.217773,0.989746,0,-0.00106526,0
1773774528358,0.0878906,-0.216309,0.98877,0.000532632,-0.00106526,-0.000532632
1773774528439,0.0888672,-0.217285,0.987793,-0.000532632,-0.00106526,0
1773774528519,0.0874023,-0.216797,0.987793,-0.000532632,-0.000532632,0.000532632
1773774528589,0.0888672,-0.214844,0.989258,0.00106526,-0.00106526,0.000532632
1773774528670,0.0898438,-0.214844,0.987305,0,-0.000532632,0
1773774528750,0.0874023,-0.21582,0.988281,-0.000532632,-0.0015979,0
1773774528821,0.0883789,-0.216797,0.988281,0,-0.000532632,0
1773774528901,0.0883789,-0.21875,0.987305,0,0,0.000532632
1773774528972,0.0883789,-0.217285,0.989258,-0.000532632,0,-0.00106526
1773774529052,0.0864258,-0.216797,0.98877,0,-0.000532632,0.000532632
1773774529133,0.0883789,-0.218262,0.990234,0.000532632,-0.000532632,-0.000532632
1773774529204,0.0878906,-0.21875,0.98877,-0.0015979,-0.000532632,0
1773774529284,0.0874023,-0.217773,0.98877,0.000532632,-0.00213053,0.000532632
1773774529364,0.0883789,-0.21582,0.98877,0.000532632,-0.000532632,-0.000532632
1773774529435,0.0888672,-0.216797,0.987793,0,-0.0015979,0
1773774529516,0.0883789,-0.218262,0.988281,0.00106526,0,0.000532632
1773774529596,0.0888672,-0.216309,0.988281,-0.000532632,-0.000532632,-0.0015979
1773774529667,0.0888672,-0.216309,0.988281,-0.000532632,-0.00106526,-0.000532632
1773774529747,0.0883789,-0.217773,0.988281,0.000532632,-0.000532632,0.000532632
1773774529828,0.0888672,-0.218262,0.98877,0.000532632,-0.00106526,-0.000532632
1773774529898,0.0888672,-0.218262,0.990234,0,-0.000532632,0
1773774529979,0.0888672,-0.216309,0.987305,0,0,-0.00106526
1773774530059,0.0893555,-0.215332,0.989258,0.000532632,-0.00106526,-0.000532632
1773774530130,0.0878906,-0.217773,0.988281,0,-0.000532632,0
1773774530210,0.0859375,-0.217285,0.989258,0.000532632,-0.00106526,0
1773774530281,0.0874023,-0.21875,0.987793,0,0,0.000532632
1773774530362,0.0878906,-0.216309,0.987305,-0.000532632,-0.000532632,0.000532632
1773774530442,0.0878906,-0.219238,0.990723,0.000532632,-0.000532632,0.000532632
1773774530513,0.0864258,-0.218262,0.988281,0,-0.000532632,-0.00106526
1773774530593,0.0883789,-0.219238,0.988281,-0.000532632,-0.000532632,0.000532632
1773774530674,0.0874023,-0.216797,0.98877,0,0,0
1773774530745,0.0869141,-0.216309,0.987305,0,-0.00106526,0.000532632
1773774530825,0.090332,-0.215332,0.989746,0,0,0.000532632
1773774530906,0.0888672,-0.215332,0.990234,0,0,-0.000532632
1773774530976,0.0878906,-0.217285,0.988281,-0.000532632,0,0
1773774531057,0.0883789,-0.217285,0.98877,0.000532632,-0.000532632,-0.00106526
1773774531137,0.0878906,-0.217773,0.986816,-0.000532632,-0.00106526,0
1773774531208,0.0898438,-0.21582,0.989258,-0.000532632,-0.00106526,0
1773774531288,0.0888672,-0.218262,0.989258,0.000532632,-0.000532632,0
1773774531359,0.0878906,-0.217285,0.988281,-0.0015979,-0.000532632,-0.000532632
1773774531439,0.0864258,-0.216309,0.987305,0,0,-0.000532632
1773774531520,0.0888672,-0.215332,0.989746,0,-0.000532632,-0.000532632
1773774531590,0.0893555,-0.21582,0.989258,0,0,0
1773774531671,0.0893555,-0.216309,0.987305,-0.000532632,-0.00106526,0
1773774531751,0.0878906,-0.217285,0.987793,-0.00106526,-0.000532632,0
1773774531822,0.0878906,-0.217285,0.989746,0,0,0
1773774531902,0.0859375,-0.218262,0.98877,0,-0.000532632,-0.00106526
1773774531983,0.0859375,-0.21582,0.988281,0,0,-0.00106526
1773774532053,0.0883789,-0.216309,0.988281,-0.000532632,0.000532632,-0.000532632
1773774532134,0.0883789,-0.216309,0.98877,-0.000532632,-0.000532632,0
1773774532215,0.0878906,-0.21875,0.987793,0,-0.000532632,0.000532632
1773774532285,0.0859375,-0.216797,0.990234,-0.000532632,0,0
1773774532366,0.0864258,-0.216797,0.98877,0.000532632,-0.000532632,-0.000532632
1773774532446,0.0888672,-0.217285,0.98877,0,-0.00106526,0
1773774532517,0.0883789,-0.216797,0.991211,-0.000532632,0,0.000532632
1773774532597,0.090332,-0.217773,0.98877,0.000532632,-0.00106526,0.000532632
1773774532668,0.0893555,-0.217285,0.987793,-0.000532632,-0.000532632,-0.000532632
1773774532748,0.0878906,-0.21582,0.987305,0,0,0
1773774532829,0.0869141,-0.217773,0.98877,0,-0.000532632,0.000532632
1773774532899,0.0869141,-0.217773,0.98877,-0.000532632,0,0.00106526
1773774532980,0.0893555,-0.217773,0.989746,-0.00106526,-0.000532632,0
1773774533060,0.0883789,-0.216797,0.987793,0.00106526,-0.00106526,-0.000532632
1773774533131,0.0888672,-0.216309,0.989258,0,-0.000532632,0
1773774533211,0.0849609,-0.216797,0.98877,0.0015979,-0.00106526,0
1773774533292,0.0864258,-0.216797,0.98877,0,-0.00106526,0
1773774533362,0.0878906,-0.216797,0.987793,-0.000532632,0,0.00106526
1773774533443,0.0883789,-0.217285,0.98584,-0.000532632,0.000532632,0
1773774533524,0.0878906,-0.217773,0.987305,0,-0.000532632,0
1773774533594,0.0878906,-0.21582,0.988281,0,-0.000532632,0
1773774533675,0.0874023,-0.219238,0.989258,-0.000532632,-0.000532632,0
1773774533755,0.0874023,-0.217773,0.989746,0.000532632,-0.00106526,0.000532632
1773774533826,0.0874023,-0.217285,0.989746,0.000532632,0,-0.000532632
1773774533906,0.0878906,-0.218262,0.98877,0.000532632,-0.00106526,0
1773774533977,0.0878906,-0.216797,0.989746,0,0,0
1773774534058,0.0883789,-0.215332,0.989258,-0.000532632,0,0
1773774534138,0.0878906,-0.218262,0.989258,0.000532632,-0.0015979,0.000532632
1773774534208,0.0893555,-0.219727,0.98877,0,-0.000532632,0.000532632
1773774534289,0.0893555,-0.214844,0.989258,-0.000532632,-0.000532632,0.00106526
1773774534370,0.0869141,-0.216797,0.989746,0,-0.000532632,0.000532632
1773774534440,0.090332,-0.21875,0.987305,0,-0.000532632,0.000532632
1773774534521,0.0888672,-0.215332,0.987793,-0.000532632,-0.000532632,0
1773774534601,0.0883789,-0.216309,0.987305,0.000532632,-0.0015979,-0.000532632
1773774534672,0.0869141,-0.216797,0.988281,-0.000532632,-0.000532632,-0.000532632
1773774534752,0.0878906,-0.216309,0.991699,-0.000532632,0.000532632,-0.000532632
1773774534833,0.0893555,-0.217285,0.989258,0,-0.0015979,0.000532632
1773774534903,0.0878906,-0.217285,0.988281,0.000532632,0,-0.000532632
1773774534984,0.0883789,-0.217285,0.98877,0,0,0.00106526
1773774535064,0.0878906,-0.21582,0.986816,-0.000532632,-0.00106526,-0.000532632
1773774535135,0.0864258,-0.218262,0.98877,-0.000532632,-0.00106526,0
1773774535215,0.0878906,-0.217773,0.989258,0.000532632,-0.000532632,0
1773774535286,0.0874023,-0.216797,0.987793,0,0,0.000532632
1773774535366,0.0883789,-0.216309,0.987305,0.000532632,-0.00106526,0.000532632
1773774535447,0.0883789,-0.217285,0.986328,0.000532632,-0.000532632,0
1773774535517,0.0878906,-0.217773,0.987305,0.000532632,0,0
1773774535598,0.0898438,-0.216797,0.98877,-0.000532632,-0.00106526,-0.000532632
1773774535678,0.0893555,-0.217773,0.989746,0.000532632,-0.000532632,-0.000532632
1773774535749,0.0893555,-0.216797,0.987793,0,-0.000532632,0
1773774535829,0.0859375,-0.216309,0.988281,0.000532632,-0.0015979,0
1773774535910,0.0874023,-0.216309,0.98877,0.000532632,-0.000532632,0.00106526
1773774535980,0.0898438,-0.215332,0.98877,-0.00106526,0,0.000532632
1773774536061,0.0874023,-0.217285,0.989258,0.000532632,-0.000532632,0.000532632
1773774536142,0.0883789,-0.216797,0.987793,-0.00106526,0,-0.000532632
1773774536213,0.0893555,-0.217773,0.990234,0,-0.000532632,-0.000532632
1773774536293,0.0893555,-0.21582,0.98877,-0.00106526,-0.0015979,0.000532632
1773774536364,0.0874023,-0.21582,0.989258,0.000532632,-0.000532632,-0.00106526
1773774536444,0.0883789,-0.215332,0.989258,0.00106526,-0.000532632,0
1773774536525,0.0874023,-0.21582,0.98877,-0.000532632,0,0
1773774536595,0.0878906,-0.218262,0.989258,0,-0.00106526,0
1773774536676,0.0888672,-0.21582,0.990234,-0.000532632,-0.00106526,0
1773774536756,0.0883789,-0.216309,0.98877,-0.000532632,0,0.000532632
1773774536827,0.0883789,-0.216309,0.989258,0,-0.000532632,0.000532632
1773774536908,0.0883789,-0.217773,0.989258,0,-0.00106526,0.00106526
1773774536988,0.0874023,-0.217285,0.98877,0.000532632,-0.000532632,0.00106526
1773774537059,0.0864258,-0.218262,0.990234,0,-0.000532632,0
1773774537140,0.0874023,-0.214844,0.989258,-0.00106526,-0.000532632,0
1773774537220,0.0888672,-0.216309,0.989746,0.00106526,-0.000532632,0.000532632
1773774537291,0.0878906,-0.217773,0.989746,0,-0.000532632,-0.000532632
1773774537371,0.0874023,-0.216309,0.987305,-0.000532632,-0.000532632,-0.000532632
1773774537442,0.0874023,-0.216309,0.987305,0.000532632,-0.000532632,-0.000532632
1773774537522,0.0883789,-0.217285,0.988281,-0.0015979,-0.00106526,0.000532632
1773774537603,0.0878906,-0.219238,0.987305,0,-0.00106526,-0.0015979
1773774537673,0.0878906,-0.214844,0.987793,0.000532632,-0.000532632,-0.00106526
1773774537754,0.0878906,-0.215332,0.988281,0.00106526,-0.000532632,0
1773774537834,0.0878906,-0.21582,0.991699,0,-0.000532632,0.000532632
1773774537905,0.0893555,-0.215332,0.990234,-0.000532632,-0.000532632,-0.000532632
1773774537985,0.0913086,-0.217285,0.98877,-0.000532632,-0.00106526,0.000532632
1773774538066,0.0893555,-0.215332,0.988281,0,0,-0.00106526
1773774538136,0.0859375,-0.216309,0.989258,0,-0.000532632,0
1773774538217,0.0874023,-0.214844,0.988281,0,-0.0015979,0.000532632
1773774538297,0.090332,-0.216309,0.989258,0.00106526,-0.000532632,-0.000532632
1773774538368,0.0883789,-0.216309,0.986816,0.000532632,0,0
1773774538448,0.0874023,-0.217773,0.989258,0.000532632,-0.000532632,0
1773774538529,0.0908203,-0.217773,0.989258,0,0,0
1773774538600,0.0859375,-0.21582,0.990234,0.000532632,0,0
1773774538681,0.0883789,-0.218262,0.989746,-0.000532632,-0.00213053,0.000532632
1773774538751,0.0883789,-0.21582,0.989746,-0.000532632,-0.00106526,0
1773774538832,0.0888672,-0.217285,0.987305,-0.000532632,-0.0015979,0.000532632
1773774538912,0.0893555,-0.217285,0.989746,-0.000532632,-0.000532632,-0.000532632
1773774538983,0.0898438,-0.215332,0.988281,-0.00106526,0,0.0015979
1773774539063,0.0864258,-0.216309,0.987305,-0.000532632,-0.00106526,-0.000532632
1773774539144,0.0864258,-0.217285,0.987793,0.000532632,0.000532632,0.000532632
1773774539214,0.0874023,-0.21582,0.987793,-0.00106526,-0.00106526,0
1773774539295,0.0869141,-0.215332,0.987793,0.000532632,-0.000532632,-0.000532632
1773774539375,0.0888672,-0.215332,0.989746,-0.000532632,-0.000532632,0
1773774539446,0.0864258,-0.216309,0.989258,0,-0.00106526,0.000532632
1773774539526,0.0883789,-0.216797,0.987793,0.000532632,-0.000532632,0.000532632
1773774539607,0.0878906,-0.215332,0.989746,0,0,0
1773774539677,0.0893555,-0.216309,0.990723,0,0,0
1773774539758,0.0888672,-0.217773,0.989258,-0.000532632,-0.0015979,0.0015979
1773774539828,0.0869141,-0.217285,0.987305,0.000532632,-0.000532632,-0.000532632
1773774539909,0.0893555,-0.214844,0.989258,0,-0.000532632,0
1773774539989,0.0878906,-0.216309,0.988281,-0.000532632,-0.000532632,-0.000532632
1773774540060,0.0893555,-0.216309,0.987793,-0.000532632,-0.00106526,0.000532632
1773774540140,0.0878906,-0.218262,0.990234,0,-0.0015979,0
1773774540221,0.0874023,-0.217285,0.988281,-0.00106526,-0.000532632,0
1773774540292,0.0893555,-0.216309,0.990234,0,-0.000532632,-0.000532632
1773774540372,0.0869141,-0.217285,0.98877,0,0,0
1773774540453,0.0874023,-0.218262,0.98877,0.00106526,0,0.000532632
1773774540524,0.0874023,-0.216309,0.991211,0,0,0.00106526
1773774540604,0.0878906,-0.216797,0.989258,0,-0.0015979,0.000532632
1773774540684,0.0898438,-0.216797,0.987305,0.000532632,0,0
1773774540755,0.0869141,-0.218262,0.98877,-0.00106526,-0.000532632,0
1773774540836,0.0874023,-0.216309,0.987305,0,0,0.000532632
1773774540916,0.0883789,-0.216309,0.990234,0,-0.00106526,0
1773774540986,0.0883789,-0.217773,0.984863,0,-0.000532632,0.00106526
1773774541067,0.0893555,-0.217773,0.98877,0,-0.00106526,-0.00106526
1773774541137,0.0893555,-0.21582,0.987305,0.000532632,0.000532632,-0.000532632
1773774541218,0.090332,-0.218262,0.989746,0.000532632,-0.00106526,0.000532632
1773774541298,0.0893555,-0.217773,0.988281,-0.000532632,-0.000532632,0
1773774541369,0.0898438,-0.215332,0.98877,0.000532632,-0.000532632,0
1773774541449,0.0883789,-0.217773,0.987793,0,-0.000532632,-0.000532632
1773774541530,0.0883789,-0.217285,0.98877,0,-0.000532632,0.000532632
1773774541600,0.0893555,-0.21875,0.986816,0.00106526,-0.000532632,0
1773774541681,0.0859375,-0.217773,0.989258,-0.0015979,-0.000532632,-0.000532632
1773774541761,0.0874023,-0.216309,0.987793,-0.0015979,-0.000532632,0
1773774541832,0.0869141,-0.216797,0.988281,-0.000532632,-0.000532632,0.000532632
1773774541912,0.0864258,-0.21582,0.987305,0.000532632,0,0.000532632
1773774541993,0.0898438,-0.214844,0.990234,-0.000532632,-0.000532632,0
1773774542063,0.090332,-0.219727,0.987793,0,0,0
1773774542144,0.0883789,-0.217285,0.989746,-0.000532632,-0.00106526,0
1773774542225,0.0878906,-0.217285,0.98877,-0.000532632,-0.000532632,-0.000532632
1773774542295,0.0869141,-0.216309,0.989258,-0.000532632,-0.00106526,-0.000532632
1773774542376,0.0874023,-0.21582,0.98877,0,-0.000532632,0
1773774542446,0.0888672,-0.214844,0.989746,0,-0.000532632,0.00106526
1773774542527,0.0874023,-0.217773,0.98877,-0.00106526,0,0
1773774542607,0.0883789,-0.216797,0.988281,-0.000532632,0,0.00106526
1773774542678,0.0869141,-0.216309,0.991699,-0.000532632,-0.000532632,0
1773774542758,0.0888672,-0.216797,0.990234,-0.000532632,0,0
1773774542839,0.0869141,-0.216797,0.987793,0.000532632,-0.00106526,0
1773774542909,0.0888672,-0.21875,0.98877,0.00106526,-0.000532632,-0.00106526
1773774542990,0.0908203,-0.216797,0.98877,0,-0.000532632,0.000532632
1773774543070,0.0883789,-0.216797,0.989746,0.000532632,-0.00106526,0
1773774543141,0.0898438,-0.215332,0.988281,-0.00106526,-0.00106526,-0.00106526
1773774543221,0.0888672,-0.21582,0.987793,0.000532632,-0.000532632,0
1773774543302,0.090332,-0.218262,0.989258,0.000532632,-0.000532632,-0.000532632
1773774543372,0.0878906,-0.217773,0.990723,0.000532632,-0.000532632,0
1773774543453,0.0893555,-0.217285,0.98877,-0.000532632,0,0
1773774543534,0.0878906,-0.219238,0.987305,0,0,0
1773774543604,0.0908203,-0.21582,0.987793,-0.000532632,-0.000532632,0.000532632
1773774543685,0.0883789,-0.218262,0.987793,0.0015979,-0.000532632,0
1773774543755,0.0869141,-0.217773,0.989746,0,0,-0.000532632
1773774543836,0.0878906,-0.216797,0.98877,0,-0.000532632,0
1773774543916,0.0883789,-0.216309,0.989746,-0.000532632,-0.00213053,-0.000532632
1773774543987,0.0869141,-0.216797,0.989258,0.000532632,-0.000532632,0
1773774544067,0.0883789,-0.216797,0.98877,0,-0.000532632,0.00106526
1773774544148,0.0859375,-0.214844,0.989258,-0.000532632,-0.00106526,0
1773774544218,0.0888672,-0.215332,0.989746,0.000532632,0,-0.000532632
1773774544299,0.0893555,-0.217285,0.987793,0,-0.000532632,0
1773774544380,0.0883789,-0.217285,0.987305,0.000532632,-0.000532632,-0.000532632
1773774544450,0.0883789,-0.216309,0.987793,0,0,0
1773774544531,0.0893555,-0.216797,0.98877,0,-0.00106526,-0.000532632
1773774544611,0.0878906,-0.217773,0.987793,0.000532632,-0.000532632,0
1773774544682,0.0878906,-0.216309,0.989746,-0.000532632,-0.00106526,0.000532632
1773774544762,0.0888672,-0.216309,0.98877,0,-0.0015979,0
1773774544833,0.0888672,-0.216797,0.98877,0,-0.000532632,-0.000532632
1773774544913,0.0878906,-0.216797,0.990234,0.00106526,0,0
1773774544994,0.0878906,-0.216309,0.987793,0.000532632,-0.000532632,0
1773774545064,0.0888672,-0.217285,0.990234,0.00106526,-0.0015979,0
1773774545145,0.0864258,-0.215332,0.987793,0.000532632,0.000532632,0.000532632
1773774545226,0.0874023,-0.216309,0.989746,0.000532632,-0.00106526,0
1773774545296,0.090332,-0.21582,0.987793,-0.000532632,-0.000532632,0.00106526
1773774545377,0.0878906,-0.216797,0.98877,0,0,0.000532632
1773774545457,0.0878906,-0.215332,0.98877,-0.000532632,0,-0.00106526
1773774545528,0.0869141,-0.214844,0.98877,0,-0.00106526,0.000532632
1773774545608,0.0869141,-0.216309,0.98877,0,-0.00106526,0
1773774545689,0.0893555,-0.218262,0.987305,0,-0.000532632,0.0015979
1773774545759,0.0874023,-0.21875,0.98877,0.00106526,-0.000532632,0
1773774545840,0.0893555,-0.215332,0.990234,-0.000532632,0,-0.00106526
1773774545920,0.090332,-0.216797,0.988281,0.000532632,0,0
1773774545991,0.0883789,-0.216797,0.990723,0.000532632,0.000532632,0.000532632
1773774546071,0.0893555,-0.21582,0.987793,0,-0.00106526,-0.000532632
1773774546142,0.0883789,-0.217285,0.98877,-0.000532632,-0.00106526,-0.000532632
1773774546222,0.0893555,-0.216797,0.990723,-0.000532632,0,0
1773774546303,0.0878906,-0.217285,0.987793,-0.000532632,-0.000532632,-0.000532632
1773774546374,0.0893555,-0.21582,0.989258,0,-0.000532632,0
1773774546454,0.0883789,-0.218262,0.987793,0.000532632,-0.000532632,0
1773774546535,0.0893555,-0.216797,0.98877,-0.000532632,0.000532632,0
1773774546605,0.0883789,-0.214355,0.989258,-0.00106526,0,0
1773774546686,0.0898438,-0.21582,0.987793,-0.000532632,-0.000532632,0
1773774546766,0.0893555,-0.216309,0.989746,-0.000532632,-0.000532632,-0.000532632
1773774546837,0.0888672,-0.21582,0.989746,0,0,0
1773774546917,0.0864258,-0.216797,0.988281,-0.00106526,0,0
1773774546998,0.0864258,-0.216309,0.987793,0,-0.000532632,0
1773774547068,0.0878906,-0.217773,0.987305,-0.000532632,-0.000532632,0.000532632
1773774547149,0.0874023,-0.214844,0.98877,-0.00106526,-0.0015979,0
1773774547229,0.0883789,-0.217773,0.98877,0.000532632,-0.000532632,-0.00106526
1773774547300,0.0898438,-0.214844,0.989746,0.000532632,-0.000532632,-0.000532632
1773774547381,0.0878906,-0.216797,0.991211,0,-0.0015979,0.00106526
1773774547451,0.0893555,-0.217773,0.989746,0.000532632,-0.000532632,-0.000532632
1773774547532,0.0893555,-0.215332,0.990234,0,-0.00106526,0.000532632
1773774547612,0.0893555,-0.21582,0.990234,0,0,0
1773774547683,0.0888672,-0.214844,0.987793,-0.00106526,-0.000532632,0.000532632
1773774547763,0.0893555,-0.216309,0.986816,-0.000532632,-0.00106526,-0.00106526
1773774547844,0.0874023,-0.217773,0.991211,-0.000532632,0,0
1773774547914,0.0883789,-0.214844,0.989258,0,-0.000532632,0.000532632
1773774547995,0.0898438,-0.214844,0.98877,0,0,-0.000532632
1773774548076,0.0883789,-0.216309,0.990234,0,0,0.000532632
1773774548146,0.0888672,-0.21582,0.989746,0.000532632,-0.00106526,0.00106526
1773774548227,0.0888672,-0.217773,0.989258,0,0.000532632,0.00106526
1773774548307,0.0874023,-0.215332,0.989746,-0.000532632,-0.000532632,-0.00106526
1773774548378,0.0864258,-0.21582,0.986816,-0.00106526,0.000532632,-0.00106526
1773774548458,0.0908203,-0.214355,0.989746,0,0.000532632,-0.000532632
1773774548539,0.0893555,-0.216797,0.989746,-0.000532632,0,0
1773774548609,0.0883789,-0.214355,0.989258,0,-0.000532632,0
1773774548690,0.090332,-0.217285,0.989746,0,-0.00106526,0.000532632
1773774548761,0.0878906,-0.217285,0.989746,0.000532632,0,-0.00106526
1773774548841,0.0874023,-0.216797,0.98877,0,0,0.00106526
1773774548922,0.0878906,-0.216309,0.988281,-0.000532632,-0.0015979,-0.000532632
1773774548992,0.0893555,-0.216797,0.990234,0.000532632,-0.000532632,0
1773774549073,0.0874023,-0.216309,0.988281,-0.000532632,-0.0015979,0.000532632
1773774549153,0.0859375,-0.21582,0.989258,0,-0.000532632,0
1773774549224,0.090332,-0.216309,0.988281,0,0.00106526,0
1773774549304,0.0874023,-0.215332,0.989258,-0.000532632,-0.000532632,-0.00106526
1773774549385,0.090332,-0.215332,0.990234,-0.00106526,0,0.000532632
1773774549455,0.0888672,-0.217773,0.990723,0,-0.00106526,0.00106526
1773774549536,0.0883789,-0.217285,0.989746,-0.00106526,0,0
1773774549616,0.0883789,-0.215332,0.98877,0.000532632,-0.000532632,0
1773774549687,0.0883789,-0.21582,0.98877,-0.000532632,-0.000532632,-0.000532632
1773774549767,0.0908203,-0.21582,0.988281,0,-0.0015979,0
1773774549848,0.0893555,-0.21582,0.989258,0,-0.000532632,-0.0015979
1773774549918,0.0893555,-0.216797,0.987793,0,-0.000532632,0.000532632
1773774549999,0.0878906,-0.216309,0.98877,0,-0.000532632,0
1773774550069,0.0859375,-0.216797,0.991699,-0.0015979,-0.00106526,0
1773774550150,0.0874023,-0.215332,0.990234,-0.000532632,-0.000532632,-0.000532632
1773774550230,0.0883789,-0.216309,0.987793,-0.00106526,-0.00106526,0
1773774550301,0.0893555,-0.216309,0.988281,0,-0.00106526,-0.000532632
1773774550381,0.0878906,-0.215332,0.989746,0.000532632,-0.000532632,0.00106526
1773774550462,0.0888672,-0.217285,0.989746,-0.00106526,-0.00106526,0.000532632
1773774550533,0.0888672,-0.220703,0.990234,-0.00106526,-0.00106526,0.000532632
1773774550613,0.0888672,-0.216797,0.98877,0,0,0.000532632
1773774550694,0.0888672,-0.216797,0.98877,0.00106526,-0.00106526,-0.000532632
1773774550764,0.0883789,-0.216309,0.989746,0,0,0
1773774550845,0.0893555,-0.216309,0.989746,-0.000532632,-0.000532632,-0.000532632
1773774550925,0.0878906,-0.219238,0.987793,0,0,0.000532632
1773774550996,0.0869141,-0.217285,0.989746,0.000532632,-0.000532632,0
1773774551076,0.0878906,-0.214844,0.98877,-0.000532632,-0.0015979,0
1773774551157,0.0869141,-0.217773,0.987793,-0.000532632,-0.000532632,0.000532632
1773774551227,0.0878906,-0.216797,0.989746,-0.000532632,-0.00106526,0
1773774551308,0.0869141,-0.216797,0.986816,0,-0.0015979,0
1773774551378,0.0878906,-0.21582,0.98877,-0.000532632,-0.00106526,-0.00106526
1773774551459,0.0888672,-0.217773,0.989746,0,-0.0015979,-0.000532632
1773774551539,0.0874023,-0.215332,0.989746,0,-0.000532632,-0.000532632
1773774551610,0.0874023,-0.216797,0.989746,0.000532632,-0.00106526,0
1773774551691,0.0893555,-0.217285,0.98877,-0.000532632,-0.00106526,0
1773774551771,0.090332,-0.216309,0.987793,-0.000532632,-0.000532632,-0.00106526
1773774551842,0.0869141,-0.217773,0.987793,0,-0.0015979,-0.000532632
1773774551922,0.0913086,-0.217285,0.990234,0.000532632,-0.00106526,0.00106526
1773774552003,0.0874023,-0.216797,0.989746,0.000532632,-0.00106526,-0.00106526
1773774552073,0.0878906,-0.216797,0.987793,0,-0.000532632,-0.000532632
1773774552154,0.0888672,-0.217773,0.987793,0.000532632,0,-0.00106526
1773774552235,0.0878906,-0.217773,0.986816,0,0,-0.000532632
1773774552305,0.0878906,-0.21875,0.987793,0,0,0
1773774552386,0.0869141,-0.217285,0.987793,0,0,0.00106526
1773774552456,0.0878906,-0.217773,0.98877,0,-0.000532632,0
1773774552537,0.0888672,-0.217285,0.98877,0,0,-0.00106526
1773774552617,0.0878906,-0.216309,0.989258,-0.0015979,-0.00106526,-0.000532632
1773774552688,0.0869141,-0.217773,0.989258,-0.000532632,0,0.000532632
1773774552768,0.0888672,-0.217773,0.989258,0,-0.000532632,0
1773774552849,0.0874023,-0.217285,0.98877,-0.00106526,-0.0015979,0.000532632
1773774552919,0.0883789,-0.21582,0.990234,0.000532632,-0.000532632,0
1773774553000,0.0878906,-0.215332,0.988281,-0.000532632,-0.000532632,-0.000532632
1773774553081,0.0869141,-0.21582,0.990234,0.000532632,0,0.00106526
1773774553151,0.0908203,-0.215332,0.986816,0.000532632,0,0
1773774553232,0.0878906,-0.216797,0.987305,-0.000532632,-0.000532632,0
1773774553312,0.090332,-0.215332,0.989258,-0.000532632,-0.000532632,-0.000532632
1773774553383,0.0883789,-0.217285,0.987793,0,-0.0015979,-0.00106526
1773774553463,0.0883789,-0.218262,0.987305,0,-0.000532632,0.000532632
1773774553544,0.0888672,-0.217285,0.987793,0,-0.000532632,-0.000532632
1773774553614,0.0888672,-0.217773,0.989258,-0.000532632,-0.00106526,-0.000532632
1773774553695,0.0874023,-0.216797,0.987305,0.000532632,0,-0.00106526
1773774553765,0.0874023,-0.216797,0.989258,0,-0.00106526,0
1773774553846,0.0874023,-0.216797,0.987793,0,-0.000532632,0
1773774553926,0.0888672,-0.216309,0.989258,-0.000532632,0,0
1773774553997,0.0874023,-0.21582,0.98877,-0.0015979,-0.0015979,0
1773774554077,0.0874023,-0.216797,0.989746,0,-0.000532632,0
1773774554158,0.0878906,-0.21582,0.990234,0,0,-0.000532632
1773774554228,0.0878906,-0.216309,0.988281,0,0,0.000532632
1773774554309,0.0888672,-0.216797,0.98877,-0.00106526,0.000532632,0
1773774554390,0.0878906,-0.216309,0.98877,0,-0.0015979,-0.00106526
1773774554460,0.090332,-0.217285,0.986816,0,-0.00106526,-0.00106526
1773774554541,0.0874023,-0.218262,0.987793,-0.000532632,-0.0015979,-0.000532632
1773774554621,0.0883789,-0.217285,0.989258,0.000532632,-0.0015979,0
1773774554692,0.0883789,-0.216309,0.98877,-0.000532632,-0.00106526,0
1773774554772,0.0864258,-0.216797,0.986816,0,-0.000532632,0
1773774554853,0.0893555,-0.216797,0.98877,0.000532632,-0.000532632,-0.00106526
1773774554923,0.090332,-0.217285,0.990234,0.000532632,-0.0015979,-0.0015979
1773774555004,0.0878906,-0.218262,0.986816,0,-0.00106526,-0.00106526
1773774555074,0.0878906,-0.218262,0.989746,0.00106526,-0.0015979,-0.00106526
1773774555155,0.0878906,-0.215332,0.988281,0.000532632,-0.0015979,-0.000532632
1773774555236,0.0898438,-0.217773,0.987793,-0.000532632,-0.00106526,-0.00106526
1773774555306,0.0874023,-0.216797,0.989258,-0.00106526,-0.000532632,0.000532632
1773774555388,0.0869141,-0.214844,0.989258,-0.000532632,-0.00106526,-0.000532632
1773774555467,0.0878906,-0.219238,0.98877,0.00106526,-0.0015979,0
1773774555537,0.0883789,-0.217285,0.987305,-0.000532632,-0.000532632,0
1773774555618,0.0869141,-0.218262,0.987793,0.000532632,-0.0015979,-0.000532632
1773774555700,0.0859375,-0.21582,0.98877,0,-0.00106526,-0.000532632
1773774555769,0.0893555,-0.217773,0.988281,-0.000532632,-0.0015979,-0.000532632
1773774555850,0.0883789,-0.217285,0.988281,0,-0.000532632,-0.000532632
1773774555930,0.0888672,-0.217773,0.989258,-0.000532632,0,0.000532632
1773774556000,0.0874023,-0.216309,0.98877,-0.00106526,-0.000532632,-0.000532632
1773774556081,0.0888672,-0.217285,0.989746,0,-0.000532632,-0.000532632
1773774556162,0.0883789,-0.217773,0.989258,0,-0.000532632,0
1773774556232,0.0869141,-0.213867,0.98877,0,-0.00106526,-0.000532632
1773774556313,0.0883789,-0.216797,0.989258,0,-0.000532632,-0.00106526
1773774556384,0.0874023,-0.217285,0.989746,0,-0.00106526,-0.00106526
1773774556464,0.0878906,-0.216309,0.989258,0,-0.0015979,0
1773774556544,0.0864258,-0.218262,0.987305,0,-0.000532632,-0.00106526
1773774556615,0.0878906,-0.216309,0.989258,0,-0.0015979,-0.000532632
1773774556695,0.0893555,-0.217285,0.98877,0,0.000532632,0
1773774556776,0.0878906,-0.218262,0.98877,0.00106526,-0.000532632,0.000532632
1773774556846,0.0883789,-0.216309,0.988281,0,0,0.000532632
1773774556927,0.0883789,-0.216309,0.987793,-0.000532632,-0.0015979,0.000532632
1773774557009,0.0864258,-0.216797,0.989746,0.0015979,-0.00106526,0.000532632
1773774557078,0.0878906,-0.216797,0.989258,-0.000532632,-0.000532632,-0.00106526
1773774557158,0.0883789,-0.216309,0.987305,-0.000532632,0,0.000532632
1773774557239,0.0869141,-0.217285,0.987793,0,-0.000532632,-0.000532632
1773774557310,0.0874023,-0.216797,0.98877,-0.000532632,0,-0.00106526
1773774557391,0.0874023,-0.217285,0.989258,0,0,0.000532632
1773774557461,0.0888672,-0.214844,0.988281,-0.000532632,-0.00106526,0.000532632
1773774557542,0.0888672,-0.217285,0.987305,0.000532632,-0.00106526,0
1773774557622,0.0878906,-0.216309,0.990723,-0.000532632,-0.00106526,0
1773774557693,0.0859375,-0.216797,0.989258,-0.00106526,-0.00106526,0.00106526
1773774557773,0.0888672,-0.217773,0.987793,0,-0.000532632,0
1773774557854,0.0893555,-0.217773,0.98877,-0.000532632,-0.00106526,0
1773774557924,0.0869141,-0.217285,0.98877,0,-0.00106526,0
1773774558005,0.0874023,-0.217773,0.988281,0,-0.0015979,0.000532632
1773774558085,0.0874023,-0.217285,0.990723,0.000532632,-0.000532632,0.000532632
1773774558156,0.0878906,-0.219727,0.989746,0,-0.000532632,0.000532632
1773774558236,0.0869141,-0.219238,0.987793,0.000532632,0,0.000532632
1773774558317,0.0869141,-0.215332,0.98877,0.000532632,-0.000532632,0
1773774558388,0.0864258,-0.21582,0.988281,-0.000532632,-0.00106526,-0.000532632
1773774558468,0.0883789,-0.217285,0.989258,-0.000532632,0,0
1773774558539,0.0878906,-0.214844,0.988281,0.000532632,-0.00106526,-0.00106526
1773774558619,0.0888672,-0.216797,0.989746,-0.000532632,-0.00106526,0
1773774558700,0.0883789,-0.21582,0.989746,-0.000532632,-0.0015979,0
1773774558770,0.0878906,-0.216797,0.989258,-0.00106526,-0.000532632,0
1773774558851,0.0869141,-0.216797,0.989258,-0.000532632,0,0.00106526
1773774558932,0.0893555,-0.214844,0.989258,-0.000532632,-0.00106526,0
1773774559002,0.0878906,-0.217285,0.987793,0,-0.00106526,-0.000532632
1773774559083,0.0874023,-0.220215,0.98877,0,-0.00106526,0.000532632
1773774559163,0.0883789,-0.21582,0.990234,0.000532632,-0.00106526,-0.000532632
1773774559234,0.0878906,-0.218262,0.987793,-0.000532632,-0.000532632,0
1773774559314,0.0888672,-0.21582,0.989258,0.000532632,-0.000532632,0
1773774559395,0.0878906,-0.216797,0.989746,0,-0.0015979,0
1773774559465,0.0869141,-0.217285,0.989258,-0.000532632,-0.000532632,0
1773774559546,0.0878906,-0.217285,0.985352,0.000532632,-0.00106526,-0.000532632
1773774559626,0.0883789,-0.214355,0.98877,0.000532632,-0.00106526,0
1773774559697,0.0878906,-0.215332,0.989746,0,-0.00106526,-0.00106526
1773774559777,0.0859375,-0.216309,0.987305,0.000532632,-0.00106526,-0.000532632
1773774559848,0.0878906,-0.219727,0.987793,-0.000532632,-0.000532632,0
1773774559928,0.0874023,-0.218262,0.989258,-0.000532632,-0.000532632,-0.000532632
1773774560009,0.0883789,-0.21582,0.991211,0.00106526,-0.00106526,0
1773774560080,0.0878906,-0.216797,0.989258,0,-0.000532632,0
1773774560160,0.0898438,-0.216309,0.988281,-0.00106526,-0.000532632,0.00106526
1773774560241,0.0883789,-0.217773,0.987793,-0.000532632,0,0
1773774560311,0.0893555,-0.217773,0.989258,-0.000532632,-0.000532632,0.000532632
1773774560392,0.0888672,-0.218262,0.98877,0.000532632,0,0
1773774560472,0.0874023,-0.217773,0.98584,-0.000532632,-0.000532632,0
1773774560543,0.0898438,-0.215332,0.987793,0,0.000532632,-0.000532632
1773774560623,0.0888672,-0.217285,0.987793,0,-0.000532632,0
1773774560704,0.0888672,-0.216797,0.991699,0.000532632,-0.00106526,-0.00106526
1773774560774,0.0888672,-0.220215,0.990234,-0.000532632,0.000532632,-0.000532632
1773774560855,0.0898438,-0.217773,0.989746,-0.000532632,0,0
1773774560935,0.0883789,-0.21582,0.986328,0,0,0.000532632
1773774561006,0.0883789,-0.215332,0.988281,-0.000532632,-0.00106526,-0.000532632
1773774561086,0.0883789,-0.217285,0.987793,0,-0.00106526,-0.000532632
1773774561157,0.0878906,-0.217285,0.987305,0.00106526,-0.000532632,0.000532632
1773774561237,0.0888672,-0.217285,0.989258,0.000532632,0,0
1773774561318,0.0864258,-0.216797,0.987305,0,-0.00106526,0.000532632
1773774561389,0.0898438,-0.21875,0.989258,0.000532632,-0.00106526,0.000532632
1773774561469,0.0883789,-0.21582,0.98877,-0.000532632,-0.0015979,0.000532632
1773774561550,0.0898438,-0.216797,0.989258,0,0,0
1773774561620,0.0864258,-0.214355,0.989258,0.000532632,-0.000532632,-0.00106526
1773774561701,0.0883789,-0.217773,0.990234,0,0,0
1773774561781,0.0883789,-0.216309,0.98877,0,0.000532632,0
1773774561852,0.0878906,-0.216309,0.989258,-0.000532632,0,0.000532632
1773774561932,0.0864258,-0.21582,0.989258,0.000532632,-0.00106526,0.000532632
1773774562013,0.0878906,-0.217285,0.987793,-0.000532632,-0.00106526,0
1773774562083,0.0874023,-0.217773,0.987305,0,0.000532632,0
1773774562164,0.0869141,-0.214355,0.98877,-0.000532632,-0.000532632,-0.0015979
1773774562234,0.0883789,-0.218262,0.987793,-0.000532632,-0.000532632,0
1773774562315,0.0864258,-0.21582,0.990234,-0.000532632,-0.0015979,-0.000532632
1773774562396,0.090332,-0.217285,0.989746,0,-0.0015979,-0.000532632
1773774562466,0.0883789,-0.217285,0.988281,-0.000532632,-0.00106526,0.000532632
1773774562547,0.0883789,-0.216797,0.987305,0.000532632,0,0
1773774562627,0.0888672,-0.216797,0.989258,-0.000532632,-0.00106526,-0.000532632
1773774562698,0.0874023,-0.217285,0.98877,-0.000532632,-0.0015979,0
1773774562779,0.0888672,-0.218262,0.987793,-0.000532632,-0.000532632,-0.000532632
1773774562859,0.0874023,-0.217773,0.98877,0.000532632,-0.000532632,0.000532632
1773774562930,0.0888672,-0.219727,0.987305,0,-0.000532632,-0.00106526
1773774563010,0.0869141,-0.216309,0.987793,-0.000532632,-0.0015979,0
1773774563091,0.0859375,-0.218262,0.988281,0.00106526,-0.000532632,0.000532632
1773774563161,0.0878906,-0.216309,0.988281,0.000532632,-0.0015979,0.000532632
1773774563242,0.0869141,-0.21582,0.98877,0,0,0.000532632
1773774563322,0.0888672,-0.218262,0.987793,0.000532632,-0.00106526,0
1773774563393,0.0864258,-0.214844,0.986816,0,0,0.00106526
1773774563474,0.0888672,-0.217773,0.98877,0,0,0.000532632
1773774563544,0.0878906,-0.218262,0.987305,0,-0.000532632,-0.000532632
1773774563625,0.0878906,-0.218262,0.98877,0,-0.00106526,0.000532632
1773774563705,0.0869141,-0.21582,0.98584,0.000532632,-0.00106526,0.000532632
1773774563776,0.0874023,-0.217773,0.990723,0.000532632,0,0.000532632
1773774563856,0.0898438,-0.218262,0.98877,-0.000532632,-0.000532632,0
1773774563937,0.0874023,-0.216309,0.989258,-0.000532632,-0.00106526,0
1773774564007,0.0864258,-0.217285,0.989258,0.00106526,-0.00213053,0.000532632
1773774564088,0.0893555,-0.216309,0.987305,-0.000532632,-0.000532632,-0.000532632
1773774564168,0.0893555,-0.213379,0.98877,0.000532632,-0.000532632,0
1773774564239,0.0893555,-0.214355,0.989258,-0.000532632,-0.00106526,0.000532632
1773774564319,0.0878906,-0.216309,0.990234,0.000532632,-0.000532632,0.000532632
1773774564400,0.0874023,-0.217285,0.989746,0,0,-0.000532632
1773774564470,0.0898438,-0.217773,0.989258,0,-0.00106526,0
1773774564551,0.0888672,-0.216797,0.987305,0.000532632,-0.000532632,0.000532632
1773774564631,0.0874023,-0.21582,0.989746,0,0.000532632,0.00106526
1773774564702,0.0869141,-0.216309,0.987305,-0.00106526,0,0
1773774564782,0.0874023,-0.215332,0.987305,0.00106526,-0.000532632,-0.000532632
1773774564853,0.0874023,-0.216309,0.987793,-0.000532632,-0.000532632,-0.000532632
1773774564933,0.0878906,-0.218262,0.988281,0.000532632,-0.00106526,-0.000532632
1773774565015,0.0869141,-0.21582,0.987793,0.00106526,-0.000532632,0
1773774565085,0.0859375,-0.21582,0.988281,-0.000532632,-0.00106526,0.000532632
1773774565165,0.0874023,-0.217285,0.988281,-0.00106526,-0.00106526,0
1773774565246,0.0878906,-0.215332,0.988281,0,0.000532632,-0.000532632
1773774565316,0.0898438,-0.216797,0.988281,0,0,0
1773774565397,0.0869141,-0.216309,0.989258,0,0,-0.000532632
1773774565477,0.0878906,-0.218262,0.989258,-0.0015979,0,-0.000532632
1773774565548,0.0883789,-0.216309,0.988281,0,-0.00106526,0.000532632
1773774565628,0.0878906,-0.217285,0.990723,0.000532632,0.000532632,0.000532632
1773774565709,0.0883789,-0.218262,0.989258,0,-0.00106526,0
1773774565779,0.0878906,-0.216797,0.98877,-0.0015979,-0.0015979,0
1773774565860,0.0908203,-0.21582,0.989746,-0.000532632,0,-0.000532632
1773774565930,0.0888672,-0.216797,0.989746,-0.00106526,-0.000532632,0.000532632
1773774566011,0.0864258,-0.21582,0.98877,0.000532632,-0.000532632,0
1773774566092,0.0878906,-0.218262,0.989258,-0.000532632,-0.00106526,0.000532632
1773774566162,0.0864258,-0.21875,0.988281,-0.000532632,-0.0015979,0
1773774566243,0.0869141,-0.217773,0.990234,0,-0.0015979,-0.000532632
1773774566323,0.0874023,-0.215332,0.990234,0,-0.00106526,-0.000532632
1773774566394,0.0908203,-0.21582,0.987793,-0.000532632,-0.000532632,0
1773774566474,0.0874023,-0.217285,0.987793,0,-0.0015979,0
1773774566555,0.0888672,-0.21582,0.989258,0,0,-0.00106526
1773774566625,0.0883789,-0.216797,0.989258,0,-0.00106526,0.00106526
1773774566706,0.0874023,-0.21582,0.987793,0,-0.000532632,-0.000532632
1773774566786,0.0859375,-0.218262,0.988281,0,-0.000532632,0.000532632
1773774566857,0.0874023,-0.216797,0.98877,0,-0.000532632,0
1773774566937,0.0878906,-0.218262,0.988281,0.000532632,-0.000532632,-0.000532632
1773774567018,0.0864258,-0.218262,0.988281,0.000532632,-0.00213053,0
1773774567088,0.0869141,-0.217773,0.987793,0,0,0
1773774567169,0.0874023,-0.216797,0.98877,0.000532632,-0.0015979,0.000532632
1773774567240,0.0898438,-0.214355,0.989258,0,-0.000532632,-0.000532632
1773774567320,0.0888672,-0.21582,0.989746,0,0,-0.000532632
1773774567401,0.0874023,-0.217773,0.989746,0,0,0.0015979
1773774567471,0.0888672,-0.21875,0.98877,-0.000532632,-0.000532632,-0.000532632
1773774567552,0.0893555,-0.217285,0.990234,-0.000532632,0,0
1773774567633,0.0888672,-0.216309,0.989258,0.000532632,0,0
1773774567703,0.0869141,-0.217773,0.989746,0.000532632,-0.000532632,0
1773774567784,0.0854492,-0.216309,0.98877,0,-0.00106526,0
1773774567864,0.0878906,-0.217773,0.987793,0.000532632,-0.00106526,0
1773774567935,0.0869141,-0.216797,0.988281,0.000532632,-0.0015979,0.000532632
1773774568015,0.0874023,-0.217773,0.989258,0.000532632,0,-0.000532632
1773774568096,0.0878906,-0.21582,0.989258,0,-0.000532632,-0.000532632
1773774568166,0.0864258,-0.217773,0.989746,0.000532632,-0.00106526,0.00106526
1773774568247,0.0874023,-0.216309,0.986816,0,-0.000532632,-0.000532632
1773774568327,0.0888672,-0.216797,0.987793,0.000532632,-0.00106526,0.00106526
1773774568398,0.0869141,-0.21582,0.989258,-0.000532632,-0.00106526,0.000532632
1773774568479,0.0874023,-0.21582,0.98877,0,-0.00106526,0.000532632
1773774568549,0.0888672,-0.218262,0.990723,-0.000532632,-0.000532632,-0.00106526
1773774568630,0.0888672,-0.217773,0.98877,0,-0.0015979,0
1773774568710,0.0888672,-0.215332,0.987305,0,0.000532632,0
1773774568781,0.0883789,-0.217285,0.988281,0.000532632,0,0
1773774568861,0.0888672,-0.216797,0.98877,0.000532632,-0.000532632,-0.00106526
1773774568942,0.0878906,-0.217285,0.989258,-0.000532632,-0.00106526,0
1773774569013,0.0878906,-0.21582,0.991211,0.00106526,-0.0015979,0
1773774569093,0.0883789,-0.217285,0.987305,-0.00106526,-0.0015979,-0.000532632
1773774569174,0.0898438,-0.216309,0.98877,0,-0.000532632,-0.00106526
1773774569244,0.0893555,-0.217285,0.988281,0,-0.00106526,0.000532632
1773774569325,0.0874023,-0.21582,0.989258,0,-0.000532632,-0.00106526
1773774569405,0.0883789,-0.215332,0.989746,-0.000532632,-0.000532632,0
1773774569476,0.0878906,-0.216309,0.989258,-0.00106526,-0.00106526,-0.000532632
1773774569556,0.0878906,-0.216797,0.989258,0,-0.000532632,0.000532632
1773774569627,0.0883789,-0.215332,0.990723,0,0.000532632,-0.00106526
1773774569707,0.0888672,-0.216797,0.989258,-0.000532632,-0.000532632,0
1773774569788,0.0888672,-0.214844,0.98877,0.000532632,0,0.000532632
1773774569858,0.0864258,-0.21582,0.988281,0,-0.00106526,0.000532632
1773774569940,0.0869141,-0.214355,0.989746,0,-0.000532632,0.000532632
1773774570020,0.0888672,-0.216797,0.988281,0,0,0.000532632
1773774570090,0.0864258,-0.216797,0.98877,0.000532632,0,0
1773774570170,0.0874023,-0.216309,0.990234,-0.000532632,0,0.000532632
1773774570251,0.0869141,-0.215332,0.987305,0.000532632,0.000532632,0.000532632
1773774570322,0.0883789,-0.216309,0.987793,-0.000532632,0,0.000532632
1773774570402,0.0874023,-0.214844,0.988281,0.000532632,0.000532632,-0.000532632
1773774570483,0.0888672,-0.216797,0.990234,-0.000532632,-0.000532632,-0.000532632
1773774570553,0.0878906,-0.217285,0.98877,0.000532632,-0.000532632,-0.00106526
1773774570634,0.0878906,-0.216309,0.98877,-0.000532632,-0.00106526,0
1773774570704,0.0878906,-0.216797,0.98877,0.000532632,-0.00106526,0
1773774570785,0.0874023,-0.217285,0.987793,0,-0.00106526,0
1773774570866,0.0893555,-0.21582,0.988281,-0.00106526,-0.000532632,0
1773774570936,0.0878906,-0.218262,0.989746,0,-0.00106526,0
1773774571016,0.0878906,-0.21582,0.990234,0,-0.000532632,0
1773774571097,0.0888672,-0.215332,0.989258,0,-0.00106526,-0.000532632
1773774571167,0.0859375,-0.218262,0.988281,0,-0.00106526,0.00213053
1773774571248,0.0888672,-0.217773,0.987793,0,-0.000532632,0.000532632
1773774571328,0.0888672,-0.216797,0.98877,0,-0.00106526,0.000532632
1773774571399,0.0893555,-0.21582,0.987793,-0.000532632,-0.00106526,0.000532632
1773774571479,0.0883789,-0.216309,0.987305,0,0,0
1773774571560,0.0864258,-0.216797,0.98877,0,-0.000532632,0
1773774571630,0.0888672,-0.216797,0.990234,0.000532632,0,-0.00106526
1773774571711,0.0849609,-0.217285,0.98877,-0.0015979,-0.0015979,-0.0015979
1773774571792,0.0878906,-0.216309,0.989258,0,-0.0015979,-0.00106526
1773774571862,0.0864258,-0.217773,0.98877,-0.000532632,-0.00106526,-0.000532632
1773774571942,0.0878906,-0.21582,0.990234,0,0.000532632,-0.000532632
1773774572013,0.0888672,-0.21875,0.987793,0.0015979,-0.000532632,0
1773774572093,0.0878906,-0.217285,0.98877,-0.000532632,-0.000532632,0
1773774572174,0.0878906,-0.217773,0.989746,0.000532632,-0.00106526,0.00106526
1773774572244,0.090332,-0.21582,0.987793,-0.000532632,-0.000532632,-0.000532632
1773774572325,0.0883789,-0.21582,0.990234,-0.000532632,-0.00106526,0
1773774572406,0.0883789,-0.216309,0.989746,-0.000532632,-0.00106526,0
1773774572476,0.0874023,-0.217773,0.987793,0,0,0.000532632
1773774572556,0.0883789,-0.21582,0.98877,0,-0.000532632,0
1773774572637,0.0869141,-0.216797,0.987305,0.000532632,0,0.000532632
1773774572709,0.0883789,-0.217773,0.98877,-0.000532632,-0.000532632,0.000532632
1773774572788,0.0893555,-0.216797,0.989258,0.000532632,0.000532632,0
1773774572869,0.0878906,-0.217285,0.986816,0.000532632,-0.00106526,0
1773774572940,0.0883789,-0.217285,0.98877,0.000532632,0.000532632,0
1773774573020,0.0883789,-0.216797,0.988281,0.000532632,0.000532632,0
1773774573100,0.0874023,-0.216797,0.988281,-0.000532632,-0.000532632,0.000532632
1773774573171,0.0883789,-0.216309,0.98877,-0.000532632,0,0
1773774573251,0.0898438,-0.216797,0.989258,0.00106526,0,0.000532632
1773774573332,0.0864258,-0.21582,0.990723,-0.000532632,0,0
1773774573402,0.0883789,-0.21875,0.988281,0,-0.000532632,-0.00106526
1773774573484,0.0878906,-0.216309,0.989746,-0.000532632,-0.00106526,0.000532632
1773774573553,0.0878906,-0.216309,0.988281,0,-0.00106526,-0.000532632
1773774573634,0.0893555,-0.21875,0.990234,0,-0.000532632,-0.000532632
1773774573715,0.0878906,-0.215332,0.98877,-0.000532632,-0.000532632,0
1773774573787,0.0878906,-0.217773,0.989746,0,0,0
1773774573866,0.0864258,-0.217285,0.989746,-0.000532632,-0.000532632,0
1773774573946,0.0883789,-0.216309,0.987793,0.000532632,0.00106526,0.000532632
1773774574017,0.0874023,-0.218262,0.990723,0.000532632,0,-0.000532632
1773774574097,0.0869141,-0.217285,0.989258,0,0,-0.000532632
1773774574178,0.0874023,-0.216797,0.989746,-0.000532632,-0.000532632,0
1773774574248,0.0874023,-0.216797,0.98877,-0.000532632,-0.00106526,0.000532632
1773774574329,0.0878906,-0.214844,0.98877,0,0,0.000532632
1773774574409,0.0869141,-0.217285,0.989746,0,-0.00106526,0
1773774574480,0.0888672,-0.216797,0.988281,0.000532632,0.000532632,0.000532632
1773774574560,0.0883789,-0.216309,0.989746,0,-0.000532632,0
1773774574641,0.0874023,-0.21582,0.987793,-0.000532632,0,-0.000532632
1773774574711,0.0893555,-0.216797,0.98877,0,-0.000532632,0
1773774574792,0.0878906,-0.217285,0.98877,0,-0.00106526,-0.000532632
1773774574862,0.0893555,-0.21582,0.987793,0,-0.00106526,-0.000532632
1773774574943,0.0878906,-0.215332,0.990723,0,-0.000532632,-0.00106526
1773774575024,0.0893555,-0.217285,0.989258,0,-0.000532632,0
1773774575094,0.0883789,-0.216797,0.989746,0.000532632,0,0.000532632
1773774575175,0.0878906,-0.21582,0.988281,0.000532632,0,0
1773774575255,0.0878906,-0.216797,0.987305,-0.000532632,0.000532632,-0.000532632
1773774575326,0.0869141,-0.21582,0.987793,0,0.000532632,0
1773774575406,0.0859375,-0.21582,0.989258,0,-0.000532632,-0.000532632
1773774575487,0.0878906,-0.21582,0.987793,0.000532632,-0.000532632,0.000532632
1773774575558,0.0883789,-0.216309,0.987305,0,0,-0.000532632
1773774575638,0.0878906,-0.217285,0.989746,-0.000532632,-0.000532632,0.000532632
1773774575719,0.0869141,-0.217285,0.987793,-0.00106526,-0.00106526,0.00106526
1773774575789,0.0869141,-0.216309,0.987793,-0.000532632,-0.000532632,0
1773774575870,0.0874023,-0.217285,0.988281,0.000532632,0.000532632,0
1773774575950,0.090332,-0.217773,0.986328,-0.000532632,-0.000532632,0
1773774576021,0.0888672,-0.214844,0.988281,0,-0.00106526,0.000532632
1773774576102,0.0883789,-0.218262,0.990723,0,-0.00106526,-0.00106526
1773774576172,0.0859375,-0.216797,0.989258,0.000532632,0,0
1773774576253,0.0874023,-0.216797,0.988281,0.000532632,-0.00106526,-0.000532632
1773774576333,0.0883789,-0.215332,0.987793,0.000532632,0,0
1773774576404,0.0878906,-0.21582,0.988281,0,0,0
1773774576484,0.0874023,-0.21875,0.987793,0.000532632,0,0.000532632
1773774576565,0.0888672,-0.216797,0.989258,0,-0.000532632,-0.000532632
1773774576635,0.0898438,-0.219238,0.989746,-0.000532632,-0.00106526,0.000532632
1773774576716,0.0883789,-0.216797,0.987793,-0.00106526,-0.000532632,0
1773774576797,0.0869141,-0.217285,0.987793,0,-0.00106526,0.000532632
1773774576867,0.0874023,-0.217285,0.988281,0.00106526,0,0.00106526
1773774576948,0.0883789,-0.216309,0.986816,-0.000532632,-0.00106526,-0.000532632
1773774577028,0.0878906,-0.21582,0.990234,0,-0.000532632,-0.00106526
1773774577099,0.0883789,-0.217285,0.98877,-0.000532632,0,-0.00106526
1773774577179,0.0874023,-0.216309,0.98877,-0.000532632,-0.00106526,0
1773774577250,0.0869141,-0.21582,0.986816,-0.000532632,-0.000532632,0
1773774577331,0.0864258,-0.214355,0.987793,0,-0.000532632,0.00106526
1773774577411,0.0878906,-0.219238,0.98877,-0.000532632,0,0.00106526
1773774577481,0.0883789,-0.21582,0.98877,-0.000532632,-0.00106526,-0.000532632
1773774577562,0.0874023,-0.216309,0.98584,0,-0.000532632,0.000532632
1773774577643,0.090332,-0.217285,0.989258,0.00106526,-0.000532632,0
1773774577713,0.0874023,-0.217285,0.989746,0,0.000532632,0
1773774577794,0.0888672,-0.216797,0.989258,0.00106526,-0.00106526,0
1773774577874,0.0869141,-0.21875,0.98877,-0.000532632,-0.000532632,0
1773774577945,0.0874023,-0.21582,0.987793,-0.000532632,-0.00106526,0
1773774578025,0.0888672,-0.215332,0.986816,-0.000532632,-0.00106526,0
1773774578106,0.0883789,-0.216309,0.988281,0,-0.00106526,0
1773774578176,0.0888672,-0.21582,0.98877,0.00213053,-0.000532632,0
1773774578257,0.0864258,-0.21582,0.990723,-0.000532632,-0.000532632,0
1773774578337,0.0893555,-0.217285,0.987793,0,-0.000532632,0
1773774578408,0.0874023,-0.216797,0.989258,0.000532632,0,-0.00106526
1773774578488,0.0893555,-0.217285,0.987793,0,-0.00106526,0.000532632
1773774578569,0.0888672,-0.217773,0.98877,0.00106526,0,0.00106526
1773774578639,0.0888672,-0.216309,0.988281,-0.000532632,0,-0.000532632
1773774578720,0.0888672,-0.213867,0.991211,0.000532632,0,-0.000532632
1773774578790,0.0883789,-0.21582,0.98877,0.000532632,0,0
1773774578871,0.0893555,-0.217285,0.98877,-0.00106526,-0.000532632,0
1773774578951,0.0869141,-0.218262,0.988281,-0.000532632,-0.000532632,-0.000532632
1773774579022,0.0898438,-0.217285,0.987305,0,-0.000532632,-0.00106526
1773774579103,0.0883789,-0.217285,0.986816,-0.000532632,-0.0015979,-0.000532632
1773774579183,0.0878906,-0.216797,0.989258,0,-0.000532632,0
1773774579254,0.0898438,-0.218262,0.98877,0,-0.0015979,0
1773774579334,0.0883789,-0.21582,0.988281,0.000532632,-0.00106526,0.000532632
1773774579415,0.0874023,-0.21582,0.986328,-0.00106526,-0.00106526,0.000532632
1773774579485,0.0883789,-0.21582,0.989746,0.000532632,-0.000532632,-0.000532632
1773774579566,0.0883789,-0.21582,0.987793,0.000532632,-0.00106526,0
1773774579647,0.0883789,-0.216309,0.987305,0.000532632,-0.00106526,-0.000532632
1773774579717,0.0878906,-0.216309,0.98877,0,-0.000532632,0
1773774579798,0.0874023,-0.216797,0.988281,-0.000532632,0,-0.000532632
1773774579868,0.0869141,-0.217773,0.987793,0.000532632,0,0
1773774579951,0.0878906,-0.219727,0.989258,0,-0.000532632,0
1773774580029,0.0878906,-0.218262,0.989746,0.000532632,0.00106526,0
1773774580100,0.0874023,-0.216797,0.987793,-0.000532632,-0.000532632,-0.00106526
1773774580180,0.0869141,-0.217285,0.98877,0,-0.000532632,0.000532632
1773774580261,0.0893555,-0.21582,0.989258,0,0,-0.000532632
1773774580332,0.0878906,-0.216309,0.987793,-0.000532632,-0.00213053,0
1773774580412,0.0878906,-0.216797,0.989258,0,0,-0.00106526
1773774580493,0.0869141,-0.217773,0.986328,0.000532632,-0.000532632,0
1773774580563,0.0874023,-0.218262,0.987793,0.000532632,0,0
1773774580644,0.0888672,-0.21582,0.989258,-0.000532632,-0.0015979,0
1773774580724,0.0874023,-0.216797,0.988281,0,-0.000532632,0
1773774580795,0.090332,-0.217285,0.988281,0.000532632,0,0.000532632
1773774580875,0.0883789,-0.215332,0.98877,-0.000532632,-0.000532632,0.00106526
1773774580956,0.0888672,-0.21582,0.987305,0,-0.000532632,0.000532632
1773774581026,0.0893555,-0.216797,0.988281,-0.000532632,-0.00106526,-0.000532632
1773774581107,0.0878906,-0.217773,0.98877,0.000532632,0,-0.00106526
1773774581177,0.0893555,-0.216797,0.987793,-0.000532632,0,0
1773774581258,0.0883789,-0.213867,0.988281,0,-0.000532632,-0.00106526
1773774581338,0.0893555,-0.217773,0.988281,0.00106526,-0.000532632,0.000532632
1773774581409,0.0878906,-0.216309,0.989746,0,-0.00106526,0.000532632
1773774581490,0.0874023,-0.217773,0.988281,0,-0.00106526,-0.000532632
1773774581570,0.0898438,-0.218262,0.989258,-0.00106526,-0.000532632,0.000532632
1773774581641,0.0874023,-0.21875,0.990234,0,-0.00106526,0
1773774581721,0.0898438,-0.217773,0.987793,-0.000532632,-0.00106526,0.000532632
1773774581802,0.0869141,-0.218262,0.986816,0.000532632,-0.0015979,0.000532632
1773774581872,0.0888672,-0.217285,0.988281,-0.000532632,-0.000532632,-0.000532632
1773774581953,0.0893555,-0.216797,0.987793,0,-0.00106526,-0.00106526
1773774582033,0.0878906,-0.216797,0.989258,0.000532632,-0.00106526,0
1773774582104,0.0869141,-0.217285,0.989258,-0.000532632,-0.000532632,0
1773774582184,0.0869141,-0.215332,0.990234,-0.000532632,-0.000532632,-0.000532632
1773774582265,0.0908203,-0.216309,0.989746,0,-0.0015979,0.00106526
1773774582335,0.0869141,-0.217773,0.98877,0,0,0
1773774582416,0.0869141,-0.217285,0.990234,0.000532632,0,-0.0015979
1773774582486,0.0888672,-0.218262,0.98877,0.000532632,-0.00106526,-0.00106526
1773774582567,0.0883789,-0.217773,0.987305,0.000532632,0,-0.00106526
1773774582647,0.0898438,-0.216797,0.988281,0,-0.000532632,0
1773774582718,0.0883789,-0.218262,0.988281,0,0.00106526,0
1773774582798,0.0883789,-0.214844,0.98877,-0.000532632,-0.00106526,0
1773774582879,0.0869141,-0.217285,0.98877,0.000532632,-0.000532632,0.000532632
1773774582949,0.0878906,-0.21582,0.989258,-0.00106526,-0.000532632,0
1773774583030,0.0888672,-0.216797,0.991211,-0.000532632,-0.00106526,0
1773774583110,0.0893555,-0.217285,0.989258,0,0,0.000532632
1773774583183,0.0878906,-0.218262,0.989746,-0.000532632,-0.000532632,0.00106526
1773774583262,0.0883789,-0.216309,0.988281,0,-0.0015979,0.000532632
1773774583343,0.0883789,-0.217285,0.989258,0.000532632,0,0
1773774583413,0.0893555,-0.218262,0.98877,0.000532632,-0.00106526,-0.000532632
1773774583493,0.0893555,-0.21582,0.989258,-0.000532632,-0.00106526,-0.000532632
1773774583574,0.0869141,-0.217285,0.990234,0,0,0
1773774583644,0.0869141,-0.219238,0.989258,0,-0.000532632,0
1773774583725,0.0893555,-0.216309,0.986328,-0.000532632,-0.0015979,0
1773774583795,0.0883789,-0.21582,0.987305,-0.000532632,-0.000532632,0.00106526
1773774583876,0.0859375,-0.216797,0.988281,0.000532632,-0.000532632,0
1773774583956,0.0878906,-0.21582,0.990234,0.000532632,-0.00106526,0
1773774584027,0.0888672,-0.216309,0.987305,0.000532632,0,-0.000532632
1773774584107,0.0874023,-0.217773,0.987793,0,-0.00106526,0
1773774584188,0.0883789,-0.218262,0.989258,0,-0.000532632,0.000532632
1773774584258,0.0883789,-0.217285,0.989746,0,-0.000532632,-0.000532632
1773774584339,0.0893555,-0.217285,0.986328,0,0,0.000532632
1773774584419,0.0859375,-0.21582,0.988281,0,0,0
1773774584490,0.0893555,-0.217285,0.986816,-0.000532632,-0.000532632,0.000532632
1773774584571,0.0859375,-0.21582,0.989746,0.000532632,-0.00106526,0.000532632
1773774584651,0.0864258,-0.216797,0.987793,-0.000532632,0.000532632,0
1773774584721,0.0874023,-0.216309,0.989258,0.00106526,-0.00106526,0
1773774584802,0.0859375,-0.218262,0.987793,-0.00106526,-0.000532632,0.00106526
1773774584883,0.0893555,-0.216797,0.987793,-0.00106526,0.000532632,0.000532632
1773774584954,0.0888672,-0.218262,0.98877,0,0,-0.000532632
1773774585034,0.0864258,-0.217285,0.989258,-0.00106526,0,0
1773774585104,0.0874023,-0.216797,0.98584,0,-0.000532632,0.000532632
1773774585185,0.0869141,-0.215332,0.989746,0.000532632,-0.00106526,-0.000532632
1773774585266,0.0878906,-0.217773,0.987793,0.000532632,-0.000532632,-0.000532632
1773774585336,0.0874023,-0.216797,0.984863,0,-0.000532632,-0.000532632
1773774585417,0.0874023,-0.217285,0.989258,0,-0.00106526,0.000532632
1773774585497,0.0888672,-0.217773,0.98877,-0.000532632,-0.000532632,-0.000532632
1773774585568,0.0888672,-0.214844,0.98877,0.00106526,-0.00106526,0
1773774585648,0.0874023,-0.21582,0.987793,0,-0.000532632,0
1773774585729,0.0878906,-0.217285,0.990234,0.000532632,0,0.000532632
1773774585799,0.0898438,-0.216797,0.987793,0,-0.000532632,0.000532632
1773774585880,0.090332,-0.216797,0.989258,0.000532632,-0.00106526,0
1773774585960,0.090332,-0.21582,0.990234,-0.000532632,-0.000532632,0.00106526
1773774586031,0.0888672,-0.217285,0.988281,-0.000532632,-0.000532632,0.000532632
1773774586111,0.0864258,-0.216309,0.991211,0.000532632,0.000532632,-0.000532632
1773774586192,0.0869141,-0.214355,0.988281,-0.000532632,0,0
1773774586262,0.0893555,-0.217773,0.987305,0.00106526,0,0.000532632
1773774586343,0.0874023,-0.217285,0.988281,-0.000532632,0,-0.000532632
1773774586413,0.0883789,-0.216309,0.98877,0,0,0
1773774586494,0.0849609,-0.216797,0.987305,0,-0.0015979,0
1773774586574,0.0874023,-0.216309,0.990234,0,-0.000532632,0
1773774586645,0.0893555,-0.216797,0.98877,0.000532632,-0.00106526,-0.000532632
1773774586725,0.0888672,-0.217773,0.98877,-0.000532632,-0.000532632,-0.000532632
1773774586806,0.0883789,-0.217285,0.98877,-0.000532632,0.000532632,0
1773774586876,0.0888672,-0.217285,0.988281,0,0,-0.000532632
1773774586957,0.0883789,-0.216797,0.987793,0.000532632,0,0.000532632
1773774587037,0.0874023,-0.216797,0.988281,0,-0.000532632,-0.00106526
1773774587108,0.0888672,-0.217773,0.98877,-0.000532632,-0.0015979,0
1773774587188,0.0898438,-0.217285,0.989258,0.0015979,0,0
1773774587269,0.0878906,-0.217773,0.989746,0.000532632,-0.00106526,-0.000532632
1773774587340,0.0869141,-0.217285,0.988281,0.000532632,-0.000532632,0.000532632
1773774587420,0.0883789,-0.21582,0.987305,0,0,0
1773774587501,0.0854492,-0.217773,0.989258,0.00106526,-0.000532632,-0.00106526
1773774587571,0.0883789,-0.215332,0.98877,-0.000532632,0,-0.000532632
1773774587652,0.0883789,-0.216309,0.98877,-0.000532632,-0.000532632,0
1773774587722,0.0893555,-0.218262,0.987305,0.000532632,-0.000532632,-0.000532632
1773774587803,0.0878906,-0.217773,0.988281,0.00106526,-0.0015979,-0.00106526
1773774587883,0.0874023,-0.217773,0.98877,0.000532632,-0.000532632,-0.00106526
1773774587954,0.0878906,-0.21875,0.989258,-0.000532632,-0.00106526,0.00106526
1773774588034,0.0888672,-0.217285,0.989258,-0.000532632,-0.000532632,0
1773774588115,0.0883789,-0.21582,0.98877,0,-0.000532632,0
1773774588185,0.0878906,-0.217285,0.987305,0.000532632,-0.00106526,0.000532632
1773774588266,0.0893555,-0.217285,0.98877,-0.000532632,-0.00106526,0.000532632
1773774588348,0.0874023,-0.217285,0.989258,0,-0.000532632,-0.000532632
1773774588418,0.0883789,-0.217285,0.987793,-0.00106526,-0.0015979,0
1773774588498,0.0874023,-0.217773,0.989258,0.000532632,-0.00106526,0.00106526
1773774588579,0.0869141,-0.218262,0.989258,-0.00106526,-0.000532632,-0.000532632
1773774588649,0.0883789,-0.219238,0.987305,0.000532632,-0.000532632,-0.0015979
1773774588730,0.0878906,-0.214844,0.989746,-0.000532632,-0.0015979,0
1773774588800,0.0869141,-0.21582,0.987305,0,-0.0015979,-0.00106526
1773774588881,0.0893555,-0.216309,0.98877,0,-0.0015979,0.000532632
1773774588962,0.0888672,-0.216309,0.988281,-0.000532632,-0.00106526,0.00106526
1773774589032,0.0874023,-0.216797,0.989258,0,0.000532632,-0.000532632
1773774589113,0.0869141,-0.216309,0.988281,-0.000532632,-0.000532632,-0.000532632
1773774589193,0.0888672,-0.215332,0.989746,-0.00106526,-0.00106526,0
1773774589264,0.0874023,-0.216309,0.987793,-0.000532632,0.000532632,0.00106526
1773774589344,0.0893555,-0.217773,0.987305,-0.000532632,-0.000532632,0
1773774589425,0.0878906,-0.217773,0.990234,0.00106526,-0.0015979,0.000532632
1773774589496,0.0869141,-0.21582,0.98877,0.000532632,-0.00106526,-0.000532632
1773774589576,0.0893555,-0.218262,0.989258,0.000532632,-0.000532632,0.000532632
1773774589656,0.0898438,-0.218262,0.98877,0,-0.00106526,-0.000532632
1773774589727,0.0883789,-0.21582,0.988281,0,-0.000532632,0
1773774589807,0.0908203,-0.216309,0.989258,0,0,0.00106526
1773774589878,0.0874023,-0.217773,0.989746,0.000532632,-0.0015979,-0.000532632
1773774589958,0.0898438,-0.215332,0.98877,-0.000532632,0,0
1773774590039,0.0878906,-0.216797,0.988281,-0.000532632,-0.00106526,0
1773774590109,0.0874023,-0.217773,0.989258,-0.000532632,-0.00106526,0
1773774590190,0.0869141,-0.217773,0.988281,0,-0.0015979,0
1773774590271,0.0869141,-0.21582,0.987305,0.000532632,-0.00106526,0
1773774590341,0.0883789,-0.21582,0.987793,-0.00106526,0,0
1773774590422,0.0878906,-0.216309,0.987793,0.000532632,0,-0.000532632
1773774590502,0.0878906,-0.217285,0.989258,-0.000532632,-0.000532632,0
1773774590573,0.0883789,-0.217773,0.987793,0,-0.0015979,-0.00106526
1773774590653,0.0874023,-0.217285,0.98877,-0.000532632,-0.000532632,0
1773774590734,0.0893555,-0.21875,0.989258,0.000532632,0,0.000532632
1773774590804,0.0869141,-0.216309,0.98877,-0.000532632,0.000532632,0.000532632
1773774590885,0.0878906,-0.217773,0.987793,0,-0.00106526,-0.000532632
1773774590965,0.0883789,-0.216797,0.988281,0,-0.0015979,0
1773774591036,0.0878906,-0.217773,0.987793,0,-0.0015979,0.000532632
1773774591116,0.0898438,-0.216309,0.989258,-0.000532632,-0.000532632,0
1773774591187,0.0854492,-0.214355,0.990723,0,0,-0.000532632
1773774591267,0.0883789,-0.218262,0.988281,-0.00106526,-0.00106526,0
1773774591348,0.0878906,-0.218262,0.989746,-0.000532632,-0.000532632,-0.000532632
1773774591418,0.0878906,-0.216797,0.98877,-0.000532632,0.000532632,0.00106526
1773774591499,0.0869141,-0.213867,0.98877,-0.000532632,0.000532632,-0.000532632
1773774591579,0.0878906,-0.21582,0.986816,-0.000532632,-0.00106526,-0.000532632
1773774591650,0.0864258,-0.21582,0.98877,-0.000532632,-0.00106526,0
1773774591730,0.0883789,-0.21582,0.987305,-0.00106526,-0.000532632,-0.0015979
1773774591812,0.0869141,-0.217285,0.989258,-0.000532632,-0.00106526,-0.000532632
1773774591881,0.0898438,-0.216797,0.990234,0,-0.0015979,0.000532632
1773774591962,0.0859375,-0.21582,0.987305,-0.000532632,-0.00106526,0.000532632
1773774592042,0.0859375,-0.216797,0.986816,0.000532632,-0.000532632,0
1773774592113,0.0888672,-0.219238,0.988281,0,0.000532632,0.000532632
1773774592193,0.0893555,-0.216309,0.987793,0,-0.00106526,-0.0015979
1773774592274,0.0893555,-0.21582,0.989746,-0.000532632,-0.000532632,-0.00106526
1773774592345,0.0893555,-0.21582,0.988281,0,0,0
1773774592425,0.0878906,-0.216797,0.989746,0,-0.00106526,-0.00106526
1773774592506,0.0869141,-0.217285,0.988281,0,-0.000532632,0.000532632
1773774592576,0.0878906,-0.216309,0.98877,-0.0015979,-0.00106526,-0.000532632
1773774592657,0.0874023,-0.216797,0.989746,-0.000532632,-0.000532632,0
1773774592727,0.0883789,-0.216797,0.987305,-0.000532632,-0.0015979,0
1773774592808,0.0864258,-0.215332,0.989258,-0.000532632,-0.00106526,0.000532632
1773774592888,0.0878906,-0.21582,0.989258,0,-0.000532632,-0.000532632
1773774592959,0.0874023,-0.21875,0.989746,-0.000532632,-0.000532632,-0.000532632
1773774593039,0.0888672,-0.217773,0.989258,0,-0.00106526,-0.000532632
1773774593120,0.0878906,-0.217773,0.989746,-0.000532632,-0.00106526,0.000532632
1773774593191,0.0878906,-0.216797,0.988281,-0.000532632,-0.000532632,0.000532632
1773774593271,0.0878906,-0.217285,0.987305,0,0,0.000532632
1773774593351,0.0878906,-0.214844,0.987793,0.000532632,-0.0015979,-0.000532632
1773774593422,0.0864258,-0.218262,0.986816,0,-0.000532632,0
1773774593503,0.0888672,-0.216309,0.987305,0,-0.0015979,0
1773774593583,0.0878906,-0.216797,0.986816,-0.000532632,0,0
1773774593654,0.0874023,-0.218262,0.98877,0,0,0.00106526
1773774593734,0.0874023,-0.216797,0.987305,0.00106526,-0.000532632,-0.000532632
1773774593805,0.0874023,-0.216309,0.98877,0.000532632,-0.0015979,0
1773774593885,0.0893555,-0.217773,0.987305,-0.000532632,-0.00106526,-0.00106526
1773774593966,0.0883789,-0.216797,0.989258,-0.000532632,-0.000532632,0
1773774594036,0.0898438,-0.218262,0.988281,0.00106526,0,0
1773774594117,0.0888672,-0.216309,0.989258,0,-0.00106526,0
1773774594197,0.0888672,-0.217285,0.991211,0,-0.0015979,0.000532632
1773774594268,0.0893555,-0.216309,0.987793,-0.000532632,-0.000532632,0
1773774594348,0.0883789,-0.217285,0.988281,-0.000532632,-0.0015979,0
1773774594429,0.0874023,-0.217773,0.987793,0.000532632,0,0.000532632
1773774594499,0.0888672,-0.216309,0.990723,0,0,-0.000532632
1773774594580,0.0883789,-0.217773,0.989746,0.000532632,-0.000532632,0
1773774594660,0.0878906,-0.217773,0.98877,0.000532632,-0.000532632,0
1773774594731,0.0893555,-0.215332,0.988281,0,-0.000532632,0.000532632
1773774594811,0.0888672,-0.21582,0.989746,0,0.000532632,0
1773774594892,0.0874023,-0.218262,0.987793,0.000532632,-0.00106526,-0.000532632
1773774594962,0.0869141,-0.21582,0.987305,0.00106526,0,0
1773774595043,0.0898438,-0.216797,0.989746,-0.000532632,-0.000532632,0
1773774595113,0.0878906,-0.216309,0.986328,-0.000532632,0,0.000532632
1773774595194,0.0878906,-0.218262,0.990234,0,-0.000532632,0
1773774595275,0.0874023,-0.218262,0.989258,0.00106526,-0.000532632,-0.000532632
1773774595345,0.0874023,-0.219238,0.987793,-0.000532632,-0.0015979,0.000532632
1773774595426,0.0893555,-0.21582,0.986816,0.000532632,0,0
1773774595506,0.0878906,-0.217285,0.98877,0,-0.00106526,-0.000532632
1773774595577,0.0869141,-0.217773,0.988281,0,-0.00213053,0
1773774595657,0.0888672,-0.21582,0.98877,0.000532632,-0.000532632,0
1773774595738,0.0864258,-0.214844,0.98877,-0.000532632,-0.000532632,-0.000532632
1773774595808,0.0898438,-0.216309,0.990234,0.00106526,-0.000532632,-0.000532632
1773774595889,0.0883789,-0.216797,0.986816,0,0,0
1773774595970,0.0893555,-0.21582,0.990234,-0.000532632,-0.000532632,0
1773774596040,0.0893555,-0.218262,0.989746,0.000532632,-0.000532632,0
1773774596121,0.0888672,-0.215332,0.988281,-0.000532632,-0.000532632,-0.00106526
1773774596191,0.0888672,-0.217773,0.988281,0,0,-0.00106526
1773774596272,0.0874023,-0.214355,0.989746,-0.00106526,-0.00106526,-0.000532632
1773774596353,0.0883789,-0.217285,0.989258,0,-0.000532632,-0.000532632
1773774596423,0.0883789,-0.218262,0.988281,0,-0.000532632,0.000532632
1773774596504,0.0869141,-0.216309,0.989258,0,0,-0.0015979
1773774596584,0.0893555,-0.216309,0.989258,0,-0.000532632,0
1773774596656,0.0898438,-0.216797,0.989258,0,-0.00106526,0
1773774596735,0.0888672,-0.217285,0.988281,0,-0.000532632,-0.000532632
1773774596816,0.0883789,-0.216309,0.989746,-0.000532632,0,-0.000532632
1773774596886,0.0883789,-0.216797,0.989746,0,0,0.000532632
1773774596969,0.0893555,-0.215332,0.989746,0,-0.000532632,0
1773774597048,0.0893555,-0.21582,0.988281,0,-0.00106526,0.000532632
1773774597118,0.0883789,-0.216309,0.98877,0.000532632,-0.000532632,-0.000532632
1773774597199,0.0883789,-0.216797,0.98877,0,-0.00106526,0.000532632
1773774597270,0.0869141,-0.214355,0.989746,-0.000532632,0,0
1773774597350,0.0883789,-0.216309,0.987793,0,0,0
1773774597431,0.0883789,-0.217773,0.987793,0,0,0
1773774597502,0.0898438,-0.216797,0.98877,-0.0015979,-0.000532632,0
1773774597582,0.0878906,-0.216309,0.988281,0.000532632,-0.000532632,-0.00106526
1773774597662,0.090332,-0.215332,0.987793,-0.000532632,-0.000532632,0.000532632
1773774597733,0.0883789,-0.217285,0.991211,0.000532632,-0.000532632,0.000532632
1773774597813,0.0908203,-0.214844,0.989258,0.000532632,-0.00106526,-0.000532632
1773774597894,0.0893555,-0.215332,0.987793,0.000532632,-0.000532632,-0.000532632
1773774597964,0.0869141,-0.218262,0.989746,-0.000532632,-0.0015979,-0.000532632
1773774598045,0.0874023,-0.216309,0.988281,0,-0.0015979,0
1773774598125,0.0878906,-0.217773,0.989746,0.000532632,-0.000532632,-0.000532632
1773774598196,0.0874023,-0.218262,0.987793,-0.000532632,0,0
1773774598277,0.0898438,-0.216797,0.987305,0.000532632,-0.000532632,-0.00213053
1773774598347,0.0859375,-0.216797,0.990234,0,0,0
1773774598428,0.0878906,-0.216309,0.98877,0.000532632,-0.000532632,0
1773774598508,0.0883789,-0.217285,0.987793,-0.00106526,0,0.000532632
1773774598579,0.0898438,-0.217285,0.989258,-0.000532632,-0.00106526,-0.000532632
1773774598660,0.0874023,-0.214844,0.987793,-0.0015979,0,0
1773774598740,0.0883789,-0.21582,0.987305,0,-0.000532632,0
1773774598812,0.0883789,-0.218262,0.987793,0.000532632,0,0
1773774598891,0.0908203,-0.215332,0.989746,-0.000532632,-0.000532632,0
1773774598972,0.0883789,-0.218262,0.989746,0.000532632,-0.0015979,-0.000532632
1773774599042,0.0898438,-0.216309,0.989258,0,-0.0015979,0.000532632
1773774599123,0.0874023,-0.216797,0.986816,0.00106526,-0.000532632,0
1773774599203,0.0878906,-0.216309,0.990723,0.000532632,-0.000532632,-0.000532632
1773774599274,0.0878906,-0.216309,0.986328,0,0,0
1773774599354,0.0878906,-0.217773,0.989746,0.000532632,-0.0015979,0.000532632
1773774599435,0.090332,-0.217285,0.989258,0,-0.000532632,0.000532632
1773774599505,0.0883789,-0.217285,0.990723,0.000532632,0,-0.000532632
1773774599586,0.0874023,-0.216797,0.987305,-0.000532632,-0.00106526,0.00106526
1773774599656,0.0898438,-0.216797,0.989258,0.000532632,-0.000532632,0.00106526
1773774599737,0.0883789,-0.217285,0.990723,-0.00106526,0,0.00106526
1773774599817,0.0908203,-0.214844,0.987793,0.000532632,-0.000532632,-0.000532632
1773774599888,0.0888672,-0.217285,0.989258,0,0,0
1773774599968,0.0878906,-0.216309,0.987305,-0.00106526,0,0
1773774600049,0.0898438,-0.214844,0.989258,0,-0.00106526,0
1773774600119,0.0883789,-0.216797,0.989746,0,-0.0015979,0.000532632
1773774600200,0.0883789,-0.21582,0.989258,0.000532632,0,-0.000532632
1773774600281,0.0883789,-0.216309,0.988281,0.000532632,-0.00106526,0.00106526
1773774600351,0.0888672,-0.217773,0.989746,0.000532632,-0.00106526,0.000532632
1773774600431,0.0869141,-0.216797,0.988281,0.000532632,-0.000532632,-0.000532632
1773774600512,0.090332,-0.217773,0.990234,-0.00106526,-0.00106526,0.000532632
1773774600583,0.0888672,-0.217773,0.988281,-0.00106526,0,0
1773774600664,0.0888672,-0.215332,0.989746,-0.000532632,0,0
1773774600734,0.0888672,-0.213867,0.989258,0,-0.000532632,-0.000532632
1773774600815,0.0878906,-0.216797,0.989258,-0.000532632,-0.00106526,0
1773774600895,0.0888672,-0.216309,0.989746,-0.00106526,-0.000532632,0
1773774600966,0.0869141,-0.217773,0.98877,0,-0.00106526,-0.000532632
1773774601046,0.090332,-0.216797,0.989746,0,0.000532632,0
1773774601127,0.0883789,-0.216309,0.989258,-0.0015979,-0.00106526,0.000532632
1773774601197,0.0888672,-0.215332,0.988281,0,-0.000532632,0.000532632
1773774601278,0.0883789,-0.216309,0.989746,0.000532632,-0.000532632,0
1773774601358,0.0888672,-0.217773,0.989258,-0.000532632,-0.00106526,0.000532632
1773774601429,0.0864258,-0.216309,0.989746,0.000532632,-0.00106526,0
1773774601509,0.0888672,-0.217773,0.98877,0,-0.00106526,0
1773774601590,0.0874023,-0.217285,0.990234,0,-0.000532632,-0.000532632
1773774601660,0.0898438,-0.216309,0.987305,-0.000532632,-0.000532632,0
1773774601741,0.0864258,-0.21875,0.98877,0.00106526,-0.00106526,0.000532632
1773774601821,0.0874023,-0.217285,0.988281,-0.000532632,-0.000532632,0.000532632
1773774601892,0.0893555,-0.21582,0.98877,0.000532632,-0.000532632,0
1773774601972,0.0864258,-0.21875,0.990234,0,-0.00106526,-0.0015979
1773774602053,0.0878906,-0.216797,0.988281,0,0,0
1773774602124,0.0883789,-0.217773,0.987305,-0.00106526,-0.00106526,0
1773774602204,0.0893555,-0.215332,0.988281,-0.00106526,-0.000532632,0
1773774602274,0.0864258,-0.213867,0.989258,-0.00106526,-0.000532632,0
1773774602355,0.0874023,-0.216797,0.986328,-0.000532632,0,0
1773774602436,0.0864258,-0.217285,0.98877,0,-0.000532632,0
1773774602506,0.0874023,-0.21582,0.989746,0,-0.00106526,0.00106526
1773774602587,0.0878906,-0.216309,0.989746,0.000532632,0.000532632,0
1773774602667,0.0878906,-0.216309,0.98877,0.000532632,0,0.000532632
1773774602738,0.0878906,-0.217285,0.98877,-0.000532632,-0.00106526,0
1773774602818,0.0874023,-0.217285,0.989746,0,-0.000532632,0.00106526
1773774602899,0.0874023,-0.218262,0.98877,0.000532632,-0.0015979,-0.000532632
1773774602969,0.0859375,-0.21582,0.987793,0,-0.0015979,0
1773774603050,0.0869141,-0.21875,0.98877,0.000532632,0,0
1773774603130,0.0874023,-0.216309,0.987305,-0.000532632,0,0
1773774603201,0.0874023,-0.216797,0.988281,0.000532632,-0.000532632,0
1773774603282,0.0878906,-0.217773,0.98877,0.000532632,-0.00106526,-0.000532632
1773774603352,0.0883789,-0.216797,0.989746,0.000532632,-0.000532632,0.000532632
1773774603433,0.0883789,-0.21582,0.988281,0,-0.000532632,-0.000532632
1773774603513,0.0864258,-0.21582,0.98877,0,-0.000532632,0
1773774603584,0.0878906,-0.214355,0.988281,-0.00106526,-0.0015979,0.000532632
1773774603664,0.0893555,-0.217773,0.988281,0.000532632,-0.000532632,-0.000532632
1773774603745,0.0874023,-0.219238,0.986816,0.000532632,0,0.000532632
1773774603815,0.0854492,-0.215332,0.989258,0,0,0
1773774603896,0.0874023,-0.216797,0.98877,0,0,0
1773774603976,0.0883789,-0.216797,0.989258,0.00106526,-0.000532632,-0.000532632
1773774604047,0.0888672,-0.217285,0.987793,0,0,0.000532632
1773774604127,0.0878906,-0.217285,0.989258,-0.00106526,0,0.00106526
1773774604208,0.0883789,-0.216797,0.98877,0,-0.0015979,-0.000532632
1773774604278,0.0878906,-0.217285,0.98877,0,-0.000532632,0
1773774604359,0.0883789,-0.217285,0.989746,0.000532632,-0.000532632,-0.000532632
1773774604440,0.0869141,-0.217285,0.989258,0,-0.000532632,0
1773774604510,0.0874023,-0.216797,0.98877,0.00106526,-0.000532632,0
1773774604591,0.0893555,-0.218262,0.987793,-0.000532632,0,0.000532632
1773774604661,0.0874023,-0.213867,0.989258,0.000532632,-0.00106526,0.000532632
1773774604742,0.0888672,-0.216797,0.986816,-0.000532632,-0.0015979,-0.000532632
1773774604822,0.0883789,-0.218262,0.987305,-0.000532632,-0.000532632,0.000532632
1773774604893,0.0893555,-0.218262,0.988281,-0.000532632,-0.00106526,-0.0015979
1773774604973,0.0859375,-0.21582,0.989746,0,-0.000532632,-0.00106526
1773774605054,0.0874023,-0.217285,0.988281,-0.000532632,0.000532632,0.000532632
1773774605124,0.0864258,-0.21582,0.989746,0,0,0.000532632
1773774605205,0.0874023,-0.216797,0.98877,0.00106526,0,0.000532632
1773774605285,0.0864258,-0.21582,0.990234,0,-0.000532632,0
1773774605356,0.0874023,-0.217773,0.986328,0,-0.000532632,-0.000532632
1773774605436,0.0908203,-0.217285,0.987793,-0.000532632,-0.000532632,-0.00106526
1773774605517,0.0878906,-0.216309,0.98877,0.000532632,-0.000532632,-0.000532632
1773774605587,0.0864258,-0.216797,0.988281,0,0,0.000532632
1773774605669,0.0878906,-0.218262,0.987793,-0.000532632,-0.00106526,0.00106526
1773774605749,0.0874023,-0.217773,0.98584,0.000532632,-0.00106526,0.000532632
1773774605819,0.0893555,-0.21875,0.987305,0,-0.00106526,0
1773774605900,0.0874023,-0.217773,0.98877,0,-0.0015979,0.000532632
1773774605970,0.0854492,-0.217285,0.988281,-0.00106526,0,0.00106526
1773774606051,0.0883789,-0.217285,0.98877,0,-0.00106526,0
1773774606131,0.0883789,-0.215332,0.987305,-0.000532632,0,-0.000532632
1773774606202,0.0883789,-0.21875,0.989258,-0.000532632,0,-0.000532632
1773774606283,0.0883789,-0.216309,0.986816,0,-0.0015979,-0.000532632
1773774606363,0.0883789,-0.21875,0.98877,0,-0.00106526,-0.000532632
1773774606434,0.0888672,-0.216309,0.986328,-0.000532632,0.000532632,0.000532632
1773774606514,0.0878906,-0.217285,0.988281,-0.000532632,-0.000532632,-0.00106526
1773774606595,0.0893555,-0.217773,0.989258,-0.000532632,-0.000532632,0.000532632
1773774606666,0.0878906,-0.217773,0.989258,0,0.00106526,-0.000532632
1773774606746,0.0893555,-0.215332,0.987793,0.000532632,0,-0.00106526
1773774606826,0.0883789,-0.217773,0.987793,-0.000532632,-0.000532632,-0.000532632
1773774606897,0.0883789,-0.217285,0.988281,0,0,-0.000532632
1773774606978,0.0864258,-0.217773,0.98584,0,-0.00106526,-0.000532632
1773774607058,0.0883789,-0.218262,0.98877,0,-0.000532632,0.000532632
1773774607128,0.0878906,-0.217285,0.986328,0,-0.000532632,0
1773774607209,0.0869141,-0.217285,0.989258,-0.000532632,0,-0.00106526
1773774607280,0.0883789,-0.216797,0.987793,0,-0.000532632,0.000532632
1773774607360,0.090332,-0.216797,0.989746,0,-0.00106526,-0.00106526
1773774607441,0.0869141,-0.217285,0.989746,-0.000532632,-0.00106526,0.000532632
1773774607511,0.0883789,-0.214844,0.987793,-0.000532632,-0.00106526,-0.000532632
1773774607592,0.0888672,-0.216309,0.987793,0.000532632,-0.000532632,-0.000532632
1773774607672,0.0898438,-0.21875,0.988281,0,0,0
1773774607743,0.0893555,-0.218262,0.98877,0,0,0.00106526
1773774607823,0.0854492,-0.216309,0.988281,0.000532632,-0.000532632,0
1773774607904,0.0888672,-0.217773,0.98877,0,-0.00213053,0.00213053
1773774607974,0.0917969,-0.216797,0.989746,0.000532632,-0.0015979,0.000532632
1773774608055,0.0878906,-0.21875,0.986816,0,0,-0.00106526
1773774608136,0.0854492,-0.216797,0.987793,0,-0.00106526,0.000532632
1773774608206,0.0878906,-0.219238,0.986816,0.000532632,-0.00106526,0
1773774608287,0.0883789,-0.217285,0.987305,0,-0.000532632,0
1773774608357,0.0869141,-0.216797,0.989258,0,0,0.000532632
1773774608438,0.0893555,-0.216309,0.986816,-0.000532632,-0.0015979,0
1773774608518,0.0883789,-0.218262,0.988281,0.000532632,-0.0015979,0.00106526
1773774608589,0.0883789,-0.217285,0.985352,0.000532632,0,-0.000532632
1773774608670,0.0864258,-0.217773,0.987305,-0.000532632,-0.000532632,0.000532632
1773774608750,0.0888672,-0.219238,0.987305,-0.000532632,-0.0015979,-0.000532632
1773774608820,0.0888672,-0.217773,0.990723,-0.00106526,0.000532632,0
1773774608901,0.0869141,-0.217773,0.987793,0,-0.000532632,-0.000532632
1773774608982,0.0888672,-0.216797,0.987793,-0.000532632,-0.00106526,-0.000532632
1773774609052,0.0893555,-0.217773,0.989746,0.000532632,-0.000532632,0.00106526
1773774609133,0.0859375,-0.216309,0.987793,0.000532632,-0.000532632,0
1773774609213,0.0898438,-0.216309,0.988281,0.000532632,0,0
1773774609285,0.0854492,-0.217285,0.987793,-0.000532632,0,-0.0015979
1773774609364,0.0859375,-0.219727,0.987305,0,-0.00213053,-0.00106526
1773774609435,0.0883789,-0.21875,0.988281,-0.000532632,-0.000532632,-0.000532632
1773774609515,0.0878906,-0.21875,0.986328,-0.000532632,-0.000532632,0
1773774609596,0.0888672,-0.217773,0.989258,0.000532632,0,0
1773774609666,0.0883789,-0.21582,0.987793,-0.000532632,-0.0015979,0.000532632
1773774609747,0.0869141,-0.216797,0.98877,-0.00106526,-0.000532632,-0.000532632
1773774609827,0.0864258,-0.217285,0.989746,0.000532632,-0.000532632,0
1773774609898,0.0874023,-0.217285,0.989746,-0.000532632,-0.000532632,-0.000532632
1773774609978,0.0888672,-0.216797,0.987793,0.000532632,-0.000532632,0.000532632
1773774610059,0.0878906,-0.218262,0.989746,0.000532632,-0.0015979,0
1773774610129,0.0893555,-0.216309,0.989746,0.000532632,0,0.000532632
1773774610210,0.0878906,-0.216797,0.989258,-0.000532632,0,-0.000532632
1773774610291,0.0874023,-0.216309,0.987793,0.000532632,-0.000532632,-0.000532632
1773774610361,0.0883789,-0.216797,0.98877,0,-0.000532632,0.000532632
1773774610442,0.0878906,-0.219727,0.988281,0.000532632,0,-0.00106526
1773774610522,0.0869141,-0.219238,0.98877,0,-0.000532632,-0.000532632
1773774610593,0.0878906,-0.217773,0.989258,0,-0.000532632,0.00106526
1773774610673,0.0878906,-0.216309,0.989258,0.000532632,-0.000532632,0.000532632
1773774610744,0.0898438,-0.216309,0.98877,-0.000532632,0,0.000532632
1773774610825,0.0883789,-0.216309,0.989258,0,-0.0015979,0
1773774610905,0.0874023,-0.215332,0.987305,-0.00106526,-0.0015979,-0.00106526
1773774610976,0.0864258,-0.217773,0.987793,-0.00106526,-0.0015979,0
1773774611056,0.0874023,-0.216797,0.987305,-0.000532632,-0.00106526,-0.000532632
1773774611137,0.0874023,-0.216797,0.989746,-0.000532632,-0.00106526,-0.000532632
1773774611207,0.0878906,-0.217285,0.989258,0,-0.00106526,0
1773774611288,0.0864258,-0.216797,0.98877,-0.000532632,0,0
1773774611369,0.0878906,-0.216309,0.989746,0,-0.00106526,0
1773774611440,0.0883789,-0.216309,0.988281,-0.000532632,0.000532632,-0.00106526
1773774611520,0.0898438,-0.216797,0.989746,0,0,0
1773774611600,0.0888672,-0.216309,0.987305,0,-0.00106526,0
1773774611671,0.0883789,-0.217773,0.988281,0.000532632,-0.000532632,0
1773774611751,0.0883789,-0.216309,0.988281,0,-0.000532632,0
1773774611832,0.0859375,-0.217285,0.98877,0.000532632,-0.000532632,-0.000532632
1773774611902,0.0864258,-0.21582,0.988281,-0.000532632,-0.000532632,0.000532632
1773774611983,0.0888672,-0.217285,0.989258,0,-0.000532632,0
1773774612053,0.0878906,-0.215332,0.986816,0,-0.000532632,0
1773774612134,0.0898438,-0.219238,0.98877,0,0.000532632,0
1773774612214,0.0878906,-0.218262,0.988281,0.000532632,-0.000532632,0
1773774612285,0.0869141,-0.216309,0.987793,0.000532632,-0.00106526,0
1773774612365,0.0888672,-0.215332,0.989746,0,0,0.000532632
1773774612446,0.0883789,-0.216797,0.988281,0.00106526,-0.000532632,0
1773774612516,0.0888672,-0.217285,0.989746,-0.000532632,0,-0.000532632
1773774612597,0.0864258,-0.219238,0.987305,0,0.000532632,0
1773774612677,0.0878906,-0.21582,0.987305,-0.00106526,-0.000532632,0
1773774612748,0.0893555,-0.218262,0.990234,-0.00106526,-0.00106526,0.000532632
1773774612828,0.0888672,-0.214844,0.986816,-0.000532632,-0.000532632,0
1773774612909,0.0878906,-0.216309,0.990723,0.00106526,-0.000532632,0.00106526
1773774612980,0.0883789,-0.216309,0.98877,0,-0.00106526,0
1773774613060,0.090332,-0.217285,0.987793,0,-0.00106526,0
1773774613141,0.0874023,-0.217773,0.987793,0.000532632,0.000532632,-0.000532632
1773774613211,0.0874023,-0.216797,0.989746,-0.000532632,-0.00106526,0.000532632
1773774613292,0.0878906,-0.21582,0.987793,0.000532632,-0.000532632,0
1773774613363,0.0883789,-0.217285,0.989746,-0.000532632,0.000532632,-0.000532632
1773774613444,0.0869141,-0.217773,0.987793,0,-0.000532632,0
1773774613524,0.0874023,-0.217285,0.98877,-0.00106526,-0.00106526,0
1773774613595,0.0893555,-0.214844,0.988281,0.00106526,0,-0.000532632
1773774613675,0.0869141,-0.214355,0.98877,-0.000532632,-0.000532632,0.000532632
1773774613756,0.0874023,-0.217285,0.989746,-0.00106526,0,-0.000532632
1773774613826,0.0878906,-0.216797,0.98877,0.000532632,0,-0.000532632
1773774613907,0.0893555,-0.21875,0.988281,-0.000532632,-0.000532632,0
1773774613988,0.0869141,-0.217285,0.988281,0.000532632,-0.000532632,0.000532632
1773774614058,0.0888672,-0.217773,0.98877,0.00106526,-0.00106526,0
1773774614139,0.0888672,-0.217285,0.989258,-0.000532632,-0.000532632,0.000532632
1773774614209,0.090332,-0.21582,0.98877,0.00106526,-0.000532632,0.00106526
1773774614290,0.0874023,-0.216309,0.990234,0,-0.00106526,0.000532632
1773774614370,0.0878906,-0.216309,0.987793,0,-0.000532632,-0.00106526
1773774614441,0.0888672,-0.216797,0.98877,0.000532632,-0.000532632,0.000532632
1773774614521,0.0869141,-0.216309,0.98877,0.000532632,0,0
1773774614602,0.0898438,-0.217285,0.987793,0.000532632,-0.000532632,0
1773774614672,0.0898438,-0.217285,0.987793,0.000532632,-0.000532632,0.00106526
1773774614753,0.0883789,-0.217285,0.988281,0.00106526,-0.000532632,0.00106526
1773774614833,0.0878906,-0.217285,0.988281,0.000532632,0,0
1773774614904,0.0874023,-0.21582,0.988281,0,-0.000532632,-0.000532632
1773774614984,0.0874023,-0.216797,0.98877,0,0,0
1773774615065,0.0883789,-0.218262,0.98877,0.000532632,-0.000532632,-0.00106526
1773774615135,0.0893555,-0.218262,0.987793,0.000532632,-0.000532632,0.000532632
1773774615216,0.0888672,-0.217285,0.98877,-0.00106526,0,0
1773774615297,0.0874023,-0.21875,0.98877,0,-0.000532632,0
1773774615367,0.0893555,-0.216797,0.988281,0,-0.00106526,0
1773774615448,0.0869141,-0.215332,0.988281,0.00106526,-0.000532632,0
1773774615518,0.0859375,-0.217773,0.98877,0,0,0.000532632
1773774615599,0.0883789,-0.216797,0.987793,0,0,0
1773774615679,0.0893555,-0.219727,0.989258,0.000532632,-0.00106526,0.000532632
1773774615750,0.0869141,-0.215332,0.989746,-0.000532632,-0.000532632,0
1773774615830,0.0888672,-0.216797,0.989258,0,0,-0.000532632
1773774615911,0.0874023,-0.216797,0.987305,-0.000532632,-0.000532632,0.000532632
1773774615981,0.0869141,-0.216309,0.98877,0.000532632,-0.00106526,0
1773774616062,0.0888672,-0.217285,0.98877,-0.000532632,-0.000532632,0
1773774616142,0.0878906,-0.217285,0.990234,0,-0.000532632,0
1773774616213,0.0883789,-0.217773,0.98877,0,-0.00106526,0.000532632
1773774616293,0.0888672,-0.217773,0.988281,0.00106526,0.000532632,-0.000532632
1773774616374,0.0883789,-0.217773,0.989258,0.000532632,-0.000532632,0.000532632
1773774616444,0.0849609,-0.217285,0.988281,0.000532632,-0.00106526,0.000532632
1773774616525,0.0874023,-0.216797,0.987793,0.00106526,-0.000532632,-0.000532632
1773774616605,0.0878906,-0.216309,0.989258,0,-0.00106526,0.000532632
1773774616676,0.0869141,-0.21582,0.989746,0,-0.000532632,0
1773774616757,0.0854492,-0.216309,0.987305,0.000532632,-0.000532632,0
1773774616827,0.0859375,-0.219238,0.989746,0.000532632,0,0.000532632
1773774616908,0.0874023,-0.217285,0.988281,-0.000532632,-0.00106526,-0.000532632
1773774616988,0.0888672,-0.217285,0.989746,0.000532632,0,-0.000532632
1773774617059,0.0874023,-0.218262,0.987793,0.000532632,0.000532632,0
1773774617139,0.0888672,-0.216309,0.988281,0.000532632,-0.000532632,0.000532632
1773774617220,0.0898438,-0.217773,0.98877,0.000532632,-0.00106526,-0.00106526
1773774617291,0.0874023,-0.215332,0.987305,-0.000532632,-0.000532632,0
1773774617371,0.0859375,-0.215332,0.987793,0,-0.000532632,0.00106526
1773774617452,0.0878906,-0.216797,0.988281,0.000532632,-0.000532632,0.000532632
1773774617522,0.0874023,-0.216309,0.987793,-0.000532632,-0.00106526,-0.000532632
1773774617603,0.0883789,-0.217285,0.988281,-0.000532632,-0.00106526,0
1773774617683,0.0893555,-0.217773,0.98877,0.000532632,-0.00106526,-0.000532632
1773774617754,0.0878906,-0.215332,0.990234,0,-0.00106526,-0.000532632
1773774617834,0.0869141,-0.217773,0.988281,-0.000532632,0,0.000532632
1773774617905,0.0878906,-0.216797,0.987793,0,-0.00106526,0.000532632
1773774617986,0.0864258,-0.216797,0.988281,-0.000532632,-0.000532632,-0.000532632
1773774618066,0.0864258,-0.217285,0.987793,0,-0.000532632,0.000532632
1773774618137,0.0849609,-0.216797,0.98877,-0.000532632,-0.00106526,0
1773774618217,0.0888672,-0.21582,0.98877,0,0,0
1773774618298,0.0869141,-0.217773,0.986816,0,0.000532632,0.000532632
1773774618368,0.0874023,-0.216309,0.98877,0,0,0.000532632
1773774618449,0.0898438,-0.218262,0.986816,0,-0.00106526,-0.000532632
1773774618529,0.0888672,-0.21582,0.990723,0,-0.000532632,0
1773774618600,0.0893555,-0.219238,0.987793,0,0,0.000532632
1773774618680,0.0898438,-0.216309,0.987305,0.000532632,0,0.000532632
1773774618761,0.0874023,-0.216797,0.989258,-0.000532632,-0.000532632,-0.000532632
1773774618831,0.0874023,-0.21582,0.989258,-0.000532632,0,0
1773774618912,0.0883789,-0.21582,0.986816,-0.000532632,-0.000532632,0
1773774618983,0.0878906,-0.216797,0.988281,-0.000532632,-0.000532632,0
1773774619063,0.0859375,-0.216309,0.98877,0.00106526,0,-0.000532632
1773774619144,0.0869141,-0.218262,0.98877,0.000532632,0,-0.000532632
1773774619215,0.0864258,-0.216797,0.988281,0,-0.000532632,-0.000532632
1773774619295,0.0878906,-0.21875,0.987305,-0.000532632,0,-0.00106526
1773774619376,0.0883789,-0.217285,0.987793,0,-0.000532632,0.000532632
1773774619446,0.0888672,-0.218262,0.98877,0,-0.000532632,0.00106526
1773774619527,0.0883789,-0.216797,0.989258,-0.00106526,-0.00106526,-0.00106526
1773774619607,0.0859375,-0.216797,0.988281,0.000532632,-0.0015979,-0.000532632
1773774619678,0.0893555,-0.216309,0.987793,0.000532632,0,-0.0015979
1773774619758,0.0878906,-0.216797,0.98584,-0.000532632,-0.0015979,0
1773774619839,0.0893555,-0.216797,0.988281,0,-0.00106526,-0.000532632
1773774619910,0.0888672,-0.217285,0.990234,0.00106526,-0.000532632,0
1773774619990,0.0883789,-0.216309,0.987793,0,-0.000532632,-0.00106526
1773774620060,0.0878906,-0.21582,0.989258,0,-0.000532632,0
1773774620141,0.0864258,-0.218262,0.986328,-0.000532632,0,-0.000532632
1773774620222,0.0874023,-0.21582,0.987793,0.000532632,-0.0015979,-0.00106526
1773774620292,0.0883789,-0.216309,0.987793,0,-0.000532632,0
1773774620373,0.0878906,-0.217285,0.98877,0.00106526,-0.000532632,-0.000532632
1773774620453,0.0878906,-0.216309,0.98877,-0.000532632,0,0.000532632
1773774620524,0.0869141,-0.218262,0.990234,0,-0.000532632,0
1773774620604,0.0883789,-0.21582,0.98877,-0.000532632,0,-0.00106526
1773774620685,0.0898438,-0.215332,0.98877,0.00106526,-0.000532632,-0.000532632
1773774620755,0.0869141,-0.216309,0.988281,0.000532632,-0.000532632,-0.000532632
1773774620836,0.0878906,-0.217773,0.989258,0,0,0.000532632
1773774620916,0.0888672,-0.216797,0.98877,0.000532632,-0.000532632,0
1773774620987,0.0883789,-0.216309,0.988281,-0.00106526,-0.0015979,0
1773774621067,0.0883789,-0.216797,0.989746,0,-0.000532632,0.000532632
1773774621148,0.0878906,-0.216797,0.987305,-0.000532632,0,0
1773774621218,0.0864258,-0.214355,0.98877,0.000532632,0,0.000532632
1773774621299,0.0893555,-0.21582,0.989746,0,-0.00106526,0
1773774621370,0.0888672,-0.21582,0.98877,0.000532632,-0.000532632,0.000532632
1773774621450,0.0893555,-0.218262,0.988281,-0.000532632,-0.00106526,0.0015979
1773774621531,0.0883789,-0.216309,0.986816,0.000532632,-0.00106526,-0.00106526
1773774621601,0.0893555,-0.217773,0.987793,0,-0.000532632,-0.00106526
1773774621682,0.0893555,-0.216309,0.987793,-0.00106526,-0.000532632,0.000532632
1773774621762,0.0878906,-0.216309,0.987793,0.0015979,-0.000532632,-0.000532632
1773774621833,0.0893555,-0.21875,0.989258,-0.000532632,-0.00106526,-0.000532632
1773774621913,0.0878906,-0.217773,0.987793,0.000532632,-0.000532632,-0.000532632
1773774621994,0.0883789,-0.21582,0.98877,-0.000532632,-0.000532632,-0.000532632
1773774622065,0.0898438,-0.217773,0.987793,0,0,0
1773774622145,0.0874023,-0.21875,0.988281,0,0,0
1773774622226,0.0898438,-0.217773,0.986328,0.000532632,-0.000532632,0.000532632
1773774622296,0.0893555,-0.218262,0.988281,0,-0.000532632,-0.000532632
1773774622377,0.0878906,-0.217285,0.988281,0.000532632,-0.000532632,-0.000532632
1773774622447,0.0878906,-0.217773,0.989258,-0.000532632,-0.00106526,-0.00106526
1773774622528,0.0883789,-0.216309,0.98877,0.00106526,-0.000532632,0
1773774622610,0.0888672,-0.21582,0.989746,0,-0.000532632,0.000532632
1773774622679,0.0874023,-0.217773,0.987305,-0.000532632,-0.000532632,-0.000532632
1773774622759,0.0874023,-0.217773,0.990723,0,0.000532632,-0.000532632
1773774622840,0.0883789,-0.217285,0.988281,-0.00106526,-0.00106526,0.000532632
1773774622911,0.0898438,-0.217285,0.986328,-0.000532632,-0.000532632,-0.000532632
1773774622991,0.0878906,-0.21875,0.989258,-0.000532632,-0.00106526,0
1773774623071,0.0859375,-0.217285,0.988281,-0.000532632,-0.00106526,-0.000532632
1773774623142,0.0859375,-0.215332,0.987793,-0.000532632,-0.000532632,0
1773774623222,0.0888672,-0.21582,0.989258,0.000532632,-0.00106526,0.000532632
1773774623303,0.0874023,-0.21582,0.987305,-0.000532632,-0.00106526,-0.000532632
1773774623374,0.0898438,-0.216309,0.988281,0.000532632,0,0
1773774623454,0.0883789,-0.216797,0.987793,0,-0.00106526,0.00106526
1773774623535,0.0883789,-0.218262,0.98877,-0.00106526,-0.0015979,0
1773774623605,0.0893555,-0.218262,0.989258,0,0.000532632,-0.00106526
1773774623686,0.0883789,-0.216797,0.988281,-0.000532632,-0.000532632,0
1773774623756,0.0869141,-0.217285,0.987793,-0.000532632,-0.00106526,0
1773774623837,0.0883789,-0.217285,0.987793,-0.000532632,-0.000532632,-0.000532632
1773774623917,0.0888672,-0.218262,0.98877,0,0,0.00106526
1773774623988,0.0883789,-0.21582,0.990234,0,-0.000532632,0
1773774624068,0.0878906,-0.217285,0.988281,-0.00106526,0,0.000532632
1773774624149,0.0898438,-0.216797,0.990234,0,-0.0015979,0
1773774624219,0.0893555,-0.214844,0.986328,-0.000532632,-0.000532632,0
1773774624300,0.0883789,-0.217285,0.98877,0,-0.000532632,0
1773774624381,0.0874023,-0.216797,0.990234,-0.000532632,-0.00106526,0
1773774624451,0.0874023,-0.215332,0.987793,0,-0.00106526,0.0015979
1773774624532,0.0874023,-0.21582,0.989258,-0.00106526,-0.000532632,0
1773774624612,0.0869141,-0.216309,0.98877,-0.000532632,-0.000532632,0.00106526
1773774624683,0.0883789,-0.21582,0.989258,0,-0.000532632,-0.000532632
1773774624763,0.0893555,-0.217285,0.991699,0,-0.000532632,0.000532632
1773774624844,0.0893555,-0.219727,0.98877,0.000532632,-0.000532632,-0.000532632
1773774624914,0.0869141,-0.214844,0.987793,0.000532632,0.000532632,0
1773774624995,0.0893555,-0.216309,0.98877,0.000532632,0,-0.000532632
1773774625065,0.0878906,-0.217285,0.98877,0,-0.00106526,0
1773774625146,0.0883789,-0.216309,0.988281,0.00106526,-0.000532632,-0.000532632
1773774625226,0.0883789,-0.217773,0.990234,-0.000532632,-0.000532632,-0.000532632
1773774625297,0.0864258,-0.216797,0.989746,-0.0015979,-0.00106526,-0.000532632
1773774625377,0.0888672,-0.217773,0.990234,0.00106526,0,-0.000532632
1773774625458,0.0888672,-0.216797,0.990723,-0.000532632,-0.000532632,0
1773774625528,0.0883789,-0.217285,0.989258,-0.000532632,-0.000532632,0
1773774625609,0.0888672,-0.216309,0.991211,0.000532632,0,-0.00106526
1773774625690,0.0864258,-0.216309,0.98877,0,-0.00106526,-0.000532632

































































































































































































































































































































































































































































































































































































































































































































































































































