timestamp_ms,acc_x,acc_y,acc_z,gyro_x,gyro_y,gyro_z
1774095499721,0.118164,-0.184082,0.994629,0.000532632,0,-0.0015979
1774095499791,0.117188,-0.185059,0.993164,0.0015979,0,0.00106526
1774095499872,0.118652,-0.185547,0.994141,-0.00106526,-0.000532632,0.000532632
1774095499943,0.118164,-0.186035,0.994141,0.000532632,0,0.00106526
1774095500023,0.119629,-0.186035,0.991699,0.00106526,0.000532632,-0.000532632
1774095500104,0.119629,-0.183594,0.993652,0.00106526,-0.000532632,0.000532632
1774095500174,0.119141,-0.186035,0.992676,-0.000532632,-0.000532632,0
1774095500255,0.119629,-0.187988,0.994141,0.000532632,-0.000532632,0
1774095500335,0.120117,-0.187012,0.995117,0.000532632,-0.000532632,0
1774095500406,0.12207,-0.185547,0.995117,-0.000532632,0.000532632,0
1774095500486,0.118164,-0.186035,0.994629,0.000532632,0,0.000532632
1774095500567,0.117188,-0.186035,0.994629,0.000532632,0.000532632,0.00106526
1774095500637,0.119629,-0.186035,0.994141,0.00106526,0.000532632,0.00106526
1774095500718,0.119141,-0.1875,0.994629,0.000532632,0,0.000532632
1774095500798,0.118164,-0.186523,0.994141,0.0015979,0,0
1774095500869,0.120605,-0.185547,0.996582,0.000532632,0.00106526,0
1774095500949,0.118652,-0.186035,0.996582,0.00106526,0,0
1774095501030,0.119141,-0.187012,0.993164,0,0,0.000532632
1774095501100,0.119141,-0.186523,0.995117,0.000532632,0.00106526,0.00106526
1774095501181,0.119629,-0.185547,0.993652,0,-0.000532632,0.000532632
1774095501262,0.119141,-0.185059,0.995117,0,0,0
1774095501332,0.119141,-0.185547,0.993164,0.00106526,0.000532632,0
1774095501413,0.116699,-0.186035,0.993652,0.000532632,0,-0.000532632
1774095501484,0.118164,-0.185059,0.994141,0,0,-0.000532632
1774095501564,0.120117,-0.1875,0.994629,0.000532632,0.00106526,0
1774095501645,0.118164,-0.185547,0.994629,0,0,0
1774095501715,0.118652,-0.18457,0.994629,0.000532632,0.000532632,0.000532632
1774095501796,0.120117,-0.186523,0.992676,0,0,0.000532632
1774095501876,0.119629,-0.186035,0.992676,-0.000532632,0,0
1774095501947,0.117676,-0.18457,0.994629,0.000532632,0,-0.000532632
1774095502027,0.119629,-0.1875,0.994141,0.000532632,-0.000532632,-0.000532632
1774095502108,0.117676,-0.187988,0.992676,0,-0.000532632,0
1774095502178,0.119629,-0.187012,0.994629,0,0,0.000532632
1774095502259,0.118652,-0.185059,0.994629,0,0.000532632,-0.000532632
1774095502329,0.118652,-0.187988,0.990723,0,0,0
1774095502411,0.119629,-0.184082,0.994629,-0.000532632,0,0.000532632
1774095502491,0.119141,-0.186035,0.994141,0,0.000532632,-0.000532632
1774095502562,0.119629,-0.187012,0.995605,0.000532632,0.00106526,0.000532632
1774095502642,0.118652,-0.186523,0.994141,0.000532632,0.000532632,0
1774095502723,0.116699,-0.187012,0.996094,0.00106526,0.000532632,0.000532632
1774095502793,0.118164,-0.186035,0.994629,0,-0.000532632,-0.000532632
1774095502874,0.118164,-0.1875,0.994629,0,0,-0.000532632
1774095502954,0.120117,-0.185059,0.995605,0,0.00106526,0.000532632
1774095503025,0.118652,-0.185059,0.993652,0.000532632,0,0.000532632
1774095503106,0.118652,-0.186035,0.994141,0.00106526,0,0
1774095503186,0.120117,-0.184082,0.994629,-0.000532632,-0.000532632,0.000532632
1774095503257,0.120605,-0.186035,0.995605,0.00106526,0.000532632,0.000532632
1774095503337,0.117676,-0.186035,0.994141,0.000532632,-0.000532632,0
1774095503418,0.121094,-0.186035,0.996094,0,-0.000532632,0.000532632
1774095503488,0.118652,-0.186035,0.995605,-0.000532632,0.000532632,0
1774095503569,0.117188,-0.187012,0.991699,0.000532632,0,-0.00106526
1774095503639,0.118652,-0.183105,0.994141,0,-0.000532632,0
1774095503720,0.121094,-0.187988,0.993652,0,-0.000532632,-0.000532632
1774095503800,0.117188,-0.185547,0.993652,0,0,-0.00106526
1774095503871,0.116699,-0.187012,0.993164,0,-0.000532632,0
1774095503951,0.116699,-0.187988,0.992676,0,0.000532632,0.000532632
1774095504032,0.120117,-0.187012,0.994141,0,0,0.000532632
1774095504102,0.117676,-0.185547,0.992188,0,0,0.000532632
1774095504183,0.118164,-0.186035,0.993164,0,0,-0.0015979
1774095504263,0.118652,-0.186523,0.993164,0,-0.00106526,0
1774095504334,0.117676,-0.187988,0.993652,0.00106526,-0.00106526,0
1774095504414,0.12207,-0.185547,0.993652,0.000532632,0,0
1774095504495,0.12207,-0.185547,0.994141,-0.000532632,0.000532632,-0.000532632
1774095504566,0.119141,-0.186035,0.994141,0,0.000532632,0
1774095504646,0.120117,-0.1875,0.994141,0,0.00106526,-0.000532632
1774095504727,0.118164,-0.185547,0.995117,0.000532632,0.000532632,0
1774095504797,0.120117,-0.188477,0.994141,0.00106526,0.000532632,0.000532632
1774095504878,0.116699,-0.1875,0.993164,0,-0.000532632,-0.000532632
1774095504948,0.118652,-0.186035,0.993164,0.000532632,0.000532632,0
1774095505029,0.119141,-0.187012,0.995117,0,0.000532632,-0.000532632
1774095505109,0.118652,-0.185059,0.992188,0,0,-0.000532632
1774095505180,0.118164,-0.18457,0.992188,-0.00106526,0.000532632,-0.000532632
1774095505260,0.118652,-0.18457,0.994141,0.00106526,0.000532632,0.000532632
1774095505342,0.119141,-0.186035,0.994141,0,0,0
1774095505412,0.120117,-0.186035,0.993652,0,0.000532632,0
1774095505493,0.118164,-0.1875,0.992188,0.000532632,-0.000532632,-0.000532632
1774095505573,0.119141,-0.186035,0.992188,0,0.000532632,-0.000532632
1774095505644,0.116699,-0.187012,0.991211,0,0.000532632,0
1774095505724,0.119629,-0.185547,0.992676,0,0,0.000532632
1774095505805,0.118652,-0.186523,0.991699,0,0,0
1774095505875,0.116699,-0.186523,0.992188,0,0,0.000532632
1774095505956,0.118164,-0.186523,0.992676,0.00106526,0,0
1774095506026,0.118652,-0.186523,0.994141,0.000532632,0,0.00106526
1774095506107,0.117188,-0.185547,0.992188,0,0,-0.000532632
1774095506187,0.119629,-0.185059,0.995605,0,0,0.00106526
1774095506258,0.118652,-0.186523,0.994141,0,-0.000532632,0
1774095506338,0.117188,-0.186035,0.992188,0,0.000532632,-0.000532632
1774095506419,0.118164,-0.186523,0.993164,0,-0.000532632,0
1774095506489,0.118164,-0.186035,0.993164,-0.000532632,0.000532632,0
1774095506570,0.118164,-0.188477,0.993652,0.00106526,0,-0.000532632
1774095506650,0.120117,-0.186523,0.994629,-0.000532632,-0.000532632,0
1774095506721,0.118164,-0.18457,0.995605,-0.000532632,0,0.000532632
1774095506801,0.117676,-0.185547,0.992676,0.000532632,-0.000532632,0
1774095506882,0.119629,-0.1875,0.992676,0.000532632,-0.000532632,0
1774095506954,0.116699,-0.1875,0.994141,-0.000532632,0,0.00106526
1774095507033,0.118652,-0.187012,0.994141,-0.000532632,0,-0.000532632
1774095507113,0.118652,-0.188477,0.993164,0,0,-0.000532632
1774095507184,0.119141,-0.186523,0.992188,0.000532632,0.000532632,0
1774095507264,0.119141,-0.1875,0.990723,0.00106526,0.000532632,0.000532632
1774095507335,0.115723,-0.185547,0.993164,0.00106526,0,0.00106526
1774095507415,0.119629,-0.1875,0.992676,-0.000532632,0.000532632,-0.000532632
1774095507496,0.117676,-0.186035,0.992676,0,0,0.000532632
1774095507566,0.121582,-0.186035,0.991699,0.000532632,0,-0.000532632
1774095507647,0.118164,-0.185547,0.992676,0.000532632,0,0.00106526
1774095507728,0.120605,-0.1875,0.991699,0.000532632,0.000532632,0.000532632
1774095507798,0.118652,-0.186523,0.994629,0.000532632,0,0
1774095507879,0.118164,-0.186523,0.993164,0.000532632,-0.00106526,-0.000532632
1774095507959,0.119141,-0.186035,0.992676,0,0,0
1774095508030,0.120117,-0.185059,0.994629,0,0,0.00106526
1774095508110,0.118652,-0.186035,0.992188,0,0,0.00106526
1774095508191,0.118164,-0.185059,0.993164,0.000532632,-0.0015979,-0.000532632
1774095508261,0.119141,-0.187012,0.993652,0.00106526,0.000532632,0.00106526
1774095508342,0.118652,-0.1875,0.993164,0.000532632,0.000532632,0.00106526
1774095508412,0.119629,-0.187012,0.993164,0,0,0.00106526
1774095508493,0.118164,-0.185547,0.992676,0.000532632,-0.000532632,-0.000532632
1774095508574,0.118164,-0.186035,0.995605,0,-0.000532632,0.000532632
1774095508644,0.117676,-0.187988,0.992188,0.00106526,-0.00106526,0
1774095508725,0.119141,-0.186523,0.994629,0.00106526,0.00106526,-0.000532632
1774095508805,0.119141,-0.186035,0.994141,0.000532632,-0.00106526,0
1774095508876,0.118164,-0.187012,0.994141,-0.000532632,-0.000532632,0
1774095508956,0.118652,-0.186035,0.993164,0.000532632,-0.000532632,-0.000532632
1774095509037,0.120605,-0.186035,0.993652,0.000532632,0,0
1774095509107,0.118164,-0.187988,0.995117,0.000532632,0.000532632,-0.000532632
1774095509188,0.117676,-0.1875,0.992676,0.000532632,-0.000532632,-0.00106526
1774095509268,0.119141,-0.186035,0.995605,0.000532632,0.000532632,0.000532632
1774095509339,0.118652,-0.186035,0.995605,-0.000532632,0.0015979,0
1774095509419,0.118164,-0.186035,0.992188,0.0015979,0.000532632,0
1774095509500,0.117676,-0.185547,0.994629,-0.00106526,0.0015979,0.000532632
1774095509570,0.119141,-0.186523,0.993164,0,-0.00106526,-0.000532632
1774095509651,0.117676,-0.187012,0.994141,0,0,0
1774095509731,0.119141,-0.186523,0.993164,0,0.000532632,0
1774095509802,0.118652,-0.1875,0.994141,0.00106526,-0.000532632,0.000532632
1774095509883,0.116699,-0.186035,0.993164,0.000532632,-0.00106526,0.00106526
1774095509953,0.118164,-0.186523,0.992676,-0.000532632,-0.000532632,-0.000532632
1774095510034,0.118164,-0.185547,0.994141,0,0.000532632,-0.000532632
1774095510114,0.118652,-0.187012,0.993164,0.000532632,-0.00106526,0
1774095510185,0.119141,-0.185059,0.994141,0,-0.000532632,0.00106526
1774095510265,0.118652,-0.18457,0.991699,0.00106526,-0.00106526,0.00106526
1774095510346,0.120605,-0.186035,0.996094,0.000532632,-0.000532632,0
1774095510417,0.118164,-0.185059,0.994141,0,0.000532632,0
1774095510497,0.119629,-0.1875,0.996094,0,0,0.0015979
1774095510578,0.117676,-0.1875,0.993652,-0.000532632,0.000532632,-0.00106526
1774095510648,0.117676,-0.186523,0.994629,0.000532632,0,0
1774095510729,0.118164,-0.186035,0.992188,0.000532632,0.00106526,0
1774095510809,0.119141,-0.185547,0.996094,0.00106526,0,0.000532632
1774095510880,0.119629,-0.186035,0.992676,-0.000532632,0,-0.000532632
1774095510960,0.118652,-0.185059,0.993164,0,-0.00106526,-0.000532632
1774095511031,0.116211,-0.187988,0.991211,0,0,0.000532632
1774095511111,0.119141,-0.186035,0.996582,0.00106526,-0.000532632,0
1774095511192,0.119629,-0.18457,0.993164,0.000532632,-0.000532632,0
1774095511262,0.118652,-0.186523,0.994629,0.000532632,-0.00106526,0
1774095511343,0.119141,-0.186035,0.993652,0.000532632,0.000532632,0.000532632
1774095511423,0.120117,-0.186523,0.994141,0.000532632,0,0
1774095511494,0.118652,-0.185547,0.994141,0.00106526,0.000532632,0
1774095511574,0.118164,-0.1875,0.994141,0.000532632,0,0
1774095511655,0.116699,-0.1875,0.994141,0,-0.000532632,0.00106526
1774095511725,0.117676,-0.1875,0.992188,0,0.000532632,-0.000532632
1774095511806,0.119141,-0.185547,0.995605,0.000532632,0,-0.000532632
1774095511887,0.118164,-0.185059,0.995117,0,-0.000532632,-0.00106526
1774095511957,0.121094,-0.1875,0.996582,-0.000532632,-0.00106526,0.00106526
1774095512038,0.119141,-0.186035,0.995605,0,-0.000532632,0
1774095512108,0.117188,-0.186035,0.995605,0.00106526,0,0.000532632
1774095512189,0.118164,-0.185547,0.994629,0,0,0.00106526
1774095512270,0.118164,-0.185059,0.993652,0.000532632,0,-0.000532632
1774095512340,0.120117,-0.186035,0.993164,0,0,0.00106526
1774095512421,0.119629,-0.187012,0.993652,0.000532632,0.000532632,0.00106526
1774095512501,0.118652,-0.187012,0.994629,0.000532632,0,0.0015979
1774095512572,0.116699,-0.186035,0.992676,0,-0.000532632,0.00106526
1774095512652,0.117188,-0.187988,0.993652,-0.000532632,-0.000532632,0.000532632
1774095512733,0.118164,-0.186523,0.996094,-0.000532632,0,0
1774095512803,0.119629,-0.187012,0.994141,0,0.000532632,-0.000532632
1774095512884,0.117676,-0.184082,0.993164,0.00106526,-0.000532632,0.000532632
1774095512965,0.119629,-0.186035,0.993652,0.000532632,-0.000532632,0.000532632
1774095513035,0.118164,-0.185059,0.995117,-0.000532632,0.000532632,0
1774095513115,0.118164,-0.184082,0.992676,0,-0.00106526,0.000532632
1774095513196,0.119141,-0.187012,0.994629,0,-0.000532632,0.000532632
1774095513267,0.119629,-0.185059,0.996094,0,-0.000532632,-0.000532632
1774095513347,0.118164,-0.186035,0.995117,0.000532632,0.000532632,0.000532632
1774095513418,0.119629,-0.186035,0.992676,-0.000532632,0.000532632,0
1774095513498,0.119629,-0.185547,0.995605,0,0.000532632,0.000532632
1774095513579,0.120117,-0.186523,0.993652,-0.000532632,0,0
1774095513649,0.119629,-0.187012,0.994629,-0.000532632,0,0
1774095513730,0.120605,-0.185547,0.993164,0,-0.000532632,-0.000532632
1774095513810,0.120117,-0.186035,0.994141,-0.000532632,-0.000532632,0
1774095513881,0.117188,-0.188477,0.992676,0.000532632,0.000532632,-0.000532632
1774095513961,0.120117,-0.186035,0.995117,0.000532632,-0.000532632,-0.000532632
1774095514042,0.117188,-0.187012,0.993164,-0.000532632,0.00106526,0.000532632
1774095514112,0.118164,-0.185059,0.994141,0.000532632,-0.000532632,-0.000532632
1774095514193,0.119141,-0.1875,0.994141,-0.000532632,-0.000532632,0.00106526
1774095514273,0.117676,-0.186035,0.993652,0,0,0.000532632
1774095514344,0.119141,-0.187012,0.993652,0,0,-0.000532632
1774095514425,0.119629,-0.186035,0.993164,0,-0.000532632,0
1774095514505,0.117188,-0.18457,0.993652,0.000532632,-0.000532632,0.000532632
1774095514575,0.118652,-0.18457,0.993164,0.000532632,0.000532632,0
1774095514656,0.119141,-0.186523,0.991699,0.00106526,0.000532632,0.000532632
1774095514726,0.115723,-0.187012,0.993652,0.000532632,0,0.000532632
1774095514807,0.117188,-0.18457,0.993164,0.000532632,0,0.00106526
1774095514887,0.117188,-0.186035,0.991699,0.000532632,0,0.000532632
1774095514958,0.119629,-0.187012,0.993164,0,0,0
1774095515038,0.118164,-0.186523,0.996094,0.0015979,0.000532632,-0.000532632
1774095515119,0.119141,-0.1875,0.993164,0.000532632,-0.000532632,0
1774095515190,0.119141,-0.187012,0.992676,0.000532632,-0.000532632,0
1774095515270,0.118164,-0.186035,0.992676,0.000532632,0,-0.000532632
1774095515351,0.116699,-0.185547,0.993652,0.000532632,0,0.000532632
1774095515421,0.119141,-0.183105,0.994141,0.000532632,0.00106526,0
1774095515502,0.118652,-0.185547,0.992188,0.000532632,-0.00106526,-0.0015979
1774095515583,0.119629,-0.183594,0.994629,-0.00106526,0.000532632,0.000532632
1774095515653,0.118652,-0.186035,0.994629,-0.000532632,-0.000532632,0
1774095515734,0.117676,-0.186035,0.992676,0.00106526,0.000532632,0
1774095515814,0.117676,-0.187012,0.992676,0,-0.000532632,-0.000532632
1774095515885,0.119141,-0.187012,0.992188,0.0015979,-0.000532632,0.000532632
1774095515965,0.119141,-0.185059,0.992676,-0.000532632,-0.000532632,0
1774095516036,0.119629,-0.187012,0.994141,0,-0.000532632,0
1774095516116,0.119141,-0.187012,0.993652,0,0,-0.000532632
1774095516197,0.119629,-0.187012,0.994629,-0.0015979,-0.00106526,0.000532632
1774095516267,0.117188,-0.186035,0.993164,-0.000532632,-0.000532632,-0.000532632
1774095516348,0.118652,-0.186523,0.995117,0.000532632,0,-0.000532632
1774095516429,0.117676,-0.186035,0.993164,0,0.000532632,0
1774095516499,0.118164,-0.187012,0.994141,0.000532632,0.000532632,0.00106526
1774095516580,0.118164,-0.186523,0.994141,0.000532632,0,0.0015979
1774095516660,0.117676,-0.186035,0.996094,0.000532632,0,0.000532632
1774095516731,0.117188,-0.185547,0.995117,0.000532632,-0.000532632,-0.000532632
1774095516811,0.119141,-0.187012,0.992188,-0.000532632,-0.000532632,-0.000532632
1774095516892,0.119141,-0.186523,0.995605,0,-0.000532632,0.000532632
1774095516962,0.119629,-0.185059,0.994141,0,-0.000532632,0
1774095517043,0.120605,-0.186035,0.994141,-0.00106526,0,0
1774095517123,0.119141,-0.1875,0.993164,0,0.000532632,0
1774095517194,0.118652,-0.186523,0.992188,0.000532632,-0.0015979,0.000532632
1774095517274,0.118652,-0.1875,0.994629,0,0.00106526,0.000532632
1774095517344,0.117676,-0.186035,0.993652,0.00106526,-0.000532632,-0.000532632
1774095517425,0.118652,-0.187988,0.994141,-0.000532632,0,0
1774095517505,0.120605,-0.188477,0.994629,0,0.000532632,0.00106526
1774095517576,0.119141,-0.188477,0.994629,-0.000532632,-0.00106526,0.000532632
1774095517656,0.120117,-0.186523,0.992676,0.000532632,0,0
1774095517736,0.119141,-0.185547,0.992676,0.000532632,0.000532632,0.000532632
1774095517807,0.118652,-0.186035,0.993164,0.000532632,-0.000532632,0
1774095517887,0.119629,-0.184082,0.994141,-0.000532632,0,0.000532632
1774095517968,0.118652,-0.185059,0.993652,-0.000532632,0,0
1774095518038,0.118652,-0.187012,0.993164,-0.000532632,0,0.000532632
1774095518119,0.118164,-0.186523,0.995117,-0.000532632,0.000532632,0.000532632
1774095518199,0.116699,-0.186523,0.992676,0.000532632,-0.000532632,0.000532632
1774095518269,0.121094,-0.185547,0.993652,0.000532632,0.000532632,0.000532632
1774095518350,0.118164,-0.185547,0.992676,0.000532632,-0.000532632,0.00106526
1774095518430,0.117188,-0.185547,0.994141,0.00106526,0,0
1774095518501,0.119141,-0.18457,0.993164,0.000532632,0.000532632,-0.00106526
1774095518581,0.119141,-0.188477,0.994141,0.000532632,0.000532632,0
1774095518662,0.118652,-0.185059,0.994629,-0.000532632,-0.000532632,0
1774095518733,0.119141,-0.187012,0.993652,0.00106526,-0.000532632,0
1774095518813,0.118652,-0.186523,0.993652,-0.00106526,-0.000532632,0.000532632
1774095518894,0.119141,-0.186035,0.992188,0,0,0
1774095518964,0.117188,-0.186523,0.992188,0,-0.000532632,0
1774095519045,0.118164,-0.185547,0.993652,0,0,-0.000532632
1774095519115,0.120117,-0.1875,0.993164,0.000532632,0.000532632,0
1774095519196,0.117188,-0.185059,0.993164,-0.000532632,0,-0.000532632
1774095519276,0.120117,-0.185547,0.994629,0,-0.000532632,0.000532632
1774095519347,0.120605,-0.185059,0.992188,0,0,-0.000532632
1774095519427,0.118652,-0.185547,0.993164,0.000532632,-0.000532632,0.000532632
1774095519508,0.118164,-0.186523,0.995117,0,0.000532632,-0.000532632
1774095519578,0.119141,-0.186523,0.993164,0.000532632,-0.0015979,-0.000532632
1774095519659,0.117676,-0.185547,0.993652,0,0,0
1774095519739,0.119629,-0.1875,0.993164,0,0,0.00106526
1774095519810,0.119141,-0.18457,0.996582,0,0,0.000532632
1774095519890,0.117676,-0.186035,0.994141,0.000532632,-0.00106526,0
1774095519971,0.119141,-0.185547,0.992188,0,-0.000532632,0
1774095520041,0.116699,-0.185547,0.994141,0,-0.000532632,-0.000532632
1774095520122,0.119629,-0.185059,0.994629,0,0,0.000532632
1774095520202,0.118164,-0.18457,0.994141,0,-0.000532632,0
1774095520273,0.120605,-0.187012,0.995117,0.000532632,0,0
1774095520353,0.118652,-0.18457,0.994141,-0.00106526,-0.000532632,-0.000532632
1774095520434,0.118652,-0.187012,0.994141,0.000532632,-0.000532632,0.000532632
1774095520505,0.118164,-0.186523,0.993652,-0.000532632,-0.000532632,0
1774095520585,0.118164,-0.185547,0.995117,0,0,0.000532632
1774095520656,0.118652,-0.185547,0.991699,0,0,0
1774095520737,0.118652,-0.185547,0.993652,0.00106526,0.000532632,0
1774095520817,0.119629,-0.187012,0.992676,0.000532632,-0.00106526,-0.00106526
1774095520888,0.117188,-0.18457,0.993652,-0.000532632,-0.0015979,0
1774095520968,0.120605,-0.187012,0.992188,0,0,0.000532632
1774095521049,0.118164,-0.1875,0.993652,0,0.00106526,0
1774095521119,0.118652,-0.186523,0.993164,0,0,-0.000532632
1774095521200,0.118652,-0.1875,0.993164,0,0.00106526,0.00106526
1774095521280,0.119629,-0.186523,0.993652,0.000532632,0,-0.000532632
1774095521351,0.119141,-0.185547,0.995117,0.00106526,-0.000532632,0
1774095521431,0.119629,-0.187012,0.994629,0.000532632,-0.00106526,0.000532632
1774095521502,0.118652,-0.186523,0.994141,-0.000532632,-0.000532632,0.000532632
1774095521582,0.119629,-0.1875,0.994141,0,0,-0.000532632
1774095521663,0.118652,-0.185547,0.993164,0.00106526,0,0.000532632
1774095521733,0.118164,-0.1875,0.994141,0.000532632,-0.00106526,0
1774095521814,0.118164,-0.188477,0.992188,0.00106526,0,0
1774095521894,0.119629,-0.187012,0.994141,0,0,0
1774095521965,0.117676,-0.187988,0.991699,0.000532632,-0.000532632,-0.000532632
1774095522046,0.118164,-0.187012,0.993164,-0.000532632,0.000532632,0
1774095522126,0.119141,-0.184082,0.992676,0.000532632,0,0.000532632
1774095522197,0.118164,-0.1875,0.994141,-0.00106526,0,-0.00106526
1774095522277,0.118652,-0.186523,0.991211,0,0.000532632,0
1774095522358,0.117188,-0.186035,0.994629,0,-0.00106526,0
1774095522428,0.116211,-0.1875,0.992188,-0.000532632,0.000532632,0.000532632
1774095522509,0.119141,-0.186523,0.992188,0.000532632,0,0
1774095522589,0.119629,-0.1875,0.993164,-0.000532632,-0.00106526,0
1774095522660,0.116699,-0.185547,0.992188,0.000532632,-0.000532632,0.000532632
1774095522740,0.117188,-0.187012,0.994629,-0.000532632,-0.000532632,-0.00106526
1774095522821,0.117676,-0.184082,0.995117,-0.000532632,-0.000532632,0
1774095522891,0.118652,-0.185059,0.993652,0,-0.000532632,0
1774095522972,0.118652,-0.186523,0.994141,0,0,-0.000532632
1774095523042,0.117676,-0.187012,0.993652,0.000532632,0.000532632,0
1774095523123,0.120117,-0.187012,0.994141,0,0.000532632,0
1774095523203,0.117676,-0.18457,0.992188,0,0,0.000532632
1774095523274,0.117676,-0.185547,0.993652,0,-0.000532632,0
1774095523354,0.119629,-0.186035,0.993164,0.000532632,-0.00213053,0
1774095523435,0.116211,-0.185547,0.992676,0,-0.000532632,-0.000532632
1774095523506,0.118652,-0.185059,0.992676,0,0,-0.000532632
1774095523586,0.119141,-0.186035,0.993164,0,0,-0.00106526
1774095523667,0.119629,-0.186035,0.994141,0.000532632,0,0.00106526
1774095523737,0.118652,-0.187988,0.993652,0,0.00106526,0.000532632
1774095523818,0.119141,-0.18457,0.994629,0.00106526,0.000532632,0
1774095523898,0.119629,-0.187012,0.992188,-0.00106526,-0.000532632,0
1774095523969,0.119141,-0.185547,0.992676,0,-0.00106526,0
1774095524049,0.117676,-0.186035,0.994629,0.000532632,-0.00106526,0.000532632
1774095524120,0.119141,-0.186035,0.995117,0.000532632,-0.000532632,0
1774095524200,0.119141,-0.186035,0.996094,0.000532632,0.00106526,0.000532632
1774095524281,0.120117,-0.187012,0.994629,0,0,0
1774095524351,0.118652,-0.185059,0.993652,0,-0.000532632,0.000532632
1774095524432,0.117676,-0.185059,0.994141,0.0015979,0,-0.000532632
1774095524512,0.116699,-0.186523,0.993164,-0.000532632,0,-0.000532632
1774095524583,0.119141,-0.187988,0.992188,-0.000532632,0,-0.000532632
1774095524664,0.119629,-0.185059,0.994141,0,0.000532632,0.00106526
1774095524744,0.120605,-0.186035,0.994141,0,0.000532632,0
1774095524815,0.118652,-0.185547,0.992188,0.000532632,0.000532632,-0.000532632
1774095524895,0.118164,-0.186523,0.993164,-0.00106526,0,-0.000532632
1774095524976,0.118164,-0.1875,0.993652,-0.000532632,0,-0.000532632
1774095525046,0.119629,-0.1875,0.993652,-0.00106526,-0.000532632,0.000532632
1774095525127,0.117188,-0.186035,0.994629,0.00106526,0,0
1774095525207,0.118164,-0.1875,0.995117,0.00106526,0,0.000532632
1774095525278,0.116699,-0.187012,0.991699,0,0.00106526,-0.00106526
1774095525358,0.116699,-0.188477,0.995117,0.000532632,0,0
1774095525429,0.118164,-0.186035,0.994141,0.000532632,-0.000532632,0
1774095525509,0.117188,-0.1875,0.994141,0,-0.000532632,-0.00106526
1774095525590,0.118164,-0.187988,0.995117,0,0,-0.000532632
1774095525660,0.118164,-0.1875,0.993652,0.000532632,-0.000532632,0.000532632
1774095525741,0.118652,-0.187012,0.991699,0,-0.000532632,0.00106526
1774095525821,0.118652,-0.187012,0.993652,0,0,0
1774095525892,0.118164,-0.186035,0.994629,0.00106526,-0.000532632,0
1774095525972,0.118652,-0.185059,0.994141,0.000532632,0,0
1774095526053,0.119629,-0.187012,0.993652,0.00106526,0,-0.000532632
1774095526123,0.116699,-0.186523,0.994141,0,0,0
1774095526204,0.117188,-0.187988,0.991699,-0.000532632,0,0
1774095526284,0.117188,-0.187988,0.994141,-0.000532632,-0.000532632,0
1774095526355,0.120605,-0.187012,0.993652,0,0,0
1774095526435,0.117676,-0.186523,0.992676,0.00106526,-0.00106526,0
1774095526516,0.117676,-0.189453,0.995605,-0.000532632,-0.00106526,-0.00106526
1774095526586,0.119141,-0.186035,0.994141,0.00106526,0,0
1774095526667,0.119141,-0.186035,0.992188,0,-0.00106526,-0.000532632
1774095526738,0.117676,-0.188965,0.993652,0.000532632,-0.000532632,0
1774095526818,0.117188,-0.188965,0.994629,-0.000532632,-0.0015979,0.000532632
1774095526898,0.118652,-0.187012,0.994141,-0.00106526,-0.000532632,0
1774095526969,0.119141,-0.186035,0.992676,0,-0.00106526,0
1774095527049,0.117188,-0.1875,0.993164,0,-0.000532632,0
1774095527130,0.117676,-0.1875,0.993164,0,-0.00106526,0.00106526
1774095527201,0.119629,-0.183594,0.993652,0,-0.000532632,0
1774095527282,0.119141,-0.187988,0.994141,0.000532632,0.000532632,0.000532632
1774095527362,0.119629,-0.184082,0.993164,0,0,-0.000532632
1774095527432,0.119141,-0.185547,0.993164,0,0,0.000532632
1774095527513,0.119629,-0.186523,0.993164,0.00106526,0,0.000532632
1774095527593,0.120605,-0.187012,0.993652,0.000532632,0,0.000532632
1774095527664,0.120117,-0.186523,0.994141,0.000532632,-0.00106526,-0.000532632
1774095527744,0.120117,-0.185547,0.994141,0,-0.0015979,0.000532632
1774095527825,0.118652,-0.183594,0.994629,0,-0.000532632,0
1774095527895,0.117188,-0.187988,0.992676,-0.000532632,0,0
1774095527976,0.120117,-0.185059,0.993652,-0.000532632,-0.00106526,0
1774095528056,0.118652,-0.186523,0.994629,0,0,0.00106526
1774095528127,0.119141,-0.186035,0.992676,0.00106526,0,-0.000532632
1774095528207,0.118652,-0.187988,0.994141,0.000532632,-0.000532632,0.000532632
1774095528278,0.119629,-0.186035,0.993652,0,0,0.000532632
1774095528358,0.120117,-0.187012,0.993652,0,-0.00106526,-0.000532632
1774095528439,0.118164,-0.184082,0.994629,0.000532632,0.000532632,0
1774095528509,0.120117,-0.185547,0.996094,-0.000532632,0.000532632,0
1774095528590,0.119629,-0.186523,0.992676,0.000532632,-0.000532632,0.000532632
1774095528670,0.119141,-0.187012,0.992188,0.000532632,-0.00106526,0.000532632
1774095528741,0.118164,-0.185547,0.992676,-0.00106526,0.000532632,-0.000532632
1774095528822,0.120605,-0.185059,0.994141,0.000532632,-0.000532632,0.000532632
1774095528902,0.117676,-0.1875,0.991699,0,0,0.000532632
1774095528973,0.120117,-0.185059,0.993652,0,-0.000532632,0.00106526
1774095529053,0.119629,-0.186523,0.994141,0,0,-0.000532632
1774095529134,0.117676,-0.18457,0.992676,0.000532632,-0.000532632,-0.000532632
1774095529204,0.118164,-0.186035,0.992188,-0.000532632,0.000532632,-0.000532632
1774095529285,0.120605,-0.187012,0.994629,-0.000532632,-0.000532632,-0.000532632
1774095529365,0.119141,-0.186035,0.994141,0.000532632,0.000532632,0.0015979
1774095529436,0.117188,-0.186523,0.993652,0.000532632,0,0
1774095529516,0.118652,-0.187988,0.994629,0.000532632,0,-0.00106526
1774095529587,0.116699,-0.185547,0.993164,0,-0.000532632,0.000532632
1774095529667,0.118652,-0.186035,0.994141,0.000532632,-0.000532632,-0.000532632
1774095529748,0.120117,-0.185059,0.993652,0,0,0
1774095529818,0.118164,-0.187988,0.995117,0.000532632,-0.000532632,0
1774095529899,0.120605,-0.186035,0.994141,0.000532632,-0.000532632,0.000532632
1774095529979,0.119141,-0.185547,0.993652,0.00106526,-0.00106526,0
1774095530050,0.119141,-0.185547,0.993164,0.000532632,0.000532632,0
1774095530130,0.119629,-0.186523,0.995605,0.00106526,0.000532632,0
1774095530211,0.118164,-0.185059,0.993652,0,0.000532632,0
1774095530282,0.119141,-0.187988,0.994141,0.00106526,-0.00106526,0.000532632
1774095530362,0.118164,-0.186035,0.994141,0,0,0.000532632
1774095530442,0.117676,-0.1875,0.994141,0.000532632,0,0.000532632
1774095530513,0.120117,-0.185547,0.994629,0,-0.000532632,0.00106526
1774095530593,0.118652,-0.185059,0.991699,0,0,0
1774095530674,0.118652,-0.186523,0.992676,-0.000532632,-0.000532632,-0.000532632
1774095530744,0.117188,-0.187012,0.992676,0,0,0
1774095530825,0.119141,-0.183105,0.994629,0,0,0.000532632
1774095530895,0.119141,-0.18457,0.993164,0,0,0.000532632
1774095530976,0.118652,-0.185547,0.995117,0.000532632,-0.000532632,0.000532632
1774095531056,0.118652,-0.187012,0.995605,0,-0.000532632,0
1774095531127,0.119629,-0.184082,0.993652,0,0.000532632,0
1774095531208,0.119629,-0.186523,0.994629,0.000532632,0,-0.00106526
1774095531288,0.119141,-0.188477,0.993164,-0.000532632,-0.000532632,0
1774095531359,0.116699,-0.186523,0.994141,0.000532632,0,-0.000532632
1774095531439,0.117188,-0.185547,0.993652,0.00106526,-0.000532632,-0.00106526
1774095531520,0.118164,-0.187012,0.993652,0,-0.00106526,0
1774095531590,0.118164,-0.185059,0.995117,-0.000532632,-0.000532632,0.00106526
1774095531671,0.118164,-0.187988,0.994629,0,0,-0.000532632
1774095531751,0.119629,-0.187012,0.993652,0,-0.00106526,0
1774095531822,0.119141,-0.187012,0.995117,-0.000532632,-0.000532632,0
1774095531902,0.118652,-0.18457,0.993164,0.000532632,-0.00106526,0
1774095531983,0.119141,-0.186035,0.994141,-0.000532632,0,-0.0015979
1774095532053,0.118652,-0.187012,0.995605,0.000532632,0,0
1774095532134,0.120117,-0.186523,0.992188,0,0.000532632,0.000532632
1774095532204,0.119141,-0.18457,0.994629,0.00106526,-0.000532632,-0.000532632
1774095532285,0.119629,-0.187012,0.995117,0.00106526,0,0
1774095532365,0.121094,-0.185547,0.994141,0,-0.0015979,0
1774095532436,0.118652,-0.186035,0.996094,0,-0.0015979,0.00106526
1774095532517,0.119629,-0.186035,0.994141,0.00106526,0.00106526,0.000532632
1774095532597,0.121094,-0.186035,0.993652,-0.000532632,0.000532632,0
1774095532668,0.118652,-0.186523,0.993652,0.000532632,-0.000532632,0
1774095532748,0.118652,-0.185547,0.993652,0.000532632,0.00106526,0
1774095532829,0.118164,-0.187988,0.993164,-0.000532632,-0.000532632,0
1774095532899,0.118652,-0.184082,0.994141,0,0.000532632,-0.00106526
1774095532980,0.119141,-0.186035,0.992676,0.000532632,-0.000532632,0.000532632
1774095533060,0.119629,-0.186035,0.993164,-0.00106526,0.000532632,0
1774095533131,0.120117,-0.186035,0.995605,0,-0.000532632,-0.000532632
1774095533211,0.118652,-0.185547,0.994629,0.000532632,-0.000532632,0.000532632
1774095533292,0.117188,-0.185547,0.995117,0,-0.000532632,0
1774095533362,0.119629,-0.186523,0.994629,0,0,-0.000532632
1774095533443,0.119141,-0.186523,0.992676,0,-0.000532632,0.00106526
1774095533514,0.120605,-0.187012,0.995117,0.000532632,0.000532632,0
1774095533594,0.116699,-0.1875,0.994141,0,0,0
1774095533675,0.119141,-0.185547,0.994629,0.00213053,-0.000532632,0
1774095533745,0.119629,-0.187988,0.993164,0,0,0.00106526
1774095533826,0.118652,-0.185059,0.993652,0,-0.00106526,0
1774095533906,0.116699,-0.186035,0.994141,0.000532632,0.000532632,-0.000532632
1774095533977,0.118164,-0.186035,0.993164,0.000532632,0,0.000532632
1774095534057,0.118164,-0.188477,0.994141,0.000532632,-0.00106526,0.000532632
1774095534138,0.120117,-0.188477,0.993652,-0.000532632,0,0
1774095534209,0.118164,-0.187012,0.994141,0.00106526,0,0.00106526
1774095534289,0.121094,-0.186035,0.993652,-0.000532632,-0.00106526,-0.000532632
1774095534370,0.118164,-0.188477,0.991699,0,-0.000532632,0
1774095534440,0.119141,-0.185547,0.992676,-0.000532632,0,0.0015979
1774095534521,0.117676,-0.185059,0.993652,0,0,-0.0015979
1774095534591,0.118164,-0.186523,0.994141,0.000532632,-0.000532632,0
1774095534672,0.119629,-0.188477,0.993164,-0.000532632,0,0
1774095534753,0.120117,-0.188477,0.994629,0.0015979,0,-0.000532632
1774095534823,0.119629,-0.186523,0.993164,0.000532632,-0.000532632,-0.000532632
1774095534904,0.119629,-0.186035,0.993164,-0.000532632,-0.000532632,0
1774095534984,0.118652,-0.1875,0.993652,0,-0.00106526,0.000532632
1774095535055,0.118652,-0.187012,0.991699,0.000532632,-0.00106526,0
1774095535135,0.118164,-0.187012,0.994629,0,0.000532632,-0.00106526
1774095535216,0.116211,-0.187012,0.992188,-0.000532632,0,0.000532632
1774095535286,0.119141,-0.186523,0.995117,0.000532632,0.000532632,-0.000532632
1774095535367,0.120117,-0.185547,0.994141,-0.000532632,-0.00106526,-0.000532632
1774095535447,0.117188,-0.1875,0.992676,0,0,-0.000532632
1774095535518,0.117188,-0.1875,0.996094,0.000532632,-0.000532632,0.00106526
1774095535598,0.116211,-0.186523,0.995117,0,0,0.00106526
1774095535679,0.118164,-0.1875,0.994141,0.000532632,-0.000532632,0.000532632
1774095535750,0.120117,-0.182617,0.993164,-0.000532632,-0.000532632,0
1774095535830,0.120117,-0.1875,0.994141,0,-0.000532632,0
1774095535901,0.117188,-0.185547,0.992676,-0.000532632,0,0
1774095535981,0.120117,-0.1875,0.994629,0,0,0
1774095536062,0.120117,-0.185059,0.994141,0,-0.000532632,-0.000532632
1774095536132,0.121094,-0.186035,0.994629,0.000532632,0,0
1774095536213,0.116699,-0.186523,0.994141,-0.000532632,-0.000532632,0
1774095536293,0.118164,-0.185547,0.994629,0,0,0
1774095536364,0.117676,-0.186523,0.993164,0,0.000532632,0
1774095536444,0.118164,-0.186035,0.993652,-0.000532632,0.000532632,0
1774095536525,0.119141,-0.185059,0.994629,-0.000532632,-0.000532632,0.000532632
1774095536595,0.119141,-0.186035,0.993652,0.000532632,0,0
1774095536676,0.120117,-0.186035,0.994629,-0.000532632,-0.000532632,0
1774095536757,0.119141,-0.188477,0.992676,0.00106526,0,0
1774095536827,0.117676,-0.185059,0.993652,0.000532632,-0.000532632,0.00106526
1774095536908,0.119141,-0.185547,0.995117,0.000532632,0,-0.000532632
1774095536978,0.118652,-0.186523,0.993652,-0.000532632,-0.000532632,-0.000532632
1774095537059,0.118652,-0.186523,0.994629,0.00106526,0,0.000532632
1774095537139,0.117676,-0.186523,0.994141,-0.000532632,-0.00106526,0.00106526
1774095537210,0.119629,-0.185547,0.994629,-0.000532632,0,0.000532632
1774095537290,0.117188,-0.186523,0.993652,0.00106526,-0.00106526,-0.000532632
1774095537372,0.118164,-0.186035,0.995117,0,0.000532632,0.000532632
1774095537441,0.119629,-0.185547,0.993652,0.000532632,-0.000532632,-0.000532632
1774095537522,0.118164,-0.187012,0.995117,-0.00106526,0,0
1774095537602,0.119629,-0.187012,0.994141,0.000532632,-0.000532632,-0.000532632
1774095537673,0.117676,-0.18457,0.996094,0,-0.000532632,0.000532632
1774095537753,0.119629,-0.187012,0.995117,0,-0.000532632,0
1774095537834,0.117676,-0.187012,0.995605,-0.000532632,-0.000532632,0
1774095537904,0.118652,-0.187988,0.994141,0,-0.000532632,0.000532632
1774095537985,0.120117,-0.186523,0.993164,0.00106526,0,0.000532632
1774095538066,0.119629,-0.1875,0.993164,0.000532632,0.000532632,0.00106526
1774095538136,0.117676,-0.186523,0.995117,-0.00106526,-0.000532632,0.000532632
1774095538217,0.119629,-0.185547,0.992188,0.000532632,0.000532632,0.000532632
1774095538287,0.118164,-0.186523,0.994141,-0.000532632,0,-0.000532632
1774095538368,0.119629,-0.185547,0.995117,0,-0.000532632,-0.00106526
1774095538448,0.119141,-0.187988,0.994629,0,-0.00106526,0
1774095538519,0.118164,-0.186035,0.994629,0.00106526,0,0
1774095538599,0.118652,-0.186523,0.996094,-0.000532632,0,-0.000532632
1774095538680,0.117188,-0.185547,0.993652,0,-0.000532632,0
1774095538750,0.121094,-0.186035,0.994141,0,-0.000532632,-0.000532632
1774095538831,0.117676,-0.185547,0.994629,0.00106526,0,-0.000532632
1774095538911,0.119629,-0.187988,0.993652,0,0,0.000532632
1774095538982,0.118652,-0.186523,0.995605,0,0.000532632,-0.000532632
1774095539062,0.118164,-0.188477,0.995605,0.000532632,0,-0.000532632
1774095539143,0.117676,-0.186035,0.996094,0.000532632,0,0
1774095539214,0.121094,-0.185059,0.995117,0.000532632,-0.00106526,-0.000532632
1774095539294,0.120605,-0.187012,0.993652,0,0,0.000532632
1774095539365,0.119629,-0.187012,0.993652,-0.00106526,-0.000532632,0.00106526
1774095539445,0.117676,-0.18457,0.994629,0,0,0
1774095539526,0.118164,-0.187012,0.994629,0,-0.000532632,0
1774095539597,0.118164,-0.184082,0.993164,0.00106526,-0.000532632,-0.000532632
1774095539677,0.119629,-0.186035,0.994629,0,-0.000532632,0
1774095539758,0.119141,-0.186523,0.993164,0.000532632,0,-0.000532632
1774095539828,0.118652,-0.1875,0.993652,0.00106526,-0.000532632,0.000532632
1774095539909,0.118652,-0.187012,0.993652,0.000532632,0,0
1774095539989,0.119629,-0.186523,0.995117,0,-0.000532632,0
1774095540060,0.117188,-0.186523,0.994141,0,0,-0.00106526
1774095540140,0.117676,-0.185059,0.993652,0,0.000532632,0.000532632
1774095540221,0.119141,-0.186035,0.992676,0,0,0
1774095540291,0.118652,-0.186523,0.994141,0,-0.000532632,0
1774095540372,0.117676,-0.187988,0.994141,0.00106526,-0.000532632,0
1774095540453,0.117676,-0.185059,0.991699,0,-0.00106526,0
1774095540523,0.117676,-0.185059,0.993652,0,0,0.000532632
1774095540604,0.121582,-0.187012,0.992188,0,-0.000532632,0.000532632
1774095540674,0.116699,-0.186523,0.994141,0,-0.000532632,-0.000532632
1774095540755,0.120117,-0.186523,0.993164,0.000532632,0,0.000532632
1774095540835,0.116699,-0.186035,0.994629,0,0,-0.000532632
1774095540906,0.117676,-0.185547,0.993164,0,-0.000532632,-0.000532632
1774095540986,0.118164,-0.186523,0.993164,-0.000532632,-0.00106526,0.00106526
1774095541067,0.119141,-0.187012,0.994629,-0.000532632,0,0
1774095541137,0.118652,-0.1875,0.992676,0.000532632,-0.0015979,0.000532632
1774095541218,0.119629,-0.187988,0.993164,-0.000532632,0,0
1774095541298,0.119629,-0.187988,0.994629,0.00106526,-0.000532632,0
1774095541369,0.118164,-0.185547,0.994141,-0.0015979,-0.0015979,-0.000532632
1774095541449,0.118652,-0.186035,0.994141,0.000532632,0,-0.00106526
1774095541530,0.117676,-0.186035,0.995605,-0.000532632,-0.00106526,0.000532632
1774095541600,0.120117,-0.187012,0.995117,-0.000532632,0.000532632,0.000532632
1774095541681,0.117676,-0.185547,0.994629,-0.000532632,-0.00106526,-0.000532632
1774095541761,0.119629,-0.1875,0.994141,0,0,-0.000532632
1774095541832,0.118652,-0.187012,0.99707,0,0.000532632,0.000532632
1774095541912,0.118652,-0.186523,0.993652,-0.00106526,-0.000532632,0
1774095541983,0.119629,-0.187012,0.992676,0.000532632,0,0
1774095542064,0.118652,-0.187988,0.993652,0,-0.00106526,0.00106526
1774095542144,0.118164,-0.1875,0.993164,0,-0.00106526,0
1774095542215,0.119141,-0.187012,0.994141,0,-0.000532632,-0.000532632
1774095542295,0.119141,-0.186523,0.994629,-0.000532632,-0.000532632,0.00106526
1774095542376,0.119629,-0.183594,0.995117,-0.000532632,-0.000532632,0.000532632
1774095542446,0.119141,-0.187988,0.995117,0.000532632,-0.00106526,0
1774095542527,0.117676,-0.186523,0.993164,0,0,0.000532632
1774095542607,0.118164,-0.1875,0.994629,0,-0.000532632,0.000532632
1774095542678,0.115234,-0.187012,0.992676,0,0.000532632,0
1774095542758,0.119141,-0.186035,0.992676,-0.000532632,0.000532632,0
1774095542839,0.118652,-0.186035,0.993652,0,-0.000532632,0
1774095542909,0.119629,-0.186523,0.992188,0,-0.0015979,0
1774095542990,0.117188,-0.186035,0.993652,0,-0.000532632,0
1774095543070,0.117188,-0.186523,0.993652,0.000532632,0,0
1774095543141,0.119141,-0.185547,0.992676,0.000532632,0.000532632,0.000532632
1774095543221,0.117676,-0.1875,0.994629,-0.000532632,-0.000532632,0.000532632
1774095543292,0.118652,-0.188477,0.993164,0.000532632,0,0
1774095543372,0.118652,-0.187988,0.994629,0.000532632,-0.000532632,0
1774095543453,0.119629,-0.186523,0.994629,0.000532632,0,0
1774095543523,0.119141,-0.1875,0.993652,-0.000532632,0,-0.000532632
1774095543604,0.121582,-0.185547,0.996094,0.000532632,0,0
1774095543685,0.117676,-0.186035,0.993652,-0.000532632,0.000532632,0
1774095543755,0.118652,-0.187988,0.992676,0,0,0.000532632
1774095543836,0.120605,-0.186523,0.994141,-0.000532632,-0.000532632,0.000532632
1774095543916,0.118164,-0.185547,0.994629,0.000532632,0,0.000532632
1774095543987,0.118164,-0.187012,0.995117,-0.000532632,0,-0.000532632
1774095544067,0.118652,-0.186035,0.994629,-0.00106526,0,0.000532632
1774095544148,0.118652,-0.185547,0.994141,0,0,0
1774095544218,0.118164,-0.186035,0.992676,-0.00106526,-0.00106526,0.000532632
1774095544299,0.118652,-0.18457,0.994629,0.000532632,-0.00106526,0
1774095544379,0.119629,-0.1875,0.993652,0.000532632,-0.00106526,0.00106526
1774095544450,0.120605,-0.186523,0.993164,0,-0.000532632,0
1774095544530,0.119141,-0.187012,0.994141,0.00106526,-0.00106526,0
1774095544611,0.118652,-0.185059,0.992676,0.000532632,0.000532632,0
1774095544681,0.119629,-0.185547,0.993652,0,-0.00106526,0
1774095544762,0.120117,-0.185059,0.993652,0.000532632,-0.000532632,0.000532632
1774095544832,0.119629,-0.187012,0.995117,0.00106526,-0.000532632,-0.000532632
1774095544913,0.120605,-0.188477,0.996094,0.00106526,-0.000532632,0.000532632
1774095544993,0.119141,-0.188477,0.995605,0.000532632,-0.000532632,0
1774095545064,0.118652,-0.185059,0.993652,0,0.000532632,-0.000532632
1774095545145,0.117676,-0.185547,0.994141,0.000532632,-0.000532632,0.00106526
1774095545225,0.117676,-0.187988,0.994629,0.000532632,-0.000532632,0
1774095545296,0.119141,-0.185547,0.994141,-0.000532632,-0.00106526,0.00106526
1774095545376,0.120117,-0.185059,0.994141,0.000532632,-0.000532632,0.00106526
1774095545457,0.117676,-0.186035,0.993164,0.0015979,-0.00106526,0.00106526
1774095545527,0.117188,-0.186035,0.993164,0,-0.000532632,0.00106526
1774095545608,0.118164,-0.187012,0.994629,-0.000532632,-0.000532632,0
1774095545689,0.116699,-0.188477,0.993652,-0.000532632,-0.000532632,0.000532632
1774095545759,0.119141,-0.188965,0.994629,-0.000532632,0.00106526,0
1774095545840,0.119141,-0.187988,0.994629,0.000532632,0,0
1774095545910,0.116699,-0.185547,0.994141,0.000532632,-0.000532632,0.00106526
1774095545991,0.117188,-0.187012,0.992676,0.000532632,-0.00106526,-0.000532632
1774095546071,0.117188,-0.186523,0.993652,0,-0.00106526,0.000532632
1774095546142,0.118652,-0.185547,0.993652,-0.000532632,-0.000532632,-0.000532632
1774095546222,0.118652,-0.186523,0.994141,0.000532632,-0.000532632,0.00106526
1774095546303,0.118164,-0.186523,0.992188,-0.000532632,-0.000532632,0
1774095546373,0.118164,-0.186523,0.993164,0.00106526,0.000532632,0
1774095546454,0.116699,-0.186035,0.994629,-0.000532632,-0.000532632,0.00106526
1774095546535,0.119629,-0.186035,0.995117,-0.00106526,-0.000532632,0.000532632
1774095546605,0.119141,-0.186523,0.993652,0.000532632,-0.000532632,0
1774095546686,0.117676,-0.186035,0.994629,0.000532632,-0.000532632,0
1774095546766,0.118164,-0.185547,0.993652,0,-0.000532632,0.00106526
1774095546837,0.118652,-0.187988,0.995605,0,-0.000532632,0.000532632
1774095546917,0.118652,-0.187012,0.992676,0,-0.000532632,-0.000532632
1774095546998,0.118164,-0.186523,0.993652,0.000532632,-0.000532632,0.00106526
1774095547068,0.119629,-0.1875,0.995605,-0.000532632,0,0.00106526
1774095547149,0.118164,-0.1875,0.993652,0.00106526,0.00106526,0
1774095547219,0.118652,-0.186035,0.993164,0.00106526,0.000532632,0.000532632
1774095547300,0.121094,-0.1875,0.993164,0.000532632,-0.000532632,0
1774095547380,0.118652,-0.187012,0.994629,0.000532632,-0.000532632,0.000532632
1774095547451,0.118164,-0.185547,0.992188,0.000532632,-0.000532632,0
1774095547531,0.118652,-0.186523,0.992676,0.000532632,-0.00106526,0
1774095547612,0.116699,-0.185059,0.991699,0,-0.000532632,0
1774095547682,0.116699,-0.185547,0.994141,0,-0.000532632,0
1774095547763,0.117188,-0.185059,0.996094,0.00106526,0.000532632,0.000532632
1774095547843,0.118164,-0.185547,0.994629,0,0,0.000532632
1774095547915,0.117676,-0.186035,0.994141,-0.000532632,0,0.000532632
1774095547994,0.116699,-0.185547,0.992188,0.000532632,0,0.000532632
1774095548075,0.117188,-0.187012,0.993652,-0.000532632,-0.000532632,0.000532632
1774095548145,0.119141,-0.186523,0.995605,0.000532632,-0.000532632,0.0015979
1774095548226,0.117676,-0.185547,0.994629,0,0,0.00106526
1774095548297,0.118652,-0.187988,0.993652,-0.000532632,-0.000532632,0
1774095548377,0.117676,-0.1875,0.993652,0.00106526,0,0.000532632
1774095548458,0.117188,-0.188965,0.993164,-0.000532632,-0.00106526,0.000532632
1774095548528,0.117188,-0.185547,0.994629,0,0,0
1774095548609,0.118652,-0.187012,0.993164,0.000532632,-0.000532632,0.00106526
1774095548689,0.117188,-0.185547,0.995117,-0.00106526,-0.0015979,0
1774095548760,0.117188,-0.186523,0.994629,0,0.000532632,-0.00106526
1774095548840,0.117188,-0.185547,0.992676,0,0,0
1774095548921,0.116699,-0.187012,0.993164,0.000532632,-0.000532632,0
1774095548991,0.117676,-0.187012,0.994141,0.0015979,0.000532632,-0.000532632
1774095549072,0.119141,-0.186523,0.993164,0,-0.000532632,0
1774095549152,0.118164,-0.1875,0.991699,-0.000532632,-0.000532632,0.00106526
1774095549223,0.119629,-0.185547,0.994141,0.000532632,0,-0.000532632
1774095549303,0.118652,-0.187988,0.994629,0,0,-0.000532632
1774095549384,0.118652,-0.1875,0.993652,-0.000532632,0.000532632,0.00106526
1774095549455,0.119141,-0.185059,0.993164,-0.000532632,0,0
1774095549535,0.120605,-0.1875,0.993652,-0.000532632,0,0
1774095549605,0.119141,-0.186523,0.993652,-0.000532632,0.000532632,-0.000532632
1774095549686,0.116211,-0.185547,0.994141,0,0.000532632,0
1774095549767,0.116699,-0.186523,0.993652,0.000532632,0.000532632,0.000532632
1774095549837,0.118164,-0.187988,0.993164,0.000532632,0.00106526,-0.000532632
1774095549918,0.119141,-0.186523,0.992188,0,0,-0.000532632
1774095549998,0.118164,-0.185547,0.992676,0.000532632,0.000532632,-0.000532632
1774095550069,0.119629,-0.186523,0.993164,-0.000532632,0,-0.000532632
1774095550149,0.118652,-0.186523,0.992188,-0.00106526,0,0.000532632
1774095550230,0.118652,-0.187012,0.993164,0.000532632,0.00106526,0.00106526
1774095550300,0.118164,-0.185059,0.993164,-0.000532632,-0.00106526,-0.000532632
1774095550381,0.119629,-0.188477,0.993164,0,0,0
1774095550461,0.118652,-0.186523,0.994141,0.00106526,0,-0.000532632
1774095550532,0.118164,-0.185547,0.993652,0.00106526,0,0.000532632
1774095550612,0.117188,-0.185547,0.994629,0.000532632,-0.000532632,0.000532632
1774095550693,0.120117,-0.185059,0.993164,0.000532632,0.00106526,0.000532632
1774095550764,0.117188,-0.186523,0.993164,0.000532632,-0.000532632,0.000532632
1774095550845,0.119141,-0.1875,0.995117,0,0,0
1774095550915,0.119141,-0.184082,0.993164,0,-0.000532632,-0.000532632
1774095550995,0.116699,-0.187012,0.994629,0,-0.000532632,0.000532632
1774095551076,0.119141,-0.186523,0.993164,-0.000532632,-0.00106526,0.000532632
1774095551146,0.118164,-0.186035,0.992188,0.000532632,0.000532632,0
1774095551227,0.118164,-0.186035,0.992188,0,-0.00106526,-0.000532632
1774095551308,0.119629,-0.185547,0.993164,-0.000532632,-0.000532632,0
1774095551379,0.120605,-0.187012,0.994629,-0.000532632,0,0.000532632
1774095551459,0.120605,-0.186523,0.991699,0.00106526,-0.00106526,0.000532632
1774095551540,0.117188,-0.18457,0.994629,0.000532632,0,0
1774095551610,0.119141,-0.185547,0.994629,0,-0.000532632,0.000532632
1774095551691,0.119629,-0.185059,0.992188,-0.000532632,0,0.000532632
1774095551771,0.119629,-0.186523,0.992676,0.00106526,-0.000532632,0
1774095551842,0.116699,-0.187012,0.993164,0,0,0
1774095551922,0.117676,-0.186523,0.995117,-0.000532632,-0.000532632,0
1774095551993,0.117676,-0.186523,0.994141,0.000532632,-0.00106526,-0.000532632
1774095552073,0.117676,-0.187012,0.993164,0.00106526,-0.00106526,0
1774095552154,0.116699,-0.189453,0.992676,-0.000532632,-0.000532632,0
1774095552224,0.118164,-0.185059,0.995117,0.000532632,-0.000532632,0
1774095552305,0.118164,-0.187012,0.992676,-0.000532632,-0.0015979,0
1774095552386,0.116699,-0.1875,0.992676,0.000532632,-0.000532632,-0.000532632
1774095552456,0.118164,-0.1875,0.994141,-0.000532632,0,0
1774095552537,0.116211,-0.186035,0.993164,0,0,0.00106526
1774095552617,0.117676,-0.187012,0.991699,0,0.000532632,0.000532632
1774095552688,0.117676,-0.186523,0.991699,0.000532632,-0.000532632,0.000532632
1774095552768,0.117188,-0.187012,0.994141,0.000532632,-0.000532632,0.00106526
1774095552849,0.119629,-0.1875,0.993164,0.000532632,0,-0.000532632
1774095552919,0.118164,-0.186035,0.993652,0.000532632,-0.000532632,0
1774095553000,0.120117,-0.186523,0.993652,0.00106526,0,-0.000532632
1774095553080,0.119141,-0.185547,0.991211,0.000532632,0.00106526,0.000532632
1774095553151,0.118164,-0.185547,0.994141,0.00106526,0.000532632,0
1774095553231,0.120605,-0.18457,0.993164,0.000532632,0,0.000532632
1774095553302,0.118164,-0.188965,0.993652,0,-0.000532632,-0.000532632
1774095553382,0.119141,-0.1875,0.996582,0,-0.000532632,0.00106526
1774095553463,0.118652,-0.185547,0.992676,0.000532632,0,-0.000532632
1774095553533,0.117188,-0.186035,0.993164,-0.000532632,0.000532632,0.000532632
1774095553614,0.119629,-0.186035,0.993164,0.000532632,0.00106526,0.000532632
1774095553694,0.117676,-0.1875,0.992676,0,0,0.000532632
1774095553765,0.117188,-0.186035,0.993164,-0.000532632,-0.000532632,-0.0015979
1774095553845,0.119141,-0.18457,0.993652,0.00106526,-0.000532632,0
1774095553926,0.119141,-0.186523,0.993652,0.000532632,-0.000532632,0.00106526
1774095553996,0.119629,-0.186523,0.994141,0,0,0
1774095554077,0.119141,-0.186035,0.993652,0.000532632,0,0
1774095554158,0.119141,-0.186035,0.994141,0,-0.000532632,-0.000532632
1774095554228,0.118164,-0.186523,0.994141,0,-0.00106526,0
1774095554309,0.116211,-0.185059,0.994141,0.00106526,0,-0.000532632
1774095554389,0.118652,-0.18457,0.994629,0,0,0
1774095554460,0.117188,-0.188965,0.994141,0.00106526,-0.000532632,0
1774095554540,0.119629,-0.186523,0.993652,0.000532632,0,0.000532632
1774095554611,0.119629,-0.189453,0.993652,-0.000532632,-0.000532632,-0.00106526
1774095554691,0.118652,-0.1875,0.993164,0,-0.000532632,-0.000532632
1774095554772,0.119629,-0.188477,0.995117,-0.000532632,-0.00106526,0.000532632
1774095554842,0.116699,-0.186035,0.994629,0.00106526,-0.000532632,0.000532632
1774095554923,0.117188,-0.185547,0.994141,0.00106526,0.000532632,-0.00106526
1774095555004,0.117188,-0.189941,0.994141,0.000532632,0,0.000532632
1774095555074,0.117676,-0.1875,0.993164,0.000532632,0,0.00106526
1774095555155,0.120605,-0.186523,0.994141,0,0,0
1774095555235,0.117676,-0.1875,0.993164,0.000532632,-0.000532632,0.000532632
1774095555306,0.118652,-0.186035,0.992676,0,-0.000532632,-0.00106526
1774095555386,0.115723,-0.186035,0.992676,0.000532632,-0.00106526,0.000532632
1774095555467,0.118164,-0.187988,0.994141,0,-0.000532632,0.000532632
1774095555537,0.118652,-0.187012,0.993164,0,-0.00106526,-0.000532632
1774095555618,0.117676,-0.1875,0.994141,-0.000532632,0,0.00106526
1774095555698,0.119629,-0.186035,0.991211,0.000532632,0,-0.00106526
1774095555769,0.115723,-0.187012,0.992676,0,0.000532632,0.000532632
1774095555849,0.119629,-0.18457,0.992676,0,-0.000532632,0.000532632
1774095555920,0.118164,-0.188477,0.994141,-0.000532632,0.000532632,0.000532632
1774095556000,0.117676,-0.1875,0.994629,-0.000532632,-0.0015979,0.000532632
1774095556081,0.118652,-0.187012,0.993652,0.000532632,-0.00106526,0.000532632
1774095556152,0.118164,-0.185547,0.994141,0.000532632,-0.000532632,0
1774095556232,0.120605,-0.185547,0.994141,0,-0.00106526,0.000532632
1774095556313,0.120605,-0.187988,0.993652,0,0,-0.000532632
1774095556383,0.118652,-0.187012,0.992676,-0.00106526,-0.00106526,0
1774095556464,0.120117,-0.1875,0.993164,0.000532632,-0.000532632,0.000532632
1774095556544,0.118652,-0.188965,0.992676,0.000532632,0,-0.000532632
1774095556615,0.118164,-0.1875,0.993164,-0.000532632,-0.000532632,0.000532632
1774095556695,0.117676,-0.185059,0.995605,0.000532632,-0.000532632,0
1774095556776,0.120117,-0.187988,0.992188,0.000532632,-0.00106526,0.000532632
1774095556846,0.118164,-0.1875,0.994629,0.000532632,-0.000532632,0.000532632
1774095556927,0.118652,-0.1875,0.992188,0.000532632,-0.000532632,-0.000532632
1774095556998,0.119141,-0.1875,0.995117,0.00106526,0,0
1774095557078,0.117188,-0.1875,0.993164,-0.000532632,0,0
1774095557159,0.118164,-0.185547,0.992188,0,0,-0.000532632
1774095557230,0.117676,-0.186035,0.994629,0.000532632,0.000532632,0
1774095557310,0.117676,-0.185547,0.993652,0.00106526,0.000532632,-0.000532632
1774095557390,0.117188,-0.187988,0.991699,0.000532632,-0.000532632,0
1774095557461,0.118652,-0.1875,0.993652,0.000532632,0,0.000532632
1774095557541,0.118164,-0.187012,0.995117,0.00106526,-0.000532632,0.000532632
1774095557622,0.118164,-0.186523,0.993164,0.000532632,-0.000532632,0
1774095557692,0.118652,-0.186523,0.991699,0.000532632,0.000532632,0.000532632
1774095557773,0.117676,-0.186523,0.993164,-0.000532632,0.000532632,-0.000532632
1774095557853,0.118164,-0.1875,0.994629,0,-0.00213053,0.000532632
1774095557924,0.118652,-0.189941,0.993652,0.000532632,0,0.000532632
1774095558004,0.118164,-0.186035,0.994629,0,0,0
1774095558085,0.119141,-0.186523,0.993164,0.00106526,-0.00106526,0.000532632
1774095558155,0.117676,-0.186523,0.994141,0.000532632,-0.000532632,-0.000532632
1774095558236,0.119629,-0.186523,0.992676,0.00106526,0.000532632,0.000532632
1774095558306,0.117188,-0.185547,0.992188,-0.000532632,-0.000532632,0
1774095558387,0.118652,-0.1875,0.991699,0,-0.000532632,0
1774095558468,0.118164,-0.185547,0.990723,0.000532632,0.000532632,0.0015979
1774095558538,0.118164,-0.186035,0.993164,0,-0.000532632,0.000532632
1774095558619,0.117676,-0.187988,0.993164,0,-0.000532632,0
1774095558699,0.118652,-0.187012,0.994141,0,0,0
1774095558770,0.118652,-0.186035,0.992188,0,-0.000532632,0
1774095558850,0.117676,-0.187988,0.992188,-0.00106526,0,0
1774095558931,0.118652,-0.185059,0.994629,0.000532632,0.000532632,0
1774095559001,0.118164,-0.187988,0.995117,0,-0.00106526,0.000532632
1774095559082,0.118164,-0.186523,0.993652,0.000532632,0,-0.00106526
1774095559162,0.116699,-0.186523,0.994629,0.000532632,0,0
1774095559233,0.118652,-0.188477,0.993164,0.0015979,0.00106526,0
1774095559313,0.121094,-0.187988,0.993164,0.000532632,-0.00106526,-0.000532632
1774095559394,0.117188,-0.187988,0.994141,0.000532632,0.000532632,0.00106526
1774095559464,0.119141,-0.187012,0.993652,-0.000532632,-0.000532632,-0.00106526
1774095559545,0.118652,-0.186523,0.994141,0,0,0.000532632
1774095559625,0.117188,-0.187988,0.994141,-0.000532632,0,-0.000532632
1774095559696,0.119141,-0.186035,0.993652,-0.000532632,0,0.000532632
1774095559776,0.118652,-0.187012,0.994141,0,-0.000532632,0.00106526
1774095559847,0.118652,-0.1875,0.994629,0,0,0
1774095559927,0.117188,-0.1875,0.994141,0,0.00106526,0.00106526
1774095560008,0.117188,-0.187012,0.994141,-0.00106526,-0.000532632,0
1774095560078,0.118652,-0.188477,0.992676,0,0.000532632,0.000532632
1774095560159,0.118652,-0.185547,0.992676,0.00106526,0,0.000532632
1774095560240,0.117676,-0.186035,0.992188,0,0,-0.000532632
1774095560310,0.118652,-0.186035,0.993652,0.000532632,-0.000532632,0
1774095560391,0.118652,-0.187012,0.993164,0.000532632,-0.000532632,0
1774095560471,0.117188,-0.187012,0.993652,0,0.00106526,-0.00106526
1774095560542,0.118652,-0.185547,0.994141,0,0,0
1774095560622,0.117188,-0.186035,0.994629,0,-0.000532632,0
1774095560703,0.116211,-0.187012,0.991699,-0.000532632,0,0
1774095560773,0.118164,-0.186035,0.993652,0,-0.000532632,-0.000532632
1774095560854,0.117676,-0.1875,0.993164,-0.000532632,0,0
1774095560924,0.118652,-0.187012,0.992188,0.00106526,0.000532632,0.000532632
1774095561005,0.118164,-0.18457,0.992676,0,0.000532632,-0.000532632
1774095561085,0.119629,-0.182617,0.993652,0,0,0.000532632
1774095561156,0.120117,-0.186523,0.993164,0.000532632,0,0
1774095561237,0.118652,-0.187988,0.995117,0,0.000532632,-0.00106526
1774095561317,0.117188,-0.186523,0.992676,-0.000532632,-0.000532632,0
1774095561388,0.118164,-0.187012,0.995117,0.00106526,-0.000532632,0
1774095561468,0.117188,-0.188477,0.993652,0,0.000532632,0.000532632
1774095561549,0.120605,-0.187012,0.993652,0,-0.00106526,0.000532632
1774095561619,0.118652,-0.18457,0.993164,0,0,0
1774095561700,0.118652,-0.187012,0.995605,-0.000532632,-0.00106526,0.000532632
1774095561780,0.117188,-0.186523,0.992676,0,0,0.000532632
1774095561851,0.118164,-0.186035,0.993652,0.000532632,-0.000532632,0
1774095561931,0.119629,-0.188477,0.993652,0.000532632,0,0
1774095562012,0.117676,-0.186523,0.992188,-0.00106526,-0.000532632,0
1774095562082,0.119629,-0.187012,0.993164,-0.000532632,-0.00106526,0.000532632
1774095562163,0.120117,-0.185059,0.994141,-0.00106526,0,0
1774095562233,0.117676,-0.186523,0.991211,0.000532632,-0.000532632,-0.00106526
1774095562314,0.119141,-0.185547,0.994141,0,-0.000532632,0.000532632
1774095562395,0.117188,-0.186035,0.992676,-0.000532632,-0.00106526,0.00106526
1774095562465,0.120117,-0.186523,0.991699,0,-0.000532632,0
1774095562546,0.120117,-0.185547,0.993164,0.00106526,0.000532632,0.000532632
1774095562626,0.119629,-0.186035,0.993164,0,0,0.00106526
1774095562697,0.116699,-0.185547,0.992188,0,-0.000532632,0
1774095562777,0.120117,-0.185059,0.992676,0,-0.000532632,0.000532632
1774095562858,0.118164,-0.1875,0.993164,0.000532632,0,-0.000532632
1774095562928,0.118164,-0.186523,0.993164,0.000532632,-0.000532632,0.000532632
1774095563009,0.117676,-0.187988,0.993652,0.00106526,-0.00106526,0
1774095563089,0.118164,-0.186523,0.992188,0.000532632,-0.000532632,-0.000532632
1774095563160,0.117676,-0.186523,0.993164,0.0015979,-0.000532632,-0.000532632
1774095563240,0.115723,-0.185547,0.992188,0.00106526,0,0
1774095563321,0.117676,-0.188965,0.991699,0,0.000532632,0.000532632
1774095563391,0.116699,-0.188965,0.994629,0.000532632,0,-0.000532632
1774095563472,0.117188,-0.188477,0.993164,0,-0.000532632,0.000532632
1774095563542,0.117676,-0.187012,0.992676,0,0.000532632,0
1774095563623,0.117188,-0.188477,0.992676,-0.000532632,0,-0.000532632
1774095563704,0.119629,-0.186523,0.992188,0,0.000532632,-0.00106526
1774095563774,0.117188,-0.1875,0.993652,0.00106526,0,0.000532632
1774095563855,0.118164,-0.187988,0.994141,0,-0.000532632,0.000532632
1774095563935,0.119629,-0.186035,0.994629,0.000532632,-0.00106526,0.000532632
1774095564006,0.117676,-0.18457,0.992676,0,-0.000532632,0
1774095564086,0.118652,-0.186035,0.992676,0.000532632,0,0
1774095564167,0.116211,-0.187012,0.993652,0.00106526,-0.000532632,0.000532632
1774095564237,0.118164,-0.186035,0.993164,0,-0.000532632,0.000532632
1774095564318,0.117188,-0.189453,0.991699,0.000532632,0.000532632,-0.000532632
1774095564398,0.116699,-0.187012,0.992676,-0.000532632,-0.000532632,-0.00106526
1774095564469,0.118164,-0.185547,0.992676,0.000532632,-0.000532632,0
1774095564549,0.117188,-0.189453,0.995605,0,-0.000532632,0.0015979
1774095564630,0.117188,-0.187012,0.992676,0,-0.000532632,0.000532632
1774095564701,0.118652,-0.187012,0.993164,0.000532632,0.000532632,-0.000532632
1774095564781,0.116211,-0.1875,0.991211,0.00106526,0,-0.00106526
1774095564851,0.118164,-0.186035,0.993652,0,0,0
1774095564932,0.117676,-0.186523,0.993652,0.000532632,0,0
1774095565012,0.118164,-0.187012,0.993164,0.00106526,-0.00106526,-0.000532632
1774095565083,0.119629,-0.186523,0.992188,0.00106526,0.000532632,0.000532632
1774095565163,0.118652,-0.19043,0.993652,0,0,0.00106526
1774095565244,0.115723,-0.187988,0.992676,0,-0.000532632,0.000532632
1774095565314,0.118164,-0.185547,0.993164,0.00106526,0.000532632,0.0015979
1774095565395,0.117188,-0.18457,0.994141,0.000532632,-0.000532632,-0.000532632
1774095565476,0.118164,-0.185059,0.992676,-0.00106526,-0.000532632,0
1774095565546,0.116699,-0.187012,0.992676,-0.000532632,-0.000532632,0
1774095565627,0.119629,-0.186523,0.994629,0,-0.00106526,-0.000532632
1774095565707,0.117188,-0.188477,0.994141,0.000532632,-0.00106526,0
1774095565778,0.119141,-0.185059,0.994629,0.000532632,-0.000532632,-0.000532632
1774095565858,0.115723,-0.187012,0.995117,0.000532632,0.000532632,0
1774095565939,0.119141,-0.186035,0.994141,-0.000532632,-0.000532632,0.000532632
1774095566009,0.118164,-0.185547,0.993652,0,0,0
1774095566090,0.118652,-0.185059,0.993652,0.000532632,0,0.0015979
1774095566160,0.118164,-0.1875,0.994141,0.000532632,0,0
1774095566241,0.118164,-0.1875,0.994141,-0.000532632,-0.000532632,0
1774095566321,0.120605,-0.186523,0.992676,0,-0.00106526,0.00106526
1774095566392,0.118652,-0.1875,0.992676,0,-0.000532632,0.000532632
1774095566472,0.117676,-0.186035,0.995117,0.000532632,0.000532632,0
1774095566553,0.117188,-0.186523,0.993652,0.000532632,-0.00106526,0
1774095566624,0.119141,-0.1875,0.993652,-0.000532632,0,0
1774095566704,0.119141,-0.187012,0.994141,-0.000532632,0,0.00106526
1774095566785,0.118652,-0.186035,0.994141,0.000532632,0,0.000532632
1774095566855,0.118652,-0.1875,0.992676,0,-0.000532632,0
1774095566936,0.118652,-0.186035,0.995117,0.00106526,0,0
1774095567016,0.118164,-0.185547,0.993652,-0.000532632,0,0
1774095567087,0.118164,-0.187012,0.993652,0.000532632,0,-0.000532632
1774095567168,0.117188,-0.1875,0.992188,0,-0.000532632,0
1774095567248,0.118164,-0.185547,0.993164,0,-0.000532632,0.000532632
1774095567318,0.118652,-0.187012,0.992188,-0.000532632,-0.00106526,0.00106526
1774095567399,0.115723,-0.187012,0.992676,-0.000532632,0.000532632,0.000532632
1774095567469,0.117676,-0.1875,0.993164,0.000532632,0,0
1774095567550,0.117676,-0.186523,0.994141,0.00106526,0,0
1774095567630,0.118164,-0.187012,0.993652,0.000532632,0,0.00106526
1774095567701,0.117676,-0.187012,0.993164,-0.000532632,-0.000532632,0.000532632
1774095567782,0.117188,-0.189941,0.993652,0,0,0.000532632
1774095567862,0.118164,-0.186523,0.995117,0,0,0
1774095567933,0.119629,-0.186523,0.992188,-0.000532632,0.000532632,0
1774095568013,0.118652,-0.186035,0.992676,0,0.000532632,-0.000532632
1774095568094,0.118652,-0.185547,0.993164,0.000532632,0,0.000532632
1774095568164,0.119141,-0.1875,0.993164,0.00106526,-0.000532632,0.000532632
1774095568245,0.118164,-0.187988,0.995605,0.00106526,0.000532632,0.000532632
1774095568325,0.117676,-0.186523,0.994141,0.00106526,0.000532632,0
1774095568396,0.119141,-0.187012,0.994141,0,0,0
1774095568476,0.118164,-0.1875,0.992188,0,-0.000532632,0.000532632
1774095568557,0.120117,-0.186523,0.995117,0.000532632,-0.000532632,0.000532632
1774095568627,0.118164,-0.188477,0.996094,0.00106526,0,0.000532632
1774095568708,0.118652,-0.186523,0.993164,-0.000532632,-0.00106526,0
1774095568778,0.118164,-0.186523,0.993652,0,0,-0.000532632
1774095568860,0.119629,-0.187988,0.992676,-0.00106526,-0.00106526,0
1774095568940,0.116211,-0.185547,0.992676,0,-0.000532632,-0.000532632
1774095569011,0.117676,-0.186035,0.994629,-0.000532632,0,0
1774095569091,0.118652,-0.188965,0.995605,0.000532632,0,-0.000532632
1774095569172,0.116699,-0.185059,0.993652,0.000532632,-0.00106526,-0.00106526
1774095569242,0.118652,-0.186523,0.994629,0.000532632,0,-0.000532632
1774095569323,0.116699,-0.186523,0.994629,0.00106526,0,-0.000532632
1774095569403,0.119141,-0.186035,0.993652,0.000532632,-0.00106526,0
1774095569474,0.116211,-0.186035,0.994629,-0.000532632,0.000532632,-0.000532632
1774095569554,0.118652,-0.187012,0.993652,-0.000532632,-0.000532632,0
1774095569635,0.118652,-0.188477,0.993164,0.000532632,0.000532632,-0.000532632
1774095569705,0.117676,-0.1875,0.992676,-0.000532632,-0.000532632,0.000532632
1774095569786,0.118652,-0.188477,0.993652,0.0015979,0.000532632,0
1774095569856,0.118652,-0.184082,0.994141,-0.000532632,0,0
1774095569937,0.118164,-0.1875,0.993652,0,-0.000532632,-0.00106526
1774095570017,0.117676,-0.186523,0.992676,0.0015979,0,-0.000532632
1774095570088,0.117188,-0.1875,0.994141,-0.000532632,0.000532632,0
1774095570168,0.120117,-0.188477,0.994141,0.000532632,-0.000532632,0
1774095570249,0.116699,-0.187988,0.993164,0,0.000532632,0
1774095570320,0.118164,-0.186523,0.993652,0.00106526,-0.000532632,0
1774095570400,0.118652,-0.187012,0.992676,0.000532632,0,0
1774095570481,0.115234,-0.1875,0.993652,-0.000532632,-0.000532632,0
1774095570551,0.119141,-0.187012,0.994141,0,-0.00106526,0
1774095570632,0.117676,-0.189453,0.994141,0.000532632,0.000532632,0
1774095570712,0.116211,-0.186035,0.992676,0,0,0
1774095570783,0.118164,-0.187012,0.993164,0,0.000532632,0.00106526
1774095570863,0.117676,-0.186523,0.993652,0.000532632,0,-0.000532632
1774095570944,0.117676,-0.186523,0.994629,0.00106526,0.000532632,0.0015979
1774095571014,0.118164,-0.188477,0.995605,0,-0.00106526,0
1774095571095,0.118164,-0.188477,0.992676,0,-0.0015979,0.000532632
1774095571165,0.117676,-0.187012,0.994141,0,0,0
1774095571246,0.118164,-0.187012,0.994141,-0.000532632,0.000532632,-0.00106526
1774095571326,0.117188,-0.186523,0.992676,0,0,0.00106526
1774095571397,0.119141,-0.187988,0.994629,0.00106526,-0.000532632,0
1774095571478,0.118164,-0.188965,0.993164,0.000532632,-0.000532632,0.00106526
1774095571558,0.117676,-0.186035,0.994629,0.000532632,-0.000532632,-0.000532632
1774095571629,0.117188,-0.186523,0.993164,0.00106526,0,0
1774095571709,0.118164,-0.186523,0.993652,0,-0.00106526,0.000532632
1774095571790,0.119629,-0.185059,0.994141,0.000532632,-0.00106526,0
1774095571860,0.117188,-0.187012,0.993652,-0.000532632,-0.00106526,0
1774095571941,0.118164,-0.186035,0.993652,-0.000532632,0,0.000532632
1774095572021,0.117676,-0.185547,0.995605,0.000532632,0,0
1774095572092,0.116699,-0.187988,0.993164,0,-0.000532632,0.00106526
1774095572172,0.118652,-0.187012,0.993164,0.00106526,0,0
1774095572253,0.116699,-0.186523,0.993652,0.00106526,0.000532632,-0.000532632
1774095572323,0.117676,-0.187988,0.992676,0.000532632,-0.000532632,0.00106526
1774095572404,0.117676,-0.187012,0.993164,0,0,0.00106526
1774095572474,0.117188,-0.188477,0.993164,0,0,0
1774095572555,0.118164,-0.187012,0.993164,0.000532632,-0.00106526,0
1774095572636,0.120117,-0.187988,0.994141,-0.00106526,0,0
1774095572706,0.118164,-0.188477,0.993164,0,0,0.00106526
1774095572787,0.118652,-0.185547,0.995117,-0.000532632,-0.00106526,0
1774095572867,0.117188,-0.1875,0.995117,0.00106526,-0.000532632,-0.00106526
1774095572937,0.116211,-0.187012,0.994629,0,-0.00106526,0.00106526
1774095573018,0.118164,-0.188477,0.992188,0.0015979,0.00106526,0
1774095573099,0.117188,-0.186523,0.995117,-0.000532632,-0.000532632,-0.000532632
1774095573169,0.117676,-0.186523,0.994141,-0.000532632,0,0
1774095573250,0.117676,-0.187012,0.994141,0.000532632,0,0.000532632
1774095573330,0.118164,-0.185059,0.994141,0,-0.00106526,0
1774095573401,0.119141,-0.188477,0.993652,0.000532632,0,-0.000532632
1774095573482,0.120117,-0.186523,0.995605,0,-0.00106526,0.000532632
1774095573552,0.117676,-0.186523,0.993652,-0.00106526,-0.00106526,0
1774095573633,0.117188,-0.187012,0.995117,0,0,0.000532632
1774095573713,0.119141,-0.187988,0.992676,0.000532632,0,0.000532632
1774095573784,0.120117,-0.188965,0.992188,0,0,0.000532632
1774095573864,0.119141,-0.186035,0.992676,0.00106526,-0.000532632,0.000532632
1774095573945,0.118164,-0.186523,0.994629,0.000532632,-0.000532632,-0.000532632
1774095574015,0.118652,-0.186523,0.993652,0,-0.000532632,0
1774095574096,0.117676,-0.187012,0.993652,0.000532632,0,0.00106526
1774095574176,0.116699,-0.189453,0.993164,-0.000532632,-0.000532632,0.000532632
1774095574247,0.118164,-0.189941,0.992676,-0.000532632,0.000532632,0
1774095574327,0.115723,-0.1875,0.991699,0,0,0
1774095574408,0.118164,-0.186523,0.995605,-0.000532632,-0.000532632,0.000532632
1774095574478,0.119141,-0.185059,0.993164,0,0.000532632,0
1774095574559,0.117676,-0.186035,0.993652,0.000532632,-0.000532632,0.00106526
1774095574639,0.119141,-0.185547,0.994629,0.00106526,0,0
1774095574710,0.118652,-0.1875,0.992188,0,0.000532632,0.000532632
1774095574790,0.119141,-0.187012,0.993164,0,0,0
1774095574861,0.118652,-0.187012,0.992676,0.000532632,-0.000532632,0
1774095574941,0.120117,-0.186035,0.993164,-0.000532632,0,0
1774095575022,0.118652,-0.185547,0.993652,-0.000532632,0,-0.00106526
1774095575092,0.115234,-0.186523,0.993164,-0.000532632,-0.000532632,0
1774095575173,0.119141,-0.187988,0.994141,0.00106526,-0.000532632,-0.000532632
1774095575254,0.120117,-0.185547,0.993164,0,0.000532632,-0.00106526
1774095575324,0.118164,-0.18457,0.994141,0.00106526,0.000532632,0
1774095575405,0.117676,-0.186035,0.992676,-0.000532632,0,0.000532632
1774095575485,0.118652,-0.186523,0.994141,0.00106526,-0.000532632,0.000532632
1774095575556,0.121094,-0.186035,0.993164,0.0015979,0,0
1774095575636,0.119141,-0.187988,0.994629,0.000532632,0,0
1774095575717,0.120605,-0.1875,0.994141,-0.000532632,0,0.000532632
1774095575787,0.117188,-0.186523,0.994141,0.000532632,-0.000532632,0.000532632
1774095575868,0.116211,-0.184082,0.994629,0.0015979,0,0
1774095575949,0.117188,-0.186523,0.993164,0.000532632,-0.000532632,-0.000532632
1774095576019,0.119141,-0.185547,0.993164,-0.0015979,0.000532632,-0.000532632
1774095576100,0.119141,-0.186523,0.993652,0,0,0.00106526
1774095576170,0.118164,-0.187012,0.994629,0,-0.0015979,0
1774095576251,0.119141,-0.1875,0.993652,0,0,0.00106526
1774095576331,0.118652,-0.186035,0.994141,0,0,0.000532632
1774095576402,0.118652,-0.185059,0.991699,0.000532632,0,0.00106526
1774095576482,0.118652,-0.186523,0.995117,0.000532632,-0.000532632,0
1774095576563,0.118164,-0.186035,0.993652,-0.000532632,-0.00106526,0
1774095576633,0.118164,-0.188965,0.994141,0.00213053,-0.000532632,0
1774095576714,0.118652,-0.186523,0.994141,0.000532632,-0.000532632,0.00106526
1774095576794,0.118652,-0.185547,0.993652,0.000532632,-0.00106526,0
1774095576865,0.117676,-0.187988,0.993164,0,-0.000532632,0
1774095576945,0.120605,-0.186035,0.995605,0,0.000532632,0
1774095577026,0.119141,-0.188477,0.993164,0.000532632,0,0
1774095577097,0.118164,-0.1875,0.993164,0.000532632,0.000532632,0.000532632
1774095577177,0.118652,-0.1875,0.991211,0,-0.00106526,0.000532632
1774095577248,0.118652,-0.187988,0.993164,0.000532632,0,0.000532632
1774095577328,0.116211,-0.186035,0.994141,0,0.000532632,0.000532632
1774095577409,0.118164,-0.185547,0.992676,-0.000532632,-0.00106526,0.000532632
1774095577480,0.118164,-0.186523,0.992676,0,-0.00106526,0.000532632
1774095577560,0.118652,-0.187012,0.994141,0,0,0.000532632
1774095577641,0.118652,-0.187988,0.993652,0,-0.000532632,-0.000532632
1774095577711,0.119141,-0.1875,0.993164,-0.000532632,0,-0.000532632
1774095577792,0.118164,-0.186523,0.992676,0.000532632,0.000532632,0
1774095577872,0.117188,-0.1875,0.990723,0,0.000532632,0.000532632
1774095577943,0.117188,-0.188477,0.991699,0,0.000532632,-0.000532632
1774095578023,0.117676,-0.1875,0.993164,0,-0.000532632,0.000532632
1774095578104,0.119629,-0.1875,0.994141,0.000532632,0,0.000532632
1774095578174,0.116211,-0.187012,0.994141,0.000532632,-0.00106526,0.00106526
1774095578255,0.119141,-0.187012,0.993164,0,-0.000532632,0
1774095578335,0.119141,-0.1875,0.994629,0.000532632,-0.00106526,0
1774095578406,0.117676,-0.187988,0.994141,0.000532632,0,0.000532632
1774095578486,0.116699,-0.187012,0.993164,0.000532632,0,0
1774095578557,0.117188,-0.187988,0.993652,0,0.000532632,0
1774095578637,0.116211,-0.187012,0.991699,-0.000532632,0,-0.000532632
1774095578718,0.117188,-0.1875,0.994141,0.000532632,-0.00106526,-0.00106526
1774095578788,0.118164,-0.185547,0.993164,0,0,0
1774095578869,0.118164,-0.186035,0.993652,0,-0.0015979,0
1774095578949,0.118652,-0.1875,0.994141,0,0,0
1774095579020,0.119141,-0.184082,0.993652,0.000532632,0,0.000532632
1774095579101,0.118164,-0.1875,0.994629,-0.000532632,-0.0015979,0.000532632
1774095579181,0.117676,-0.183594,0.992188,0.000532632,0,0
1774095579252,0.118164,-0.186035,0.995117,0.000532632,0,0
1774095579332,0.116211,-0.187012,0.994141,0.0015979,0,-0.000532632
1774095579413,0.118164,-0.187012,0.994629,-0.00106526,-0.00106526,-0.000532632
1774095579483,0.118652,-0.187988,0.993164,0.00106526,-0.000532632,-0.000532632
1774095579564,0.117188,-0.1875,0.992188,0,0.000532632,0
1774095579644,0.118164,-0.186523,0.993164,-0.000532632,-0.000532632,-0.000532632
1774095579715,0.119629,-0.18457,0.993164,0.000532632,0,0.000532632
1774095579795,0.118652,-0.187012,0.993652,0.00106526,0,-0.000532632
1774095579866,0.118164,-0.187988,0.994629,0,0,0
1774095579947,0.118652,-0.186523,0.994629,0,-0.000532632,-0.00106526
1774095580027,0.117676,-0.186035,0.992188,0.000532632,0.000532632,0.00106526
1774095580098,0.119629,-0.187012,0.994141,0,0,-0.000532632
1774095580178,0.117676,-0.187012,0.992188,0.00106526,-0.000532632,0
1774095580259,0.118164,-0.185059,0.994629,0,-0.00106526,0.00106526
1774095580329,0.118164,-0.187988,0.994141,0.00106526,0,0
1774095580410,0.118652,-0.186523,0.994141,-0.000532632,-0.00106526,0
1774095580490,0.119141,-0.187988,0.995117,0,-0.00106526,0.000532632
1774095580561,0.117676,-0.1875,0.991699,0,0.000532632,0.000532632
1774095580641,0.117188,-0.188477,0.994629,0,0,-0.000532632
1774095580722,0.119141,-0.188477,0.993652,0.000532632,0.000532632,0
1774095580792,0.117676,-0.186035,0.993652,0,-0.000532632,0
1774095580873,0.116211,-0.186523,0.993164,0,-0.000532632,0
1774095580953,0.119141,-0.188477,0.994141,0,0.000532632,0
1774095581024,0.118164,-0.185059,0.994141,0.00106526,-0.000532632,0
1774095581104,0.116699,-0.1875,0.993164,0.000532632,-0.000532632,0
1774095581175,0.116699,-0.188477,0.994141,-0.000532632,-0.000532632,0.000532632
1774095581255,0.116699,-0.187988,0.995605,0.000532632,0,0
1774095581336,0.117188,-0.187988,0.993164,-0.000532632,0.000532632,0.00106526
1774095581407,0.118652,-0.187012,0.993652,0.00106526,0.000532632,0
1774095581487,0.116211,-0.1875,0.993652,0.000532632,0.000532632,0.000532632
1774095581568,0.120117,-0.187988,0.993164,0.000532632,0,0
1774095581638,0.118652,-0.188477,0.993164,-0.00106526,-0.000532632,0.000532632
1774095581719,0.116211,-0.186035,0.995605,0,0,0
1774095581799,0.118164,-0.187012,0.993164,0,0.000532632,-0.00106526
1774095581870,0.118652,-0.1875,0.993652,0.000532632,0,0.00106526
1774095581950,0.119141,-0.185547,0.996582,0.000532632,-0.00106526,0
1774095582031,0.118164,-0.187988,0.993164,0.000532632,0,0
1774095582101,0.118164,-0.186523,0.993652,0.000532632,0,0
1774095582182,0.117188,-0.1875,0.992676,0,-0.00106526,-0.000532632
1774095582262,0.118164,-0.186523,0.995117,0.000532632,-0.000532632,-0.000532632
1774095582333,0.118652,-0.185547,0.993652,0,0,0
1774095582413,0.119141,-0.188477,0.992188,-0.000532632,-0.000532632,0
1774095582484,0.119141,-0.186035,0.994141,-0.000532632,0.000532632,0.000532632
1774095582564,0.120117,-0.186035,0.994141,0,0,0
1774095582645,0.118652,-0.186035,0.993652,0.000532632,-0.000532632,0
1774095582716,0.116699,-0.187012,0.994141,0,-0.000532632,0.00106526
1774095582796,0.118164,-0.1875,0.993652,0,0,0
1774095582877,0.119141,-0.187012,0.993652,0,0,-0.000532632
1774095582947,0.118164,-0.187988,0.994629,0,-0.000532632,0.000532632
1774095583028,0.119141,-0.185059,0.996094,0.000532632,0,-0.00106526
1774095583108,0.117676,-0.187012,0.994141,0,0.000532632,0.000532632
1774095583179,0.117676,-0.187012,0.993652,0.000532632,-0.00106526,0
1774095583259,0.118164,-0.187988,0.992676,0,0.00106526,0.0015979
1774095583340,0.118652,-0.186035,0.993164,0,0,0.000532632
1774095583410,0.117188,-0.186523,0.993164,0,0,0
1774095583491,0.118164,-0.187012,0.992676,0.000532632,-0.000532632,0.000532632
1774095583572,0.117676,-0.187012,0.994141,0.00106526,-0.000532632,0.000532632
1774095583642,0.118164,-0.187012,0.993164,0,-0.00106526,-0.000532632
1774095583722,0.118164,-0.186035,0.994629,0,0,-0.000532632
1774095583793,0.117676,-0.1875,0.993164,0.000532632,-0.000532632,-0.000532632
1774095583873,0.118652,-0.187012,0.995117,-0.00106526,-0.000532632,0
1774095583954,0.116699,-0.185547,0.993164,-0.00106526,-0.000532632,0
1774095584025,0.118164,-0.187988,0.993652,0.000532632,0.000532632,-0.000532632
1774095584105,0.119141,-0.186035,0.995605,-0.000532632,0.000532632,-0.000532632
1774095584186,0.118652,-0.187012,0.994141,-0.000532632,-0.000532632,0.000532632
1774095584256,0.118164,-0.185059,0.993652,0.00106526,0,0.000532632
1774095584337,0.116699,-0.1875,0.994141,0,0.000532632,0.000532632
1774095584418,0.117188,-0.187012,0.994629,0.000532632,0,0.000532632
1774095584488,0.117676,-0.1875,0.993164,0,-0.000532632,0
1774095584569,0.118652,-0.187988,0.994141,0,0.000532632,0.00106526
1774095584649,0.117188,-0.185547,0.992188,0,0.000532632,0.00106526
1774095584720,0.117676,-0.1875,0.992676,-0.000532632,-0.000532632,0
1774095584800,0.116699,-0.187012,0.992676,0.000532632,0.000532632,-0.000532632
1774095584871,0.118164,-0.187012,0.992676,0.00106526,-0.000532632,-0.00106526
1774095584951,0.119629,-0.185547,0.992188,0.000532632,-0.000532632,0.000532632
1774095585032,0.117676,-0.1875,0.994141,0,-0.00106526,-0.000532632
1774095585102,0.117188,-0.1875,0.994629,-0.000532632,-0.000532632,0
1774095585183,0.116699,-0.187012,0.993164,-0.000532632,-0.000532632,-0.00106526
1774095585263,0.116211,-0.187012,0.992676,0,0,0.000532632
1774095585334,0.119629,-0.186523,0.993652,0.00106526,-0.000532632,0
1774095585415,0.117188,-0.1875,0.994141,0.000532632,-0.000532632,-0.000532632
1774095585495,0.118652,-0.187988,0.991699,-0.000532632,-0.00106526,0
1774095585566,0.117188,-0.187012,0.992188,-0.000532632,-0.000532632,-0.000532632
1774095585646,0.118652,-0.187988,0.992188,-0.000532632,-0.000532632,0.000532632
1774095585727,0.116699,-0.187988,0.992676,0,0,0.000532632
1774095585798,0.118652,-0.187012,0.992188,0.000532632,0,0
1774095585878,0.114258,-0.186035,0.996094,0,-0.000532632,0.00106526
1774095585958,0.116211,-0.187012,0.993652,0,-0.00106526,-0.000532632
1774095586029,0.117676,-0.188965,0.990723,0,0,0.000532632
1774095586109,0.116699,-0.187012,0.992188,0,-0.000532632,-0.0015979
1774095586180,0.118652,-0.187988,0.992676,0.00106526,0,0.000532632
1774095586260,0.117676,-0.186523,0.992676,-0.000532632,-0.00106526,0.000532632
1774095586341,0.117188,-0.187012,0.992676,0,-0.00106526,0.00106526
1774095586411,0.117188,-0.189941,0.992188,0.000532632,-0.000532632,0
1774095586492,0.117188,-0.187012,0.993164,-0.000532632,-0.0015979,0
1774095586573,0.116699,-0.188477,0.994629,-0.000532632,-0.00106526,0
1774095586643,0.115234,-0.187988,0.993164,0.000532632,-0.000532632,0.00106526
1774095586724,0.120117,-0.1875,0.993164,0.000532632,-0.000532632,0.000532632
1774095586804,0.118164,-0.186035,0.994141,0.000532632,-0.000532632,0.00213053
1774095586875,0.117676,-0.188477,0.993164,0.00106526,-0.000532632,0.00106526
1774095586955,0.119629,-0.185059,0.994629,0.00106526,0,-0.000532632
1774095587036,0.119141,-0.187012,0.993652,-0.000532632,0,0.000532632
1774095587106,0.117188,-0.188477,0.991211,-0.000532632,-0.00106526,0.000532632
1774095587187,0.116211,-0.186035,0.994141,0.000532632,0,0.000532632
1774095587267,0.115723,-0.187012,0.992188,0.00106526,-0.000532632,-0.000532632
1774095587338,0.115723,-0.188965,0.993652,0.000532632,-0.000532632,0
1774095587418,0.117676,-0.188477,0.993164,0,0,-0.000532632
1774095587489,0.117676,-0.187988,0.991699,0.000532632,0,-0.000532632
1774095587569,0.119629,-0.188477,0.993164,0.00106526,0,0
1774095587650,0.119141,-0.187012,0.990234,0,0,0.000532632
1774095587720,0.118164,-0.186035,0.992188,0,0,0
1774095587801,0.118652,-0.186035,0.992676,0.000532632,-0.000532632,0
1774095587881,0.116699,-0.188477,0.992188,0,0.000532632,0.000532632
1774095587952,0.119629,-0.188477,0.993652,0,0.000532632,0
1774095588033,0.116211,-0.187012,0.992676,-0.000532632,0,0
1774095588113,0.119629,-0.1875,0.992676,0.00106526,0.000532632,0.000532632
1774095588183,0.119141,-0.1875,0.993164,-0.000532632,-0.000532632,0.00106526
1774095588264,0.117676,-0.185547,0.993652,0.000532632,0.000532632,0.00106526
1774095588345,0.116211,-0.187012,0.994141,0,-0.000532632,0.00106526
1774095588415,0.118652,-0.186523,0.993652,0,0,0
1774095588496,0.119141,-0.187012,0.993164,-0.00106526,0.00106526,0.00106526
1774095588576,0.119629,-0.187012,0.993164,0.000532632,-0.000532632,0
1774095588647,0.120117,-0.1875,0.993164,0.000532632,-0.000532632,0
1774095588727,0.117188,-0.187012,0.994141,0.000532632,-0.00106526,0
1774095588798,0.119141,-0.186523,0.993164,0,-0.000532632,-0.000532632
1774095588878,0.118164,-0.186523,0.993164,0.00106526,0,-0.00106526
1774095588959,0.117676,-0.186035,0.993164,-0.00106526,-0.00106526,0
1774095589029,0.119141,-0.185547,0.994141,0.000532632,-0.000532632,0
1774095589110,0.118164,-0.188477,0.993164,-0.000532632,-0.0015979,-0.000532632
1774095589190,0.116699,-0.1875,0.993164,0,-0.000532632,0
1774095589261,0.119141,-0.187988,0.995117,-0.000532632,-0.000532632,0.000532632
1774095589342,0.118652,-0.186523,0.992676,-0.000532632,-0.000532632,-0.000532632
1774095589422,0.120117,-0.186035,0.993164,0,0,0
1774095589493,0.119141,-0.1875,0.992676,-0.000532632,-0.000532632,0.000532632
1774095589573,0.117676,-0.186523,0.993164,0.000532632,-0.000532632,0.00213053
1774095589653,0.117188,-0.185547,0.994629,0.000532632,-0.000532632,0.00106526
1774095589724,0.117676,-0.186523,0.994141,0.000532632,-0.000532632,0
1774095589805,0.118164,-0.186523,0.994141,0.000532632,0,-0.00106526
1774095589885,0.118164,-0.186523,0.993652,0.000532632,0.000532632,0.000532632
1774095589956,0.118164,-0.1875,0.994141,0,0.000532632,0.000532632
1774095590036,0.117676,-0.187988,0.992188,-0.00106526,0,0
1774095590107,0.119629,-0.186035,0.992188,-0.000532632,0,0.00106526
1774095590187,0.120117,-0.188477,0.993164,0,0.000532632,-0.000532632
1774095590268,0.118164,-0.185059,0.993652,-0.000532632,0,0.00106526
1774095590338,0.117676,-0.186035,0.993164,0.000532632,-0.00106526,0.00106526
1774095590419,0.120117,-0.187012,0.994629,0.000532632,0,0
1774095590499,0.117188,-0.186523,0.993164,0.00106526,-0.000532632,0.000532632
1774095590570,0.118652,-0.186035,0.992676,0,-0.00106526,0.000532632
1774095590650,0.116699,-0.187988,0.993652,0,0,0
1774095590731,0.117676,-0.188965,0.994629,-0.00106526,-0.000532632,0
1774095590801,0.117188,-0.187012,0.992676,-0.000532632,-0.000532632,0.000532632
1774095590882,0.118164,-0.185059,0.994629,0,0,0
1774095590963,0.117676,-0.186035,0.994629,0.00106526,0.000532632,-0.000532632
1774095591033,0.118652,-0.185547,0.993164,0.000532632,0.00106526,0.000532632
1774095591114,0.117188,-0.186523,0.992676,0.000532632,-0.000532632,0
1774095591184,0.117676,-0.186523,0.994141,0.000532632,-0.000532632,-0.00106526
1774095591264,0.117676,-0.185547,0.994629,0,-0.00106526,0.000532632
1774095591345,0.118164,-0.187012,0.993164,0.000532632,-0.00106526,0
1774095591416,0.117676,-0.187012,0.994629,0.000532632,-0.000532632,0
1774095591496,0.117676,-0.1875,0.993652,0.000532632,0.000532632,-0.000532632
1774095591577,0.117188,-0.187012,0.994141,0.000532632,-0.00106526,-0.000532632
1774095591647,0.118652,-0.187012,0.992676,0,0,0
1774095591728,0.118164,-0.185547,0.996094,0,-0.00106526,-0.00106526
1774095591808,0.118164,-0.1875,0.994141,-0.000532632,-0.00106526,-0.000532632
1774095591879,0.116699,-0.187988,0.994629,0.000532632,0,0.000532632
1774095591959,0.118652,-0.185547,0.994141,0.000532632,-0.00106526,0
1774095592040,0.118652,-0.185059,0.995117,0,-0.00106526,0.000532632
1774095592110,0.117676,-0.185547,0.994141,0,-0.000532632,0.000532632
1774095592191,0.116699,-0.187012,0.995117,0.0015979,0,0.00106526
1774095592271,0.117676,-0.1875,0.994629,0.000532632,-0.000532632,-0.000532632
1774095592342,0.116699,-0.186035,0.992676,0.00106526,-0.00106526,-0.00106526
1774095592422,0.118164,-0.186523,0.995117,0.00106526,-0.000532632,0.000532632
1774095592503,0.119141,-0.188477,0.994629,0,-0.000532632,0
1774095592575,0.117676,-0.186035,0.994141,0.000532632,0.000532632,-0.000532632
1774095592655,0.119141,-0.186523,0.993164,0,0.000532632,0.000532632
1774095592725,0.119141,-0.186035,0.993652,0.000532632,-0.000532632,0
1774095592806,0.118164,-0.186523,0.992676,0.00106526,-0.000532632,0
1774095592886,0.118652,-0.188477,0.992676,0.000532632,-0.000532632,-0.000532632
1774095592957,0.116699,-0.185547,0.993652,0,-0.000532632,0
1774095593037,0.118164,-0.186523,0.991211,-0.000532632,-0.000532632,-0.00106526
1774095593118,0.116211,-0.186523,0.993652,-0.000532632,-0.000532632,0
1774095593189,0.118652,-0.185059,0.992676,0.0015979,-0.000532632,-0.000532632
1774095593269,0.118164,-0.185547,0.994141,0,0,0.00106526
1774095593349,0.117188,-0.185547,0.994141,0,0,0.000532632
1774095593420,0.118164,-0.186035,0.995605,-0.000532632,-0.00106526,0.00106526
1774095593500,0.118652,-0.187012,0.994141,0.000532632,-0.000532632,0
1774095593581,0.117676,-0.187012,0.993164,0.000532632,0,0
1774095593651,0.117676,-0.1875,0.994141,0,0,0.000532632
1774095593732,0.120117,-0.187988,0.993164,0,0,0
1774095593812,0.119629,-0.186035,0.993164,0.000532632,-0.000532632,-0.000532632
1774095593883,0.118652,-0.1875,0.995117,-0.000532632,-0.000532632,0
1774095593963,0.119141,-0.188477,0.993164,0.000532632,0,0
1774095594034,0.118652,-0.187012,0.995117,0,-0.000532632,0.00106526
1774095594114,0.118164,-0.187988,0.993164,0,0,0.00106526
1774095594195,0.118164,-0.187012,0.992676,-0.00106526,-0.000532632,0.000532632
1774095594266,0.119629,-0.187012,0.994141,0.00106526,0,-0.000532632
1774095594346,0.119629,-0.188477,0.993164,-0.000532632,-0.000532632,-0.000532632
1774095594427,0.119141,-0.186035,0.993652,-0.000532632,0,0.000532632
1774095594498,0.117676,-0.186035,0.994141,0,0,0.0015979
1774095594578,0.119141,-0.186523,0.993164,0.000532632,-0.000532632,0.000532632
1774095594658,0.119141,-0.187012,0.994629,-0.00106526,-0.00106526,0
1774095594729,0.120605,-0.185547,0.994629,0.000532632,-0.000532632,-0.000532632
1774095594809,0.116211,-0.187012,0.994141,0.00106526,-0.000532632,-0.00106526
1774095594890,0.116699,-0.187012,0.993164,-0.00106526,-0.00106526,0.0015979
1774095594960,0.120117,-0.186523,0.994141,0.000532632,-0.000532632,-0.000532632
1774095595041,0.117188,-0.188477,0.992676,0,0,0
1774095595121,0.117188,-0.187012,0.993652,-0.00106526,-0.000532632,-0.000532632
1774095595192,0.116211,-0.187012,0.993652,0,-0.000532632,0.00106526
1774095595272,0.118652,-0.185547,0.993164,-0.000532632,0,0
1774095595343,0.119141,-0.188965,0.994629,0.00106526,-0.000532632,-0.000532632
1774095595423,0.117676,-0.185547,0.992676,-0.000532632,-0.00106526,0.00106526
1774095595504,0.118652,-0.188477,0.993164,0,-0.000532632,-0.000532632
1774095595574,0.119141,-0.184082,0.994629,0.000532632,-0.000532632,0.00106526
1774095595655,0.120605,-0.186523,0.993164,0.000532632,-0.00106526,0
1774095595736,0.117188,-0.186523,0.992676,0.000532632,-0.00106526,-0.000532632
1774095595806,0.116699,-0.187988,0.994629,0.000532632,-0.00106526,-0.000532632
1774095595887,0.119141,-0.186523,0.992188,0.000532632,0.000532632,0
1774095595967,0.117676,-0.187012,0.992188,-0.000532632,0.000532632,0.000532632
1774095596038,0.119629,-0.187012,0.992188,0.000532632,-0.000532632,0.000532632
1774095596118,0.118652,-0.1875,0.994141,0,-0.000532632,-0.000532632
1774095596199,0.118652,-0.1875,0.993164,0,-0.000532632,-0.000532632
1774095596269,0.116699,-0.185547,0.992676,0.000532632,0,0
1774095596350,0.117188,-0.188477,0.992188,0.000532632,0,0.000532632
1774095596421,0.117188,-0.186523,0.994629,0.00106526,0.000532632,-0.0015979
1774095596501,0.118164,-0.185059,0.993652,0.000532632,0,0
1774095596582,0.119629,-0.187012,0.994141,-0.000532632,0.000532632,0.000532632
1774095596652,0.116699,-0.187988,0.992188,-0.000532632,-0.000532632,0.000532632
1774095596733,0.118652,-0.186523,0.993652,0.000532632,-0.000532632,0.00106526
1774095596813,0.118652,-0.186523,0.991699,0,0,-0.000532632
1774095596884,0.120605,-0.186523,0.991699,-0.000532632,-0.000532632,0.000532632
1774095596964,0.119629,-0.188965,0.992676,0.000532632,-0.000532632,-0.00106526
1774095597045,0.119141,-0.186523,0.992188,0.000532632,0,-0.000532632
1774095597115,0.118164,-0.186523,0.994141,0.000532632,0,0.000532632
1774095597196,0.118164,-0.1875,0.993652,0,-0.0015979,0.000532632
1774095597276,0.117676,-0.187012,0.993164,0.000532632,0,0.000532632
1774095597348,0.119629,-0.185059,0.994141,0,-0.000532632,-0.00106526
1774095597427,0.118652,-0.186035,0.992676,0,0.000532632,-0.00106526
1774095597508,0.119141,-0.186523,0.993652,-0.00106526,0,0.000532632
1774095597579,0.119629,-0.189453,0.992676,0,-0.000532632,0
1774095597659,0.119629,-0.186523,0.992676,-0.000532632,-0.000532632,0
1774095597730,0.119141,-0.186035,0.995117,-0.000532632,0,0.000532632
1774095597810,0.118164,-0.185547,0.994141,-0.000532632,0,-0.000532632
1774095597891,0.116699,-0.187012,0.993164,0.000532632,0.000532632,0.00106526
1774095597961,0.117676,-0.185547,0.993652,0,-0.000532632,-0.00106526
1774095598042,0.117676,-0.186035,0.994141,0.00106526,0.000532632,0
1774095598122,0.117676,-0.189941,0.993652,0,0,-0.00106526
1774095598193,0.117676,-0.1875,0.991211,0.000532632,0.000532632,-0.000532632
1774095598273,0.118164,-0.186523,0.996094,0,0,0.000532632
1774095598354,0.118164,-0.18457,0.994629,0,-0.00106526,0.000532632
1774095598424,0.116699,-0.1875,0.993652,-0.000532632,0,-0.00106526
1774095598505,0.118164,-0.186523,0.992676,0,0,0
1774095598585,0.117188,-0.187012,0.993164,0,-0.000532632,0
1774095598656,0.118164,-0.1875,0.993164,0,0.000532632,0
1774095598736,0.119141,-0.187988,0.994629,-0.000532632,-0.000532632,-0.000532632
1774095598817,0.117188,-0.187012,0.995605,0.000532632,-0.000532632,0.000532632
1774095598887,0.118164,-0.187012,0.993164,0.000532632,0,-0.000532632
1774095598968,0.117188,-0.1875,0.992676,-0.000532632,0,0
1774095599039,0.117676,-0.185547,0.994141,0.000532632,0,-0.000532632
1774095599119,0.119141,-0.186035,0.995117,0,-0.00106526,-0.000532632
1774095599200,0.117188,-0.187988,0.993164,0.000532632,0,0.000532632
1774095599270,0.116699,-0.186523,0.992188,0.000532632,0.000532632,0.000532632
1774095599351,0.118164,-0.185059,0.994629,0,-0.000532632,0
1774095599431,0.118164,-0.186523,0.994141,-0.000532632,-0.0015979,0
1774095599502,0.118164,-0.187012,0.994629,0.000532632,0,0
1774095599582,0.115234,-0.186523,0.993164,0.000532632,-0.000532632,0.000532632
1774095599663,0.118652,-0.1875,0.994629,0.000532632,-0.000532632,-0.00106526
1774095599734,0.119629,-0.186035,0.994141,-0.000532632,0.000532632,0.000532632
1774095599814,0.118164,-0.185547,0.993164,0.000532632,0,0.000532632
1774095599895,0.121094,-0.186523,0.995605,0.000532632,-0.000532632,0.000532632
1774095599965,0.119141,-0.1875,0.995117,0.000532632,0,0
1774095600045,0.117676,-0.186035,0.994141,0,-0.000532632,0.00106526
1774095600116,0.119629,-0.187012,0.993164,-0.000532632,0,-0.000532632
1774095600197,0.118652,-0.186035,0.993164,0,0.000532632,0
1774095600277,0.119629,-0.188965,0.995605,0,-0.0015979,0
1774095600348,0.117676,-0.186523,0.993652,0.000532632,-0.000532632,0.000532632
1774095600428,0.119141,-0.186523,0.994141,0,-0.000532632,0
1774095600509,0.117676,-0.1875,0.994141,0.000532632,-0.00106526,0.00106526
1774095600579,0.118164,-0.1875,0.994629,0,0,0
1774095600660,0.119629,-0.188477,0.994141,-0.000532632,0,-0.000532632
1774095600740,0.118652,-0.187012,0.992188,0,0.000532632,0
1774095600811,0.117676,-0.187988,0.994141,0.00106526,0,0
1774095600892,0.116211,-0.186523,0.992676,0,0,0.00106526
1774095600972,0.119629,-0.1875,0.993652,0,-0.00106526,0
1774095601042,0.118164,-0.186523,0.991211,-0.00106526,-0.00106526,-0.000532632
1774095601123,0.119629,-0.187012,0.993164,0,-0.000532632,0.000532632
1774095601203,0.120605,-0.186523,0.992676,0,0,-0.000532632
1774095601275,0.118164,-0.1875,0.993164,0,0,0.000532632
1774095601355,0.118164,-0.1875,0.993652,-0.000532632,0,0
1774095601435,0.118164,-0.187012,0.994629,0,0,-0.00106526
1774095601506,0.117188,-0.186523,0.993652,0.000532632,-0.000532632,0.000532632
1774095601586,0.118652,-0.186523,0.993652,0,-0.00106526,0
1774095601657,0.118164,-0.185547,0.993652,0,0,-0.000532632
1774095601737,0.117676,-0.1875,0.995117,0,-0.000532632,0
1774095601818,0.119141,-0.184082,0.993164,0,-0.000532632,0.000532632
1774095601888,0.117188,-0.187988,0.993652,0.000532632,-0.000532632,0
1774095601969,0.119629,-0.186035,0.994141,0,-0.000532632,0.000532632
1774095602050,0.119629,-0.1875,0.992188,0,0,-0.00106526
1774095602120,0.118652,-0.186523,0.993652,0.000532632,0,0.000532632
1774095602201,0.118164,-0.1875,0.992676,0,-0.000532632,0.000532632
1774095602281,0.118164,-0.187012,0.993652,0,-0.000532632,0
1774095602352,0.119141,-0.187012,0.994141,-0.000532632,0,0
1774095602432,0.115723,-0.187012,0.993652,0.00106526,-0.000532632,0.000532632
1774095602513,0.116699,-0.1875,0.994141,0,-0.000532632,0
1774095602583,0.117188,-0.185547,0.992676,-0.000532632,-0.000532632,-0.000532632
1774095602664,0.117676,-0.1875,0.992676,0,-0.000532632,0.000532632
1774095602744,0.117676,-0.185547,0.994629,0,-0.000532632,0
1774095602815,0.119141,-0.186523,0.994629,0,-0.000532632,0
1774095602895,0.119629,-0.187012,0.992676,-0.000532632,0,-0.000532632
1774095602966,0.116699,-0.186523,0.994141,0.000532632,0,0
1774095603046,0.119141,-0.186523,0.995605,0.000532632,-0.000532632,0
1774095603127,0.116699,-0.1875,0.993652,0.00106526,-0.000532632,0.000532632
1774095603198,0.118652,-0.1875,0.994141,-0.000532632,0.000532632,0
1774095603278,0.118164,-0.186035,0.993652,0,-0.00106526,0.000532632
1774095603359,0.119629,-0.185547,0.992676,0,-0.00106526,0.000532632
1774095603430,0.117676,-0.186035,0.994629,0.000532632,-0.0015979,-0.00106526
1774095603511,0.118164,-0.189453,0.994141,0.000532632,0,0.00106526
1774095603591,0.119141,-0.185547,0.994629,0.00106526,0,0.00106526
1774095603662,0.117188,-0.185059,0.992676,0.000532632,0,0
1774095603742,0.116211,-0.187012,0.994141,0,-0.000532632,0
1774095603813,0.119141,-0.186523,0.994141,0,0.000532632,0.00106526
1774095603893,0.117676,-0.186035,0.993164,0.000532632,0,0
1774095603974,0.118652,-0.187988,0.994141,0.000532632,-0.000532632,-0.000532632
1774095604044,0.119141,-0.187988,0.993652,-0.000532632,0,-0.000532632
1774095604125,0.117188,-0.185547,0.993164,0.000532632,-0.000532632,0.000532632
1774095604206,0.116699,-0.186523,0.994141,0,0,0.000532632
1774095604276,0.119141,-0.1875,0.993164,0.000532632,0,0
1774095604356,0.118164,-0.186035,0.993652,0,0,0.00106526
1774095604437,0.120605,-0.187988,0.993164,0,-0.000532632,0
1774095604507,0.119629,-0.1875,0.994141,-0.000532632,0,0
1774095604588,0.119141,-0.187012,0.994629,0,-0.000532632,-0.000532632
1774095604669,0.115723,-0.187988,0.992676,0,-0.000532632,0
1774095604739,0.117676,-0.186035,0.993164,-0.000532632,-0.000532632,0
1774095604820,0.116211,-0.186523,0.991211,-0.000532632,-0.000532632,0.000532632
1774095604900,0.116699,-0.187012,0.992676,0.000532632,-0.00106526,-0.000532632
1774095604970,0.117676,-0.187988,0.993164,-0.00106526,0,0.000532632
1774095605051,0.118164,-0.187012,0.993652,0.000532632,0,0
1774095605121,0.117188,-0.187988,0.992676,-0.000532632,-0.00106526,-0.00106526
1774095605202,0.117188,-0.186523,0.992188,-0.000532632,-0.0015979,-0.000532632
1774095605283,0.117676,-0.186523,0.993164,-0.000532632,-0.00106526,-0.000532632
1774095605353,0.119629,-0.1875,0.993164,0,-0.0015979,0
1774095605434,0.118652,-0.187012,0.995605,0.000532632,-0.000532632,0.000532632
1774095605515,0.117188,-0.185547,0.993164,-0.000532632,-0.000532632,0.000532632
1774095605585,0.118164,-0.185547,0.994141,0.000532632,-0.000532632,-0.000532632
1774095605666,0.119141,-0.187988,0.994141,-0.000532632,-0.000532632,-0.000532632
1774095605746,0.117188,-0.184082,0.992676,0,-0.000532632,0.000532632
1774095605817,0.119141,-0.186035,0.992188,-0.00106526,-0.00106526,0
1774095605897,0.121582,-0.187012,0.993164,0.000532632,-0.000532632,-0.000532632
1774095605978,0.118164,-0.185059,0.994629,0.00106526,0,0.000532632
1774095606048,0.118652,-0.1875,0.993164,-0.000532632,-0.000532632,0.000532632
1774095606129,0.118164,-0.186523,0.992188,-0.00106526,0,0.000532632
1774095606209,0.117676,-0.185547,0.993652,-0.000532632,-0.000532632,0
1774095606280,0.117676,-0.186035,0.993652,-0.000532632,0,0
1774095606360,0.117676,-0.1875,0.993164,0,-0.000532632,0.000532632
1774095606431,0.118164,-0.186523,0.993164,0,0,0.00106526
1774095606511,0.119141,-0.1875,0.993164,0,-0.000532632,0
1774095606592,0.118164,-0.185547,0.994629,0.00106526,0,0.000532632
1774095606662,0.116211,-0.1875,0.992188,-0.000532632,-0.000532632,-0.000532632
1774095606743,0.117676,-0.186523,0.994141,0,-0.000532632,0
1774095606824,0.118652,-0.185547,0.994629,0,0,0
1774095606894,0.119629,-0.18457,0.993164,0.000532632,-0.00106526,0.000532632
1774095606975,0.118652,-0.1875,0.993164,0.000532632,0,-0.000532632
1774095607055,0.119141,-0.187012,0.993652,0.000532632,-0.00106526,-0.000532632
1774095607126,0.119629,-0.1875,0.993652,0.000532632,0,-0.00106526
1774095607206,0.119141,-0.1875,0.994141,-0.0015979,-0.00106526,0.000532632
1774095607287,0.120605,-0.188477,0.994141,-0.000532632,-0.00106526,0
1774095607357,0.119141,-0.185059,0.992676,0.00106526,-0.000532632,0
1774095607438,0.119629,-0.1875,0.994629,0.000532632,-0.000532632,-0.000532632
1774095607518,0.117188,-0.186035,0.991699,0,-0.000532632,0.000532632
1774095607589,0.116211,-0.188965,0.992676,0.000532632,-0.000532632,0.00106526
1774095607669,0.118164,-0.186035,0.994141,0.000532632,-0.00106526,-0.000532632
1774095607740,0.120117,-0.185547,0.991699,-0.000532632,0,0.000532632
1774095607820,0.116211,-0.18457,0.996582,-0.000532632,-0.0015979,0
1774095607901,0.116699,-0.1875,0.992188,-0.000532632,0.00106526,0.000532632
1774095607971,0.118652,-0.186523,0.992188,0,-0.000532632,-0.00106526
1774095608052,0.118652,-0.186035,0.993164,-0.000532632,-0.000532632,0
1774095608133,0.118164,-0.185059,0.993164,-0.000532632,-0.000532632,0.00106526
1774095608203,0.118652,-0.187988,0.992676,0.000532632,-0.00106526,0.000532632
1774095608283,0.117676,-0.186523,0.994629,0.000532632,0,-0.000532632
1774095608364,0.118652,-0.185547,0.993652,0,-0.000532632,0
1774095608435,0.118652,-0.188477,0.992676,0,-0.00106526,0.000532632
1774095608515,0.121094,-0.187012,0.994141,0,-0.000532632,0.00106526
1774095608596,0.118164,-0.187988,0.992676,0,-0.000532632,0
1774095608666,0.118164,-0.1875,0.993652,0,-0.000532632,0
1774095608747,0.119141,-0.187012,0.992188,0,-0.00106526,0
1774095608827,0.116211,-0.186035,0.993652,-0.000532632,-0.000532632,0.000532632
1774095608898,0.118164,-0.187988,0.993652,0.000532632,-0.00106526,-0.000532632
1774095608978,0.119141,-0.187988,0.993164,0,-0.00106526,0
1774095609049,0.118652,-0.187988,0.994629,0.0015979,-0.000532632,0
1774095609129,0.118164,-0.1875,0.991699,0,-0.00106526,0
1774095609210,0.118652,-0.183594,0.991699,-0.000532632,-0.000532632,-0.00106526
1774095609280,0.119141,-0.187012,0.992676,0.00106526,-0.000532632,0
1774095609361,0.120605,-0.187012,0.992188,0.000532632,-0.000532632,0
1774095609441,0.118164,-0.1875,0.992676,-0.000532632,-0.000532632,0
1774095609512,0.118652,-0.1875,0.993164,0,-0.000532632,0
1774095609592,0.116699,-0.188477,0.993164,0,-0.000532632,-0.000532632
1774095609673,0.118164,-0.186523,0.992188,-0.00106526,0.00106526,-0.000532632
1774095609743,0.118164,-0.185547,0.992676,0,-0.000532632,0.00106526
1774095609824,0.116699,-0.186523,0.992676,0,-0.000532632,-0.0015979
1774095609904,0.117676,-0.188477,0.992676,0.000532632,0.000532632,0
1774095609975,0.119141,-0.186523,0.993652,0.000532632,-0.000532632,0.00106526
1774095610055,0.118652,-0.1875,0.992188,0.00106526,0,0
1774095610136,0.117188,-0.186523,0.994141,-0.00106526,0,0
1774095610207,0.117676,-0.187988,0.993652,-0.00106526,0,0.000532632
1774095610287,0.118652,-0.186035,0.992676,0.000532632,-0.000532632,0.000532632
1774095610358,0.118164,-0.186523,0.994141,-0.000532632,0,0.000532632
1774095610438,0.118164,-0.185547,0.992676,0,-0.000532632,-0.000532632
1774095610519,0.118652,-0.186035,0.993164,-0.000532632,0,0
1774095610589,0.118652,-0.187012,0.992676,-0.000532632,-0.000532632,0
1774095610670,0.117188,-0.188965,0.995117,0,0,0.000532632
1774095610751,0.117676,-0.187988,0.994629,0,0.000532632,0
1774095610821,0.117188,-0.187988,0.993652,-0.000532632,0,0.000532632
1774095610902,0.117676,-0.188477,0.993652,-0.0015979,-0.000532632,0
1774095610982,0.119629,-0.186035,0.993164,0.000532632,0,0.00106526
1774095611053,0.116699,-0.188477,0.993164,0,-0.00106526,0
1774095611133,0.118652,-0.186523,0.991699,0,-0.000532632,0.000532632
1774095611214,0.118164,-0.185547,0.992676,0.000532632,-0.000532632,0
1774095611284,0.117676,-0.1875,0.993652,0.00106526,-0.000532632,0
1774095611365,0.117676,-0.1875,0.991211,0.00106526,0.000532632,-0.000532632
1774095611445,0.119141,-0.1875,0.993164,0.000532632,0,0.00106526
1774095611516,0.118164,-0.187012,0.991699,0.000532632,0.000532632,-0.00106526
1774095611596,0.117676,-0.186523,0.994141,0.00106526,-0.0015979,0
1774095611667,0.119141,-0.186035,0.993164,0.000532632,-0.00106526,0.000532632
1774095611747,0.118164,-0.185059,0.992188,0.00106526,0,-0.000532632
1774095611828,0.118164,-0.1875,0.992188,0,-0.000532632,0
1774095611898,0.119629,-0.187012,0.992188,0.000532632,0.000532632,0
1774095611979,0.117188,-0.186523,0.992188,0.00106526,-0.000532632,0.00106526
1774095612059,0.118164,-0.1875,0.992676,0.000532632,-0.000532632,0.000532632
1774095612130,0.118652,-0.187012,0.992188,0.000532632,-0.000532632,0.000532632
1774095612211,0.117676,-0.187012,0.992188,-0.000532632,-0.000532632,0.00106526
1774095612291,0.118652,-0.1875,0.991699,0,-0.0015979,0.000532632
1774095612362,0.116699,-0.187988,0.992676,0.000532632,0,-0.000532632
1774095612442,0.117676,-0.186035,0.991699,-0.000532632,-0.000532632,-0.000532632
1774095612523,0.116211,-0.185547,0.993164,0,-0.000532632,-0.000532632
1774095612593,0.118164,-0.187012,0.992676,0.00106526,-0.00106526,0.000532632
1774095612674,0.116211,-0.187012,0.993652,0,-0.00106526,-0.000532632
1774095612744,0.116699,-0.187988,0.995117,0.000532632,-0.000532632,0.00106526
1774095612825,0.117188,-0.187012,0.991699,0.000532632,-0.00106526,0.000532632
1774095612905,0.117188,-0.186523,0.993652,0.000532632,-0.00106526,0.000532632
1774095612976,0.117188,-0.1875,0.993164,0.000532632,-0.000532632,0.000532632
1774095613056,0.118652,-0.186035,0.994629,0.00106526,-0.000532632,0.000532632
1774095613137,0.117676,-0.1875,0.991211,0,-0.00213053,0.000532632
1774095613207,0.118164,-0.187012,0.994629,-0.000532632,0,0
1774095613288,0.118652,-0.185059,0.995117,0,0,0.000532632
1774095613369,0.118164,-0.187988,0.992188,0,0,0
1774095613439,0.118164,-0.186523,0.992188,0,-0.000532632,0.000532632
1774095613520,0.119629,-0.186035,0.993164,0,-0.00106526,0
1774095613600,0.119141,-0.187012,0.992188,0,-0.000532632,0
1774095613671,0.118164,-0.187988,0.994141,0,0.000532632,0.000532632
1774095613751,0.118652,-0.18457,0.993652,0,-0.000532632,0
1774095613832,0.119629,-0.18457,0.993164,0,-0.000532632,0
1774095613902,0.118652,-0.185059,0.993164,0,-0.000532632,0.00106526
1774095613983,0.116699,-0.187012,0.993164,0.0015979,-0.000532632,0
1774095614063,0.117188,-0.187988,0.992676,-0.000532632,0,0.00106526
1774095614134,0.117676,-0.186523,0.991699,-0.000532632,-0.000532632,0.000532632
1774095614214,0.119629,-0.185547,0.994141,-0.000532632,0,-0.000532632
1774095614285,0.119141,-0.185547,0.993652,0.00106526,0,0.000532632
1774095614365,0.117676,-0.186523,0.994141,0.000532632,-0.00106526,-0.000532632
1774095614446,0.119141,-0.187012,0.992676,0,-0.000532632,-0.000532632
1774095614516,0.117188,-0.187988,0.994141,0.000532632,-0.000532632,0
1774095614597,0.118652,-0.186035,0.995605,0.000532632,-0.00106526,0.000532632
1774095614677,0.117676,-0.186035,0.994141,0.000532632,0,0.000532632
1774095614748,0.117188,-0.187012,0.992676,0.000532632,-0.000532632,-0.00106526
1774095614828,0.119141,-0.186523,0.993164,0.000532632,-0.000532632,-0.000532632
1774095614909,0.119141,-0.187012,0.994141,-0.000532632,0,0.000532632
1774095614980,0.118652,-0.187012,0.992676,0.000532632,-0.000532632,0
1774095615060,0.117676,-0.188477,0.993164,0,0,0.000532632
1774095615141,0.118652,-0.185059,0.993652,0,0.000532632,-0.000532632
1774095615211,0.117676,-0.187988,0.993652,0.000532632,-0.000532632,0
1774095615292,0.117188,-0.185547,0.993652,0.000532632,0,0.000532632
1774095615362,0.117188,-0.187988,0.994141,0.000532632,-0.000532632,0
1774095615443,0.116699,-0.187012,0.994629,-0.00106526,-0.000532632,0
1774095615523,0.119141,-0.187012,0.995117,-0.000532632,-0.000532632,-0.00106526
1774095615594,0.118164,-0.186035,0.993164,0,0,0
1774095615674,0.118652,-0.187988,0.993652,0.000532632,-0.00106526,0.000532632
1774095615755,0.116699,-0.185059,0.993164,0.000532632,-0.000532632,-0.000532632
1774095615825,0.118164,-0.186523,0.995117,0.000532632,-0.000532632,0
1774095615906,0.117676,-0.188477,0.992188,0,-0.00106526,0.000532632
1774095615986,0.117676,-0.1875,0.992188,-0.000532632,-0.00106526,-0.00106526
1774095616057,0.118164,-0.1875,0.993164,0,0,0
1774095616138,0.117676,-0.186523,0.992676,0.00106526,0.000532632,0.000532632
1774095616218,0.116211,-0.186523,0.993164,0,-0.00106526,0.000532632
1774095616290,0.118652,-0.186523,0.993652,0,0,0
1774095616369,0.119141,-0.186523,0.993652,0,-0.0015979,-0.000532632
1774095616450,0.117676,-0.1875,0.994141,0.000532632,-0.000532632,-0.000532632
1774095616520,0.118652,-0.1875,0.992188,0.000532632,0.000532632,0.000532632
1774095616601,0.118164,-0.186523,0.991211,0,-0.00106526,0
1774095616672,0.117676,-0.188477,0.992676,0.000532632,-0.000532632,0
1774095616752,0.118652,-0.185547,0.993652,0.000532632,-0.000532632,-0.000532632
1774095616833,0.117676,-0.187988,0.993652,0,-0.0015979,-0.000532632
1774095616903,0.117676,-0.186523,0.993164,0,-0.000532632,0.00106526
1774095616984,0.117188,-0.187988,0.993164,0.00106526,-0.000532632,0
1774095617064,0.118652,-0.186523,0.993652,0,-0.0015979,-0.000532632
1774095617135,0.119141,-0.188477,0.993652,0.00106526,-0.00106526,-0.0015979
1774095617216,0.120117,-0.1875,0.993652,-0.000532632,-0.000532632,0
1774095617296,0.116699,-0.186523,0.992676,0,0,0.000532632
1774095617366,0.117188,-0.1875,0.993164,-0.000532632,-0.000532632,-0.000532632
1774095617447,0.118652,-0.187012,0.994141,0.000532632,-0.000532632,0
1774095617527,0.118164,-0.187988,0.994141,0,-0.000532632,-0.000532632
1774095617598,0.117676,-0.186035,0.992188,-0.00106526,0,0.000532632
1774095617678,0.119629,-0.186035,0.994141,0.000532632,-0.00106526,0
1774095617759,0.119141,-0.186035,0.993164,0.000532632,-0.000532632,0
1774095617829,0.119141,-0.186035,0.994141,0,-0.0015979,-0.000532632
1774095617910,0.117188,-0.186035,0.993652,-0.000532632,-0.000532632,0.000532632
1774095617980,0.118652,-0.188477,0.991699,-0.000532632,-0.000532632,0.000532632
1774095618061,0.118652,-0.187012,0.994141,-0.000532632,-0.000532632,0
1774095618142,0.119629,-0.187012,0.993652,0.000532632,-0.000532632,0.000532632
1774095618212,0.119141,-0.185547,0.994141,0.00106526,-0.000532632,0.000532632
1774095618293,0.120117,-0.186523,0.993652,0.000532632,-0.000532632,-0.000532632
1774095618373,0.117676,-0.185547,0.991699,0.000532632,0,0
1774095618444,0.118652,-0.186523,0.993652,0.00106526,0,0.000532632
1774095618524,0.117188,-0.186035,0.993164,-0.000532632,-0.000532632,0
1774095618605,0.119629,-0.184082,0.994141,0.000532632,-0.000532632,0
1774095618675,0.116211,-0.187988,0.992676,0,-0.000532632,-0.0015979
1774095618756,0.116699,-0.187012,0.991699,-0.000532632,-0.00106526,0
1774095618836,0.116699,-0.1875,0.992676,0,-0.00106526,0
1774095618907,0.117188,-0.1875,0.992676,0,-0.00106526,0.00106526
1774095618987,0.120117,-0.187012,0.993164,-0.000532632,0.000532632,0
1774095619068,0.116699,-0.186035,0.991699,0,-0.00106526,0
1774095619138,0.117188,-0.187988,0.993164,-0.000532632,-0.0015979,0.000532632
1774095619220,0.117676,-0.185547,0.993164,0,0,0
1774095619289,0.118164,-0.18457,0.992188,0,0,0
1774095619370,0.117188,-0.186035,0.993164,-0.00106526,-0.000532632,-0.000532632
1774095619450,0.119141,-0.187988,0.993164,0.000532632,-0.000532632,0
1774095619521,0.118652,-0.188477,0.993652,0.000532632,0,-0.000532632
1774095619601,0.119629,-0.187012,0.993652,0.000532632,0,0
1774095619682,0.116699,-0.187012,0.993652,-0.000532632,-0.00106526,0
1774095619752,0.118652,-0.185547,0.992188,0,-0.000532632,-0.000532632
1774095619833,0.120117,-0.186523,0.993164,-0.000532632,-0.00106526,-0.000532632
1774095619914,0.118652,-0.187988,0.992188,-0.00106526,0,0.000532632
1774095619984,0.117676,-0.187988,0.993164,-0.000532632,0,0.000532632
1774095620064,0.116699,-0.189453,0.994141,0.000532632,-0.00106526,0
1774095620146,0.118164,-0.1875,0.994141,-0.000532632,-0.000532632,0
1774095620215,0.118164,-0.1875,0.994141,-0.000532632,-0.000532632,-0.00106526
1774095620296,0.117676,-0.186523,0.993164,0,-0.00106526,-0.00106526
1774095620377,0.119141,-0.188965,0.995117,-0.000532632,-0.000532632,0.000532632
1774095620447,0.118652,-0.186523,0.992676,0.000532632,-0.00106526,0.00106526
1774095620528,0.116699,-0.186523,0.993164,-0.000532632,-0.000532632,0
1774095620598,0.117676,-0.184082,0.994629,-0.000532632,-0.0015979,0
1774095620679,0.119141,-0.1875,0.993652,0.000532632,-0.00106526,0.00106526
1774095620759,0.117676,-0.187012,0.994141,0,-0.000532632,0.000532632
1774095620830,0.118164,-0.188477,0.992188,-0.00106526,-0.000532632,-0.000532632
1774095620910,0.117188,-0.187012,0.993164,0.00106526,0,-0.00106526
1774095620991,0.119141,-0.18457,0.992676,0,0,0.000532632
1774095621061,0.116699,-0.186035,0.993164,0,0,0.000532632
1774095621142,0.117188,-0.1875,0.992676,0.000532632,-0.0015979,-0.000532632
1774095621222,0.119629,-0.185059,0.994141,0.000532632,-0.000532632,0.00106526
1774095621293,0.116211,-0.187012,0.991699,0.000532632,-0.000532632,-0.000532632
1774095621373,0.121094,-0.185059,0.995117,0,-0.0015979,0
1774095621454,0.118652,-0.1875,0.993652,0,0,0
1774095621524,0.118652,-0.187012,0.994141,0,-0.000532632,0
1774095621605,0.119141,-0.184082,0.994141,-0.000532632,-0.000532632,0.00106526
1774095621685,0.116699,-0.1875,0.994141,-0.00106526,-0.000532632,0
1774095621756,0.117676,-0.186035,0.995605,0,-0.000532632,0
1774095621837,0.120605,-0.186035,0.993652,0,-0.000532632,0
1774095621907,0.116699,-0.185547,0.992676,0,0,0.000532632
1774095621987,0.118164,-0.186035,0.991699,-0.00106526,-0.00106526,0
1774095622068,0.119141,-0.186523,0.994141,-0.000532632,-0.00106526,0.000532632
1774095622139,0.119141,-0.187012,0.994141,-0.000532632,-0.000532632,0.000532632
1774095622219,0.116211,-0.185059,0.992676,-0.000532632,-0.00106526,0
1774095622300,0.118652,-0.1875,0.993652,0,0,0.000532632
1774095622370,0.117188,-0.187012,0.992676,0,-0.00106526,0
1774095622451,0.118164,-0.1875,0.992188,0,0,0.000532632
1774095622531,0.119141,-0.186035,0.993652,0,-0.000532632,0
1774095622602,0.118164,-0.186523,0.993652,0,-0.000532632,-0.000532632
1774095622682,0.117676,-0.187988,0.993164,-0.000532632,-0.000532632,0.000532632
1774095622763,0.119141,-0.188965,0.993164,0.000532632,0,0.00106526
1774095622833,0.118652,-0.1875,0.993652,0,-0.000532632,-0.000532632
1774095622914,0.116211,-0.188965,0.994141,0,-0.00213053,0
1774095622995,0.118652,-0.186035,0.995605,0,-0.000532632,0
1774095623065,0.118652,-0.187012,0.992676,0.000532632,0,0
1774095623146,0.117676,-0.185547,0.992676,0,-0.000532632,-0.000532632
1774095623226,0.118652,-0.186523,0.994629,-0.000532632,-0.000532632,0
1774095623297,0.117676,-0.185059,0.992188,0.00106526,0,-0.00106526
1774095623377,0.118652,-0.186523,0.993652,0,-0.000532632,-0.00106526
1774095623448,0.117676,-0.187012,0.994141,0,0,-0.000532632
1774095623528,0.119141,-0.1875,0.993652,0,-0.000532632,0.000532632
1774095623609,0.118652,-0.186523,0.993652,0,-0.000532632,0
1774095623679,0.117676,-0.1875,0.992188,-0.000532632,-0.00106526,0
1774095623760,0.116699,-0.186035,0.993652,0,-0.000532632,0
1774095623841,0.120117,-0.185547,0.993652,0.000532632,-0.000532632,0
1774095623911,0.120117,-0.187012,0.992676,0.00106526,-0.00106526,0
1774095623992,0.117676,-0.187012,0.994141,0,-0.000532632,0.000532632
1774095624072,0.119141,-0.189453,0.992188,0.000532632,-0.000532632,0.000532632
1774095624143,0.117188,-0.186523,0.995605,0.000532632,0,-0.0015979
1774095624223,0.119629,-0.184082,0.993652,0,-0.000532632,0
1774095624304,0.118652,-0.186523,0.991211,0.000532632,0,0.000532632
1774095624374,0.117188,-0.188477,0.994629,0.00106526,-0.00106526,0.000532632
1774095624455,0.118652,-0.187988,0.994629,0,0.00106526,-0.000532632
1774095624525,0.119629,-0.187012,0.994141,0,-0.000532632,0
1774095624606,0.118164,-0.187012,0.992188,0.000532632,-0.00106526,0
1774095624686,0.117188,-0.188477,0.991699,0,0,0
1774095624757,0.117676,-0.186035,0.991699,0,-0.000532632,-0.00106526
1774095624838,0.117676,-0.1875,0.995117,-0.00106526,-0.000532632,0
1774095624918,0.117188,-0.186523,0.992676,-0.00106526,-0.000532632,-0.000532632
1774095624989,0.119629,-0.188965,0.994629,0,0,0
1774095625069,0.119629,-0.186035,0.991699,0,0,0
1774095625150,0.119141,-0.186035,0.993652,-0.000532632,-0.000532632,-0.00106526
1774095625220,0.118652,-0.187988,0.995605,0.000532632,-0.000532632,-0.000532632
1774095625301,0.116699,-0.186523,0.994141,0.00106526,-0.00106526,0
1774095625381,0.118652,-0.186523,0.992188,0,0.000532632,0
1774095625452,0.116699,-0.188965,0.992188,-0.000532632,-0.000532632,-0.000532632
1774095625532,0.118652,-0.1875,0.992676,0,0,0.000532632
1774095625613,0.117188,-0.186523,0.993164,0,0,0.00106526
1774095625683,0.118164,-0.1875,0.994141,0,-0.00106526,-0.000532632
1774095625764,0.117188,-0.185547,0.993652,0.000532632,0,0
1774095625834,0.119141,-0.186035,0.991211,0,0,-0.00106526
1774095625915,0.117676,-0.187988,0.992676,0.00106526,-0.00106526,0.00106526
1774095625995,0.118164,-0.188477,0.994141,0,-0.00106526,0.000532632
1774095626066,0.117676,-0.187012,0.992188,-0.000532632,-0.00106526,0
1774095626146,0.117188,-0.187012,0.992676,-0.000532632,-0.00106526,0.000532632
1774095626227,0.117188,-0.187988,0.993164,0,-0.000532632,-0.000532632
1774095626297,0.117188,-0.188965,0.995605,0,0,-0.000532632
1774095626378,0.117188,-0.187988,0.992676,0,-0.000532632,-0.000532632
1774095626459,0.117188,-0.187012,0.993164,0.000532632,-0.00106526,-0.000532632
1774095626529,0.119629,-0.1875,0.991211,-0.00106526,-0.000532632,0
1774095626610,0.118164,-0.185547,0.993164,0,-0.00106526,0
1774095626690,0.119629,-0.185059,0.991699,-0.000532632,0,0
1774095626760,0.118164,-0.187988,0.996094,-0.000532632,0,0.00106526
1774095626841,0.116699,-0.187988,0.992676,-0.00106526,-0.000532632,0
1774095626922,0.117188,-0.1875,0.995117,0.000532632,-0.000532632,0.000532632
1774095626992,0.118164,-0.187012,0.992676,-0.000532632,-0.000532632,0
1774095627073,0.118164,-0.1875,0.994629,0,0,-0.000532632
1774095627143,0.118164,-0.1875,0.995117,-0.000532632,-0.00106526,0
1774095627224,0.119141,-0.1875,0.993164,-0.000532632,-0.000532632,0
1774095627304,0.118164,-0.185059,0.993164,-0.00106526,-0.000532632,-0.000532632
1774095627375,0.115723,-0.187988,0.991699,0,-0.000532632,0
1774095627455,0.117676,-0.187012,0.993652,0,-0.000532632,-0.00106526
1774095627536,0.118164,-0.188477,0.992188,0.000532632,-0.00106526,-0.00106526
1774095627606,0.117676,-0.188965,0.993164,0.00106526,-0.000532632,0.000532632
1774095627687,0.119141,-0.187012,0.992676,0,-0.00106526,0
1774095627767,0.118164,-0.186035,0.994141,-0.000532632,-0.0015979,0
1774095627838,0.120117,-0.188477,0.993164,-0.00106526,-0.000532632,0.000532632
1774095627918,0.119629,-0.187012,0.994141,0,-0.000532632,0.000532632
1774095627999,0.118652,-0.187988,0.993652,0,-0.000532632,-0.000532632
1774095628070,0.118652,-0.186035,0.994629,0,-0.00106526,0.000532632
1774095628150,0.117676,-0.187012,0.994141,0,-0.00106526,0.000532632
1774095628231,0.117188,-0.187012,0.992188,0,-0.000532632,0.000532632
1774095628301,0.117676,-0.186523,0.992676,-0.000532632,-0.000532632,0
1774095628382,0.116211,-0.186523,0.993652,0,0,0
1774095628452,0.117676,-0.186523,0.994629,0.000532632,-0.00106526,0
1774095628533,0.117188,-0.188477,0.994141,0,-0.000532632,0
1774095628613,0.118652,-0.186523,0.994629,-0.000532632,-0.00213053,0
1774095628684,0.116699,-0.187988,0.994141,0.000532632,-0.000532632,0.000532632
1774095628764,0.119141,-0.186035,0.993164,0.00106526,-0.000532632,0
1774095628845,0.116699,-0.186523,0.992676,0.000532632,-0.00106526,0.000532632
1774095628915,0.116699,-0.187988,0.992676,0.000532632,-0.00106526,0.000532632
1774095628996,0.117188,-0.188477,0.992676,0,0,0.000532632
1774095629077,0.116699,-0.188965,0.993164,0.000532632,-0.000532632,0
1774095629147,0.117676,-0.187988,0.990723,0.000532632,-0.000532632,-0.000532632
1774095629228,0.120117,-0.187988,0.992676,0,-0.00106526,-0.000532632
1774095629308,0.119141,-0.186523,0.992188,-0.000532632,-0.000532632,-0.00106526
1774095629379,0.118164,-0.185547,0.994141,0,-0.00106526,0
1774095629459,0.116699,-0.187012,0.992188,-0.000532632,0,0.000532632
1774095629540,0.119141,-0.188965,0.993164,0.000532632,-0.000532632,0.00106526
1774095629610,0.119141,-0.188965,0.993652,-0.000532632,0,-0.000532632
1774095629691,0.119141,-0.187012,0.992188,0.000532632,-0.000532632,-0.000532632
1774095629761,0.117676,-0.185547,0.991211,0.00106526,-0.000532632,0
1774095629842,0.119141,-0.188965,0.993164,0.00106526,-0.000532632,0.00106526
1774095629922,0.116211,-0.1875,0.992676,0,0.000532632,0.000532632
1774095629993,0.117676,-0.1875,0.992676,-0.000532632,0,0.0015979
1774095630073,0.117676,-0.1875,0.995117,0.000532632,-0.00106526,0
1774095630154,0.118164,-0.187012,0.992188,0,-0.000532632,-0.00106526
1774095630224,0.117188,-0.187988,0.991699,0,0,0
1774095630305,0.116699,-0.186523,0.994629,0,0,0
1774095630386,0.118164,-0.187988,0.994141,0,0,-0.000532632
1774095630456,0.116699,-0.187988,0.993652,0,-0.000532632,-0.000532632
1774095630537,0.118652,-0.186523,0.994141,0,-0.00106526,0.00106526
1774095630617,0.119141,-0.186035,0.992676,0,0,0.00106526
1774095630688,0.117676,-0.187012,0.992676,0.00106526,0,0
1774095630768,0.115723,-0.186035,0.994141,-0.000532632,-0.000532632,0.000532632
1774095630849,0.117188,-0.186523,0.992188,0,-0.000532632,0.00106526
1774095630919,0.118164,-0.1875,0.992676,0.000532632,-0.000532632,-0.000532632
1774095631000,0.117188,-0.186523,0.993164,0.00106526,-0.000532632,0
1774095631070,0.117676,-0.186523,0.993164,0.00106526,0,-0.00106526
1774095631151,0.117188,-0.188477,0.993652,0.000532632,-0.00106526,0.00106526
1774095631231,0.119141,-0.185059,0.994141,0,0,0
1774095631302,0.119141,-0.1875,0.992188,0,-0.00106526,-0.00106526
1774095631382,0.118652,-0.188477,0.994141,-0.000532632,0.000532632,-0.000532632
1774095631463,0.118164,-0.1875,0.994629,0,-0.000532632,0.000532632
1774095631533,0.120117,-0.185547,0.994629,0,-0.000532632,0.000532632
1774095631614,0.119141,-0.186035,0.993164,0.000532632,0.000532632,0
1774095631694,0.119141,-0.1875,0.993164,0,0.000532632,-0.000532632
1774095631765,0.119629,-0.183594,0.994141,0.00106526,-0.000532632,0.000532632
1774095631845,0.117676,-0.1875,0.995117,-0.000532632,-0.00106526,0
1774095631926,0.118652,-0.187012,0.991699,0.0015979,0,-0.000532632
1774095631996,0.118652,-0.187012,0.994629,0.000532632,-0.000532632,0.000532632
1774095632077,0.119141,-0.1875,0.992676,0,-0.000532632,-0.000532632
1774095632157,0.117188,-0.185059,0.995117,0,-0.000532632,0.000532632
1774095632228,0.118164,-0.1875,0.992676,0.000532632,-0.000532632,-0.00106526
1774095632308,0.119141,-0.1875,0.993652,-0.000532632,-0.0015979,-0.000532632
1774095632379,0.118652,-0.186523,0.992676,-0.000532632,-0.00106526,0
1774095632460,0.120605,-0.185059,0.993164,-0.000532632,-0.00106526,0
1774095632540,0.116699,-0.189941,0.993164,0.000532632,0.000532632,-0.0015979
1774095632611,0.117676,-0.18457,0.993652,0.000532632,0,0.000532632
1774095632691,0.120117,-0.187012,0.993652,-0.000532632,-0.00106526,-0.000532632
1774095632772,0.118652,-0.1875,0.993652,-0.000532632,-0.000532632,0.000532632
1774095632842,0.117188,-0.187012,0.994141,0.00106526,-0.00106526,0
1774095632923,0.119141,-0.186523,0.993164,0,-0.000532632,0.00106526
1774095633003,0.119141,-0.186523,0.992676,0,-0.000532632,0.000532632
1774095633074,0.118164,-0.186523,0.995117,0,0,0
1774095633155,0.116699,-0.186035,0.993652,-0.000532632,-0.000532632,0.000532632
1774095633235,0.117676,-0.185059,0.994629,0.00106526,-0.000532632,0
1774095633306,0.116699,-0.187012,0.994141,0,-0.000532632,-0.00106526
1774095633386,0.118164,-0.186035,0.992188,0.000532632,0,-0.000532632
1774095633467,0.118652,-0.18457,0.992676,-0.0015979,0,0.000532632
1774095633537,0.118164,-0.187012,0.993652,0,0.000532632,0
1774095633618,0.119629,-0.187012,0.991699,0.000532632,-0.000532632,0
1774095633688,0.118652,-0.187012,0.993652,-0.000532632,0,0.000532632
1774095633769,0.116211,-0.1875,0.994629,-0.000532632,-0.000532632,0.000532632
1774095633849,0.117676,-0.185547,0.991211,0.000532632,-0.000532632,0.000532632
1774095633920,0.118164,-0.187012,0.993652,0.000532632,-0.000532632,0.000532632
1774095634000,0.117188,-0.186035,0.993164,0,0,0
1774095634081,0.118652,-0.187012,0.993164,0.00106526,-0.000532632,0
1774095634151,0.118652,-0.1875,0.992676,0,-0.00106526,-0.000532632
1774095634232,0.119629,-0.186523,0.991699,0,0,0.00106526
1774095634313,0.118164,-0.1875,0.992188,0,-0.00106526,0
1774095634383,0.119629,-0.1875,0.994629,0,0,0
1774095634464,0.117188,-0.187012,0.992676,0.000532632,-0.000532632,-0.000532632
1774095634545,0.119141,-0.186523,0.992676,0,-0.000532632,0
1774095634615,0.119141,-0.186523,0.994141,0,-0.000532632,0
1774095634696,0.117188,-0.186523,0.994141,0.000532632,-0.00106526,0
1774095634766,0.118652,-0.1875,0.994141,0,-0.000532632,0.000532632
1774095634847,0.116699,-0.186035,0.993652,0.000532632,-0.00106526,-0.000532632
1774095634927,0.117188,-0.187012,0.994141,-0.000532632,-0.00106526,0
1774095634998,0.117188,-0.186523,0.992188,0,-0.000532632,0.000532632
1774095635078,0.118164,-0.187988,0.992188,0,0,-0.0015979
1774095635159,0.116211,-0.1875,0.995117,0,0,0.0015979
1774095635229,0.117676,-0.185547,0.994141,-0.00106526,-0.000532632,-0.000532632
1774095635310,0.118164,-0.186523,0.992676,0,-0.00106526,0
1774095635390,0.118652,-0.186035,0.992676,0,0,-0.000532632
1774095635461,0.119141,-0.189453,0.994629,-0.000532632,-0.000532632,0
1774095635541,0.119141,-0.186035,0.993164,0.000532632,0,-0.000532632
1774095635622,0.118652,-0.187012,0.994629,0.000532632,0,0
1774095635692,0.116211,-0.186523,0.994141,-0.000532632,-0.00106526,0
1774095635773,0.119141,-0.187012,0.992188,0.00106526,0,0
1774095635854,0.120117,-0.1875,0.991699,0.000532632,-0.000532632,0
1774095635924,0.116699,-0.187012,0.994141,0.000532632,-0.000532632,-0.000532632
1774095636005,0.116699,-0.188965,0.993652,0.000532632,-0.000532632,0
1774095636075,0.118164,-0.188477,0.993652,-0.000532632,-0.000532632,-0.00106526
1774095636156,0.117188,-0.186523,0.994141,-0.000532632,-0.00106526,0
1774095636236,0.119141,-0.185547,0.994141,0,0,0
1774095636307,0.119629,-0.187012,0.994629,0.00106526,-0.000532632,0.000532632
1774095636387,0.119629,-0.1875,0.993164,-0.000532632,0.000532632,0.000532632
1774095636468,0.117188,-0.187988,0.994629,0,-0.000532632,0.000532632
1774095636538,0.116699,-0.187012,0.991699,0,0,0.000532632
1774095636619,0.119141,-0.1875,0.994141,0.000532632,-0.0015979,0.000532632
1774095636699,0.118164,-0.186035,0.994629,0.000532632,0,0.000532632
1774095636770,0.119141,-0.1875,0.993164,0.0015979,0,0
1774095636850,0.117188,-0.188477,0.993652,0.00106526,0.000532632,0.000532632
1774095636931,0.117676,-0.185547,0.993652,0,0.000532632,0
1774095637001,0.118164,-0.1875,0.995605,0,0,-0.000532632
1774095637082,0.117676,-0.187988,0.992676,0.000532632,-0.000532632,0
1774095637162,0.116699,-0.1875,0.993652,0,-0.00106526,-0.000532632
1774095637233,0.118164,-0.186035,0.992676,0,-0.00106526,-0.000532632
1774095637314,0.117676,-0.186523,0.993652,0,-0.000532632,0.000532632
1774095637384,0.117676,-0.187012,0.992676,0.00106526,0.000532632,0
1774095637465,0.117676,-0.188477,0.994629,0,-0.00106526,-0.000532632
1774095637545,0.117676,-0.186523,0.992676,0,-0.0015979,0
1774095637616,0.119629,-0.187012,0.992676,0.00106526,-0.000532632,0.000532632
1774095637696,0.118164,-0.185547,0.993652,0.000532632,-0.00106526,0.000532632
1774095637777,0.118164,-0.1875,0.992188,0,-0.000532632,0
1774095637847,0.120117,-0.1875,0.993652,0,0,0.000532632
1774095637928,0.118164,-0.187988,0.993652,-0.000532632,-0.00106526,0
1774095638008,0.117676,-0.1875,0.993652,-0.00106526,-0.000532632,0.00106526
1774095638079,0.117676,-0.186523,0.994629,-0.000532632,-0.00106526,0
1774095638160,0.116699,-0.187988,0.993652,0.000532632,0,0.000532632
1774095638240,0.119629,-0.187012,0.993164,-0.000532632,0,0.00106526
1774095638310,0.118652,-0.188477,0.994141,0.000532632,0,0
1774095638391,0.119141,-0.1875,0.994629,0.000532632,-0.000532632,-0.00106526
1774095638461,0.118652,-0.1875,0.992676,0,-0.000532632,0
1774095638542,0.117188,-0.187012,0.992676,-0.000532632,0,0.000532632
1774095638623,0.119141,-0.187988,0.992676,0.000532632,0,0.000532632
1774095638693,0.117676,-0.188477,0.991699,0,-0.0015979,0
1774095638774,0.117676,-0.188965,0.991211,-0.000532632,0,0
1774095638854,0.117676,-0.185059,0.993652,0,0,0.000532632
1774095638925,0.117676,-0.185059,0.993164,0,0,-0.000532632
1774095639005,0.118164,-0.187012,0.993164,-0.000532632,-0.00106526,-0.000532632
1774095639086,0.117188,-0.187988,0.992188,0,-0.00106526,0
1774095639156,0.118652,-0.1875,0.993164,0.000532632,-0.00106526,-0.00106526
1774095639237,0.118164,-0.186523,0.994141,0.00106526,-0.000532632,-0.000532632
1774095639317,0.118164,-0.1875,0.993164,0,-0.00106526,-0.00106526
1774095639388,0.118652,-0.186035,0.993164,0.000532632,0.00106526,-0.000532632
1774095639468,0.118164,-0.187012,0.993652,0,-0.000532632,0.000532632
1774095639549,0.117676,-0.187012,0.993652,0,0,0
1774095639619,0.118164,-0.187012,0.992676,-0.000532632,-0.000532632,0.000532632
1774095639700,0.116699,-0.185547,0.993164,0.000532632,0,-0.000532632
1774095639780,0.118652,-0.187012,0.994629,0,-0.000532632,-0.000532632
1774095639851,0.117676,-0.1875,0.994629,-0.000532632,-0.00106526,0
1774095639931,0.118652,-0.185547,0.993652,0.00106526,-0.00106526,-0.00106526
1774095640002,0.118652,-0.187012,0.994141,0.00106526,0,0
1774095640082,0.119141,-0.186035,0.994141,0.000532632,-0.00106526,-0.00106526
1774095640163,0.118164,-0.187988,0.993164,0.000532632,0,0.000532632
1774095640233,0.118164,-0.186523,0.993164,0,0,-0.000532632
1774095640314,0.118652,-0.188965,0.993652,-0.00106526,-0.00106526,0
1774095640395,0.119629,-0.185547,0.992676,-0.000532632,-0.00106526,0.000532632
1774095640465,0.117188,-0.185547,0.993164,0.000532632,0,0
1774095640546,0.117676,-0.188965,0.992188,0,-0.000532632,0.00106526
1774095640626,0.119141,-0.187012,0.992188,0.000532632,-0.00106526,0
1774095640697,0.117676,-0.185059,0.992676,0,-0.00106526,0
1774095640777,0.117676,-0.186523,0.994141,0,-0.000532632,0.000532632
1774095640858,0.118652,-0.187988,0.996094,0,-0.000532632,-0.00106526
1774095640928,0.116211,-0.18457,0.990723,0,0,0.000532632
1774095641009,0.118652,-0.186035,0.992676,0,0.000532632,-0.000532632
1774095641089,0.120117,-0.188477,0.992188,0.000532632,-0.000532632,-0.000532632
1774095641160,0.116699,-0.187012,0.992676,0.000532632,0,0
1774095641240,0.118164,-0.187012,0.992676,-0.000532632,-0.000532632,0.000532632
1774095641311,0.117676,-0.186035,0.993164,0.00106526,0.000532632,0
1774095641392,0.119141,-0.185059,0.993164,0,-0.000532632,-0.000532632
1774095641472,0.120605,-0.187988,0.993652,0.00106526,0.000532632,0.000532632
1774095641542,0.118164,-0.187012,0.992676,0,0,-0.000532632
1774095641623,0.117676,-0.185547,0.992676,0,0,0.000532632
1774095641704,0.116211,-0.187988,0.994141,-0.000532632,-0.000532632,-0.000532632
1774095641774,0.117676,-0.187012,0.993652,0.0015979,0.000532632,0
1774095641855,0.118652,-0.186523,0.993164,0.000532632,-0.000532632,0.000532632
1774095641935,0.120117,-0.187012,0.993164,-0.000532632,-0.00106526,0
1774095642006,0.118652,-0.185547,0.992188,0,-0.000532632,0
1774095642086,0.120117,-0.185059,0.995117,-0.000532632,-0.000532632,0
1774095642167,0.117676,-0.187012,0.994141,-0.000532632,-0.000532632,-0.00106526
1774095642237,0.116699,-0.186523,0.993164,-0.000532632,-0.00106526,0.00266316
1774095642318,0.117676,-0.187988,0.994141,0.000532632,-0.000532632,-0.00106526
1774095642388,0.117676,-0.188965,0.992676,-0.000532632,0,0
1774095642469,0.118652,-0.186523,0.992676,0,0,0.00106526
1774095642549,0.117676,-0.187012,0.993652,0.000532632,-0.00106526,-0.000532632
1774095642620,0.118164,-0.18457,0.993164,0.000532632,-0.0015979,0
1774095642700,0.117676,-0.187988,0.993164,0.00106526,-0.000532632,0
1774095642781,0.117676,-0.186523,0.993164,-0.000532632,-0.000532632,-0.00106526
1774095642851,0.117676,-0.186523,0.993164,0,0.000532632,0.000532632
1774095642932,0.117676,-0.186035,0.991699,-0.0015979,-0.0015979,-0.000532632
1774095643013,0.119141,-0.186035,0.992676,0.000532632,0.00106526,-0.000532632
1774095643083,0.116211,-0.1875,0.992188,0.000532632,-0.000532632,-0.00106526
1774095643163,0.117676,-0.186035,0.992676,0,-0.00106526,0
1774095643244,0.118164,-0.185547,0.992676,0,-0.000532632,0.000532632
1774095643315,0.119141,-0.188477,0.992188,0,-0.000532632,0
1774095643395,0.120117,-0.184082,0.993652,0,-0.000532632,0.000532632
1774095643476,0.117188,-0.186523,0.992188,-0.000532632,-0.000532632,0
1774095643546,0.116699,-0.187988,0.992188,0,-0.000532632,0.00106526
1774095643627,0.116211,-0.1875,0.994629,0.000532632,0,0.000532632
1774095643707,0.117676,-0.187012,0.992188,0,0,-0.000532632
1774095643778,0.118652,-0.187988,0.993652,0,0,0
1774095643858,0.118164,-0.187988,0.993164,0.000532632,0.000532632,-0.000532632
1774095643929,0.117676,-0.186523,0.994629,-0.000532632,-0.000532632,0
1774095644009,0.117188,-0.184082,0.992676,0.000532632,-0.00106526,0.000532632
1774095644090,0.120117,-0.185547,0.992676,-0.00106526,-0.00106526,-0.00106526
1774095644160,0.119629,-0.187988,0.993164,0,-0.000532632,0.00106526
1774095644241,0.120117,-0.187012,0.994141,-0.000532632,-0.000532632,0.00106526
1774095644321,0.120117,-0.186523,0.993164,0.000532632,-0.00106526,0
1774095644392,0.116699,-0.186523,0.994141,0,-0.000532632,-0.000532632
1774095644473,0.117676,-0.189941,0.992676,0.000532632,-0.00106526,0
1774095644553,0.118164,-0.187012,0.994629,-0.0015979,-0.00106526,0
1774095644623,0.119141,-0.1875,0.993652,-0.000532632,-0.0015979,0.00106526
1774095644704,0.120117,-0.187012,0.993164,0,-0.000532632,0.000532632
1774095644784,0.120117,-0.187012,0.991211,0.000532632,0.000532632,-0.0015979
1774095644855,0.117676,-0.1875,0.993164,0.00106526,-0.00106526,-0.00106526
1774095644935,0.118652,-0.186523,0.991211,0.000532632,-0.000532632,-0.000532632
1774095645016,0.118652,-0.18457,0.993652,-0.00106526,-0.000532632,0
1774095645086,0.117676,-0.186035,0.990723,0,-0.00106526,-0.000532632
1774095645167,0.118164,-0.187988,0.994141,0,-0.000532632,-0.000532632
1774095645237,0.116699,-0.186523,0.993164,0,0,0
1774095645318,0.118164,-0.186035,0.992676,-0.000532632,-0.000532632,0
1774095645399,0.117676,-0.1875,0.992676,0.000532632,-0.000532632,-0.00106526
1774095645469,0.119629,-0.186035,0.990723,0.000532632,-0.00106526,0
1774095645550,0.119141,-0.1875,0.992188,0.000532632,-0.000532632,0.00106526
1774095645630,0.117188,-0.189453,0.993652,-0.000532632,-0.00106526,0.000532632
1774095645701,0.118164,-0.187012,0.991699,-0.00106526,-0.00106526,0
1774095645781,0.118164,-0.188477,0.994141,0.000532632,-0.00106526,-0.000532632
1774095645862,0.117676,-0.187012,0.994141,-0.000532632,-0.00106526,0.000532632
1774095645933,0.118652,-0.186035,0.994629,0.000532632,-0.000532632,-0.000532632
1774095646013,0.118652,-0.187012,0.992676,0.00106526,0,0
1774095646093,0.118164,-0.186523,0.992676,0,0,-0.000532632
1774095646164,0.117676,-0.185547,0.994629,-0.000532632,0,-0.000532632
1774095646244,0.118164,-0.185547,0.993652,0,0,0
1774095646325,0.118164,-0.187988,0.992676,-0.00106526,-0.00106526,0
1774095646395,0.117676,-0.186035,0.992676,0,-0.00106526,0
1774095646476,0.118652,-0.187988,0.995117,0.00106526,-0.000532632,-0.000532632
1774095646546,0.117188,-0.1875,0.995605,0,0,0
1774095646628,0.120605,-0.187012,0.994141,0.000532632,0,0.000532632
1774095646708,0.117676,-0.1875,0.993164,0,0,-0.000532632
1774095646778,0.117676,-0.1875,0.991211,-0.00106526,0.000532632,0
1774095646859,0.117676,-0.187988,0.994629,0,-0.000532632,-0.000532632
1774095646939,0.118652,-0.186523,0.992188,0,0.000532632,0.000532632
1774095647010,0.119141,-0.187988,0.993164,0,0,0.00106526
1774095647090,0.117676,-0.186035,0.993164,-0.000532632,-0.00106526,0
1774095647171,0.117188,-0.186035,0.992188,0,-0.000532632,-0.000532632
1774095647241,0.118652,-0.186035,0.993652,0,-0.000532632,0
1774095647322,0.119141,-0.186035,0.994141,0.000532632,-0.000532632,0
1774095647403,0.121582,-0.186035,0.992188,-0.000532632,-0.000532632,0
1774095647473,0.118652,-0.187988,0.995605,0.000532632,-0.00106526,0
1774095647554,0.117676,-0.187012,0.993164,0.000532632,-0.000532632,0
1774095647634,0.117676,-0.18457,0.994141,0,-0.000532632,0
1774095647705,0.117676,-0.188477,0.992188,0,-0.000532632,0.00106526
1774095647785,0.117676,-0.186035,0.996582,0.000532632,-0.000532632,0.000532632
1774095647856,0.116699,-0.186035,0.994141,0.000532632,-0.00106526,0
1774095647936,0.118652,-0.185059,0.993652,-0.000532632,-0.000532632,0.000532632
1774095648017,0.118164,-0.187988,0.994141,0,0,0.000532632
1774095648087,0.118652,-0.186035,0.992676,0.000532632,0,-0.00106526
1774095648168,0.118164,-0.1875,0.992676,0.0015979,-0.000532632,0.000532632
1774095648248,0.119629,-0.186523,0.994141,0,0,0.000532632
1774095648319,0.118652,-0.18457,0.995117,-0.000532632,-0.00106526,-0.000532632
1774095648400,0.117188,-0.186035,0.993652,0.00106526,0,0
1774095648480,0.118652,-0.187012,0.993652,0.000532632,0.000532632,0
1774095648551,0.118652,-0.186035,0.991211,0,-0.00106526,0.0015979
1774095648631,0.118164,-0.1875,0.991699,0,-0.00106526,0
1774095648712,0.118652,-0.186523,0.993164,0.000532632,0,0
1774095648782,0.117188,-0.188965,0.993652,-0.000532632,-0.00106526,0
1774095648863,0.118164,-0.185547,0.993652,0.00106526,0,0.000532632
1774095648943,0.118652,-0.187012,0.993652,0.000532632,-0.00106526,0.000532632
1774095649014,0.118652,-0.188477,0.995117,0.000532632,0,-0.000532632
1774095649094,0.117676,-0.187012,0.992188,-0.000532632,0.000532632,0.000532632
1774095649165,0.119629,-0.1875,0.993164,0,-0.000532632,0.000532632
1774095649245,0.118652,-0.1875,0.992188,0.000532632,-0.000532632,0.00106526
1774095649326,0.118164,-0.186523,0.994141,0,-0.000532632,-0.00106526
1774095649397,0.119141,-0.188965,0.992188,-0.000532632,-0.000532632,0.000532632
1774095649477,0.119629,-0.186523,0.993652,0,0,0.000532632
1774095649559,0.120605,-0.186523,0.993164,0,0,0.000532632
1774095649628,0.118652,-0.1875,0.992188,0.000532632,-0.00106526,0
1774095649710,0.118652,-0.185547,0.991699,0,0,0.000532632
1774095649790,0.117188,-0.186523,0.992188,0.000532632,0,0
1774095649860,0.118652,-0.187012,0.994629,0.000532632,-0.000532632,-0.000532632
1774095649941,0.118652,-0.187988,0.991699,0.000532632,0,-0.000532632
1774095650021,0.118164,-0.186523,0.993164,0.000532632,-0.00106526,-0.000532632
1774095650092,0.118164,-0.187012,0.993652,0.000532632,-0.00106526,0.000532632
1774095650172,0.117188,-0.187012,0.993164,0.000532632,-0.000532632,0.000532632
1774095650243,0.119141,-0.188477,0.991211,0.00106526,0,0.000532632
1774095650324,0.116699,-0.186523,0.992676,0,-0.000532632,-0.000532632
1774095650404,0.117188,-0.187012,0.993164,0.0015979,-0.00106526,0.000532632
1774095650475,0.118652,-0.186523,0.995117,-0.00106526,-0.00106526,0
1774095650555,0.118652,-0.1875,0.992188,0.000532632,0,0
1774095650636,0.116211,-0.185547,0.993164,-0.000532632,-0.000532632,0
1774095650706,0.117188,-0.187988,0.992188,0,0.000532632,-0.000532632
1774095650787,0.118652,-0.185547,0.994629,0.000532632,-0.00106526,0
1774095650868,0.118652,-0.185059,0.994141,0.00106526,-0.00106526,-0.000532632
1774095650938,0.117676,-0.18457,0.993164,0.000532632,0,0.000532632
1774095651019,0.117188,-0.187012,0.992676,0,0,-0.000532632
1774095651099,0.121094,-0.187012,0.991699,0,-0.000532632,-0.000532632
1774095651170,0.118652,-0.185059,0.993164,0.000532632,0.000532632,0
1774095651250,0.119141,-0.186523,0.996094,-0.000532632,-0.00106526,0
1774095651331,0.118652,-0.186035,0.991211,0,-0.000532632,0.000532632
1774095651401,0.117188,-0.1875,0.992188,0.000532632,-0.000532632,0
1774095651482,0.118652,-0.185547,0.992676,-0.00106526,-0.000532632,0.000532632
1774095651552,0.118652,-0.187012,0.992188,0,-0.000532632,0.000532632
1774095651633,0.117676,-0.187988,0.993652,0.000532632,0.000532632,0.000532632
1774095651713,0.119141,-0.187012,0.994141,0.000532632,-0.000532632,0.000532632
1774095651784,0.118164,-0.186523,0.992188,0,-0.0015979,0.000532632
1774095651864,0.118164,-0.186523,0.993164,0,0,0.00106526
1774095651945,0.117676,-0.187988,0.993164,0.000532632,0.000532632,-0.000532632
1774095652015,0.118164,-0.187012,0.994141,0.000532632,0,-0.00106526
1774095652096,0.118164,-0.189453,0.993652,0.00106526,0,0
1774095652177,0.121094,-0.1875,0.993652,0.000532632,0,0
1774095652247,0.120117,-0.186523,0.992676,0.000532632,-0.000532632,-0.000532632
1774095652328,0.119629,-0.187012,0.992676,-0.00106526,0.000532632,0
1774095652408,0.118652,-0.1875,0.991699,0,-0.000532632,-0.000532632
1774095652479,0.117188,-0.186035,0.992188,0,-0.000532632,0.00106526
1774095652559,0.119629,-0.1875,0.992188,0.00106526,-0.00106526,0.00106526
1774095652640,0.118164,-0.186035,0.993652,0.000532632,0,0.000532632
1774095652710,0.118164,-0.185547,0.993652,0,0.000532632,0
1774095652791,0.118164,-0.186523,0.992188,0.000532632,-0.00106526,0
1774095652861,0.117188,-0.1875,0.993652,0,-0.000532632,-0.00106526
1774095652942,0.121094,-0.187012,0.994629,0.000532632,0.000532632,0
1774095653022,0.117676,-0.1875,0.991699,-0.000532632,-0.000532632,0.00106526
1774095653093,0.118164,-0.185547,0.993164,-0.000532632,-0.00106526,-0.000532632
1774095653173,0.118164,-0.188965,0.992676,0,-0.000532632,-0.00106526
1774095653254,0.118652,-0.188965,0.990723,0.000532632,-0.000532632,0
1774095653324,0.117676,-0.186523,0.993652,0,0.000532632,0
1774095653405,0.116699,-0.185059,0.996094,0,-0.000532632,0.000532632
1774095653486,0.116211,-0.186523,0.991699,0.000532632,-0.00106526,0.000532632
1774095653556,0.117676,-0.188965,0.993652,0.0015979,0,-0.000532632
1774095653637,0.117188,-0.187012,0.993164,-0.00106526,-0.0015979,0
1774095653717,0.116211,-0.187012,0.992676,-0.00106526,0,0
1774095653788,0.118652,-0.186035,0.994629,-0.000532632,0.000532632,0
1774095653868,0.120117,-0.185547,0.992676,-0.000532632,-0.0015979,-0.000532632
1774095653939,0.118652,-0.187012,0.994141,-0.000532632,-0.000532632,0
1774095654019,0.117188,-0.187988,0.994629,0.000532632,-0.00106526,0.000532632
1774095654100,0.118652,-0.186523,0.992676,0.000532632,0,0
1774095654171,0.119141,-0.185547,0.992676,0.000532632,-0.00106526,0.00106526
1774095654251,0.115723,-0.186523,0.992188,-0.000532632,-0.000532632,0.000532632
1774095654332,0.118164,-0.186035,0.995117,0.00106526,0,-0.000532632
1774095654402,0.118164,-0.187012,0.993652,0,-0.000532632,-0.000532632
1774095654483,0.117188,-0.186035,0.993164,0,0.000532632,-0.000532632
1774095654563,0.118652,-0.187012,0.993164,-0.000532632,-0.0015979,0
1774095654634,0.119141,-0.186035,0.994629,0,0.000532632,0.000532632
1774095654714,0.118652,-0.187012,0.992188,0.00106526,0,-0.000532632
1774095654795,0.119629,-0.187988,0.992676,0.000532632,0,-0.000532632
1774095654866,0.119629,-0.186035,0.993652,0,-0.000532632,0
1774095654946,0.117188,-0.186523,0.993652,0,-0.00106526,0
1774095655016,0.119141,-0.18457,0.993652,0,0,0
1774095655097,0.120117,-0.185547,0.995117,0.000532632,-0.00106526,-0.000532632
1774095655178,0.119141,-0.188477,0.994141,0,0,-0.00106526
1774095655248,0.118652,-0.1875,0.992188,-0.00106526,0.00106526,-0.000532632
1774095655329,0.118652,-0.187012,0.992188,0,-0.00106526,0.000532632
1774095655410,0.116699,-0.187012,0.993652,0,-0.00106526,0
1774095655480,0.117676,-0.185547,0.992676,-0.000532632,0,0
1774095655561,0.116211,-0.187012,0.993652,0.000532632,0,0
1774095655641,0.118652,-0.186035,0.992188,0.000532632,-0.00106526,0.00106526
1774095655712,0.117676,-0.1875,0.993652,0,0,0
1774095655792,0.118652,-0.187012,0.993164,0,-0.00106526,-0.000532632
1774095655873,0.118652,-0.187988,0.993652,0,-0.000532632,-0.000532632
1774095655943,0.117676,-0.187012,0.993164,-0.000532632,-0.0015979,-0.000532632
1774095656024,0.120117,-0.186523,0.992676,-0.000532632,-0.000532632,0.000532632
1774095656104,0.117676,-0.186035,0.994141,0,-0.000532632,0
1774095656175,0.119629,-0.1875,0.994629,0.00106526,0.000532632,0
1774095656255,0.118164,-0.187988,0.993164,-0.000532632,0,0.000532632
1774095656326,0.116699,-0.185547,0.993652,0,-0.000532632,-0.000532632
1774095656407,0.118164,-0.1875,0.993164,-0.000532632,-0.000532632,0
1774095656487,0.120117,-0.185547,0.994141,0,0,0.000532632
1774095656558,0.117676,-0.186523,0.992188,0.000532632,-0.000532632,0.000532632
1774095656638,0.119629,-0.187012,0.993652,0,-0.000532632,-0.000532632
1774095656719,0.116699,-0.188477,0.993164,0.000532632,-0.00106526,0
1774095656789,0.118164,-0.185059,0.995117,0,-0.000532632,0.00106526
1774095656870,0.118652,-0.185059,0.992676,0,0,0
1774095656950,0.120117,-0.187012,0.992676,-0.000532632,-0.00106526,0.000532632
1774095657021,0.118164,-0.185547,0.993652,-0.000532632,0.000532632,-0.000532632
1774095657101,0.120117,-0.186523,0.993652,0,-0.000532632,0.00106526
1774095657182,0.117188,-0.187012,0.993164,-0.000532632,-0.00106526,0.000532632
1774095657252,0.119141,-0.1875,0.995605,-0.000532632,0,0.000532632
1774095657333,0.119629,-0.186523,0.993164,0.000532632,0,-0.000532632
1774095657403,0.119629,-0.187988,0.993164,0,-0.0015979,0
1774095657484,0.117676,-0.186035,0.993164,0,-0.00106526,0
1774095657565,0.115723,-0.188965,0.993652,-0.000532632,-0.000532632,0.000532632
1774095657635,0.120117,-0.186035,0.993164,0,-0.00106526,0.000532632
1774095657716,0.116699,-0.1875,0.992676,0.000532632,-0.00106526,0.000532632
1774095657796,0.116699,-0.186523,0.992676,0,-0.00106526,-0.000532632
1774095657867,0.119629,-0.187012,0.994629,0,-0.000532632,-0.000532632
1774095657947,0.119629,-0.1875,0.993652,-0.000532632,0.00106526,-0.000532632
1774095658028,0.118164,-0.187012,0.992676,0,-0.00106526,0.00106526
1774095658098,0.117188,-0.186035,0.993652,-0.000532632,0,-0.000532632
1774095658179,0.118164,-0.186523,0.994629,-0.000532632,-0.000532632,0
1774095658259,0.118164,-0.187988,0.993652,0.000532632,-0.000532632,-0.000532632
1774095658330,0.118164,-0.186035,0.992188,0,-0.00106526,0
1774095658410,0.119629,-0.187012,0.993652,0,-0.00106526,0
1774095658491,0.118652,-0.188965,0.994141,0,0,0
1774095658562,0.117188,-0.186523,0.993652,0.000532632,-0.00106526,-0.000532632
1774095658642,0.118164,-0.1875,0.993164,0,0,0
1774095658712,0.117188,-0.187012,0.991699,0,-0.000532632,-0.0015979
1774095658793,0.117676,-0.1875,0.993164,0,-0.00106526,0
1774095658874,0.116699,-0.187012,0.994141,-0.000532632,0,0
1774095658944,0.119629,-0.187012,0.991699,-0.0015979,-0.000532632,0.000532632
1774095659025,0.119141,-0.186523,0.994141,0,-0.000532632,0.00106526
1774095659105,0.117188,-0.188477,0.992188,0.000532632,-0.000532632,0.0015979
1774095659176,0.117188,-0.188477,0.993652,0,0,0.000532632
1774095659257,0.117676,-0.185059,0.994141,-0.000532632,0.000532632,0.000532632
1774095659337,0.118652,-0.186035,0.990234,0.00106526,-0.00106526,-0.000532632
1774095659407,0.117188,-0.186035,0.994629,-0.000532632,0,0
1774095659488,0.117676,-0.186523,0.993164,-0.000532632,0,0.000532632
1774095659568,0.115234,-0.186523,0.993652,-0.000532632,-0.000532632,0.00106526
1774095659639,0.118164,-0.185547,0.994141,0,0,0
1774095659719,0.117676,-0.186523,0.991699,0.000532632,-0.000532632,0
1774095659800,0.119141,-0.187988,0.991699,0.000532632,-0.000532632,0
1774095659870,0.119141,-0.186523,0.991699,-0.000532632,-0.000532632,0
1774095659951,0.118164,-0.188477,0.995605,0,-0.000532632,0
1774095660022,0.118164,-0.1875,0.992676,-0.000532632,0,0
1774095660102,0.116211,-0.186035,0.995117,-0.000532632,-0.000532632,0.000532632
1774095660183,0.118164,-0.186035,0.994141,0.000532632,-0.00106526,0
1774095660253,0.117188,-0.1875,0.993164,0.000532632,-0.000532632,-0.00106526
1774095660334,0.117188,-0.185547,0.993652,0,-0.00106526,0
1774095660414,0.117188,-0.188477,0.995605,0,-0.00106526,0
1774095660485,0.120605,-0.188477,0.991699,0,0,0.0015979
1774095660566,0.117676,-0.187988,0.990723,0.000532632,-0.00106526,0
1774095660646,0.119141,-0.186523,0.993652,-0.000532632,0,-0.000532632
1774095660717,0.119141,-0.186523,0.994629,-0.000532632,-0.000532632,-0.000532632
1774095660797,0.119141,-0.186035,0.994141,-0.00106526,-0.000532632,0.00106526
1774095660878,0.119141,-0.187012,0.992676,0,-0.00106526,-0.00106526
1774095660948,0.117676,-0.187012,0.994141,-0.000532632,-0.000532632,-0.000532632
1774095661029,0.118652,-0.188477,0.992676,0,-0.000532632,0
1774095661099,0.118164,-0.187012,0.993164,0.00106526,0.000532632,0
1774095661180,0.118652,-0.187012,0.993652,0,-0.000532632,0.00106526
1774095661260,0.117676,-0.1875,0.992188,0.000532632,0,0
1774095661331,0.119141,-0.1875,0.993652,-0.000532632,-0.000532632,-0.00106526
1774095661411,0.119629,-0.186523,0.994141,0,0,-0.000532632
1774095661492,0.116699,-0.187012,0.993164,-0.000532632,-0.00106526,0.000532632
1774095661562,0.118652,-0.188477,0.992676,0.000532632,-0.000532632,0.000532632
1774095661643,0.119629,-0.187012,0.992676,0,0,0
1774095661723,0.115234,-0.186035,0.992676,0.000532632,-0.000532632,-0.000532632
1774095661794,0.118164,-0.186523,0.994141,0.000532632,0,-0.000532632
1774095661875,0.118652,-0.186523,0.994629,-0.000532632,0,0
1774095661956,0.118164,-0.185547,0.993652,-0.000532632,-0.00106526,-0.000532632
1774095662026,0.120605,-0.187988,0.993652,-0.000532632,-0.00106526,0.000532632
1774095662107,0.119629,-0.186523,0.994629,0.000532632,-0.000532632,0.000532632
1774095662177,0.119629,-0.186523,0.993164,0.000532632,-0.000532632,0.000532632
1774095662258,0.119629,-0.186523,0.991699,-0.000532632,-0.00106526,0
1774095662338,0.118164,-0.186035,0.994141,0.000532632,-0.00106526,-0.00106526
1774095662409,0.118164,-0.189453,0.993164,-0.00106526,-0.000532632,0
1774095662489,0.116699,-0.185547,0.993652,0.000532632,-0.00106526,0.000532632
1774095662570,0.116699,-0.186035,0.993164,0,-0.00106526,0
1774095662640,0.116211,-0.1875,0.995117,0,0.000532632,0
1774095662721,0.119629,-0.185547,0.993164,0,-0.000532632,0.00106526
1774095662801,0.119141,-0.186523,0.994629,0,0,-0.000532632
1774095662872,0.118164,-0.186035,0.992676,-0.00106526,-0.000532632,0
1774095662953,0.119141,-0.185547,0.994141,0,0,0
1774095663033,0.119629,-0.185547,0.995117,0.000532632,-0.000532632,0
1774095663103,0.117676,-0.188477,0.994141,0.00106526,-0.000532632,0
1774095663184,0.119629,-0.186523,0.993164,0.000532632,0,0
1774095663264,0.120117,-0.186523,0.993652,-0.000532632,0,0
1774095663335,0.118652,-0.185547,0.994141,-0.000532632,-0.00106526,0.000532632
1774095663415,0.117188,-0.186523,0.993652,0.000532632,-0.000532632,0.000532632
1774095663496,0.118652,-0.187988,0.992676,0.000532632,0,-0.00106526
1774095663567,0.119141,-0.185547,0.993652,0,-0.000532632,0.000532632
1774095663647,0.116699,-0.186523,0.994629,-0.000532632,-0.00106526,0
1774095663718,0.118652,-0.187988,0.992676,-0.000532632,-0.000532632,0
1774095663798,0.120605,-0.184082,0.991211,-0.000532632,-0.000532632,0
1774095663879,0.117188,-0.188477,0.993164,0.000532632,-0.000532632,0
1774095663949,0.118164,-0.187012,0.993652,0,-0.000532632,0
1774095664030,0.117188,-0.185547,0.993652,0,0,0
1774095664110,0.116699,-0.1875,0.993164,0,0,0.000532632
1774095664182,0.117188,-0.186035,0.994141,0.00106526,0,-0.00106526
1774095664261,0.119629,-0.187012,0.995117,0,-0.000532632,0
1774095664342,0.119629,-0.185059,0.993652,0,-0.000532632,-0.000532632
1774095664412,0.119629,-0.187012,0.993164,0,-0.000532632,0
1774095664493,0.118652,-0.1875,0.993652,0,-0.000532632,0.00106526
1774095664573,0.118164,-0.186035,0.992676,0,-0.000532632,-0.000532632
1774095664644,0.119141,-0.186035,0.995117,0,-0.000532632,0
1774095664724,0.115723,-0.185547,0.992676,0,-0.000532632,0
1774095664795,0.118164,-0.1875,0.992676,0.000532632,-0.000532632,0
1774095664876,0.117676,-0.187012,0.992676,0,0,0.000532632
1774095664956,0.118652,-0.186035,0.995117,-0.000532632,-0.0015979,0.000532632
1774095665027,0.118652,-0.187012,0.993652,0.000532632,0,0.000532632
1774095665107,0.117188,-0.187012,0.994629,-0.00106526,-0.000532632,-0.000532632
1774095665188,0.118164,-0.187988,0.993164,0.00106526,-0.000532632,0
1774095665258,0.120117,-0.186523,0.994141,-0.000532632,0,0.00106526
1774095665339,0.118164,-0.186035,0.994141,0,-0.00106526,0.000532632
1774095665420,0.116699,-0.186035,0.992676,-0.000532632,-0.000532632,0
1774095665490,0.115723,-0.188477,0.994141,0.00106526,-0.00106526,-0.000532632
1774095665570,0.120117,-0.186523,0.993652,0,-0.00106526,-0.0015979
1774095665651,0.119629,-0.186035,0.993164,0,-0.000532632,-0.000532632
1774095665721,0.119141,-0.187988,0.995117,0.000532632,0,0.000532632
1774095665802,0.116699,-0.185547,0.994629,0.000532632,-0.000532632,0
1774095665883,0.117676,-0.186523,0.993164,0,0,-0.000532632
1774095665953,0.119141,-0.185547,0.993164,0,-0.000532632,0.000532632
1774095666034,0.119141,-0.186035,0.994629,0,0,0
1774095666104,0.120117,-0.187988,0.994629,0,0,0
1774095666185,0.118652,-0.1875,0.995117,0,-0.000532632,0.00106526
1774095666265,0.116211,-0.187012,0.991699,-0.000532632,-0.000532632,0
1774095666336,0.117188,-0.188965,0.992676,0,-0.000532632,0
1774095666416,0.115234,-0.186523,0.994629,-0.000532632,-0.00106526,0
1774095666497,0.118164,-0.185059,0.992676,0,-0.000532632,0
1774095666567,0.117188,-0.187012,0.992188,0,0,-0.00106526
1774095666648,0.117676,-0.1875,0.994141,-0.000532632,-0.000532632,0
1774095666729,0.118652,-0.185547,0.992188,0.000532632,-0.00106526,0.000532632
1774095666799,0.119141,-0.187988,0.994141,0,0,0
1774095666880,0.117676,-0.186523,0.994629,0.000532632,-0.000532632,0.000532632
1774095666960,0.119141,-0.186523,0.993652,-0.000532632,0.000532632,0.000532632
1774095667031,0.116699,-0.185547,0.992188,0.000532632,-0.000532632,0
1774095667111,0.118164,-0.186523,0.995117,0,-0.000532632,-0.000532632
1774095667192,0.117188,-0.187012,0.993652,0,0.000532632,0
1774095667262,0.118652,-0.187012,0.991211,0.00106526,0,0.000532632
1774095667343,0.117676,-0.188477,0.992188,0,0,-0.000532632
1774095667413,0.119141,-0.186035,0.993652,0.000532632,0,-0.000532632
1774095667494,0.119629,-0.1875,0.993652,-0.00106526,-0.000532632,0.0015979
1774095667574,0.117188,-0.188477,0.994141,0,0,0
1774095667645,0.118652,-0.1875,0.992676,-0.000532632,-0.00106526,0.000532632
1774095667725,0.117676,-0.188965,0.991699,0,0,0
1774095667806,0.117676,-0.1875,0.993652,-0.000532632,0,-0.000532632
1774095667876,0.117676,-0.185059,0.992188,0,-0.000532632,-0.000532632
1774095667957,0.116699,-0.186523,0.992188,0.00106526,0,-0.0015979
1774095668038,0.117676,-0.186035,0.993652,0,0,0.000532632
1774095668108,0.118164,-0.1875,0.993652,0,0,-0.000532632
1774095668189,0.117676,-0.187988,0.993164,0,-0.00106526,0.000532632
1774095668269,0.119629,-0.185547,0.994629,-0.000532632,-0.000532632,0
1774095668341,0.118652,-0.187012,0.993652,0.000532632,0.000532632,0.00106526
1774095668422,0.116211,-0.186523,0.992676,-0.000532632,-0.00106526,0.000532632
1774095668492,0.118164,-0.187988,0.994141,0,0,0
1774095668573,0.118652,-0.186035,0.993652,0,-0.00106526,0.000532632
1774095668653,0.120117,-0.185547,0.994141,0.000532632,-0.00213053,-0.00106526
1774095668724,0.117188,-0.186523,0.995605,0.000532632,0,0.000532632
1774095668804,0.118652,-0.1875,0.993652,0,-0.00106526,0
1774095668885,0.119629,-0.188477,0.993652,0,0,0.000532632
1774095668955,0.115723,-0.186523,0.994141,-0.000532632,-0.00106526,-0.000532632
1774095669036,0.118164,-0.187012,0.994141,0,0.000532632,0.000532632
1774095669117,0.118652,-0.187012,0.993164,0.000532632,-0.0015979,-0.000532632
1774095669187,0.118164,-0.186523,0.993652,-0.000532632,-0.00106526,0.000532632
1774095669268,0.117676,-0.186523,0.995117,0.000532632,-0.000532632,0.000532632
1774095669339,0.118164,-0.186035,0.993652,0.000532632,-0.000532632,0.000532632
1774095669419,0.118164,-0.186523,0.994141,0.000532632,-0.000532632,0.00106526
1774095669499,0.119629,-0.185547,0.993164,-0.000532632,0,-0.000532632
1774095669570,0.117676,-0.1875,0.994141,0.000532632,0.000532632,0
1774095669650,0.119629,-0.186523,0.994141,0,-0.00106526,-0.000532632
1774095669731,0.117676,-0.189453,0.993164,0,-0.000532632,0.000532632
1774095669801,0.117676,-0.187988,0.995117,0.00106526,-0.00106526,-0.000532632
1774095669882,0.117676,-0.187012,0.994141,-0.000532632,-0.000532632,-0.000532632
1774095669963,0.117188,-0.1875,0.993652,0.000532632,0.000532632,-0.000532632
1774095670033,0.119629,-0.186035,0.993652,0,-0.00106526,0.000532632
1774095670114,0.116699,-0.185059,0.993652,-0.000532632,-0.0015979,0
1774095670194,0.117188,-0.187012,0.992676,-0.000532632,-0.00106526,-0.000532632
1774095670265,0.117676,-0.187012,0.992188,0.000532632,0,0
1774095670345,0.119141,-0.188477,0.992188,0.000532632,-0.000532632,0.000532632
1774095670426,0.118652,-0.186523,0.993164,0,-0.000532632,0.000532632
1774095670496,0.119629,-0.186523,0.995117,0.000532632,-0.00106526,0.000532632
1774095670577,0.117188,-0.188477,0.993652,0,-0.000532632,-0.000532632
1774095670647,0.118164,-0.18457,0.994629,0.00106526,0,0.000532632
1774095670728,0.117188,-0.186523,0.994141,0,0.000532632,0.000532632
1774095670808,0.118164,-0.187012,0.992676,0,0.000532632,0
1774095670879,0.119141,-0.1875,0.991211,-0.000532632,0,0.000532632
1774095670959,0.118164,-0.185547,0.994141,0.00106526,0.000532632,-0.000532632
1774095671040,0.117676,-0.186035,0.993652,-0.000532632,-0.00106526,0.000532632
1774095671110,0.119629,-0.187012,0.993652,0,0,-0.000532632
1774095671191,0.116699,-0.187988,0.991211,-0.000532632,-0.000532632,0.000532632
1774095671271,0.118164,-0.1875,0.992188,0.00106526,-0.0015979,-0.000532632
1774095671342,0.117188,-0.187988,0.993652,-0.000532632,-0.000532632,0.000532632
1774095671423,0.119629,-0.186035,0.994141,-0.000532632,-0.000532632,0
1774095671503,0.117188,-0.186035,0.994141,-0.000532632,0,0
1774095671574,0.116699,-0.1875,0.993652,0.000532632,0,0.000532632
1774095671654,0.118652,-0.186523,0.994141,0.000532632,-0.000532632,-0.000532632
1774095671735,0.117676,-0.188477,0.994141,-0.00106526,0,-0.000532632
1774095671805,0.119141,-0.1875,0.994141,0.00106526,-0.00106526,0
1774095671886,0.118652,-0.187988,0.993164,-0.000532632,-0.000532632,0
1774095671956,0.118164,-0.186523,0.991699,-0.000532632,0,0.00106526
1774095672037,0.118652,-0.189453,0.991699,0,0.000532632,-0.000532632
1774095672117,0.117188,-0.188477,0.992188,0.000532632,-0.00106526,0
1774095672188,0.118652,-0.187988,0.994141,0,-0.000532632,-0.000532632
1774095672269,0.118164,-0.1875,0.993652,0,0.000532632,0
1774095672349,0.116211,-0.187988,0.989746,0,-0.000532632,0.00106526
1774095672419,0.117188,-0.188965,0.993652,0.000532632,0.000532632,-0.000532632
1774095672500,0.119141,-0.187988,0.994141,0.000532632,-0.0015979,-0.000532632
1774095672580,0.119629,-0.186035,0.993164,0.000532632,-0.000532632,0.00106526
1774095672651,0.119629,-0.185547,0.994141,-0.000532632,-0.000532632,0
1774095672731,0.118652,-0.188477,0.993652,0.000532632,0,0
1774095672812,0.119141,-0.1875,0.994141,0,-0.00106526,-0.000532632
1774095672883,0.117188,-0.187988,0.992676,-0.000532632,-0.000532632,0.000532632
1774095672963,0.118652,-0.187012,0.993652,-0.000532632,-0.000532632,-0.000532632
1774095673043,0.117676,-0.1875,0.993164,0.000532632,-0.000532632,0.000532632
1774095673114,0.118164,-0.187012,0.994629,-0.000532632,-0.000532632,-0.00106526
1774095673195,0.117188,-0.187012,0.993164,-0.000532632,-0.000532632,-0.000532632
1774095673265,0.119141,-0.186035,0.994141,-0.00106526,-0.00106526,0
1774095673346,0.115723,-0.1875,0.992676,-0.000532632,0,0.000532632
1774095673426,0.118652,-0.186035,0.994141,0.000532632,0,-0.000532632
1774095673497,0.117188,-0.1875,0.992676,-0.000532632,0,-0.000532632
1774095673577,0.118164,-0.186523,0.991699,0,-0.00106526,0.00106526
1774095673658,0.117188,-0.187988,0.993164,0.000532632,-0.0015979,0.00106526
1774095673728,0.117188,-0.1875,0.991211,0,0,0.00106526
1774095673809,0.117676,-0.1875,0.994141,0,0,0
1774095673890,0.116211,-0.188477,0.994141,0.000532632,0.000532632,0.000532632
1774095673960,0.118652,-0.186035,0.992676,0,0,-0.000532632
1774095674041,0.116699,-0.186523,0.993652,0,0.000532632,0.000532632
1774095674121,0.119141,-0.186523,0.994141,0,-0.00106526,-0.00106526
1774095674192,0.117188,-0.189453,0.992676,0,0,0
1774095674272,0.117188,-0.187012,0.993164,-0.000532632,0.000532632,-0.000532632
1774095674343,0.116699,-0.187988,0.993652,-0.000532632,0.000532632,-0.000532632
1774095674423,0.120117,-0.185547,0.994141,0.000532632,0,0
1774095674504,0.116211,-0.185547,0.992188,0,-0.000532632,0
1774095674575,0.118652,-0.185547,0.992676,0,0.000532632,0
1774095674656,0.118164,-0.187988,0.993652,0,-0.00106526,0
1774095674736,0.118164,-0.188965,0.994141,-0.00106526,-0.000532632,-0.000532632
1774095674807,0.118652,-0.1875,0.991699,0.000532632,-0.000532632,0.000532632
1774095674887,0.116699,-0.185059,0.991699,0.000532632,0,-0.000532632
1774095674968,0.116699,-0.187012,0.992188,0.000532632,-0.000532632,0
1774095675038,0.119141,-0.186523,0.994629,0.00106526,-0.000532632,0.00106526
1774095675119,0.118164,-0.1875,0.993652,0,0.00106526,0.000532632
1774095675199,0.117676,-0.186523,0.992188,-0.000532632,0.000532632,0
1774095675270,0.118652,-0.1875,0.993164,0,-0.000532632,0.00106526
1774095675351,0.117188,-0.186035,0.993652,0.000532632,-0.000532632,0.000532632
1774095675421,0.117188,-0.187012,0.993164,-0.000532632,-0.00106526,-0.000532632
1774095675502,0.117188,-0.1875,0.994141,0,0,-0.000532632
1774095675582,0.118652,-0.186035,0.993652,-0.000532632,-0.00106526,0
1774095675653,0.117676,-0.187988,0.995117,0,-0.000532632,0
1774095675733,0.117676,-0.1875,0.993164,0.000532632,-0.000532632,0.000532632
1774095675814,0.117676,-0.187988,0.993164,0,-0.000532632,0
1774095675884,0.118652,-0.187012,0.992676,0.000532632,0,0
1774095675965,0.118652,-0.1875,0.995605,-0.00106526,-0.000532632,0
1774095676045,0.118164,-0.187988,0.993652,0,-0.00106526,0.000532632
1774095676116,0.117676,-0.187012,0.992188,0,-0.000532632,0
1774095676196,0.117676,-0.187012,0.995605,0.000532632,-0.00106526,0.000532632
1774095676277,0.118652,-0.186523,0.989746,0.00106526,-0.00106526,0.000532632
1774095676348,0.118652,-0.188477,0.993164,0.00106526,-0.00106526,-0.000532632
1774095676428,0.118164,-0.186523,0.992676,0,-0.000532632,0
1774095676509,0.117188,-0.186523,0.993164,0,-0.00106526,0.00106526
1774095676579,0.120117,-0.187988,0.993164,0,0,0.000532632
1774095676660,0.118652,-0.187012,0.994141,0.000532632,0,0
1774095676730,0.119629,-0.188477,0.992676,0.000532632,0,-0.000532632
1774095676811,0.117676,-0.187988,0.991699,0,0,-0.00106526
1774095676891,0.117188,-0.1875,0.993652,0.000532632,-0.00106526,0
1774095676962,0.118164,-0.187012,0.994629,0.000532632,0,-0.000532632
1774095677042,0.118164,-0.187988,0.994141,0.000532632,-0.00106526,0
1774095677123,0.115723,-0.188965,0.993164,0.000532632,-0.000532632,-0.000532632
1774095677194,0.118652,-0.188477,0.992188,0,-0.00106526,-0.00106526
1774095677274,0.116211,-0.1875,0.991699,-0.00106526,-0.000532632,0.000532632
1774095677354,0.118652,-0.186523,0.992188,0,-0.00106526,0
1774095677426,0.117676,-0.187988,0.993652,-0.00106526,0,-0.00106526
1774095677505,0.118652,-0.188477,0.992676,0.000532632,-0.00106526,-0.000532632
1774095677586,0.117188,-0.187988,0.993652,0,0,-0.000532632
1774095677656,0.117676,-0.186035,0.993164,0,-0.0015979,-0.00106526
1774095677737,0.119629,-0.185547,0.993164,-0.000532632,0,-0.000532632
1774095677817,0.119141,-0.186523,0.993652,-0.000532632,-0.00106526,-0.000532632
1774095677888,0.117188,-0.1875,0.993164,0,0,0.000532632
1774095677969,0.118652,-0.186523,0.993164,0,-0.00106526,0
1774095678039,0.118164,-0.187012,0.994629,0,-0.00106526,0.000532632
1774095678120,0.119629,-0.186035,0.992188,0.000532632,0,0.00106526
1774095678200,0.116699,-0.188477,0.993164,0,-0.00106526,-0.00106526
1774095678271,0.117676,-0.1875,0.992676,-0.000532632,-0.00106526,-0.000532632
1774095678351,0.119629,-0.188477,0.991699,-0.000532632,0,0
1774095678432,0.117676,-0.187012,0.992676,-0.000532632,-0.000532632,-0.00106526
1774095678502,0.117188,-0.186035,0.991211,0.000532632,-0.000532632,0.000532632
1774095678583,0.116211,-0.189453,0.991699,0.000532632,-0.000532632,-0.000532632
1774095678663,0.119141,-0.186035,0.993652,0.000532632,-0.00106526,0
1774095678734,0.118164,-0.1875,0.993164,0.000532632,0,0
1774095678815,0.117188,-0.186035,0.992188,0.000532632,-0.00106526,0
1774095678895,0.117676,-0.187988,0.993652,0,-0.00106526,0
1774095678966,0.118164,-0.1875,0.992676,-0.000532632,-0.000532632,0.000532632
1774095679046,0.118652,-0.185547,0.993164,-0.00106526,0,0.000532632
1774095679116,0.117188,-0.1875,0.993652,-0.000532632,-0.000532632,-0.000532632
1774095679197,0.118164,-0.187988,0.993164,0.000532632,-0.000532632,-0.000532632
1774095679278,0.116699,-0.188477,0.990723,0.000532632,0,0
1774095679348,0.120117,-0.185059,0.993164,-0.00106526,-0.000532632,0.000532632
1774095679429,0.118164,-0.185547,0.993164,0,-0.000532632,0
1774095679509,0.117676,-0.187988,0.992676,-0.000532632,0,0
1774095679580,0.118164,-0.185547,0.992188,-0.000532632,0,0
1774095679660,0.117676,-0.187988,0.991699,0,-0.00106526,0
1774095679741,0.116211,-0.186035,0.992676,0,-0.000532632,-0.000532632
1774095679811,0.117676,-0.185547,0.991211,0,0,0
1774095679892,0.118164,-0.187012,0.992676,0.000532632,-0.000532632,-0.000532632
1774095679972,0.117188,-0.1875,0.992676,0.000532632,-0.000532632,0
1774095680043,0.118164,-0.1875,0.991699,0.000532632,-0.0015979,0.000532632
1774095680123,0.117676,-0.185547,0.993652,0.000532632,-0.0015979,0.00106526
1774095680204,0.117676,-0.187012,0.994141,0,0,0
1774095680274,0.119141,-0.189453,0.992676,0,-0.00106526,0.000532632
1774095680355,0.117676,-0.187988,0.992676,-0.000532632,-0.00106526,-0.00106526
1774095680426,0.116211,-0.1875,0.992188,0.000532632,-0.000532632,-0.000532632
1774095680506,0.119141,-0.186523,0.993164,0,-0.000532632,0
1774095680587,0.115723,-0.187012,0.993164,-0.000532632,-0.000532632,0
1774095680657,0.117676,-0.187012,0.992188,-0.00106526,-0.000532632,-0.00106526
1774095680738,0.116699,-0.1875,0.992188,0.000532632,-0.00106526,-0.000532632
1774095680818,0.118652,-0.187988,0.990723,0,-0.000532632,0
1774095680889,0.117188,-0.1875,0.992188,0.00106526,0,0.000532632
1774095680969,0.117188,-0.186523,0.993652,0.000532632,-0.00106526,-0.000532632
1774095681050,0.116699,-0.187012,0.993652,0.00106526,0.000532632,0
1774095681121,0.116699,-0.187012,0.992676,0.000532632,-0.00106526,-0.000532632
1774095681202,0.118652,-0.189453,0.994141,0,-0.00106526,0.000532632
1774095681272,0.118652,-0.187012,0.992676,0.000532632,-0.00106526,0.000532632
1774095681353,0.118164,-0.185059,0.992188,-0.000532632,-0.000532632,0
1774095681433,0.117188,-0.188965,0.992676,0.000532632,0,0
1774095681504,0.116699,-0.1875,0.993164,0.000532632,-0.000532632,0.000532632
1774095681585,0.116211,-0.188477,0.992676,0,-0.000532632,0.0015979
1774095681665,0.118164,-0.186523,0.993652,-0.000532632,-0.00213053,0.000532632
1774095681736,0.118652,-0.186523,0.993164,0,-0.000532632,0.00106526
1774095681816,0.117676,-0.1875,0.992188,0,-0.000532632,0.000532632
1774095681897,0.117676,-0.188477,0.992676,0,-0.000532632,0.000532632
1774095681967,0.118652,-0.1875,0.993652,-0.000532632,-0.00106526,0
1774095682048,0.117676,-0.188477,0.994629,0,-0.00106526,0.000532632
1774095682128,0.117188,-0.186523,0.994629,0,0,0
1774095682199,0.118164,-0.186523,0.993652,0,-0.000532632,0
1774095682280,0.117188,-0.186523,0.992676,-0.000532632,-0.000532632,-0.00106526
1774095682350,0.118164,-0.1875,0.993652,0.000532632,-0.0015979,0.0015979
1774095682431,0.119141,-0.186523,0.994629,0.000532632,-0.00106526,-0.00106526
1774095682512,0.118164,-0.186523,0.996094,0.000532632,-0.000532632,-0.000532632
1774095682582,0.119141,-0.188965,0.993652,0.000532632,-0.000532632,-0.000532632
1774095682663,0.118164,-0.1875,0.992676,0,-0.0015979,-0.000532632
1774095682744,0.116699,-0.186523,0.994141,0,-0.00106526,0.000532632
1774095682814,0.118164,-0.187012,0.993652,0.000532632,-0.000532632,-0.00106526
1774095682895,0.117676,-0.186523,0.994141,0,0.000532632,0
1774095682975,0.116211,-0.1875,0.993652,0.00106526,-0.000532632,-0.000532632
1774095683046,0.117676,-0.186523,0.991699,-0.000532632,-0.000532632,0
1774095683126,0.117188,-0.186523,0.992188,-0.000532632,0.000532632,-0.00106526
1774095683207,0.118652,-0.188965,0.992188,0,-0.0015979,0.000532632
1774095683277,0.119141,-0.185547,0.993652,0,-0.000532632,-0.000532632
1774095683358,0.118652,-0.186523,0.993652,-0.00106526,-0.00106526,-0.000532632
1774095683428,0.118164,-0.186035,0.994141,0,-0.000532632,0.00106526
1774095683509,0.117676,-0.187012,0.994141,0.000532632,0,0.000532632
1774095683590,0.118164,-0.186523,0.995605,0.0015979,-0.00106526,0
1774095683660,0.120117,-0.188477,0.994141,0,-0.000532632,0
1774095683741,0.116211,-0.188477,0.995117,0.000532632,-0.00106526,-0.000532632
1774095683821,0.118164,-0.188477,0.991699,0,-0.0015979,0
1774095683891,0.116699,-0.187012,0.993652,-0.000532632,-0.000532632,-0.000532632
1774095683972,0.118652,-0.187012,0.992676,0.00106526,0,0
1774095684053,0.117676,-0.187012,0.994141,0,-0.000532632,0
1774095684123,0.119141,-0.188477,0.994141,0,-0.00106526,-0.000532632
1774095684204,0.117676,-0.188477,0.992676,0,-0.00106526,-0.000532632
1774095684284,0.119141,-0.186523,0.994141,0.000532632,-0.000532632,0
1774095684355,0.117676,-0.185547,0.993164,-0.000532632,-0.000532632,0.000532632
1774095684435,0.119629,-0.185059,0.992188,-0.000532632,0,-0.000532632
1774095684516,0.120117,-0.186035,0.994629,0,0.000532632,-0.000532632
1774095684587,0.119141,-0.18457,0.992676,0.000532632,0,0.000532632
1774095684667,0.118652,-0.186035,0.994629,-0.000532632,0,0
1774095684738,0.117676,-0.187012,0.992676,0.00106526,0,0
1774095684818,0.118164,-0.184082,0.993652,0,0.000532632,-0.000532632
1774095684899,0.119141,-0.183594,0.993164,0.00106526,-0.000532632,0.000532632
1774095684969,0.118652,-0.186035,0.992676,0.000532632,-0.000532632,0.000532632
1774095685050,0.119629,-0.186523,0.991211,-0.000532632,-0.000532632,-0.000532632
1774095685130,0.118164,-0.187012,0.992676,0.000532632,-0.0015979,0.00106526
1774095685201,0.118164,-0.188477,0.995117,0.000532632,-0.00213053,-0.00106526
1774095685281,0.117188,-0.18457,0.993652,-0.000532632,-0.000532632,0
1774095685362,0.119629,-0.187012,0.991699,-0.000532632,-0.000532632,0
1774095685433,0.118652,-0.186035,0.992676,0.000532632,-0.00106526,0.000532632
1774095685513,0.119629,-0.185547,0.994141,-0.000532632,-0.00106526,0
1774095685594,0.116699,-0.187988,0.992676,0,-0.000532632,0.00106526
1774095685664,0.117676,-0.185547,0.991699,0,-0.00106526,0.000532632
1774095685745,0.118164,-0.186035,0.994141,-0.000532632,0.000532632,-0.00106526
1774095685825,0.118652,-0.187988,0.992676,0.000532632,-0.00106526,-0.000532632
1774095685896,0.118652,-0.186523,0.995117,0.000532632,-0.00106526,-0.000532632
1774095685977,0.119141,-0.186523,0.992676,0.000532632,0,0
1774095686047,0.117676,-0.187988,0.992188,-0.000532632,0,0
1774095686128,0.116699,-0.185059,0.992676,0,-0.000532632,-0.000532632
1774095686208,0.117676,-0.188965,0.993652,0,-0.000532632,0
1774095686279,0.119141,-0.188477,0.992676,0.000532632,0.000532632,0
1774095686359,0.117676,-0.186523,0.991699,-0.00106526,-0.000532632,0
1774095686440,0.119629,-0.185547,0.994141,0.000532632,0,0.000532632
1774095686511,0.119629,-0.185547,0.992188,-0.000532632,-0.000532632,0
1774095686591,0.116211,-0.187012,0.992188,-0.000532632,-0.00106526,0
1774095686672,0.118164,-0.188965,0.993164,0.000532632,-0.000532632,0.0015979
1774095686742,0.117188,-0.187988,0.992188,0,-0.00106526,-0.0015979
1774095686823,0.116699,-0.186035,0.994141,0.000532632,-0.000532632,-0.000532632
1774095686903,0.118164,-0.188477,0.992676,0.000532632,0,0
1774095686974,0.117188,-0.1875,0.992676,0.000532632,0,0.000532632
1774095687054,0.119141,-0.185547,0.993652,0,0,0.000532632
1774095687125,0.117188,-0.186523,0.994141,0,0,0.000532632
1774095687205,0.117676,-0.1875,0.993164,0.00106526,0.000532632,-0.000532632
1774095687286,0.116699,-0.1875,0.993652,0.00106526,-0.0015979,-0.000532632
1774095687356,0.119629,-0.18457,0.995605,0,-0.00106526,0.000532632
1774095687437,0.119629,-0.187988,0.994141,0,-0.000532632,-0.00106526
1774095687518,0.115723,-0.187988,0.989746,-0.000532632,0.000532632,0.000532632
1774095687588,0.118164,-0.188477,0.992188,-0.000532632,-0.000532632,0
1774095687669,0.117676,-0.1875,0.991699,0.000532632,-0.0015979,0
1774095687749,0.119141,-0.187012,0.993164,-0.000532632,-0.000532632,0
1774095687820,0.118652,-0.187012,0.993164,0.000532632,0,0.000532632
1774095687900,0.117676,-0.19043,0.991211,0.000532632,-0.000532632,0
1774095687981,0.118164,-0.186035,0.991699,0,-0.00106526,-0.00106526
1774095688051,0.118652,-0.1875,0.991699,0,0.000532632,0
1774095688132,0.118164,-0.1875,0.993652,0,0,0
1774095688212,0.119629,-0.187988,0.991211,-0.000532632,-0.000532632,0.000532632
1774095688283,0.117676,-0.188477,0.992676,0,0.000532632,-0.000532632
1774095688363,0.118164,-0.188477,0.991699,0.000532632,-0.000532632,0
1774095688434,0.120605,-0.186035,0.993164,0.000532632,0,0
1774095688514,0.118652,-0.187988,0.993652,-0.000532632,-0.0015979,0
1774095688595,0.116699,-0.187988,0.992676,-0.000532632,-0.0015979,-0.000532632
1774095688665,0.115723,-0.188965,0.993652,0.00106526,-0.0015979,0.000532632
1774095688746,0.118164,-0.187012,0.991699,0.00106526,-0.00106526,0
1774095688826,0.117676,-0.1875,0.993652,0,0,0.00106526
1774095688897,0.118652,-0.187988,0.994141,-0.000532632,0,0
1774095688978,0.118164,-0.1875,0.992676,0.000532632,-0.000532632,-0.000532632
1774095689058,0.119629,-0.187988,0.994141,0,0,0.000532632
1774095689129,0.116211,-0.1875,0.993164,0,-0.00106526,0
1774095689209,0.119629,-0.187012,0.992188,0,0,-0.00106526
1774095689290,0.119141,-0.188477,0.993164,0.000532632,-0.000532632,0
1774095689360,0.118164,-0.187012,0.993652,-0.000532632,-0.000532632,0
1774095689441,0.118164,-0.186523,0.991699,0.000532632,0,0.00106526
1774095689511,0.116699,-0.185059,0.993652,0.0015979,-0.00106526,-0.000532632
1774095689592,0.117188,-0.185059,0.993164,-0.000532632,0,0.000532632
1774095689673,0.118652,-0.185059,0.993652,0.000532632,-0.000532632,0
1774095689743,0.117676,-0.187012,0.992188,0,-0.00106526,0.000532632
1774095689824,0.119141,-0.186523,0.991699,0,-0.000532632,0
1774095689904,0.118652,-0.1875,0.993652,0,0,0
1774095689975,0.118652,-0.1875,0.992188,0,-0.00106526,0
1774095690055,0.117676,-0.186035,0.994141,0.000532632,-0.000532632,-0.000532632
1774095690136,0.119141,-0.186035,0.993652,0,-0.00213053,-0.000532632
1774095690206,0.118652,-0.186035,0.994141,0,0,0.000532632
1774095690287,0.117188,-0.186035,0.992676,0,-0.000532632,0.000532632
1774095690367,0.118652,-0.1875,0.993652,0.000532632,0,0.000532632
1774095690438,0.117676,-0.187988,0.994141,0.000532632,-0.00106526,0.00106526
1774095690518,0.117188,-0.187012,0.992188,0.000532632,0,-0.000532632
1774095690599,0.118164,-0.1875,0.992188,-0.000532632,-0.00106526,-0.000532632
1774095690669,0.118164,-0.188477,0.991699,0,-0.000532632,0
1774095690750,0.119141,-0.1875,0.995117,0,-0.000532632,-0.000532632
1774095690820,0.119141,-0.185547,0.993652,0.000532632,-0.00106526,0.000532632
1774095690901,0.118164,-0.186523,0.993652,-0.000532632,0,0.000532632
1774095690981,0.119141,-0.187012,0.992676,0.000532632,-0.000532632,0
1774095691052,0.117188,-0.186035,0.994141,-0.000532632,0,0.000532632
1774095691132,0.116699,-0.187012,0.993164,-0.00106526,-0.000532632,-0.00106526
1774095691213,0.119141,-0.186035,0.994629,0,-0.000532632,0
1774095691283,0.119141,-0.186523,0.993652,0.000532632,-0.0015979,0.000532632
1774095691364,0.119141,-0.186523,0.993652,0.00106526,-0.000532632,0
1774095691445,0.119141,-0.186523,0.995117,-0.000532632,0,-0.000532632
1774095691515,0.120117,-0.185059,0.994141,-0.000532632,-0.00106526,-0.000532632
1774095691596,0.119629,-0.186035,0.993164,0.00106526,-0.000532632,0
1774095691676,0.119629,-0.187012,0.992676,0,-0.000532632,0.000532632
1774095691747,0.119629,-0.187012,0.993164,-0.000532632,-0.000532632,-0.000532632
1774095691827,0.117676,-0.187012,0.993164,-0.0015979,-0.00106526,-0.00106526
1774095691908,0.120117,-0.186035,0.994141,0.00106526,-0.000532632,0.000532632
1774095691978,0.120117,-0.185547,0.995605,0,-0.000532632,-0.000532632
1774095692059,0.117188,-0.187988,0.994629,0,-0.00106526,-0.000532632
1774095692129,0.116211,-0.187012,0.992676,0.000532632,0,0
1774095692210,0.119629,-0.1875,0.996094,0,-0.000532632,-0.000532632
1774095692291,0.118164,-0.186035,0.993164,0.00106526,0,0
1774095692361,0.118164,-0.187012,0.993652,0.000532632,0,-0.000532632
1774095692442,0.118164,-0.186523,0.993164,0,-0.000532632,0
1774095692522,0.116699,-0.186035,0.994141,-0.000532632,-0.00106526,-0.000532632
1774095692593,0.116699,-0.185547,0.994629,-0.000532632,-0.00106526,0.000532632
1774095692673,0.120117,-0.187012,0.994141,-0.000532632,-0.00106526,-0.000532632
1774095692754,0.118652,-0.1875,0.995117,-0.000532632,-0.00106526,0
1774095692824,0.119141,-0.188965,0.994141,0,0,-0.000532632
1774095692905,0.119629,-0.1875,0.993164,0,-0.00106526,0
1774095692985,0.119629,-0.186035,0.994141,0,0,0
1774095693056,0.117676,-0.186035,0.994629,0,0,0.000532632
1774095693136,0.116211,-0.1875,0.991699,0.000532632,-0.000532632,0.000532632
1774095693217,0.116211,-0.187012,0.993652,-0.000532632,-0.000532632,0
1774095693287,0.117188,-0.187012,0.992188,0,0,0.000532632
1774095693368,0.116211,-0.1875,0.994141,-0.00106526,-0.000532632,0.000532632
1774095693438,0.119629,-0.187988,0.993652,0.000532632,0,0
1774095693519,0.117676,-0.187012,0.994629,0.000532632,-0.0015979,0
1774095693600,0.117676,-0.1875,0.992676,0,0,-0.00106526
1774095693670,0.118652,-0.1875,0.993652,0,-0.00213053,0
1774095693751,0.119141,-0.185547,0.993164,0.00106526,-0.00106526,-0.000532632
1774095693831,0.116699,-0.186035,0.993652,0,-0.00106526,0.000532632
1774095693902,0.119141,-0.186523,0.995605,0,-0.000532632,0.000532632
1774095693982,0.118652,-0.187012,0.993652,0,-0.000532632,0.000532632
1774095694063,0.118652,-0.187012,0.992676,0.000532632,-0.00106526,0
1774095694133,0.120605,-0.186035,0.993164,-0.00106526,0,-0.00106526
1774095694214,0.118164,-0.187012,0.994629,0.000532632,-0.00106526,0.000532632
1774095694294,0.120117,-0.186523,0.993652,0.000532632,-0.000532632,-0.00106526
1774095694365,0.120605,-0.186035,0.992188,0,0,0.000532632
1774095694446,0.117676,-0.187988,0.991699,-0.000532632,-0.000532632,-0.000532632
1774095694526,0.116699,-0.1875,0.993652,-0.000532632,-0.000532632,-0.000532632
1774095694596,0.117188,-0.188477,0.994141,0,-0.00106526,0
1774095694677,0.118652,-0.187988,0.994141,0,-0.000532632,0.000532632
1774095694747,0.119141,-0.1875,0.992188,0.000532632,-0.000532632,0.000532632
1774095694828,0.119141,-0.186523,0.993652,0.000532632,-0.00106526,0.000532632
1774095694908,0.118164,-0.185547,0.994141,0.00106526,-0.000532632,-0.00106526
1774095694979,0.118164,-0.187012,0.994629,0,-0.00106526,0
1774095695059,0.118652,-0.1875,0.993652,-0.000532632,0.000532632,-0.000532632
1774095695140,0.118164,-0.186035,0.993164,0.000532632,-0.000532632,0.000532632
1774095695211,0.119629,-0.186523,0.992676,0,-0.00106526,0.000532632
1774095695291,0.119141,-0.187012,0.993652,0.00106526,-0.000532632,0.000532632
1774095695372,0.119141,-0.1875,0.995117,-0.000532632,-0.000532632,-0.0015979
1774095695442,0.118164,-0.187012,0.992676,0.00106526,-0.00106526,0.00106526
1774095695523,0.118652,-0.187988,0.993652,-0.000532632,0.000532632,0
1774095695603,0.119141,-0.188965,0.994141,-0.000532632,0,0.000532632
1774095695674,0.117676,-0.186523,0.992676,0,-0.00106526,0
1774095695754,0.116699,-0.186523,0.993652,-0.00106526,-0.000532632,0
1774095695835,0.119629,-0.186523,0.993652,0,-0.00106526,0
1774095695905,0.119629,-0.188477,0.994141,0.000532632,-0.000532632,-0.00106526
1774095695986,0.118652,-0.1875,0.993164,0.000532632,0,0
1774095696057,0.119629,-0.186523,0.992188,-0.00106526,-0.000532632,0.000532632
1774095696137,0.117188,-0.1875,0.992188,-0.00106526,-0.000532632,0
1774095696218,0.119141,-0.187988,0.992676,0,0,0
1774095696288,0.119629,-0.185547,0.993652,0,-0.000532632,-0.000532632
1774095696369,0.118164,-0.186523,0.992676,0,-0.000532632,0
1774095696449,0.118652,-0.186035,0.994141,-0.00106526,-0.000532632,0
1774095696520,0.118652,-0.185059,0.993652,0,-0.00106526,0
1774095696600,0.117676,-0.187012,0.993652,0,0,0.000532632
1774095696681,0.120605,-0.185547,0.992188,0,-0.0015979,0
1774095696751,0.119141,-0.1875,0.993652,0,-0.000532632,0.000532632
1774095696832,0.119141,-0.187012,0.993164,0.00106526,-0.0015979,0
1774095696912,0.119629,-0.186523,0.992676,0,-0.00106526,0
1774095696983,0.119629,-0.186035,0.991699,-0.000532632,-0.00106526,-0.000532632
1774095697063,0.118652,-0.185059,0.993652,-0.000532632,0.000532632,0
1774095697144,0.120117,-0.187012,0.993164,0,0,0
1774095697214,0.118164,-0.187012,0.992676,0,0,-0.000532632
1774095697295,0.119141,-0.185059,0.993164,0,-0.000532632,-0.000532632
1774095697365,0.119629,-0.185547,0.995117,0,-0.000532632,-0.000532632
1774095697447,0.115723,-0.187012,0.993164,0,-0.00106526,-0.000532632
1774095697527,0.118164,-0.185547,0.994141,-0.00106526,-0.00106526,0
1774095697597,0.118164,-0.186523,0.993164,0.000532632,-0.000532632,-0.00106526
1774095697678,0.117188,-0.188965,0.993652,-0.000532632,0,-0.000532632
1774095697759,0.117676,-0.185547,0.992188,0,-0.00106526,-0.000532632
1774095697829,0.118652,-0.186523,0.994629,-0.00106526,-0.000532632,0.000532632
1774095697910,0.118652,-0.186035,0.993164,-0.000532632,0.000532632,-0.00106526
1774095697990,0.117676,-0.188477,0.995117,-0.000532632,-0.000532632,-0.00106526
1774095698061,0.118652,-0.1875,0.992676,0.000532632,-0.000532632,0
1774095698141,0.117676,-0.187988,0.993652,-0.000532632,-0.00106526,-0.0015979
1774095698222,0.117188,-0.189453,0.993652,0,0.000532632,-0.00106526
1774095698292,0.118652,-0.187012,0.993164,0,-0.000532632,-0.00106526
1774095698373,0.117188,-0.187012,0.993164,0,-0.000532632,0
1774095698443,0.117676,-0.186523,0.990723,0.000532632,-0.00106526,0.00106526
1774095698524,0.118164,-0.1875,0.992676,-0.000532632,-0.00106526,-0.0015979
1774095698604,0.120605,-0.186523,0.993164,0.000532632,0.000532632,0
1774095698675,0.117676,-0.185547,0.993652,0,-0.0015979,0
1774095698755,0.118652,-0.186035,0.992676,0,-0.000532632,-0.000532632
1774095698836,0.117188,-0.186035,0.991699,0.000532632,-0.000532632,0.000532632
1774095698907,0.118164,-0.187988,0.993652,0,-0.00106526,-0.000532632
1774095698987,0.119141,-0.185547,0.994629,0,-0.000532632,0.000532632
1774095699068,0.117676,-0.186035,0.994629,0,-0.00106526,-0.000532632
1774095699138,0.118652,-0.187988,0.993652,0,-0.000532632,0.000532632
1774095699219,0.119141,-0.187012,0.993652,0,-0.00106526,0.000532632
1774095699299,0.117188,-0.1875,0.991211,0,0,0
1774095699370,0.118164,-0.186035,0.993164,0,-0.00106526,-0.000532632
1774095699450,0.118164,-0.186523,0.991211,0,-0.000532632,-0.000532632
1774095699531,0.115234,-0.186523,0.992676,0,-0.000532632,0.000532632
1774095699601,0.118164,-0.186523,0.993164,0.000532632,-0.00106526,0
1774095699683,0.118652,-0.187988,0.993652,-0.00106526,-0.00106526,0
1774095699752,0.118652,-0.185547,0.994141,-0.000532632,-0.000532632,0
1774095699833,0.118164,-0.187012,0.994141,0.00106526,-0.000532632,-0.00106526
1774095699913,0.119629,-0.186523,0.992188,0,-0.000532632,0.000532632
1774095699984,0.117188,-0.186523,0.992676,0,-0.000532632,-0.00106526
1774095700064,0.118164,-0.187012,0.992676,-0.000532632,0,0.000532632
1774095700145,0.118652,-0.188477,0.994141,0,-0.000532632,0.000532632
1774095700215,0.118652,-0.185059,0.994141,0.000532632,-0.000532632,0.000532632
1774095700296,0.117676,-0.185547,0.993652,0,-0.000532632,-0.000532632
1774095700376,0.120605,-0.185547,0.995117,0.000532632,0,0.00106526
1774095700447,0.118652,-0.187012,0.992188,-0.000532632,0,0.00106526
1774095700528,0.119141,-0.186523,0.992188,0,0,0.000532632
1774095700608,0.117188,-0.185059,0.995117,-0.000532632,0,-0.000532632
1774095700679,0.117676,-0.1875,0.994141,-0.000532632,-0.00106526,0
1774095700759,0.119141,-0.187012,0.993652,0.000532632,-0.000532632,0.00106526
1774095700840,0.117188,-0.185547,0.993164,-0.000532632,-0.00106526,0
1774095700910,0.116699,-0.187012,0.994141,0.00106526,-0.000532632,0.000532632
1774095700991,0.117676,-0.186035,0.993652,-0.000532632,0.000532632,0
1774095701061,0.119629,-0.188477,0.994141,-0.000532632,-0.000532632,0.000532632
1774095701142,0.119141,-0.186035,0.991211,-0.000532632,-0.000532632,0.000532632
1774095701222,0.118164,-0.186523,0.993652,0,0,0.00106526
1774095701293,0.118652,-0.1875,0.994141,0.00106526,0,-0.00106526
1774095701373,0.117676,-0.185547,0.992676,0,-0.000532632,-0.00106526
1774095701454,0.119141,-0.186523,0.993164,0,-0.00106526,0.000532632
1774095701524,0.119141,-0.185059,0.993652,0,-0.0015979,0
1774095701605,0.116699,-0.186523,0.994141,-0.000532632,-0.000532632,-0.000532632
1774095701685,0.118164,-0.185547,0.994141,0.00106526,0,-0.000532632
1774095701756,0.119629,-0.187988,0.994629,0,-0.000532632,0
1774095701836,0.117188,-0.188965,0.993164,0.000532632,0,0.000532632
1774095701917,0.117676,-0.1875,0.993652,0,-0.000532632,-0.00106526
1774095701987,0.117676,-0.186035,0.994141,0.000532632,0,-0.00106526
1774095702068,0.117676,-0.18457,0.993164,0.000532632,0.000532632,0
1774095702148,0.119141,-0.186035,0.994629,-0.000532632,-0.000532632,0
1774095702219,0.116699,-0.187012,0.992676,0.000532632,-0.000532632,0
1774095702300,0.119141,-0.188477,0.993652,0,-0.000532632,0
1774095702370,0.118652,-0.186523,0.994629,0.000532632,-0.00106526,-0.000532632
1774095702451,0.117188,-0.188965,0.993164,0.0015979,-0.00106526,0.000532632
1774095702531,0.118652,-0.186523,0.993652,0.000532632,-0.00106526,0
1774095702602,0.118652,-0.187012,0.990723,0,-0.0015979,0
1774095702682,0.120117,-0.187988,0.994141,-0.000532632,-0.000532632,0.000532632
1774095702763,0.117676,-0.1875,0.992676,0,-0.000532632,0
1774095702833,0.119629,-0.185547,0.992676,-0.000532632,0,0
1774095702914,0.120117,-0.187012,0.993164,0.000532632,-0.0015979,0
1774095702994,0.117188,-0.187012,0.993652,-0.000532632,-0.00106526,-0.0015979
1774095703065,0.116699,-0.187012,0.994629,0,0,0
1774095703145,0.117676,-0.18457,0.994629,0.000532632,-0.00106526,0
1774095703226,0.118164,-0.186523,0.995117,0,-0.000532632,-0.000532632
1774095703296,0.120117,-0.186035,0.992676,0.000532632,-0.000532632,-0.000532632
1774095703377,0.117188,-0.1875,0.993652,0,-0.00106526,-0.000532632
1774095703458,0.119629,-0.1875,0.994141,-0.00106526,-0.00106526,-0.000532632
1774095703528,0.118164,-0.18457,0.992188,0.000532632,-0.00106526,0
1774095703609,0.120117,-0.1875,0.995117,-0.000532632,0,-0.000532632
1774095703679,0.117188,-0.185059,0.991699,0.000532632,-0.00106526,0
1774095703760,0.117676,-0.186523,0.994141,0.000532632,-0.00106526,0.000532632
1774095703840,0.118164,-0.186523,0.993164,-0.000532632,0,0
1774095703911,0.116699,-0.186523,0.993164,-0.000532632,-0.00106526,-0.000532632
1774095703991,0.118164,-0.189453,0.992676,0.000532632,-0.000532632,0.000532632
1774095704072,0.120605,-0.186523,0.992188,0,-0.00106526,0.000532632
1774095704142,0.120117,-0.186035,0.992676,0,-0.000532632,-0.0015979
1774095704223,0.117188,-0.186523,0.993164,0.000532632,-0.000532632,0.000532632
1774095704304,0.118164,-0.188477,0.994141,0,-0.00106526,-0.000532632
1774095704374,0.119629,-0.186035,0.994629,0,-0.00106526,0
1774095704454,0.118164,-0.187988,0.991699,0,-0.000532632,-0.000532632
1774095704535,0.117676,-0.1875,0.993164,-0.000532632,0,0.000532632
1774095704606,0.117188,-0.188477,0.992676,0.00106526,0,0
1774095704686,0.118652,-0.187988,0.991699,0,-0.000532632,-0.000532632
1774095704767,0.117676,-0.187988,0.993164,0.00106526,-0.0015979,0
1774095704837,0.117676,-0.186035,0.994141,0,-0.000532632,0
1774095704918,0.118652,-0.185547,0.992188,-0.000532632,-0.00106526,-0.00106526
1774095704988,0.117676,-0.186523,0.990234,-0.00106526,0,0.000532632
1774095705069,0.117188,-0.186035,0.994141,0.000532632,0.000532632,0.000532632
1774095705149,0.120605,-0.186523,0.993164,0,-0.000532632,0
1774095705220,0.117676,-0.1875,0.992676,0,0,-0.00106526
1774095705300,0.119629,-0.186523,0.992676,0,0.000532632,0.000532632
1774095705381,0.118164,-0.187012,0.991699,0,0,-0.000532632
1774095705451,0.117676,-0.187988,0.992676,0.000532632,-0.0015979,-0.000532632
1774095705532,0.118164,-0.185059,0.991699,0.000532632,-0.00106526,0
1774095705612,0.118164,-0.187988,0.991699,-0.00106526,0.000532632,0.000532632
1774095705683,0.118652,-0.185547,0.994141,-0.000532632,-0.000532632,0.000532632
1774095705763,0.118164,-0.186035,0.994629,0.000532632,-0.00106526,-0.000532632
1774095705844,0.119141,-0.187012,0.993164,0,-0.000532632,0
1774095705914,0.119629,-0.186035,0.993652,-0.000532632,-0.0015979,-0.000532632
1774095705995,0.118652,-0.187012,0.991699,0,0,0
1774095706076,0.116699,-0.1875,0.992676,0,-0.00106526,0.000532632
1774095706146,0.117188,-0.187012,0.993652,0,0,-0.000532632
1774095706227,0.118652,-0.188965,0.992676,0,-0.00106526,-0.000532632
1774095706297,0.118652,-0.186035,0.992676,-0.000532632,-0.00106526,0.000532632
1774095706378,0.117676,-0.185547,0.992188,0.00106526,-0.000532632,0.000532632
1774095706458,0.116699,-0.186035,0.993164,-0.000532632,-0.000532632,-0.000532632
1774095706529,0.117188,-0.1875,0.992188,-0.000532632,-0.00106526,-0.000532632
1774095706609,0.118164,-0.18457,0.992188,0,-0.00106526,-0.000532632
1774095706690,0.118164,-0.188965,0.992676,-0.000532632,0,-0.000532632
1774095706760,0.119141,-0.186523,0.993652,-0.00106526,-0.000532632,-0.000532632
1774095706841,0.119141,-0.185547,0.994141,-0.000532632,-0.000532632,-0.00106526
1774095706921,0.119629,-0.187012,0.994141,-0.000532632,-0.00106526,-0.000532632
1774095706992,0.119141,-0.186523,0.993652,0.000532632,-0.000532632,0
1774095707072,0.118164,-0.186035,0.993164,0.000532632,0,0.000532632
1774095707153,0.118164,-0.187012,0.990723,0.000532632,-0.00106526,0.000532632
1774095707223,0.118164,-0.186523,0.992188,-0.000532632,-0.00106526,0
1774095707304,0.118652,-0.186523,0.993164,0.000532632,-0.0015979,0.000532632
1774095707384,0.118164,-0.187012,0.992188,0,0,-0.000532632
1774095707455,0.118652,-0.187988,0.994141,-0.000532632,0.000532632,-0.000532632
1774095707535,0.118164,-0.1875,0.992676,0,0,-0.000532632
1774095707606,0.118164,-0.186035,0.994141,0,-0.00106526,0
1774095707687,0.119141,-0.185547,0.993164,-0.000532632,0.000532632,0
1774095707767,0.117188,-0.187012,0.994141,0.000532632,-0.000532632,0.000532632
1774095707838,0.117676,-0.188965,0.993652,0.000532632,-0.00106526,0
1774095707918,0.119141,-0.1875,0.990723,0,-0.00106526,0.00106526
1774095707999,0.116211,-0.186523,0.994141,0.000532632,-0.000532632,0
1774095708069,0.114746,-0.187988,0.993164,0.00106526,0,-0.00106526
1774095708150,0.119141,-0.1875,0.993164,0,0,0
1774095708230,0.118164,-0.187012,0.993164,0,0.000532632,0
1774095708301,0.118652,-0.185547,0.993652,0,-0.000532632,0.000532632
1774095708381,0.117188,-0.186523,0.991699,0.000532632,-0.00106526,-0.000532632
1774095708462,0.118164,-0.186523,0.994141,-0.00106526,-0.000532632,-0.00106526
1774095708532,0.116211,-0.186523,0.993652,-0.000532632,0,0
1774095708613,0.120117,-0.186523,0.994141,0,-0.000532632,0.000532632
1774095708683,0.119629,-0.187988,0.992676,0,-0.00106526,0
1774095708764,0.117676,-0.187012,0.996582,-0.000532632,0.000532632,0
1774095708845,0.118164,-0.186035,0.992188,0,-0.000532632,-0.000532632
1774095708915,0.119629,-0.19043,0.991211,0.00106526,-0.00106526,-0.000532632
1774095708995,0.116699,-0.188965,0.992676,-0.000532632,0.000532632,0.000532632
1774095709076,0.117676,-0.185547,0.993164,0,-0.00106526,-0.000532632
1774095709147,0.116211,-0.187988,0.993164,0,-0.000532632,0.00106526
1774095709227,0.117188,-0.1875,0.991699,-0.000532632,-0.000532632,-0.000532632
1774095709308,0.118652,-0.187012,0.992188,-0.000532632,-0.000532632,0
1774095709378,0.119629,-0.185059,0.992188,0,0.000532632,-0.00106526
1774095709459,0.117188,-0.186523,0.993164,0,-0.00106526,-0.00106526
1774095709539,0.118164,-0.187012,0.994141,-0.000532632,0,-0.000532632
1774095709610,0.116699,-0.188477,0.993652,0,-0.000532632,0.000532632
1774095709690,0.119629,-0.185547,0.995117,0,0,0.000532632
1774095709771,0.116211,-0.1875,0.993652,0,-0.000532632,-0.00106526
1774095709841,0.116699,-0.188477,0.992188,-0.000532632,-0.00106526,-0.00106526
1774095709922,0.116211,-0.186035,0.991699,0,-0.000532632,0
1774095709993,0.119629,-0.186523,0.993164,0,-0.00106526,0.000532632
1774095710073,0.117188,-0.186035,0.994141,0.000532632,-0.00106526,0
1774095710154,0.117676,-0.186523,0.992188,0,-0.00106526,-0.000532632
1774095710224,0.119141,-0.187012,0.992676,0.000532632,-0.000532632,-0.000532632
1774095710305,0.118652,-0.1875,0.993652,0.000532632,-0.000532632,0
1774095710385,0.119141,-0.187012,0.993652,0.000532632,-0.00106526,0.000532632
1774095710456,0.117676,-0.185547,0.991699,0,0,-0.000532632
1774095710536,0.118164,-0.1875,0.994629,0.000532632,-0.000532632,0.000532632
1774095710617,0.117188,-0.186035,0.993164,-0.000532632,-0.00106526,0.000532632
1774095710687,0.120117,-0.18457,0.994141,0.00106526,-0.00106526,0
1774095710768,0.117188,-0.1875,0.992188,0,-0.000532632,0
1774095710848,0.116699,-0.186523,0.993164,0,-0.00106526,-0.000532632
1774095710919,0.118164,-0.187988,0.993652,-0.000532632,0,0.000532632
1774095710999,0.119141,-0.187012,0.991699,0.00106526,0,0
1774095711080,0.118652,-0.186523,0.991211,0.000532632,0,0
1774095711150,0.118652,-0.1875,0.993652,0,-0.00106526,0.000532632
1774095711231,0.119141,-0.187012,0.991699,-0.000532632,0,-0.000532632
1774095711301,0.118164,-0.187988,0.992188,0,-0.000532632,0
1774095711382,0.120117,-0.186523,0.992188,-0.000532632,0.000532632,0.000532632
1774095711463,0.117676,-0.186523,0.993164,0.000532632,-0.000532632,0
1774095711533,0.117676,-0.188477,0.994141,0.000532632,-0.000532632,0
1774095711614,0.117676,-0.187012,0.993164,-0.000532632,-0.000532632,0
1774095711694,0.120605,-0.1875,0.995117,0.000532632,0,0
1774095711764,0.118652,-0.186523,0.993164,0,0.000532632,-0.00106526
1774095711845,0.119141,-0.187012,0.990723,-0.000532632,-0.000532632,0.000532632
1774095711926,0.117676,-0.187012,0.996094,0.000532632,-0.000532632,-0.00106526
1774095711996,0.118652,-0.188965,0.994141,0,-0.00106526,-0.000532632
1774095712077,0.118652,-0.187012,0.992676,-0.000532632,-0.0015979,-0.000532632
1774095712158,0.115723,-0.186035,0.993652,-0.000532632,-0.00106526,0
1774095712228,0.118164,-0.186035,0.991699,-0.000532632,-0.00106526,-0.00106526
1774095712309,0.119141,-0.186035,0.994629,0.00106526,0,0.000532632
1774095712389,0.118652,-0.187012,0.992676,0,-0.000532632,0.000532632
1774095712460,0.116699,-0.187012,0.992188,0.000532632,-0.000532632,0
1774095712540,0.119141,-0.186523,0.994629,0,0,0.000532632
1774095712611,0.117188,-0.186035,0.994141,-0.000532632,-0.000532632,0
1774095712692,0.117676,-0.186035,0.992676,0,-0.000532632,0.000532632
1774095712772,0.118652,-0.188477,0.992676,-0.000532632,-0.00106526,0
1774095712843,0.117188,-0.189453,0.993652,-0.000532632,0,-0.000532632
1774095712923,0.117188,-0.186523,0.994629,-0.000532632,-0.00106526,-0.000532632
1774095713004,0.119629,-0.186523,0.993652,0.000532632,0,0
1774095713074,0.117676,-0.185547,0.992676,-0.000532632,-0.000532632,0
1774095713155,0.116699,-0.186523,0.992676,0,0,0
1774095713236,0.117676,-0.187012,0.991699,-0.00106526,-0.0015979,0.000532632
1774095713306,0.118164,-0.186523,0.994141,0,-0.00106526,0
1774095713386,0.117188,-0.187012,0.994141,0,-0.000532632,-0.000532632
1774095713467,0.120605,-0.186523,0.993652,0,-0.000532632,0.00106526
1774095713537,0.116699,-0.187012,0.991699,-0.000532632,-0.000532632,-0.000532632
1774095713618,0.119629,-0.188477,0.993652,0,-0.000532632,0.000532632
1774095713688,0.119629,-0.1875,0.993164,0.000532632,-0.0015979,-0.00106526
1774095713769,0.119629,-0.186523,0.993652,-0.00106526,-0.00106526,0
1774095713850,0.118164,-0.188477,0.992188,0,-0.000532632,0
1774095713920,0.119141,-0.187012,0.993652,-0.000532632,-0.00106526,-0.00106526
1774095714001,0.119141,-0.186035,0.995117,0.00106526,-0.0015979,-0.000532632
1774095714081,0.118164,-0.186523,0.993652,0.000532632,0.000532632,0
1774095714152,0.119141,-0.1875,0.992188,0.000532632,-0.00106526,0.00106526
1774095714232,0.117188,-0.18457,0.993652,0,-0.00106526,0.000532632
1774095714313,0.116699,-0.1875,0.992188,-0.00106526,-0.00106526,-0.000532632
1774095714383,0.118652,-0.186035,0.993652,-0.00106526,-0.0015979,-0.000532632
1774095714465,0.118652,-0.185547,0.993164,0.000532632,0,0
1774095714544,0.119629,-0.186035,0.993164,-0.000532632,-0.00106526,0
1774095714615,0.120117,-0.187988,0.992676,-0.000532632,0,0
1774095714695,0.119141,-0.186523,0.992676,0,-0.000532632,0
1774095714776,0.119141,-0.186035,0.993164,0,-0.000532632,-0.000532632
1774095714846,0.118652,-0.1875,0.991699,0.000532632,-0.00106526,-0.000532632
1774095714927,0.117188,-0.186035,0.993164,-0.000532632,-0.00106526,0.00106526
1774095714998,0.116699,-0.187012,0.991699,0,-0.0015979,-0.000532632
1774095715078,0.120117,-0.1875,0.995117,0,0.000532632,0.000532632
1774095715159,0.117188,-0.186523,0.992188,-0.0015979,-0.000532632,-0.000532632
1774095715229,0.118652,-0.187012,0.993164,0.000532632,-0.000532632,-0.000532632
1774095715310,0.119141,-0.187012,0.992676,0.000532632,-0.000532632,0
1774095715390,0.118164,-0.187988,0.993652,0,0,0.0015979
1774095715461,0.118652,-0.187012,0.992188,0.000532632,-0.00106526,0
1774095715541,0.118164,-0.186035,0.993652,0,0,-0.000532632
1774095715622,0.118652,-0.187012,0.993164,-0.000532632,0,0
1774095715692,0.118652,-0.186035,0.993652,0,-0.000532632,-0.000532632
1774095715773,0.118652,-0.187012,0.993164,0,-0.00106526,-0.000532632
1774095715853,0.117188,-0.185547,0.992188,0,-0.000532632,-0.000532632
1774095715924,0.118164,-0.186035,0.991211,-0.00106526,0,0
1774095716005,0.119141,-0.183105,0.992676,-0.000532632,-0.0015979,0
1774095716085,0.118652,-0.186523,0.994629,-0.000532632,-0.000532632,0.000532632
1774095716156,0.120117,-0.186035,0.994141,0.000532632,0.000532632,-0.000532632
1774095716236,0.118652,-0.186035,0.994141,-0.000532632,0,-0.000532632
1774095716307,0.117188,-0.186035,0.993652,-0.000532632,-0.000532632,0
1774095716387,0.117188,-0.186035,0.992676,0.000532632,-0.000532632,0
1774095716468,0.115723,-0.189453,0.992676,0,-0.000532632,0
1774095716538,0.117676,-0.185059,0.994629,0,-0.00106526,-0.000532632
1774095716619,0.119141,-0.187988,0.991699,0,0,0
1774095716699,0.118164,-0.1875,0.994629,-0.000532632,-0.000532632,0.000532632
1774095716770,0.117676,-0.187012,0.995117,0.000532632,-0.000532632,0
1774095716850,0.117188,-0.1875,0.994141,0,-0.000532632,0
1774095716931,0.118164,-0.186035,0.992676,-0.000532632,0,0
1774095717001,0.119141,-0.187012,0.992676,-0.000532632,0,0
1774095717082,0.118164,-0.18457,0.994141,-0.000532632,0,0
1774095717162,0.118652,-0.188965,0.993652,0,-0.000532632,-0.00106526
1774095717233,0.118164,-0.186523,0.991699,-0.000532632,0,-0.000532632
1774095717314,0.117676,-0.188477,0.991699,0,-0.00106526,0.00106526
1774095717394,0.119629,-0.187012,0.993164,-0.000532632,-0.00106526,0
1774095717465,0.116211,-0.187012,0.994141,0,-0.000532632,-0.00106526
1774095717545,0.116699,-0.188965,0.992676,0,-0.000532632,0
1774095717616,0.117188,-0.186035,0.993164,0,-0.00106526,-0.000532632
1774095717696,0.116699,-0.188477,0.993652,0,0.000532632,0.000532632
1774095717777,0.118652,-0.186035,0.994141,0,-0.000532632,-0.000532632
1774095717847,0.117676,-0.186035,0.992676,-0.0015979,-0.000532632,0.000532632
1774095717928,0.118164,-0.187012,0.992188,0.00106526,-0.00106526,0.000532632
1774095718008,0.117676,-0.187988,0.992676,0,-0.000532632,0.000532632
1774095718079,0.117676,-0.187012,0.992676,-0.000532632,-0.000532632,-0.000532632
1774095718159,0.117676,-0.187988,0.992676,0.000532632,-0.000532632,0
1774095718240,0.116211,-0.187012,0.993164,0,0,-0.000532632
1774095718310,0.119629,-0.186523,0.993652,0.000532632,-0.00106526,0.00106526
1774095718391,0.116699,-0.186523,0.995117,0,0,-0.00106526
1774095718471,0.117188,-0.187012,0.992676,0,-0.000532632,-0.00106526
1774095718542,0.118652,-0.1875,0.992188,-0.00106526,0,-0.000532632
1774095718623,0.116699,-0.1875,0.993652,0.00106526,-0.000532632,0
1774095718703,0.117676,-0.1875,0.993652,0.000532632,-0.000532632,-0.000532632
1774095718773,0.117676,-0.185547,0.993652,0,-0.0015979,0
1774095718854,0.118164,-0.1875,0.991211,-0.000532632,-0.00106526,-0.000532632
1774095718924,0.117188,-0.187012,0.993164,0.000532632,-0.000532632,0
1774095719005,0.117188,-0.188477,0.993652,0.000532632,0.000532632,0
1774095719086,0.117676,-0.186523,0.992188,0,-0.000532632,0.000532632
1774095719156,0.118652,-0.187988,0.991699,0,-0.000532632,0.000532632
1774095719237,0.118652,-0.188477,0.992188,0,-0.00213053,-0.000532632
1774095719317,0.117188,-0.188477,0.993652,0.000532632,-0.000532632,-0.000532632
1774095719388,0.119629,-0.185059,0.992676,0.00106526,-0.000532632,-0.000532632
1774095719468,0.119141,-0.187012,0.994141,0.000532632,0,-0.000532632
1774095719549,0.116211,-0.185059,0.993652,0,-0.000532632,-0.000532632
1774095719620,0.117676,-0.186523,0.991211,0,0,0
1774095719700,0.117188,-0.187012,0.993164,-0.000532632,0,0
1774095719781,0.118652,-0.185547,0.993164,-0.000532632,-0.0015979,0
1774095719851,0.118164,-0.187988,0.993164,0,-0.00106526,0.000532632
1774095719932,0.119141,-0.186035,0.993164,-0.000532632,-0.000532632,-0.00106526
1774095720002,0.118164,-0.187012,0.994141,-0.000532632,-0.00106526,0
1774095720083,0.116211,-0.189453,0.994141,0.000532632,-0.00106526,-0.00106526
1774095720163,0.118164,-0.186523,0.992188,0,-0.000532632,-0.000532632
1774095720234,0.118164,-0.1875,0.994141,0.00106526,0,-0.00106526
1774095720314,0.117676,-0.188965,0.993652,0,0,0.000532632
1774095720395,0.118652,-0.188965,0.994629,0,-0.000532632,0
1774095720465,0.116211,-0.186035,0.992676,-0.000532632,-0.00106526,0
1774095720546,0.116211,-0.1875,0.994141,0,0.000532632,0.000532632
1774095720626,0.117676,-0.187988,0.993164,0.000532632,-0.00106526,-0.00106526
1774095720697,0.115723,-0.1875,0.992188,-0.000532632,-0.0015979,0.000532632
1774095720777,0.117188,-0.185059,0.993652,-0.000532632,-0.000532632,-0.00106526
1774095720858,0.118164,-0.186035,0.990723,-0.000532632,0,0
1774095720928,0.119141,-0.185547,0.994141,0.00106526,-0.00106526,0.000532632
1774095721009,0.118164,-0.186523,0.994141,0.000532632,-0.000532632,0
1774095721090,0.117188,-0.185059,0.992676,0.000532632,-0.00106526,0
1774095721160,0.117676,-0.187988,0.991211,0.000532632,-0.0015979,-0.000532632
1774095721241,0.117188,-0.187012,0.993164,-0.000532632,-0.000532632,0.0015979
1774095721311,0.117188,-0.186035,0.991211,0,-0.000532632,0
1774095721392,0.117676,-0.1875,0.993164,0.00106526,-0.000532632,0
1774095721472,0.117676,-0.186035,0.993164,0,-0.000532632,0.000532632
1774095721543,0.117676,-0.187988,0.991699,0,-0.00106526,0
1774095721623,0.116699,-0.187988,0.994141,0.00106526,0,0.000532632
1774095721704,0.118164,-0.186523,0.990234,0.000532632,-0.00106526,-0.000532632
1774095721774,0.120117,-0.1875,0.994141,0,-0.000532632,0
1774095721855,0.117188,-0.186035,0.992188,0,0,-0.000532632
1774095721935,0.118164,-0.186035,0.992676,0,-0.00106526,0.000532632
1774095722006,0.118164,-0.1875,0.994141,0.00106526,-0.00106526,-0.000532632
1774095722086,0.118164,-0.186523,0.993164,-0.000532632,-0.000532632,0.000532632
1774095722167,0.116211,-0.187988,0.990723,0,-0.0015979,-0.00106526
1774095722237,0.119141,-0.187012,0.993164,-0.000532632,-0.0015979,-0.000532632
1774095722318,0.118652,-0.185547,0.991211,0.000532632,-0.000532632,0
1774095722398,0.117188,-0.186035,0.992188,-0.000532632,-0.000532632,-0.000532632
1774095722469,0.116699,-0.1875,0.993652,0.00106526,-0.00106526,0.000532632
1774095722549,0.117676,-0.184082,0.992676,-0.000532632,-0.00106526,0.00106526
1774095722630,0.117188,-0.185547,0.991699,0,-0.00106526,0.000532632
1774095722701,0.118164,-0.188477,0.992188,-0.000532632,-0.000532632,-0.000532632
1774095722781,0.119141,-0.1875,0.993164,-0.000532632,0,-0.000532632
1774095722852,0.118164,-0.186523,0.995117,0.000532632,-0.000532632,0
1774095722933,0.119141,-0.186035,0.993652,-0.000532632,-0.000532632,-0.000532632
1774095723013,0.118652,-0.1875,0.992188,0,-0.000532632,-0.000532632
1774095723084,0.117676,-0.1875,0.993652,-0.00106526,-0.00106526,0.000532632
1774095723166,0.116699,-0.1875,0.991699,-0.000532632,0,-0.000532632
1774095723244,0.117188,-0.187012,0.993164,0.000532632,-0.000532632,0
1774095723315,0.116211,-0.187988,0.992676,-0.000532632,-0.000532632,0
1774095723396,0.118164,-0.1875,0.994629,0,-0.000532632,0
1774095723476,0.117188,-0.186523,0.993652,0,-0.000532632,0.000532632
1774095723547,0.118652,-0.187988,0.991699,-0.00106526,0.000532632,-0.00106526
1774095723627,0.116699,-0.1875,0.993164,0.000532632,0,0
1774095723708,0.118652,-0.188477,0.989746,0,-0.00106526,0
1774095723778,0.119629,-0.186035,0.993164,0,0.000532632,0.000532632
1774095723859,0.118164,-0.187988,0.993652,0,-0.000532632,-0.000532632
1774095723929,0.118652,-0.187012,0.993164,0.000532632,-0.000532632,0.000532632
1774095724010,0.118164,-0.188965,0.991699,0,-0.000532632,-0.000532632
1774095724090,0.117676,-0.188477,0.994141,0,-0.000532632,-0.000532632
1774095724161,0.116211,-0.186523,0.990723,-0.00106526,-0.0015979,0
1774095724241,0.119141,-0.185059,0.993652,0,-0.000532632,0
1774095724322,0.118164,-0.187012,0.992676,-0.000532632,-0.000532632,0.000532632
1774095724392,0.118652,-0.186035,0.994141,-0.000532632,-0.000532632,0
1774095724473,0.118652,-0.187012,0.992188,0,0.000532632,-0.00106526
1774095724553,0.118652,-0.185547,0.992676,0,0.000532632,-0.0015979
1774095724624,0.118652,-0.187988,0.994629,0,-0.00106526,0
1774095724704,0.117676,-0.186035,0.994141,0.000532632,-0.000532632,0
1774095724785,0.117676,-0.187012,0.993164,-0.000532632,-0.00106526,0.000532632
1774095724855,0.119141,-0.185547,0.993164,0.000532632,-0.000532632,0
1774095724936,0.117676,-0.187988,0.992676,0,-0.000532632,-0.000532632
1774095725017,0.118164,-0.187012,0.992676,0,-0.000532632,0
1774095725087,0.118164,-0.187988,0.993164,-0.000532632,-0.000532632,0.00106526
1774095725168,0.117188,-0.187012,0.994141,0,-0.000532632,-0.000532632
1774095725238,0.116699,-0.188477,0.993652,0,0,-0.000532632
1774095725320,0.117676,-0.1875,0.993164,-0.00106526,-0.000532632,0.000532632
1774095725400,0.120117,-0.186523,0.995605,0.000532632,0.00106526,-0.000532632
1774095725470,0.118652,-0.188477,0.991699,0.000532632,0,0.000532632
1774095725551,0.115234,-0.187988,0.992188,-0.000532632,0,-0.00106526
1774095725631,0.120117,-0.186035,0.992676,0.000532632,0.00106526,0.000532632
1774095725702,0.115723,-0.186035,0.994141,0.000532632,-0.0015979,0
1774095725782,0.118164,-0.186035,0.992188,0,-0.00106526,0
1774095725863,0.119141,-0.186523,0.994141,0.000532632,-0.00106526,-0.000532632
1774095725933,0.116699,-0.186523,0.992188,0,-0.000532632,0
1774095726014,0.119629,-0.187988,0.991211,0.00106526,-0.000532632,0.000532632
1774095726094,0.117188,-0.188965,0.991699,0.000532632,-0.000532632,-0.000532632
1774095726165,0.118164,-0.186035,0.994629,0.000532632,-0.000532632,-0.000532632
1774095726245,0.116699,-0.187012,0.993652,0,-0.00106526,-0.000532632
1774095726326,0.118164,-0.187988,0.992188,0.000532632,-0.000532632,0
1774095726396,0.116699,-0.187012,0.993652,0.000532632,-0.000532632,0.000532632
1774095726478,0.117188,-0.186523,0.992188,0.00106526,-0.000532632,-0.00106526
1774095726548,0.117676,-0.185059,0.993652,0,0.000532632,-0.000532632
1774095726628,0.116699,-0.185547,0.993164,0,-0.000532632,-0.000532632
1774095726709,0.119141,-0.186035,0.994141,0.000532632,-0.000532632,-0.00106526
1774095726779,0.118652,-0.185547,0.993164,0.000532632,-0.0015979,0.000532632
1774095726860,0.116699,-0.187988,0.993652,0.000532632,-0.00106526,0
1774095726940,0.116699,-0.186523,0.992676,0,-0.00106526,0
1774095727011,0.117188,-0.185059,0.991211,0.00106526,-0.000532632,-0.000532632
1774095727091,0.117188,-0.188477,0.992676,-0.000532632,-0.00106526,0
1774095727172,0.117676,-0.186523,0.993164,0.00106526,0,0.00106526
1774095727242,0.117188,-0.187012,0.993164,0,0.000532632,0
1774095727323,0.117188,-0.186523,0.993652,0.000532632,0,0.000532632
1774095727403,0.116699,-0.187012,0.994629,0.00106526,-0.00106526,0.000532632
1774095727474,0.117676,-0.185059,0.993164,0,-0.000532632,-0.00106526
1774095727554,0.117188,-0.186523,0.992676,-0.00106526,0,0.000532632
1774095727625,0.116211,-0.188477,0.992676,0.00106526,-0.00106526,-0.00106526
1774095727706,0.117676,-0.186523,0.992188,0,-0.000532632,0
1774095727786,0.117676,-0.185059,0.993652,0.000532632,-0.00106526,0
1774095727856,0.116699,-0.186523,0.993164,0.000532632,-0.00106526,0
1774095727937,0.117188,-0.188477,0.993164,0,-0.00106526,0
1774095728018,0.118652,-0.186523,0.991699,-0.000532632,-0.00106526,0
1774095728088,0.118164,-0.189453,0.992676,-0.000532632,0.000532632,0.000532632
1774095728169,0.118164,-0.187988,0.992676,0.000532632,-0.0015979,-0.000532632
1774095728249,0.117188,-0.187012,0.991699,0,0,-0.000532632
1774095728320,0.117188,-0.187988,0.993652,-0.000532632,-0.00106526,0.00106526
1774095728400,0.117676,-0.186523,0.992676,0,-0.000532632,0
1774095728481,0.118652,-0.187988,0.992188,-0.000532632,-0.00106526,-0.000532632
1774095728551,0.116699,-0.1875,0.992676,0.00106526,0.000532632,-0.000532632
1774095728632,0.117676,-0.185547,0.994629,0.000532632,-0.000532632,0
1774095728712,0.117676,-0.186523,0.992188,-0.000532632,-0.000532632,0
1774095728783,0.117188,-0.186035,0.994629,0.000532632,0,-0.000532632
1774095728863,0.117676,-0.186523,0.992676,-0.000532632,-0.000532632,0
1774095728934,0.116211,-0.187988,0.993164,0,-0.000532632,0.000532632
1774095729014,0.117188,-0.1875,0.993652,0.000532632,0,-0.000532632
1774095729095,0.118164,-0.185059,0.991699,0.000532632,-0.000532632,0
1774095729165,0.120605,-0.18457,0.992676,0,0,-0.000532632
1774095729246,0.118164,-0.1875,0.993652,0.000532632,-0.00106526,0.000532632
1774095729327,0.116211,-0.188477,0.993164,-0.00106526,-0.00106526,-0.00106526
1774095729397,0.118164,-0.1875,0.992676,0.00106526,-0.00106526,0.000532632
1774095729478,0.119141,-0.188477,0.993652,0,-0.00106526,0.000532632
1774095729558,0.118652,-0.186523,0.990723,0,-0.000532632,0
1774095729630,0.118652,-0.186523,0.994629,-0.000532632,-0.000532632,-0.000532632
1774095729710,0.117676,-0.188965,0.993164,-0.000532632,0,0
1774095729790,0.116699,-0.187012,0.993164,0,-0.000532632,-0.000532632
1774095729861,0.120605,-0.186523,0.992188,-0.000532632,-0.000532632,0.00106526
1774095729941,0.118652,-0.185059,0.991699,0,0.000532632,-0.000532632
1774095730022,0.116211,-0.186523,0.993164,-0.00106526,-0.000532632,-0.00106526
1774095730092,0.118164,-0.188477,0.992188,0.000532632,-0.000532632,-0.000532632
1774095730173,0.120117,-0.1875,0.994141,0.000532632,0,-0.000532632
1774095730243,0.117188,-0.187988,0.994629,0.000532632,0,0.00106526
1774095730324,0.116699,-0.187988,0.994141,0.000532632,-0.00106526,0.000532632
1774095730405,0.118652,-0.186035,0.993652,0.000532632,0.000532632,0
1774095730475,0.118652,-0.185547,0.993652,0,-0.0015979,-0.0015979
1774095730555,0.118164,-0.187988,0.993164,0.000532632,-0.000532632,-0.000532632
1774095730636,0.116211,-0.186523,0.991699,0,-0.000532632,-0.000532632
1774095730707,0.116211,-0.1875,0.994629,0,-0.000532632,0.000532632
1774095730787,0.118652,-0.186523,0.993164,0,-0.00106526,-0.000532632
1774095730868,0.117188,-0.187988,0.995117,0.000532632,-0.000532632,0
1774095730938,0.118652,-0.186035,0.995605,-0.000532632,-0.000532632,0
1774095731019,0.117188,-0.186035,0.993652,0.000532632,0.000532632,0
1774095731099,0.118164,-0.186035,0.994141,0,-0.000532632,0
1774095731170,0.116699,-0.186523,0.993164,0.000532632,-0.000532632,0
1774095731250,0.117676,-0.188965,0.992188,0,-0.000532632,-0.000532632
1774095731331,0.120117,-0.186523,0.992676,-0.000532632,-0.000532632,0
1774095731401,0.117676,-0.187012,0.993652,0,-0.000532632,0
1774095731482,0.115234,-0.189453,0.992676,0,0,-0.000532632
1774095731553,0.116699,-0.1875,0.993164,-0.000532632,0,0
1774095731633,0.116699,-0.188965,0.992188,0,-0.00106526,-0.000532632
1774095731714,0.116211,-0.187012,0.992188,0.000532632,-0.00106526,0
1774095731784,0.116211,-0.1875,0.992676,0.000532632,0,0.000532632
1774095731865,0.118164,-0.1875,0.992676,0,0,0
1774095731945,0.116211,-0.1875,0.991211,0,0,-0.000532632
1774095732016,0.117676,-0.1875,0.993652,-0.000532632,-0.000532632,0
1774095732096,0.118652,-0.1875,0.993164,0,-0.0015979,0.00106526
1774095732177,0.118164,-0.188477,0.993164,-0.00106526,0,-0.000532632
1774095732247,0.118652,-0.186035,0.992188,0.00106526,-0.00106526,0
1774095732328,0.118164,-0.1875,0.994629,0.000532632,-0.000532632,-0.000532632
1774095732408,0.121094,-0.187012,0.994141,0,-0.000532632,-0.000532632
1774095732479,0.120117,-0.185059,0.994629,0,0,0
1774095732559,0.118164,-0.189453,0.992188,-0.000532632,-0.00106526,0.000532632
1774095732630,0.116699,-0.187012,0.991699,0.00106526,-0.00106526,0
1774095732710,0.117676,-0.186035,0.992188,0.000532632,-0.000532632,0.000532632
1774095732791,0.120117,-0.186035,0.993164,0.000532632,0.000532632,0.000532632
1774095732861,0.118652,-0.186523,0.994629,0,-0.0015979,-0.000532632
1774095732942,0.118164,-0.187012,0.992676,0,0.000532632,-0.000532632
1774095733023,0.119141,-0.1875,0.992676,0.000532632,-0.000532632,-0.000532632
1774095733093,0.119629,-0.186523,0.992676,0,-0.000532632,0.000532632
1774095733174,0.116211,-0.185059,0.994629,-0.000532632,0.000532632,-0.000532632
1774095733254,0.117188,-0.186523,0.991699,0.000532632,-0.000532632,0
1774095733325,0.116699,-0.185059,0.992676,-0.00106526,-0.000532632,0
1774095733405,0.117676,-0.186523,0.993164,-0.00106526,-0.000532632,-0.000532632
1774095733486,0.118652,-0.187012,0.992188,0,-0.0015979,0
1774095733556,0.116699,-0.186035,0.994141,0.000532632,-0.00106526,-0.000532632
1774095733637,0.117676,-0.187988,0.994141,0.00106526,0.000532632,0.00106526
1774095733717,0.119629,-0.186035,0.993164,0.000532632,0.000532632,0
1774095733788,0.117676,-0.186523,0.994141,0.000532632,0,0
1774095733868,0.119141,-0.187988,0.993164,0.000532632,-0.00106526,0.000532632
1774095733939,0.118652,-0.185547,0.992676,0,-0.00106526,0.000532632
1774095734019,0.118652,-0.1875,0.993164,-0.000532632,0,0.000532632
1774095734100,0.116699,-0.187988,0.993164,0.000532632,0,0
1774095734170,0.118164,-0.186523,0.993652,0,0,0.00106526
1774095734251,0.116699,-0.186523,0.990723,0,-0.000532632,0
1774095734332,0.116211,-0.187988,0.993164,0.000532632,-0.00106526,0
1774095734402,0.117188,-0.186035,0.992676,0,0,0
1774095734483,0.120117,-0.187012,0.993652,0.000532632,0.000532632,-0.000532632
1774095734563,0.118164,-0.188965,0.992188,-0.000532632,-0.00106526,0.000532632
1774095734634,0.115234,-0.187012,0.994141,-0.000532632,0,0.00106526
1774095734714,0.117676,-0.185547,0.992188,-0.000532632,-0.000532632,0
1774095734795,0.118652,-0.1875,0.995117,0.000532632,-0.000532632,-0.000532632
1774095734866,0.119141,-0.1875,0.993164,0.000532632,-0.000532632,0.000532632
1774095734946,0.117676,-0.186523,0.992188,0.000532632,-0.000532632,-0.0015979
1774095735026,0.117676,-0.188477,0.992188,0,0.00106526,0
1774095735097,0.116211,-0.187988,0.992676,0,-0.000532632,-0.000532632
1774095735177,0.118652,-0.185547,0.992676,0.000532632,0,0
1774095735248,0.118164,-0.187012,0.993652,0,-0.00106526,-0.00106526
1774095735328,0.118652,-0.18457,0.993164,0.000532632,-0.00106526,-0.000532632
1774095735409,0.116699,-0.187012,0.993652,-0.00106526,-0.000532632,0
1774095735479,0.120605,-0.186035,0.991699,0,-0.00106526,0.000532632
1774095735560,0.118652,-0.185547,0.992188,-0.000532632,-0.00106526,-0.000532632
1774095735641,0.118652,-0.187012,0.992676,0,-0.0015979,0.000532632
1774095735711,0.117676,-0.188477,0.994629,0,-0.000532632,-0.00106526
1774095735792,0.117188,-0.188965,0.993164,0,-0.00106526,-0.00106526
1774095735872,0.115723,-0.187988,0.994141,0.00106526,-0.00106526,0.000532632
1774095735943,0.117188,-0.187012,0.993652,0,-0.000532632,0
1774095736023,0.117188,-0.187988,0.993652,-0.000532632,-0.00106526,0.000532632
1774095736104,0.117188,-0.186523,0.994629,0.000532632,-0.00106526,0
1774095736174,0.117188,-0.1875,0.993164,-0.000532632,0,0.000532632
1774095736255,0.117676,-0.186523,0.991699,0,-0.00106526,0
1774095736335,0.115234,-0.185547,0.994141,-0.000532632,-0.00106526,0.00106526
1774095736406,0.116211,-0.187988,0.993164,-0.000532632,-0.000532632,0.000532632
1774095736487,0.117188,-0.187988,0.991699,-0.000532632,-0.000532632,-0.00106526
1774095736557,0.118652,-0.186035,0.991699,0,-0.000532632,-0.000532632
1774095736638,0.116699,-0.189453,0.992188,-0.000532632,-0.0015979,0
1774095736718,0.118164,-0.187988,0.992676,-0.00106526,-0.00106526,-0.00106526
1774095736789,0.120117,-0.186523,0.994629,-0.000532632,-0.00106526,0.000532632
1774095736869,0.115234,-0.187012,0.991699,0,0,0
1774095736950,0.117188,-0.18457,0.993164,0,-0.000532632,-0.000532632
1774095737020,0.117188,-0.187988,0.992676,0.00106526,-0.0015979,-0.000532632
1774095737101,0.116699,-0.187988,0.995605,-0.000532632,0,-0.000532632
1774095737181,0.118652,-0.185547,0.992676,0.000532632,-0.0015979,0
1774095737252,0.116699,-0.186035,0.994629,-0.000532632,0,0
1774095737332,0.118652,-0.187012,0.994141,-0.000532632,0,0.000532632
1774095737413,0.118652,-0.188965,0.991699,0,0,0.000532632
1774095737483,0.119629,-0.185547,0.991699,0,-0.000532632,-0.0015979
1774095737564,0.116211,-0.187012,0.992188,0.000532632,0,0
1774095737644,0.120605,-0.186523,0.992188,0,-0.00106526,-0.000532632
1774095737715,0.116699,-0.1875,0.991699,0,0,0.000532632
1774095737795,0.118652,-0.187988,0.992188,0,-0.000532632,0.000532632
1774095737866,0.119141,-0.1875,0.994141,-0.00106526,0,-0.000532632
1774095737947,0.117676,-0.187012,0.993652,0.000532632,0,0
1774095738027,0.117188,-0.187012,0.993164,0,-0.000532632,-0.000532632
1774095738098,0.119629,-0.186523,0.992188,-0.00106526,-0.0015979,-0.000532632
1774095738178,0.118652,-0.187988,0.994629,0,0,-0.000532632
1774095738259,0.118164,-0.187012,0.992676,0,-0.00106526,0
1774095738329,0.119141,-0.187012,0.994141,0,-0.0015979,-0.00106526
1774095738410,0.116699,-0.186035,0.992188,-0.000532632,-0.000532632,0
1774095738490,0.117188,-0.185059,0.993164,0.000532632,-0.000532632,0.000532632
1774095738561,0.118652,-0.186523,0.994629,-0.000532632,0,-0.00106526
1774095738642,0.116699,-0.185547,0.992188,-0.000532632,0,0
1774095738722,0.118652,-0.185547,0.992676,0.000532632,-0.000532632,-0.000532632
1774095738792,0.116699,-0.188965,0.991211,0,-0.000532632,-0.000532632
1774095738873,0.117676,-0.185059,0.993164,-0.000532632,0,0.000532632
1774095738943,0.120605,-0.187988,0.993652,0,0,0.000532632
1774095739024,0.117188,-0.188477,0.992676,-0.00106526,-0.000532632,0
1774095739104,0.119141,-0.185547,0.995605,0.000532632,-0.000532632,-0.00106526
1774095739175,0.118652,-0.187012,0.993652,0,-0.0015979,-0.000532632
1774095739256,0.118652,-0.185547,0.992188,-0.000532632,-0.000532632,0
1774095739336,0.117676,-0.1875,0.993164,-0.000532632,-0.00106526,0.000532632
1774095739407,0.117676,-0.187988,0.992676,0.000532632,-0.000532632,0
1774095739487,0.120117,-0.186035,0.993164,0,-0.00106526,0
1774095739568,0.117676,-0.187012,0.993652,-0.000532632,-0.000532632,0
1774095739638,0.118164,-0.184082,0.993652,0.000532632,-0.00106526,-0.000532632
1774095739719,0.118652,-0.187988,0.993652,0.000532632,-0.0015979,0
1774095739799,0.117676,-0.187012,0.991699,0,0,0.0015979
1774095739870,0.117188,-0.187988,0.993164,0.00106526,-0.000532632,0
1774095739950,0.118652,-0.186035,0.993164,0,-0.000532632,0.000532632
1774095740031,0.117676,-0.187012,0.992188,-0.000532632,-0.00106526,-0.00106526
1774095740101,0.117188,-0.186523,0.993652,0,-0.000532632,0
1774095740182,0.118652,-0.186523,0.994629,0,-0.000532632,-0.000532632
1774095740252,0.119629,-0.1875,0.991699,0,-0.000532632,0
1774095740333,0.117676,-0.186035,0.992188,0,-0.00213053,-0.000532632
1774095740414,0.119141,-0.186523,0.994141,-0.000532632,-0.000532632,-0.00106526
1774095740484,0.118652,-0.187988,0.994141,-0.000532632,-0.00106526,0.000532632
1774095740565,0.117188,-0.186523,0.990234,0,-0.00106526,0
1774095740645,0.118652,-0.186523,0.993164,0.000532632,-0.00106526,-0.000532632
1774095740716,0.119141,-0.186523,0.995117,0,0,-0.000532632
1774095740796,0.119629,-0.187988,0.992188,0.0015979,0,0
1774095740877,0.117676,-0.189453,0.993652,-0.000532632,-0.00106526,0.000532632
1774095740947,0.118164,-0.187012,0.993652,0,0,0
1774095741028,0.118652,-0.187012,0.994629,0.00106526,0,-0.000532632
1774095741108,0.117188,-0.186035,0.994141,0.000532632,0.000532632,-0.000532632
1774095741179,0.119629,-0.187988,0.992676,0,-0.000532632,0
1774095741259,0.117676,-0.187988,0.992188,0,-0.0015979,-0.000532632
1774095741340,0.118652,-0.187988,0.993164,0,-0.00106526,0
1774095741411,0.118652,-0.185547,0.992676,-0.000532632,0,-0.000532632
1774095741491,0.118164,-0.187012,0.992188,0,-0.00106526,-0.000532632
1774095741562,0.117188,-0.187988,0.990723,0.000532632,-0.00106526,-0.00106526
1774095741642,0.120117,-0.188477,0.992676,-0.000532632,-0.00106526,0.000532632
1774095741723,0.117676,-0.187012,0.992188,0,-0.00106526,0.00106526
1774095741793,0.119141,-0.186035,0.992676,0,-0.0015979,-0.000532632
1774095741874,0.119629,-0.185547,0.992676,0,0.000532632,0.000532632
1774095741954,0.118164,-0.187012,0.992676,0,0,-0.000532632
1774095742025,0.118164,-0.187012,0.992188,0,0,-0.000532632
1774095742105,0.119141,-0.187988,0.992188,0.000532632,-0.00106526,0.000532632
1774095742186,0.118164,-0.1875,0.992676,0,-0.000532632,-0.000532632
1774095742256,0.118164,-0.187012,0.992188,0,-0.00106526,0.000532632
1774095742337,0.119141,-0.187012,0.992188,-0.000532632,-0.00106526,0
1774095742418,0.119629,-0.185059,0.993164,0,0.000532632,0.000532632
1774095742488,0.118164,-0.187012,0.991211,0.000532632,0,0
1774095742569,0.116699,-0.185059,0.991211,-0.000532632,-0.000532632,0
1774095742649,0.118164,-0.187988,0.991211,0.000532632,-0.000532632,0.000532632
1774095742720,0.118164,-0.186035,0.993164,0.00106526,0.000532632,0
1774095742800,0.119141,-0.185547,0.992188,-0.000532632,0,0.000532632
1774095742871,0.117188,-0.187012,0.993164,0.000532632,0.000532632,0
1774095742951,0.118652,-0.186523,0.991211,0,-0.00106526,0
1774095743032,0.116211,-0.187012,0.991699,0.00106526,0,-0.000532632
1774095743102,0.117188,-0.188477,0.994141,0,-0.0015979,-0.000532632
1774095743183,0.117676,-0.185059,0.994141,-0.000532632,-0.00106526,-0.000532632
1774095743263,0.119141,-0.187988,0.992676,-0.000532632,-0.000532632,-0.000532632
1774095743334,0.116699,-0.187012,0.992676,-0.00106526,-0.00106526,-0.000532632
1774095743414,0.117188,-0.188965,0.991211,0,-0.0015979,0.0015979
1774095743495,0.117676,-0.186035,0.993164,0,0,0
1774095743565,0.119141,-0.187012,0.992188,0,-0.000532632,0.00106526
1774095743646,0.120117,-0.1875,0.991211,-0.00106526,-0.000532632,0
1774095743726,0.119629,-0.1875,0.992676,0,-0.000532632,-0.000532632
1774095743797,0.117188,-0.1875,0.992676,0.00106526,-0.000532632,-0.000532632
1774095743878,0.117188,-0.187012,0.992676,0.00106526,-0.000532632,-0.000532632
1774095743958,0.119141,-0.187988,0.993652,0.00106526,-0.00106526,0
1774095744028,0.118164,-0.188477,0.991699,0.000532632,0,0.000532632
1774095744109,0.118652,-0.186035,0.991699,-0.000532632,0,0
1774095744179,0.118164,-0.187988,0.991699,-0.000532632,-0.00106526,0
1774095744260,0.119141,-0.186035,0.992676,-0.000532632,0,0
1774095744341,0.120117,-0.1875,0.992676,0.000532632,0,-0.000532632
1774095744411,0.119629,-0.185547,0.995117,0.0015979,-0.00106526,-0.00106526
1774095744492,0.119141,-0.186523,0.992676,0,-0.000532632,0
1774095744572,0.118652,-0.1875,0.992676,0,0,-0.000532632
1774095744643,0.117676,-0.1875,0.992676,0.000532632,-0.000532632,-0.000532632
1774095744723,0.118164,-0.185059,0.994141,-0.00106526,0,0
1774095744804,0.117188,-0.187988,0.993164,-0.000532632,-0.00106526,0
1774095744874,0.117676,-0.186523,0.994141,0.000532632,-0.000532632,-0.000532632
1774095744955,0.119629,-0.185059,0.992676,-0.000532632,-0.00106526,0.00106526
1774095745035,0.115234,-0.1875,0.992676,0,-0.000532632,0.000532632
1774095745106,0.119141,-0.185547,0.993652,0.00106526,-0.000532632,0.000532632
1774095745187,0.120117,-0.1875,0.994141,0,-0.00106526,0.000532632
1774095745267,0.118652,-0.187988,0.993164,-0.000532632,0,0
1774095745338,0.118164,-0.186035,0.993164,-0.000532632,0,0.000532632
1774095745418,0.118164,-0.187012,0.994141,0,-0.00106526,-0.000532632
1774095745489,0.117188,-0.188965,0.992188,-0.000532632,-0.000532632,0
1774095745569,0.118652,-0.187988,0.993652,0.00106526,-0.000532632,-0.00106526
1774095745650,0.117676,-0.1875,0.994141,-0.000532632,-0.00106526,0
1774095745720,0.117676,-0.1875,0.992188,-0.000532632,-0.00106526,0.000532632
1774095745801,0.120605,-0.186035,0.994141,0,0,0.000532632
1774095745881,0.119141,-0.187012,0.991699,0.000532632,-0.00106526,0.000532632
1774095745952,0.118164,-0.187988,0.993164,0.000532632,0,0.000532632
1774095746032,0.118652,-0.187988,0.993164,0,0,0
1774095746113,0.118164,-0.187988,0.992676,0,-0.0015979,0
1774095746183,0.119141,-0.187012,0.992676,-0.000532632,-0.00106526,0
1774095746264,0.116211,-0.188477,0.993652,-0.000532632,-0.000532632,0
1774095746344,0.119141,-0.186523,0.992676,0,-0.000532632,0
1774095746415,0.119629,-0.186523,0.992188,0.000532632,-0.000532632,0
1774095746495,0.116211,-0.188965,0.994141,-0.000532632,-0.00106526,0
1774095746566,0.118652,-0.188965,0.992188,-0.00106526,-0.00106526,0
1774095746647,0.117676,-0.187012,0.992676,0.000532632,0,-0.000532632
1774095746727,0.117188,-0.188477,0.992188,-0.000532632,-0.00106526,-0.000532632
1774095746798,0.117188,-0.186523,0.992676,0.000532632,-0.00106526,0.000532632
1774095746878,0.118164,-0.186523,0.993652,-0.000532632,-0.00106526,0.00106526
1774095746959,0.117676,-0.1875,0.991699,-0.000532632,-0.000532632,-0.000532632
1774095747029,0.116699,-0.186035,0.993652,0.000532632,-0.00106526,0.00106526
1774095747110,0.118164,-0.186035,0.993164,0.00106526,-0.0015979,0
1774095747190,0.118652,-0.186523,0.994141,0,-0.00106526,0
1774095747261,0.116211,-0.185547,0.993164,0.000532632,-0.00106526,0.000532632
1774095747341,0.119141,-0.185547,0.991211,0.000532632,-0.00106526,-0.000532632
1774095747422,0.117676,-0.1875,0.992676,-0.000532632,-0.00106526,-0.000532632
1774095747492,0.118164,-0.188965,0.993164,0.000532632,-0.0015979,0.000532632
1774095747573,0.118652,-0.187012,0.993652,0.000532632,-0.00106526,0.00106526
1774095747653,0.119629,-0.186035,0.994629,0.000532632,-0.000532632,0.000532632
1774095747724,0.120117,-0.187988,0.992676,-0.000532632,-0.00106526,-0.000532632
1774095747804,0.120605,-0.188477,0.994141,0,-0.00106526,0
1774095747885,0.118164,-0.188477,0.992188,-0.000532632,0,-0.000532632
1774095747955,0.118652,-0.186523,0.993652,0.00106526,-0.000532632,-0.000532632
1774095748036,0.117676,-0.185547,0.992676,0,-0.00106526,0.000532632
1774095748106,0.118164,-0.1875,0.992188,0.000532632,0,0.000532632
1774095748187,0.116699,-0.188965,0.994141,0.000532632,-0.00106526,0.000532632
1774095748268,0.118164,-0.1875,0.993652,-0.000532632,-0.000532632,0
1774095748338,0.117676,-0.1875,0.994629,0.0015979,-0.000532632,0.000532632
1774095748419,0.118164,-0.188477,0.991699,0,-0.000532632,0.00106526
1774095748500,0.116699,-0.186035,0.994141,-0.000532632,-0.00106526,0
1774095748570,0.117188,-0.186523,0.993652,-0.000532632,-0.00106526,-0.000532632
1774095748651,0.118652,-0.188477,0.993652,-0.000532632,-0.00106526,0
1774095748721,0.118164,-0.1875,0.993652,0,-0.000532632,0.000532632
1774095748802,0.118652,-0.186035,0.992676,0,-0.000532632,0.000532632
1774095748882,0.117676,-0.185547,0.991699,0,0,0.0015979
1774095748963,0.119629,-0.187012,0.992188,0,-0.00106526,0.00106526
1774095749033,0.120605,-0.186035,0.995117,-0.00106526,-0.00106526,0.000532632
1774095749114,0.118164,-0.186035,0.991699,-0.000532632,-0.00106526,0
1774095749185,0.118652,-0.1875,0.992188,0.000532632,-0.000532632,0
1774095749265,0.117188,-0.185059,0.993652,0,-0.00106526,0.00106526
1774095749345,0.118652,-0.187012,0.994629,0.000532632,0,-0.00106526
1774095749416,0.117676,-0.187012,0.993652,0.000532632,-0.000532632,0.000532632
1774095749496,0.118652,-0.1875,0.995117,-0.00106526,0.00106526,-0.0015979
1774095749577,0.116211,-0.186035,0.994629,0,0,0.0015979
1774095749647,0.118652,-0.184082,0.993164,-0.000532632,-0.000532632,-0.00106526
1774095749728,0.118164,-0.187988,0.993164,0,-0.000532632,0
1774095749808,0.119629,-0.187012,0.992676,-0.000532632,-0.00106526,0
1774095749879,0.119141,-0.185059,0.993652,0,-0.0015979,-0.000532632
1774095749959,0.119141,-0.188477,0.993164,0.000532632,-0.000532632,-0.000532632
1774095750040,0.117676,-0.188477,0.992188,-0.000532632,-0.00106526,0.000532632
1774095750111,0.116211,-0.188477,0.994629,0.000532632,-0.00106526,0.0015979
1774095750191,0.117188,-0.187012,0.992676,-0.000532632,-0.000532632,-0.000532632
1774095750272,0.116699,-0.187012,0.993652,0.00106526,-0.00106526,0.000532632
1774095750342,0.117676,-0.186035,0.993652,-0.000532632,-0.00106526,-0.000532632
1774095750423,0.118164,-0.187988,0.991211,0,-0.000532632,0
1774095750493,0.118652,-0.189453,0.993164,0,-0.000532632,0
1774095750574,0.118652,-0.187988,0.991699,0,-0.000532632,0
1774095750654,0.118652,-0.188965,0.993164,0.000532632,0,0
1774095750725,0.120117,-0.185547,0.993164,-0.00106526,0,0.00106526
1774095750805,0.117188,-0.187988,0.992676,-0.000532632,-0.000532632,-0.000532632
1774095750886,0.117188,-0.187012,0.992188,-0.000532632,-0.000532632,0
1774095750956,0.118652,-0.188477,0.991211,-0.00106526,-0.000532632,0
1774095751037,0.118164,-0.1875,0.992188,0,-0.000532632,0.000532632
1774095751117,0.118652,-0.186035,0.993652,0.000532632,-0.000532632,0
1774095751188,0.117676,-0.185547,0.994141,-0.000532632,-0.000532632,-0.00106526
1774095751268,0.117676,-0.187988,0.993164,0.00106526,-0.000532632,0
1774095751349,0.118164,-0.187012,0.995117,0.0015979,0,-0.00106526
1774095751419,0.119629,-0.18457,0.993652,0.00106526,-0.000532632,0.000532632
1774095751500,0.116699,-0.186523,0.993164,-0.000532632,-0.000532632,0.000532632
1774095751581,0.116699,-0.187012,0.995117,-0.000532632,-0.0015979,0
1774095751651,0.119629,-0.188965,0.993652,0.000532632,-0.0015979,0.000532632
1774095751732,0.116211,-0.186035,0.994629,0,-0.000532632,0
1774095751802,0.118652,-0.187988,0.992676,0,-0.00106526,0
1774095751883,0.116699,-0.186523,0.993164,0,-0.00106526,-0.000532632
1774095751963,0.117676,-0.187012,0.993652,-0.000532632,-0.00106526,-0.000532632
1774095752034,0.116211,-0.186035,0.992188,0,-0.000532632,0
1774095752115,0.117676,-0.186035,0.993164,0,-0.0015979,0.000532632
1774095752195,0.119629,-0.186523,0.993652,0,0,0
1774095752266,0.118652,-0.185547,0.995117,0,-0.00106526,-0.00106526
1774095752346,0.117188,-0.185059,0.991699,0.00106526,0,0.000532632
1774095752427,0.118652,-0.187012,0.993652,0,-0.00106526,-0.000532632
1774095752497,0.115723,-0.187012,0.992188,-0.00106526,-0.00106526,0
1774095752578,0.117676,-0.188477,0.992676,0.000532632,-0.00106526,-0.000532632
1774095752658,0.119141,-0.186523,0.995117,0.00106526,-0.00106526,-0.000532632
1774095752729,0.118164,-0.187988,0.992676,0,-0.000532632,0.000532632
1774095752809,0.117188,-0.1875,0.992188,-0.000532632,0,-0.00106526
1774095752880,0.119141,-0.186035,0.992188,-0.0015979,-0.000532632,0
1774095752960,0.119629,-0.1875,0.992676,0.000532632,0,-0.000532632
1774095753041,0.117676,-0.187012,0.993652,0.000532632,-0.000532632,0.000532632
1774095753111,0.116699,-0.1875,0.994141,0,-0.00106526,0.000532632
1774095753192,0.118164,-0.186523,0.993164,-0.000532632,-0.000532632,-0.000532632
1774095753273,0.119141,-0.187012,0.993652,0,0,-0.000532632
1774095753343,0.120117,-0.186523,0.993652,0,-0.0015979,0
1774095753424,0.117188,-0.185547,0.993652,0,-0.000532632,0
1774095753504,0.119141,-0.188965,0.995605,0,-0.000532632,0.000532632
1774095753575,0.119141,-0.1875,0.992676,-0.000532632,0.000532632,0
1774095753655,0.115234,-0.185547,0.992676,-0.000532632,-0.000532632,0
1774095753736,0.117676,-0.185547,0.993652,0.000532632,-0.000532632,-0.00106526
1774095753806,0.118164,-0.187012,0.995117,0,-0.00106526,0.000532632
1774095753887,0.118652,-0.187012,0.992676,-0.000532632,-0.00106526,0
1774095753967,0.119629,-0.186035,0.993652,0,-0.0015979,0.000532632
1774095754038,0.118164,-0.187988,0.992188,0,-0.00106526,0
1774095754118,0.117676,-0.186523,0.992676,-0.000532632,-0.000532632,-0.000532632
1774095754189,0.118652,-0.1875,0.994141,0.000532632,-0.000532632,0.000532632
1774095754269,0.117676,-0.186523,0.996094,0,-0.0015979,-0.000532632
1774095754350,0.118164,-0.1875,0.994629,0.000532632,-0.00106526,-0.00106526
1774095754420,0.115723,-0.188477,0.992676,0,-0.000532632,-0.00106526
1774095754501,0.118164,-0.185547,0.993164,0.000532632,-0.00106526,0.000532632
1774095754582,0.120605,-0.187988,0.992676,-0.000532632,-0.00106526,0.000532632
1774095754652,0.118652,-0.187988,0.993652,0.000532632,0.000532632,-0.00106526
1774095754733,0.117676,-0.186035,0.994141,-0.000532632,-0.00106526,-0.00106526
1774095754813,0.117188,-0.187988,0.992188,0.000532632,-0.000532632,0.000532632
1774095754884,0.117188,-0.186523,0.993164,0,-0.000532632,-0.000532632
1774095754964,0.121582,-0.187012,0.992676,0,-0.000532632,0
1774095755045,0.118164,-0.186035,0.991699,0.000532632,-0.000532632,0.000532632
1774095755115,0.119141,-0.186035,0.992676,-0.000532632,-0.00106526,-0.000532632
1774095755196,0.116699,-0.187988,0.994141,0,0.000532632,0.000532632
1774095755276,0.118652,-0.188965,0.992188,0.000532632,0,0
1774095755347,0.116699,-0.187012,0.994141,-0.00106526,-0.000532632,0.000532632
1774095755427,0.117188,-0.1875,0.991699,0,-0.000532632,0.000532632
1774095755498,0.118164,-0.1875,0.994141,-0.000532632,-0.000532632,0.000532632
1774095755578,0.118164,-0.187988,0.994141,0.000532632,-0.000532632,-0.000532632
1774095755659,0.120117,-0.185547,0.991699,0.000532632,-0.000532632,-0.0015979
1774095755729,0.118164,-0.1875,0.993652,0.000532632,-0.0015979,0
1774095755810,0.117676,-0.1875,0.991699,0.000532632,0,0.000532632
1774095755890,0.117676,-0.185547,0.992188,0.00106526,0,0
1774095755961,0.118652,-0.188477,0.994629,0,-0.00106526,0
1774095756042,0.120117,-0.185059,0.991211,0.000532632,-0.000532632,0
1774095756122,0.118164,-0.189453,0.994141,0,0.000532632,0.000532632
1774095756193,0.119141,-0.186523,0.994629,0,-0.00106526,0.000532632
1774095756273,0.118652,-0.185059,0.992676,0.000532632,-0.00106526,-0.000532632
1774095756354,0.119629,-0.187012,0.994141,0,-0.0015979,-0.000532632
1774095756424,0.117676,-0.1875,0.994629,0.000532632,-0.0015979,0
1774095756505,0.118652,-0.188477,0.992676,-0.000532632,0.000532632,-0.00106526
1774095756585,0.117676,-0.1875,0.993652,-0.000532632,-0.00106526,0.000532632
1774095756656,0.118164,-0.187988,0.993164,0,0,0.000532632
1774095756736,0.116699,-0.187012,0.993164,0,-0.000532632,0
1774095756807,0.118164,-0.186523,0.993164,0,-0.0015979,-0.00106526
1774095756887,0.120605,-0.188477,0.991699,0,0,0.000532632
1774095756968,0.117188,-0.186523,0.991699,0.000532632,-0.0015979,0.000532632
1774095757039,0.118652,-0.1875,0.995605,0.000532632,-0.00106526,-0.000532632
1774095757119,0.117676,-0.187012,0.992676,-0.00106526,-0.000532632,0.000532632
1774095757199,0.116211,-0.187012,0.992188,0,-0.00106526,-0.000532632
1774095757270,0.119629,-0.186523,0.992188,-0.000532632,-0.00106526,0.00106526
1774095757351,0.116699,-0.187988,0.991211,-0.00106526,-0.00106526,-0.000532632
1774095757431,0.117676,-0.187012,0.992188,0,-0.000532632,0.0015979
1774095757502,0.118652,-0.189453,0.991699,0,-0.000532632,0
1774095757583,0.118164,-0.186035,0.990723,0,0,-0.000532632
1774095757663,0.116211,-0.1875,0.991211,-0.000532632,-0.00106526,-0.000532632
1774095757733,0.119629,-0.188477,0.991211,0,-0.00106526,0
1774095757814,0.120117,-0.187988,0.991699,-0.000532632,-0.00106526,-0.00106526
1774095757894,0.117676,-0.187012,0.993164,-0.000532632,-0.000532632,0.000532632
1774095757965,0.117676,-0.1875,0.992188,-0.00106526,-0.00106526,0
1774095758045,0.118652,-0.186035,0.993652,-0.00106526,0,0
1774095758116,0.118652,-0.187988,0.992676,0.000532632,-0.00106526,0.000532632
1774095758196,0.119629,-0.187012,0.994629,0.000532632,-0.000532632,0.000532632
1774095758277,0.119629,-0.1875,0.993164,0.000532632,0,0.000532632
1774095758347,0.120117,-0.187012,0.992676,0,0,-0.000532632
1774095758428,0.121582,-0.186523,0.992188,0,-0.000532632,0
1774095758508,0.119141,-0.186035,0.994141,0.000532632,0,0.000532632
1774095758579,0.118164,-0.186523,0.993652,0.0015979,0,-0.000532632
1774095758659,0.118164,-0.186523,0.992676,0,-0.000532632,-0.000532632
1774095758741,0.118652,-0.185547,0.993164,-0.000532632,-0.0015979,0
1774095758810,0.118652,-0.188477,0.993164,-0.00106526,-0.00106526,0
1774095758891,0.118652,-0.186035,0.992676,0.000532632,0,-0.000532632
1774095758971,0.119141,-0.188477,0.992188,0,-0.000532632,-0.000532632
1774095759042,0.120117,-0.186523,0.993164,0.000532632,-0.000532632,0
1774095759122,0.119141,-0.186035,0.993652,0.000532632,-0.00106526,0
1774095759203,0.118164,-0.188965,0.993164,0,-0.000532632,0
1774095759273,0.119141,-0.186035,0.991699,0,-0.00106526,-0.00106526
1774095759354,0.117188,-0.186035,0.992676,0.000532632,-0.000532632,-0.000532632
1774095759424,0.116211,-0.186523,0.992676,0.000532632,-0.000532632,0.000532632
1774095759505,0.120117,-0.186523,0.991699,0.000532632,-0.00106526,-0.00106526
1774095759586,0.118164,-0.1875,0.993164,0,0,0.00106526
1774095759656,0.119141,-0.187012,0.994141,0.000532632,0,0
1774095759737,0.119629,-0.187012,0.993164,0,0.000532632,0.00106526
1774095759817,0.116699,-0.186523,0.992188,0.000532632,-0.00106526,-0.000532632
1774095759888,0.118652,-0.186523,0.993652,0.000532632,-0.00106526,-0.000532632
1774095759968,0.119141,-0.186035,0.993164,-0.000532632,0,0.000532632
1774095760049,0.118164,-0.187012,0.993164,-0.000532632,-0.00106526,0
1774095760119,0.118164,-0.185059,0.992676,0.000532632,-0.000532632,0
1774095760200,0.118164,-0.187988,0.995117,0,-0.000532632,0.00106526
1774095760280,0.119629,-0.185547,0.992188,0.000532632,-0.000532632,0
1774095760351,0.118652,-0.187988,0.993164,0.000532632,0,-0.000532632
1774095760431,0.118652,-0.187012,0.992676,-0.000532632,-0.000532632,0
1774095760512,0.119141,-0.186035,0.992676,-0.000532632,-0.000532632,-0.000532632
1774095760582,0.119141,-0.186523,0.992676,-0.000532632,-0.000532632,0.00106526
1774095760663,0.119141,-0.186035,0.991211,0.000532632,-0.000532632,-0.000532632
1774095760733,0.117676,-0.187012,0.994629,0.000532632,-0.000532632,-0.00106526
1774095760814,0.117676,-0.1875,0.995117,-0.000532632,0,0
1774095760895,0.116211,-0.188477,0.991211,-0.000532632,0,-0.000532632
1774095760965,0.118164,-0.1875,0.993652,-0.0015979,-0.000532632,0
1774095761046,0.115723,-0.187988,0.992676,-0.000532632,-0.000532632,-0.00106526
1774095761126,0.115723,-0.187012,0.994629,0,-0.000532632,0.000532632
1774095761197,0.118652,-0.187988,0.992188,-0.000532632,-0.00106526,0.00106526
1774095761277,0.117188,-0.186523,0.991699,-0.000532632,-0.00106526,-0.000532632
1774095761358,0.117188,-0.187012,0.993164,0.000532632,0,0
1774095761428,0.118164,-0.187012,0.994141,0,-0.000532632,-0.000532632
1774095761509,0.116211,-0.186035,0.993652,0,-0.000532632,0
1774095761580,0.118652,-0.188965,0.993652,-0.00106526,-0.00106526,0.00106526
1774095761660,0.116211,-0.186035,0.993164,0.000532632,-0.00106526,-0.000532632
1774095761741,0.118652,-0.1875,0.992676,0.00106526,-0.000532632,-0.00106526
1774095761821,0.119629,-0.186035,0.991699,0,-0.0015979,-0.000532632
1774095761892,0.118652,-0.187988,0.994629,-0.00106526,-0.00106526,-0.00106526
1774095761972,0.117188,-0.188477,0.993164,0.000532632,-0.000532632,-0.000532632
1774095762043,0.118652,-0.189453,0.993652,-0.00106526,0.00106526,0
1774095762123,0.117676,-0.1875,0.994141,-0.000532632,0,-0.00106526
1774095762204,0.118652,-0.1875,0.994141,0,0,0
1774095762274,0.118164,-0.186523,0.991699,-0.000532632,-0.000532632,-0.00106526
1774095762355,0.116699,-0.1875,0.994629,-0.000532632,0,0.000532632
1774095762436,0.118164,-0.187012,0.994629,0.000532632,-0.000532632,-0.000532632
1774095762506,0.118652,-0.187012,0.992188,-0.000532632,-0.0015979,-0.000532632
1774095762587,0.119141,-0.187012,0.994141,0,-0.000532632,0
1774095762667,0.116699,-0.185059,0.993164,0.00106526,-0.00106526,0.000532632
1774095762737,0.117676,-0.187012,0.995605,0.000532632,-0.000532632,-0.000532632
1774095762818,0.118164,-0.185059,0.993164,0.00106526,-0.0015979,0
1774095762899,0.115723,-0.186523,0.992676,0,-0.000532632,-0.000532632
1774095762969,0.117676,-0.188477,0.992676,-0.000532632,-0.0015979,0.000532632
1774095763050,0.117676,-0.185059,0.993652,0.000532632,-0.00106526,0
1774095763130,0.117188,-0.186523,0.991699,0,-0.00106526,0.000532632
1774095763201,0.119141,-0.186035,0.994629,-0.000532632,-0.00106526,0
1774095763281,0.116699,-0.187012,0.992676,0.000532632,-0.000532632,0
1774095763352,0.117188,-0.1875,0.992188,-0.000532632,-0.000532632,-0.000532632
1774095763432,0.118652,-0.186523,0.992188,-0.000532632,-0.000532632,-0.000532632
1774095763514,0.119141,-0.187988,0.994629,0.000532632,0,0
1774095763583,0.118652,-0.1875,0.995117,-0.000532632,0,0
1774095763664,0.117676,-0.186523,0.992676,-0.000532632,-0.0015979,0.0015979
1774095763745,0.118164,-0.185059,0.993164,0.00106526,-0.00106526,-0.0015979
1774095763815,0.117188,-0.186035,0.993652,0.000532632,-0.00106526,0.000532632
1774095763896,0.115723,-0.184082,0.993164,0,0,0.000532632
1774095763976,0.117676,-0.187988,0.992676,-0.000532632,-0.000532632,0
1774095764047,0.120117,-0.187012,0.991699,-0.000532632,-0.000532632,0.000532632
1774095764127,0.116699,-0.186035,0.990723,-0.000532632,0,0
1774095764208,0.117188,-0.186523,0.994629,0,-0.00106526,0.000532632
1774095764278,0.116699,-0.184082,0.992188,-0.000532632,-0.00106526,0.00106526
1774095764359,0.119141,-0.187012,0.993164,0.000532632,-0.000532632,-0.000532632
1774095764430,0.118652,-0.1875,0.993164,-0.00106526,0,0.00106526
1774095764511,0.120117,-0.185059,0.992188,0.000532632,-0.000532632,0.000532632
1774095764591,0.117188,-0.186035,0.994141,0,0.000532632,0.00106526
1774095764662,0.119629,-0.1875,0.992676,0,-0.00106526,0.000532632
1774095764742,0.119629,-0.186523,0.994141,0.000532632,-0.000532632,-0.000532632
1774095764823,0.117676,-0.186523,0.991699,0,-0.000532632,0.000532632
1774095764894,0.118652,-0.185547,0.993164,0.000532632,-0.000532632,0
1774095764974,0.116211,-0.185059,0.993652,-0.000532632,-0.000532632,-0.000532632
1774095765054,0.120117,-0.187988,0.992676,-0.000532632,-0.000532632,0.000532632
1774095765125,0.118164,-0.186035,0.993652,-0.000532632,0,0
1774095765205,0.117676,-0.1875,0.992188,0.000532632,-0.000532632,0.000532632
1774095765286,0.118652,-0.187012,0.994629,-0.000532632,-0.000532632,0.000532632
1774095765356,0.116699,-0.186523,0.992676,0.000532632,-0.000532632,0
1774095765437,0.117188,-0.186035,0.994629,0,0,0.000532632
1774095765508,0.117188,-0.186035,0.994141,-0.000532632,-0.000532632,0
1774095765588,0.118164,-0.188477,0.993652,0,-0.000532632,0.000532632
1774095765669,0.117188,-0.186523,0.992676,0.000532632,-0.00106526,-0.000532632
1774095765739,0.117188,-0.186035,0.993164,0,0,0
1774095765820,0.118164,-0.1875,0.990723,0,0,-0.00106526
1774095765900,0.118652,-0.186035,0.992676,0.000532632,-0.00106526,0
1774095765971,0.119629,-0.187012,0.992188,0,-0.00106526,0
1774095766051,0.118652,-0.18457,0.992676,-0.000532632,0,0
1774095766132,0.118164,-0.186035,0.991699,0,0,0
1774095766202,0.119629,-0.1875,0.993164,-0.000532632,-0.000532632,0
1774095766283,0.118164,-0.186523,0.993164,0.000532632,-0.000532632,0
1774095766364,0.119629,-0.188477,0.992676,-0.000532632,-0.00106526,-0.000532632
1774095766434,0.118652,-0.188477,0.995117,0.000532632,-0.00106526,0.000532632
1774095766515,0.118164,-0.185547,0.993164,0.000532632,-0.00213053,-0.000532632
1774095766595,0.118164,-0.186035,0.990723,0,0.000532632,-0.00106526
1774095766666,0.118164,-0.187988,0.992188,0,-0.00106526,0.000532632
1774095766746,0.118652,-0.187012,0.994141,0.000532632,-0.00106526,0
1774095766817,0.120117,-0.185547,0.994141,-0.0015979,-0.000532632,0.000532632
1774095766897,0.118652,-0.186523,0.993164,0,-0.000532632,-0.000532632
1774095766978,0.119629,-0.186523,0.992188,0,-0.000532632,0
1774095767048,0.117188,-0.186523,0.992676,0,-0.00106526,0.000532632
1774095767129,0.117676,-0.185547,0.991699,-0.00106526,-0.000532632,0
1774095767209,0.118164,-0.1875,0.992188,0.00106526,0,-0.000532632
1774095767280,0.117188,-0.186523,0.994629,0,-0.00106526,0
1774095767360,0.118652,-0.187012,0.992676,0,-0.00106526,-0.000532632
1774095767442,0.118652,-0.186035,0.994629,0,-0.000532632,0
1774095767512,0.117188,-0.186035,0.993164,0,-0.000532632,-0.000532632
1774095767592,0.118652,-0.185547,0.993164,-0.000532632,-0.00106526,-0.000532632
1774095767673,0.118164,-0.1875,0.993652,0.000532632,-0.0015979,0
1774095767743,0.118164,-0.187988,0.992676,0,0.000532632,-0.000532632
1774095767824,0.117188,-0.188477,0.992676,-0.000532632,-0.000532632,0
1774095767904,0.116699,-0.187012,0.990723,-0.000532632,-0.000532632,-0.000532632
1774095767975,0.118652,-0.185059,0.993164,0.000532632,-0.000532632,0.00106526
1774095768055,0.118164,-0.186035,0.993164,0,-0.000532632,0
1774095768126,0.116699,-0.187012,0.993164,-0.000532632,-0.0015979,0
1774095768206,0.119629,-0.189941,0.993164,-0.000532632,-0.00106526,0
1774095768287,0.116699,-0.185547,0.995117,0.000532632,-0.000532632,-0.000532632
1774095768357,0.116699,-0.187988,0.992188,0.000532632,-0.000532632,0.000532632
1774095768438,0.117676,-0.187988,0.992676,0.000532632,0,0.000532632
1774095768518,0.118652,-0.187012,0.993652,-0.000532632,-0.00106526,0
1774095768589,0.118652,-0.1875,0.994629,0.000532632,-0.00106526,-0.000532632
1774095768669,0.118164,-0.187012,0.993164,0,0,0
1774095768750,0.116699,-0.186035,0.992188,0,-0.000532632,0
1774095768820,0.118164,-0.187012,0.992188,0.000532632,-0.0015979,0.000532632
1774095768901,0.117188,-0.187012,0.992676,0,0,0
1774095768982,0.118652,-0.186523,0.989258,0.000532632,-0.00106526,0
1774095769052,0.119141,-0.187988,0.993164,-0.000532632,-0.000532632,0.000532632
1774095769133,0.118652,-0.186523,0.992188,0.000532632,-0.00106526,-0.0015979
1774095769203,0.117676,-0.1875,0.992188,0,0,-0.00106526
1774095769284,0.118164,-0.19043,0.995117,0,-0.000532632,0
1774095769364,0.120117,-0.1875,0.993164,0,-0.00106526,0
1774095769435,0.117676,-0.186523,0.994141,-0.000532632,-0.00106526,0
1774095769516,0.117676,-0.184082,0.991211,-0.000532632,-0.000532632,0.00106526
1774095769596,0.118164,-0.188965,0.993164,0,-0.000532632,0.000532632
1774095769667,0.116211,-0.185547,0.994629,0.000532632,-0.00213053,-0.000532632
1774095769747,0.118652,-0.1875,0.993652,-0.000532632,-0.00106526,0
1774095769828,0.116211,-0.187988,0.991211,0,0,0.000532632
1774095769898,0.118164,-0.186035,0.991211,-0.000532632,-0.0015979,-0.000532632
1774095769979,0.119629,-0.186035,0.994141,0.0015979,-0.000532632,-0.00106526
1774095770059,0.117676,-0.187012,0.991699,-0.0015979,-0.00106526,-0.000532632
1774095770130,0.117676,-0.187012,0.993652,0,-0.000532632,0.00106526
1774095770210,0.117676,-0.187988,0.993164,0.000532632,-0.000532632,0.000532632
1774095770291,0.117676,-0.187012,0.994141,0,-0.000532632,0.00106526
1774095770361,0.116211,-0.188477,0.991699,0,-0.00106526,0.000532632
1774095770442,0.116211,-0.187012,0.990723,0,-0.00106526,0
1774095770512,0.117676,-0.1875,0.995117,0.000532632,0,0.000532632
1774095770593,0.118652,-0.187012,0.991211,0,0,0
1774095770674,0.118164,-0.185547,0.992676,0,-0.000532632,0.000532632
1774095770744,0.119141,-0.187012,0.994141,0.000532632,0,0.000532632
1774095770824,0.119629,-0.186035,0.992676,0,0,0.000532632
1774095770905,0.117676,-0.1875,0.993164,0,-0.000532632,0
1774095770976,0.117188,-0.1875,0.991211,0,-0.000532632,-0.000532632
1774095771056,0.117188,-0.187988,0.992676,0.000532632,-0.00106526,0.000532632
1774095771137,0.119141,-0.1875,0.992188,0,-0.000532632,0
1774095771207,0.117676,-0.187012,0.992676,0,-0.00106526,-0.00106526
1774095771288,0.118652,-0.187012,0.994629,-0.000532632,-0.00106526,0
1774095771368,0.118652,-0.185547,0.993652,-0.000532632,-0.00106526,-0.000532632
1774095771439,0.117676,-0.187012,0.992676,0,-0.000532632,-0.000532632
1774095771519,0.118652,-0.186523,0.993164,0,-0.0015979,-0.000532632
1774095771600,0.117188,-0.185547,0.993164,-0.00106526,-0.00106526,0.00106526
1774095771670,0.119141,-0.187012,0.995605,0.000532632,-0.000532632,-0.000532632
1774095771751,0.120117,-0.186523,0.992676,0,-0.000532632,0.000532632
1774095771831,0.118164,-0.1875,0.991699,0,-0.000532632,0
1774095771902,0.117676,-0.185547,0.993164,0,0.000532632,0.000532632
1774095771982,0.117676,-0.1875,0.992188,0,0,0
1774095772053,0.117676,-0.186035,0.992676,0,-0.000532632,0.000532632
1774095772133,0.114746,-0.18457,0.992676,0,-0.000532632,0
1774095772214,0.120117,-0.187988,0.993164,0,0,0
1774095772284,0.117188,-0.187012,0.992676,-0.000532632,-0.00106526,0
1774095772365,0.118164,-0.188965,0.993652,0.0015979,-0.000532632,-0.000532632
1774095772446,0.118652,-0.1875,0.994629,0,-0.000532632,0
1774095772516,0.117188,-0.1875,0.993164,-0.00106526,0,0.000532632
1774095772597,0.116699,-0.186035,0.993164,0,-0.000532632,0
1774095772677,0.117188,-0.185547,0.992676,-0.000532632,-0.0015979,0.000532632
1774095772748,0.116211,-0.189941,0.992188,0,-0.00106526,-0.000532632
1774095772828,0.114258,-0.188477,0.992188,0.000532632,0,0.000532632
1774095772909,0.117188,-0.1875,0.992676,0.000532632,-0.000532632,-0.000532632
1774095772979,0.117188,-0.187012,0.992188,0,0,-0.000532632
1774095773060,0.118164,-0.186523,0.992676,0,-0.000532632,0.000532632
1774095773140,0.119141,-0.189453,0.992676,0,0,-0.000532632
1774095773211,0.119141,-0.188477,0.993164,0,-0.000532632,-0.000532632
1774095773292,0.117676,-0.186523,0.994141,0,-0.0015979,0.000532632
1774095773362,0.119141,-0.185547,0.993652,0.000532632,-0.000532632,0.000532632
1774095773442,0.118652,-0.186523,0.992188,-0.00106526,0,-0.00106526
1774095773523,0.117676,-0.186523,0.991699,0.000532632,-0.000532632,-0.000532632
1774095773593,0.118652,-0.1875,0.992676,0,-0.0015979,-0.000532632
1774095773674,0.120117,-0.185547,0.992676,0,-0.00106526,-0.000532632
1774095773755,0.118164,-0.1875,0.992188,-0.000532632,-0.000532632,0.00106526
1774095773825,0.119629,-0.186035,0.991699,0,-0.000532632,0
1774095773906,0.117676,-0.1875,0.990723,0,0,0
1774095773986,0.118164,-0.187988,0.992676,-0.00106526,-0.000532632,0
1774095774057,0.117676,-0.187012,0.992188,0,0.000532632,-0.000532632
1774095774137,0.117188,-0.187988,0.993652,0,-0.000532632,0.00106526
1774095774218,0.114258,-0.1875,0.991699,0.00106526,-0.0015979,-0.000532632
1774095774288,0.118164,-0.188965,0.993164,0,-0.000532632,-0.000532632
1774095774369,0.119141,-0.186035,0.992676,-0.000532632,-0.00106526,-0.000532632
1774095774449,0.118652,-0.188477,0.992676,0.000532632,-0.00106526,0
1774095774520,0.116699,-0.187012,0.995117,0,-0.000532632,0
1774095774600,0.117676,-0.187012,0.992188,0,-0.000532632,0
1774095774671,0.118164,-0.187988,0.991699,0,-0.000532632,0
1774095774751,0.118652,-0.188965,0.992188,0,-0.000532632,0.00106526
1774095774832,0.117188,-0.186523,0.992676,0,0.000532632,0
1774095774902,0.118164,-0.187012,0.993164,0,-0.000532632,0
1774095774983,0.118164,-0.185547,0.993164,0,0,0.000532632
1774095775063,0.120117,-0.187012,0.992676,0,-0.000532632,0.000532632
1774095775134,0.118164,-0.186523,0.991211,0.00106526,-0.000532632,0.00106526
1774095775215,0.115723,-0.186035,0.991211,0,-0.0015979,-0.000532632
1774095775295,0.117188,-0.1875,0.991699,0.000532632,0,0
1774095775366,0.117188,-0.1875,0.994629,0.00106526,-0.000532632,0.000532632
1774095775446,0.115723,-0.1875,0.992188,-0.000532632,0,0.000532632
1774095775527,0.116699,-0.187988,0.993164,0,-0.000532632,-0.00106526
1774095775597,0.116211,-0.186523,0.994141,0.000532632,-0.00106526,0
1774095775678,0.118164,-0.186035,0.993164,0.000532632,-0.000532632,0
1774095775758,0.118652,-0.188477,0.992676,0.000532632,-0.000532632,0
1774095775829,0.117188,-0.186035,0.992676,-0.000532632,-0.0015979,0
1774095775909,0.116699,-0.187988,0.991699,0.000532632,-0.000532632,0.000532632
1774095775980,0.116699,-0.185547,0.990723,0.000532632,-0.0015979,0.000532632
1774095776060,0.118652,-0.1875,0.993652,-0.000532632,-0.00106526,0
1774095776141,0.117188,-0.186523,0.993652,0,-0.00106526,0.000532632
1774095776211,0.117188,-0.188477,0.991699,0.000532632,-0.00106526,-0.000532632
1774095776292,0.118164,-0.187012,0.993652,0.00213053,-0.000532632,0
1774095776373,0.116699,-0.187988,0.992676,-0.000532632,-0.00106526,0.00106526
1774095776443,0.117188,-0.187988,0.993652,0,-0.00106526,0
1774095776523,0.117676,-0.187988,0.992676,-0.00106526,-0.00106526,0.000532632
1774095776604,0.117676,-0.185547,0.994141,0,-0.000532632,0.000532632
1774095776675,0.119629,-0.186523,0.992676,0.00106526,-0.00106526,-0.000532632
1774095776755,0.117188,-0.1875,0.991699,0.00106526,-0.000532632,0
1774095776836,0.117676,-0.186035,0.994629,0,-0.00106526,0
1774095776906,0.117188,-0.188477,0.993164,0,0,0.000532632
1774095776987,0.119141,-0.186035,0.993652,0,-0.00106526,0.00106526
1774095777067,0.119629,-0.188965,0.993652,0.000532632,-0.000532632,0.00106526
1774095777138,0.120117,-0.186035,0.992676,0.000532632,-0.000532632,0
1774095777219,0.118652,-0.187012,0.993164,0,0,0
1774095777289,0.120117,-0.1875,0.993652,0,-0.00106526,0
1774095777369,0.117188,-0.187012,0.993164,0,-0.0015979,0
1774095777450,0.117676,-0.188477,0.991699,0.000532632,-0.000532632,0
1774095777521,0.118164,-0.187012,0.992188,0,0,0
1774095777601,0.118164,-0.188477,0.994141,0.000532632,-0.00106526,0
1774095777682,0.118164,-0.187012,0.992188,0,0,0.000532632
1774095777752,0.117676,-0.18457,0.994629,-0.000532632,0,-0.00106526
1774095777833,0.118164,-0.185059,0.994629,0,-0.00106526,-0.00106526
1774095777913,0.118652,-0.1875,0.993164,0,-0.0015979,0.000532632
1774095777985,0.118164,-0.1875,0.992676,0.000532632,-0.000532632,0.000532632
1774095778064,0.118164,-0.188477,0.993652,-0.000532632,0,0.000532632
1774095778145,0.117188,-0.187012,0.993652,0,0,0.0015979
1774095778215,0.118164,-0.187012,0.994141,0.000532632,-0.00106526,0.00106526
1774095778296,0.116699,-0.187012,0.996094,0,-0.0015979,-0.00106526
1774095778366,0.117188,-0.189453,0.993164,0,-0.0015979,0
1774095778447,0.118164,-0.186523,0.991211,0,-0.00106526,-0.000532632
1774095778527,0.117188,-0.187988,0.992188,0,-0.000532632,0
1774095778598,0.119629,-0.185547,0.995117,0,0,0
1774095778678,0.119141,-0.188477,0.993652,0.000532632,-0.00106526,-0.000532632
1774095778759,0.117188,-0.1875,0.993164,0,-0.000532632,-0.00106526
1774095778829,0.116699,-0.186035,0.994141,0,0,0
1774095778910,0.119141,-0.187012,0.993164,0,-0.000532632,0.000532632
1774095778991,0.118164,-0.188965,0.993652,0,-0.000532632,0.000532632
1774095779061,0.118652,-0.188477,0.995117,0,-0.00106526,0.000532632
1774095779142,0.119629,-0.188477,0.994141,0.000532632,-0.000532632,0.000532632
1774095779222,0.118164,-0.186035,0.993164,0.000532632,-0.00106526,-0.000532632
1774095779293,0.118164,-0.1875,0.993652,0,-0.00106526,-0.000532632
1774095779374,0.118164,-0.186035,0.993164,-0.00106526,-0.00106526,0.000532632
1774095779454,0.117676,-0.189941,0.991211,0,-0.000532632,0
1774095779524,0.117188,-0.188477,0.991699,0.00106526,-0.000532632,0.000532632
1774095779605,0.117188,-0.187988,0.993652,0.000532632,0,0
1774095779675,0.119141,-0.185547,0.993164,0,-0.0015979,0.000532632
1774095779756,0.119141,-0.186035,0.993652,0.000532632,0.000532632,0.00106526
1774095779836,0.119141,-0.186035,0.993164,0,0.000532632,-0.000532632
1774095779907,0.117676,-0.186035,0.994629,-0.000532632,-0.000532632,0
1774095779987,0.117676,-0.188965,0.992188,-0.00106526,-0.00106526,-0.000532632
1774095780068,0.117188,-0.187012,0.992676,-0.000532632,-0.000532632,-0.000532632
1774095780138,0.117676,-0.187012,0.993164,0,0,-0.000532632
1774095780219,0.116211,-0.18457,0.993164,-0.00106526,-0.00106526,0.00106526
1774095780299,0.119141,-0.1875,0.993652,-0.000532632,0,-0.00106526
1774095780370,0.118652,-0.186523,0.993652,0,-0.0015979,0.000532632
1774095780451,0.114746,-0.188477,0.994629,0.000532632,0,0
1774095780531,0.117188,-0.1875,0.990723,-0.000532632,-0.00213053,-0.000532632
1774095780602,0.118652,-0.186523,0.993164,0.000532632,0.000532632,0
1774095780682,0.118164,-0.187012,0.993652,-0.000532632,0.000532632,0.000532632
1774095780763,0.120605,-0.188477,0.993164,0.000532632,-0.000532632,0.000532632
1774095780833,0.119141,-0.187012,0.994141,0.000532632,0,0.00106526
1774095780914,0.118164,-0.187012,0.992188,0.000532632,0,-0.000532632
1774095780984,0.118164,-0.1875,0.993652,0,-0.000532632,0
1774095781065,0.117676,-0.187012,0.993164,0,0,0.00106526
1774095781145,0.118164,-0.1875,0.992676,0.000532632,-0.000532632,0
1774095781216,0.118652,-0.187012,0.992676,0,-0.000532632,-0.00106526
1774095781296,0.118164,-0.186523,0.990234,0,-0.000532632,0
1774095781377,0.117676,-0.187012,0.994629,-0.000532632,-0.00106526,-0.000532632
1774095781448,0.118652,-0.187988,0.993652,0,-0.000532632,0
1774095781528,0.115234,-0.187012,0.993652,0.000532632,0,0.00106526
1774095781609,0.119141,-0.187012,0.993652,0.000532632,-0.000532632,-0.000532632
1774095781679,0.118652,-0.184082,0.991699,-0.000532632,-0.00106526,-0.000532632
1774095781760,0.117188,-0.187988,0.992188,0.000532632,-0.000532632,-0.000532632
1774095781840,0.119629,-0.18457,0.993164,0,-0.000532632,0
1774095781911,0.117188,-0.187988,0.992188,0.000532632,-0.000532632,-0.000532632
1774095781991,0.118652,-0.189453,0.993164,-0.000532632,-0.0015979,0.00106526
1774095782072,0.116699,-0.184082,0.992676,-0.000532632,-0.000532632,0.000532632
1774095782143,0.118652,-0.188477,0.991699,0,-0.000532632,0
1774095782223,0.119141,-0.187988,0.992676,-0.000532632,-0.000532632,0.00106526
1774095782294,0.116211,-0.189453,0.992188,0,-0.00106526,-0.000532632
1774095782374,0.120605,-0.187988,0.991699,0,0.000532632,-0.000532632
1774095782455,0.117188,-0.189453,0.992676,0.00106526,0.000532632,-0.000532632
1774095782525,0.117676,-0.1875,0.992676,-0.000532632,0,0.000532632
1774095782606,0.118652,-0.1875,0.992676,0,-0.000532632,0.00106526
1774095782687,0.117676,-0.1875,0.993164,-0.000532632,-0.0015979,-0.000532632
1774095782757,0.118164,-0.1875,0.992188,0.000532632,-0.000532632,0
1774095782838,0.117188,-0.186523,0.993652,0,-0.00106526,0
1774095782918,0.118164,-0.19043,0.991699,0,-0.000532632,0.000532632
1774095782989,0.117676,-0.1875,0.992188,-0.000532632,-0.00106526,-0.000532632
1774095783069,0.117676,-0.187012,0.992188,-0.000532632,-0.000532632,0.000532632
1774095783150,0.117188,-0.186523,0.991699,0.000532632,-0.000532632,0
1774095783220,0.118652,-0.187988,0.992188,-0.000532632,0,0.000532632
1774095783301,0.118164,-0.187988,0.993164,-0.00213053,-0.000532632,0.000532632
1774095783371,0.120117,-0.187012,0.993164,0.00106526,-0.0015979,0
1774095783452,0.118652,-0.187012,0.992676,0,-0.000532632,0.000532632
1774095783533,0.117676,-0.186035,0.993652,0,-0.00106526,0
1774095783603,0.118164,-0.186523,0.991211,0.000532632,-0.000532632,0
1774095783683,0.117188,-0.188477,0.994141,-0.000532632,-0.00106526,0
1774095783764,0.118164,-0.187012,0.993652,0,0.000532632,-0.000532632
1774095783835,0.118164,-0.186035,0.993652,-0.000532632,-0.000532632,0.000532632
1774095783915,0.118164,-0.1875,0.992188,0.00106526,-0.0015979,-0.000532632
1774095783996,0.118652,-0.186035,0.991211,-0.000532632,-0.0015979,-0.000532632
1774095784066,0.118164,-0.186035,0.993652,0,-0.000532632,0.00106526
1774095784147,0.119141,-0.187988,0.992188,-0.000532632,-0.000532632,0
1774095784227,0.118164,-0.1875,0.993652,0,-0.00106526,0.000532632
1774095784298,0.116211,-0.187012,0.992676,0.000532632,-0.0015979,0
1774095784378,0.118164,-0.187988,0.992676,0.000532632,-0.000532632,0
1774095784459,0.118164,-0.187988,0.992188,0.000532632,-0.00106526,0.000532632
1774095784529,0.116211,-0.186523,0.993164,-0.00106526,-0.000532632,0
1774095784610,0.119629,-0.1875,0.992676,0,-0.000532632,-0.000532632
1774095784680,0.118164,-0.186523,0.993652,0,0,0.000532632
1774095784761,0.118164,-0.186035,0.994141,0.000532632,0,-0.00106526
1774095784841,0.120117,-0.188477,0.993164,0,-0.000532632,0
1774095784912,0.119141,-0.186523,0.994141,0,0,0.000532632
1774095784992,0.117188,-0.185059,0.993652,0,-0.000532632,0.000532632
1774095785073,0.117676,-0.1875,0.993164,-0.000532632,-0.00106526,-0.000532632
1774095785143,0.118652,-0.187988,0.991211,0,-0.00106526,-0.000532632
1774095785224,0.119629,-0.185547,0.993652,0,-0.00106526,0
1774095785305,0.117188,-0.186035,0.991699,0,-0.00213053,-0.000532632
1774095785375,0.116699,-0.187012,0.992676,0,-0.00106526,-0.000532632
1774095785456,0.119629,-0.187988,0.992188,0,0,-0.000532632
1774095785536,0.117676,-0.188477,0.993652,0,-0.000532632,0.000532632
1774095785607,0.119629,-0.187012,0.992188,0,0,0
1774095785688,0.116699,-0.185059,0.991211,0,-0.000532632,0
1774095785758,0.117188,-0.187012,0.993652,0,-0.00106526,0
1774095785839,0.120117,-0.186523,0.995117,-0.000532632,-0.000532632,0
1774095785919,0.117188,-0.187988,0.992676,0.000532632,0,-0.000532632
1774095785990,0.115723,-0.1875,0.993164,0,-0.000532632,0
1774095786070,0.117188,-0.1875,0.994629,0.000532632,0,-0.000532632
1774095786151,0.118652,-0.187012,0.994629,-0.000532632,0,0
1774095786221,0.118652,-0.186523,0.992676,0.000532632,-0.000532632,0.000532632
1774095786302,0.119141,-0.187012,0.993164,0.0015979,-0.000532632,0
1774095786383,0.119141,-0.185059,0.992188,0,-0.000532632,-0.00106526
1774095786453,0.116699,-0.187012,0.992676,-0.00106526,0,0
1774095786534,0.120117,-0.187988,0.994141,0.000532632,-0.000532632,0
1774095786615,0.119141,-0.187012,0.992188,0,-0.0015979,0.000532632
1774095786685,0.120605,-0.187012,0.992188,0,-0.0015979,0.000532632
1774095786766,0.117676,-0.187012,0.993652,0,-0.000532632,-0.000532632
1774095786846,0.119141,-0.186035,0.993652,0.000532632,0,0.00106526
1774095786917,0.117676,-0.186035,0.993652,-0.0015979,-0.000532632,-0.00106526
1774095786997,0.118164,-0.186523,0.994629,0.000532632,0,0
1774095787067,0.118652,-0.187988,0.994629,0.000532632,-0.00106526,0
1774095787148,0.117676,-0.1875,0.993652,-0.000532632,-0.00106526,-0.000532632
1774095787229,0.116699,-0.187988,0.992188,0,-0.000532632,0.000532632
1774095787299,0.119141,-0.1875,0.993164,0.000532632,-0.00106526,0
1774095787380,0.118164,-0.187012,0.993164,0.000532632,-0.00106526,0.000532632
1774095787460,0.119141,-0.1875,0.994141,0,-0.000532632,0.000532632
1774095787531,0.117188,-0.185547,0.993164,0.000532632,0,0.000532632
1774095787611,0.117676,-0.185059,0.994141,0,-0.000532632,0
1774095787692,0.117188,-0.185059,0.992188,0,-0.000532632,-0.00106526
1774095787763,0.118652,-0.188477,0.992188,0,-0.00106526,0.000532632
1774095787843,0.119629,-0.187988,0.992676,0.000532632,-0.000532632,0.000532632
1774095787924,0.117188,-0.188477,0.991699,0,0,0
1774095787994,0.116699,-0.188965,0.993164,0.000532632,-0.0015979,0.00106526
1774095788075,0.117676,-0.188965,0.993164,-0.000532632,-0.00106526,0.00106526
1774095788146,0.119141,-0.187012,0.992188,0,-0.00106526,-0.000532632
1774095788226,0.118164,-0.188477,0.994141,0.00106526,-0.000532632,0.000532632
1774095788307,0.118652,-0.187988,0.991211,-0.000532632,-0.000532632,-0.00106526
1774095788378,0.118164,-0.187012,0.993652,0.00106526,-0.000532632,-0.000532632
1774095788458,0.118164,-0.187012,0.994141,0,-0.00213053,0.000532632
1774095788538,0.120117,-0.186523,0.992188,0,-0.000532632,0
1774095788609,0.117188,-0.188965,0.993652,0.000532632,-0.000532632,0
1774095788689,0.117676,-0.188965,0.992188,-0.000532632,-0.000532632,-0.000532632
1774095788770,0.117676,-0.187012,0.992188,0,-0.00106526,-0.00106526
1774095788840,0.118652,-0.186035,0.993164,0.000532632,-0.000532632,0
1774095788921,0.116211,-0.186035,0.993652,-0.00106526,-0.00106526,0.0015979
1774095789002,0.118652,-0.1875,0.990723,0.000532632,-0.00106526,-0.000532632
1774095789072,0.116699,-0.186035,0.993652,0,-0.000532632,0.000532632
1774095789153,0.118164,-0.185547,0.993164,0,-0.000532632,0.00106526
1774095789223,0.119629,-0.187012,0.993652,0,-0.0015979,0
1774095789304,0.118164,-0.187012,0.993164,-0.000532632,0,-0.000532632
1774095789384,0.116211,-0.185059,0.992188,0.000532632,-0.000532632,0
1774095789455,0.118164,-0.185547,0.993164,-0.000532632,0,0
1774095789535,0.115723,-0.187012,0.993652,-0.000532632,-0.0015979,0
1774095789616,0.117188,-0.185059,0.994141,-0.00106526,0,-0.000532632
1774095789687,0.119141,-0.187012,0.993652,0,-0.000532632,-0.000532632
1774095789767,0.117188,-0.186523,0.992188,0,0,0.00106526
1774095789848,0.116211,-0.187988,0.993652,0,-0.0015979,0
1774095789918,0.118652,-0.186523,0.991699,0.000532632,-0.00106526,0
1774095789999,0.116699,-0.189941,0.993652,0.00106526,-0.00106526,0
1774095790079,0.117188,-0.186523,0.993652,0,-0.000532632,0
1774095790150,0.118652,-0.186523,0.994141,0,-0.000532632,0.000532632
1774095790231,0.118652,-0.186035,0.994141,0,-0.0015979,0.000532632
1774095790311,0.118164,-0.186523,0.992676,0,0,0
1774095790382,0.118164,-0.1875,0.995117,-0.00106526,-0.000532632,-0.0015979
1774095790462,0.117676,-0.188477,0.993652,-0.000532632,0,0
1774095790533,0.118652,-0.189453,0.992188,0.000532632,-0.000532632,0
1774095790613,0.116699,-0.187012,0.992676,-0.000532632,-0.00106526,-0.000532632
1774095790694,0.118164,-0.1875,0.994141,0,-0.000532632,0.00106526
1774095790764,0.116699,-0.186523,0.993652,0.000532632,-0.000532632,0.000532632
1774095790845,0.118164,-0.187012,0.992188,-0.000532632,-0.000532632,-0.00106526
1774095790925,0.119141,-0.187988,0.992676,-0.000532632,-0.00106526,0.000532632
1774095790996,0.118164,-0.188477,0.993652,0.000532632,0,0.000532632
1774095791076,0.116211,-0.186523,0.992188,-0.000532632,-0.00106526,0.000532632
1774095791157,0.117188,-0.188477,0.991699,-0.000532632,0,-0.000532632
1774095791228,0.119141,-0.187988,0.993652,0,-0.00106526,0.000532632
1774095791308,0.116699,-0.187012,0.992676,0.00106526,0,-0.000532632
1774095791389,0.119629,-0.185547,0.991699,0.000532632,-0.000532632,0.000532632
1774095791459,0.118652,-0.185059,0.993652,0,0.000532632,0
1774095791540,0.118164,-0.187012,0.993652,0,-0.000532632,-0.000532632
1774095791610,0.117676,-0.1875,0.992188,0.000532632,-0.00106526,0
1774095791691,0.118164,-0.186523,0.994629,0,-0.00106526,0
1774095791771,0.119141,-0.1875,0.993652,0,0,-0.000532632
1774095791842,0.115723,-0.1875,0.994141,0,-0.00106526,-0.00106526
1774095791922,0.118652,-0.185547,0.993164,0,0,0.000532632
1774095792003,0.119141,-0.186523,0.994141,-0.000532632,-0.0015979,-0.00106526
1774095792073,0.118652,-0.185059,0.994141,0,0,0
1774095792154,0.118652,-0.187988,0.994629,0.000532632,0,-0.000532632
1774095792235,0.119141,-0.1875,0.993164,0,-0.000532632,0.000532632
1774095792305,0.119141,-0.186523,0.993164,-0.000532632,0,-0.000532632
1774095792386,0.117676,-0.187012,0.993164,0.000532632,-0.00106526,0
1774095792466,0.119629,-0.185059,0.993164,0,-0.00106526,0.00106526
1774095792536,0.118652,-0.186523,0.993164,-0.000532632,-0.000532632,-0.000532632
1774095792617,0.118652,-0.187988,0.993652,0.000532632,-0.00106526,0
1774095792698,0.119629,-0.186523,0.992188,-0.000532632,0,0.000532632
1774095792768,0.118164,-0.187012,0.991211,0.000532632,-0.00106526,-0.000532632
1774095792849,0.117188,-0.1875,0.993164,0.000532632,-0.000532632,0
1774095792919,0.116211,-0.187988,0.993164,0,-0.000532632,0.000532632
1774095793000,0.118164,-0.1875,0.993164,0,-0.000532632,-0.000532632
1774095793080,0.120117,-0.186523,0.994629,0.000532632,-0.00106526,-0.000532632
1774095793151,0.118164,-0.183594,0.992188,0.00106526,0,-0.000532632
1774095793231,0.118164,-0.186035,0.993164,0,0,0.000532632
1774095793312,0.118164,-0.1875,0.993652,0,0,0
1774095793382,0.116211,-0.185059,0.992676,0,-0.000532632,-0.000532632
1774095793463,0.117188,-0.185547,0.993164,0.000532632,-0.000532632,0
1774095793543,0.118164,-0.185059,0.993652,0,-0.00106526,-0.000532632
1774095793614,0.118652,-0.186523,0.993652,0.000532632,-0.000532632,0
1774095793694,0.117188,-0.186035,0.993652,0.000532632,-0.000532632,0
1774095793775,0.117676,-0.1875,0.993164,0,-0.00106526,-0.000532632
1774095793845,0.119141,-0.187012,0.992676,0.000532632,-0.0015979,0.000532632
1774095793926,0.117188,-0.185547,0.994141,0.000532632,-0.00106526,0
1774095794007,0.118652,-0.185547,0.994141,-0.000532632,-0.000532632,0.000532632
1774095794077,0.117676,-0.187988,0.993164,-0.000532632,-0.00106526,0
1774095794158,0.117676,-0.188477,0.993164,0,-0.00106526,-0.000532632
1774095794228,0.118652,-0.186035,0.993652,0,0,-0.00106526
1774095794309,0.117188,-0.187988,0.994141,-0.000532632,-0.00106526,0.000532632
1774095794390,0.118164,-0.185547,0.992676,-0.00106526,-0.0015979,0
1774095794460,0.118164,-0.187012,0.994141,0,-0.00106526,-0.000532632
1774095794540,0.117188,-0.188477,0.993164,0,0,-0.000532632
1774095794621,0.116699,-0.187988,0.993164,-0.00106526,-0.000532632,0
1774095794692,0.117676,-0.187012,0.994141,0,-0.000532632,0
1774095794774,0.118164,-0.1875,0.994141,0.000532632,-0.000532632,0.00106526
1774095794853,0.118164,-0.186035,0.993652,0.00106526,-0.000532632,-0.000532632
1774095794923,0.118652,-0.186035,0.992676,0,-0.000532632,0.000532632
1774095795004,0.117188,-0.187988,0.995605,0.00106526,-0.00106526,-0.000532632
1774095795084,0.117188,-0.1875,0.994141,-0.000532632,-0.00106526,0
1774095795155,0.117676,-0.185547,0.994141,0,0,0.000532632
1774095795236,0.117676,-0.187988,0.991211,0,-0.000532632,0
1774095795306,0.117676,-0.189453,0.992676,0.000532632,-0.000532632,-0.000532632
1774095795387,0.120605,-0.185059,0.993164,0,-0.0015979,0.000532632
1774095795467,0.119141,-0.186523,0.992188,0,-0.000532632,-0.000532632
1774095795538,0.118652,-0.1875,0.993652,0,-0.000532632,-0.000532632
1774095795618,0.117188,-0.187988,0.995605,0,-0.000532632,-0.00106526
1774095795699,0.117188,-0.1875,0.992188,0.000532632,-0.000532632,0.000532632
1774095795769,0.117676,-0.186035,0.992188,0.000532632,-0.000532632,-0.000532632
1774095795850,0.118164,-0.187988,0.993164,0.000532632,-0.00106526,0.000532632
1774095795930,0.116699,-0.189453,0.993164,-0.000532632,-0.00106526,-0.000532632
1774095796001,0.117676,-0.188965,0.992188,-0.00106526,-0.000532632,0
1774095796081,0.117676,-0.188477,0.993164,-0.00106526,-0.00106526,0
1774095796162,0.117676,-0.1875,0.993652,-0.000532632,0,0.000532632
1774095796232,0.118164,-0.185547,0.993652,0.000532632,-0.000532632,0
1774095796313,0.118164,-0.188477,0.994141,0.000532632,-0.0015979,-0.000532632
1774095796393,0.119141,-0.185059,0.994629,-0.000532632,-0.000532632,0
1774095796464,0.118652,-0.1875,0.994629,0.000532632,-0.000532632,0.000532632
1774095796544,0.116699,-0.186523,0.994629,-0.000532632,-0.00106526,0
1774095796625,0.118652,-0.188477,0.992188,0.000532632,-0.000532632,-0.000532632
1774095796695,0.117676,-0.187012,0.990234,0,-0.00106526,0
1774095796776,0.116699,-0.187012,0.991699,-0.00106526,0,-0.000532632
1774095796847,0.118652,-0.186523,0.992188,0.000532632,0,0
1774095796927,0.119141,-0.187012,0.994629,0,-0.00106526,0
1774095797008,0.116211,-0.187988,0.994629,-0.000532632,-0.00106526,0
1774095797078,0.118164,-0.186035,0.993164,-0.00106526,-0.00106526,0
1774095797159,0.118164,-0.188477,0.994141,0,-0.00106526,-0.000532632
1774095797239,0.116211,-0.185547,0.993164,0,-0.000532632,-0.000532632
1774095797310,0.116211,-0.188477,0.993652,0,0,0.000532632
1774095797390,0.117676,-0.187988,0.993652,0.00106526,-0.000532632,-0.000532632
1774095797471,0.117676,-0.186523,0.991699,0,-0.000532632,0.000532632
1774095797541,0.117188,-0.186523,0.993652,0.000532632,-0.00106526,0
1774095797622,0.115723,-0.188477,0.992676,0,0.000532632,0
1774095797703,0.116699,-0.188965,0.991211,0,-0.000532632,-0.0015979
1774095797773,0.118164,-0.1875,0.994629,-0.00106526,-0.000532632,0.000532632
1774095797854,0.119141,-0.187988,0.990723,-0.000532632,0,0
1774095797925,0.118164,-0.186523,0.991699,0.00106526,-0.000532632,0.000532632
1774095798005,0.116211,-0.188965,0.990723,0,-0.000532632,0
1774095798085,0.118652,-0.189453,0.992676,0,-0.000532632,0
1774095798156,0.118652,-0.186523,0.991699,-0.000532632,-0.00106526,0
1774095798237,0.120117,-0.185547,0.992676,0,-0.000532632,-0.00106526
1774095798317,0.116699,-0.187988,0.991699,0.000532632,-0.00106526,0
1774095798388,0.119141,-0.187988,0.995605,0.000532632,0,0
1774095798468,0.117188,-0.188477,0.990723,-0.000532632,-0.000532632,-0.000532632
1774095798549,0.116699,-0.187988,0.992676,0.000532632,-0.00106526,0
1774095798619,0.117676,-0.187012,0.992188,-0.000532632,-0.000532632,-0.000532632
1774095798700,0.117676,-0.188965,0.993164,0,-0.00106526,0
1774095798770,0.117676,-0.185547,0.993652,0,-0.00106526,0
1774095798851,0.118164,-0.187988,0.992676,-0.000532632,-0.00106526,0.000532632
1774095798931,0.119141,-0.186523,0.991699,0,0,-0.000532632
1774095799012,0.117676,-0.187012,0.991699,0,-0.0015979,0.000532632
1774095799082,0.117188,-0.186523,0.992676,0,-0.000532632,0.000532632
1774095799163,0.116211,-0.186523,0.992676,0.00106526,0,0
1774095799234,0.117188,-0.187988,0.991211,-0.000532632,-0.00106526,0
1774095799314,0.116699,-0.188965,0.991211,-0.00106526,-0.000532632,0.00106526
1774095799395,0.117676,-0.187012,0.993164,0,-0.00106526,0
1774095799465,0.118164,-0.186523,0.990234,0,0,0
1774095799546,0.117188,-0.186523,0.992188,0,-0.000532632,0
1774095799626,0.118652,-0.185547,0.992676,0,-0.00106526,0
1774095799697,0.115723,-0.1875,0.992188,0.000532632,-0.00106526,-0.000532632
1774095799777,0.118164,-0.1875,0.992188,0,-0.000532632,0.000532632
1774095799858,0.118164,-0.186035,0.992676,0.000532632,-0.000532632,0
1774095799928,0.117676,-0.186523,0.992676,0,-0.000532632,0
1774095800009,0.118652,-0.187012,0.991699,0.000532632,-0.000532632,-0.000532632
1774095800089,0.118652,-0.1875,0.993164,0,-0.000532632,0
1774095800160,0.118164,-0.186523,0.992188,-0.000532632,-0.000532632,-0.000532632
1774095800240,0.118164,-0.187988,0.993652,0,-0.00106526,-0.000532632
1774095800321,0.116699,-0.1875,0.994141,0.00106526,-0.00106526,0
1774095800392,0.118164,-0.186523,0.991211,0.0015979,0,-0.000532632
1774095800472,0.117188,-0.187988,0.992676,-0.000532632,-0.000532632,0
1774095800543,0.117676,-0.185547,0.990723,0.000532632,-0.00106526,0
1774095800624,0.117676,-0.188965,0.992188,0,-0.000532632,0
1774095800704,0.117676,-0.1875,0.991699,0,-0.00106526,-0.000532632
1774095800774,0.118652,-0.187012,0.992676,-0.00106526,-0.00106526,0
1774095800855,0.118652,-0.188477,0.992676,0.000532632,-0.000532632,0
1774095800935,0.115723,-0.1875,0.993652,0,-0.00106526,0
1774095801006,0.119141,-0.187012,0.992676,-0.000532632,-0.000532632,0
1774095801086,0.117676,-0.187988,0.992188,-0.000532632,-0.00106526,0.000532632
1774095801167,0.115723,-0.189453,0.992188,0,0,0
1774095801237,0.117188,-0.187012,0.991211,0,-0.000532632,-0.000532632
1774095801318,0.117188,-0.187988,0.990234,0.00106526,-0.00106526,-0.000532632
1774095801398,0.117676,-0.186035,0.990723,0.000532632,-0.000532632,0.0015979
1774095801469,0.117188,-0.188477,0.992188,0,-0.0015979,0.000532632
1774095801549,0.117676,-0.185547,0.992676,-0.00106526,-0.00106526,0
1774095801620,0.116699,-0.187988,0.994141,-0.000532632,-0.000532632,0.000532632
1774095801700,0.118164,-0.1875,0.991699,-0.000532632,-0.00106526,-0.000532632
1774095801781,0.116699,-0.187988,0.992676,-0.000532632,-0.00106526,-0.000532632
1774095801852,0.117188,-0.188477,0.992676,-0.00106526,-0.00106526,-0.0015979
1774095801932,0.116699,-0.186523,0.992676,0.000532632,-0.00106526,0.000532632
1774095802013,0.119141,-0.187012,0.992188,0.000532632,-0.00106526,-0.000532632
1774095802083,0.118164,-0.187988,0.993652,0.00106526,-0.00106526,-0.00106526
1774095802164,0.117188,-0.1875,0.992188,-0.000532632,0,0
1774095802244,0.117188,-0.187012,0.992676,0,-0.00106526,0
1774095802315,0.118164,-0.187012,0.993164,-0.00106526,-0.00106526,-0.000532632
1774095802395,0.117676,-0.1875,0.990723,-0.000532632,-0.000532632,0
1774095802476,0.116211,-0.187012,0.995605,-0.000532632,-0.000532632,-0.000532632
1774095802546,0.118652,-0.188965,0.990723,0,0,-0.000532632
1774095802627,0.118652,-0.186035,0.993652,-0.000532632,0,-0.000532632
1774095802708,0.115723,-0.186035,0.993652,0,-0.000532632,0
1774095802779,0.119141,-0.186035,0.992188,0,0,0.000532632
1774095802858,0.117188,-0.186523,0.991699,-0.000532632,-0.00106526,0
1774095802929,0.118164,-0.187012,0.992188,-0.000532632,-0.000532632,0.000532632
1774095803009,0.117188,-0.1875,0.991211,0,-0.000532632,0.000532632
1774095803091,0.117676,-0.188477,0.992188,0,-0.000532632,0.0015979
1774095803161,0.117188,-0.188965,0.990723,0,-0.00106526,0.000532632
1774095803241,0.117676,-0.1875,0.992676,0.000532632,-0.000532632,0.000532632
1774095803322,0.120117,-0.187988,0.993652,0,0,0.000532632
1774095803392,0.117676,-0.188965,0.993652,-0.00106526,-0.0015979,0
1774095803473,0.117188,-0.186035,0.993652,-0.00106526,-0.0015979,0.00106526
1774095803553,0.117676,-0.187988,0.994629,0.000532632,-0.000532632,0
1774095803624,0.117188,-0.1875,0.992676,0.000532632,-0.000532632,0.000532632
1774095803704,0.118164,-0.1875,0.993164,0,-0.00106526,0.000532632
1774095803785,0.116211,-0.187988,0.993164,0,-0.00106526,-0.000532632
1774095803855,0.118164,-0.188477,0.993164,-0.000532632,-0.00106526,0
1774095803936,0.116699,-0.187988,0.994629,0.000532632,-0.00106526,0
1774095804016,0.117188,-0.186523,0.992676,0.000532632,0,0.0015979
1774095804087,0.119629,-0.1875,0.992188,0,-0.000532632,-0.000532632
1774095804168,0.118164,-0.186035,0.993164,0.000532632,-0.000532632,-0.000532632
1774095804238,0.117188,-0.187988,0.992188,0.000532632,-0.0015979,0
1774095804318,0.117676,-0.186523,0.993652,0.00106526,-0.000532632,-0.000532632
1774095804399,0.119629,-0.187012,0.993164,0.000532632,-0.00106526,-0.00106526
1774095804469,0.117188,-0.1875,0.991699,0,0.000532632,0.000532632
1774095804550,0.116699,-0.187012,0.991211,-0.000532632,-0.00106526,0
1774095804631,0.118164,-0.186523,0.993164,0.000532632,0,0
1774095804701,0.117188,-0.188965,0.993652,0,-0.00106526,0
1774095804782,0.120117,-0.188477,0.992676,-0.000532632,-0.00106526,0.00106526
1774095804862,0.117676,-0.186523,0.994141,0,-0.00106526,-0.000532632
1774095804933,0.118652,-0.187012,0.992188,0,-0.000532632,0.000532632
1774095805013,0.116699,-0.188477,0.993652,0.000532632,-0.0015979,0
1774095805094,0.118164,-0.185059,0.994629,0,-0.0015979,-0.000532632
1774095805164,0.119141,-0.185547,0.990723,0,-0.00106526,0.000532632
1774095805245,0.118652,-0.186035,0.993652,0,-0.000532632,0.0015979
1774095805325,0.119629,-0.186523,0.993652,0.000532632,-0.00106526,0
1774095805396,0.117188,-0.187012,0.993164,0.000532632,-0.00106526,0.00106526
1774095805477,0.119141,-0.1875,0.993164,0.000532632,-0.0015979,-0.000532632
1774095805547,0.116211,-0.185547,0.991699,-0.000532632,-0.0015979,0
1774095805628,0.118652,-0.1875,0.992676,-0.0015979,-0.000532632,0.000532632
1774095805708,0.116699,-0.187012,0.993652,0.000532632,-0.0015979,0.000532632
1774095805779,0.118652,-0.188477,0.993164,-0.000532632,-0.0015979,0.000532632
1774095805859,0.118652,-0.187988,0.990234,-0.000532632,0,-0.000532632
1774095805940,0.117676,-0.187988,0.992676,-0.000532632,-0.00106526,0
1774095806010,0.118652,-0.185059,0.992188,-0.000532632,-0.0015979,0
1774095806091,0.117676,-0.187988,0.992676,-0.000532632,-0.000532632,0
1774095806171,0.116211,-0.188965,0.991699,-0.000532632,-0.000532632,-0.000532632
1774095806242,0.118652,-0.1875,0.991699,0.000532632,0,0
1774095806322,0.119629,-0.186035,0.990723,0,-0.000532632,0.0015979
1774095806403,0.116211,-0.186523,0.991699,0.000532632,-0.000532632,-0.000532632
1774095806474,0.116211,-0.187012,0.992676,-0.000532632,-0.00106526,0
1774095806554,0.118652,-0.189453,0.991699,0.000532632,0,0.000532632
1774095806634,0.118164,-0.187012,0.992676,0.000532632,-0.000532632,-0.000532632
1774095806705,0.117188,-0.187012,0.991699,0,-0.00106526,0
1774095806785,0.117676,-0.188965,0.992188,0.000532632,-0.000532632,-0.000532632
1774095806856,0.120605,-0.1875,0.990723,0,-0.000532632,-0.000532632
1774095806937,0.118164,-0.1875,0.992676,0,-0.00106526,0.000532632
1774095807017,0.118164,-0.187988,0.992676,0.000532632,-0.000532632,0
1774095807087,0.117676,-0.187012,0.994141,-0.000532632,-0.00106526,0.000532632
1774095807168,0.119141,-0.186035,0.994141,0.000532632,-0.00106526,0
1774095807249,0.118652,-0.186523,0.992676,0,-0.000532632,0
1774095807319,0.117676,-0.186035,0.994141,-0.000532632,-0.00106526,-0.000532632
1774095807400,0.118164,-0.187012,0.991699,0.000532632,-0.000532632,-0.000532632
1774095807480,0.119629,-0.1875,0.992676,0,-0.0015979,0.000532632
1774095807551,0.117188,-0.185547,0.992676,0,0,0
1774095807631,0.117676,-0.186523,0.992676,0,-0.000532632,0.000532632
1774095807712,0.118164,-0.186035,0.992188,0.000532632,-0.000532632,0.000532632
1774095807782,0.119629,-0.1875,0.992188,0,-0.000532632,-0.000532632
1774095807863,0.116699,-0.189941,0.990723,-0.000532632,0,-0.000532632
1774095807943,0.117188,-0.187012,0.991211,-0.000532632,-0.000532632,0
1774095808014,0.118164,-0.187012,0.992676,0.00106526,-0.00106526,-0.000532632
1774095808094,0.116699,-0.188965,0.995117,-0.00213053,-0.0015979,-0.000532632
1774095808165,0.117676,-0.188477,0.994629,0.00106526,-0.00106526,-0.000532632
1774095808246,0.118652,-0.187012,0.994629,0.00106526,-0.00106526,-0.00106526
1774095808326,0.117188,-0.185547,0.994141,0.00106526,-0.00106526,-0.000532632
1774095808397,0.120117,-0.186035,0.992188,0,-0.0015979,0.000532632
1774095808477,0.119141,-0.186523,0.992676,0.00106526,-0.00106526,0
1774095808558,0.117676,-0.186523,0.994141,0.00106526,-0.000532632,0.00106526
1774095808628,0.116699,-0.1875,0.993652,0.000532632,-0.00106526,0
1774095808709,0.118164,-0.188965,0.993652,-0.000532632,-0.00106526,0
1774095808789,0.118164,-0.185547,0.992676,0.00106526,-0.000532632,0
1774095808860,0.116211,-0.188477,0.992676,0,-0.000532632,-0.000532632
1774095808941,0.118652,-0.1875,0.994141,0.000532632,-0.000532632,0.000532632
1774095809021,0.120605,-0.187988,0.991699,0.000532632,-0.00106526,0
1774095809092,0.119141,-0.187988,0.994141,0.000532632,-0.000532632,0
1774095809172,0.118164,-0.185547,0.992188,0,-0.000532632,-0.000532632
1774095809253,0.119141,-0.187012,0.993164,-0.000532632,-0.00106526,-0.000532632
1774095809323,0.116211,-0.1875,0.992188,-0.000532632,-0.000532632,0.000532632
1774095809404,0.121094,-0.188477,0.992188,0,-0.00106526,0.000532632
1774095809474,0.117188,-0.188965,0.991699,0.000532632,-0.000532632,0
1774095809555,0.116699,-0.188477,0.993164,0.000532632,0,-0.000532632
1774095809635,0.118164,-0.187988,0.991211,0,-0.0015979,0.000532632
1774095809706,0.116699,-0.187988,0.993652,-0.000532632,-0.00106526,0
1774095809786,0.117188,-0.188477,0.994141,0.00106526,-0.000532632,0.000532632
1774095809867,0.120117,-0.186523,0.992676,0,0.000532632,0.00106526
1774095809937,0.117188,-0.186523,0.994141,0,0,0
1774095810018,0.115723,-0.187012,0.992676,0.000532632,-0.0015979,0.000532632
1774095810098,0.118652,-0.1875,0.991211,-0.000532632,-0.00106526,-0.000532632
1774095810169,0.118164,-0.187012,0.993652,-0.00106526,-0.000532632,0
1774095810250,0.117188,-0.188477,0.992676,0,-0.00106526,-0.00106526
1774095810330,0.118652,-0.187012,0.993164,-0.000532632,-0.000532632,0
1774095810401,0.117188,-0.187012,0.991699,0,-0.000532632,-0.000532632
1774095810481,0.118164,-0.187012,0.993652,0,-0.00106526,-0.000532632
1774095810562,0.118652,-0.187988,0.992676,0.000532632,-0.000532632,0.000532632
1774095810632,0.116211,-0.187012,0.993164,0,-0.000532632,-0.000532632
1774095810713,0.116699,-0.188477,0.992188,0,-0.000532632,-0.000532632
1774095810783,0.118652,-0.1875,0.994141,0.00106526,-0.00106526,0
1774095810864,0.117676,-0.185547,0.994141,-0.000532632,0,0
1774095810944,0.119141,-0.186035,0.993164,0.000532632,-0.00106526,0.000532632
1774095811015,0.117676,-0.1875,0.994141,-0.00106526,-0.000532632,0
1774095811095,0.119141,-0.186035,0.992188,-0.000532632,-0.000532632,0
1774095811176,0.119629,-0.187988,0.993164,0.00106526,0.000532632,0
1774095811246,0.120117,-0.186523,0.992188,0,-0.000532632,0.00106526
1774095811327,0.118652,-0.187988,0.994141,0.000532632,0,0.00106526
1774095811407,0.116699,-0.187012,0.995605,0.000532632,-0.000532632,0.000532632
1774095811478,0.117188,-0.18457,0.993164,0,-0.00106526,0.000532632
1774095811558,0.119141,-0.187988,0.993652,0,-0.00106526,0.000532632
1774095811639,0.116699,-0.187012,0.994629,0.00106526,-0.00106526,0
1774095811709,0.118164,-0.186035,0.992676,0.000532632,0,-0.000532632
1774095811790,0.119141,-0.1875,0.993652,-0.000532632,-0.000532632,0
1774095811871,0.119141,-0.187012,0.994629,0.000532632,0,-0.000532632
1774095811941,0.117676,-0.187988,0.994141,-0.00106526,-0.00106526,0.00106526
1774095812022,0.118652,-0.187012,0.995605,0.000532632,0.000532632,0.000532632
1774095812092,0.118164,-0.1875,0.992676,-0.00106526,-0.00106526,0.00106526
1774095812173,0.117188,-0.185547,0.993652,0.000532632,-0.000532632,0.000532632
1774095812253,0.115723,-0.188477,0.993164,0,-0.00106526,-0.00106526
1774095812324,0.118652,-0.187012,0.992676,-0.000532632,-0.000532632,-0.000532632
1774095812404,0.119141,-0.188477,0.992676,0,-0.00106526,0
1774095812485,0.117188,-0.187988,0.992188,0,-0.00106526,0.000532632
1774095812555,0.118164,-0.188965,0.992188,0.000532632,-0.00106526,-0.000532632
1774095812636,0.118164,-0.186523,0.994629,-0.000532632,-0.00106526,-0.000532632
1774095812716,0.116699,-0.1875,0.993652,0.000532632,-0.00106526,-0.00106526
1774095812787,0.118652,-0.1875,0.994629,0,-0.00106526,0.000532632
1774095812867,0.118164,-0.188477,0.994141,-0.000532632,-0.00106526,0.000532632
1774095812948,0.118164,-0.185547,0.995117,0,-0.000532632,0
1774095813018,0.118652,-0.187988,0.994141,-0.00106526,-0.000532632,-0.000532632
1774095813099,0.119141,-0.187012,0.992676,0.000532632,0,0
1774095813180,0.116699,-0.186035,0.992676,-0.000532632,-0.0015979,0
1774095813250,0.118652,-0.187012,0.994629,-0.00106526,-0.000532632,0.00106526
1774095813331,0.118164,-0.188477,0.991211,-0.000532632,-0.000532632,-0.00106526
1774095813411,0.118164,-0.188965,0.991699,-0.000532632,-0.000532632,0.000532632
1774095813482,0.118164,-0.187012,0.991699,0.000532632,-0.00106526,0
1774095813562,0.119629,-0.187988,0.991699,0.000532632,-0.00106526,-0.000532632
1774095813633,0.118164,-0.187988,0.992188,0,-0.000532632,0
1774095813713,0.119141,-0.189453,0.994141,-0.000532632,-0.000532632,0.000532632
1774095813794,0.116699,-0.186523,0.989258,0.000532632,-0.00106526,0.000532632
1774095813864,0.119141,-0.188477,0.993164,0.000532632,-0.000532632,0
1774095813945,0.119141,-0.187012,0.994141,0.000532632,-0.00106526,0
1774095814025,0.118164,-0.187012,0.991699,0,-0.00106526,0
1774095814096,0.118164,-0.185547,0.992676,0.000532632,0,0
1774095814176,0.118164,-0.188965,0.991699,0.000532632,0,0.000532632
1774095814257,0.117676,-0.188477,0.991211,-0.00106526,-0.00106526,0
1774095814327,0.118164,-0.189453,0.991699,-0.00106526,-0.00106526,0.000532632
1774095814409,0.119141,-0.1875,0.992188,0,-0.000532632,0.000532632
1774095814489,0.118652,-0.187988,0.993652,0.000532632,-0.000532632,0
1774095814559,0.118652,-0.189453,0.991699,-0.000532632,0.000532632,0.000532632
1774095814640,0.118164,-0.186523,0.993164,0,0.000532632,0
1774095814720,0.117188,-0.188477,0.991699,0.000532632,-0.000532632,0
1774095814791,0.117188,-0.1875,0.992676,-0.000532632,-0.000532632,0
1774095814871,0.116699,-0.187988,0.994141,0,0,0
1774095814942,0.118652,-0.1875,0.991211,-0.00106526,-0.000532632,0
1774095815022,0.119141,-0.186035,0.992188,-0.000532632,-0.000532632,-0.000532632
1774095815103,0.119141,-0.187988,0.992188,0.000532632,-0.00106526,-0.000532632
1774095815173,0.118164,-0.185547,0.991699,0.000532632,-0.0015979,0.000532632
1774095815254,0.118164,-0.185547,0.993652,0,-0.000532632,0
1774095815334,0.118652,-0.188477,0.993652,0,0,-0.000532632
1774095815405,0.117676,-0.187012,0.993164,0.00106526,0,0.0015979
1774095815485,0.118164,-0.186523,0.992188,0,-0.000532632,-0.000532632
1774095815566,0.117676,-0.1875,0.994141,0.000532632,0.000532632,0
1774095815636,0.118164,-0.189453,0.991211,0,0.000532632,0.000532632
1774095815717,0.118652,-0.185547,0.995605,0.000532632,-0.000532632,0
1774095815798,0.118164,-0.187988,0.993652,-0.000532632,-0.00106526,0.000532632
1774095815868,0.118164,-0.186523,0.991211,0,-0.00106526,0
1774095815948,0.117676,-0.188477,0.994629,-0.000532632,-0.0015979,0.00106526
1774095816029,0.116699,-0.188477,0.992188,0,-0.0015979,0.000532632
1774095816099,0.119629,-0.186523,0.993164,0,-0.000532632,0.0015979
1774095816180,0.114258,-0.188965,0.993164,0.000532632,-0.000532632,-0.00106526
1774095816251,0.116699,-0.187012,0.995117,-0.00106526,-0.00106526,0
1774095816331,0.117676,-0.187988,0.992676,-0.000532632,0.0015979,-0.000532632
1774095816412,0.117676,-0.187012,0.993652,-0.000532632,-0.000532632,0
1774095816482,0.117188,-0.188965,0.993164,0,-0.0015979,0.000532632
1774095816563,0.120117,-0.186523,0.992188,0,-0.00106526,0
1774095816643,0.119141,-0.1875,0.991699,0,0.000532632,0
1774095816714,0.116699,-0.186523,0.991699,0,-0.000532632,0.000532632
1774095816794,0.115723,-0.187012,0.993164,0,-0.000532632,0.00106526
1774095816875,0.118164,-0.187988,0.991211,-0.000532632,0,0.000532632
1774095816945,0.119141,-0.187988,0.992188,-0.00106526,-0.00106526,0.00106526
1774095817026,0.117676,-0.185547,0.991699,-0.000532632,0,0.000532632
1774095817106,0.119141,-0.187988,0.994629,0,0,-0.000532632
1774095817177,0.118164,-0.186523,0.992188,-0.00106526,0,-0.000532632
1774095817257,0.117188,-0.187012,0.992676,-0.000532632,-0.00106526,0.00106526
1774095817338,0.117188,-0.189453,0.992188,0,-0.000532632,0
1774095817409,0.115723,-0.188965,0.994141,-0.000532632,-0.0015979,0.00106526
1774095817489,0.118164,-0.1875,0.993164,-0.000532632,-0.000532632,0
1774095817560,0.117676,-0.186035,0.994141,-0.00106526,-0.0015979,-0.000532632
1774095817640,0.117676,-0.186523,0.992676,-0.000532632,-0.0015979,0
1774095817721,0.116211,-0.1875,0.992188,0,-0.0015979,-0.0015979
1774095817791,0.115723,-0.188477,0.992188,0,-0.00106526,-0.000532632
1774095817872,0.117188,-0.187012,0.992676,0,-0.000532632,0
1774095817952,0.118164,-0.188965,0.994141,0.000532632,-0.00106526,-0.000532632
1774095818023,0.120117,-0.186523,0.990234,0.000532632,-0.000532632,0
1774095818103,0.114746,-0.1875,0.992676,0.000532632,-0.00106526,0
1774095818184,0.117676,-0.188477,0.993164,-0.000532632,0.000532632,-0.00106526
1774095818254,0.118164,-0.186523,0.992188,0.000532632,-0.0015979,0
1774095818335,0.115234,-0.187988,0.993164,0.000532632,-0.000532632,-0.000532632
1774095818416,0.117188,-0.185547,0.992676,0,-0.000532632,0
1774095818486,0.120117,-0.188965,0.991699,-0.00106526,-0.000532632,0
1774095818566,0.118652,-0.186035,0.993164,-0.000532632,0,-0.000532632
1774095818647,0.117188,-0.188965,0.993652,0,-0.00106526,-0.000532632
1774095818718,0.118652,-0.186035,0.991211,-0.0015979,-0.000532632,0
1774095818798,0.118164,-0.1875,0.994629,0.000532632,-0.000532632,0.000532632
1774095818869,0.117676,-0.186035,0.993652,0,-0.000532632,0.000532632
1774095818949,0.117188,-0.187012,0.993652,0,-0.00106526,0.000532632
1774095819030,0.116699,-0.1875,0.991699,0.000532632,-0.00106526,-0.00106526
1774095819100,0.118652,-0.185547,0.993652,0,-0.00106526,0
1774095819181,0.117676,-0.1875,0.994141,0.000532632,-0.0015979,0
1774095819261,0.117676,-0.1875,0.992676,0.000532632,-0.000532632,0
1774095819332,0.117676,-0.1875,0.994141,-0.000532632,0,0
1774095819412,0.118652,-0.187988,0.993652,-0.00106526,0,0.000532632
1774095819493,0.117188,-0.183594,0.992188,-0.000532632,-0.000532632,-0.000532632
1774095819563,0.119141,-0.187012,0.994629,0,-0.00106526,0.000532632
1774095819644,0.115723,-0.187012,0.993652,0.000532632,0,0
1774095819724,0.116699,-0.187988,0.993164,-0.00106526,-0.00106526,0.000532632
1774095819795,0.116699,-0.187012,0.992676,0.000532632,-0.000532632,0
1774095819875,0.116211,-0.188965,0.990723,-0.000532632,-0.000532632,0
1774095819956,0.118652,-0.187988,0.993164,0,-0.000532632,-0.00106526
1774095820027,0.118652,-0.1875,0.992188,0,0.000532632,0
1774095820107,0.118164,-0.188965,0.993652,-0.000532632,-0.00213053,0
1774095820177,0.118652,-0.187012,0.993652,0,-0.00106526,0.000532632
1774095820258,0.118164,-0.186523,0.992188,0.000532632,-0.00106526,-0.000532632
1774095820339,0.118164,-0.1875,0.992676,0,-0.00106526,-0.00106526
1774095820409,0.119141,-0.187012,0.994629,-0.000532632,0,-0.000532632
1774095820490,0.118164,-0.188477,0.993164,0.00106526,-0.000532632,0.000532632
1774095820571,0.117188,-0.187988,0.993652,0,0,0
1774095820641,0.118652,-0.186523,0.992676,0.000532632,0,-0.000532632
1774095820721,0.117188,-0.187988,0.993164,0,0,0
1774095820802,0.117676,-0.186523,0.994141,0.000532632,-0.00106526,0
1774095820872,0.116699,-0.185547,0.991699,0.000532632,-0.00106526,0.00106526
1774095820953,0.117188,-0.187012,0.993652,0,-0.000532632,0.000532632
1774095821034,0.116699,-0.186523,0.992188,0.000532632,0,-0.000532632
1774095821104,0.117188,-0.187988,0.992676,0.00106526,-0.00106526,0.000532632
1774095821185,0.116699,-0.187988,0.992676,0,-0.00106526,0
1774095821265,0.119141,-0.188965,0.994141,0,-0.00106526,0.000532632
1774095821336,0.116211,-0.187988,0.993652,0.00106526,-0.000532632,0.000532632
1774095821417,0.116699,-0.18457,0.991699,-0.000532632,-0.00106526,0.00106526
1774095821487,0.117188,-0.186523,0.995117,0,-0.00106526,0.000532632
1774095821567,0.120117,-0.18457,0.993164,0.0015979,-0.0015979,-0.000532632
1774095821648,0.115723,-0.1875,0.992188,0,-0.00106526,-0.000532632
1774095821718,0.117676,-0.187988,0.992676,0.000532632,-0.00106526,-0.000532632
1774095821799,0.117676,-0.185547,0.993164,-0.000532632,0,-0.00106526
1774095821880,0.118652,-0.187012,0.992188,0.000532632,-0.000532632,-0.000532632
1774095821950,0.114746,-0.187988,0.992676,0.00106526,-0.0015979,0
1774095822031,0.118652,-0.1875,0.993652,0,-0.000532632,0.000532632
1774095822111,0.119141,-0.186523,0.993652,0.00106526,-0.00106526,0
1774095822182,0.116699,-0.187988,0.992676,0.000532632,-0.000532632,-0.000532632
1774095822262,0.117676,-0.187012,0.994141,-0.00106526,-0.000532632,0
1774095822343,0.119141,-0.186523,0.992188,0,0,0.000532632
1774095822414,0.117676,-0.18457,0.992188,0.000532632,-0.000532632,0
1774095822495,0.118164,-0.186523,0.991699,0.000532632,-0.00106526,0.000532632
1774095822565,0.117188,-0.187988,0.993652,0,0.000532632,-0.000532632
1774095822646,0.118652,-0.1875,0.993652,-0.000532632,-0.0015979,0.00106526
1774095822726,0.119629,-0.186035,0.994141,-0.000532632,-0.000532632,-0.000532632
1774095822797,0.116699,-0.186035,0.995117,0.000532632,-0.000532632,0
1774095822877,0.119629,-0.1875,0.991699,0.000532632,-0.00106526,-0.000532632
1774095822958,0.118652,-0.187988,0.993164,0,0,0.000532632
1774095823028,0.117188,-0.1875,0.992676,0,-0.00106526,0
1774095823109,0.119141,-0.187012,0.993652,0,-0.000532632,0
1774095823190,0.119141,-0.188477,0.992676,-0.0015979,-0.00106526,0
1774095823260,0.119629,-0.187012,0.993164,0.000532632,-0.000532632,0
1774095823340,0.118164,-0.186035,0.991699,0,-0.000532632,0.00106526
1774095823411,0.117676,-0.187012,0.992676,0,-0.000532632,0
1774095823491,0.117188,-0.186523,0.993164,0,0.000532632,-0.000532632
1774095823572,0.118164,-0.186035,0.993164,0.00106526,0,0
1774095823642,0.116699,-0.188965,0.991699,0.000532632,-0.0015979,0.000532632
1774095823723,0.118652,-0.1875,0.993652,-0.000532632,-0.0015979,0
1774095823804,0.117188,-0.188477,0.994629,0,-0.000532632,0
1774095823874,0.118164,-0.1875,0.994629,-0.000532632,-0.000532632,-0.000532632
1774095823955,0.118652,-0.1875,0.993652,0,-0.00106526,0.00106526
1774095824035,0.116699,-0.189453,0.992676,0,-0.0015979,0
1774095824106,0.119141,-0.186523,0.993652,0,-0.000532632,-0.00106526
1774095824186,0.117676,-0.186035,0.993164,0,-0.00106526,0.000532632
1774095824267,0.117676,-0.186035,0.992188,0,-0.000532632,0
1774095824337,0.118652,-0.185547,0.993164,0.00106526,-0.000532632,0
1774095824418,0.116211,-0.186523,0.992188,0,-0.000532632,0.000532632
1774095824498,0.118652,-0.188477,0.992676,-0.000532632,-0.00106526,-0.000532632
1774095824569,0.115723,-0.1875,0.993652,-0.000532632,-0.000532632,0
1774095824649,0.117188,-0.187012,0.993652,0.000532632,0,-0.000532632
1774095824730,0.117188,-0.187012,0.991699,0.000532632,-0.000532632,-0.000532632
1774095824800,0.120117,-0.185547,0.992676,0,-0.000532632,0.000532632
1774095824881,0.116211,-0.186523,0.991211,-0.00106526,-0.00106526,0.00106526
1774095824952,0.117676,-0.187988,0.994629,0,-0.0015979,0.000532632
1774095825032,0.119141,-0.187988,0.993652,-0.000532632,-0.00106526,0.000532632
1774095825113,0.118652,-0.1875,0.993652,0,-0.0015979,0.000532632
1774095825183,0.118652,-0.186523,0.993652,0.000532632,-0.000532632,-0.000532632
1774095825264,0.118164,-0.190918,0.993652,0,-0.00106526,-0.0015979
1774095825344,0.117676,-0.1875,0.992188,-0.000532632,-0.00106526,0
1774095825415,0.116211,-0.1875,0.993652,0,-0.00106526,-0.000532632
1774095825495,0.118652,-0.188477,0.992676,-0.000532632,-0.000532632,0.000532632
1774095825576,0.116699,-0.1875,0.992188,0.000532632,0,-0.000532632
1774095825646,0.116699,-0.187988,0.993652,0.000532632,-0.00106526,0.000532632
1774095825727,0.118164,-0.186523,0.992188,0,-0.00106526,-0.00106526
1774095825808,0.118164,-0.189453,0.992676,0.000532632,-0.00106526,0
1774095825878,0.119141,-0.187988,0.991211,0.000532632,-0.000532632,0
1774095825959,0.117676,-0.187988,0.992676,0.000532632,-0.000532632,0.000532632
1774095826029,0.118652,-0.187012,0.994629,0,0,0.000532632
1774095826110,0.115723,-0.187988,0.992188,0,-0.00106526,0.000532632
1774095826190,0.119141,-0.186523,0.993652,0,-0.00106526,0
1774095826261,0.118164,-0.188965,0.994141,0,-0.000532632,0.000532632
1774095826341,0.116699,-0.186035,0.993652,0,-0.000532632,0.000532632
1774095826422,0.120605,-0.1875,0.990723,-0.00106526,-0.000532632,0.00106526
1774095826492,0.114746,-0.188965,0.992676,0,-0.00106526,0.00106526
1774095826573,0.116699,-0.188477,0.993164,0,-0.000532632,0
1774095826654,0.118164,-0.188477,0.993164,0.000532632,0,-0.00106526
1774095826724,0.119629,-0.188477,0.992676,0.000532632,-0.0015979,-0.000532632
1774095826805,0.118164,-0.186523,0.992676,0,-0.000532632,0
1774095826885,0.118164,-0.187988,0.991211,0.000532632,-0.000532632,0
1774095826956,0.116211,-0.186523,0.992676,0.000532632,-0.000532632,0
1774095827036,0.118164,-0.185547,0.992676,0.000532632,-0.000532632,-0.000532632
1774095827117,0.117188,-0.188477,0.994141,0.000532632,-0.0015979,-0.000532632
1774095827187,0.118652,-0.186523,0.993164,0.00106526,-0.000532632,0
1774095827268,0.116211,-0.188477,0.991211,0.000532632,-0.000532632,-0.000532632
1774095827338,0.117676,-0.185547,0.992676,0,-0.00106526,0.00106526
1774095827419,0.116699,-0.187012,0.993164,0.00106526,-0.00106526,-0.00106526
1774095827499,0.118164,-0.188965,0.992188,0,-0.000532632,0
1774095827570,0.118164,-0.187988,0.993164,0,-0.000532632,0
1774095827650,0.118164,-0.188477,0.990723,-0.000532632,0,-0.00106526
1774095827731,0.116699,-0.187012,0.992188,-0.000532632,-0.00106526,-0.00106526
1774095827801,0.118652,-0.1875,0.993652,0.000532632,-0.000532632,0.000532632
1774095827882,0.117676,-0.187012,0.990723,-0.000532632,-0.0015979,0.00106526
1774095827963,0.117188,-0.1875,0.991211,-0.000532632,-0.00106526,-0.00106526
1774095828033,0.119629,-0.1875,0.992188,0.000532632,0.000532632,0.0015979
1774095828113,0.119629,-0.186523,0.991699,-0.000532632,-0.00106526,-0.000532632
1774095828194,0.116211,-0.1875,0.992676,0.00106526,-0.000532632,0.000532632
1774095828264,0.114746,-0.186523,0.993164,0,0.000532632,0
1774095828345,0.116699,-0.1875,0.991699,0.000532632,0,0.000532632
1774095828426,0.116699,-0.188477,0.992676,-0.000532632,-0.00106526,0.00106526
1774095828496,0.117676,-0.188965,0.992676,0,0,0.000532632
1774095828577,0.117188,-0.188965,0.992188,-0.000532632,-0.00106526,-0.00106526
1774095828647,0.118164,-0.187988,0.992676,-0.000532632,-0.00106526,0
1774095828728,0.118652,-0.186523,0.993164,0.000532632,-0.000532632,0.000532632
1774095828808,0.116211,-0.188477,0.992188,0.000532632,0.000532632,0.000532632
1774095828879,0.118164,-0.187988,0.991699,0.000532632,-0.000532632,0.000532632
1774095828959,0.114746,-0.189941,0.993164,0.00106526,-0.000532632,0
1774095829040,0.119141,-0.188477,0.993164,0.000532632,0.00106526,0
1774095829110,0.119141,-0.186523,0.991211,0.0015979,-0.000532632,0.000532632
1774095829191,0.118652,-0.1875,0.993164,-0.000532632,0.000532632,0
1774095829271,0.118652,-0.1875,0.992188,0.000532632,-0.000532632,0.00106526
1774095829342,0.114258,-0.19043,0.992676,0.000532632,0,0.000532632
1774095829423,0.118164,-0.189453,0.991699,0.00106526,-0.00106526,0.000532632
1774095829503,0.118164,-0.188477,0.995605,0.000532632,-0.000532632,0.000532632
1774095829574,0.116699,-0.187988,0.991211,-0.000532632,-0.00106526,0.000532632
1774095829654,0.116699,-0.188965,0.991211,-0.000532632,-0.00106526,0
1774095829735,0.115723,-0.188965,0.994629,0.000532632,-0.00106526,-0.00106526
1774095829805,0.117188,-0.1875,0.992188,0,0,-0.000532632
1774095829886,0.116211,-0.187012,0.993164,0.000532632,-0.0015979,-0.000532632
1774095829956,0.115723,-0.186035,0.991211,0,-0.000532632,-0.00106526
1774095830037,0.118164,-0.187988,0.990723,0.000532632,-0.000532632,0.000532632
1774095830117,0.117188,-0.19043,0.994141,0,-0.000532632,0.000532632
1774095830188,0.118652,-0.187988,0.992676,0.00106526,-0.00106526,-0.000532632
1774095830268,0.116699,-0.189453,0.992676,0.000532632,-0.000532632,0.000532632
1774095830349,0.117676,-0.186035,0.993652,-0.000532632,-0.00106526,0
1774095830419,0.116699,-0.186523,0.992676,0,0,-0.000532632
1774095830500,0.116211,-0.187012,0.992676,0,-0.000532632,-0.000532632
1774095830581,0.116211,-0.187988,0.993652,0,-0.000532632,0.000532632
1774095830651,0.118652,-0.188477,0.993164,0,0,-0.000532632
1774095830732,0.118164,-0.187012,0.993652,0,0,-0.00106526
1774095830812,0.118164,-0.187988,0.995117,0.00106526,0,0.000532632
1774095830883,0.119141,-0.186523,0.992188,0.00106526,0,-0.00106526
1774095830963,0.117676,-0.187012,0.991211,0,-0.00106526,-0.000532632
1774095831044,0.119629,-0.1875,0.994141,0,-0.00106526,0
1774095831114,0.118652,-0.187988,0.993652,0.000532632,-0.00106526,0
1774095831195,0.117676,-0.187012,0.993164,0,0,0.000532632
1774095831265,0.118164,-0.186035,0.993652,0.000532632,0,-0.000532632
1774095831346,0.118164,-0.189941,0.990723,0,0,-0.000532632
1774095831427,0.117188,-0.188965,0.992676,0,0,-0.000532632
1774095831497,0.119141,-0.187988,0.992676,0,-0.000532632,0
1774095831578,0.117676,-0.186523,0.992676,0,-0.000532632,0.000532632
1774095831658,0.117676,-0.188477,0.992676,0,-0.00106526,0
1774095831729,0.118164,-0.185547,0.992188,0.000532632,-0.000532632,0.000532632
1774095831809,0.118652,-0.185547,0.993652,0.000532632,0,0.000532632
1774095831890,0.118164,-0.186523,0.993652,-0.000532632,0,0
1774095831960,0.118164,-0.187988,0.995117,-0.00106526,-0.00106526,0.0015979
1774095832041,0.117676,-0.186035,0.993164,0.0015979,0,0.000532632
1774095832112,0.118164,-0.187988,0.992188,0.000532632,-0.00106526,0.000532632
1774095832192,0.118164,-0.1875,0.992676,0,-0.000532632,0
1774095832273,0.117676,-0.186523,0.993164,-0.00106526,-0.000532632,0
1774095832343,0.118164,-0.188477,0.991211,-0.000532632,0,0.000532632
1774095832424,0.118164,-0.187988,0.992676,0,-0.0015979,0
1774095832504,0.117676,-0.1875,0.993164,0.000532632,-0.00106526,0
1774095832575,0.117188,-0.187012,0.991699,0,0,-0.00106526
1774095832655,0.118164,-0.185547,0.992676,0.000532632,-0.000532632,0.000532632
1774095832736,0.117188,-0.186035,0.994141,-0.00106526,-0.00106526,0.000532632
1774095832807,0.119141,-0.188477,0.991699,0,-0.000532632,0.00106526
1774095832887,0.119629,-0.185547,0.992188,-0.00106526,-0.000532632,0.000532632
1774095832968,0.117676,-0.188477,0.994629,0.000532632,-0.000532632,0
1774095833038,0.116699,-0.187988,0.994141,-0.000532632,-0.00106526,0
1774095833119,0.116699,-0.1875,0.991699,0.000532632,-0.00106526,0.000532632
1774095833199,0.116211,-0.185059,0.992676,0.000532632,-0.000532632,0.000532632
1774095833269,0.118164,-0.188965,0.993652,0.00106526,0,0.000532632
1774095833350,0.119141,-0.187988,0.994141,0,-0.000532632,0.000532632
1774095833431,0.117676,-0.188965,0.990723,0,-0.00106526,-0.000532632
1774095833501,0.117188,-0.187012,0.992188,0,0,-0.00106526
1774095833582,0.118652,-0.187988,0.992676,0.00106526,-0.00106526,-0.000532632
1774095833652,0.118164,-0.185547,0.992188,0.000532632,-0.00106526,0.000532632
1774095833733,0.119141,-0.188965,0.992188,0.000532632,-0.000532632,0
1774095833813,0.119629,-0.188965,0.991211,0,-0.000532632,0
1774095833884,0.119629,-0.186523,0.993652,0.00106526,-0.00106526,0
1774095833964,0.117676,-0.186035,0.993164,0.000532632,-0.00106526,0.000532632
1774095834045,0.119141,-0.187988,0.992676,0,-0.000532632,0
1774095834115,0.118652,-0.187012,0.994141,0.000532632,-0.000532632,0.00106526
1774095834196,0.115723,-0.186523,0.992188,0,-0.000532632,0.000532632
1774095834276,0.118164,-0.1875,0.992676,0.000532632,-0.00106526,0.000532632
1774095834347,0.117676,-0.187012,0.993652,0,-0.0015979,0.000532632
1774095834427,0.115234,-0.185547,0.991211,0,-0.00106526,-0.000532632
1774095834508,0.118164,-0.188965,0.993164,0.000532632,-0.00106526,-0.00106526
1774095834578,0.119141,-0.1875,0.992676,0.000532632,-0.00106526,0.00106526
1774095834659,0.116211,-0.185059,0.992188,0,-0.00106526,0
1774095834739,0.115723,-0.189453,0.993164,-0.00106526,-0.000532632,0.00106526
1774095834810,0.116699,-0.186035,0.993164,-0.000532632,0,0.000532632
1774095834891,0.118652,-0.187012,0.993652,0,-0.000532632,0
1774095834961,0.119141,-0.187988,0.992676,-0.00106526,-0.00106526,0
1774095835041,0.116699,-0.186523,0.991699,0.00106526,-0.00106526,0
1774095835122,0.116211,-0.1875,0.992676,-0.00106526,-0.00106526,-0.000532632
1774095835192,0.117188,-0.187988,0.993164,-0.000532632,0,-0.000532632
1774095835273,0.117676,-0.1875,0.995117,0.000532632,-0.000532632,0
1774095835354,0.117188,-0.186035,0.993652,0.000532632,-0.000532632,0.000532632
1774095835424,0.116699,-0.186035,0.993164,0.000532632,0,-0.000532632
1774095835505,0.116699,-0.1875,0.993164,0,-0.000532632,-0.000532632
1774095835585,0.117676,-0.187988,0.993164,0,-0.000532632,-0.000532632
1774095835656,0.116699,-0.187988,0.991699,0.000532632,-0.0015979,0.00106526
1774095835736,0.118652,-0.186035,0.991699,0.00106526,-0.00106526,0
1774095835817,0.118164,-0.187012,0.992676,-0.000532632,-0.000532632,0.00106526
1774095835887,0.117676,-0.185547,0.991699,0,0,-0.000532632
1774095835968,0.116211,-0.186523,0.993164,-0.000532632,-0.00106526,0
1774095836049,0.117676,-0.186523,0.992676,0.00106526,-0.000532632,0.000532632
1774095836119,0.119141,-0.187988,0.992188,0,-0.0015979,-0.000532632
1774095836200,0.115234,-0.1875,0.993652,0.000532632,-0.0015979,-0.000532632
1774095836270,0.117188,-0.187988,0.993652,0.000532632,-0.00106526,-0.000532632
1774095836351,0.117676,-0.187012,0.992188,-0.000532632,-0.00106526,0.00106526
1774095836432,0.120117,-0.187012,0.994141,0,-0.00106526,-0.000532632
1774095836502,0.116211,-0.186035,0.991699,0,-0.000532632,-0.000532632
1774095836583,0.117188,-0.186523,0.991211,0.000532632,-0.000532632,0.000532632
1774095836663,0.118652,-0.1875,0.991699,0.00106526,0,-0.000532632
1774095836734,0.118652,-0.1875,0.993652,0,-0.000532632,0
1774095836814,0.117188,-0.185547,0.991211,0,-0.00106526,0
1774095836896,0.118164,-0.188477,0.990234,-0.00106526,-0.000532632,-0.000532632
1774095836966,0.119629,-0.188965,0.992188,0.000532632,-0.00106526,0
1774095837046,0.120117,-0.1875,0.992676,0,0,0.000532632
1774095837127,0.117676,-0.187988,0.994141,0,-0.00106526,0
1774095837197,0.119629,-0.188965,0.992676,0.000532632,-0.00106526,-0.000532632
1774095837278,0.115723,-0.186523,0.992676,-0.000532632,-0.0015979,0.000532632
1774095837348,0.118652,-0.187988,0.991699,0,-0.0015979,0
1774095837429,0.118652,-0.1875,0.991211,0,-0.000532632,0
1774095837509,0.117676,-0.188477,0.992676,0.000532632,0,0
1774095837580,0.116699,-0.187988,0.993164,0,-0.000532632,0
1774095837660,0.118164,-0.188965,0.992188,-0.000532632,-0.000532632,0.000532632
1774095837741,0.118164,-0.188965,0.993164,0,0,0.000532632
1774095837812,0.118652,-0.186035,0.991211,0,0,-0.000532632
1774095837892,0.117188,-0.188477,0.990723,0.00106526,0,0
1774095837972,0.117676,-0.186035,0.995117,-0.000532632,0,-0.00106526
1774095838043,0.118164,-0.188477,0.993164,0.000532632,-0.00106526,0.00106526
1774095838123,0.117676,-0.1875,0.992676,0.000532632,-0.000532632,-0.000532632
1774095838204,0.117676,-0.186523,0.992188,-0.000532632,-0.000532632,0
1774095838274,0.118652,-0.187988,0.994141,0,-0.0015979,0.00106526
1774095838355,0.118164,-0.187012,0.993164,0,-0.00106526,-0.000532632
1774095838436,0.118164,-0.1875,0.993164,0.000532632,-0.000532632,-0.00106526
1774095838506,0.116211,-0.188477,0.994629,-0.00106526,-0.00106526,0
1774095838587,0.118164,-0.186523,0.993652,-0.000532632,-0.0015979,-0.000532632
1774095838657,0.118164,-0.187012,0.992676,0,-0.00106526,0.000532632
1774095838738,0.118652,-0.1875,0.993164,0,-0.000532632,-0.00106526
1774095838819,0.117676,-0.1875,0.992676,-0.000532632,-0.000532632,0.000532632
1774095838889,0.116211,-0.1875,0.992676,-0.000532632,-0.000532632,0.000532632
1774095838970,0.117188,-0.187988,0.994141,0,-0.000532632,0
1774095839050,0.119141,-0.186523,0.992676,-0.000532632,-0.000532632,0.000532632
1774095839121,0.116211,-0.187988,0.992188,0,-0.00106526,0.000532632
1774095839201,0.118652,-0.185547,0.993164,0.00106526,-0.000532632,-0.00106526
1774095839282,0.116699,-0.186523,0.994141,0,-0.00106526,0.000532632
1774095839352,0.119629,-0.187012,0.992676,-0.000532632,0,0.00106526
1774095839433,0.118652,-0.187988,0.991699,0.00106526,-0.000532632,-0.000532632
1774095839513,0.117188,-0.187012,0.994629,0.000532632,-0.00213053,0.000532632
1774095839584,0.117188,-0.188477,0.994141,0,-0.00106526,0.000532632
1774095839664,0.119141,-0.185547,0.992676,0,-0.00106526,0
1774095839735,0.116699,-0.189941,0.993652,0,0,-0.000532632
1774095839815,0.118652,-0.186035,0.993652,0.000532632,0,0.000532632
1774095839896,0.119141,-0.187988,0.993164,-0.000532632,-0.00106526,-0.00106526
1774095839966,0.117676,-0.1875,0.991699,0.000532632,-0.0015979,0.000532632
1774095840047,0.120117,-0.186523,0.993164,0,0,0
1774095840128,0.118164,-0.187988,0.993164,-0.000532632,-0.000532632,0.000532632
1774095840198,0.117676,-0.186523,0.993164,-0.000532632,-0.00106526,0
1774095840279,0.117188,-0.189941,0.991699,0,0,0.00106526
1774095840359,0.117188,-0.1875,0.993164,0,-0.00106526,0
1774095840430,0.115234,-0.186523,0.993164,0.000532632,0.000532632,0
1774095840510,0.119141,-0.187012,0.991699,0,-0.0015979,-0.000532632
1774095840591,0.118652,-0.186523,0.992676,0,-0.0015979,0
1774095840661,0.118652,-0.186035,0.991699,-0.000532632,-0.00106526,-0.000532632
1774095840742,0.116211,-0.187012,0.994629,0,-0.00106526,0.000532632
1774095840822,0.116699,-0.186523,0.992188,0.00106526,0,0
1774095840893,0.117676,-0.1875,0.994141,-0.000532632,-0.0015979,-0.000532632
1774095840973,0.118652,-0.187012,0.992676,0.00106526,-0.000532632,-0.00106526
1774095841044,0.120605,-0.1875,0.994141,0,-0.00106526,0.000532632
1774095841125,0.118652,-0.186035,0.994141,-0.000532632,-0.0015979,0.000532632
1774095841205,0.118652,-0.187012,0.992188,-0.000532632,-0.000532632,0.00106526
1774095841276,0.117188,-0.1875,0.993652,0,-0.00106526,-0.000532632
1774095841356,0.119141,-0.187012,0.993164,0.00106526,-0.0015979,-0.000532632
1774095841437,0.116699,-0.187012,0.994629,0.00106526,-0.000532632,0
1774095841507,0.117188,-0.187012,0.993652,0.000532632,-0.000532632,0
1774095841588,0.120117,-0.187988,0.993164,-0.000532632,-0.00106526,0
1774095841668,0.118652,-0.186035,0.992676,-0.00106526,-0.000532632,-0.000532632
1774095841739,0.118652,-0.187012,0.993164,0,-0.00106526,0
1774095841819,0.116699,-0.185547,0.992676,0,-0.00106526,0.000532632
1774095841900,0.116699,-0.187012,0.993164,0,-0.000532632,-0.000532632
1774095841970,0.117676,-0.187012,0.991211,0,-0.000532632,0.0015979
1774095842051,0.119141,-0.186523,0.992188,-0.000532632,-0.000532632,0.00106526
1774095842132,0.117676,-0.188965,0.994141,0,-0.000532632,-0.000532632
1774095842202,0.119141,-0.186035,0.994141,0.000532632,-0.000532632,-0.000532632
1774095842283,0.118164,-0.186035,0.992676,0.000532632,-0.0015979,0.000532632
1774095842354,0.119141,-0.1875,0.992188,0,-0.000532632,-0.000532632
1774095842434,0.116699,-0.186035,0.993164,-0.000532632,-0.000532632,-0.00106526
1774095842514,0.117676,-0.1875,0.993164,-0.000532632,-0.00106526,0.000532632
1774095842585,0.119141,-0.187012,0.992188,0.00106526,0.000532632,-0.000532632
1774095842666,0.118652,-0.187012,0.993652,0.000532632,-0.000532632,0
1774095842746,0.119629,-0.187988,0.994141,0,0.000532632,0
1774095842817,0.118164,-0.1875,0.991211,0,0.00106526,0
1774095842897,0.118652,-0.187988,0.992188,0,-0.000532632,0
1774095842978,0.119141,-0.1875,0.994141,0.000532632,-0.00106526,-0.000532632
1774095843048,0.119141,-0.185547,0.992188,-0.000532632,-0.00106526,-0.000532632
1774095843129,0.118164,-0.187988,0.993164,0,-0.00106526,0.00106526
1774095843209,0.116699,-0.187012,0.993164,0,-0.00106526,0.000532632
1774095843280,0.119629,-0.187012,0.993652,0.000532632,-0.00106526,0.000532632
1774095843360,0.118652,-0.187012,0.995605,0,-0.000532632,0.000532632
1774095843431,0.117676,-0.186523,0.993652,0,-0.000532632,-0.000532632
1774095843511,0.119629,-0.187012,0.992188,-0.00106526,0.000532632,0
1774095843592,0.116211,-0.185547,0.993164,0,-0.00106526,-0.000532632
1774095843662,0.118164,-0.186035,0.993164,0,-0.00106526,-0.000532632
1774095843743,0.118652,-0.186523,0.995117,-0.000532632,0,0.00106526
1774095843823,0.116699,-0.1875,0.993164,0.000532632,-0.000532632,0
1774095843894,0.118652,-0.1875,0.992188,0.000532632,-0.000532632,0.000532632
1774095843974,0.118652,-0.186035,0.994141,-0.000532632,-0.00106526,-0.00106526
1774095844055,0.120117,-0.1875,0.992676,-0.000532632,-0.000532632,0.000532632
1774095844125,0.118652,-0.187012,0.993652,0.000532632,-0.000532632,0.000532632
1774095844206,0.117676,-0.187988,0.993652,0,-0.000532632,-0.00106526
1774095844287,0.119141,-0.188965,0.993164,-0.000532632,-0.000532632,0
1774095844357,0.117676,-0.187988,0.993652,0,-0.00106526,0
1774095844438,0.119141,-0.185547,0.995605,0.00106526,-0.00106526,0
1774095844518,0.119141,-0.189453,0.995117,0.000532632,-0.000532632,0.000532632
1774095844589,0.117188,-0.1875,0.993652,0,-0.000532632,0.000532632
1774095844669,0.118164,-0.187012,0.993652,-0.0015979,0,-0.000532632
1774095844740,0.118164,-0.187012,0.993652,0,-0.0015979,-0.000532632
1774095844820,0.114746,-0.189453,0.992188,0.000532632,-0.000532632,0
1774095844901,0.117676,-0.185059,0.992188,0.000532632,-0.000532632,0.000532632
1774095844971,0.117188,-0.1875,0.993652,0,-0.00106526,-0.000532632
1774095845052,0.117676,-0.188477,0.993652,0,0,-0.000532632
1774095845132,0.119141,-0.186035,0.989746,0.000532632,-0.000532632,-0.000532632
1774095845203,0.118164,-0.186035,0.992188,0.000532632,-0.00106526,0.00106526
1774095845283,0.118164,-0.185059,0.992676,0.000532632,-0.000532632,0.0015979
1774095845364,0.116699,-0.187988,0.993164,-0.00106526,-0.000532632,-0.000532632
1774095845434,0.118164,-0.188477,0.993164,-0.000532632,0,0.00106526
1774095845515,0.117188,-0.1875,0.993652,0.000532632,-0.000532632,-0.000532632
1774095845596,0.117188,-0.1875,0.994629,-0.000532632,-0.000532632,-0.00106526
1774095845667,0.115723,-0.185547,0.995117,-0.000532632,-0.000532632,0
1774095845747,0.119141,-0.186523,0.993164,0.00106526,-0.00106526,0
1774095845827,0.118164,-0.186523,0.993164,-0.000532632,-0.000532632,0
1774095845898,0.119141,-0.187012,0.993164,-0.000532632,-0.000532632,-0.000532632
1774095845978,0.117188,-0.187988,0.993652,0,0,0.000532632
1774095846049,0.116211,-0.185059,0.992676,-0.00106526,-0.00106526,-0.00106526
1774095846130,0.117188,-0.1875,0.991699,0.000532632,0,-0.00106526
1774095846210,0.116211,-0.188477,0.992188,0,-0.0015979,-0.000532632
1774095846280,0.117676,-0.186523,0.994141,0.000532632,-0.000532632,-0.0015979
1774095846361,0.116699,-0.189453,0.992188,0,-0.00106526,0.000532632
1774095846442,0.117676,-0.185547,0.992676,-0.000532632,-0.000532632,-0.000532632
1774095846512,0.117676,-0.187012,0.993164,0.0015979,-0.000532632,-0.000532632
1774095846593,0.119141,-0.1875,0.993164,0.00106526,-0.000532632,0
1774095846673,0.117676,-0.189453,0.993164,0.000532632,-0.00106526,0
1774095846744,0.118652,-0.187012,0.993164,0.000532632,-0.000532632,0.000532632
1774095846824,0.118652,-0.187012,0.992188,-0.000532632,-0.00106526,-0.000532632
1774095846905,0.117676,-0.186523,0.993164,-0.000532632,-0.00106526,-0.000532632
1774095846975,0.118164,-0.186523,0.992188,0.00106526,-0.00106526,0
1774095847056,0.117676,-0.187988,0.992188,0.000532632,-0.0015979,-0.000532632
1774095847136,0.119141,-0.188477,0.992188,0.000532632,-0.000532632,-0.000532632
1774095847207,0.116699,-0.187988,0.994141,0,0,-0.000532632
1774095847288,0.117676,-0.1875,0.991699,0.000532632,-0.000532632,-0.000532632
1774095847358,0.119629,-0.186523,0.990723,0.00106526,-0.000532632,0.000532632
1774095847439,0.118652,-0.187988,0.991699,0,0,0
1774095847519,0.118164,-0.187988,0.993652,0,0.000532632,0
1774095847590,0.119629,-0.185059,0.992188,0.00106526,-0.000532632,0.000532632
1774095847670,0.117188,-0.188965,0.993164,0.000532632,-0.000532632,0.000532632
1774095847751,0.117188,-0.1875,0.994629,0.000532632,0,0.000532632
1774095847821,0.116699,-0.188477,0.994141,-0.000532632,-0.00106526,-0.000532632
1774095847902,0.118164,-0.186523,0.992676,0.00106526,-0.000532632,0.000532632
1774095847982,0.115723,-0.188965,0.990723,0.000532632,0,-0.000532632
1774095848053,0.118164,-0.1875,0.993164,-0.000532632,-0.0015979,0
1774095848134,0.117188,-0.186523,0.993164,0.000532632,-0.00106526,0.000532632
1774095848214,0.118164,-0.185547,0.992676,0.00106526,-0.000532632,0.000532632
1774095848284,0.118164,-0.187012,0.991211,0.000532632,0,-0.00106526
1774095848365,0.119141,-0.186035,0.993164,0.00106526,-0.000532632,0.000532632
1774095848436,0.119141,-0.185547,0.993164,0.00106526,-0.000532632,0.000532632
1774095848517,0.116699,-0.188477,0.990723,0,-0.000532632,-0.000532632
1774095848597,0.117188,-0.186523,0.993652,0,-0.000532632,-0.000532632
1774095848667,0.115723,-0.1875,0.993164,0,0,0
1774095848748,0.116211,-0.188477,0.994141,0.000532632,-0.00106526,0
1774095848828,0.118164,-0.186523,0.992676,-0.000532632,-0.000532632,-0.000532632
1774095848899,0.118164,-0.186523,0.992188,0.00106526,-0.000532632,-0.000532632
1774095848979,0.117188,-0.1875,0.994141,0,-0.0015979,-0.000532632
1774095849060,0.116211,-0.187988,0.992676,0.000532632,0,0
1774095849130,0.119141,-0.185547,0.993164,-0.000532632,-0.000532632,-0.000532632
1774095849211,0.118164,-0.187012,0.993164,0,-0.00106526,0.000532632
1774095849291,0.118164,-0.1875,0.993164,0,0,0
1774095849362,0.119141,-0.187988,0.992188,0.000532632,-0.00106526,-0.000532632
1774095849443,0.119141,-0.185059,0.995605,0,-0.0015979,0.000532632
1774095849523,0.118164,-0.186523,0.992188,0,-0.000532632,0
1774095849594,0.118164,-0.186035,0.992676,-0.000532632,-0.000532632,0
1774095849674,0.117676,-0.185059,0.994629,0.000532632,-0.00106526,-0.000532632
1774095849745,0.118652,-0.187012,0.994141,-0.0015979,-0.000532632,0.00106526
1774095849825,0.116211,-0.1875,0.993164,0.000532632,-0.000532632,0
1774095849906,0.118652,-0.1875,0.993652,0.000532632,-0.00106526,-0.000532632
1774095849976,0.119141,-0.1875,0.992188,0.000532632,-0.000532632,0.000532632
1774095850057,0.116699,-0.186523,0.994141,-0.000532632,0,0
1774095850137,0.118652,-0.188965,0.991699,0.000532632,-0.00106526,0
1774095850208,0.116699,-0.185059,0.991699,-0.000532632,-0.0015979,0
1774095850288,0.116211,-0.187012,0.993164,0,-0.00106526,0
1774095850359,0.119629,-0.187012,0.991211,0,-0.000532632,-0.00106526
1774095850440,0.117188,-0.189453,0.993164,0,0,0.00106526
1774095850520,0.116211,-0.186523,0.992676,-0.00106526,-0.000532632,0.000532632
1774095850601,0.115723,-0.187012,0.991699,0.000532632,0,-0.000532632
1774095850671,0.118164,-0.186523,0.992188,0,-0.000532632,-0.000532632
1774095850752,0.116211,-0.188965,0.992676,0.000532632,0.00106526,-0.000532632
1774095850832,0.119141,-0.187012,0.992676,0.000532632,-0.00106526,-0.00106526
1774095850903,0.116211,-0.188477,0.993652,0,-0.000532632,0
1774095850983,0.119141,-0.186523,0.993652,0,-0.00213053,0.00106526
1774095851054,0.116699,-0.186035,0.993164,0.000532632,-0.000532632,-0.000532632
1774095851134,0.116699,-0.187012,0.992188,0,-0.000532632,0
1774095851215,0.116699,-0.188477,0.994141,-0.000532632,-0.000532632,0.000532632
1774095851286,0.117188,-0.187012,0.992676,-0.000532632,-0.00106526,-0.000532632
1774095851366,0.117676,-0.187988,0.992188,0,-0.000532632,0.000532632
1774095851447,0.116211,-0.187012,0.993652,0.000532632,-0.00106526,0
1774095851517,0.116699,-0.188477,0.993164,-0.00106526,-0.00106526,0.000532632
1774095851598,0.120605,-0.188477,0.994141,-0.000532632,0,0.00106526
1774095851678,0.118164,-0.186035,0.992676,0,0,0.00106526
1774095851749,0.116699,-0.187012,0.992676,0.00106526,-0.000532632,0
1774095851829,0.118164,-0.185547,0.991699,0.000532632,-0.0015979,0
1774095851910,0.116699,-0.186035,0.993652,0,0,0
1774095851980,0.119629,-0.189453,0.993164,-0.000532632,-0.0015979,-0.000532632
1774095852061,0.119629,-0.1875,0.993652,0.000532632,-0.000532632,0.000532632
1774095852131,0.117676,-0.186523,0.992676,0,-0.000532632,0
1774095852212,0.118164,-0.187988,0.992676,0,-0.000532632,0
1774095852292,0.116699,-0.1875,0.991211,0,-0.000532632,0.000532632
1774095852363,0.116699,-0.185547,0.993652,0.000532632,0,0
1774095852444,0.117188,-0.186523,0.993164,0.00106526,-0.0015979,0
1774095852524,0.121094,-0.188477,0.992676,0,-0.00106526,0
1774095852595,0.117676,-0.189941,0.993652,0.000532632,-0.000532632,0.000532632
1774095852675,0.117676,-0.185547,0.991211,-0.000532632,-0.000532632,0
1774095852756,0.118652,-0.1875,0.994629,0.000532632,-0.00106526,0
1774095852826,0.116211,-0.187012,0.992188,-0.000532632,-0.000532632,0
1774095852907,0.120117,-0.186523,0.993164,0,0,0
1774095852987,0.119141,-0.185547,0.993164,-0.000532632,0,-0.00106526
1774095853058,0.123047,-0.185547,0.993164,-0.000532632,-0.00106526,-0.000532632
1774095853139,0.117676,-0.188477,0.993652,0.000532632,-0.000532632,-0.000532632
1774095853209,0.117676,-0.187012,0.995117,0,-0.0015979,0.00106526
1774095853290,0.116699,-0.187012,0.992676,-0.000532632,-0.0015979,-0.000532632
1774095853370,0.118164,-0.187988,0.992676,-0.000532632,0,0
1774095853441,0.115723,-0.187988,0.992188,-0.00106526,-0.000532632,0
1774095853521,0.117188,-0.1875,0.991699,0.000532632,-0.00106526,0
1774095853602,0.117188,-0.188477,0.993164,0.000532632,-0.0015979,-0.000532632
1774095853672,0.117676,-0.187988,0.991699,0.000532632,-0.0015979,-0.000532632
1774095853753,0.117676,-0.187012,0.991699,0.000532632,-0.0015979,-0.000532632
1774095853834,0.115234,-0.188477,0.994141,0.000532632,-0.00106526,0.000532632
1774095853904,0.117676,-0.1875,0.992676,0,-0.00106526,0.00106526
1774095853985,0.117676,-0.186523,0.990723,-0.000532632,-0.00106526,0
1774095854065,0.116699,-0.186035,0.993652,-0.000532632,-0.000532632,0.000532632
1774095854136,0.116699,-0.188477,0.993652,-0.000532632,0,0.000532632
1774095854216,0.119141,-0.185059,0.994629,0,0,0
1774095854297,0.119141,-0.185059,0.992676,0.000532632,0.000532632,-0.000532632
1774095854367,0.119141,-0.1875,0.992188,0,-0.000532632,0.000532632
1774095854448,0.119629,-0.187988,0.992676,-0.000532632,-0.000532632,0.00106526
1774095854528,0.117676,-0.1875,0.993164,0,-0.000532632,-0.000532632
1774095854599,0.118652,-0.1875,0.993164,0.00106526,0.000532632,0.000532632
1774095854680,0.117676,-0.187012,0.994141,0,0,-0.000532632
1774095854750,0.117188,-0.1875,0.993652,0,-0.00106526,0
1774095854831,0.117188,-0.188477,0.992676,0.000532632,-0.000532632,0
1774095854911,0.118652,-0.187988,0.993652,0,-0.00106526,0
1774095854982,0.117676,-0.186035,0.993164,0.000532632,-0.0015979,-0.000532632
1774095855063,0.116699,-0.1875,0.992188,0,-0.0015979,0
1774095855143,0.117676,-0.188477,0.992676,-0.000532632,-0.00106526,-0.000532632
1774095855214,0.116699,-0.188477,0.992188,0,-0.000532632,0.000532632
1774095855294,0.118164,-0.187988,0.990234,0.00106526,-0.0015979,0
1774095855375,0.118164,-0.1875,0.992676,0,-0.000532632,0.00106526
1774095855445,0.117188,-0.186035,0.992676,-0.000532632,-0.00106526,-0.00106526
1774095855526,0.116211,-0.186035,0.993164,-0.000532632,-0.000532632,0
1774095855607,0.117188,-0.186523,0.994629,-0.000532632,0,0
1774095855677,0.117188,-0.187012,0.993164,0.000532632,-0.000532632,0
1774095855758,0.115723,-0.187988,0.995117,0.000532632,0.000532632,0.000532632
1774095855828,0.119629,-0.187012,0.992676,-0.00106526,-0.00106526,0
1774095855909,0.117188,-0.1875,0.993164,-0.000532632,-0.00106526,0.000532632
1774095855989,0.118164,-0.187012,0.994141,0.000532632,-0.000532632,-0.00106526
1774095856060,0.117188,-0.187012,0.992676,0.00106526,-0.000532632,0
1774095856140,0.117676,-0.186523,0.994141,0,0.000532632,-0.000532632
1774095856221,0.118652,-0.186035,0.991211,0,-0.00106526,0
1774095856291,0.116211,-0.186523,0.993164,0.00106526,0,0
1774095856372,0.118164,-0.19043,0.995117,-0.000532632,-0.000532632,0
1774095856453,0.118652,-0.187012,0.993164,-0.000532632,-0.0015979,0.000532632
1774095856523,0.118164,-0.187012,0.992676,-0.000532632,-0.00106526,-0.000532632
1774095856604,0.118164,-0.185547,0.994629,-0.000532632,-0.00106526,0.000532632
1774095856684,0.117676,-0.186035,0.992676,0.000532632,0,0
1774095856755,0.119141,-0.185059,0.994141,0,0,-0.000532632
1774095856836,0.117188,-0.187012,0.990723,-0.000532632,-0.000532632,0.00106526
1774095856906,0.118164,-0.189453,0.993164,0,-0.00106526,0
1774095856987,0.117676,-0.187012,0.994141,0,0,0.000532632
1774095857067,0.118164,-0.186035,0.994141,0.000532632,-0.000532632,0.000532632
1774095857138,0.120117,-0.1875,0.992188,0,-0.00106526,0
1774095857218,0.119141,-0.186523,0.993164,0,0,0
1774095857299,0.117676,-0.1875,0.992676,0.00106526,-0.00106526,-0.000532632
1774095857369,0.119629,-0.186035,0.993164,0,-0.00106526,0.00106526
1774095857450,0.117676,-0.186523,0.995605,0,-0.00106526,-0.000532632
1774095857531,0.117676,-0.186035,0.993164,0,-0.000532632,0.000532632
1774095857601,0.120117,-0.187988,0.991699,0,-0.000532632,0
1774095857682,0.118164,-0.188477,0.993164,-0.00106526,-0.00106526,0.00106526
1774095857762,0.118652,-0.187012,0.993164,0.00106526,-0.000532632,0
1774095857833,0.117188,-0.186523,0.994141,0.00106526,-0.000532632,0.000532632
1774095857913,0.119141,-0.185547,0.994141,0,-0.00106526,0
1774095857984,0.118652,-0.188477,0.992676,0.000532632,0,0
1774095858064,0.117676,-0.186523,0.992676,0,0,-0.000532632
1774095858145,0.119629,-0.186523,0.991699,0,-0.0015979,-0.000532632
1774095858216,0.118164,-0.186523,0.993164,-0.00106526,-0.00106526,0.000532632
1774095858296,0.119141,-0.188477,0.990723,-0.000532632,0,0
1774095858377,0.117188,-0.187988,0.991699,-0.000532632,-0.000532632,-0.000532632
1774095858447,0.119141,-0.1875,0.992676,-0.00106526,-0.000532632,-0.000532632
1774095858528,0.121094,-0.1875,0.993652,0.000532632,0.000532632,0.000532632
1774095858608,0.117676,-0.187012,0.993164,0.000532632,0,-0.00106526
1774095858679,0.117676,-0.1875,0.991699,0.00106526,-0.00106526,-0.000532632
1774095858759,0.119141,-0.188477,0.993164,-0.000532632,-0.00106526,-0.000532632
1774095858840,0.117188,-0.186523,0.993164,0,0,0.000532632
1774095858910,0.117676,-0.187012,0.991699,0,0.000532632,-0.000532632
1774095858991,0.118164,-0.186523,0.993164,-0.000532632,0,-0.000532632
1774095859071,0.118164,-0.186523,0.993164,0.000532632,0,0
1774095859142,0.117188,-0.185547,0.992188,-0.000532632,-0.000532632,0
1774095859223,0.119141,-0.1875,0.994141,0,-0.00213053,0.000532632
1774095859293,0.118652,-0.1875,0.993652,-0.000532632,-0.00106526,-0.000532632
1774095859374,0.116699,-0.1875,0.993164,0,-0.00106526,-0.000532632
1774095859454,0.118652,-0.187012,0.990723,0.000532632,-0.000532632,0.000532632
1774095859525,0.116699,-0.187012,0.994141,0,-0.00106526,0.000532632
1774095859605,0.118164,-0.186035,0.991211,0.000532632,-0.000532632,-0.000532632
1774095859686,0.117676,-0.1875,0.992188,-0.000532632,-0.000532632,-0.000532632
1774095859756,0.117188,-0.186035,0.992676,0.000532632,0,-0.000532632
1774095859837,0.116211,-0.187988,0.993164,0.00106526,-0.000532632,0
1774095859917,0.117188,-0.187988,0.992676,0.000532632,0.000532632,-0.000532632
1774095859988,0.116211,-0.1875,0.992188,-0.000532632,-0.00106526,0.000532632
1774095860068,0.117188,-0.187012,0.993164,-0.000532632,0.000532632,-0.000532632
1774095860149,0.118652,-0.187012,0.993164,-0.000532632,-0.000532632,-0.00106526
1774095860219,0.117676,-0.188477,0.992188,0.000532632,-0.000532632,0.00106526
1774095860300,0.117676,-0.187988,0.992188,0,-0.000532632,0
1774095860380,0.118164,-0.186035,0.990723,0.000532632,-0.000532632,0
1774095860451,0.117188,-0.1875,0.991211,0,-0.000532632,0.000532632
1774095860531,0.116699,-0.1875,0.992188,-0.000532632,-0.000532632,0
1774095860602,0.120117,-0.187012,0.989746,-0.000532632,-0.000532632,0
1774095860682,0.118164,-0.189453,0.991211,0,-0.000532632,0
1774095860763,0.119141,-0.187988,0.993652,-0.000532632,-0.00213053,0.00106526
1774095860833,0.118164,-0.188965,0.992676,0,0,0
1774095860914,0.117676,-0.1875,0.992676,0.000532632,-0.00106526,-0.000532632
1774095860995,0.119141,-0.187012,0.993652,0.000532632,0,-0.0015979
1774095861065,0.117676,-0.188477,0.991699,0,0,0
1774095861146,0.117676,-0.189453,0.993164,0.000532632,-0.000532632,-0.000532632
1774095861226,0.116699,-0.1875,0.993652,0.000532632,-0.000532632,0
1774095861297,0.118164,-0.187988,0.993164,0,-0.000532632,-0.00106526
1774095861377,0.116699,-0.186523,0.994629,0,0,0.000532632
1774095861458,0.117676,-0.1875,0.994141,0.000532632,-0.00106526,0
1774095861528,0.118164,-0.187012,0.992676,0,-0.0015979,0
1774095861609,0.117676,-0.187012,0.992188,0,-0.000532632,0
1774095861679,0.116699,-0.188965,0.992676,0.000532632,-0.00106526,-0.000532632
1774095861760,0.118164,-0.187012,0.991211,0,-0.000532632,-0.00106526
1774095861841,0.118164,-0.187988,0.992676,0,-0.000532632,0
1774095861911,0.116699,-0.187012,0.993164,0.000532632,-0.000532632,0.000532632
1774095861992,0.117676,-0.1875,0.992188,0,-0.000532632,0.0015979
1774095862072,0.118164,-0.187012,0.991699,0.000532632,-0.000532632,-0.00106526
1774095862143,0.118164,-0.186523,0.993164,0,0,0.000532632
1774095862224,0.117188,-0.188965,0.994629,0,0,0.00106526
1774095862304,0.120605,-0.186523,0.993652,0,-0.00106526,0
1774095862375,0.117188,-0.1875,0.991699,0.00106526,-0.00106526,-0.000532632
1774095862455,0.117188,-0.187988,0.993652,-0.000532632,-0.00106526,-0.00106526
1774095862536,0.118164,-0.187988,0.992676,-0.000532632,-0.00106526,0
1774095862606,0.117188,-0.186035,0.994141,0.000532632,0,0.000532632
1774095862687,0.116699,-0.186035,0.993164,0,0,-0.000532632
1774095862767,0.118164,-0.186523,0.992676,0.000532632,-0.00106526,0
1774095862838,0.118164,-0.187012,0.992188,0,-0.0015979,0.000532632
1774095862918,0.116699,-0.185547,0.991699,0,-0.00106526,0
1774095862989,0.118652,-0.188477,0.992188,0.000532632,0,0.000532632
1774095863069,0.118164,-0.186523,0.993652,0.000532632,-0.000532632,0
1774095863150,0.117676,-0.187988,0.994629,-0.000532632,-0.00106526,0.000532632
1774095863220,0.120117,-0.187012,0.991699,0,-0.00106526,0
1774095863301,0.118652,-0.186523,0.994141,0.000532632,-0.000532632,0.00106526
1774095863381,0.118164,-0.186523,0.994141,0,-0.000532632,0
1774095863452,0.121094,-0.185059,0.993164,0,-0.000532632,0.000532632
1774095863532,0.118652,-0.187988,0.993164,0.000532632,-0.000532632,-0.000532632
1774095863613,0.118652,-0.188965,0.993652,0.00106526,-0.000532632,0.00106526
1774095863684,0.119629,-0.1875,0.993164,0.000532632,-0.00106526,-0.000532632
1774095863766,0.117188,-0.186523,0.993164,0,-0.00106526,0.000532632
1774095863845,0.118652,-0.1875,0.990723,-0.000532632,0,-0.000532632
1774095863916,0.117676,-0.1875,0.993652,-0.000532632,-0.000532632,0
1774095863996,0.117676,-0.1875,0.991699,0.00106526,-0.00106526,0.000532632
1774095864067,0.117676,-0.1875,0.993164,0,-0.000532632,0.000532632
1774095864147,0.116211,-0.185059,0.991699,0.000532632,-0.0015979,0
1774095864228,0.118652,-0.185059,0.992676,0,-0.00106526,0
1774095864298,0.116211,-0.1875,0.993652,0,-0.0015979,0
1774095864379,0.117188,-0.188477,0.994629,0,-0.000532632,-0.00106526
1774095864459,0.117676,-0.188965,0.992188,0.00106526,-0.000532632,0
1774095864530,0.116699,-0.188477,0.993652,0.000532632,-0.00106526,-0.000532632
1774095864611,0.117676,-0.1875,0.992188,0,-0.00106526,0.000532632
1774095864691,0.117188,-0.189453,0.993164,0,-0.0015979,0.00106526
1774095864762,0.117676,-0.1875,0.991699,0,-0.000532632,0.000532632
1774095864842,0.117676,-0.185547,0.992188,-0.00106526,-0.0015979,0.000532632
1774095864923,0.115234,-0.187988,0.992188,0,-0.00106526,-0.000532632
1774095864993,0.117188,-0.187988,0.993164,-0.000532632,-0.000532632,0
1774095865074,0.116211,-0.188477,0.992188,-0.000532632,-0.000532632,0.000532632
1774095865154,0.117676,-0.1875,0.993164,0.00106526,-0.00106526,0
1774095865225,0.119141,-0.186035,0.992188,0,0,0.000532632
1774095865305,0.117676,-0.187012,0.994629,0.000532632,-0.000532632,0
1774095865376,0.117676,-0.186523,0.992188,-0.000532632,-0.000532632,0
1774095865456,0.118164,-0.188477,0.993164,-0.000532632,-0.000532632,0
1774095865537,0.120117,-0.187988,0.992676,0,-0.0015979,-0.000532632
1774095865608,0.117188,-0.1875,0.992676,0,-0.00106526,0
1774095865688,0.118164,-0.185547,0.990723,0.000532632,-0.000532632,-0.000532632
1774095865769,0.118164,-0.185547,0.993164,0.000532632,-0.00106526,0
1774095865839,0.117188,-0.187012,0.994629,-0.000532632,-0.000532632,-0.000532632
1774095865920,0.117676,-0.186523,0.994141,0.000532632,-0.000532632,0.000532632
1774095866000,0.117188,-0.186035,0.994141,0.000532632,-0.00106526,0.000532632
1774095866071,0.119141,-0.186035,0.993164,0.000532632,-0.00106526,0.000532632
1774095866151,0.117188,-0.187988,0.993652,-0.000532632,0,-0.000532632
1774095866232,0.118652,-0.186035,0.995117,0.000532632,-0.00106526,-0.000532632
1774095866302,0.119141,-0.189453,0.994141,-0.000532632,-0.000532632,-0.000532632
1774095866383,0.119629,-0.1875,0.991211,0.000532632,-0.00106526,0
1774095866453,0.117676,-0.1875,0.993652,-0.000532632,-0.000532632,0.000532632
1774095866534,0.119629,-0.185059,0.993652,0,-0.00106526,0
1774095866615,0.118164,-0.1875,0.993652,-0.000532632,0.000532632,0
1774095866685,0.118164,-0.188965,0.992676,0.000532632,0,0.000532632
1774095866766,0.118164,-0.1875,0.993652,0.000532632,-0.000532632,0
1774095866846,0.118652,-0.186035,0.993652,0,-0.00106526,0
1774095866917,0.117676,-0.188477,0.992188,0.000532632,-0.00106526,0.000532632
1774095866997,0.117676,-0.186523,0.992676,-0.000532632,-0.00106526,-0.000532632
1774095867078,0.118652,-0.186035,0.994141,0.000532632,0,0.000532632
1774095867148,0.117676,-0.187012,0.993652,0,-0.000532632,0.000532632
1774095867229,0.119141,-0.187012,0.991699,-0.000532632,-0.00106526,0
1774095867299,0.118164,-0.186035,0.991699,0.000532632,-0.000532632,0.000532632
1774095867380,0.117676,-0.1875,0.992676,0.00106526,0,0
1774095867460,0.119141,-0.186523,0.991699,0,-0.0015979,-0.000532632
1774095867541,0.120117,-0.187012,0.994141,0.000532632,-0.00106526,0.000532632
1774095867611,0.117188,-0.187012,0.992676,0,0,-0.000532632
1774095867692,0.119141,-0.188477,0.993652,0.000532632,-0.00106526,0
1774095867762,0.117676,-0.187988,0.993164,0.000532632,-0.00106526,0.000532632
1774095867843,0.117188,-0.185059,0.991211,0,-0.00106526,0.000532632
1774095867924,0.119141,-0.186523,0.993652,0.000532632,-0.00106526,0
1774095867994,0.117188,-0.186523,0.993652,0,-0.00106526,0
1774095868074,0.115723,-0.187012,0.992188,0,-0.00106526,-0.000532632
1774095868155,0.117188,-0.187988,0.993652,0,-0.00106526,-0.000532632
1774095868225,0.118652,-0.187012,0.990723,0.00106526,0,0.000532632
1774095868306,0.116699,-0.186523,0.994141,-0.00106526,0,0
1774095868387,0.117676,-0.1875,0.991699,-0.00106526,-0.000532632,0.000532632
1774095868457,0.118164,-0.186035,0.994141,0.00106526,-0.000532632,0
1774095868538,0.118652,-0.186035,0.993164,0.00106526,0,0
1774095868618,0.119141,-0.187012,0.993652,0.000532632,-0.00106526,0.000532632
1774095868689,0.118164,-0.186523,0.991699,0.000532632,-0.00106526,0
1774095868769,0.119629,-0.187012,0.990723,-0.000532632,-0.000532632,0.00106526
1774095868850,0.119141,-0.187012,0.992676,-0.000532632,0,0
1774095868920,0.117188,-0.187988,0.991699,0.000532632,-0.000532632,-0.000532632
1774095869001,0.118164,-0.187988,0.993164,0,-0.0015979,0
1774095869071,0.118164,-0.1875,0.993164,0,-0.000532632,0
1774095869152,0.118652,-0.187988,0.995117,-0.000532632,-0.00106526,-0.000532632
1774095869232,0.119629,-0.186523,0.992188,0,0,-0.000532632
1774095869303,0.117676,-0.187988,0.992188,0.00106526,0,0.00106526
1774095869383,0.118164,-0.187988,0.992188,-0.000532632,-0.000532632,0
1774095869464,0.119141,-0.186035,0.994141,-0.000532632,-0.00106526,0
1774095869534,0.118652,-0.187012,0.992676,0.000532632,-0.000532632,0.000532632
1774095869615,0.115723,-0.186523,0.993652,-0.000532632,-0.00106526,0.000532632
1774095869695,0.118164,-0.187988,0.993652,0.00106526,-0.000532632,0
1774095869766,0.118164,-0.186523,0.992188,0.00106526,-0.000532632,0
1774095869847,0.118652,-0.186035,0.992188,-0.000532632,-0.000532632,-0.000532632
1774095869927,0.118652,-0.186035,0.991699,0.000532632,-0.00106526,0.00106526
1774095869998,0.118652,-0.185547,0.992676,-0.000532632,-0.000532632,0
1774095870078,0.117188,-0.188477,0.993652,-0.000532632,0,0.00106526
1774095870159,0.117188,-0.1875,0.993164,0.000532632,0,0
1774095870230,0.115723,-0.186523,0.994141,0.00106526,0,0
1774095870310,0.115723,-0.185547,0.991699,0,-0.000532632,0
1774095870381,0.119141,-0.1875,0.994629,0.000532632,0,0.000532632
1774095870461,0.117676,-0.186523,0.994141,0.000532632,0,0.000532632
1774095870542,0.117676,-0.187988,0.993164,0.000532632,-0.000532632,-0.000532632
1774095870612,0.116699,-0.185059,0.993164,0,-0.000532632,0
1774095870694,0.117676,-0.1875,0.992676,-0.00106526,-0.000532632,0.000532632
1774095870773,0.116211,-0.186523,0.994629,0.00106526,-0.00106526,0.000532632
1774095870844,0.116211,-0.188965,0.993164,0.000532632,-0.00106526,0.000532632
1774095870924,0.119141,-0.188477,0.992188,0.000532632,-0.000532632,-0.000532632
1774095871005,0.117188,-0.188965,0.994141,-0.00106526,-0.00106526,0.000532632
1774095871075,0.116699,-0.1875,0.992188,0,0,0
1774095871156,0.120117,-0.185547,0.993164,-0.000532632,0,0
1774095871237,0.118652,-0.185547,0.993164,0.000532632,-0.00106526,-0.000532632
1774095871307,0.118164,-0.188477,0.993164,0.000532632,-0.0015979,0
1774095871388,0.117676,-0.187988,0.992676,-0.00106526,0,-0.000532632
1774095871458,0.117188,-0.186523,0.993164,0,-0.000532632,0
1774095871539,0.116211,-0.1875,0.992188,0.000532632,-0.0015979,0.000532632
1774095871619,0.116211,-0.187012,0.993164,0,-0.000532632,0.000532632
1774095871690,0.117676,-0.187012,0.991699,0,-0.00106526,-0.000532632
1774095871770,0.118164,-0.1875,0.992188,0,0.00106526,0
1774095871851,0.118164,-0.186035,0.993652,0.000532632,-0.00106526,-0.000532632
1774095871922,0.118652,-0.187012,0.993164,-0.000532632,0,0.000532632
1774095872002,0.118164,-0.188477,0.992676,0.00106526,-0.0015979,-0.000532632
1774095872083,0.117188,-0.1875,0.993164,0,-0.00106526,0.000532632
1774095872153,0.118164,-0.187012,0.996094,0,0,-0.000532632
1774095872234,0.116699,-0.186035,0.991211,0.00106526,-0.0015979,-0.000532632
1774095872314,0.117188,-0.1875,0.991699,0,-0.000532632,0.000532632
1774095872385,0.119629,-0.1875,0.991211,-0.000532632,-0.0015979,0
1774095872465,0.118164,-0.188477,0.992188,-0.000532632,-0.000532632,-0.000532632
1774095872536,0.116211,-0.186523,0.994141,0,-0.0015979,-0.000532632
1774095872616,0.119141,-0.1875,0.994141,0.00106526,0,0.000532632
1774095872697,0.117188,-0.185547,0.992676,0.000532632,-0.000532632,-0.000532632
1774095872767,0.118652,-0.187012,0.992188,-0.000532632,0.000532632,0
1774095872848,0.117188,-0.186523,0.993164,0,0,0.000532632
1774095872928,0.117676,-0.186523,0.995605,0.00106526,0,0
1774095872999,0.117676,-0.1875,0.994629,0.000532632,-0.000532632,0
1774095873079,0.118652,-0.187012,0.993652,-0.000532632,-0.000532632,0.000532632
1774095873160,0.116699,-0.188477,0.991699,0,-0.000532632,-0.000532632
1774095873230,0.119141,-0.186523,0.991699,0,0,0
1774095873311,0.117676,-0.1875,0.992676,-0.00106526,-0.00106526,-0.00106526
1774095873392,0.118164,-0.188965,0.992676,0.000532632,-0.00106526,-0.000532632
1774095873462,0.118164,-0.187012,0.992188,-0.000532632,-0.00213053,0
1774095873543,0.117676,-0.187012,0.992676,0.000532632,-0.000532632,-0.000532632
1774095873623,0.117676,-0.1875,0.992676,-0.000532632,-0.00106526,0
1774095873694,0.117188,-0.187012,0.993164,0,-0.00106526,0.000532632
1774095873774,0.117188,-0.186523,0.994629,0.000532632,-0.0015979,0
1774095873855,0.117188,-0.1875,0.992188,0,-0.00106526,0.000532632
1774095873925,0.118164,-0.186523,0.992676,0,-0.000532632,0
1774095874006,0.118652,-0.189941,0.992188,0,-0.00106526,0.0015979
1774095874077,0.115723,-0.189453,0.993164,0,-0.000532632,0.000532632
1774095874157,0.119141,-0.1875,0.993652,0,-0.00106526,0
1774095874238,0.117188,-0.186035,0.993164,0,-0.000532632,0
1774095874308,0.117188,-0.1875,0.993164,0.000532632,-0.000532632,0.000532632
1774095874389,0.118652,-0.187012,0.992676,0.000532632,0.000532632,-0.000532632
1774095874469,0.119629,-0.186523,0.992188,0,0.000532632,0.000532632
1774095874540,0.118164,-0.185059,0.993164,-0.000532632,-0.000532632,-0.000532632
1774095874620,0.116211,-0.186523,0.993164,0,-0.00106526,-0.000532632
1774095874701,0.117676,-0.186035,0.992188,0.000532632,-0.00213053,0.000532632
1774095874771,0.118164,-0.186523,0.991211,-0.000532632,-0.00106526,0
1774095874852,0.118652,-0.186035,0.994141,0.000532632,-0.000532632,0.000532632
1774095874932,0.118652,-0.188477,0.995117,0,0,-0.000532632
1774095875003,0.118652,-0.188477,0.993652,-0.000532632,-0.000532632,-0.000532632
1774095875083,0.117676,-0.186035,0.996094,0.000532632,-0.00213053,0
1774095875154,0.119629,-0.1875,0.993652,0.000532632,-0.00106526,-0.000532632
1774095875235,0.119629,-0.186035,0.992188,0.000532632,-0.00106526,0.000532632
1774095875315,0.117188,-0.186035,0.992676,-0.000532632,0,-0.00106526
1774095875386,0.118652,-0.187988,0.993164,-0.000532632,-0.00106526,0.000532632
1774095875466,0.118164,-0.186523,0.994141,0.000532632,0,0.000532632
1774095875547,0.119629,-0.187988,0.992676,0,-0.000532632,0
1774095875618,0.119141,-0.187012,0.993164,0.000532632,-0.00106526,0
1774095875698,0.120605,-0.1875,0.993652,0.000532632,-0.000532632,0.000532632
1774095875778,0.117676,-0.186035,0.994141,0.000532632,-0.00106526,0
1774095875849,0.119629,-0.1875,0.993652,0,-0.00106526,0
1774095875930,0.118164,-0.186035,0.994629,0,-0.0015979,-0.000532632
1774095876010,0.117676,-0.1875,0.991699,0.000532632,-0.000532632,-0.000532632
1774095876080,0.117676,-0.1875,0.993652,0.000532632,-0.000532632,0.000532632
1774095876161,0.118164,-0.1875,0.994629,0,-0.000532632,0.000532632
1774095876241,0.117188,-0.186035,0.993652,0,0,0.000532632
1774095876313,0.116211,-0.189453,0.995605,0.000532632,-0.000532632,0
1774095876393,0.118652,-0.186523,0.992188,0,-0.00106526,0.000532632
1774095876463,0.117188,-0.187988,0.993164,0.000532632,0,-0.000532632
1774095876544,0.117676,-0.187012,0.994141,-0.000532632,-0.000532632,0
1774095876624,0.118164,-0.188477,0.995117,-0.00106526,0,-0.000532632
1774095876695,0.118164,-0.186523,0.993652,0,0,0.000532632
1774095876775,0.118164,-0.185547,0.992676,-0.000532632,-0.00213053,0.000532632
1774095876856,0.120117,-0.18457,0.993164,0,-0.00106526,0
1774095876926,0.118652,-0.186523,0.995117,0,0,-0.000532632
1774095877007,0.118652,-0.187988,0.991699,-0.000532632,-0.000532632,-0.00106526
1774095877087,0.117676,-0.187012,0.992676,0.000532632,0,-0.000532632
1774095877158,0.118164,-0.186035,0.993164,0,-0.000532632,0.000532632
1774095877238,0.118652,-0.185547,0.992676,-0.000532632,-0.000532632,0.000532632
1774095877319,0.118164,-0.187012,0.992676,0.000532632,-0.000532632,0.000532632
1774095877389,0.116211,-0.1875,0.992676,-0.000532632,-0.000532632,0
1774095877470,0.119141,-0.186523,0.992676,0,0,0.000532632
1774095877550,0.118164,-0.186523,0.993652,0.00106526,-0.00106526,0.00106526
1774095877621,0.119141,-0.186035,0.992676,0.000532632,-0.0015979,0
1774095877701,0.119629,-0.186523,0.992188,0,-0.000532632,-0.00106526
1774095877772,0.118164,-0.186523,0.991699,0,-0.000532632,0
1774095877853,0.119141,-0.187012,0.994629,-0.00106526,-0.0015979,-0.000532632
1774095877933,0.117188,-0.186035,0.993164,-0.000532632,-0.00106526,0.00106526
1774095878004,0.117676,-0.186523,0.994629,0,-0.00106526,0
1774095878084,0.115234,-0.187012,0.993652,-0.000532632,-0.00106526,0.000532632
1774095878165,0.120117,-0.185547,0.992188,-0.000532632,-0.000532632,-0.000532632
1774095878235,0.118164,-0.187012,0.994141,0,-0.0015979,-0.00106526
1774095878317,0.118652,-0.187012,0.993652,0,-0.00106526,-0.000532632
1774095878396,0.116211,-0.185547,0.994141,0,-0.0015979,0
1774095878467,0.118164,-0.188477,0.992676,-0.000532632,0,-0.000532632
1774095878547,0.116699,-0.187012,0.995117,0,-0.0015979,0
1774095878628,0.118164,-0.185547,0.995117,-0.000532632,-0.00106526,0
1774095878699,0.117188,-0.189453,0.994629,0,-0.00106526,0
1774095878779,0.116211,-0.186035,0.995605,0,0,-0.000532632
1774095878850,0.118652,-0.186035,0.994141,0.000532632,-0.000532632,0.000532632
1774095878931,0.118164,-0.185547,0.993652,-0.000532632,-0.0015979,0
1774095879011,0.116699,-0.1875,0.993652,0,-0.000532632,0
1774095879081,0.121094,-0.187988,0.993164,-0.000532632,-0.00106526,-0.00106526
1774095879162,0.116211,-0.186035,0.993164,0,-0.000532632,-0.00106526
1774095879242,0.118652,-0.187988,0.994141,-0.000532632,0,0.000532632
1774095879313,0.120605,-0.186035,0.993652,0.000532632,0,0.000532632
1774095879394,0.119141,-0.186035,0.994629,0.000532632,0.000532632,-0.000532632
1774095879474,0.118164,-0.186035,0.992188,0,-0.00106526,-0.000532632
1774095879545,0.117188,-0.188477,0.990723,-0.000532632,-0.000532632,0
1774095879625,0.116699,-0.188965,0.994141,-0.000532632,0,0
1774095879706,0.117676,-0.186523,0.993164,0.000532632,0,-0.00106526
1774095879776,0.117676,-0.1875,0.993652,0,-0.00106526,-0.000532632
1774095879857,0.116211,-0.186523,0.993652,0.000532632,-0.000532632,0.000532632
1774095879937,0.119141,-0.188477,0.993164,0,-0.00106526,0
1774095880008,0.117188,-0.186523,0.993164,0.000532632,-0.000532632,-0.000532632
1774095880088,0.117188,-0.187988,0.992676,0,-0.00106526,0
1774095880159,0.118164,-0.187012,0.993164,0.00106526,-0.00106526,0
1774095880240,0.117188,-0.1875,0.993652,0,-0.00106526,-0.000532632
1774095880320,0.116699,-0.1875,0.992676,0.000532632,-0.00106526,-0.000532632
1774095880391,0.118652,-0.187988,0.993652,-0.000532632,-0.000532632,0
1774095880471,0.117188,-0.1875,0.991211,0.000532632,-0.00213053,0.000532632
1774095880552,0.119141,-0.186035,0.994141,0,0,0
1774095880622,0.115723,-0.187988,0.991211,0,-0.00106526,0
1774095880703,0.118652,-0.188477,0.993164,0,-0.0015979,0
1774095880783,0.118652,-0.187012,0.990723,0.00106526,-0.000532632,-0.0015979
1774095880854,0.120117,-0.185059,0.994141,-0.00106526,-0.000532632,-0.00106526
1774095880934,0.118164,-0.187988,0.991211,0,-0.00213053,-0.0015979
1774095881015,0.119141,-0.186523,0.993652,0.000532632,-0.00106526,0
1774095881085,0.116699,-0.185547,0.994141,0,-0.00106526,-0.000532632
1774095881166,0.117676,-0.188965,0.991211,0.00106526,-0.00106526,-0.000532632
1774095881247,0.116211,-0.1875,0.991699,0.000532632,-0.00106526,-0.00106526
1774095881317,0.119141,-0.187012,0.993164,0,-0.00106526,0.000532632
1774095881398,0.118164,-0.187012,0.992676,0.000532632,-0.0015979,0.000532632
1774095881468,0.118164,-0.189941,0.992676,-0.000532632,-0.000532632,0
1774095881549,0.118652,-0.185547,0.992188,0.000532632,0,0.000532632
1774095881629,0.118652,-0.186523,0.993652,0.000532632,-0.00106526,0.000532632
1774095881700,0.116211,-0.1875,0.992188,-0.000532632,0,-0.000532632
1774095881780,0.115723,-0.186035,0.991699,0.000532632,-0.00106526,0
1774095881861,0.117676,-0.187988,0.993164,0,-0.000532632,0
1774095881931,0.117676,-0.187012,0.993652,0,-0.000532632,-0.000532632
1774095882012,0.118164,-0.186523,0.993164,0.00106526,-0.000532632,-0.00106526
1774095882092,0.119141,-0.186523,0.992188,-0.000532632,-0.00106526,0.000532632
1774095882163,0.117676,-0.188477,0.992676,-0.00106526,-0.000532632,-0.000532632
1774095882243,0.117188,-0.185547,0.994141,-0.000532632,-0.00106526,-0.000532632
1774095882324,0.119141,-0.187012,0.992188,-0.000532632,0,-0.000532632
1774095882395,0.118164,-0.1875,0.995605,0,-0.000532632,0
1774095882475,0.116211,-0.186523,0.992188,-0.00106526,-0.00106526,0
1774095882555,0.118652,-0.187988,0.993164,0,-0.00106526,-0.000532632
1774095882626,0.118652,-0.185547,0.993164,0,-0.00106526,-0.000532632
1774095882707,0.119629,-0.187988,0.991211,-0.000532632,-0.0015979,-0.00106526
1774095882777,0.116211,-0.187988,0.992676,-0.000532632,-0.00106526,-0.000532632
1774095882858,0.118164,-0.188477,0.992676,0,-0.000532632,0.000532632
1774095882938,0.116699,-0.189453,0.996094,-0.000532632,0.000532632,0
1774095883009,0.118652,-0.18457,0.991211,-0.000532632,-0.00106526,0.000532632
1774095883089,0.118164,-0.188477,0.993164,-0.000532632,-0.00106526,-0.00106526
1774095883170,0.117676,-0.186035,0.994141,-0.00106526,-0.00106526,-0.000532632
1774095883240,0.117676,-0.1875,0.993652,-0.000532632,-0.00106526,-0.000532632
1774095883321,0.117676,-0.187012,0.992676,0.000532632,-0.00106526,0
1774095883401,0.118164,-0.1875,0.992676,0.0015979,0,0
1774095883472,0.117676,-0.187012,0.993164,0,0,-0.000532632
1774095883552,0.118164,-0.188477,0.993652,0.000532632,-0.00106526,0.000532632
1774095883633,0.119629,-0.187012,0.992188,0.000532632,-0.00106526,0
1774095883703,0.116211,-0.187988,0.992188,0,-0.000532632,-0.000532632
1774095883784,0.118652,-0.1875,0.993652,0,-0.00106526,0
1774095883855,0.117188,-0.186523,0.992188,0,0,0
1774095883935,0.119629,-0.186523,0.995117,-0.000532632,-0.00106526,-0.00106526
1774095884016,0.114746,-0.186523,0.993164,-0.000532632,-0.000532632,-0.000532632
1774095884086,0.117188,-0.188965,0.990723,0.000532632,-0.000532632,0.000532632
1774095884167,0.116699,-0.186523,0.992676,0,-0.00213053,0
1774095884247,0.118164,-0.1875,0.992188,0,-0.000532632,-0.000532632
1774095884318,0.117188,-0.187988,0.992188,-0.000532632,-0.000532632,0
1774095884398,0.118652,-0.188477,0.991211,-0.00106526,-0.000532632,0
1774095884479,0.117676,-0.187012,0.994141,0,-0.000532632,0
1774095884549,0.118652,-0.1875,0.990723,0,-0.00106526,0
1774095884630,0.116211,-0.187012,0.991699,0,-0.000532632,0.00106526
1774095884710,0.117676,-0.186035,0.993164,0,-0.000532632,-0.000532632
1774095884781,0.118164,-0.187012,0.992188,0.000532632,-0.00106526,-0.000532632
1774095884861,0.118652,-0.184082,0.992676,0,-0.00106526,0.000532632
1774095884942,0.119629,-0.185547,0.990723,-0.000532632,-0.00106526,0.000532632
1774095885012,0.120605,-0.187988,0.993164,-0.000532632,-0.00106526,-0.000532632
1774095885093,0.117188,-0.188477,0.990723,0,-0.000532632,-0.000532632
1774095885173,0.116211,-0.187012,0.993164,0,0,0
1774095885244,0.120117,-0.186523,0.994629,-0.000532632,-0.00106526,0.000532632
1774095885325,0.118164,-0.187012,0.991211,0,0,-0.000532632
1774095885395,0.117676,-0.187988,0.992676,0,-0.00106526,0
1774095885476,0.118164,-0.189453,0.993164,0.000532632,-0.000532632,0.000532632
1774095885556,0.120605,-0.186035,0.993652,-0.000532632,-0.000532632,-0.000532632
1774095885627,0.117188,-0.1875,0.994141,0,-0.000532632,-0.0015979
1774095885707,0.119141,-0.1875,0.992676,0,-0.000532632,-0.00106526
1774095885788,0.118164,-0.1875,0.993164,-0.000532632,-0.00106526,0
1774095885858,0.120117,-0.185547,0.992188,-0.000532632,-0.000532632,0.000532632
1774095885939,0.118164,-0.189453,0.994141,0.00106526,-0.000532632,-0.00106526
1774095886019,0.117676,-0.186523,0.994141,0.00106526,-0.000532632,-0.000532632
1774095886090,0.117676,-0.188477,0.994141,-0.00106526,-0.00106526,0
1774095886170,0.118652,-0.1875,0.992676,0,-0.000532632,-0.000532632
1774095886251,0.117676,-0.185547,0.994141,0.000532632,-0.000532632,0
1774095886321,0.116699,-0.1875,0.992188,0.000532632,-0.0015979,0
1774095886402,0.115723,-0.188477,0.993652,-0.000532632,0.000532632,0
1774095886473,0.117188,-0.1875,0.992188,-0.000532632,-0.000532632,-0.00106526
1774095886553,0.117676,-0.186035,0.992676,0,0.000532632,-0.00106526
1774095886634,0.118164,-0.188477,0.992188,0,-0.0015979,0.000532632
1774095886705,0.117676,-0.188965,0.993164,0.00106526,0.0015979,0.000532632
1774095886785,0.117676,-0.187012,0.993652,0.00106526,-0.000532632,0.000532632
1774095886866,0.118652,-0.186523,0.992188,0.00106526,-0.00106526,-0.00106526
1774095886936,0.120117,-0.186035,0.992676,-0.00106526,-0.0015979,0
1774095887017,0.119141,-0.1875,0.992676,0,-0.00106526,0.00106526
1774095887097,0.118652,-0.188477,0.993164,0,-0.000532632,0.000532632
1774095887168,0.117676,-0.187988,0.993652,0,-0.00106526,0.000532632
1774095887248,0.117188,-0.188965,0.992676,-0.00106526,-0.000532632,-0.000532632
1774095887329,0.117188,-0.188965,0.991699,-0.000532632,-0.00106526,-0.000532632
1774095887399,0.119141,-0.186523,0.992676,0,-0.00106526,-0.000532632
1774095887480,0.119629,-0.1875,0.993652,0.000532632,-0.00106526,0.000532632
1774095887560,0.117188,-0.185547,0.992188,0.00106526,-0.000532632,0
1774095887631,0.120117,-0.187012,0.993652,0,-0.00106526,0.00106526
1774095887711,0.118164,-0.1875,0.994141,-0.000532632,-0.00213053,0.00106526
1774095887792,0.115723,-0.189941,0.994141,-0.000532632,0,0.000532632
1774095887862,0.120117,-0.187988,0.992188,0,-0.00106526,0.000532632
1774095887943,0.116699,-0.187012,0.992676,0.000532632,0,-0.000532632
1774095888013,0.117188,-0.187988,0.992188,-0.000532632,-0.00106526,0
1774095888094,0.117188,-0.187988,0.995117,-0.000532632,-0.00106526,0
1774095888175,0.119141,-0.1875,0.993652,0,-0.0015979,-0.00106526
1774095888245,0.117676,-0.187012,0.992188,-0.000532632,-0.00106526,0.000532632
1774095888326,0.116699,-0.186035,0.992676,0,-0.000532632,0
1774095888406,0.118652,-0.187988,0.994141,-0.000532632,-0.00106526,0.000532632
1774095888477,0.119141,-0.184082,0.994629,0,-0.000532632,-0.000532632
1774095888557,0.119141,-0.1875,0.993164,0.000532632,-0.00106526,-0.000532632
1774095888638,0.116699,-0.186035,0.993164,0,-0.00213053,0
1774095888708,0.118652,-0.187012,0.994141,0.000532632,-0.00106526,0
1774095888789,0.119141,-0.186523,0.994141,-0.0015979,-0.00106526,0.00106526
1774095888869,0.119629,-0.186523,0.993652,0,-0.0015979,0.00106526
1774095888940,0.119141,-0.186035,0.993652,0.000532632,-0.0015979,0.000532632
1774095889020,0.119629,-0.186035,0.993652,-0.00106526,-0.0015979,0
1774095889101,0.117188,-0.187988,0.991699,0,-0.000532632,0
1774095889171,0.117188,-0.1875,0.994629,0,-0.00106526,-0.000532632
1774095889252,0.118164,-0.187988,0.993164,0,-0.000532632,0.000532632
1774095889322,0.117676,-0.187988,0.993164,0.000532632,-0.000532632,0
1774095889403,0.118164,-0.187988,0.994141,0.00106526,-0.00106526,0
1774095889483,0.118652,-0.188965,0.991699,0.000532632,0,0.000532632
1774095889554,0.117188,-0.187988,0.994141,-0.000532632,-0.000532632,-0.000532632
1774095889634,0.117188,-0.187012,0.994141,0,-0.000532632,-0.000532632
1774095889715,0.117676,-0.186523,0.995605,0.000532632,-0.000532632,0
1774095889785,0.117676,-0.1875,0.994141,0.000532632,-0.00106526,0.000532632
1774095889866,0.116699,-0.186035,0.992676,-0.000532632,-0.0015979,-0.000532632
1774095889947,0.117676,-0.185547,0.993164,-0.000532632,0,-0.000532632
1774095890018,0.116699,-0.189453,0.993652,0.000532632,-0.0015979,-0.000532632
1774095890098,0.118164,-0.186035,0.993652,0.00106526,-0.00106526,0.0015979
1774095890178,0.118652,-0.1875,0.990723,0.00106526,-0.000532632,0.000532632
1774095890249,0.118164,-0.186523,0.992676,0,-0.000532632,0.000532632
1774095890329,0.118652,-0.187012,0.992676,0,0,-0.00106526
1774095890410,0.120605,-0.187988,0.993652,0.000532632,-0.000532632,0
1774095890480,0.117188,-0.185059,0.991699,0,0,0
1774095890561,0.117676,-0.185547,0.993652,0.000532632,-0.000532632,0
1774095890631,0.116699,-0.186523,0.994629,0.000532632,-0.000532632,0.00106526
1774095890712,0.119141,-0.1875,0.993164,0,-0.00106526,-0.000532632
1774095890792,0.117676,-0.187012,0.992676,0,0,-0.000532632
1774095890863,0.117188,-0.187988,0.991699,0.00106526,-0.00106526,-0.000532632
1774095890943,0.119141,-0.187012,0.994141,0,-0.00106526,0
1774095891024,0.119141,-0.1875,0.994141,0.000532632,-0.00106526,0.0015979
1774095891094,0.119141,-0.186523,0.994141,0.000532632,-0.000532632,-0.000532632
1774095891175,0.118652,-0.187988,0.991699,0,-0.00106526,-0.000532632
1774095891255,0.117188,-0.1875,0.991699,-0.000532632,-0.00106526,0
1774095891326,0.117676,-0.185547,0.993164,0.000532632,-0.000532632,-0.000532632
1774095891407,0.118164,-0.1875,0.993652,0,0,-0.00106526
1774095891487,0.116211,-0.187988,0.994141,-0.000532632,-0.00213053,0
1774095891558,0.119141,-0.188477,0.991211,0,-0.00106526,0
1774095891638,0.118164,-0.188477,0.992676,0.000532632,-0.000532632,-0.00106526
1774095891719,0.120117,-0.1875,0.993164,0.000532632,-0.0015979,0.000532632
1774095891789,0.119141,-0.1875,0.994141,0,-0.0015979,0
1774095891870,0.117188,-0.187988,0.989746,0,-0.0015979,0
1774095891950,0.118164,-0.188477,0.995117,0,-0.000532632,0
1774095892021,0.116699,-0.187988,0.992676,0.000532632,0.000532632,0
1774095892101,0.118652,-0.188477,0.991211,0,-0.000532632,0
1774095892172,0.118164,-0.185547,0.991211,0.000532632,-0.000532632,0
1774095892252,0.118652,-0.1875,0.993652,0,-0.00106526,0.000532632
1774095892333,0.119141,-0.186035,0.992188,0,-0.00106526,0.000532632
1774095892403,0.119141,-0.189453,0.992676,0.00106526,0.000532632,0.000532632
1774095892484,0.118652,-0.187012,0.994141,0.000532632,-0.000532632,0.00106526
1774095892564,0.116699,-0.187012,0.992676,-0.00106526,-0.000532632,0.000532632
1774095892635,0.117676,-0.187988,0.991211,0,-0.000532632,-0.000532632
1774095892716,0.118164,-0.187012,0.992676,-0.000532632,-0.000532632,-0.000532632
1774095892796,0.116699,-0.1875,0.992676,0,0,0
1774095892867,0.119629,-0.187988,0.991211,0.000532632,-0.000532632,0.000532632
1774095892948,0.116699,-0.186523,0.991699,-0.000532632,-0.00213053,0.000532632
1774095893028,0.118164,-0.187988,0.993652,-0.00106526,0,-0.000532632
1774095893098,0.119141,-0.1875,0.991211,-0.000532632,-0.00106526,0
1774095893179,0.117188,-0.187012,0.993164,0.000532632,-0.00106526,-0.00106526
1774095893249,0.119629,-0.187012,0.991211,0.000532632,-0.00106526,-0.000532632
1774095893330,0.119629,-0.188477,0.993164,-0.000532632,-0.0015979,-0.0015979
1774095893410,0.117676,-0.186035,0.995605,-0.000532632,0,0
1774095893481,0.119629,-0.187988,0.991699,0.000532632,-0.000532632,0
1774095893561,0.117676,-0.186523,0.993164,-0.000532632,-0.000532632,-0.00106526
1774095893642,0.117188,-0.187988,0.991211,0.000532632,-0.00106526,-0.000532632
1774095893712,0.118164,-0.185059,0.992676,0.000532632,-0.00106526,0.000532632
1774095893793,0.118652,-0.1875,0.993164,-0.00106526,0,0
1774095893873,0.118652,-0.18457,0.993164,-0.000532632,-0.000532632,0
1774095893944,0.117676,-0.185547,0.993164,0.000532632,-0.000532632,-0.000532632
1774095894024,0.117676,-0.189453,0.993652,-0.00106526,-0.000532632,-0.000532632
1774095894105,0.117676,-0.186035,0.992188,-0.000532632,-0.00213053,0.0015979
1774095894175,0.120117,-0.187012,0.993164,-0.000532632,-0.0015979,-0.000532632
1774095894256,0.119141,-0.187988,0.993164,0.000532632,0,0
1774095894337,0.116699,-0.186523,0.991699,0.000532632,-0.000532632,0
1774095894408,0.117188,-0.189453,0.994629,0.000532632,-0.000532632,0
1774095894488,0.118652,-0.186035,0.993652,0,-0.00106526,0
1774095894559,0.116211,-0.188477,0.992188,0,-0.00213053,0
1774095894639,0.118164,-0.186035,0.993164,0.000532632,-0.000532632,-0.000532632
1774095894720,0.117676,-0.186523,0.993652,0,-0.00106526,-0.000532632
1774095894790,0.118164,-0.188965,0.991699,0.00106526,0,-0.0015979
1774095894871,0.116699,-0.188477,0.991211,0.000532632,-0.000532632,-0.000532632
1774095894951,0.119141,-0.187988,0.994629,0,-0.000532632,0.000532632
1774095895022,0.119141,-0.186523,0.993652,0.000532632,-0.00106526,0
1774095895102,0.118652,-0.1875,0.992676,0,-0.000532632,0
1774095895183,0.117188,-0.185547,0.994629,-0.000532632,0,-0.000532632
1774095895253,0.120117,-0.185547,0.993164,0.000532632,0,-0.00106526
1774095895334,0.120605,-0.188965,0.993652,0,-0.00106526,-0.000532632
1774095895414,0.119141,-0.1875,0.992676,0.000532632,-0.000532632,0.000532632
1774095895485,0.117676,-0.188477,0.993652,-0.000532632,-0.00106526,0
1774095895565,0.117188,-0.187988,0.992676,-0.00106526,-0.00106526,0.000532632
1774095895646,0.118652,-0.186035,0.993164,-0.000532632,0,0
1774095895716,0.116699,-0.185547,0.994141,0,0,0.000532632
1774095895797,0.117676,-0.187988,0.991699,0,0,0.000532632
1774095895877,0.119629,-0.186035,0.992676,0.000532632,-0.00106526,0.000532632
1774095895948,0.116211,-0.186523,0.993652,0.000532632,-0.00106526,0
1774095896028,0.119141,-0.1875,0.994629,0.000532632,-0.000532632,-0.000532632
1774095896099,0.120117,-0.185547,0.993652,-0.000532632,-0.0015979,0
1774095896179,0.117188,-0.188477,0.991211,-0.000532632,-0.00106526,0
1774095896260,0.117188,-0.188477,0.992676,0.000532632,-0.00106526,-0.000532632
1774095896331,0.117188,-0.186523,0.991211,-0.000532632,-0.00106526,0
1774095896411,0.118652,-0.188477,0.991699,0.000532632,0,0.00106526
1774095896492,0.118652,-0.187988,0.993652,-0.000532632,-0.00106526,0
1774095896562,0.118164,-0.188965,0.992676,-0.000532632,-0.00106526,0.00106526
1774095896643,0.119141,-0.187988,0.992188,0.000532632,-0.00106526,0.000532632
1774095896723,0.118652,-0.1875,0.992676,-0.000532632,-0.0015979,0.000532632
1774095896794,0.117188,-0.1875,0.993652,0.000532632,-0.00106526,0
1774095896874,0.118164,-0.186523,0.991699,0.000532632,-0.0015979,0
1774095896955,0.118652,-0.186523,0.992188,0,-0.00106526,0
1774095897026,0.118652,-0.187988,0.993164,0,-0.000532632,0.000532632
1774095897106,0.118164,-0.188965,0.992188,-0.00106526,-0.00106526,0
1774095897177,0.117188,-0.186035,0.992676,0.00106526,0,0
1774095897257,0.117188,-0.188477,0.991211,0,-0.00106526,0.000532632
1774095897338,0.117188,-0.188477,0.992676,-0.000532632,-0.000532632,-0.00106526
1774095897409,0.118164,-0.186035,0.993164,-0.000532632,0,-0.000532632
1774095897489,0.116699,-0.187012,0.994629,0,-0.00106526,0
1774095897570,0.119141,-0.188965,0.991699,-0.000532632,-0.00106526,0.000532632
1774095897640,0.116699,-0.185547,0.991699,0.000532632,0,-0.00106526
1774095897721,0.118652,-0.189453,0.991699,0,-0.000532632,-0.00106526
1774095897802,0.117676,-0.187988,0.992188,0.00106526,-0.00106526,0.00106526
1774095897872,0.119141,-0.186523,0.994141,0,-0.00106526,0
1774095897952,0.119141,-0.187012,0.991211,-0.000532632,0,-0.000532632
1774095898033,0.116699,-0.187012,0.993652,0.000532632,-0.000532632,-0.000532632
1774095898103,0.116211,-0.187012,0.991699,0,-0.000532632,0.000532632
1774095898184,0.117188,-0.1875,0.992676,0.000532632,-0.00106526,0
1774095898264,0.118164,-0.187012,0.991211,-0.000532632,-0.000532632,0
1774095898335,0.116211,-0.185547,0.993164,-0.000532632,-0.0015979,-0.000532632
1774095898416,0.117188,-0.187012,0.993164,0.00106526,-0.000532632,0
1774095898486,0.117676,-0.188477,0.991211,0.00106526,-0.00106526,-0.000532632
1774095898567,0.117676,-0.187988,0.993652,-0.00106526,-0.000532632,0
1774095898647,0.117676,-0.185547,0.992676,0,-0.000532632,-0.000532632
1774095898718,0.118164,-0.185547,0.992676,-0.000532632,-0.00106526,-0.00106526
1774095898798,0.118652,-0.188477,0.993652,0,-0.000532632,-0.000532632
1774095898879,0.117676,-0.187012,0.993652,0,-0.000532632,-0.000532632
1774095898949,0.118652,-0.187012,0.993652,-0.000532632,-0.000532632,-0.00106526
1774095899030,0.118652,-0.185547,0.991699,-0.000532632,-0.0015979,0.00106526
1774095899110,0.115723,-0.188477,0.993652,-0.000532632,0,0.000532632
1774095899181,0.115234,-0.187012,0.993164,-0.000532632,-0.0015979,0.000532632
1774095899262,0.118164,-0.188965,0.993164,-0.000532632,-0.000532632,-0.000532632
1774095899342,0.118652,-0.187012,0.993652,0,-0.0015979,-0.000532632
1774095899414,0.118652,-0.1875,0.991699,0.000532632,-0.00106526,0.00106526
1774095899493,0.118652,-0.187988,0.992676,0.000532632,-0.00106526,0.000532632
1774095899564,0.118164,-0.186523,0.992676,0.000532632,0.000532632,0
1774095899644,0.118164,-0.188965,0.993164,-0.000532632,-0.000532632,0.000532632
1774095899725,0.116699,-0.187988,0.992676,0.00106526,-0.000532632,-0.000532632
1774095899795,0.119141,-0.1875,0.993652,0.0015979,0.000532632,-0.000532632
1774095899876,0.119141,-0.185547,0.992188,-0.000532632,-0.0015979,-0.000532632
1774095899956,0.117188,-0.187988,0.992188,0,-0.00106526,-0.000532632
1774095900027,0.118164,-0.187012,0.993164,0.000532632,-0.0015979,0.000532632
1774095900107,0.116699,-0.186523,0.994141,-0.000532632,0,-0.00106526
1774095900188,0.119141,-0.187988,0.992676,0,-0.000532632,0
1774095900258,0.119629,-0.187012,0.994629,0.000532632,-0.00106526,0
1774095900339,0.117676,-0.186523,0.992188,-0.000532632,-0.00213053,0
1774095900419,0.117676,-0.188477,0.992188,-0.000532632,-0.00106526,-0.00106526
1774095900490,0.116699,-0.188477,0.992676,0.000532632,-0.00213053,0
1774095900571,0.117676,-0.187988,0.993164,-0.000532632,-0.00106526,0.000532632
1774095900651,0.119629,-0.185547,0.992676,0,-0.00106526,0.000532632
1774095900722,0.116699,-0.1875,0.993652,-0.000532632,-0.000532632,-0.000532632
1774095900802,0.119141,-0.187988,0.990234,0.000532632,-0.00106526,0.000532632
1774095900873,0.118652,-0.187012,0.994141,-0.000532632,-0.00106526,0
1774095900953,0.118164,-0.186523,0.992676,0.000532632,-0.00106526,0.000532632
1774095901034,0.118164,-0.1875,0.994141,0,-0.000532632,0
1774095901104,0.118652,-0.1875,0.991699,0,-0.00106526,0.000532632
1774095901185,0.118652,-0.186523,0.996094,-0.000532632,-0.00106526,0.000532632
1774095901265,0.118652,-0.189941,0.992188,-0.000532632,-0.00106526,-0.000532632
1774095901336,0.118164,-0.187012,0.994629,-0.000532632,-0.00106526,0.0015979
1774095901417,0.116699,-0.186035,0.992676,0.00106526,-0.00106526,-0.000532632
1774095901497,0.118164,-0.187012,0.992676,-0.000532632,-0.000532632,-0.0015979
1774095901568,0.116699,-0.186523,0.994629,0,-0.00213053,0.000532632
1774095901648,0.116699,-0.187012,0.992676,0,-0.00106526,0.000532632
1774095901729,0.119629,-0.1875,0.993164,-0.000532632,-0.00106526,-0.000532632
1774095901799,0.118652,-0.1875,0.994141,0,-0.00106526,0
1774095901880,0.118164,-0.187012,0.993164,0.00106526,-0.000532632,0
1774095901950,0.116699,-0.186035,0.992676,0.00106526,-0.0015979,-0.00106526
1774095902031,0.118652,-0.187988,0.992188,0,-0.0015979,-0.000532632
1774095902111,0.120117,-0.185547,0.994629,0,-0.000532632,0
1774095902182,0.119141,-0.1875,0.993164,-0.000532632,-0.000532632,0.00106526
1774095902263,0.118164,-0.1875,0.995117,0,-0.00106526,0
1774095902343,0.117188,-0.1875,0.992676,0,0,0.000532632
1774095902414,0.117188,-0.187012,0.992676,-0.00106526,-0.0015979,-0.00106526
1774095902494,0.116699,-0.186523,0.991211,-0.000532632,0,0
1774095902575,0.118652,-0.187012,0.992676,0,-0.000532632,0
1774095902645,0.118652,-0.187988,0.993164,-0.000532632,-0.00106526,-0.00106526
1774095902726,0.116211,-0.1875,0.991699,0,-0.000532632,0.000532632
1774095902806,0.117188,-0.186035,0.992188,-0.000532632,-0.00106526,0
1774095902877,0.118652,-0.187012,0.993652,0,-0.00106526,-0.00106526
1774095902957,0.117188,-0.1875,0.993164,-0.000532632,-0.00213053,-0.00106526
1774095903038,0.116211,-0.186035,0.994141,-0.000532632,-0.00106526,0.000532632
1774095903108,0.115723,-0.186523,0.993164,-0.000532632,-0.000532632,0.000532632
1774095903189,0.116211,-0.187012,0.992188,0,-0.000532632,0.000532632
1774095903259,0.119141,-0.1875,0.992676,0,-0.00106526,0
1774095903340,0.115723,-0.186035,0.993652,-0.000532632,-0.000532632,0.000532632
1774095903420,0.118164,-0.188965,0.993164,-0.000532632,-0.000532632,0
1774095903491,0.117676,-0.188477,0.992676,-0.000532632,-0.0015979,0.00106526
1774095903571,0.118164,-0.187012,0.993652,0,-0.00106526,0
1774095903652,0.116699,-0.188477,0.993652,0,0,0.000532632
1774095903722,0.117676,-0.185547,0.992188,-0.000532632,-0.000532632,0.000532632
1774095903803,0.117676,-0.188477,0.992676,0,-0.000532632,0
1774095903883,0.121094,-0.188965,0.995117,-0.00106526,-0.000532632,-0.000532632
1774095903954,0.117188,-0.18457,0.992188,0.00106526,-0.00106526,0
1774095904035,0.115723,-0.1875,0.993164,-0.000532632,0.000532632,-0.000532632
1774095904115,0.115234,-0.188965,0.991699,0.00106526,-0.0015979,-0.000532632
1774095904186,0.118652,-0.187988,0.991699,0,-0.000532632,0
1774095904266,0.117676,-0.1875,0.991211,0,-0.000532632,0
1774095904347,0.117188,-0.185547,0.992676,0.000532632,-0.000532632,0
1774095904417,0.118164,-0.186523,0.993164,0,-0.000532632,0
1774095904498,0.119141,-0.185547,0.992676,-0.00106526,-0.00106526,-0.000532632
1774095904568,0.118652,-0.188477,0.994141,0.000532632,-0.00106526,0.000532632
1774095904649,0.116699,-0.185547,0.992188,-0.000532632,-0.00106526,0
1774095904729,0.116211,-0.186035,0.993652,0,-0.00106526,0
1774095904800,0.116699,-0.1875,0.992676,-0.000532632,-0.000532632,0.000532632
1774095904880,0.121094,-0.188477,0.994629,-0.00106526,-0.00213053,-0.000532632
1774095904961,0.118164,-0.186523,0.991211,0,-0.000532632,0
1774095905031,0.116211,-0.187988,0.992676,0.000532632,-0.000532632,-0.000532632
1774095905112,0.117188,-0.189941,0.992676,-0.000532632,-0.000532632,0
1774095905192,0.119141,-0.186035,0.993652,0,-0.0015979,0
1774095905263,0.118164,-0.187012,0.992188,0.000532632,0,0
1774095905343,0.117676,-0.1875,0.992188,0.000532632,0,0.000532632
1774095905424,0.118164,-0.186035,0.992188,-0.00106526,-0.00106526,-0.000532632
1774095905494,0.119141,-0.1875,0.991699,0.0015979,-0.00106526,-0.000532632
1774095905575,0.120605,-0.187988,0.993652,0.000532632,-0.00106526,-0.000532632
1774095905656,0.119629,-0.188477,0.993164,0,0,-0.0015979
1774095905726,0.116699,-0.187988,0.992188,-0.000532632,-0.000532632,-0.000532632
1774095905807,0.117188,-0.188477,0.992676,0,0,-0.000532632
1774095905877,0.118652,-0.186523,0.991699,0.00106526,-0.000532632,-0.000532632
1774095905958,0.118164,-0.186523,0.993652,0.000532632,-0.000532632,0.000532632
1774095906038,0.118652,-0.187988,0.992676,-0.000532632,-0.000532632,0.000532632
1774095906109,0.120117,-0.1875,0.993164,0,-0.0015979,0
1774095906189,0.117676,-0.186523,0.992188,0,-0.00106526,0
1774095906270,0.114746,-0.188965,0.991211,0,-0.000532632,-0.00106526
1774095906340,0.117188,-0.1875,0.991699,0.000532632,-0.000532632,-0.000532632
1774095906421,0.117676,-0.1875,0.994141,0,-0.0015979,0
1774095906501,0.118652,-0.1875,0.993652,0,-0.00106526,0
1774095906572,0.117188,-0.187012,0.991699,0,-0.000532632,0
1774095906652,0.117188,-0.185547,0.992676,0,-0.000532632,0
1774095906733,0.119629,-0.1875,0.993164,0,-0.0015979,0.000532632
1774095906803,0.116699,-0.1875,0.994141,0.000532632,-0.0015979,-0.000532632
1774095906884,0.117188,-0.187012,0.993652,0,-0.00106526,-0.00106526
1774095906964,0.117188,-0.189941,0.991699,0.000532632,-0.00106526,0
1774095907035,0.116211,-0.187012,0.993652,0,-0.00106526,-0.00106526
1774095907115,0.118652,-0.187012,0.992676,0.000532632,-0.00106526,0
1774095907186,0.116699,-0.188477,0.993164,-0.000532632,0,0
1774095907266,0.118164,-0.187012,0.994141,0.000532632,0,-0.000532632
1774095907347,0.119629,-0.186035,0.993164,0.000532632,-0.00106526,-0.000532632
1774095907418,0.117676,-0.188477,0.994141,-0.000532632,-0.000532632,0
1774095907498,0.116699,-0.185547,0.994141,0,-0.000532632,0
1774095907579,0.118164,-0.187012,0.993652,0.000532632,-0.00106526,0.000532632
1774095907649,0.118652,-0.187012,0.992676,0,0,-0.00106526
1774095907730,0.117676,-0.187012,0.994629,0.000532632,-0.000532632,0.00106526
1774095907810,0.117676,-0.187012,0.992676,0,-0.000532632,0
1774095907881,0.116211,-0.187988,0.992676,0,-0.000532632,-0.000532632
1774095907961,0.117188,-0.188965,0.991211,0.000532632,-0.00106526,0
1774095908042,0.118652,-0.187988,0.992188,0,-0.000532632,-0.00106526
1774095908112,0.117676,-0.188965,0.993164,0,0,0
1774095908193,0.119141,-0.186523,0.992188,0,-0.000532632,0
1774095908273,0.117188,-0.1875,0.995117,0,-0.0015979,0
1774095908344,0.116211,-0.18457,0.992676,0,0,0
1774095908424,0.117188,-0.188477,0.994629,0,-0.00106526,-0.000532632
1774095908495,0.116211,-0.188965,0.993164,-0.000532632,-0.0015979,-0.000532632
1774095908575,0.117676,-0.1875,0.990234,-0.000532632,-0.00106526,0.00106526
1774095908656,0.118164,-0.186523,0.991699,-0.000532632,-0.00106526,0
1774095908726,0.118652,-0.1875,0.993164,-0.000532632,-0.00106526,0.000532632
1774095908807,0.117676,-0.1875,0.992676,-0.000532632,-0.000532632,0
1774095908887,0.119141,-0.187012,0.993164,0.000532632,-0.000532632,0
1774095908958,0.118164,-0.186523,0.994629,-0.000532632,-0.00106526,-0.000532632
1774095909038,0.117188,-0.188965,0.994141,0,-0.000532632,-0.000532632
1774095909119,0.119629,-0.188477,0.991699,0.00106526,-0.0015979,0.000532632
1774095909189,0.116211,-0.186523,0.991699,-0.000532632,-0.00213053,0.000532632
1774095909270,0.118164,-0.187988,0.994629,0.00106526,-0.00106526,-0.00106526
1774095909351,0.118652,-0.188965,0.992188,0,-0.000532632,0
1774095909421,0.116699,-0.186523,0.993164,0,-0.000532632,0
1774095909502,0.117188,-0.187012,0.992676,0.000532632,-0.00106526,-0.000532632
1774095909582,0.118652,-0.187988,0.994629,0.000532632,-0.00106526,-0.00106526
1774095909653,0.119629,-0.186035,0.992188,0,-0.00106526,-0.000532632
1774095909733,0.117188,-0.188477,0.990723,0.00106526,0,0.000532632
1774095909814,0.117676,-0.1875,0.993164,0.000532632,-0.000532632,0.000532632
1774095909884,0.117188,-0.187012,0.993652,0.000532632,-0.00213053,0
1774095909965,0.118652,-0.187988,0.992188,0,-0.00106526,0.000532632
1774095910035,0.118652,-0.187012,0.994141,-0.000532632,-0.00106526,0
1774095910116,0.118164,-0.186523,0.994629,0,-0.00106526,-0.0015979
1774095910196,0.117188,-0.188477,0.993164,0.000532632,-0.0015979,0
1774095910267,0.118164,-0.185547,0.993652,0,-0.0015979,-0.000532632
1774095910348,0.118164,-0.186035,0.992676,-0.000532632,-0.000532632,0
1774095910428,0.116699,-0.186035,0.992676,-0.000532632,-0.00106526,-0.000532632
1774095910499,0.118164,-0.185059,0.993652,-0.000532632,0,0
1774095910579,0.119629,-0.1875,0.993164,-0.000532632,-0.0015979,0
1774095910660,0.119141,-0.187012,0.993164,0.00106526,-0.000532632,0
1774095910730,0.116211,-0.1875,0.993164,0.000532632,-0.0015979,0.00106526
1774095910811,0.119141,-0.187012,0.994629,0.000532632,0,-0.000532632
1774095910891,0.116211,-0.187988,0.993164,0.000532632,-0.000532632,0
1774095910963,0.118164,-0.185547,0.993164,0.000532632,-0.00106526,0
1774095911043,0.119141,-0.189453,0.993652,0.000532632,-0.0015979,-0.000532632
1774095911123,0.118652,-0.186035,0.993652,0,-0.0015979,0
1774095911194,0.117188,-0.187988,0.992188,-0.000532632,0,0.000532632
1774095911275,0.117188,-0.18457,0.990723,-0.000532632,-0.000532632,-0.000532632
1774095911345,0.117676,-0.1875,0.993164,0.000532632,-0.00106526,-0.000532632
1774095911426,0.117676,-0.1875,0.993164,0,0,-0.000532632
1774095911506,0.118164,-0.186523,0.993652,-0.00106526,-0.00106526,0
1774095911577,0.118652,-0.186035,0.994629,0,-0.000532632,0
1774095911657,0.117676,-0.1875,0.994141,-0.00106526,-0.0015979,0
1774095911738,0.120117,-0.187988,0.992676,0.000532632,-0.0015979,0
1774095911808,0.117188,-0.188477,0.994629,0.000532632,0,0.000532632
1774095911889,0.117188,-0.186035,0.992188,0,-0.00106526,0.000532632
1774095911969,0.119629,-0.188477,0.994141,-0.000532632,-0.00106526,0.00106526
1774095912040,0.118652,-0.186523,0.992188,0,-0.000532632,0
1774095912120,0.117676,-0.1875,0.991211,-0.00106526,-0.0015979,0.000532632
1774095912201,0.119141,-0.187988,0.992188,0.000532632,-0.000532632,0
1774095912271,0.117188,-0.187988,0.993652,0.000532632,-0.0015979,0
1774095912352,0.119629,-0.187012,0.993164,-0.000532632,-0.00106526,0.000532632
1774095912423,0.117676,-0.186523,0.993164,0.000532632,-0.000532632,0
1774095912503,0.118164,-0.18457,0.992676,-0.000532632,0,0
1774095912584,0.117188,-0.185547,0.993164,-0.000532632,-0.000532632,0.000532632
1774095912654,0.118164,-0.187012,0.992188,-0.000532632,-0.0015979,-0.000532632
1774095912735,0.118164,-0.186523,0.992676,-0.000532632,-0.00106526,0
1774095912815,0.117676,-0.187012,0.993652,0,-0.000532632,0.000532632
1774095912886,0.118652,-0.187012,0.994141,0,-0.00213053,0
1774095912966,0.117188,-0.1875,0.993164,0,-0.000532632,0
1774095913047,0.116211,-0.187988,0.993164,-0.000532632,-0.0015979,-0.000532632
1774095913117,0.120605,-0.186523,0.993652,-0.00106526,-0.0015979,0
1774095913198,0.118164,-0.188965,0.993164,-0.000532632,-0.000532632,0.000532632
1774095913279,0.118164,-0.187988,0.993652,-0.000532632,-0.000532632,0.00106526
1774095913349,0.118164,-0.1875,0.994629,0,-0.0015979,-0.000532632
1774095913430,0.117188,-0.1875,0.994141,0,-0.0015979,-0.000532632
1774095913510,0.117676,-0.1875,0.992188,-0.000532632,0,-0.00106526
1774095913581,0.119629,-0.188477,0.994629,-0.000532632,-0.0015979,0
1774095913661,0.118164,-0.187012,0.993652,0,-0.00106526,0
1774095913734,0.118652,-0.1875,0.992188,-0.000532632,-0.00106526,-0.000532632
1774095913813,0.118164,-0.187012,0.992188,0,-0.000532632,-0.000532632
1774095913893,0.116211,-0.186523,0.993652,0.000532632,-0.000532632,0
1774095913964,0.118164,-0.188477,0.993164,0.000532632,0,0.00106526
1774095914044,0.118652,-0.185547,0.991211,0.000532632,-0.00106526,0
1774095914125,0.120117,-0.1875,0.994141,-0.000532632,-0.00106526,0
1774095914195,0.118164,-0.186523,0.995117,0.000532632,0,0
1774095914276,0.118164,-0.189453,0.994629,0.000532632,-0.000532632,-0.000532632
1774095914357,0.117676,-0.186035,0.992676,0.000532632,-0.00213053,0.000532632
1774095914427,0.118164,-0.1875,0.992188,-0.000532632,-0.000532632,0.000532632
1774095914508,0.117676,-0.188477,0.994629,0,-0.00106526,-0.000532632
1774095914588,0.117676,-0.187988,0.992676,0.000532632,-0.000532632,-0.00106526
1774095914659,0.117188,-0.1875,0.994141,0.000532632,-0.000532632,0
1774095914739,0.119141,-0.186523,0.996094,0,-0.000532632,0
1774095914810,0.117188,-0.187012,0.992676,0.000532632,-0.00106526,-0.000532632
1774095914890,0.117676,-0.188477,0.992188,0,-0.000532632,0.000532632
1774095914971,0.117188,-0.186523,0.993164,0.000532632,-0.000532632,0
1774095915041,0.119141,-0.1875,0.994141,0.000532632,-0.00106526,0.000532632
1774095915122,0.117676,-0.188477,0.993164,0,-0.000532632,-0.00106526
1774095915202,0.118164,-0.188477,0.994141,0,-0.000532632,0.000532632
1774095915273,0.116699,-0.1875,0.992676,0.000532632,-0.00106526,-0.000532632
1774095915354,0.118164,-0.1875,0.991699,0,-0.000532632,0.00106526
1774095915434,0.116699,-0.187012,0.994141,0,-0.00106526,-0.00106526
1774095915505,0.117188,-0.1875,0.992188,-0.000532632,-0.000532632,0.000532632
1774095915585,0.117188,-0.188477,0.993652,0,-0.0015979,-0.00106526
1774095915666,0.118164,-0.189453,0.991699,0.000532632,0.000532632,0.000532632
1774095915736,0.116211,-0.189453,0.992188,0,-0.0015979,0.000532632
1774095915817,0.117188,-0.186035,0.991699,-0.000532632,0,-0.000532632
1774095915897,0.118652,-0.1875,0.992676,0,0,0.000532632
1774095915968,0.117188,-0.1875,0.991211,0,-0.000532632,0.000532632
1774095916048,0.118652,-0.186523,0.992188,0.000532632,-0.0015979,0
1774095916129,0.117188,-0.188965,0.993164,-0.00106526,-0.0015979,0.000532632
1774095916199,0.116211,-0.187988,0.994141,-0.000532632,-0.0015979,0
1774095916280,0.115234,-0.187012,0.992676,0,0,0.000532632
1774095916350,0.117676,-0.187988,0.992676,-0.000532632,-0.00106526,-0.00106526
1774095916431,0.118652,-0.187988,0.992188,-0.000532632,-0.00106526,0
1774095916511,0.119141,-0.187012,0.991699,0.000532632,-0.000532632,-0.000532632
1774095916582,0.118652,-0.187988,0.993652,-0.000532632,-0.000532632,0.00106526
1774095916662,0.118164,-0.186523,0.992188,0,-0.000532632,0
1774095916743,0.114746,-0.188477,0.992676,0.000532632,-0.000532632,-0.000532632
1774095916813,0.117188,-0.186035,0.992676,0.000532632,-0.0015979,0
1774095916894,0.116211,-0.186035,0.992676,0,-0.000532632,-0.000532632
1774095916975,0.119141,-0.188965,0.993652,-0.000532632,-0.000532632,0.000532632
1774095917045,0.118652,-0.189453,0.992676,0.00106526,-0.000532632,-0.000532632
1774095917126,0.118164,-0.1875,0.991211,0,-0.00106526,0
1774095917206,0.116699,-0.186035,0.992676,0,-0.00213053,-0.000532632
1774095917277,0.118164,-0.186523,0.992188,-0.000532632,-0.000532632,0
1774095917357,0.119629,-0.186523,0.992188,-0.000532632,-0.000532632,0
1774095917438,0.117676,-0.1875,0.996094,0.00106526,-0.000532632,0
1774095917508,0.120117,-0.188477,0.993652,0,-0.0015979,0
1774095917589,0.117188,-0.186523,0.994629,0,0,-0.000532632
1774095917659,0.117676,-0.187988,0.992188,-0.00106526,-0.00106526,0
1774095917740,0.116699,-0.185547,0.992676,0,0,0
1774095917820,0.117188,-0.187988,0.992676,0,-0.00106526,0.000532632
1774095917892,0.118652,-0.185547,0.991211,0,-0.00106526,0
1774095917971,0.116211,-0.188965,0.992676,0,-0.00106526,-0.000532632
1774095918052,0.116699,-0.187988,0.993652,0,-0.000532632,-0.000532632
1774095918122,0.118652,-0.1875,0.994141,-0.000532632,-0.000532632,0.000532632
1774095918203,0.118164,-0.187988,0.992676,0.000532632,-0.0015979,0
1774095918283,0.120117,-0.186523,0.994141,0,-0.0015979,0
1774095918354,0.116699,-0.186523,0.990723,0.000532632,-0.000532632,0
1774095918435,0.118164,-0.1875,0.994141,0.000532632,-0.00106526,-0.000532632
1774095918515,0.116699,-0.189453,0.993164,0,-0.0015979,-0.000532632
1774095918586,0.120605,-0.187012,0.994141,0,-0.000532632,0.000532632
1774095918666,0.118164,-0.186523,0.992188,0.000532632,-0.00106526,0
1774095918747,0.116699,-0.187988,0.993164,0,-0.00106526,0.000532632
1774095918817,0.117676,-0.1875,0.992188,0.00106526,-0.000532632,-0.00106526
1774095918898,0.118164,-0.1875,0.993652,0.000532632,-0.00106526,0
1774095918968,0.118652,-0.187988,0.994141,0,-0.00106526,0
1774095919049,0.117676,-0.188965,0.992676,-0.00106526,-0.0015979,0
1774095919129,0.117188,-0.187988,0.992676,0,-0.00106526,0.000532632
1774095919200,0.117188,-0.187988,0.992188,0,-0.000532632,0.000532632
1774095919280,0.120117,-0.186523,0.993652,0,-0.00106526,0.00106526
1774095919361,0.118652,-0.188477,0.991699,0,-0.000532632,0.000532632
1774095919431,0.119141,-0.1875,0.993652,0.000532632,-0.00106526,-0.000532632
1774095919512,0.119141,-0.187012,0.991699,-0.000532632,0.000532632,-0.000532632
1774095919592,0.118652,-0.1875,0.995605,-0.000532632,-0.0015979,0.000532632
1774095919663,0.118164,-0.186523,0.993164,0,-0.000532632,-0.000532632
1774095919743,0.118164,-0.187012,0.992188,0.000532632,-0.00213053,-0.000532632
1774095919824,0.118164,-0.186523,0.993164,-0.000532632,-0.00213053,0
1774095919894,0.117188,-0.188965,0.993164,0,-0.00106526,0
1774095919975,0.117676,-0.185059,0.993164,-0.000532632,-0.000532632,-0.000532632
1774095920056,0.118652,-0.186035,0.993164,0.00106526,-0.000532632,0
1774095920126,0.117188,-0.1875,0.990723,0.00106526,-0.000532632,-0.000532632
1774095920207,0.116211,-0.186035,0.995117,0,-0.00106526,0
1774095920277,0.117188,-0.186035,0.994141,0,-0.0015979,0
1774095920358,0.116699,-0.189453,0.993164,0.000532632,-0.00106526,0.000532632
1774095920438,0.117188,-0.188477,0.994141,0.000532632,0,0
1774095920509,0.117676,-0.186523,0.992188,-0.000532632,-0.00106526,0
1774095920589,0.118164,-0.1875,0.992676,-0.00106526,0,-0.000532632
1774095920670,0.117188,-0.186523,0.992676,0,-0.00106526,0.000532632
1774095920740,0.117676,-0.19043,0.991699,-0.000532632,-0.00106526,-0.00106526
1774095920822,0.116211,-0.188965,0.994629,-0.000532632,-0.000532632,-0.000532632
1774095920901,0.118164,-0.188477,0.993652,0.00106526,0,0
1774095920972,0.117188,-0.188965,0.992188,0,0,0.00106526
1774095921052,0.118164,-0.1875,0.992676,0,-0.00106526,0
1774095921133,0.115723,-0.187012,0.992676,0,-0.000532632,-0.000532632
1774095921204,0.120117,-0.185059,0.993164,-0.000532632,-0.00106526,0.000532632
1774095921284,0.116211,-0.187012,0.993652,0,-0.000532632,0.00106526
1774095921355,0.116699,-0.187988,0.992676,0,-0.0015979,-0.000532632
1774095921436,0.117188,-0.187012,0.991699,0.00106526,-0.000532632,0
1774095921516,0.118164,-0.187012,0.993164,-0.000532632,-0.00106526,-0.00106526
1774095921587,0.118164,-0.1875,0.991699,-0.000532632,-0.00106526,0
1774095921667,0.118164,-0.186523,0.992676,-0.000532632,-0.00106526,-0.000532632
1774095921748,0.119141,-0.187988,0.993164,0.00106526,-0.000532632,-0.000532632
1774095921818,0.119141,-0.187012,0.993164,0.000532632,-0.00106526,-0.00106526
1774095921899,0.118652,-0.187012,0.992188,0,-0.000532632,0
1774095921979,0.118164,-0.187988,0.993164,-0.000532632,-0.00106526,0
1774095922050,0.115234,-0.187988,0.992676,0,-0.00106526,-0.00106526
1774095922130,0.119141,-0.187012,0.994141,0,-0.00106526,0.000532632
1774095922211,0.115723,-0.187012,0.993652,0,-0.0015979,-0.000532632
1774095922281,0.117676,-0.187012,0.991699,-0.00106526,-0.00106526,-0.000532632
1774095922362,0.118652,-0.186523,0.991699,0,-0.00213053,-0.000532632
1774095922443,0.117188,-0.188477,0.992676,-0.000532632,-0.0015979,-0.000532632
1774095922513,0.118164,-0.186035,0.992676,0,-0.000532632,0.000532632
1774095922594,0.117188,-0.187012,0.993652,0.000532632,-0.000532632,0
1774095922664,0.117188,-0.1875,0.991699,0,-0.000532632,-0.000532632
1774095922745,0.116211,-0.187012,0.993164,-0.000532632,-0.00106526,0
1774095922825,0.115723,-0.1875,0.994141,-0.000532632,-0.0015979,-0.000532632
1774095922896,0.118164,-0.187988,0.993164,0,-0.00106526,0
1774095922976,0.116211,-0.187988,0.992188,0,-0.00106526,0
1774095923057,0.118164,-0.1875,0.993652,0,-0.00106526,0
1774095923128,0.116211,-0.187012,0.992676,0,-0.000532632,0
1774095923208,0.116699,-0.187988,0.991211,0,0,-0.000532632
1774095923289,0.116211,-0.186035,0.991699,-0.000532632,-0.00106526,-0.00106526
1774095923359,0.118164,-0.186523,0.993164,-0.000532632,-0.00106526,0
1774095923440,0.114746,-0.188477,0.992676,0.00106526,-0.00106526,0
1774095923520,0.117676,-0.188477,0.993652,0,-0.000532632,0
1774095923591,0.117676,-0.187012,0.993652,0,-0.000532632,-0.000532632
1774095923671,0.118164,-0.188477,0.990723,0.000532632,-0.0015979,0
1774095923742,0.119629,-0.187988,0.992676,0,-0.0015979,-0.000532632
1774095923822,0.118164,-0.186523,0.992676,0.000532632,-0.00106526,0
1774095923903,0.114746,-0.186523,0.992676,0.00106526,-0.00106526,-0.000532632
1774095923973,0.117188,-0.187012,0.991699,0,-0.000532632,0.000532632
1774095924054,0.118164,-0.186035,0.991211,0,-0.0015979,0.000532632
1774095924135,0.118652,-0.1875,0.994141,0,0,0.000532632
1774095924205,0.117676,-0.187012,0.995117,0,-0.00106526,0
1774095924286,0.118164,-0.1875,0.992676,0,-0.000532632,0
1774095924366,0.117676,-0.19043,0.992676,0.000532632,-0.0015979,0.000532632
1774095924437,0.118164,-0.187988,0.992188,-0.00106526,0,0.000532632
1774095924517,0.117676,-0.187988,0.992676,0.00106526,-0.000532632,0.000532632
1774095924598,0.117676,-0.186035,0.994629,0,-0.000532632,0
1774095924668,0.118652,-0.187988,0.991211,0.000532632,-0.00106526,0
1774095924749,0.119629,-0.1875,0.993164,0.000532632,-0.0015979,-0.00106526
1774095924829,0.116211,-0.185547,0.993652,-0.000532632,0,0.000532632
1774095924900,0.118652,-0.1875,0.992188,0,-0.000532632,-0.000532632
1774095924980,0.117676,-0.187988,0.989746,-0.000532632,-0.000532632,-0.000532632
1774095925061,0.117676,-0.187988,0.993164,0.000532632,-0.000532632,0
1774095925132,0.118164,-0.186523,0.994141,0.000532632,-0.00106526,0.00106526
1774095925212,0.116211,-0.187988,0.992188,-0.000532632,0,-0.00106526
1774095925282,0.119141,-0.188477,0.992676,-0.000532632,-0.0015979,-0.00106526
1774095925363,0.116699,-0.1875,0.991699,0.000532632,-0.0015979,-0.0015979
1774095925444,0.117676,-0.185547,0.992676,0,0,0.000532632
1774095925514,0.116211,-0.186523,0.990723,0,-0.00106526,0
1774095925595,0.120117,-0.187988,0.991211,0.00106526,-0.000532632,0
1774095925675,0.118164,-0.189453,0.992188,0.000532632,-0.000532632,0
1774095925746,0.119629,-0.1875,0.992676,0.00106526,-0.000532632,0.000532632
1774095925826,0.118164,-0.187012,0.993652,0,-0.0015979,0.000532632
1774095925907,0.117188,-0.1875,0.991699,0.000532632,-0.000532632,0
1774095925977,0.115234,-0.1875,0.992676,0,-0.00106526,0
1774095926058,0.118164,-0.187012,0.993164,0,-0.00106526,-0.000532632
1774095926138,0.118164,-0.185547,0.993652,0,-0.0015979,-0.00106526
1774095926209,0.116699,-0.1875,0.994141,0,-0.00106526,-0.000532632
1774095926289,0.116699,-0.186523,0.993652,0.000532632,0,0.000532632
1774095926370,0.118652,-0.186523,0.993652,0.000532632,0,-0.000532632
1774095926441,0.119629,-0.1875,0.993652,0,-0.000532632,0
1774095926521,0.119141,-0.187012,0.994629,0,-0.00106526,-0.000532632
1774095926591,0.116211,-0.188477,0.992188,0.000532632,0,-0.000532632
1774095926672,0.121582,-0.187988,0.993652,0.000532632,-0.00106526,0
1774095926752,0.117188,-0.185547,0.993652,0.000532632,-0.00106526,0
1774095926823,0.117188,-0.185547,0.993652,0.000532632,-0.000532632,0
1774095926903,0.117676,-0.187012,0.992188,0.000532632,-0.000532632,0.000532632
1774095926984,0.118652,-0.188965,0.992676,0.000532632,-0.0015979,0
1774095927054,0.119141,-0.186523,0.992188,-0.000532632,-0.000532632,0.000532632
1774095927135,0.117188,-0.187988,0.993164,0.00106526,-0.00106526,0.0015979
1774095927216,0.117188,-0.185547,0.993164,0.000532632,-0.0015979,-0.000532632
1774095927286,0.117188,-0.187988,0.992676,-0.000532632,-0.00106526,0
1774095927367,0.117188,-0.1875,0.993164,0,-0.000532632,-0.000532632
1774095927447,0.119141,-0.186523,0.992676,0,0,0
1774095927519,0.119141,-0.1875,0.991211,-0.000532632,-0.0015979,0.000532632
1774095927598,0.117188,-0.186523,0.994141,0,-0.000532632,0.00106526
1774095927679,0.118652,-0.187012,0.992676,0,-0.000532632,0.000532632
1774095927749,0.116211,-0.186035,0.992188,0.00106526,0,-0.000532632
1774095927830,0.116211,-0.187988,0.993652,-0.00106526,0,0.00106526
1774095927900,0.117188,-0.187012,0.992188,0,-0.00106526,0.0015979
1774095927981,0.117188,-0.1875,0.993652,0.000532632,-0.00213053,0
1774095928061,0.118164,-0.1875,0.992676,-0.00106526,-0.000532632,0
1774095928132,0.116699,-0.187012,0.992676,0.000532632,0.000532632,0.000532632
1774095928212,0.118164,-0.188965,0.992676,0.000532632,-0.000532632,0.000532632
1774095928293,0.121094,-0.1875,0.994141,0,-0.00106526,0
1774095928363,0.118164,-0.1875,0.993652,0,0,-0.000532632
1774095928444,0.117188,-0.1875,0.992676,0.000532632,0.000532632,-0.00106526
1774095928525,0.116699,-0.186035,0.993652,0.000532632,0,0
1774095928595,0.117188,-0.1875,0.994629,0.000532632,-0.000532632,0.000532632
1774095928676,0.117676,-0.187012,0.994141,-0.00213053,0.000532632,0
1774095928756,0.116699,-0.187988,0.994141,0,-0.000532632,-0.000532632
1774095928827,0.119141,-0.188965,0.993652,0.000532632,0,0
1774095928908,0.116211,-0.186523,0.990234,0,-0.00106526,-0.000532632
1774095928988,0.117676,-0.187012,0.992676,0,-0.000532632,-0.00106526
1774095929058,0.118164,-0.188477,0.992676,-0.000532632,-0.00106526,0
1774095929139,0.119629,-0.187012,0.993652,0.00106526,-0.00106526,0
1774095929209,0.116699,-0.186523,0.991211,0,-0.0015979,0.000532632
1774095929290,0.118164,-0.188477,0.991699,-0.000532632,-0.000532632,-0.000532632
1774095929370,0.116699,-0.1875,0.993164,0.000532632,-0.00106526,0.00106526
1774095929441,0.117676,-0.187988,0.992676,-0.000532632,-0.0015979,0.000532632
1774095929521,0.116211,-0.1875,0.993164,0.000532632,-0.00106526,-0.000532632
1774095929602,0.119629,-0.188965,0.993164,0,-0.00106526,0
1774095929672,0.116699,-0.186523,0.992676,0.000532632,-0.00106526,0.000532632
1774095929753,0.118652,-0.187012,0.992676,0,-0.000532632,-0.000532632
1774095929834,0.118164,-0.187988,0.995605,0,-0.00106526,0.000532632
1774095929904,0.119629,-0.1875,0.992676,0,-0.00106526,0.000532632
1774095929985,0.119141,-0.1875,0.992676,0,0,0.000532632
1774095930065,0.118164,-0.186035,0.994141,0,-0.00106526,0.000532632
1774095930136,0.115723,-0.188477,0.992188,0,0,0.000532632
1774095930216,0.118164,-0.188477,0.993164,0.000532632,-0.0015979,0.000532632
1774095930287,0.118164,-0.187988,0.992676,-0.000532632,-0.0015979,-0.000532632
1774095930368,0.116211,-0.188477,0.991211,0.000532632,-0.000532632,-0.000532632
1774095930448,0.118164,-0.188965,0.991211,-0.000532632,-0.000532632,0
1774095930519,0.118164,-0.189453,0.992676,0.000532632,-0.000532632,-0.00106526
1774095930599,0.118652,-0.187012,0.993652,0.000532632,0,0
1774095930680,0.118164,-0.186035,0.994629,0.000532632,-0.0015979,0.00106526
1774095930750,0.119141,-0.1875,0.994629,0.000532632,-0.000532632,0.0015979
1774095930831,0.120117,-0.187988,0.993652,-0.000532632,-0.00106526,0
1774095930911,0.121094,-0.186035,0.993164,-0.000532632,-0.00106526,-0.00106526
1774095930982,0.117676,-0.1875,0.992188,0,-0.000532632,-0.000532632
1774095931062,0.116699,-0.188965,0.993164,0.000532632,-0.000532632,0
1774095931143,0.119629,-0.188477,0.993164,0.000532632,-0.0015979,-0.000532632
1774095931213,0.118652,-0.1875,0.993164,0,-0.000532632,-0.000532632
1774095931294,0.116699,-0.1875,0.992188,0,-0.00106526,-0.00106526
1774095931375,0.118652,-0.188477,0.994141,0,-0.00106526,0.000532632
1774095931445,0.118652,-0.188477,0.992676,0,-0.00106526,-0.00106526
1774095931526,0.118164,-0.185059,0.994141,0,-0.00106526,-0.000532632
1774095931597,0.119141,-0.187012,0.992676,0.000532632,-0.000532632,-0.000532632
1774095931677,0.118652,-0.187012,0.992676,0.000532632,-0.0015979,0
1774095931757,0.117188,-0.186035,0.993652,0.000532632,-0.00106526,0.00106526
1774095931828,0.118652,-0.187012,0.993652,0,-0.00106526,-0.00106526
1774095931908,0.117676,-0.188965,0.993652,-0.000532632,-0.000532632,0
1774095931989,0.118652,-0.1875,0.993164,0.00106526,-0.00106526,0.000532632
1774095932059,0.118652,-0.1875,0.993164,0,-0.000532632,0
1774095932140,0.119629,-0.185059,0.994629,0.00106526,-0.000532632,0
1774095932221,0.119629,-0.186523,0.994141,0,-0.00213053,-0.00106526
1774095932291,0.118164,-0.187988,0.994141,0.000532632,-0.000532632,0
1774095932372,0.116699,-0.187012,0.993652,0.000532632,-0.00106526,-0.000532632
1774095932452,0.119141,-0.187012,0.994629,0.000532632,-0.000532632,0
1774095932523,0.115723,-0.188477,0.992676,0.000532632,-0.00106526,0
1774095932604,0.117188,-0.186035,0.992676,0.000532632,0,0
1774095932674,0.119141,-0.1875,0.991699,0,-0.00106526,0
1774095932754,0.117676,-0.185547,0.992676,0.00106526,0,-0.000532632
1774095932835,0.117676,-0.1875,0.992676,0,-0.0015979,0
1774095932905,0.118652,-0.185059,0.993164,0.000532632,-0.000532632,0
1774095932986,0.117676,-0.186523,0.994141,0,-0.0015979,-0.00106526
1774095933067,0.120117,-0.185547,0.993164,0,-0.000532632,0
1774095933137,0.116699,-0.188477,0.993652,0,-0.00106526,-0.000532632
1774095933218,0.117188,-0.1875,0.992188,-0.000532632,-0.000532632,-0.000532632
1774095933298,0.119141,-0.187012,0.993164,0.000532632,-0.00106526,-0.000532632
1774095933369,0.118164,-0.187988,0.993652,0,-0.00106526,0
1774095933449,0.116699,-0.187012,0.992676,0,0,0
1774095933530,0.116699,-0.189453,0.992676,0.000532632,-0.000532632,0
1774095933600,0.118164,-0.1875,0.992188,-0.000532632,0,0.000532632
1774095933681,0.118652,-0.1875,0.991211,-0.000532632,-0.000532632,-0.000532632
1774095933761,0.116211,-0.185059,0.991211,0,-0.000532632,-0.000532632
1774095933832,0.117188,-0.185547,0.991699,-0.000532632,-0.00106526,0.00106526
1774095933912,0.120117,-0.187012,0.994629,-0.00106526,0,0.000532632
1774095933983,0.120117,-0.187012,0.993164,0,-0.000532632,0
1774095934063,0.120117,-0.187988,0.994629,0.000532632,0.000532632,0
1774095934144,0.119141,-0.187988,0.991211,0,-0.00106526,-0.000532632
1774095934214,0.116699,-0.188477,0.994141,0.000532632,-0.000532632,0.0015979
1774095934295,0.118164,-0.1875,0.993164,0,-0.00106526,-0.00106526
1774095934375,0.118164,-0.187988,0.992676,0.000532632,-0.00106526,0
1774095934446,0.116211,-0.186035,0.993164,0.000532632,-0.0015979,0
1774095934526,0.117676,-0.188477,0.991699,0.000532632,-0.000532632,0
1774095934607,0.118164,-0.1875,0.993652,0.000532632,-0.000532632,0.000532632
1774095934678,0.116699,-0.187012,0.994141,-0.000532632,0,0.000532632
1774095934758,0.118652,-0.187012,0.992188,0.00106526,-0.0015979,0
1774095934839,0.116211,-0.188477,0.992676,-0.000532632,-0.0015979,0.000532632
1774095934909,0.119141,-0.186523,0.993164,0,-0.00106526,-0.000532632
1774095934990,0.117188,-0.186523,0.993164,0.000532632,-0.000532632,-0.00106526
1774095935070,0.117676,-0.186035,0.992676,0.000532632,-0.00106526,-0.00106526
1774095935141,0.119141,-0.189453,0.991211,0.0015979,-0.00106526,0.000532632
1774095935221,0.117188,-0.188477,0.994629,0.000532632,0,0.000532632
1774095935292,0.118164,-0.187988,0.992188,0,-0.000532632,0.000532632
1774095935372,0.115723,-0.188965,0.993164,-0.000532632,0,-0.000532632
1774095935453,0.118164,-0.187988,0.992188,0.000532632,-0.000532632,0.00106526
1774095935524,0.117188,-0.1875,0.993652,-0.000532632,-0.000532632,0
1774095935604,0.118652,-0.187988,0.993652,0.000532632,-0.00106526,-0.000532632
1774095935685,0.118164,-0.187012,0.993164,0,-0.00106526,0
1774095935755,0.119629,-0.186523,0.993164,0,0,-0.000532632
1774095935836,0.117188,-0.185547,0.995117,0.000532632,-0.000532632,-0.000532632
1774095935916,0.117676,-0.187988,0.991211,-0.000532632,-0.0015979,0.000532632
1774095935987,0.116699,-0.185547,0.994141,-0.000532632,0,0
1774095936067,0.118164,-0.187012,0.993164,0,-0.00106526,0
1774095936148,0.117676,-0.186523,0.992188,0.000532632,0,-0.000532632
1774095936218,0.119629,-0.188477,0.992188,0.000532632,-0.000532632,-0.000532632
1774095936299,0.118164,-0.188477,0.994141,-0.000532632,-0.000532632,-0.000532632
1774095936369,0.118164,-0.1875,0.992188,-0.000532632,-0.00106526,0.00106526
1774095936450,0.116699,-0.188965,0.993164,0,-0.00106526,0.00106526
1774095936530,0.118164,-0.187012,0.993164,0,-0.000532632,-0.000532632
1774095936601,0.116211,-0.187988,0.991699,0.0015979,-0.00106526,0.000532632
1774095936681,0.117676,-0.188477,0.992188,-0.000532632,-0.000532632,0
1774095936762,0.119141,-0.187012,0.991211,0.000532632,-0.0015979,0
1774095936832,0.118164,-0.185547,0.992188,0,-0.000532632,0.000532632
1774095936913,0.118164,-0.185547,0.991211,0,-0.00106526,0
1774095936993,0.117188,-0.187988,0.993652,0.00106526,-0.00106526,0.000532632
1774095937064,0.117188,-0.186035,0.993164,0.000532632,-0.00106526,0.000532632
1774095937144,0.119141,-0.188965,0.992676,0.00106526,0,0.000532632
1774095937225,0.115723,-0.185059,0.993652,0.000532632,-0.00213053,0
1774095937296,0.116699,-0.188965,0.993652,0.000532632,-0.00106526,0
1774095937376,0.117676,-0.1875,0.991699,-0.00106526,-0.0015979,0
1774095937457,0.117188,-0.1875,0.991699,0,-0.000532632,0
1774095937527,0.117188,-0.188477,0.991699,0.000532632,-0.00106526,0
1774095937608,0.118164,-0.1875,0.991699,0,-0.00106526,0
1774095937678,0.117676,-0.187988,0.994141,-0.000532632,-0.00106526,-0.000532632
1774095937759,0.118652,-0.1875,0.992188,0.000532632,-0.0015979,-0.000532632
1774095937840,0.117188,-0.185547,0.991699,0,-0.000532632,-0.00106526
1774095937910,0.116211,-0.1875,0.992676,0.000532632,-0.000532632,0
1774095937991,0.120117,-0.188477,0.992188,0.000532632,-0.00106526,0
1774095938072,0.116211,-0.187012,0.993164,0,-0.000532632,0.000532632
1774095938142,0.117188,-0.187012,0.992188,0.00106526,-0.000532632,0
1774095938222,0.117188,-0.187012,0.993164,0.000532632,-0.0015979,-0.000532632
1774095938303,0.117188,-0.188965,0.992188,0,-0.00106526,0.000532632
1774095938373,0.119141,-0.186523,0.992188,0,-0.000532632,0.000532632
1774095938454,0.117676,-0.1875,0.994141,0.000532632,-0.00106526,0
1774095938534,0.117676,-0.188965,0.993164,0,-0.000532632,0.000532632
1774095938605,0.117676,-0.186035,0.992676,0.000532632,-0.000532632,0.00106526
1774095938685,0.118652,-0.187012,0.994141,-0.000532632,-0.000532632,-0.000532632
1774095938766,0.118652,-0.187012,0.993164,0.000532632,-0.000532632,0.00106526
1774095938836,0.115723,-0.1875,0.993164,0,-0.000532632,0.000532632
1774095938917,0.118164,-0.189453,0.992188,0.000532632,-0.0015979,-0.000532632
1774095938988,0.117676,-0.1875,0.993164,-0.000532632,-0.00106526,0.000532632
1774095939068,0.118652,-0.184082,0.992676,0.00106526,-0.00106526,0
1774095939149,0.118164,-0.187988,0.993652,0.000532632,-0.000532632,0.00106526
1774095939219,0.116699,-0.186523,0.992676,0,-0.00106526,0.000532632
1774095939300,0.117188,-0.186035,0.994141,0.000532632,-0.000532632,-0.000532632
1774095939380,0.116699,-0.187988,0.994629,0.000532632,-0.00106526,0.000532632
1774095939451,0.119141,-0.187012,0.992188,0.000532632,-0.000532632,0.000532632
1774095939531,0.117676,-0.1875,0.994629,0,-0.000532632,0
1774095939612,0.117188,-0.1875,0.992188,0.000532632,-0.00106526,0
1774095939682,0.119141,-0.1875,0.993164,0.0015979,0,0.0015979
1774095939763,0.116211,-0.1875,0.992676,0,0,0.000532632
1774095939843,0.117188,-0.187012,0.992676,-0.000532632,-0.000532632,0.000532632
1774095939914,0.115723,-0.1875,0.992188,0.000532632,-0.000532632,0.000532632
1774095939994,0.117676,-0.188477,0.992676,0,-0.000532632,0
1774095940075,0.120605,-0.187988,0.992188,0.000532632,-0.000532632,-0.000532632
1774095940145,0.118164,-0.188477,0.993652,0,-0.00106526,0
1774095940226,0.118652,-0.188477,0.993652,0.00106526,-0.00106526,0
1774095940306,0.116699,-0.186523,0.993652,0,-0.000532632,-0.000532632
1774095940377,0.120605,-0.186523,0.992188,-0.000532632,-0.0015979,0
1774095940457,0.117188,-0.187012,0.993652,0,-0.00106526,0.00106526
1774095940528,0.119141,-0.186523,0.993652,0.000532632,-0.000532632,0
1774095940609,0.118164,-0.186523,0.992676,0,-0.000532632,0
1774095940689,0.118164,-0.188477,0.993164,0,-0.000532632,0
1774095940760,0.118164,-0.187988,0.993164,0,-0.000532632,0
1774095940840,0.119141,-0.185059,0.992188,0,-0.000532632,0.000532632
1774095940921,0.119141,-0.188965,0.992188,0.000532632,0,-0.000532632
1774095940993,0.117676,-0.186035,0.992188,-0.000532632,0,0.000532632
1774095941072,0.118652,-0.186523,0.993652,-0.000532632,-0.0015979,0.00106526
1774095941152,0.117676,-0.188477,0.995117,-0.000532632,0.000532632,0.000532632
1774095941223,0.118652,-0.187988,0.992188,-0.000532632,-0.0015979,0
1774095941303,0.118652,-0.187012,0.991699,0,-0.000532632,0
1774095941384,0.119629,-0.186523,0.992188,0,-0.00106526,0.00106526
1774095941454,0.118164,-0.187012,0.993164,0.000532632,-0.000532632,0.000532632
1774095941535,0.117188,-0.186523,0.993652,0,-0.000532632,0.00106526
1774095941615,0.118652,-0.186523,0.994141,-0.000532632,-0.000532632,0
1774095941686,0.120117,-0.187012,0.992188,-0.0015979,-0.000532632,0
1774095941766,0.117676,-0.186523,0.993652,0,0,0.000532632
1774095941837,0.118652,-0.1875,0.995605,0,-0.00106526,0
1774095941917,0.118164,-0.186523,0.992188,-0.000532632,-0.000532632,-0.000532632
1774095941998,0.116699,-0.188477,0.992188,-0.000532632,0,0
1774095942068,0.117188,-0.186035,0.993164,-0.000532632,-0.000532632,0.000532632
1774095942149,0.119629,-0.187012,0.992188,0.000532632,-0.000532632,-0.000532632
1774095942229,0.118164,-0.1875,0.994141,0,-0.000532632,0
1774095942300,0.118652,-0.186035,0.993164,0.000532632,-0.000532632,0.00106526
1774095942380,0.118164,-0.187012,0.992676,0,-0.000532632,0.000532632
1774095942461,0.118164,-0.188477,0.992188,0,-0.000532632,0
1774095942531,0.117676,-0.187012,0.991699,0,-0.00106526,0.000532632
1774095942612,0.117188,-0.185059,0.993164,0,-0.0015979,-0.00106526
1774095942693,0.118164,-0.186523,0.994141,0,-0.000532632,0
1774095942763,0.117188,-0.186035,0.995117,0.000532632,-0.00106526,-0.000532632
1774095942844,0.118164,-0.185547,0.993652,0,-0.000532632,-0.00106526
1774095942924,0.117676,-0.187988,0.991699,0.000532632,0.000532632,0.00106526
1774095942995,0.117676,-0.186523,0.992188,-0.000532632,-0.00106526,0.000532632
1774095943075,0.117676,-0.187012,0.993164,0,-0.000532632,-0.000532632
1774095943146,0.117676,-0.187988,0.992676,0.000532632,-0.000532632,0.000532632
1774095943226,0.118164,-0.185547,0.993164,0,-0.000532632,-0.00106526
1774095943307,0.116699,-0.187988,0.992188,-0.000532632,0,-0.00106526
1774095943377,0.117188,-0.1875,0.993164,0.000532632,-0.0015979,0
1774095943458,0.116211,-0.1875,0.993652,-0.000532632,-0.000532632,0
1774095943538,0.118164,-0.188965,0.991699,0.00106526,-0.000532632,0
1774095943609,0.117188,-0.187012,0.993164,0.000532632,-0.000532632,-0.000532632
1774095943689,0.119629,-0.185547,0.994141,-0.000532632,-0.000532632,0.00106526
1774095943770,0.118164,-0.187012,0.992676,-0.000532632,-0.000532632,0
1774095943841,0.118164,-0.1875,0.993652,0,-0.00106526,0.000532632
1774095943921,0.118652,-0.187012,0.992676,0,0,0.000532632
1774095944002,0.118164,-0.1875,0.992676,0.000532632,-0.000532632,-0.000532632
1774095944072,0.115723,-0.187988,0.990723,0.000532632,-0.00106526,-0.000532632
1774095944153,0.117188,-0.18457,0.993652,0,-0.000532632,0.000532632
1774095944233,0.116211,-0.187012,0.993164,0,0,0
1774095944304,0.116211,-0.187988,0.993652,0.000532632,-0.000532632,0
1774095944385,0.118652,-0.185547,0.992676,0,-0.00106526,0
1774095944455,0.116699,-0.186035,0.993164,0.000532632,-0.000532632,0
1774095944536,0.117676,-0.187988,0.991211,0.000532632,-0.000532632,0
1774095944616,0.116699,-0.186035,0.992188,0,-0.000532632,0.000532632
1774095944687,0.116699,-0.1875,0.992676,0,-0.0015979,0.000532632
1774095944768,0.114746,-0.186035,0.993652,0,-0.0015979,0.000532632
1774095944848,0.114746,-0.1875,0.991699,0.000532632,-0.00106526,0
1774095944919,0.116211,-0.187988,0.993652,0.00106526,-0.00106526,0.000532632
1774095945000,0.117676,-0.1875,0.993164,-0.000532632,-0.00106526,0.000532632
1774095945072,0.118164,-0.185547,0.993164,0,-0.000532632,0
1774095945151,0.119141,-0.1875,0.993164,0,-0.000532632,-0.000532632
1774095945231,0.118164,-0.188965,0.993652,-0.00106526,-0.00106526,0.000532632
1774095945302,0.116699,-0.186035,0.991699,0,-0.000532632,0
1774095945382,0.119141,-0.187012,0.993652,0,-0.000532632,0
1774095945463,0.115723,-0.185547,0.993164,0.000532632,-0.00106526,0
1774095945533,0.115723,-0.185547,0.993164,0.000532632,-0.000532632,0.000532632
1774095945614,0.116211,-0.188477,0.994141,0,0,0.00106526
1774095945695,0.117676,-0.187012,0.993652,-0.000532632,-0.000532632,0
1774095945765,0.118652,-0.186523,0.994629,-0.000532632,0,0
1774095945846,0.119141,-0.186035,0.993164,0.00106526,0,0.000532632
1774095945926,0.117188,-0.186523,0.993164,0.00106526,0.000532632,-0.000532632
1774095945997,0.117676,-0.187012,0.993652,0,-0.0015979,-0.000532632
1774095946077,0.116699,-0.187988,0.993164,0,-0.000532632,0.00106526
1774095946158,0.117676,-0.187012,0.993652,0.00106526,-0.000532632,0
1774095946228,0.118164,-0.188965,0.994629,-0.00106526,-0.000532632,0.000532632
1774095946309,0.116699,-0.186035,0.994141,-0.000532632,-0.0015979,0
1774095946380,0.116211,-0.1875,0.994141,0.000532632,-0.000532632,0
1774095946460,0.118164,-0.187988,0.992188,0,-0.000532632,0
1774095946541,0.119141,-0.187012,0.994629,0.00106526,0,0.0015979
1774095946611,0.118652,-0.1875,0.993652,0,-0.00213053,0.000532632
1774095946692,0.117188,-0.1875,0.994629,-0.000532632,-0.0015979,0.00106526
1774095946772,0.118652,-0.1875,0.995605,0.000532632,-0.000532632,-0.000532632
1774095946843,0.118164,-0.186035,0.991211,-0.000532632,-0.000532632,0
1774095946924,0.118164,-0.188477,0.993164,0,-0.00106526,0
1774095947004,0.118652,-0.188477,0.992188,0,0,0.00106526
1774095947074,0.118164,-0.187012,0.992676,-0.00106526,-0.00106526,-0.000532632
1774095947155,0.116699,-0.187988,0.993164,0,0,0
1774095947235,0.117676,-0.186523,0.992188,0,-0.000532632,0
1774095947306,0.118652,-0.187988,0.993652,0,-0.00106526,0
1774095947386,0.118652,-0.185547,0.993652,-0.000532632,0,-0.00106526
1774095947467,0.117676,-0.185547,0.991699,0.000532632,-0.000532632,-0.000532632
1774095947537,0.119629,-0.185059,0.993652,0.000532632,0,-0.000532632
1774095947618,0.116699,-0.1875,0.993652,0.000532632,-0.00106526,0.00106526
1774095947689,0.117676,-0.187012,0.993164,0,-0.000532632,-0.000532632
1774095947769,0.118164,-0.188965,0.992188,0.00106526,-0.000532632,0.000532632
1774095947850,0.116699,-0.1875,0.995117,-0.000532632,-0.00106526,-0.000532632
1774095947921,0.117188,-0.186523,0.995117,0.00106526,-0.000532632,0.00106526
1774095948001,0.116699,-0.187012,0.993164,0.000532632,-0.00106526,-0.00106526
1774095948082,0.119141,-0.186035,0.991699,0.000532632,-0.000532632,0.000532632
1774095948152,0.118164,-0.186523,0.992676,0,-0.00106526,0.000532632
1774095948233,0.117188,-0.1875,0.993652,0,0,-0.000532632
1774095948313,0.117188,-0.187012,0.991699,-0.000532632,-0.000532632,-0.00106526
1774095948385,0.116211,-0.187012,0.991211,0.000532632,-0.00106526,0
1774095948464,0.117676,-0.1875,0.991699,0,-0.000532632,0
1774095948545,0.117676,-0.188965,0.993652,0,-0.000532632,0.00106526
1774095948615,0.118164,-0.188477,0.993652,-0.000532632,-0.00106526,0.00106526
1774095948696,0.116699,-0.187988,0.993164,0.00106526,-0.0015979,0.000532632
1774095948766,0.117676,-0.188477,0.992676,0.0015979,-0.00106526,0
1774095948847,0.116211,-0.186523,0.991211,0.000532632,-0.000532632,-0.00106526
1774095948927,0.119141,-0.186523,0.993652,0.000532632,-0.00106526,-0.00106526
1774095948998,0.118164,-0.187988,0.992188,0.000532632,-0.00106526,-0.000532632
1774095949078,0.118164,-0.186523,0.994141,0,-0.00106526,-0.000532632
1774095949159,0.119629,-0.187012,0.992188,0,-0.0015979,-0.00106526
1774095949230,0.116699,-0.187988,0.992676,0,-0.00213053,0
1774095949310,0.118164,-0.188965,0.991699,0.000532632,-0.000532632,-0.000532632
1774095949391,0.120605,-0.185547,0.994141,0,-0.00106526,0.000532632
1774095949461,0.116699,-0.186523,0.992188,0.00106526,-0.0015979,0.00106526
1774095949542,0.119141,-0.186035,0.993652,0,-0.00106526,-0.000532632
1774095949622,0.119629,-0.187988,0.993164,0.000532632,-0.000532632,-0.000532632
1774095949693,0.117676,-0.188477,0.992188,0,-0.000532632,0.000532632
1774095949773,0.117676,-0.185059,0.994629,-0.000532632,-0.000532632,0
1774095949854,0.117676,-0.186523,0.995117,0,-0.000532632,0.000532632
1774095949924,0.119141,-0.187012,0.992676,0,-0.0015979,-0.00106526
1774095950005,0.117188,-0.187012,0.991699,0.000532632,0,0
1774095950075,0.118164,-0.187988,0.992676,-0.000532632,-0.00106526,0.000532632
1774095950156,0.118652,-0.1875,0.991211,0,-0.000532632,0
1774095950236,0.117676,-0.187988,0.991699,0.000532632,0,0
1774095950307,0.117676,-0.186035,0.994629,0.00106526,-0.000532632,0
1774095950388,0.119141,-0.187012,0.992188,0,0,-0.000532632
1774095950468,0.116699,-0.1875,0.993652,0.000532632,-0.00106526,0.00106526
1774095950539,0.118164,-0.186035,0.994629,0,-0.0015979,0.00106526
1774095950619,0.118164,-0.1875,0.992676,0.000532632,-0.00106526,0.000532632
1774095950700,0.119629,-0.186523,0.993164,0,0,0.000532632
1774095950770,0.116211,-0.186523,0.992676,-0.000532632,-0.00106526,-0.000532632
1774095950851,0.118652,-0.185547,0.992676,0.000532632,-0.0015979,-0.000532632
1774095950931,0.117188,-0.186523,0.993164,-0.000532632,-0.000532632,-0.000532632
1774095951002,0.118164,-0.1875,0.994141,0,-0.000532632,0
1774095951082,0.120117,-0.1875,0.991699,-0.000532632,-0.00106526,0.000532632
1774095951163,0.117676,-0.188965,0.992188,0.000532632,-0.00106526,0.000532632
1774095951233,0.118652,-0.187012,0.993652,0.00106526,-0.00106526,0.000532632
1774095951314,0.118652,-0.186035,0.993652,-0.000532632,-0.000532632,0.000532632
1774095951384,0.118164,-0.186523,0.994629,0.000532632,-0.000532632,0.000532632
1774095951465,0.117676,-0.188965,0.992676,-0.00106526,0,0.000532632
1774095951545,0.119141,-0.186523,0.990723,-0.000532632,-0.00106526,-0.000532632
1774095951616,0.116699,-0.186523,0.991211,0.000532632,-0.00106526,0
1774095951696,0.116699,-0.185547,0.993164,0.000532632,0,0.000532632
1774095951777,0.119629,-0.187988,0.992676,0.00106526,-0.00106526,0.000532632
1774095951847,0.117676,-0.187988,0.993164,-0.00106526,-0.000532632,-0.000532632
1774095951928,0.117676,-0.187012,0.991699,-0.000532632,-0.0015979,-0.000532632
1774095952009,0.118652,-0.187012,0.990723,0,-0.000532632,-0.000532632
1774095952079,0.118164,-0.188965,0.993652,0.000532632,-0.000532632,0
1774095952159,0.116699,-0.187988,0.992676,-0.000532632,-0.000532632,0.000532632
1774095952240,0.117676,-0.187988,0.992676,0,-0.0015979,-0.000532632
1774095952310,0.117188,-0.188477,0.992676,0.000532632,-0.000532632,0
1774095952391,0.116211,-0.1875,0.992676,0.000532632,0.00106526,0.000532632
1774095952472,0.115723,-0.187988,0.993164,0,-0.00106526,-0.00106526
1774095952542,0.117188,-0.186035,0.993652,0,-0.00106526,-0.00106526
1774095952623,0.119141,-0.188477,0.995605,0.0015979,0.000532632,0.000532632
1774095952693,0.118652,-0.187012,0.990723,-0.00106526,-0.00106526,0
1774095952774,0.118164,-0.188965,0.993164,0.000532632,-0.00106526,0.000532632
1774095952854,0.118652,-0.186035,0.994141,-0.000532632,-0.00106526,0.000532632
1774095952925,0.118164,-0.187988,0.993652,-0.000532632,-0.000532632,0
1774095953005,0.118164,-0.187012,0.993652,0,-0.000532632,0
1774095953086,0.117676,-0.186035,0.993652,0,-0.000532632,0
1774095953156,0.118652,-0.186523,0.995605,0,-0.00106526,0
1774095953237,0.117676,-0.185547,0.991699,0,-0.000532632,0
1774095953317,0.115234,-0.186523,0.993164,0,-0.0015979,0.000532632
1774095953388,0.117188,-0.188965,0.993652,-0.00106526,-0.00106526,0
1774095953468,0.115723,-0.187988,0.991699,0,-0.000532632,0.000532632
1774095953549,0.117676,-0.188477,0.992676,0.000532632,-0.00106526,0
1774095953619,0.118164,-0.186523,0.992188,0.000532632,-0.000532632,0.000532632
1774095953700,0.117676,-0.188477,0.993164,-0.000532632,-0.000532632,0
1774095953781,0.118652,-0.185547,0.992188,0.000532632,0,0.000532632
1774095953851,0.117188,-0.185547,0.993652,-0.000532632,-0.00106526,0.000532632
1774095953932,0.118164,-0.188965,0.992676,-0.00106526,-0.00106526,-0.000532632
1774095954002,0.119629,-0.188477,0.991699,0.00106526,-0.00106526,0
1774095954083,0.118164,-0.186035,0.993164,0,-0.000532632,0
1774095954163,0.118164,-0.186523,0.993164,0,-0.00106526,0
1774095954234,0.119629,-0.187012,0.991211,0,-0.000532632,0
1774095954314,0.118652,-0.186523,0.991211,-0.00106526,-0.00106526,0.000532632
1774095954396,0.117188,-0.187012,0.993164,0,-0.00106526,0
1774095954465,0.118652,-0.1875,0.994629,0.00106526,-0.00106526,-0.000532632
1774095954546,0.119141,-0.185547,0.992188,0,-0.00106526,-0.000532632
1774095954626,0.119629,-0.187012,0.991699,-0.00106526,0,-0.000532632
1774095954697,0.119141,-0.187988,0.993164,0.000532632,0,-0.000532632
1774095954777,0.119141,-0.187988,0.993652,-0.000532632,-0.000532632,0.00106526
1774095954858,0.119629,-0.1875,0.993652,0,0,0.000532632
1774095954928,0.119141,-0.186035,0.992676,0,-0.00106526,0
1774095955009,0.118164,-0.18457,0.992676,0,0,0
1774095955090,0.116211,-0.187012,0.992676,-0.000532632,0,0
1774095955160,0.118164,-0.187988,0.991211,-0.000532632,0,0.000532632
1774095955241,0.118652,-0.188965,0.993164,-0.000532632,-0.0015979,0
1774095955311,0.119141,-0.186523,0.994629,0.000532632,-0.000532632,-0.000532632
1774095955392,0.118164,-0.188477,0.993164,0.00106526,-0.000532632,-0.000532632
1774095955472,0.119141,-0.186035,0.994141,0,-0.000532632,-0.000532632
1774095955543,0.118652,-0.1875,0.992676,0,-0.000532632,0
1774095955623,0.118164,-0.187012,0.993164,0.000532632,-0.000532632,0
1774095955704,0.117188,-0.188477,0.993652,0.000532632,-0.000532632,0
1774095955774,0.116211,-0.186035,0.993164,0,0,0
1774095955855,0.117676,-0.187012,0.993652,-0.000532632,-0.00106526,0
1774095955935,0.118164,-0.187012,0.992676,0,0,-0.000532632
1774095956006,0.118164,-0.186523,0.993652,-0.000532632,-0.000532632,0.000532632
1774095956086,0.120117,-0.187012,0.993652,0,-0.000532632,0
1774095956167,0.118164,-0.185547,0.994629,0,0,-0.000532632
1774095956237,0.118652,-0.187988,0.993652,0,-0.000532632,0.000532632
1774095956318,0.118164,-0.187012,0.993164,-0.00106526,-0.00106526,0
1774095956389,0.118164,-0.187012,0.993652,0,-0.000532632,0
1774095956469,0.118164,-0.1875,0.993164,-0.00106526,-0.00106526,0
1774095956550,0.118164,-0.187988,0.993652,-0.000532632,0.000532632,0.000532632
1774095956620,0.117676,-0.187012,0.993164,0.000532632,-0.00106526,-0.000532632
1774095956701,0.118164,-0.189453,0.993164,0,-0.000532632,-0.000532632
1774095956782,0.121582,-0.186523,0.994141,0,-0.0015979,0.0015979
1774095956852,0.119629,-0.185547,0.994629,0.000532632,-0.000532632,0.000532632
1774095956933,0.118164,-0.186035,0.993164,0.000532632,-0.000532632,0
1774095957013,0.118652,-0.185547,0.994141,-0.000532632,-0.000532632,0.000532632
1774095957084,0.118164,-0.187988,0.992188,0.000532632,-0.000532632,0.00106526
1774095957164,0.116699,-0.1875,0.993652,0,-0.000532632,-0.000532632
1774095957245,0.117676,-0.189941,0.992676,0.000532632,-0.000532632,0.000532632
1774095957315,0.118652,-0.187988,0.992188,0.000532632,-0.00106526,-0.000532632
1774095957396,0.118164,-0.187012,0.992676,-0.00106526,0,0.000532632
1774095957476,0.120605,-0.186523,0.993164,0.000532632,-0.000532632,-0.00106526
1774095957547,0.117676,-0.186035,0.993164,0,-0.00106526,-0.00106526
1774095957627,0.119141,-0.188477,0.992188,0,-0.00106526,0
1774095957698,0.117676,-0.187012,0.991699,0,0,-0.000532632
1774095957778,0.118652,-0.186035,0.992676,-0.000532632,0,0
1774095957859,0.118164,-0.187012,0.993164,0.00106526,-0.00106526,0
1774095957929,0.117188,-0.186523,0.993652,-0.000532632,-0.00106526,0
1774095958010,0.117188,-0.187012,0.994629,0,-0.000532632,0.000532632
1774095958091,0.118652,-0.187988,0.993652,0.000532632,-0.00106526,-0.000532632
1774095958161,0.117676,-0.186523,0.993652,0,-0.000532632,0.00106526
1774095958242,0.119141,-0.186035,0.993652,0,-0.00106526,0.000532632
1774095958323,0.119141,-0.188477,0.993652,-0.000532632,-0.00106526,-0.000532632
1774095958393,0.120117,-0.186523,0.992188,-0.000532632,0.000532632,0
1774095958474,0.119629,-0.185547,0.992188,0.000532632,-0.00106526,0.000532632
1774095958554,0.118652,-0.189941,0.993652,0,-0.000532632,-0.000532632
1774095958625,0.117188,-0.1875,0.992188,-0.000532632,-0.00106526,-0.000532632
1774095958705,0.117188,-0.186523,0.993164,0.000532632,-0.000532632,-0.000532632
1774095958786,0.118164,-0.187012,0.992188,0,-0.000532632,0
1774095958856,0.117676,-0.187988,0.991211,0.00106526,0,-0.000532632
1774095958937,0.118652,-0.186523,0.993164,0,0,0
1774095959007,0.120117,-0.186035,0.995605,0,-0.000532632,-0.000532632
1774095959088,0.117676,-0.186523,0.993164,-0.000532632,-0.00106526,0.000532632
1774095959168,0.118652,-0.186523,0.991699,0,0,0
1774095959239,0.119629,-0.188477,0.992676,0,-0.00106526,0.000532632
1774095959319,0.118652,-0.187012,0.992676,0,-0.00106526,0.000532632
1774095959400,0.116699,-0.1875,0.992188,-0.000532632,-0.0015979,-0.00106526
1774095959470,0.116699,-0.186035,0.993652,0.000532632,-0.000532632,-0.000532632
1774095959552,0.117676,-0.186523,0.993652,0.000532632,0,-0.000532632
1774095959631,0.116211,-0.1875,0.992188,0,-0.000532632,0
1774095959702,0.118164,-0.185547,0.995117,0,-0.00106526,-0.00106526
1774095959782,0.118164,-0.187988,0.993164,0,-0.000532632,-0.000532632
1774095959863,0.119629,-0.186035,0.992188,0.000532632,-0.00106526,0
1774095959934,0.117676,-0.1875,0.994141,0,0,-0.00106526
1774095960014,0.118652,-0.186523,0.993164,0.000532632,-0.000532632,0
1774095960094,0.117188,-0.187988,0.993164,0.000532632,0,-0.000532632
1774095960165,0.118652,-0.186523,0.992676,0.00106526,0.00106526,0
1774095960245,0.116211,-0.1875,0.994141,0.000532632,0.000532632,-0.00106526
1774095960316,0.118652,-0.186035,0.993652,0.000532632,0,-0.000532632
1774095960396,0.116699,-0.185547,0.994141,-0.000532632,0,-0.000532632
1774095960477,0.119629,-0.18457,0.994629,0,0,0
1774095960547,0.117188,-0.188477,0.991211,-0.000532632,-0.000532632,-0.000532632
1774095960628,0.116211,-0.185547,0.991699,-0.000532632,0,0.000532632
1774095960709,0.118652,-0.185059,0.992676,0.000532632,0,-0.000532632
1774095960779,0.118164,-0.185547,0.990723,0,0,0.000532632
1774095960860,0.117188,-0.186523,0.994629,-0.000532632,-0.00106526,-0.000532632
1774095960940,0.118164,-0.188965,0.993164,0,-0.000532632,0.000532632
1774095961011,0.118652,-0.185059,0.995605,0.000532632,0,0.000532632
1774095961091,0.119629,-0.1875,0.992188,0,-0.00106526,0
1774095961172,0.117676,-0.187988,0.993652,0.000532632,0,-0.000532632
1774095961242,0.115723,-0.186523,0.992188,0.000532632,-0.000532632,0.000532632
1774095961323,0.118652,-0.188477,0.994141,-0.000532632,-0.00106526,-0.0015979
1774095961394,0.118652,-0.187988,0.993164,0.00106526,-0.000532632,0.000532632
1774095961474,0.118164,-0.1875,0.990723,0,-0.00106526,0.00106526
1774095961555,0.119141,-0.187012,0.992676,0.00106526,-0.0015979,0.00106526
1774095961625,0.119629,-0.186523,0.993652,0,-0.0015979,-0.000532632
1774095961706,0.119141,-0.1875,0.994141,0,-0.00106526,-0.00106526
1774095961786,0.116699,-0.1875,0.991699,0,-0.000532632,0
1774095961857,0.117188,-0.187012,0.993652,0,-0.00106526,0
1774095961937,0.116699,-0.186035,0.990234,0,-0.00106526,0.000532632
1774095962018,0.119141,-0.1875,0.993652,0,-0.0015979,0
1774095962088,0.119141,-0.187012,0.992188,0.00106526,-0.000532632,-0.000532632
1774095962169,0.116211,-0.188965,0.992676,-0.00106526,-0.000532632,0
1774095962249,0.119141,-0.186035,0.994141,0.000532632,-0.000532632,0.000532632
1774095962320,0.117188,-0.1875,0.994629,-0.00106526,-0.000532632,0.000532632
1774095962400,0.117188,-0.187988,0.994141,0.000532632,-0.0015979,0.0015979
1774095962481,0.117188,-0.186035,0.990723,0,-0.000532632,0
1774095962551,0.118164,-0.188965,0.992188,0,-0.00106526,0.000532632
1774095962632,0.117188,-0.186523,0.992676,0.000532632,0,0
1774095962703,0.115723,-0.187012,0.992188,0,-0.00106526,0.0015979
1774095962783,0.118164,-0.189453,0.994141,-0.000532632,-0.000532632,-0.000532632
1774095962864,0.117676,-0.187012,0.992188,-0.000532632,-0.0015979,-0.00106526
1774095962934,0.118652,-0.188477,0.993652,0.000532632,-0.0015979,0
1774095963015,0.116699,-0.187988,0.994629,0,-0.0015979,0
1774095963096,0.118652,-0.185059,0.991211,-0.00106526,-0.00106526,0
1774095963166,0.116699,-0.1875,0.994141,0.000532632,-0.00106526,0.000532632
1774095963247,0.119141,-0.185547,0.992676,-0.000532632,0.000532632,0
1774095963327,0.117188,-0.1875,0.992676,0.000532632,-0.000532632,-0.000532632
1774095963398,0.117676,-0.1875,0.994141,-0.000532632,-0.000532632,-0.000532632
1774095963478,0.121094,-0.1875,0.992676,0.000532632,0,-0.00106526
1774095963559,0.118164,-0.186523,0.993652,0.000532632,-0.00106526,0.000532632
1774095963630,0.120605,-0.1875,0.993652,0,-0.000532632,0.00106526
1774095963710,0.117188,-0.185059,0.993652,0,-0.000532632,-0.00106526
1774095963781,0.119629,-0.187012,0.992676,0.000532632,-0.000532632,-0.000532632
1774095963861,0.120117,-0.186523,0.994141,-0.000532632,0,0
1774095963942,0.118164,-0.186035,0.994629,0,-0.00213053,-0.000532632
1774095964012,0.118652,-0.188965,0.993652,0,0,-0.000532632
1774095964093,0.117676,-0.1875,0.992676,0,-0.0015979,-0.000532632
1774095964173,0.115234,-0.1875,0.992188,0,0,0
1774095964244,0.118652,-0.1875,0.990234,-0.000532632,-0.00106526,0
1774095964325,0.116699,-0.1875,0.992188,0,-0.000532632,-0.000532632
1774095964405,0.117676,-0.186523,0.994141,0,0,-0.00106526
1774095964476,0.118164,-0.186035,0.994629,-0.000532632,-0.000532632,0
1774095964556,0.117188,-0.186035,0.994629,-0.00106526,-0.000532632,-0.000532632
1774095964637,0.117188,-0.189941,0.993164,0,-0.000532632,0.00106526
1774095964707,0.117676,-0.1875,0.992188,-0.000532632,-0.000532632,0.000532632
1774095964788,0.117188,-0.188477,0.993652,0,-0.00213053,0
1774095964868,0.118652,-0.188477,0.992188,-0.0015979,-0.0015979,0
1774095964939,0.118164,-0.186523,0.992188,-0.000532632,-0.000532632,-0.00106526
1774095965020,0.118652,-0.188477,0.993652,0.000532632,-0.00106526,-0.000532632
1774095965090,0.118164,-0.187012,0.992188,-0.000532632,0,0
1774095965171,0.116699,-0.1875,0.991699,0.000532632,-0.000532632,-0.000532632
1774095965253,0.117676,-0.186035,0.994141,-0.000532632,-0.000532632,0.000532632
1774095965322,0.118164,-0.1875,0.994141,0,-0.000532632,-0.000532632
1774095965402,0.119141,-0.187012,0.992188,0,-0.000532632,0
1774095965483,0.116699,-0.1875,0.991699,-0.000532632,-0.000532632,-0.000532632
1774095965553,0.117676,-0.186035,0.992188,-0.000532632,-0.000532632,0
1774095965634,0.117676,-0.189453,0.994141,0.000532632,-0.00213053,0
1774095965714,0.117676,-0.1875,0.993164,0.000532632,-0.00106526,0
1774095965785,0.118164,-0.187012,0.993652,-0.000532632,-0.00106526,0
1774095965865,0.119141,-0.186523,0.993164,0,-0.00106526,0.000532632
1774095965946,0.117676,-0.185547,0.992188,0,-0.000532632,0
1774095966016,0.118164,-0.187012,0.993164,0.00106526,-0.00106526,0.000532632
1774095966097,0.118164,-0.187012,0.993652,0.000532632,-0.00106526,0.0015979
1774095966167,0.117188,-0.187012,0.994141,0.00106526,0.000532632,-0.000532632
1774095966248,0.117188,-0.1875,0.994141,0.000532632,-0.00106526,0.000532632
1774095966329,0.119141,-0.186523,0.992188,0.000532632,-0.0015979,0
1774095966401,0.117676,-0.186035,0.993164,0.000532632,-0.0015979,-0.000532632
1774095966480,0.119629,-0.19043,0.995117,0,-0.00106526,0.00106526
1774095966560,0.118164,-0.188477,0.993164,0,-0.000532632,-0.000532632
1774095966631,0.119141,-0.187988,0.994141,-0.000532632,-0.00106526,-0.000532632
1774095966712,0.118164,-0.185547,0.992188,0,-0.0015979,0
1774095966792,0.117676,-0.186523,0.991699,0,0,-0.000532632
1774095966863,0.118652,-0.186523,0.993164,0.00106526,-0.000532632,-0.000532632
1774095966943,0.118164,-0.187988,0.993652,0,-0.0015979,-0.000532632
1774095967024,0.117188,-0.186035,0.992188,0,0,0
1774095967094,0.119141,-0.186035,0.991211,0.000532632,-0.0015979,0
1774095967175,0.117676,-0.186035,0.992676,-0.000532632,0,-0.000532632
1774095967255,0.117188,-0.185547,0.994629,0.00106526,-0.000532632,0
1774095967326,0.117676,-0.185547,0.992188,-0.00106526,-0.0015979,0.000532632
1774095967406,0.118652,-0.187988,0.993164,0.000532632,-0.00106526,0.000532632
1774095967477,0.118164,-0.1875,0.993652,0.000532632,-0.0015979,-0.000532632
1774095967557,0.118164,-0.186523,0.992188,-0.000532632,-0.0015979,-0.000532632
1774095967638,0.117188,-0.187988,0.993652,0,-0.00106526,0
1774095967708,0.117188,-0.185059,0.994629,-0.000532632,-0.0015979,-0.000532632
1774095967789,0.117188,-0.187012,0.991699,0,-0.00106526,0
1774095967870,0.118164,-0.189941,0.994629,0.000532632,-0.000532632,0.000532632
1774095967940,0.118164,-0.186035,0.993652,0.00106526,-0.000532632,0.000532632
1774095968021,0.118164,-0.1875,0.992676,-0.000532632,-0.000532632,0
1774095968101,0.119629,-0.187012,0.991699,0,-0.0015979,0
1774095968172,0.118164,-0.187012,0.992676,0.000532632,-0.00106526,-0.0015979
1774095968252,0.117188,-0.1875,0.991699,0,-0.000532632,-0.0015979
1774095968324,0.119629,-0.187012,0.993164,0,-0.00106526,0.000532632
1774095968404,0.119141,-0.187988,0.993164,-0.000532632,-0.0015979,0.000532632
1774095968485,0.119141,-0.1875,0.995117,0.000532632,-0.000532632,0.000532632
1774095968555,0.117188,-0.1875,0.993652,-0.000532632,-0.00106526,0.000532632
1774095968636,0.117188,-0.187012,0.991699,-0.000532632,0,-0.000532632
1774095968717,0.118652,-0.185547,0.993652,0,-0.000532632,0
1774095968787,0.117676,-0.188477,0.994141,0.000532632,-0.00106526,-0.00106526
1774095968868,0.117676,-0.187012,0.992676,-0.000532632,-0.00106526,0.00106526
1774095968948,0.118164,-0.187988,0.993164,0.000532632,-0.00106526,0
1774095969019,0.118164,-0.186035,0.993652,0,-0.000532632,-0.000532632
1774095969099,0.118652,-0.186523,0.992188,0,0,-0.000532632
1774095969180,0.120117,-0.187012,0.993652,-0.000532632,-0.000532632,-0.000532632
1774095969250,0.117676,-0.187012,0.993164,0.00106526,-0.000532632,0
1774095969331,0.119141,-0.187012,0.991699,0,-0.00106526,0.000532632
1774095969402,0.119629,-0.187012,0.993652,0,-0.000532632,0.000532632
1774095969482,0.119141,-0.1875,0.994629,0,-0.00106526,0.000532632
1774095969562,0.119629,-0.186523,0.993164,0,-0.000532632,0.000532632
1774095969633,0.117188,-0.185059,0.995605,0,-0.000532632,-0.000532632
1774095969713,0.118652,-0.188477,0.995117,0.000532632,0,0.00106526
1774095969794,0.116699,-0.187012,0.992676,0.00106526,-0.000532632,0.000532632
1774095969864,0.117676,-0.187988,0.991699,0.000532632,-0.00106526,-0.000532632
1774095969945,0.118164,-0.186035,0.993164,0,-0.00106526,0.00106526
1774095970026,0.118652,-0.187012,0.992188,0.000532632,-0.000532632,-0.000532632
1774095970096,0.118164,-0.186523,0.993652,0,-0.000532632,0.00106526
1774095970177,0.116699,-0.184082,0.993652,0.0015979,-0.000532632,0
1774095970257,0.115234,-0.1875,0.992676,0,-0.000532632,-0.000532632
1774095970328,0.118164,-0.18457,0.993652,-0.000532632,0,-0.000532632
1774095970408,0.118164,-0.185547,0.992188,0.00106526,-0.000532632,0
1774095970489,0.118164,-0.187988,0.991699,0,-0.00106526,-0.000532632
1774095970559,0.117676,-0.188477,0.993164,0.000532632,-0.00106526,0
1774095970640,0.119141,-0.1875,0.992188,0,0,0
1774095970710,0.117676,-0.189453,0.995117,0.000532632,0,-0.000532632
1774095970791,0.116211,-0.186035,0.993164,0,-0.000532632,0.000532632
1774095970871,0.117676,-0.187012,0.991699,0.000532632,-0.000532632,0
1774095970942,0.116699,-0.187012,0.991699,0.00106526,-0.00106526,0
1774095971022,0.119141,-0.186035,0.992188,0,-0.00106526,-0.00106526
1774095971103,0.118164,-0.186523,0.993164,0.000532632,0,-0.000532632
1774095971173,0.118652,-0.1875,0.993164,0,-0.0015979,0
1774095971254,0.117188,-0.185547,0.992676,-0.000532632,-0.000532632,0
1774095971334,0.118164,-0.185547,0.993164,0,-0.000532632,0
1774095971405,0.118652,-0.187988,0.994141,0.000532632,-0.000532632,0
1774095971485,0.116699,-0.187012,0.992188,0.00106526,-0.000532632,0
1774095971566,0.115723,-0.1875,0.991699,0.00106526,-0.00106526,-0.000532632
1774095971637,0.119141,-0.186035,0.993652,0.000532632,-0.000532632,0.00106526
1774095971717,0.116699,-0.186523,0.992188,0.000532632,0,0.000532632
1774095971798,0.120605,-0.187012,0.993164,0.00106526,-0.0015979,0.000532632
1774095971868,0.117188,-0.188477,0.994141,0,-0.00106526,0
1774095971949,0.117676,-0.1875,0.991699,-0.000532632,-0.000532632,0.000532632
1774095972019,0.117676,-0.185547,0.993164,0,-0.000532632,-0.000532632
1774095972101,0.119141,-0.186523,0.994141,0.00106526,-0.0015979,0.000532632
1774095972180,0.118652,-0.187012,0.993164,0.000532632,-0.00106526,0.00106526
1774095972251,0.120117,-0.187012,0.993164,0.000532632,-0.00106526,0
1774095972331,0.118652,-0.188477,0.993652,0,-0.0015979,-0.000532632
1774095972412,0.117676,-0.187988,0.990723,0.000532632,-0.00106526,0
1774095972482,0.120605,-0.1875,0.994141,0,-0.00106526,0.000532632
1774095972563,0.119141,-0.186523,0.992676,-0.000532632,-0.00106526,-0.000532632
1774095972643,0.116699,-0.187012,0.993164,0,0,0.000532632
1774095972714,0.117676,-0.1875,0.991211,-0.000532632,-0.000532632,0
1774095972794,0.119141,-0.186523,0.992188,0,-0.000532632,0.000532632
1774095972875,0.118164,-0.188477,0.992188,0.00106526,-0.000532632,0.000532632
1774095972945,0.116699,-0.187012,0.993164,0.000532632,-0.00106526,0.000532632
1774095973026,0.117188,-0.1875,0.993164,0.000532632,0,-0.000532632
1774095973107,0.118164,-0.185547,0.992676,-0.000532632,-0.000532632,0
1774095973177,0.117188,-0.189453,0.993164,0,-0.00106526,0
1774095973258,0.117188,-0.188965,0.992676,0.000532632,-0.0015979,-0.000532632
1774095973328,0.118652,-0.185547,0.992676,0.00106526,-0.00106526,-0.000532632
1774095973409,0.119629,-0.187012,0.992188,-0.00106526,-0.0015979,-0.000532632
1774095973489,0.116699,-0.1875,0.992676,-0.000532632,-0.0015979,-0.000532632
1774095973560,0.116699,-0.1875,0.993164,-0.000532632,-0.00106526,0.00106526
1774095973641,0.118652,-0.1875,0.991699,-0.000532632,-0.000532632,-0.000532632
1774095973721,0.116211,-0.185547,0.994629,0,-0.00106526,0.000532632
1774095973792,0.116699,-0.187012,0.992676,0,-0.0015979,0.000532632
1774095973873,0.120117,-0.187988,0.993164,0,0,0
1774095973953,0.118652,-0.1875,0.991211,-0.000532632,-0.000532632,-0.000532632
1774095974023,0.117676,-0.187012,0.993164,0.000532632,-0.0015979,0
1774095974104,0.117188,-0.188477,0.993652,0,0.000532632,0.000532632
1774095974185,0.118652,-0.1875,0.991699,0.00106526,-0.00106526,-0.000532632
1774095974255,0.116699,-0.187988,0.994141,0,0,0.000532632
1774095974336,0.117188,-0.185547,0.993652,0,-0.00106526,0
1774095974406,0.117676,-0.185547,0.993652,0,-0.00106526,0.00106526
1774095974487,0.120117,-0.1875,0.992676,-0.000532632,0,0.00106526
1774095974567,0.117188,-0.187988,0.991699,0.000532632,-0.00106526,0
1774095974638,0.120117,-0.186035,0.993652,0,-0.0015979,0
1774095974718,0.119141,-0.1875,0.992676,0.000532632,-0.000532632,0.00106526
1774095974799,0.118164,-0.187012,0.995117,0.000532632,-0.00106526,0
1774095974869,0.118164,-0.188477,0.993652,0,-0.000532632,0.000532632
1774095974950,0.118652,-0.1875,0.993652,-0.00106526,0,0.000532632
1774095975030,0.118652,-0.1875,0.994141,0.000532632,-0.000532632,0
1774095975101,0.117676,-0.1875,0.992676,0,-0.000532632,-0.000532632
1774095975181,0.118164,-0.186035,0.992188,-0.000532632,0.000532632,0
1774095975262,0.117188,-0.1875,0.994629,0.000532632,-0.0015979,0.000532632
1774095975333,0.118164,-0.188965,0.995117,-0.0015979,-0.00106526,0
1774095975413,0.116211,-0.186035,0.995605,-0.000532632,-0.000532632,-0.000532632
1774095975494,0.117676,-0.187988,0.992676,0,-0.0015979,-0.000532632
1774095975564,0.118164,-0.1875,0.993164,-0.000532632,0,0.000532632
1774095975645,0.119141,-0.185547,0.994629,0.000532632,-0.0015979,-0.000532632
1774095975715,0.117676,-0.186523,0.992188,-0.000532632,-0.00106526,-0.000532632
1774095975796,0.118164,-0.1875,0.991699,-0.000532632,-0.0015979,0.000532632
1774095975876,0.118652,-0.186523,0.994141,0,-0.00106526,0
1774095975947,0.117188,-0.186523,0.993164,0.000532632,-0.00106526,0.000532632
1774095976027,0.117676,-0.186035,0.990723,-0.000532632,-0.000532632,-0.000532632
1774095976108,0.120117,-0.185059,0.993164,-0.00106526,-0.00106526,0.000532632
1774095976178,0.117676,-0.186035,0.992676,0.00106526,-0.0015979,0.000532632
1774095976259,0.118652,-0.187012,0.993164,0.00106526,-0.00106526,0
1774095976339,0.117676,-0.18457,0.994141,0,-0.000532632,-0.000532632
1774095976410,0.116699,-0.187988,0.993652,0,-0.00106526,0.000532632
1774095976491,0.118164,-0.1875,0.991699,0.000532632,0,0.000532632
1774095976571,0.120117,-0.187988,0.994141,0,0,0
1774095976642,0.118652,-0.1875,0.992676,-0.000532632,-0.000532632,0
1774095976722,0.117188,-0.186523,0.991211,0.00106526,0.000532632,-0.00106526
1774095976803,0.118652,-0.187988,0.993652,0.0015979,-0.00106526,0
1774095976873,0.117676,-0.185547,0.992188,0,-0.00106526,0.000532632
1774095976954,0.119141,-0.185547,0.992676,0.0015979,-0.000532632,0
1774095977024,0.118164,-0.186523,0.994141,0.000532632,-0.00106526,0
1774095977105,0.118652,-0.185059,0.993164,0,-0.000532632,0
1774095977185,0.119629,-0.1875,0.992676,0.000532632,-0.00106526,0
1774095977256,0.118652,-0.187012,0.992676,-0.000532632,-0.000532632,0
1774095977337,0.121094,-0.187012,0.992676,0,-0.000532632,0.000532632
1774095977417,0.119141,-0.186523,0.993164,0,-0.00106526,0
1774095977488,0.120117,-0.186523,0.993652,0.0015979,-0.00213053,0.00106526
1774095977568,0.118652,-0.188477,0.993652,0,-0.000532632,0.00106526
1774095977649,0.118164,-0.185059,0.994141,0,-0.000532632,0
1774095977719,0.119629,-0.186035,0.992676,-0.000532632,0,-0.000532632
1774095977800,0.118652,-0.186035,0.994629,0,-0.000532632,-0.000532632
1774095977880,0.118164,-0.187012,0.992676,0,-0.00106526,-0.000532632
1774095977951,0.116699,-0.186523,0.992188,0.000532632,-0.000532632,-0.000532632
1774095978031,0.119141,-0.185547,0.993652,0.000532632,-0.00106526,0
1774095978102,0.116699,-0.187988,0.993652,0,0,-0.000532632
1774095978182,0.119141,-0.187988,0.991699,-0.000532632,0,0.000532632
1774095978263,0.115234,-0.186035,0.991699,-0.00106526,-0.00106526,0.000532632
1774095978333,0.118652,-0.1875,0.990234,-0.000532632,0,0
1774095978414,0.119141,-0.187012,0.994141,-0.000532632,0,0
1774095978495,0.117676,-0.187012,0.991211,0,-0.00106526,0.000532632
1774095978565,0.119629,-0.186035,0.993652,-0.000532632,-0.00106526,0
1774095978646,0.118652,-0.185547,0.993164,-0.000532632,-0.00106526,0.000532632
1774095978726,0.119141,-0.1875,0.993164,0,-0.0015979,0
1774095978797,0.119141,-0.186035,0.992676,0,-0.0015979,-0.00106526
1774095978877,0.116699,-0.187012,0.992676,0.000532632,-0.00106526,-0.00106526
1774095978958,0.116699,-0.1875,0.991699,-0.000532632,0,0
1774095979028,0.116699,-0.188477,0.994141,0.00106526,-0.00106526,-0.000532632
1774095979109,0.118652,-0.187012,0.992188,0,0,0
1774095979189,0.118164,-0.187988,0.992676,-0.00106526,-0.0015979,0
1774095979260,0.118164,-0.187988,0.994141,0.000532632,-0.000532632,0.000532632
1774095979341,0.118164,-0.186035,0.992676,-0.000532632,-0.00106526,-0.000532632
1774095979421,0.120117,-0.1875,0.990234,-0.000532632,0,0.000532632
1774095979494,0.119629,-0.187988,0.995117,0,-0.000532632,0.000532632
1774095979572,0.119141,-0.1875,0.992676,0,-0.00106526,0.000532632
1774095979643,0.116699,-0.187988,0.992188,0.000532632,-0.00106526,0.00106526
1774095979723,0.118652,-0.185059,0.994629,0.000532632,-0.00106526,-0.000532632
1774095979804,0.117188,-0.188477,0.993164,0,0,0
1774095979874,0.117188,-0.186035,0.992188,0,0,-0.00106526
1774095979955,0.117676,-0.187012,0.995117,0,-0.00106526,-0.000532632
1774095980035,0.117676,-0.188965,0.993652,-0.000532632,-0.00213053,-0.00106526
1774095980106,0.116699,-0.187012,0.990723,-0.000532632,0,0
1774095980186,0.117676,-0.186523,0.993652,0,0,0
1774095980267,0.118164,-0.188477,0.992676,-0.000532632,-0.00106526,-0.000532632
1774095980337,0.118164,-0.1875,0.992676,-0.000532632,-0.000532632,0.000532632
1774095980418,0.118652,-0.186035,0.992676,0.000532632,-0.0015979,0.00106526
1774095980499,0.116699,-0.185547,0.993652,0,-0.00106526,0
1774095980569,0.118164,-0.186523,0.992188,-0.000532632,-0.00106526,0
1774095980650,0.118164,-0.186523,0.992676,-0.000532632,-0.000532632,0.000532632
1774095980720,0.117188,-0.188965,0.993652,-0.000532632,-0.00106526,0.000532632
1774095980801,0.118164,-0.1875,0.994629,0,-0.000532632,0
1774095980881,0.117188,-0.188477,0.994141,0.00106526,-0.00106526,-0.000532632
1774095980952,0.118164,-0.187012,0.994629,-0.000532632,-0.00106526,0.000532632
1774095981032,0.120605,-0.186035,0.994141,0,-0.0015979,0
1774095981113,0.119629,-0.1875,0.992676,-0.000532632,-0.000532632,0.000532632
1774095981183,0.115234,-0.187012,0.992676,0.000532632,0,0.000532632
1774095981264,0.116211,-0.187012,0.991699,0,-0.000532632,0.000532632
1774095981344,0.118164,-0.187012,0.992676,0,-0.00106526,0
1774095981415,0.116699,-0.187988,0.992676,0.000532632,0,0
1774095981495,0.118652,-0.186035,0.992188,0.000532632,-0.000532632,-0.000532632
1774095981576,0.118164,-0.185547,0.993164,-0.00106526,0,0.000532632
1774095981646,0.117188,-0.187012,0.992188,0,-0.000532632,0
1774095981727,0.118652,-0.187988,0.992188,0,0.000532632,-0.00106526
1774095981808,0.117188,-0.185547,0.991699,0.0015979,-0.00106526,0.000532632
1774095981878,0.116699,-0.186523,0.993164,0,-0.00106526,-0.000532632
1774095981959,0.119141,-0.187988,0.993652,0,0.000532632,0
1774095982029,0.115234,-0.1875,0.993652,-0.000532632,0,0.00106526
1774095982110,0.119141,-0.185059,0.992676,0.00106526,-0.000532632,-0.000532632
1774095982190,0.119141,-0.187988,0.993652,0,-0.00106526,-0.000532632
1774095982261,0.117676,-0.187012,0.994629,0,-0.000532632,-0.000532632
1774095982341,0.116699,-0.187012,0.994629,-0.000532632,-0.000532632,0
1774095982422,0.116699,-0.187012,0.993164,0,-0.000532632,0.000532632
1774095982494,0.119141,-0.1875,0.992676,-0.00106526,-0.00106526,-0.000532632
1774095982573,0.117676,-0.1875,0.994141,0,-0.00106526,-0.00106526
1774095982654,0.119141,-0.186523,0.995117,0,-0.000532632,0.000532632
1774095982724,0.117676,-0.187012,0.991211,0,-0.00106526,0
1774095982805,0.116699,-0.188477,0.992188,0,-0.000532632,-0.000532632
1774095982885,0.118164,-0.1875,0.993164,-0.00106526,-0.00106526,0
1774095982956,0.119141,-0.188477,0.992676,-0.000532632,-0.00106526,-0.000532632
1774095983036,0.118164,-0.187988,0.993652,0.00106526,-0.0015979,0
1774095983107,0.118164,-0.186523,0.993652,0,-0.0015979,0.000532632
1774095983187,0.116211,-0.188477,0.994141,0,-0.000532632,-0.00106526
1774095983268,0.117188,-0.185059,0.992188,0.0015979,0.000532632,-0.00106526
1774095983339,0.118164,-0.186523,0.993652,-0.000532632,-0.000532632,0.000532632
1774095983419,0.119629,-0.1875,0.994141,0,0,-0.000532632
1774095983500,0.119141,-0.185547,0.993652,-0.000532632,-0.000532632,0
1774095983570,0.117676,-0.187988,0.992188,-0.000532632,-0.00106526,0.00106526
1774095983651,0.118652,-0.1875,0.992676,0,-0.00106526,0.00106526
1774095983731,0.117676,-0.188477,0.990723,0,-0.00106526,0
1774095983802,0.116211,-0.187012,0.993652,-0.00106526,-0.00106526,0
1774095983882,0.117676,-0.1875,0.993164,0,0,-0.000532632
1774095983963,0.118652,-0.186035,0.994141,0,-0.00106526,0
1774095984033,0.117676,-0.186523,0.992676,0.000532632,-0.00213053,0
1774095984114,0.118164,-0.186035,0.993164,0.000532632,0.000532632,-0.000532632
1774095984194,0.117188,-0.187012,0.993164,-0.000532632,-0.00106526,0.000532632
1774095984265,0.118164,-0.186035,0.992188,-0.000532632,-0.000532632,-0.000532632
1774095984345,0.119629,-0.188477,0.993652,0,-0.00106526,-0.000532632
1774095984416,0.119141,-0.187988,0.993652,0,0,-0.000532632
1774095984496,0.118164,-0.1875,0.991211,0,-0.00106526,0
1774095984577,0.117676,-0.186035,0.994141,-0.000532632,-0.000532632,0
1774095984648,0.119141,-0.188477,0.990723,0.000532632,0,0
1774095984728,0.117676,-0.189453,0.990723,0.000532632,-0.00106526,0.000532632
1774095984809,0.116211,-0.187988,0.991699,-0.000532632,-0.00106526,0
1774095984879,0.118652,-0.187988,0.992188,0,-0.000532632,-0.000532632
1774095984960,0.118652,-0.186523,0.993164,-0.000532632,-0.00106526,0
1774095985041,0.117188,-0.188477,0.992676,0,-0.00106526,-0.000532632
1774095985111,0.117676,-0.187988,0.993652,0.000532632,-0.0015979,0.000532632
1774095985191,0.118164,-0.186035,0.990723,0.000532632,-0.000532632,0
1774095985272,0.119141,-0.188477,0.992676,0.000532632,0,0
1774095985342,0.117676,-0.187012,0.992676,0.000532632,0,0.000532632
1774095985423,0.116211,-0.187988,0.991699,0.000532632,-0.000532632,-0.000532632
1774095985503,0.118164,-0.185059,0.992188,0,-0.0015979,0.000532632
1774095985574,0.117676,-0.187988,0.993652,-0.00106526,-0.00106526,-0.00213053
1774095985654,0.117676,-0.187012,0.993652,0.000532632,0.000532632,0.000532632
1774095985725,0.117676,-0.187988,0.992188,-0.000532632,-0.00106526,0
1774095985805,0.118164,-0.187012,0.994141,-0.000532632,-0.0015979,0
1774095985886,0.117188,-0.1875,0.992188,-0.000532632,0,-0.000532632
1774095985957,0.118164,-0.187012,0.992676,0.00106526,-0.000532632,0.000532632
1774095986037,0.116699,-0.187988,0.995605,-0.00106526,-0.000532632,0.000532632
1774095986118,0.120117,-0.1875,0.993164,-0.00106526,-0.000532632,0.000532632
1774095986188,0.117188,-0.1875,0.994141,0,0,-0.00106526
1774095986268,0.119629,-0.186523,0.993164,0,-0.000532632,0
1774095986349,0.117676,-0.187988,0.994629,0,-0.000532632,0.000532632
1774095986420,0.118652,-0.187012,0.993652,0,-0.00213053,0
1774095986501,0.116699,-0.186035,0.992188,0.000532632,-0.000532632,0.000532632
1774095986581,0.119141,-0.187988,0.994141,0,-0.000532632,0
1774095986652,0.119141,-0.186523,0.992188,0,-0.00106526,0
1774095986732,0.118652,-0.1875,0.994141,0.000532632,-0.000532632,0
1774095986813,0.119141,-0.1875,0.992188,0.000532632,-0.000532632,0
1774095986883,0.117676,-0.189453,0.993164,0.00106526,-0.00106526,-0.000532632
1774095986964,0.118652,-0.186523,0.992676,0,0,0.000532632
1774095987034,0.120117,-0.185547,0.994629,0.000532632,-0.00106526,0
1774095987115,0.117188,-0.186035,0.993164,0,0,-0.0015979
1774095987195,0.118164,-0.187012,0.994141,0,-0.00106526,0
1774095987266,0.119629,-0.187988,0.991699,0,-0.000532632,0.00106526
1774095987346,0.118652,-0.187988,0.989258,0.000532632,-0.000532632,0.00106526
1774095987427,0.117676,-0.186523,0.991211,0,-0.00106526,0
1774095987498,0.117188,-0.187012,0.992676,0.000532632,-0.000532632,0
1774095987578,0.119141,-0.185059,0.993652,0.00106526,-0.000532632,-0.00106526
1774095987659,0.117188,-0.186035,0.991699,0.000532632,0,0
1774095987730,0.119629,-0.186035,0.992188,-0.00106526,-0.00106526,-0.000532632
1774095987810,0.118652,-0.188477,0.992188,0.000532632,-0.0015979,0.000532632
1774095987890,0.117676,-0.1875,0.992188,0,-0.00106526,0.000532632
1774095987961,0.120117,-0.184082,0.994141,-0.000532632,-0.00106526,0.000532632
1774095988041,0.117188,-0.1875,0.993164,0.000532632,-0.000532632,0.000532632
1774095988122,0.120117,-0.187012,0.992676,0.000532632,-0.00106526,0.000532632
1774095988192,0.117676,-0.185547,0.992188,-0.000532632,0,0.00106526
1774095988273,0.115723,-0.1875,0.995117,0.000532632,-0.000532632,0.000532632
1774095988343,0.118164,-0.1875,0.992676,-0.00106526,0,-0.000532632
1774095988424,0.117676,-0.187988,0.992676,0.000532632,-0.000532632,0
1774095988504,0.118652,-0.187012,0.993164,0,-0.000532632,0.000532632
1774095988575,0.116211,-0.187012,0.990723,0,-0.0015979,-0.000532632
1774095988655,0.116699,-0.187988,0.993652,0.00213053,-0.00106526,0.00106526
1774095988736,0.117676,-0.187012,0.992676,0,-0.00106526,0.000532632
1774095988806,0.118164,-0.187012,0.993164,-0.000532632,-0.000532632,0.000532632
1774095988887,0.118652,-0.1875,0.992188,-0.000532632,-0.000532632,-0.00106526
1774095988967,0.119629,-0.186523,0.992188,0,0,0.0015979
1774095989038,0.117676,-0.1875,0.993652,0.000532632,-0.00106526,0
1774095989118,0.117676,-0.188965,0.991211,0.000532632,-0.00106526,0
1774095989199,0.118164,-0.187988,0.994141,0,-0.000532632,-0.000532632
1774095989270,0.118164,-0.187988,0.991699,0,-0.000532632,0
1774095989350,0.118164,-0.187988,0.992676,0.000532632,-0.000532632,-0.000532632
1774095989431,0.118164,-0.185547,0.991699,-0.000532632,-0.00106526,0
1774095989501,0.119141,-0.188477,0.995117,0.000532632,-0.00106526,-0.000532632
1774095989582,0.117676,-0.188965,0.991699,0,-0.000532632,0
1774095989652,0.119141,-0.188477,0.993652,0,-0.000532632,0.000532632
1774095989733,0.117188,-0.187012,0.994141,0,-0.000532632,0.000532632
1774095989813,0.117188,-0.187988,0.992188,0.000532632,-0.00106526,-0.000532632
1774095989884,0.116699,-0.187988,0.994629,0,-0.00106526,0
1774095989964,0.117188,-0.188477,0.993164,0,-0.0015979,0
1774095990045,0.118164,-0.188965,0.991211,0,-0.00106526,0.000532632
1774095990115,0.118652,-0.186035,0.992676,-0.000532632,-0.00106526,0
1774095990196,0.117188,-0.187012,0.991699,0.000532632,-0.00106526,0.000532632
1774095990276,0.117188,-0.186523,0.993164,0,0.000532632,-0.000532632
1774095990347,0.116211,-0.187988,0.993164,0.000532632,-0.0015979,-0.000532632
1774095990428,0.115723,-0.188477,0.992188,0.000532632,-0.00106526,-0.000532632
1774095990508,0.119629,-0.186523,0.994141,0,-0.000532632,0
1774095990579,0.116211,-0.187012,0.992188,0.000532632,-0.000532632,-0.000532632
1774095990659,0.117676,-0.187988,0.993652,0,-0.00106526,-0.00106526
1774095990730,0.117676,-0.186035,0.993164,0,-0.000532632,-0.000532632
1774095990810,0.120117,-0.186523,0.993164,0,0,0.000532632
1774095990891,0.120605,-0.186523,0.993164,0,-0.00106526,0.000532632
1774095990961,0.118164,-0.187012,0.991211,0.000532632,-0.000532632,0.000532632
1774095991042,0.118164,-0.187012,0.995605,0.000532632,-0.000532632,0.000532632
1774095991122,0.119141,-0.187012,0.993164,0.000532632,0,-0.000532632
1774095991193,0.117676,-0.186523,0.992188,-0.000532632,-0.00106526,-0.000532632
1774095991273,0.119141,-0.187988,0.991699,-0.000532632,-0.000532632,-0.000532632
1774095991354,0.118164,-0.187012,0.993164,0,-0.00106526,0.000532632
1774095991424,0.117188,-0.187012,0.993652,0.000532632,-0.00106526,0
1774095991505,0.117188,-0.187012,0.993652,0.000532632,-0.0015979,-0.000532632
1774095991585,0.118164,-0.186035,0.992188,0.000532632,-0.0015979,0
1774095991656,0.119141,-0.187988,0.992676,0,-0.000532632,0.000532632
1774095991737,0.118164,-0.186523,0.992676,-0.000532632,-0.0015979,0
1774095991817,0.120117,-0.1875,0.990723,0,-0.000532632,0
1774095991888,0.117188,-0.186035,0.993652,0.000532632,-0.00106526,-0.000532632
1774095991968,0.116699,-0.1875,0.992676,-0.000532632,-0.0015979,0.000532632
1774095992049,0.115723,-0.1875,0.994141,-0.000532632,-0.000532632,-0.000532632
1774095992119,0.118164,-0.1875,0.993652,0.000532632,-0.0015979,-0.000532632
1774095992200,0.116699,-0.187012,0.990723,0,-0.00106526,0
1774095992270,0.119141,-0.186523,0.994141,-0.000532632,-0.00106526,-0.00106526
1774095992351,0.117676,-0.1875,0.992188,0,-0.000532632,-0.000532632
1774095992431,0.119629,-0.186523,0.993164,0.000532632,-0.000532632,0
1774095992502,0.118652,-0.187988,0.992188,0,-0.0015979,0.000532632
1774095992582,0.117188,-0.185547,0.993164,0.000532632,-0.0015979,0
1774095992663,0.116211,-0.1875,0.994629,0,-0.00106526,-0.000532632
1774095992733,0.117676,-0.1875,0.994629,-0.000532632,-0.00106526,0.000532632
1774095992814,0.121094,-0.1875,0.991211,-0.000532632,-0.000532632,-0.000532632
1774095992894,0.117676,-0.187988,0.992676,0.00106526,-0.00106526,0
1774095992965,0.118652,-0.186523,0.993164,0.000532632,-0.0015979,-0.000532632
1774095993045,0.119629,-0.1875,0.992676,0.000532632,0,0
1774095993126,0.118164,-0.1875,0.993652,-0.000532632,-0.00106526,-0.000532632
1774095993196,0.118164,-0.1875,0.992188,0,-0.000532632,-0.000532632
1774095993277,0.117676,-0.186523,0.992188,-0.00106526,-0.00106526,0.00106526
1774095993357,0.117676,-0.188965,0.992188,0.00106526,-0.0015979,0
1774095993428,0.117676,-0.187012,0.993164,0,-0.000532632,-0.000532632
1774095993508,0.116699,-0.187988,0.993164,0,-0.00106526,-0.00106526
1774095993579,0.118164,-0.186035,0.990234,-0.000532632,-0.000532632,-0.000532632
1774095993660,0.118652,-0.187988,0.993652,0,-0.00106526,0
1774095993740,0.117676,-0.186035,0.993164,-0.00106526,-0.00106526,-0.000532632
1774095993811,0.119141,-0.186523,0.992188,0,-0.00106526,-0.000532632
1774095993891,0.117676,-0.1875,0.992676,0,-0.000532632,0
1774095993972,0.117676,-0.188477,0.992188,0,0,0
1774095994042,0.118164,-0.186523,0.991699,0,0,0
1774095994123,0.118652,-0.1875,0.991699,0.000532632,-0.000532632,0.000532632
1774095994203,0.118164,-0.1875,0.992676,0.00106526,0,0
1774095994274,0.118164,-0.188965,0.993164,-0.000532632,0,-0.00106526
1774095994355,0.118164,-0.188477,0.993164,0,-0.000532632,-0.00106526
1774095994435,0.119141,-0.1875,0.994141,0,-0.000532632,-0.000532632
1774095994506,0.118164,-0.1875,0.993652,0,-0.00106526,0
1774095994586,0.116211,-0.187988,0.992188,-0.00106526,-0.00213053,0
1774095994657,0.119629,-0.187988,0.993164,0,-0.000532632,0
1774095994737,0.118652,-0.1875,0.992188,0.000532632,-0.000532632,0.000532632
1774095994818,0.117188,-0.1875,0.990234,0,-0.000532632,0
1774095994888,0.118164,-0.187988,0.993164,0.00106526,-0.00106526,0.00106526
1774095994969,0.116699,-0.188965,0.993164,0.000532632,-0.000532632,-0.000532632
1774095995049,0.116699,-0.1875,0.992676,0,-0.00106526,0.000532632
1774095995120,0.118164,-0.187988,0.992676,0,-0.00106526,-0.000532632
1774095995200,0.118652,-0.188477,0.993164,0,-0.0015979,0
1774095995281,0.117676,-0.187012,0.992188,0,-0.00213053,-0.000532632
1774095995352,0.115723,-0.187988,0.992676,0,-0.00106526,-0.00106526
1774095995432,0.115723,-0.185547,0.991699,-0.000532632,-0.00106526,-0.000532632
1774095995513,0.117676,-0.1875,0.993164,0.00106526,0,0
1774095995583,0.118652,-0.188965,0.990723,0,-0.00106526,0
1774095995664,0.117188,-0.188477,0.992188,-0.000532632,-0.000532632,0
1774095995744,0.118652,-0.188965,0.993652,-0.00106526,-0.000532632,0
1774095995815,0.117188,-0.185059,0.989746,0.000532632,-0.00106526,-0.000532632
1774095995895,0.118652,-0.1875,0.992188,0,-0.00106526,0.000532632
1774095995966,0.120117,-0.19043,0.992676,-0.00106526,-0.00106526,-0.000532632
1774095996046,0.117676,-0.188477,0.991699,0.000532632,-0.0015979,-0.00106526
1774095996127,0.117676,-0.188477,0.992676,-0.000532632,-0.000532632,0.000532632
1774095996197,0.117676,-0.186523,0.990723,0,-0.00106526,-0.000532632
1774095996278,0.116699,-0.187988,0.993164,0,-0.000532632,-0.00106526
1774095996359,0.119141,-0.187988,0.992676,0,-0.000532632,-0.000532632
1774095996429,0.119629,-0.188477,0.991699,0,-0.0015979,0.000532632
1774095996510,0.120605,-0.187988,0.992188,0,-0.00106526,-0.00106526
1774095996590,0.119141,-0.187012,0.994141,0,-0.000532632,-0.000532632
1774095996661,0.117188,-0.1875,0.993164,-0.000532632,-0.000532632,0.000532632
1774095996741,0.117676,-0.187012,0.991699,0.000532632,-0.00106526,0.000532632
1774095996822,0.119141,-0.1875,0.992188,0.000532632,-0.00106526,-0.000532632
1774095996893,0.118652,-0.186523,0.994141,-0.000532632,0,0.000532632
1774095996973,0.117676,-0.1875,0.993164,0.000532632,-0.000532632,0.00106526
1774095997043,0.118652,-0.187988,0.992676,0.000532632,0,-0.000532632
1774095997124,0.119141,-0.186035,0.993652,-0.000532632,-0.000532632,0.000532632
1774095997205,0.117676,-0.186523,0.993164,0,-0.000532632,0
1774095997275,0.117676,-0.189453,0.992676,-0.000532632,-0.000532632,0
1774095997356,0.117676,-0.187012,0.993164,0,-0.000532632,-0.00106526
1774095997436,0.117676,-0.186523,0.993164,0,-0.000532632,0.000532632
1774095997507,0.117676,-0.187012,0.991211,0,0,0.00106526
1774095997587,0.116211,-0.187012,0.992676,0,-0.000532632,0
1774095997668,0.118164,-0.1875,0.992676,0.000532632,-0.0015979,0
1774095997739,0.117676,-0.187988,0.994629,0,-0.00213053,0.000532632
1774095997819,0.116211,-0.187988,0.992188,0,-0.00106526,-0.000532632
1774095997900,0.119629,-0.188477,0.993164,-0.000532632,-0.0015979,0
1774095997970,0.120605,-0.188477,0.994141,-0.00106526,-0.00106526,0
1774095998051,0.117676,-0.188477,0.992188,0.0015979,-0.000532632,0
1774095998131,0.120117,-0.187012,0.992188,0.000532632,-0.000532632,0
1774095998202,0.117676,-0.1875,0.993652,0,-0.00106526,0
1774095998282,0.121094,-0.186523,0.991699,0.000532632,0,0
1774095998353,0.117676,-0.187012,0.993164,0,-0.000532632,0.000532632
1774095998433,0.118164,-0.1875,0.991211,0,-0.0015979,-0.000532632
1774095998514,0.115723,-0.188477,0.992188,0.000532632,-0.00106526,0.000532632
1774095998584,0.118652,-0.186035,0.993652,0,0,0.0015979
1774095998665,0.119141,-0.1875,0.991699,0.000532632,-0.00106526,0
1774095998745,0.118652,-0.187988,0.993164,0.00106526,-0.000532632,0
1774095998816,0.119141,-0.187012,0.992676,0,-0.00106526,0.000532632
1774095998897,0.117188,-0.188965,0.992188,-0.00106526,-0.00106526,0
1774095998977,0.116699,-0.187988,0.994141,0,-0.00106526,0.000532632
1774095999048,0.117676,-0.186523,0.992188,0,-0.000532632,0.000532632
1774095999128,0.117676,-0.188965,0.993652,0.000532632,-0.000532632,0.000532632
1774095999209,0.118164,-0.188965,0.991699,-0.000532632,-0.00106526,0
1774095999279,0.117188,-0.187988,0.991211,-0.00106526,-0.00106526,-0.000532632
1774095999360,0.116211,-0.188477,0.992188,0.000532632,-0.00106526,-0.000532632
1774095999440,0.117676,-0.187012,0.992676,-0.00106526,-0.0015979,0
1774095999511,0.116699,-0.187012,0.993652,0.000532632,-0.000532632,0
1774095999591,0.118652,-0.187988,0.992676,0,-0.000532632,0.00106526
1774095999662,0.118164,-0.186523,0.993652,-0.000532632,-0.00106526,0
1774095999742,0.120605,-0.186035,0.992676,0.000532632,0,0
1774095999823,0.119141,-0.187988,0.991211,0.000532632,-0.00213053,0
1774095999893,0.118164,-0.1875,0.992188,-0.00106526,-0.00106526,0
1774095999974,0.116699,-0.1875,0.994141,0.000532632,-0.000532632,0
1774096000054,0.118164,-0.186523,0.993164,0,-0.0015979,-0.00106526
1774096000125,0.118164,-0.186523,0.992188,0,-0.000532632,0
1774096000205,0.119629,-0.188477,0.992676,-0.000532632,-0.0015979,0
1774096000286,0.116699,-0.188477,0.992676,0.000532632,-0.00213053,0
1774096000356,0.116699,-0.1875,0.993164,0,-0.000532632,0.000532632
1774096000437,0.117188,-0.1875,0.993164,0,-0.000532632,0.000532632
1774096000517,0.117188,-0.186523,0.994141,0,-0.000532632,0
1774096000588,0.117188,-0.188477,0.991211,-0.000532632,-0.00106526,0.00106526
1774096000668,0.117676,-0.188477,0.992188,-0.000532632,-0.00106526,0
1774096000749,0.116211,-0.188965,0.991699,-0.000532632,-0.000532632,-0.000532632
1774096000820,0.118652,-0.187012,0.993652,0.000532632,-0.0015979,0.000532632
1774096000900,0.118164,-0.188965,0.992188,0,-0.000532632,0
1774096000971,0.118652,-0.186523,0.993652,0,-0.00106526,0.00106526
1774096001051,0.118164,-0.185547,0.991699,-0.000532632,-0.000532632,0
1774096001132,0.117676,-0.186523,0.993164,0,-0.000532632,-0.00106526
1774096001202,0.117188,-0.188477,0.992676,0,-0.000532632,-0.000532632
1774096001283,0.118164,-0.185059,0.992676,0,0,0.000532632
1774096001363,0.120117,-0.187988,0.993164,-0.000532632,0,-0.000532632
1774096001434,0.117188,-0.187988,0.993164,-0.00106526,-0.000532632,0
1774096001514,0.116211,-0.187988,0.992676,0,-0.000532632,0.000532632
1774096001595,0.116699,-0.186035,0.991211,0.00106526,0,-0.000532632
1774096001666,0.117188,-0.186523,0.992676,0.000532632,0,-0.00106526
1774096001746,0.115723,-0.187012,0.992188,-0.000532632,-0.00106526,0.000532632
1774096001826,0.119141,-0.1875,0.992188,0.00106526,-0.00106526,0.000532632
1774096001897,0.118652,-0.187012,0.992188,-0.00106526,-0.0015979,0
1774096001977,0.119141,-0.186035,0.993652,0.000532632,-0.000532632,-0.00106526
1774096002058,0.117676,-0.1875,0.992188,0.00106526,0,0
1774096002128,0.117188,-0.186523,0.993164,0.000532632,-0.00106526,0
1774096002209,0.118164,-0.1875,0.991211,0,-0.000532632,-0.000532632
1774096002280,0.120605,-0.187988,0.992676,-0.000532632,-0.0015979,0
1774096002360,0.119629,-0.1875,0.994629,0,-0.000532632,-0.000532632
1774096002441,0.118164,-0.187988,0.993652,-0.000532632,-0.000532632,0
1774096002511,0.119629,-0.187012,0.994141,0.0015979,-0.000532632,0
1774096002592,0.118164,-0.185547,0.993652,0.00106526,-0.00106526,-0.00106526
1774096002674,0.117188,-0.188477,0.991699,-0.00106526,-0.00106526,-0.00106526
1774096002743,0.117676,-0.187988,0.993652,0,-0.00106526,0.000532632
1774096002823,0.117188,-0.186523,0.993652,0,-0.00106526,-0.000532632
1774096002904,0.116211,-0.187012,0.992676,0,-0.00106526,-0.000532632
1774096002974,0.115723,-0.187012,0.991211,0.000532632,-0.000532632,0
1774096003055,0.116699,-0.188477,0.991699,0.00106526,-0.0015979,0.000532632
1774096003135,0.118652,-0.189941,0.993652,-0.000532632,-0.0015979,-0.000532632
1774096003206,0.118652,-0.187012,0.993164,0.000532632,0,0.000532632
1774096003286,0.118164,-0.186035,0.992188,0,-0.000532632,-0.00106526
1774096003367,0.116211,-0.187012,0.994141,-0.000532632,-0.00106526,0.000532632
1774096003438,0.118652,-0.185547,0.992188,0.000532632,-0.0015979,-0.000532632
1774096003518,0.117676,-0.187988,0.995117,-0.000532632,-0.00106526,0
1774096003589,0.117676,-0.189453,0.991211,-0.000532632,-0.000532632,0
1774096003669,0.116699,-0.1875,0.994141,0,-0.000532632,-0.000532632
1774096003750,0.118164,-0.187988,0.992676,0.00106526,-0.000532632,-0.000532632
1774096003820,0.116699,-0.186035,0.991211,0,-0.000532632,0.000532632
1774096003901,0.118164,-0.187012,0.991699,0.00106526,0,-0.00106526
1774096003981,0.118164,-0.19043,0.991699,0.00106526,-0.00106526,-0.00106526
1774096004052,0.117188,-0.1875,0.993652,0.000532632,0,0.0015979
1774096004132,0.118164,-0.187988,0.993164,0,-0.00106526,0
1774096004213,0.120605,-0.187012,0.992676,0,-0.000532632,0
1774096004283,0.117676,-0.187012,0.993164,-0.000532632,-0.00106526,0
1774096004364,0.117188,-0.188477,0.991211,0,-0.000532632,0.000532632
1774096004444,0.118652,-0.1875,0.991211,0.000532632,0,0
1774096004515,0.117676,-0.187988,0.992188,0,-0.00106526,-0.000532632
1774096004596,0.118164,-0.189453,0.991699,-0.00106526,-0.0015979,-0.000532632
1774096004676,0.118164,-0.1875,0.992676,0,0,-0.000532632
1774096004747,0.119629,-0.187988,0.992188,0.000532632,0,0.000532632
1774096004827,0.118652,-0.187012,0.992188,-0.00106526,-0.000532632,0.00106526
1774096004898,0.118652,-0.187988,0.992676,-0.000532632,-0.000532632,0.000532632
1774096004978,0.116699,-0.188477,0.993652,0,-0.000532632,0
1774096005059,0.116699,-0.188477,0.993164,0,-0.000532632,-0.000532632
1774096005129,0.117676,-0.188477,0.993652,0,-0.000532632,-0.0015979
1774096005210,0.117676,-0.187988,0.991699,0,0,-0.000532632
1774096005290,0.117676,-0.188477,0.991699,0,-0.00106526,0
1774096005361,0.116699,-0.188965,0.993652,-0.000532632,-0.000532632,0
1774096005442,0.117676,-0.185547,0.992676,-0.000532632,-0.000532632,0
1774096005522,0.119629,-0.187012,0.992676,-0.000532632,-0.000532632,0
1774096005593,0.114258,-0.186523,0.992676,0,0,0
1774096005673,0.118164,-0.186523,0.991699,0,0.000532632,0
1774096005754,0.119141,-0.187988,0.994141,0,-0.000532632,-0.000532632
1774096005824,0.115723,-0.1875,0.991211,0.000532632,-0.000532632,0
1774096005905,0.118652,-0.189453,0.992188,0,-0.00106526,0.00106526
1774096005985,0.116211,-0.1875,0.992676,0,-0.000532632,0
1774096006056,0.119141,-0.187988,0.993652,0,-0.000532632,0.00106526
1774096006136,0.116699,-0.1875,0.992676,0.000532632,-0.000532632,0.00106526
1774096006207,0.119141,-0.188477,0.992188,0,-0.00106526,-0.00106526
1774096006287,0.118164,-0.187988,0.992676,0.000532632,-0.0015979,-0.00213053
1774096006368,0.117188,-0.186523,0.991699,0,0,-0.000532632
1774096006438,0.116211,-0.189453,0.992676,-0.000532632,-0.00106526,0.000532632
1774096006519,0.118164,-0.186523,0.992676,0,-0.00106526,0.000532632
1774096006599,0.117676,-0.188477,0.993652,-0.000532632,-0.000532632,0
1774096006670,0.119141,-0.187988,0.992676,-0.000532632,-0.000532632,0
1774096006750,0.116211,-0.1875,0.991699,0,-0.000532632,0.000532632
1774096006831,0.116699,-0.189453,0.992188,0.000532632,-0.00106526,0.000532632
1774096006902,0.116699,-0.187988,0.993164,-0.000532632,-0.000532632,0.00106526
1774096006982,0.117188,-0.186523,0.992188,0,-0.000532632,-0.000532632
1774096007063,0.117676,-0.186523,0.993164,0.000532632,-0.0015979,-0.00106526
1774096007133,0.118652,-0.188965,0.991699,0.000532632,0,-0.0015979
1774096007214,0.115723,-0.187012,0.994141,-0.000532632,-0.00106526,-0.000532632
1774096007284,0.115234,-0.187012,0.993652,-0.000532632,-0.00106526,0.000532632
1774096007365,0.117676,-0.187988,0.992676,-0.000532632,-0.00106526,0
1774096007445,0.120117,-0.187012,0.990234,0.000532632,0,0
1774096007516,0.118652,-0.1875,0.994629,0,-0.000532632,0.000532632
1774096007597,0.118652,-0.188477,0.992676,0,-0.00106526,0.000532632
1774096007677,0.116699,-0.186523,0.992188,0,-0.000532632,0.000532632
1774096007748,0.117188,-0.187012,0.991699,0,0.000532632,-0.000532632
1774096007828,0.12207,-0.188965,0.993164,-0.000532632,0,0
1774096007909,0.119141,-0.186523,0.993652,0.000532632,-0.000532632,-0.000532632
1774096007979,0.117188,-0.187012,0.993164,-0.000532632,-0.000532632,-0.000532632
1774096008060,0.118164,-0.1875,0.992676,0,0.000532632,0
1774096008140,0.117676,-0.188965,0.992188,0,-0.000532632,0.000532632
1774096008211,0.117676,-0.186523,0.992676,0,-0.000532632,0
1774096008292,0.117676,-0.186035,0.991211,-0.00106526,0,0.000532632
1774096008372,0.120605,-0.186035,0.993164,0,-0.00106526,-0.00106526
1774096008442,0.116699,-0.187012,0.993652,-0.000532632,-0.00106526,0.000532632
1774096008523,0.115723,-0.186035,0.994629,0,0,0
1774096008593,0.115723,-0.186523,0.992188,-0.000532632,-0.00106526,0.000532632
1774096008674,0.118164,-0.185059,0.994141,0.00106526,-0.000532632,-0.000532632
1774096008755,0.118652,-0.187988,0.992676,0,-0.00106526,-0.00106526
1774096008825,0.118164,-0.186523,0.994629,-0.000532632,-0.00106526,0.000532632
1774096008905,0.116699,-0.1875,0.993652,0.00106526,-0.00106526,0.00106526
1774096008986,0.118164,-0.187988,0.993164,0.000532632,-0.00106526,-0.00106526
1774096009057,0.118652,-0.1875,0.991699,0.000532632,-0.000532632,-0.000532632
1774096009137,0.117188,-0.187012,0.994141,0.000532632,-0.0015979,0.000532632
1774096009218,0.116699,-0.19043,0.992676,0.000532632,0,0.000532632
1774096009288,0.117676,-0.186035,0.992188,-0.000532632,-0.000532632,0
1774096009369,0.117188,-0.187012,0.994629,0.000532632,0.000532632,-0.000532632
1774096009449,0.119629,-0.187012,0.993164,-0.000532632,-0.000532632,0
1774096009520,0.118164,-0.187012,0.991699,0.000532632,-0.00106526,0
1774096009600,0.120117,-0.186523,0.993164,0.000532632,-0.00106526,0.00106526
1774096009681,0.121094,-0.1875,0.993164,-0.000532632,0.000532632,-0.000532632
1774096009751,0.116211,-0.186035,0.994141,-0.000532632,-0.000532632,0
1774096009832,0.120117,-0.186035,0.993164,0,-0.0015979,0.00106526
1774096009902,0.116211,-0.186523,0.993164,0.000532632,-0.000532632,-0.000532632
1774096009983,0.117188,-0.1875,0.993652,0,-0.000532632,0.000532632
1774096010063,0.116699,-0.187012,0.993164,0.00106526,-0.0015979,-0.000532632
1774096010134,0.119141,-0.1875,0.992676,0,-0.000532632,-0.000532632
1774096010214,0.118652,-0.187988,0.995605,-0.000532632,-0.000532632,0
1774096010295,0.116211,-0.1875,0.992676,0.000532632,-0.00106526,0
1774096010365,0.119141,-0.187012,0.989258,0,-0.000532632,0
1774096010446,0.116699,-0.187012,0.993164,0,-0.000532632,0.000532632
1774096010526,0.115723,-0.188965,0.991699,0.000532632,-0.00106526,0
1774096010597,0.119141,-0.187012,0.993164,0,-0.000532632,0
1774096010678,0.120117,-0.187988,0.995117,0,-0.00106526,0.0015979
1774096010758,0.117676,-0.186035,0.992676,-0.000532632,-0.00106526,0
1774096010829,0.118652,-0.1875,0.991211,-0.000532632,-0.00106526,0
1774096010909,0.118164,-0.187012,0.992676,0.000532632,-0.00106526,0.000532632
1774096010990,0.118652,-0.1875,0.994141,0.000532632,-0.00106526,0
1774096011060,0.116699,-0.1875,0.992676,0.000532632,-0.00106526,-0.000532632
1774096011141,0.117676,-0.188477,0.993652,-0.000532632,0,0.000532632
1774096011211,0.116699,-0.1875,0.995117,0.000532632,-0.000532632,0.00106526
1774096011292,0.117676,-0.187012,0.992676,0,-0.000532632,-0.000532632
1774096011372,0.120117,-0.185059,0.993164,0.0015979,-0.000532632,0
1774096011443,0.118164,-0.186523,0.995605,-0.000532632,-0.00106526,-0.00106526
1774096011524,0.119141,-0.185547,0.993652,0,0,0.000532632
1774096011604,0.118652,-0.1875,0.993652,-0.000532632,-0.00106526,0.00106526
1774096011675,0.118164,-0.186523,0.993164,-0.000532632,-0.000532632,0
1774096011755,0.118164,-0.189453,0.993164,-0.000532632,-0.00106526,0
1774096011836,0.117188,-0.185547,0.992676,0,-0.00106526,0
1774096011906,0.119141,-0.186035,0.993164,0,-0.000532632,0.000532632
1774096011987,0.119141,-0.1875,0.994141,0.00106526,0,0
1774096012068,0.117188,-0.186523,0.994629,0.000532632,-0.000532632,0
1774096012138,0.119629,-0.187988,0.993164,0.000532632,-0.000532632,0
1774096012219,0.118164,-0.186035,0.993652,-0.000532632,-0.0015979,-0.000532632
1774096012289,0.118652,-0.186035,0.993164,-0.00106526,-0.000532632,0
1774096012370,0.118652,-0.186523,0.994141,0.0015979,-0.00106526,0.000532632
1774096012450,0.117676,-0.186035,0.991699,0,0,0
1774096012521,0.118164,-0.187012,0.991699,0.000532632,-0.00106526,0.000532632
1774096012601,0.118164,-0.185059,0.992676,0.00106526,0.000532632,-0.000532632
1774096012682,0.118652,-0.1875,0.992676,0.000532632,-0.000532632,-0.00106526
1774096012752,0.118652,-0.187988,0.991699,0.000532632,-0.00106526,-0.000532632
1774096012833,0.117188,-0.1875,0.991211,0,-0.00106526,0
1774096012914,0.117676,-0.1875,0.991699,-0.000532632,-0.00266316,0.00106526
1774096012984,0.116699,-0.186523,0.993164,0.000532632,-0.000532632,0
1774096013065,0.117676,-0.187012,0.992188,0.000532632,-0.00106526,0
1774096013145,0.118164,-0.187988,0.990723,-0.000532632,-0.000532632,0.000532632
1774096013216,0.118652,-0.187012,0.993164,0,-0.000532632,0
1774096013297,0.119141,-0.1875,0.993652,-0.00106526,-0.00106526,0
1774096013377,0.118164,-0.187012,0.993164,0,-0.00106526,0
1774096013447,0.116699,-0.187012,0.993652,0.000532632,-0.00106526,0.000532632
1774096013528,0.118652,-0.1875,0.994141,0,-0.000532632,-0.000532632
1774096013598,0.117188,-0.186035,0.993164,0.000532632,-0.000532632,0
1774096013679,0.118652,-0.187988,0.994141,0.00106526,-0.000532632,0
1774096013759,0.117188,-0.187012,0.992676,0,0.00106526,-0.000532632
1774096013830,0.118652,-0.186523,0.993652,-0.000532632,-0.000532632,0.00106526
1774096013911,0.118652,-0.185547,0.991699,0,0,0.000532632
1774096013992,0.116211,-0.187988,0.993652,0,0,-0.000532632
1774096014062,0.118164,-0.187988,0.991699,0,0,-0.000532632
1774096014143,0.119141,-0.1875,0.993164,0.000532632,-0.000532632,0
1774096014223,0.117676,-0.186523,0.992676,0,-0.00106526,-0.000532632
1774096014294,0.119141,-0.1875,0.993652,0.000532632,-0.000532632,-0.000532632
1774096014375,0.119141,-0.186523,0.993652,-0.000532632,-0.00106526,-0.00106526
1774096014445,0.117676,-0.186035,0.994141,-0.000532632,-0.000532632,0.000532632
1774096014526,0.119629,-0.186035,0.993652,0.0015979,-0.00106526,-0.000532632
1774096014606,0.118652,-0.186035,0.991699,-0.00106526,-0.0015979,0
1774096014677,0.117188,-0.187988,0.992188,0,-0.000532632,0.000532632
1774096014757,0.119629,-0.186523,0.992676,0,-0.000532632,0
1774096014838,0.116699,-0.1875,0.992676,0.0015979,0.000532632,0
1774096014908,0.118164,-0.187012,0.992676,0,-0.0015979,-0.00106526
1774096014989,0.119629,-0.186523,0.993164,0,-0.000532632,-0.000532632
1774096015069,0.118164,-0.187988,0.992676,0.000532632,-0.0015979,0.000532632
1774096015140,0.117188,-0.186035,0.991699,0,-0.0015979,0.000532632
1774096015220,0.117676,-0.186035,0.994629,0,-0.00106526,-0.000532632
1774096015301,0.118164,-0.185547,0.993652,0,-0.00106526,0.000532632
1774096015372,0.117676,-0.187012,0.991699,-0.0015979,-0.00106526,-0.000532632
1774096015452,0.116211,-0.186523,0.992188,-0.000532632,-0.00106526,0
1774096015533,0.115723,-0.188477,0.992188,0,0,0
1774096015603,0.120117,-0.1875,0.992676,0,-0.00106526,-0.000532632
1774096015684,0.117188,-0.188477,0.992188,0,-0.00106526,-0.000532632
1774096015754,0.116699,-0.188477,0.993652,0,0,-0.000532632
1774096015835,0.119141,-0.1875,0.993652,0.000532632,-0.00106526,0.000532632
1774096015915,0.117676,-0.1875,0.993652,0,-0.0015979,-0.000532632
1774096015986,0.117676,-0.188965,0.991699,0.000532632,-0.00106526,-0.000532632
1774096016066,0.119141,-0.186523,0.994141,0.00106526,-0.000532632,-0.000532632
1774096016147,0.117188,-0.188477,0.991699,0.000532632,-0.00106526,0
1774096016217,0.117676,-0.186523,0.992676,0,0.000532632,0.00106526
1774096016298,0.119141,-0.187012,0.991211,-0.000532632,-0.00106526,0
1774096016378,0.118652,-0.187988,0.992188,-0.00106526,-0.00106526,-0.00106526
1774096016449,0.119141,-0.186523,0.992188,0.000532632,-0.000532632,0
1774096016530,0.118164,-0.186035,0.992188,0,-0.000532632,-0.000532632
1774096016610,0.119141,-0.187012,0.992188,-0.0015979,-0.0015979,-0.00106526
1774096016681,0.119629,-0.185547,0.992676,-0.00106526,-0.00106526,0
1774096016761,0.117188,-0.187012,0.993164,-0.000532632,-0.00106526,0
1774096016842,0.116211,-0.187988,0.992188,-0.000532632,-0.000532632,0.00106526
1774096016912,0.119629,-0.186523,0.994141,-0.00106526,-0.000532632,0
1774096016993,0.120117,-0.186523,0.993164,0,-0.000532632,-0.000532632
1774096017063,0.118164,-0.186035,0.993652,0.000532632,0,0.000532632
1774096017144,0.118652,-0.1875,0.993164,0,-0.0015979,-0.00106526
1774096017224,0.116699,-0.186035,0.992676,0.000532632,-0.00106526,0
1774096017295,0.118652,-0.189453,0.994629,0.000532632,-0.0015979,0
1774096017376,0.117188,-0.188477,0.992188,-0.000532632,-0.0015979,0
1774096017456,0.118164,-0.186523,0.992676,0,0,0.00106526
1774096017527,0.117188,-0.1875,0.993652,0.000532632,0,0
1774096017607,0.117188,-0.188477,0.990723,0,-0.00106526,0
1774096017688,0.117188,-0.185547,0.994629,0.00106526,0,-0.000532632
1774096017758,0.119141,-0.185547,0.991699,0.000532632,0,0
1774096017839,0.116211,-0.188477,0.992188,0,-0.00106526,0.000532632
1774096017919,0.119629,-0.186523,0.992676,0,0,0
1774096017990,0.118652,-0.187988,0.993652,0,-0.00106526,0
1774096018070,0.118164,-0.1875,0.992188,0.000532632,-0.0015979,-0.000532632
1774096018151,0.118652,-0.1875,0.993652,0,0,0
1774096018221,0.119141,-0.185547,0.993164,0,-0.000532632,0.000532632
1774096018302,0.119141,-0.186035,0.993652,-0.000532632,-0.000532632,-0.000532632
1774096018372,0.116699,-0.187988,0.992676,0.000532632,0,0
1774096018453,0.116211,-0.186035,0.993164,-0.000532632,-0.000532632,-0.000532632
1774096018533,0.118164,-0.187988,0.993164,0,-0.000532632,0.000532632
1774096018604,0.115723,-0.1875,0.992676,0.00106526,-0.000532632,0
1774096018684,0.118164,-0.1875,0.993164,0.000532632,-0.00106526,-0.000532632
1774096018765,0.118652,-0.187988,0.992188,0.000532632,0,0.000532632
1774096018835,0.118652,-0.189941,0.992676,0.00106526,0,0
1774096018916,0.118164,-0.187012,0.993164,0.000532632,-0.000532632,0.0015979
1774096018996,0.121094,-0.185547,0.993652,0,0,-0.000532632
1774096019067,0.119141,-0.186035,0.994141,0,-0.000532632,0
1774096019147,0.118164,-0.185547,0.992188,-0.000532632,-0.00106526,0
1774096019228,0.118652,-0.1875,0.992676,0,0,0.000532632
1774096019298,0.118652,-0.187012,0.992676,0,-0.00106526,-0.000532632
1774096019379,0.118164,-0.186523,0.994141,-0.00106526,-0.00106526,0
1774096019459,0.118164,-0.187988,0.994141,0,-0.00106526,0
1774096019530,0.117188,-0.187012,0.991211,0,-0.00106526,0
1774096019610,0.120605,-0.187012,0.991211,0.000532632,-0.000532632,0
1774096019681,0.117676,-0.187012,0.993652,-0.000532632,-0.000532632,0.000532632
1774096019762,0.117676,-0.187988,0.992676,-0.000532632,-0.00106526,-0.000532632
1774096019842,0.119629,-0.186035,0.993652,-0.000532632,-0.000532632,-0.000532632
1774096019913,0.118164,-0.187988,0.993164,0,-0.00106526,0
1774096019993,0.119141,-0.187988,0.992676,-0.000532632,-0.00106526,-0.00106526
1774096020074,0.117188,-0.1875,0.993164,0.00106526,-0.000532632,0.000532632
1774096020144,0.117676,-0.186523,0.993164,-0.00106526,-0.00106526,0.000532632
1774096020225,0.117676,-0.186523,0.991699,-0.000532632,0,-0.000532632
1774096020305,0.117188,-0.188965,0.993164,0,-0.000532632,0
1774096020376,0.117188,-0.187012,0.993164,0,-0.00106526,-0.000532632
1774096020456,0.116699,-0.187988,0.993652,-0.000532632,-0.000532632,0
1774096020537,0.118164,-0.187988,0.992676,0.000532632,0,0
1774096020608,0.117676,-0.186523,0.993164,-0.000532632,-0.0015979,0
1774096020688,0.118652,-0.186035,0.992188,0,-0.00106526,0.000532632
1774096020768,0.117676,-0.185547,0.993164,0.000532632,-0.000532632,0
1774096020839,0.117676,-0.186035,0.992188,0.000532632,0,0.000532632
1774096020919,0.117676,-0.188965,0.993652,0.000532632,0,-0.000532632
1774096020990,0.116699,-0.187988,0.993164,-0.000532632,-0.000532632,0
1774096021070,0.121094,-0.1875,0.994141,-0.000532632,-0.000532632,0.00213053
1774096021151,0.118164,-0.186035,0.993164,0.000532632,-0.0015979,0
1774096021221,0.118164,-0.187988,0.991211,0.00106526,-0.0015979,-0.000532632
1774096021302,0.117188,-0.1875,0.993164,0.000532632,0,0.00106526
1774096021382,0.118652,-0.1875,0.992676,-0.000532632,-0.0015979,-0.00106526
1774096021453,0.118164,-0.1875,0.992676,-0.000532632,0,0
1774096021534,0.117676,-0.1875,0.994141,0,-0.00106526,-0.000532632
1774096021614,0.119629,-0.187012,0.993164,-0.00106526,-0.000532632,-0.000532632
1774096021684,0.119629,-0.186523,0.993652,-0.000532632,-0.00106526,0
1774096021765,0.121094,-0.187012,0.992188,-0.000532632,-0.0015979,0
1774096021846,0.116699,-0.186523,0.992188,0,-0.00106526,0.000532632
1774096021916,0.118164,-0.185547,0.993164,0,-0.000532632,0.00106526
1774096021997,0.117188,-0.187012,0.991699,0,0,-0.0015979
1774096022077,0.120605,-0.188477,0.991699,0,0.000532632,0
1774096022148,0.117676,-0.187012,0.994629,0.00106526,-0.00106526,0.00106526
1774096022228,0.117188,-0.189453,0.994141,0,-0.00106526,0
1774096022309,0.117188,-0.186523,0.993652,0,-0.000532632,0
1774096022379,0.116699,-0.1875,0.990234,0,-0.000532632,0.00106526
1774096022460,0.117676,-0.185059,0.994629,0.000532632,-0.000532632,0
1774096022530,0.118164,-0.188477,0.992188,-0.000532632,-0.000532632,0.000532632
1774096022611,0.120117,-0.187988,0.992676,0.000532632,-0.000532632,0
1774096022691,0.116699,-0.188477,0.991211,-0.000532632,-0.00106526,0
1774096022762,0.117188,-0.1875,0.994629,-0.000532632,-0.000532632,0
1774096022842,0.119141,-0.185059,0.991699,0.000532632,-0.00106526,0.000532632
1774096022923,0.117188,-0.188477,0.991699,0,-0.000532632,0
1774096022993,0.117676,-0.187012,0.993164,0.000532632,-0.00106526,0
1774096023074,0.117676,-0.188477,0.995605,0.000532632,-0.000532632,0.000532632
1774096023155,0.118164,-0.187988,0.993164,0.000532632,0,0.000532632
1774096023225,0.117188,-0.187012,0.992188,0.00106526,-0.00106526,0.000532632
1774096023306,0.118164,-0.185547,0.993164,0.000532632,-0.000532632,0.000532632
1774096023386,0.116211,-0.187988,0.993164,-0.000532632,-0.00106526,-0.00106526
1774096023457,0.118164,-0.187988,0.994629,0,-0.000532632,0
1774096023538,0.116211,-0.186035,0.992676,-0.000532632,0,0.000532632
1774096023608,0.118652,-0.186523,0.992188,-0.00106526,-0.000532632,-0.000532632
1774096023689,0.117676,-0.1875,0.994141,0,-0.000532632,0.00106526
1774096023769,0.118652,-0.186523,0.992676,0.000532632,-0.0015979,0
1774096023840,0.117188,-0.186035,0.992188,0,-0.000532632,0.000532632
1774096023920,0.116699,-0.187988,0.993164,-0.00106526,-0.000532632,0.000532632
1774096024001,0.117676,-0.186523,0.992188,0,-0.000532632,-0.000532632
1774096024071,0.116211,-0.187012,0.993652,0.000532632,0,0.00106526
1774096024152,0.118164,-0.186035,0.993164,-0.000532632,-0.0015979,0
1774096024232,0.117676,-0.1875,0.993652,0,-0.000532632,0
1774096024303,0.117188,-0.186523,0.993652,0,-0.0015979,-0.000532632
1774096024383,0.117676,-0.186523,0.991699,0,-0.000532632,-0.00106526
1774096024464,0.120117,-0.186523,0.993164,0,-0.000532632,-0.000532632
1774096024534,0.117676,-0.187012,0.994141,-0.000532632,0.000532632,0.000532632
1774096024615,0.117188,-0.187012,0.991211,-0.00106526,-0.00106526,0.000532632
1774096024695,0.117676,-0.187012,0.994629,0.000532632,-0.00106526,-0.00106526
1774096024766,0.118652,-0.186523,0.992188,0.000532632,-0.000532632,-0.000532632
1774096024846,0.116699,-0.187988,0.993652,-0.000532632,-0.00106526,0
1774096024917,0.118164,-0.187012,0.992188,0.000532632,-0.000532632,0.000532632
1774096024997,0.116699,-0.186523,0.992676,0,-0.00106526,0
1774096025078,0.118652,-0.187012,0.993164,0.00106526,-0.000532632,0.00106526
1774096025149,0.116699,-0.186523,0.992188,0.00106526,-0.00106526,0
1774096025229,0.117188,-0.1875,0.994141,0.00106526,-0.000532632,-0.000532632
1774096025310,0.118652,-0.186035,0.992676,0,-0.000532632,-0.000532632
1774096025380,0.118164,-0.188965,0.992676,0.000532632,-0.000532632,-0.000532632
1774096025461,0.117676,-0.188477,0.993164,0.000532632,-0.0015979,0
1774096025541,0.118164,-0.188965,0.994141,0,-0.00106526,0.000532632
1774096025612,0.115723,-0.186035,0.994629,-0.000532632,0,-0.000532632
1774096025692,0.117676,-0.186035,0.993164,0.000532632,-0.00106526,0
1774096025773,0.118164,-0.187012,0.991699,0,-0.000532632,0.000532632
1774096025843,0.119141,-0.187012,0.993164,0.00106526,-0.0015979,0.000532632
1774096025924,0.117188,-0.1875,0.991699,-0.00106526,-0.00106526,0
1774096026004,0.117188,-0.186523,0.994629,0,-0.000532632,-0.000532632
1774096026075,0.119141,-0.187012,0.992188,0.000532632,-0.0015979,0
1774096026156,0.117676,-0.187012,0.992676,-0.000532632,-0.000532632,0.0015979
1774096026226,0.120117,-0.19043,0.992676,0,-0.0015979,-0.000532632
1774096026307,0.116211,-0.187012,0.991699,-0.00106526,-0.0015979,-0.00106526
1774096026387,0.119141,-0.187012,0.992676,0.000532632,-0.000532632,-0.000532632
1774096026458,0.118164,-0.188477,0.992188,0.000532632,0,0.000532632
1774096026538,0.118164,-0.1875,0.992676,0,-0.000532632,0
1774096026619,0.117676,-0.189453,0.992676,0,-0.0015979,-0.000532632
1774096026690,0.118652,-0.185059,0.994141,0,0.000532632,0
1774096026770,0.117676,-0.188477,0.993652,0.00106526,-0.000532632,-0.000532632
1774096026851,0.118652,-0.18457,0.992676,0,0,0.000532632
1774096026921,0.117676,-0.186523,0.992188,-0.000532632,-0.000532632,-0.000532632
1774096027002,0.117676,-0.188965,0.992188,0,-0.00106526,0.000532632
1774096027073,0.119141,-0.1875,0.993652,0,-0.00106526,0
1774096027153,0.117188,-0.188477,0.993164,0.000532632,0,0
1774096027234,0.117188,-0.188477,0.993164,-0.000532632,-0.0015979,0
1774096027304,0.116699,-0.185547,0.994141,0,-0.00106526,0
1774096027386,0.118652,-0.189941,0.993652,0.00106526,0,0
1774096027466,0.118164,-0.186523,0.992188,0.00106526,-0.000532632,0.000532632
1774096027536,0.119141,-0.188477,0.993652,0,-0.000532632,0.000532632
1774096027616,0.119141,-0.186523,0.990723,0.000532632,-0.00106526,0.000532632
1774096027697,0.119141,-0.187012,0.994141,-0.000532632,-0.000532632,0
1774096027767,0.119141,-0.187012,0.995117,0.000532632,0.000532632,0.00106526
1774096027848,0.117188,-0.1875,0.991211,-0.000532632,0,0
1774096027928,0.117676,-0.1875,0.992188,-0.000532632,-0.00106526,0.00106526
1774096027999,0.118164,-0.187012,0.990723,0.000532632,0,0.000532632
1774096028080,0.119141,-0.188477,0.994141,0,-0.00106526,0
1774096028160,0.117188,-0.187012,0.994629,0,-0.000532632,-0.00106526
1774096028231,0.117188,-0.186523,0.991699,0,-0.00106526,0.000532632
1774096028311,0.115234,-0.1875,0.989746,0,-0.00106526,0
1774096028382,0.118652,-0.1875,0.993652,0,-0.000532632,0
1774096028462,0.118652,-0.1875,0.993164,0.00106526,-0.00106526,0
1774096028543,0.117188,-0.187988,0.992188,0.00106526,-0.00106526,0
1774096028613,0.118164,-0.189453,0.992188,-0.000532632,0.000532632,0.000532632
1774096028694,0.117676,-0.186035,0.992676,0.000532632,-0.000532632,0.000532632
1774096028775,0.117676,-0.185547,0.992676,0,-0.00106526,0.00106526
1774096028845,0.117676,-0.1875,0.992676,0.00106526,-0.000532632,0.00106526
1774096028926,0.117676,-0.187012,0.993652,-0.000532632,-0.000532632,-0.00106526
1774096029006,0.118652,-0.1875,0.993164,0.000532632,0.000532632,0.000532632
1774096029077,0.117676,-0.187988,0.991699,0,-0.00106526,0.000532632
1774096029158,0.117676,-0.187988,0.990723,0.000532632,-0.0015979,0
1774096029238,0.117188,-0.186523,0.992676,0.000532632,-0.0015979,0.000532632
1774096029309,0.117676,-0.186523,0.992188,0,0,0.000532632
1774096029389,0.119629,-0.186523,0.991211,0.000532632,-0.000532632,-0.000532632
1774096029470,0.118164,-0.188965,0.993164,-0.000532632,-0.000532632,-0.000532632
1774096029540,0.115723,-0.187012,0.993164,0,-0.0015979,0.00106526
1774096029621,0.117188,-0.186035,0.993652,0.000532632,-0.00106526,-0.000532632
1774096029691,0.118164,-0.187988,0.991699,-0.000532632,-0.0015979,0
1774096029772,0.116211,-0.186523,0.991211,-0.000532632,0,0.000532632
1774096029852,0.116699,-0.1875,0.992676,-0.00106526,-0.000532632,0.000532632
1774096029923,0.118164,-0.1875,0.991211,0.000532632,0,-0.000532632
1774096030003,0.119629,-0.187012,0.993164,0.000532632,0,0.000532632
1774096030084,0.121094,-0.1875,0.991699,0,-0.00106526,0
1774096030154,0.118164,-0.1875,0.992676,-0.00106526,-0.000532632,0.000532632
1774096030235,0.116699,-0.1875,0.990234,-0.00106526,-0.000532632,0.000532632
1774096030315,0.118164,-0.187988,0.992188,0.00106526,-0.00106526,-0.000532632
1774096030386,0.119141,-0.187012,0.993164,-0.000532632,0,0
1774096030466,0.118164,-0.1875,0.992188,-0.000532632,-0.00106526,0.000532632
1774096030547,0.118652,-0.187988,0.993164,0,-0.0015979,-0.000532632
1774096030618,0.118164,-0.186523,0.992676,-0.000532632,-0.000532632,-0.000532632
1774096030698,0.116699,-0.187012,0.993164,0,-0.000532632,0
1774096030779,0.117676,-0.187012,0.994629,0,-0.00106526,0.000532632
1774096030849,0.117188,-0.187988,0.992676,0.000532632,-0.000532632,0.000532632
1774096030930,0.116699,-0.187988,0.992188,0,-0.0015979,-0.000532632
1774096031000,0.119629,-0.1875,0.991699,-0.000532632,0,0.000532632
1774096031081,0.119629,-0.186523,0.993652,0.000532632,-0.000532632,-0.00106526
1774096031161,0.119141,-0.186523,0.992188,-0.000532632,-0.000532632,0
1774096031232,0.116699,-0.185059,0.991211,-0.00106526,-0.00213053,-0.00106526
1774096031312,0.118164,-0.189453,0.993164,0,-0.000532632,0.000532632
1774096031393,0.118164,-0.1875,0.991699,0.000532632,-0.00106526,0.000532632
1774096031463,0.116211,-0.187012,0.992188,0,0,0.000532632
1774096031544,0.119629,-0.187988,0.991699,0.00106526,-0.000532632,0
1774096031624,0.115723,-0.186523,0.990723,0,-0.000532632,0
1774096031695,0.116211,-0.186523,0.991211,0.000532632,0.000532632,0
1774096031775,0.118652,-0.188477,0.991699,0.00106526,-0.00106526,-0.000532632
1774096031856,0.117188,-0.188477,0.991699,0.000532632,-0.000532632,-0.00106526
1774096031927,0.118652,-0.189941,0.994141,-0.000532632,-0.00106526,0.000532632
1774096032007,0.118652,-0.187012,0.992676,0.00106526,-0.00106526,0.000532632
1774096032088,0.118652,-0.187012,0.993164,0.000532632,0,0.000532632
1774096032158,0.121094,-0.187012,0.992676,0,-0.0015979,0
1774096032239,0.117188,-0.187988,0.993164,0,-0.000532632,-0.00106526
1774096032309,0.119629,-0.187988,0.993164,-0.00106526,0.000532632,0
1774096032390,0.118652,-0.188477,0.993652,0,0,0.000532632
1774096032470,0.118652,-0.187012,0.991211,0,-0.00106526,0.000532632
1774096032541,0.119141,-0.188965,0.992676,0.00106526,-0.00106526,0
1774096032621,0.118652,-0.1875,0.995117,-0.00106526,-0.00106526,0
1774096032702,0.119141,-0.1875,0.991699,-0.000532632,-0.00106526,0
1774096032772,0.119141,-0.187012,0.993164,0.000532632,-0.000532632,0.000532632
1774096032853,0.118164,-0.187988,0.992676,-0.00106526,-0.00106526,-0.000532632
1774096032934,0.118652,-0.186523,0.993164,0,-0.00106526,0
1774096033004,0.118164,-0.187988,0.994629,0.000532632,-0.000532632,0.000532632
1774096033084,0.119141,-0.186523,0.991699,0,-0.000532632,0.000532632
1774096033165,0.118164,-0.186523,0.993164,-0.000532632,0,0
1774096033236,0.116699,-0.187988,0.992188,0,-0.00106526,0
1774096033316,0.117188,-0.188477,0.992188,0,-0.000532632,0.000532632
1774096033387,0.118164,-0.187012,0.995117,0.00106526,-0.00106526,-0.000532632
1774096033467,0.118164,-0.189453,0.992676,0,-0.00106526,0
1774096033548,0.116699,-0.188965,0.994141,0,0,0.000532632
1774096033618,0.117188,-0.187012,0.994629,0,0,0.00106526
1774096033699,0.118652,-0.187012,0.993164,0,-0.0015979,0
1774096033779,0.117676,-0.188477,0.994141,0,-0.000532632,0.000532632
1774096033850,0.118164,-0.188477,0.992676,0,-0.000532632,0
1774096033930,0.117188,-0.186523,0.994629,-0.000532632,-0.000532632,0
1774096034011,0.118164,-0.189453,0.993164,-0.000532632,-0.0015979,0
1774096034081,0.119141,-0.1875,0.992188,-0.00106526,-0.00106526,0
1774096034162,0.118164,-0.1875,0.992188,0.00106526,-0.000532632,0.000532632
1774096034242,0.117676,-0.187012,0.991699,-0.00106526,0,0
1774096034313,0.118164,-0.187012,0.992188,-0.000532632,-0.00213053,-0.000532632
1774096034394,0.116699,-0.188477,0.993164,0,-0.000532632,0.000532632
1774096034474,0.118164,-0.188477,0.993652,0.000532632,-0.000532632,0.000532632
1774096034545,0.117188,-0.1875,0.992188,-0.000532632,-0.00106526,0
1774096034625,0.118652,-0.1875,0.992676,0.000532632,0,0
1774096034696,0.116699,-0.187012,0.991699,0.00106526,-0.000532632,0
1774096034776,0.116211,-0.188477,0.992676,0,-0.000532632,0.00106526
1774096034857,0.118164,-0.187012,0.992188,-0.0015979,-0.000532632,-0.00106526
1774096034927,0.118652,-0.189453,0.993164,0.000532632,-0.00106526,0
1774096035008,0.117676,-0.187988,0.991699,0,-0.000532632,0
1774096035088,0.120117,-0.185547,0.993652,0.00106526,-0.00106526,0.000532632
1774096035159,0.117188,-0.187012,0.991699,-0.000532632,-0.00106526,0.000532632
1774096035240,0.115723,-0.1875,0.993652,0.000532632,-0.00106526,-0.000532632
1774096035320,0.117188,-0.186035,0.993164,0,0.000532632,-0.000532632
1774096035391,0.118652,-0.187988,0.992676,0,0,-0.000532632
1774096035471,0.117676,-0.187012,0.993652,-0.00106526,-0.00106526,-0.000532632
1774096035552,0.119629,-0.185547,0.994141,0.000532632,0,0.000532632
1774096035623,0.118164,-0.187012,0.991211,0,-0.000532632,0
1774096035703,0.118164,-0.1875,0.993652,0.000532632,-0.000532632,0
1774096035774,0.119141,-0.186523,0.992188,0,-0.0015979,0.000532632
1774096035854,0.116211,-0.187988,0.994141,0,-0.00213053,0.000532632
1774096035935,0.119141,-0.1875,0.991699,-0.000532632,-0.00106526,0
1774096036006,0.115234,-0.187988,0.993164,0.000532632,-0.000532632,0.000532632
1774096036086,0.118164,-0.1875,0.994629,0,-0.00106526,0.000532632
1774096036166,0.117676,-0.185547,0.993164,0,-0.000532632,0
1774096036237,0.119141,-0.187988,0.993164,0.000532632,-0.000532632,0.000532632
1774096036318,0.116211,-0.188477,0.993164,-0.000532632,-0.00106526,-0.000532632
1774096036398,0.116211,-0.185547,0.993164,0,-0.000532632,0
1774096036468,0.117188,-0.186035,0.992676,-0.000532632,-0.000532632,0.000532632
1774096036549,0.117676,-0.188965,0.991699,0.00106526,-0.00106526,0
1774096036629,0.118164,-0.187988,0.992676,0,-0.000532632,0
1774096036700,0.118164,-0.188965,0.991699,0.000532632,0.000532632,0.000532632
1774096036780,0.116699,-0.187988,0.992188,0.000532632,-0.0015979,0
1774096036861,0.117676,-0.188477,0.992188,0,-0.00106526,0
1774096036931,0.121094,-0.186523,0.992188,-0.000532632,-0.000532632,0
1774096037012,0.117188,-0.188965,0.993652,0,-0.00106526,-0.00106526
1774096037082,0.119141,-0.188965,0.994141,0.000532632,-0.000532632,-0.000532632
1774096037163,0.118652,-0.187012,0.994629,0.000532632,-0.00106526,-0.000532632
1774096037243,0.117188,-0.187012,0.993652,-0.000532632,-0.0015979,0
1774096037314,0.115723,-0.187012,0.993164,0.000532632,-0.00106526,-0.00106526
1774096037395,0.120117,-0.186035,0.993164,0,-0.000532632,0.000532632
1774096037476,0.116211,-0.1875,0.992188,0,0,0.000532632
1774096037546,0.116211,-0.187988,0.992676,0,-0.00106526,0
1774096037627,0.118164,-0.188477,0.993164,0.00106526,-0.000532632,0.000532632
1774096037707,0.117188,-0.187012,0.993164,0,-0.000532632,0.000532632
1774096037778,0.118164,-0.186035,0.992676,-0.000532632,-0.000532632,0.000532632
1774096037858,0.117188,-0.187012,0.992676,-0.000532632,0,-0.000532632
1774096037939,0.116699,-0.188477,0.993652,-0.000532632,-0.00106526,0.000532632
1774096038009,0.116211,-0.186523,0.993164,0,-0.00106526,-0.00106526
1774096038090,0.121094,-0.186523,0.991699,0,-0.00106526,-0.000532632
1774096038170,0.116211,-0.188965,0.992676,0,-0.000532632,0.000532632
1774096038241,0.119141,-0.1875,0.992676,-0.000532632,-0.00106526,0
1774096038321,0.117188,-0.187988,0.992676,0,-0.00106526,-0.00106526
1774096038392,0.118652,-0.188965,0.992676,0.000532632,-0.00106526,0
1774096038472,0.117188,-0.188965,0.994141,0.000532632,-0.000532632,0.000532632
1774096038553,0.118652,-0.188965,0.993164,-0.000532632,-0.00106526,0.000532632
1774096038623,0.118164,-0.188477,0.992188,-0.000532632,-0.0015979,0
1774096038704,0.119629,-0.188965,0.994141,0,-0.00106526,0
1774096038785,0.120117,-0.1875,0.991699,-0.000532632,-0.00106526,-0.000532632
1774096038855,0.118164,-0.187012,0.991699,-0.000532632,-0.00106526,0
1774096038935,0.118164,-0.188477,0.991211,-0.000532632,-0.0015979,0
1774096039016,0.116211,-0.188477,0.993164,0.000532632,-0.0015979,0.000532632
1774096039086,0.118652,-0.1875,0.993164,0.000532632,-0.00106526,0.00106526
1774096039167,0.117188,-0.186035,0.992188,-0.000532632,-0.000532632,-0.000532632
1774096039247,0.117676,-0.1875,0.991211,0.000532632,-0.0015979,0
1774096039318,0.118652,-0.189453,0.993164,0,-0.0015979,0
1774096039399,0.118164,-0.186035,0.993652,0.000532632,-0.0015979,-0.000532632
1774096039479,0.118652,-0.185547,0.993164,0,-0.000532632,0.000532632
1774096039550,0.118164,-0.18457,0.993164,-0.000532632,-0.00106526,0.000532632
1774096039630,0.118164,-0.187988,0.992676,0.000532632,-0.00106526,0
1774096039701,0.116211,-0.1875,0.992676,-0.000532632,-0.000532632,-0.000532632
1774096039781,0.117676,-0.188965,0.992676,0.00106526,-0.00106526,0
1774096039862,0.118652,-0.188965,0.994141,-0.00106526,-0.000532632,0
1774096039932,0.116699,-0.188477,0.991211,-0.000532632,-0.000532632,0
1774096040013,0.118652,-0.1875,0.993652,0.000532632,-0.00106526,0.000532632
1774096040093,0.116699,-0.185059,0.992188,-0.000532632,-0.000532632,-0.000532632
1774096040164,0.118164,-0.189941,0.991699,0,0,0.000532632
1774096040244,0.118164,-0.186523,0.994141,-0.000532632,-0.00106526,0
1774096040325,0.117188,-0.1875,0.992676,-0.000532632,-0.000532632,0
1774096040395,0.118164,-0.1875,0.993652,0,-0.000532632,-0.00106526
1774096040476,0.119141,-0.187988,0.992676,0.000532632,-0.00106526,0.000532632
1774096040557,0.116699,-0.186523,0.994629,0,0,0
1774096040627,0.118652,-0.187988,0.991699,0,-0.0015979,-0.000532632
1774096040708,0.120605,-0.187012,0.993164,0,-0.000532632,0
1774096040788,0.116211,-0.187988,0.992188,0,-0.00106526,0.00106526
1774096040859,0.117676,-0.186035,0.991211,0,-0.00106526,0
1774096040939,0.117676,-0.1875,0.993164,-0.000532632,-0.00106526,0.00106526
1774096041010,0.118164,-0.187012,0.990723,0.000532632,-0.000532632,-0.000532632
1774096041090,0.117188,-0.18457,0.991699,0.000532632,-0.00213053,-0.000532632
1774096041171,0.118652,-0.187012,0.992188,-0.000532632,-0.00106526,0
1774096041241,0.118652,-0.186523,0.992676,0.00106526,0.000532632,-0.000532632
1774096041322,0.116699,-0.1875,0.991699,0,-0.00106526,-0.000532632
1774096041403,0.119141,-0.187012,0.991699,0.000532632,-0.00106526,0.000532632
1774096041473,0.119141,-0.185547,0.992188,-0.000532632,-0.00106526,0.000532632
1774096041555,0.118164,-0.187988,0.992188,0.000532632,-0.00106526,0.000532632
1774096041634,0.117188,-0.187012,0.990723,-0.000532632,-0.00106526,0
1774096041705,0.118164,-0.187988,0.990723,0,-0.000532632,0.000532632
1774096041785,0.118164,-0.187988,0.996582,0,-0.00106526,0
1774096041866,0.117188,-0.1875,0.992188,0.00106526,-0.00106526,0.000532632
1774096041936,0.117188,-0.187012,0.993164,0,-0.00106526,-0.000532632
1774096042017,0.116211,-0.185547,0.994141,-0.00106526,-0.000532632,0.000532632
1774096042097,0.115234,-0.1875,0.992676,-0.00106526,-0.000532632,0
1774096042168,0.117676,-0.186523,0.992676,-0.00106526,0,-0.000532632
1774096042248,0.117676,-0.1875,0.992676,0,0,-0.000532632
1774096042319,0.118164,-0.188965,0.990723,-0.00106526,-0.000532632,0.000532632
1774096042399,0.118164,-0.189941,0.990723,0.000532632,-0.0015979,0
1774096042480,0.117188,-0.187988,0.992188,0,0,0.000532632
1774096042551,0.115723,-0.188477,0.989258,0.00106526,-0.00106526,0
1774096042631,0.118652,-0.188965,0.993164,0.000532632,0,0
1774096042712,0.118652,-0.187988,0.993164,-0.000532632,-0.000532632,-0.000532632
1774096042782,0.117188,-0.187012,0.991211,0.000532632,-0.000532632,-0.000532632
1774096042863,0.118164,-0.188965,0.992188,0,-0.000532632,0
1774096042943,0.116699,-0.187988,0.991699,-0.00106526,0,-0.000532632
1774096043014,0.116211,-0.188477,0.991699,-0.00106526,-0.000532632,0.00106526
1774096043094,0.116699,-0.187012,0.991211,0,0,0
1774096043175,0.119141,-0.188477,0.991699,-0.00106526,-0.00106526,0
1774096043246,0.117676,-0.187012,0.992188,0,-0.00106526,0
1774096043326,0.117188,-0.188477,0.991699,0.000532632,-0.0015979,-0.000532632
1774096043397,0.117676,-0.187012,0.992188,-0.000532632,-0.00106526,0.00106526
1774096043477,0.117188,-0.188965,0.992676,0.000532632,0.000532632,0.000532632
1774096043558,0.118652,-0.188965,0.990723,-0.000532632,-0.000532632,0.0015979
1774096043628,0.120605,-0.1875,0.993164,0,-0.00106526,0.000532632
1774096043709,0.114746,-0.1875,0.992676,0.000532632,-0.00106526,0
1774096043789,0.117188,-0.1875,0.993164,0,0,0
1774096043860,0.118164,-0.188477,0.992676,0.000532632,-0.0015979,0
1774096043940,0.118164,-0.187012,0.992188,0.000532632,-0.00106526,0.000532632
1774096044021,0.118652,-0.187988,0.993164,0,0,-0.000532632
1774096044091,0.117188,-0.188965,0.991699,0.00106526,0,0
1774096044172,0.118164,-0.1875,0.995117,-0.00106526,-0.000532632,0
1774096044253,0.116699,-0.188477,0.994141,0.000532632,-0.0015979,0
1774096044323,0.116211,-0.188477,0.990723,0,-0.00213053,-0.00106526
1774096044404,0.118652,-0.187988,0.990723,0,-0.000532632,0
1774096044484,0.117676,-0.186523,0.992676,0.000532632,0,-0.000532632
1774096044555,0.116211,-0.186523,0.993164,0,-0.00106526,0
1774096044635,0.114746,-0.186523,0.992676,0,-0.0015979,0
1774096044706,0.116211,-0.187988,0.990723,0,-0.000532632,0.000532632
1774096044786,0.118164,-0.188965,0.991699,-0.00106526,-0.000532632,0
1774096044867,0.117676,-0.189453,0.993652,-0.000532632,-0.000532632,0.000532632
1774096044937,0.116211,-0.187988,0.991699,-0.00106526,-0.000532632,0.000532632
1774096045018,0.118164,-0.186523,0.992188,-0.000532632,-0.00106526,-0.000532632
1774096045099,0.117676,-0.186523,0.993652,0,-0.0015979,0
1774096045169,0.117188,-0.188477,0.994629,0.000532632,-0.000532632,0
1774096045250,0.117188,-0.188477,0.993652,-0.000532632,0,0
1774096045330,0.118652,-0.188477,0.992676,0,-0.000532632,0
1774096045401,0.117188,-0.188965,0.993164,-0.000532632,-0.00106526,0.000532632
1774096045481,0.116699,-0.185547,0.990234,0.000532632,-0.000532632,-0.000532632
1774096045552,0.117676,-0.1875,0.992676,-0.00106526,-0.00106526,-0.00106526
1774096045632,0.118652,-0.185547,0.992676,0,0,0
1774096045713,0.116211,-0.1875,0.992188,0,-0.000532632,-0.000532632
1774096045783,0.116211,-0.1875,0.994141,0,-0.000532632,-0.000532632
1774096045864,0.117188,-0.187988,0.991211,0,0,-0.000532632
1774096045945,0.117676,-0.187988,0.992188,-0.000532632,-0.000532632,0
1774096046015,0.116699,-0.186523,0.991699,0.000532632,-0.00106526,-0.000532632
1774096046096,0.117188,-0.1875,0.991699,-0.000532632,-0.000532632,0
1774096046176,0.118164,-0.186523,0.993652,0,-0.000532632,0
1774096046247,0.117676,-0.187988,0.992676,0.000532632,0,0.000532632
1774096046327,0.118164,-0.1875,0.993652,0,-0.00106526,0
1774096046408,0.117188,-0.186035,0.990723,0.00106526,-0.00106526,-0.000532632
1774096046478,0.118164,-0.186523,0.992676,0.00106526,-0.000532632,0
1774096046559,0.118164,-0.188477,0.992188,-0.000532632,-0.00106526,0.000532632
1774096046639,0.116699,-0.186523,0.994629,0,-0.0015979,-0.00106526
1774096046710,0.115723,-0.186035,0.993164,0,-0.000532632,-0.000532632
1774096046790,0.116699,-0.186035,0.994629,0.000532632,-0.0015979,0.000532632
1774096046871,0.118164,-0.186035,0.992188,0.000532632,-0.00213053,-0.000532632
1774096046941,0.117676,-0.188477,0.992188,0.000532632,-0.00213053,0
1774096047022,0.116211,-0.186035,0.992188,0,-0.0015979,-0.000532632
1774096047093,0.114746,-0.186523,0.992676,0,-0.0015979,0
1774096047173,0.117676,-0.187988,0.992676,0,-0.00106526,-0.00213053
1774096047254,0.117676,-0.187012,0.992188,0,-0.00106526,-0.000532632
1774096047324,0.117188,-0.187988,0.992188,-0.000532632,-0.00106526,-0.00106526
1774096047405,0.116211,-0.185547,0.992676,-0.000532632,-0.0015979,0.000532632
1774096047485,0.118652,-0.187012,0.992676,0.000532632,-0.000532632,-0.00106526
1774096047556,0.119141,-0.187988,0.992188,0,-0.00106526,0
1774096047636,0.115723,-0.186523,0.991211,-0.00106526,-0.00106526,0.000532632
1774096047717,0.119629,-0.187988,0.991699,0,-0.000532632,-0.000532632
1774096047788,0.117188,-0.1875,0.991699,-0.00106526,-0.0015979,0
1774096047868,0.117188,-0.187988,0.992676,-0.000532632,0,0
1774096047949,0.117188,-0.185547,0.993164,0,-0.000532632,0.000532632
1774096048019,0.119629,-0.187012,0.994141,0.000532632,0,0.000532632
1774096048100,0.117676,-0.187012,0.992676,0.000532632,-0.000532632,0
1774096048180,0.114746,-0.1875,0.991211,0,-0.000532632,0.000532632
1774096048251,0.117676,-0.187012,0.992188,0,-0.000532632,0
1774096048331,0.119141,-0.188477,0.994629,-0.000532632,0,0.00106526
1774096048402,0.118164,-0.187012,0.992676,-0.000532632,-0.000532632,0.000532632
1774096048482,0.118164,-0.186035,0.992676,-0.000532632,0,0
1774096048563,0.116211,-0.186523,0.994141,0,-0.000532632,0.00106526
1774096048633,0.118652,-0.186523,0.993164,-0.000532632,-0.000532632,0.000532632
1774096048714,0.117676,-0.187012,0.992188,0,-0.000532632,0
1774096048795,0.117676,-0.1875,0.993164,-0.000532632,-0.000532632,0.00106526
1774096048865,0.117188,-0.188477,0.991699,-0.000532632,-0.00106526,-0.000532632
1774096048946,0.117188,-0.187988,0.991211,0.000532632,-0.0015979,0
1774096049026,0.117676,-0.186035,0.992676,0.000532632,-0.00106526,-0.000532632
1774096049097,0.119629,-0.1875,0.992676,-0.000532632,-0.00106526,-0.000532632
1774096049177,0.117188,-0.186523,0.993164,0.000532632,-0.00106526,-0.000532632
1774096049258,0.116211,-0.186523,0.994141,0,-0.00106526,0
1774096049328,0.119141,-0.187012,0.993652,0.0015979,-0.00106526,-0.000532632
1774096049409,0.118164,-0.1875,0.992188,-0.000532632,-0.00106526,-0.00106526
1774096049479,0.119141,-0.186523,0.993652,0,-0.0015979,0
1774096049560,0.116211,-0.188477,0.992676,0.000532632,-0.0015979,0.000532632
1774096049640,0.118164,-0.186523,0.993164,0.000532632,-0.00106526,0
1774096049711,0.115723,-0.187012,0.993164,0,-0.000532632,0
1774096049791,0.117188,-0.187012,0.993164,-0.00106526,-0.00106526,-0.000532632
1774096049872,0.118652,-0.188477,0.991699,0.000532632,-0.00106526,0
1774096049942,0.117676,-0.188965,0.992676,0,-0.00106526,0
1774096050023,0.117676,-0.186035,0.993164,-0.000532632,-0.00213053,0
1774096050103,0.118164,-0.189941,0.991211,0,0,0
1774096050174,0.117676,-0.187012,0.992188,0.000532632,-0.000532632,0.00106526
1774096050255,0.116699,-0.188477,0.993164,0,-0.00106526,0
1774096050335,0.118652,-0.186035,0.993652,0.000532632,-0.00106526,-0.0015979
1774096050406,0.118164,-0.187988,0.992676,-0.000532632,0,0.000532632
1774096050486,0.117188,-0.186035,0.992676,0.000532632,0,0.000532632
1774096050567,0.115723,-0.1875,0.992188,0,-0.000532632,-0.000532632
1774096050637,0.117188,-0.188965,0.992676,-0.00106526,0,-0.000532632
1774096050718,0.116211,-0.1875,0.993652,-0.00106526,-0.000532632,0
1774096050798,0.117676,-0.188965,0.990723,0,-0.00106526,0.000532632
1774096050869,0.117676,-0.1875,0.993164,-0.000532632,-0.00106526,0.000532632
1774096050949,0.119141,-0.187012,0.991699,0,-0.00213053,0
1774096051020,0.117676,-0.186035,0.992676,-0.00106526,-0.00106526,0
1774096051100,0.118652,-0.1875,0.991699,-0.000532632,-0.000532632,0.000532632
1774096051181,0.118652,-0.1875,0.992188,-0.000532632,0.000532632,-0.000532632
1774096051251,0.117676,-0.187012,0.993164,0,-0.00106526,0
1774096051332,0.118652,-0.187988,0.992188,-0.000532632,-0.00106526,0
1774096051413,0.117188,-0.189941,0.992188,0.000532632,-0.000532632,0.00106526
1774096051483,0.117676,-0.186523,0.994141,-0.000532632,-0.0015979,0
1774096051563,0.117188,-0.188477,0.992188,0.000532632,-0.0015979,-0.000532632
1774096051644,0.118164,-0.188965,0.992676,0.000532632,0,-0.000532632
1774096051715,0.116699,-0.188477,0.991211,0.000532632,0,-0.00106526
1774096051795,0.116699,-0.1875,0.993164,0,0,0
1774096051876,0.116211,-0.1875,0.993164,0,0,-0.000532632
1774096051946,0.117676,-0.187012,0.993652,0,-0.00106526,0.000532632
1774096052027,0.117676,-0.186035,0.992188,-0.000532632,-0.000532632,-0.000532632
1774096052107,0.117676,-0.185547,0.992676,0,-0.000532632,0.000532632
1774096052178,0.119141,-0.187012,0.992188,0.000532632,-0.000532632,0
1774096052258,0.116699,-0.186523,0.991699,0,-0.00106526,0.000532632
1774096052329,0.120117,-0.186523,0.991699,0,0,-0.000532632
1774096052409,0.117188,-0.186523,0.992188,0,0,0
1774096052490,0.117188,-0.188965,0.992188,-0.000532632,0,0.00106526
1774096052560,0.117188,-0.187012,0.991699,-0.000532632,0,-0.000532632
1774096052641,0.118652,-0.1875,0.992188,-0.000532632,-0.000532632,0.000532632
1774096052721,0.116699,-0.187988,0.991211,-0.000532632,0,0
1774096052792,0.115234,-0.186035,0.992188,0,0,0
1774096052872,0.116699,-0.187988,0.992188,-0.000532632,-0.00106526,-0.000532632
1774096052953,0.118164,-0.187012,0.993652,-0.000532632,-0.00106526,0.00106526
1774096053023,0.118164,-0.187988,0.992188,0,-0.000532632,-0.000532632
1774096053104,0.118652,-0.187988,0.991211,-0.000532632,-0.000532632,0.000532632
1774096053184,0.115723,-0.188477,0.991211,-0.000532632,-0.00106526,0
1774096053255,0.116699,-0.188477,0.991699,0,-0.000532632,0
1774096053335,0.116699,-0.186523,0.992676,0.000532632,-0.000532632,0.000532632
1774096053416,0.117676,-0.187988,0.990234,0,-0.000532632,-0.000532632
1774096053487,0.117676,-0.188477,0.989746,0,-0.00213053,-0.00106526
1774096053567,0.117676,-0.1875,0.992188,-0.000532632,-0.000532632,-0.000532632
1774096053637,0.119141,-0.187012,0.991699,0,0,0
1774096053718,0.118164,-0.187988,0.992188,0,-0.000532632,-0.00106526
1774096053799,0.117676,-0.187012,0.993652,0,-0.000532632,0
1774096053869,0.116699,-0.189453,0.989746,0,-0.000532632,-0.000532632
1774096053950,0.119629,-0.1875,0.992676,0.000532632,-0.000532632,0
1774096054030,0.116211,-0.187012,0.993652,0,-0.00106526,-0.000532632
1774096054101,0.116211,-0.187012,0.992188,-0.000532632,-0.0015979,-0.00106526
1774096054181,0.117676,-0.1875,0.992676,0.000532632,0.000532632,0
1774096054262,0.118164,-0.189453,0.993652,0,-0.00106526,-0.000532632
1774096054332,0.117188,-0.187012,0.992188,0,-0.000532632,-0.000532632
1774096054413,0.117676,-0.188965,0.992188,-0.000532632,-0.00106526,0
1774096054493,0.116699,-0.187012,0.991699,0.000532632,-0.000532632,0.000532632
1774096054564,0.118164,-0.1875,0.993652,0,-0.00106526,0.00106526
1774096054644,0.117676,-0.1875,0.992676,0,-0.000532632,-0.000532632
1774096054725,0.116211,-0.186523,0.991699,0.00106526,0,-0.000532632
1774096054795,0.115723,-0.186035,0.990723,0.000532632,0,0.000532632
1774096054876,0.116211,-0.189941,0.993164,-0.000532632,-0.0015979,-0.000532632
1774096054947,0.117188,-0.187988,0.993652,0.000532632,-0.00106526,0.00106526
1774096055027,0.119629,-0.187012,0.992188,-0.000532632,-0.00106526,0
1774096055108,0.117676,-0.188477,0.991211,0.000532632,-0.000532632,0
1774096055178,0.119141,-0.185547,0.994141,0,-0.00106526,0.000532632
1774096055259,0.116211,-0.187012,0.993164,0.000532632,-0.000532632,0
1774096055339,0.116699,-0.186523,0.991699,0,-0.000532632,-0.000532632
1774096055410,0.117188,-0.189941,0.991699,0,-0.00106526,0
1774096055490,0.115723,-0.187988,0.992676,0,-0.00106526,0
1774096055571,0.117188,-0.1875,0.992188,0.000532632,-0.00106526,-0.000532632
1774096055641,0.116211,-0.188477,0.991699,0,-0.0015979,0
1774096055722,0.118652,-0.186523,0.992676,-0.000532632,-0.000532632,0
1774096055802,0.116699,-0.189941,0.992676,-0.000532632,-0.0015979,0
1774096055873,0.117188,-0.187988,0.994141,-0.000532632,-0.00106526,0
1774096055953,0.118164,-0.1875,0.991699,0.00106526,0,-0.000532632
1774096056034,0.118652,-0.187012,0.994141,0,0,0
1774096056104,0.118652,-0.187988,0.991699,0,0,-0.00106526
1774096056185,0.119629,-0.188965,0.993164,-0.000532632,-0.0015979,0
1774096056255,0.117676,-0.188477,0.992676,-0.000532632,-0.0015979,0.000532632
1774096056336,0.116699,-0.188477,0.992676,-0.000532632,-0.00106526,-0.00106526
1774096056416,0.117188,-0.187012,0.993164,0,-0.000532632,0
1774096056487,0.116211,-0.186035,0.993164,0,-0.0015979,-0.000532632
1774096056567,0.117676,-0.187988,0.992188,-0.000532632,-0.0015979,-0.000532632
1774096056648,0.118164,-0.187012,0.994629,0.00106526,-0.00106526,0.000532632
1774096056718,0.118652,-0.185547,0.992676,0,-0.00106526,0
1774096056799,0.117188,-0.187988,0.991211,-0.000532632,-0.0015979,0.000532632
1774096056880,0.118164,-0.1875,0.993652,0,-0.00106526,-0.000532632
1774096056950,0.118652,-0.186035,0.991211,0,0,0
1774096057031,0.117676,-0.187012,0.993164,-0.000532632,-0.000532632,0
1774096057111,0.120117,-0.1875,0.993164,0,-0.000532632,0.00106526
1774096057182,0.118652,-0.1875,0.992676,-0.000532632,0,-0.000532632
1774096057262,0.118164,-0.186523,0.994629,0,-0.0015979,0.000532632
1774096057343,0.119141,-0.188477,0.993652,0,-0.000532632,0.00106526
1774096057413,0.117676,-0.1875,0.991699,-0.000532632,-0.000532632,0.000532632
1774096057494,0.117188,-0.1875,0.992676,-0.00106526,-0.0015979,-0.000532632
1774096057565,0.119141,-0.1875,0.990723,-0.000532632,-0.0015979,-0.000532632
1774096057645,0.118652,-0.187012,0.992188,0.000532632,-0.000532632,0
1774096057725,0.117676,-0.185547,0.993164,0.0015979,-0.000532632,0
1774096057796,0.117676,-0.186523,0.993164,0,0,-0.000532632
1774096057876,0.119141,-0.187988,0.993652,-0.000532632,-0.000532632,0
1774096057957,0.119629,-0.1875,0.991699,0.000532632,-0.000532632,0.000532632
1774096058027,0.117188,-0.187012,0.993164,-0.000532632,0,0
1774096058108,0.120117,-0.187988,0.993652,0,-0.00106526,-0.000532632
1774096058188,0.120117,-0.185059,0.992188,0.000532632,-0.000532632,0.00106526
1774096058259,0.117676,-0.187012,0.993652,0,-0.0015979,-0.000532632
1774096058339,0.118164,-0.1875,0.992676,0,-0.00106526,-0.00106526
1774096058420,0.117188,-0.1875,0.993164,0.000532632,0,0.00106526
1774096058491,0.117676,-0.188477,0.992188,0,0,0.000532632
1774096058571,0.117676,-0.1875,0.993164,0,-0.000532632,0.000532632
1774096058652,0.117188,-0.186035,0.992676,0,-0.000532632,0
1774096058722,0.117676,-0.187012,0.992676,-0.00106526,-0.00106526,0
1774096058803,0.118652,-0.189453,0.991211,-0.000532632,-0.00106526,0
1774096058873,0.118164,-0.188477,0.992188,0.00106526,-0.000532632,-0.000532632
1774096058954,0.117676,-0.186523,0.994141,0.000532632,-0.00106526,-0.000532632
1774096059034,0.117676,-0.188965,0.994141,0.000532632,-0.000532632,-0.000532632
1774096059105,0.117676,-0.1875,0.991699,0.000532632,-0.00106526,0.00106526
1774096059185,0.118652,-0.186035,0.992676,0.000532632,-0.0015979,0.000532632
1774096059266,0.118164,-0.188965,0.992188,0,-0.000532632,0
1774096059336,0.116699,-0.188477,0.992188,0,-0.0015979,0.000532632
1774096059417,0.118164,-0.187988,0.991699,-0.000532632,-0.000532632,0
1774096059497,0.118652,-0.186523,0.992188,0.000532632,-0.000532632,0.000532632
1774096059568,0.115723,-0.188477,0.993164,0.000532632,0,0
1774096059648,0.118652,-0.187012,0.992676,-0.000532632,-0.000532632,0.000532632
1774096059729,0.116699,-0.188965,0.992188,0.00106526,-0.0015979,0.000532632
1774096059799,0.117676,-0.1875,0.991211,0,-0.000532632,0
1774096059880,0.118164,-0.187012,0.991211,-0.000532632,-0.00106526,-0.000532632
1774096059961,0.116211,-0.189453,0.992676,0,-0.000532632,0
1774096060031,0.118164,-0.188477,0.993164,0.000532632,-0.00106526,-0.000532632
1774096060112,0.116211,-0.186035,0.991699,0,-0.000532632,0.000532632
1774096060182,0.116211,-0.186035,0.992188,0.000532632,0,0
1774096060263,0.116211,-0.19043,0.993652,0,-0.000532632,-0.000532632
1774096060343,0.117188,-0.187988,0.991699,0.0015979,-0.00106526,0.000532632
1774096060414,0.117188,-0.1875,0.991699,0,-0.00106526,0.00106526
1774096060494,0.119629,-0.188477,0.993164,0,-0.000532632,-0.0015979
1774096060575,0.118652,-0.187988,0.993164,0,-0.000532632,0.000532632
1774096060645,0.119629,-0.1875,0.994141,-0.000532632,-0.000532632,0.000532632
1774096060726,0.119141,-0.187988,0.991699,-0.000532632,-0.00106526,0
1774096060806,0.117188,-0.186035,0.991699,0,-0.0015979,0.000532632
1774096060877,0.117188,-0.188965,0.994141,0,-0.0015979,-0.000532632
1774096060958,0.116699,-0.1875,0.991699,0.000532632,-0.00106526,-0.000532632
1774096061038,0.119629,-0.186523,0.994141,0,-0.000532632,0.000532632
1774096061109,0.119629,-0.188965,0.993652,0,-0.000532632,-0.000532632
1774096061189,0.119141,-0.189453,0.993652,-0.000532632,-0.0015979,-0.000532632
1774096061270,0.115723,-0.1875,0.992188,0,-0.000532632,-0.000532632
1774096061340,0.118652,-0.187012,0.991699,-0.000532632,-0.00106526,0.000532632
1774096061421,0.119141,-0.1875,0.992676,-0.00106526,-0.0015979,-0.000532632
1774096061491,0.116699,-0.189453,0.991211,0.000532632,-0.00106526,0
1774096061572,0.120117,-0.187988,0.992676,0,0,-0.000532632
1774096061653,0.116699,-0.188477,0.991699,0,-0.00106526,0
1774096061723,0.118652,-0.187988,0.993652,-0.00106526,-0.00106526,0
1774096061804,0.118164,-0.188965,0.990723,0.000532632,0,0.000532632
1774096061885,0.115723,-0.1875,0.993652,-0.000532632,0,0
1774096061955,0.119141,-0.186035,0.992676,-0.000532632,-0.000532632,0
1774096062035,0.118164,-0.187988,0.992188,-0.00106526,0,0
1774096062116,0.116699,-0.187012,0.992676,0.000532632,-0.0015979,0
1774096062186,0.117676,-0.186035,0.993652,0,0,0.00106526
1774096062268,0.118164,-0.188965,0.991211,0,-0.000532632,-0.000532632
1774096062347,0.117676,-0.188965,0.992188,0,0.000532632,0
1774096062418,0.118164,-0.188477,0.992676,0,-0.000532632,-0.000532632
1774096062499,0.115723,-0.187988,0.994141,-0.000532632,-0.00106526,0.000532632
1774096062569,0.119141,-0.188477,0.993652,-0.00106526,-0.00106526,0
1774096062650,0.116699,-0.1875,0.990723,-0.000532632,-0.00106526,-0.000532632
1774096062730,0.118164,-0.189453,0.992676,0.000532632,-0.00106526,0
1774096062801,0.118164,-0.1875,0.993652,0,-0.000532632,0.000532632
1774096062881,0.117676,-0.188965,0.994629,0,0,0
1774096062962,0.119629,-0.1875,0.991699,0,-0.000532632,-0.000532632
1774096063032,0.118652,-0.186035,0.992676,-0.000532632,-0.000532632,-0.000532632
1774096063113,0.118652,-0.189453,0.991699,0,-0.000532632,0
1774096063193,0.119141,-0.189453,0.993652,0,-0.00106526,-0.000532632
1774096063264,0.116699,-0.1875,0.991211,0,-0.00106526,0
1774096063344,0.118652,-0.187012,0.992188,-0.000532632,-0.000532632,-0.000532632
1774096063426,0.117188,-0.186523,0.990723,-0.000532632,-0.0015979,-0.000532632
1774096063496,0.119629,-0.187012,0.993164,-0.000532632,-0.000532632,-0.000532632
1774096063576,0.117188,-0.186523,0.994141,-0.000532632,0,0.000532632
1774096063657,0.118164,-0.187988,0.993164,0.00106526,-0.0015979,-0.000532632
1774096063727,0.119141,-0.1875,0.993164,0.000532632,-0.000532632,0
1774096063808,0.117676,-0.186035,0.991211,0,-0.000532632,0
1774096063878,0.118164,-0.1875,0.992188,-0.000532632,-0.00106526,0
1774096063959,0.118164,-0.188965,0.990234,0.000532632,-0.0015979,-0.000532632
1774096064040,0.116211,-0.188965,0.992676,-0.00106526,-0.00213053,-0.000532632
1774096064110,0.119141,-0.186035,0.991211,0.00106526,-0.000532632,-0.000532632
1774096064190,0.116211,-0.1875,0.991211,-0.000532632,-0.0015979,0.000532632
1774096064271,0.118652,-0.188477,0.993652,-0.000532632,-0.000532632,0
1774096064341,0.118164,-0.187012,0.993164,-0.00106526,-0.00106526,0
1774096064422,0.117188,-0.186523,0.993652,0.000532632,-0.00106526,0.000532632
1774096064502,0.117676,-0.188477,0.991211,0.00106526,0,0.00106526
1774096064573,0.118164,-0.187012,0.993652,0,-0.00106526,0.00106526
1774096064654,0.116699,-0.187988,0.994141,0,-0.0015979,0
1774096064734,0.116699,-0.1875,0.991699,0,-0.00106526,-0.00106526
1774096064804,0.118652,-0.187988,0.994629,0,-0.00106526,-0.000532632
1774096064885,0.117676,-0.186035,0.992676,0,0,0.000532632
1774096064965,0.117676,-0.188477,0.993164,0.000532632,-0.0015979,0.000532632
1774096065036,0.118652,-0.188477,0.993164,0.000532632,-0.000532632,-0.000532632
1774096065117,0.118164,-0.186035,0.992676,-0.000532632,-0.00106526,0
1774096065188,0.117188,-0.1875,0.992676,0,-0.0015979,-0.000532632
1774096065268,0.117676,-0.187012,0.989746,-0.000532632,0,0
1774096065349,0.118652,-0.189453,0.992676,0,-0.000532632,-0.000532632
1774096065419,0.116699,-0.185547,0.991211,0.000532632,-0.00106526,0
1774096065500,0.116211,-0.188477,0.991211,0,-0.0015979,-0.000532632
1774096065581,0.119141,-0.1875,0.993164,0,-0.000532632,0
1774096065651,0.118164,-0.187012,0.992188,-0.000532632,-0.00106526,0
1774096065731,0.118652,-0.187988,0.991211,0,-0.00106526,0
1774096065812,0.116211,-0.186523,0.990723,-0.00106526,-0.0015979,-0.000532632
1774096065883,0.118652,-0.186035,0.991211,-0.000532632,-0.00106526,0
1774096065963,0.117676,-0.187012,0.992188,0,-0.00106526,0
1774096066044,0.119629,-0.188477,0.993164,0.000532632,-0.00106526,0
1774096066114,0.119141,-0.186523,0.994141,0.000532632,-0.00213053,-0.000532632
1774096066195,0.117676,-0.187988,0.991211,-0.000532632,-0.0015979,0
1774096066265,0.116699,-0.187012,0.992676,0,-0.000532632,0
1774096066346,0.118164,-0.188477,0.991699,-0.000532632,0,0.000532632
1774096066426,0.118164,-0.186035,0.991211,-0.00106526,-0.000532632,0
1774096066497,0.117188,-0.186523,0.991699,0,0,0.000532632
1774096066577,0.116699,-0.185547,0.994629,-0.000532632,-0.00213053,0.000532632
1774096066658,0.119141,-0.1875,0.993652,0.000532632,-0.000532632,0.00106526
1774096066728,0.119141,-0.186035,0.993164,0,-0.0015979,0.000532632
1774096066809,0.117676,-0.188477,0.991699,0,-0.00106526,0.000532632
1774096066890,0.118164,-0.186035,0.990234,0.000532632,-0.00106526,-0.00106526
1774096066960,0.116211,-0.187988,0.991699,0.000532632,-0.00106526,0.000532632
1774096067041,0.117188,-0.186523,0.990723,-0.000532632,0,-0.000532632
1774096067121,0.119141,-0.187012,0.992676,0.000532632,-0.000532632,0.000532632
1774096067192,0.117188,-0.186523,0.993164,0.000532632,-0.00213053,0
1774096067272,0.116699,-0.188477,0.991211,0,-0.000532632,0
1774096067353,0.118652,-0.1875,0.991699,0,-0.0015979,-0.00106526
1774096067424,0.117188,-0.185547,0.992676,-0.000532632,-0.00106526,-0.000532632
1774096067504,0.117188,-0.186035,0.993164,0,-0.00106526,-0.000532632
1774096067574,0.118164,-0.187988,0.992188,0.000532632,-0.000532632,-0.000532632
1774096067655,0.118164,-0.1875,0.992188,-0.000532632,-0.00106526,0
1774096067735,0.117188,-0.188477,0.992188,0,-0.000532632,-0.000532632
1774096067806,0.118164,-0.188477,0.993652,0,0.000532632,-0.000532632
1774096067886,0.116699,-0.187012,0.991211,-0.000532632,-0.000532632,0.000532632
1774096067967,0.117188,-0.186035,0.993164,0,-0.00106526,0
1774096068037,0.116211,-0.186523,0.992676,0,-0.000532632,-0.000532632
1774096068118,0.117676,-0.187988,0.993652,0,-0.000532632,-0.000532632
1774096068198,0.116211,-0.185547,0.992188,0,0,0.000532632
1774096068269,0.115234,-0.186523,0.992188,0.000532632,0,0.000532632
1774096068350,0.118164,-0.188965,0.993164,0.000532632,-0.00106526,0
1774096068430,0.117188,-0.186523,0.991699,0,-0.000532632,0.000532632
1774096068501,0.118164,-0.1875,0.993652,-0.000532632,-0.00106526,0.000532632
1774096068581,0.118652,-0.1875,0.992188,0.000532632,-0.0015979,0.000532632
1774096068652,0.117188,-0.188965,0.992188,0,-0.0015979,-0.000532632
1774096068732,0.118164,-0.188477,0.990723,-0.00106526,-0.000532632,0
1774096068813,0.117676,-0.1875,0.992676,0.000532632,-0.00106526,0
1774096068883,0.117676,-0.186523,0.990723,0,-0.000532632,0
1774096068964,0.115723,-0.187988,0.990723,0.000532632,-0.00106526,-0.000532632
1774096069044,0.116699,-0.1875,0.992188,0.00106526,-0.000532632,0
1774096069115,0.117676,-0.188477,0.992676,-0.000532632,-0.00106526,-0.00106526
1774096069195,0.117676,-0.185059,0.991211,0,-0.00106526,-0.00106526
1774096069276,0.118652,-0.186523,0.992676,0.000532632,0,0
1774096069347,0.117188,-0.187988,0.991699,0,-0.00106526,-0.000532632
1774096069427,0.117676,-0.188477,0.992676,0.00106526,-0.0015979,0
1774096069507,0.116211,-0.186523,0.993164,0.00106526,-0.000532632,0.00106526
1774096069578,0.119629,-0.187012,0.992188,0.00106526,-0.000532632,0
1774096069658,0.117188,-0.187988,0.992188,0,-0.000532632,0.000532632
1774096069739,0.119629,-0.186035,0.992676,0,-0.000532632,0.000532632
1774096069809,0.120605,-0.188965,0.992188,0.00106526,-0.0015979,-0.000532632
1774096069890,0.115723,-0.185547,0.992676,0,-0.000532632,-0.000532632
1774096069971,0.117676,-0.186523,0.993652,0,-0.000532632,0.00106526
1774096070041,0.117188,-0.186523,0.993164,0,0,0
1774096070122,0.118164,-0.187988,0.992188,-0.000532632,-0.000532632,0
1774096070192,0.117676,-0.188477,0.993164,-0.000532632,-0.0015979,-0.000532632
1774096070273,0.116211,-0.186523,0.992676,0.000532632,-0.00106526,0
1774096070354,0.118652,-0.187012,0.994141,0.000532632,-0.00106526,0
1774096070424,0.118652,-0.1875,0.993652,-0.00106526,0,0
1774096070504,0.117188,-0.187012,0.993652,0,-0.000532632,-0.000532632
1774096070585,0.117676,-0.1875,0.996094,-0.000532632,0,0
1774096070656,0.118164,-0.185547,0.994141,-0.000532632,-0.0015979,-0.00106526
1774096070736,0.119141,-0.186523,0.993652,-0.00106526,-0.00106526,0
1774096070818,0.118652,-0.188477,0.994629,0.000532632,-0.000532632,0.000532632
1774096070887,0.117676,-0.186523,0.993164,0,-0.00106526,0.000532632
1774096070968,0.118652,-0.186523,0.994629,0,-0.00106526,-0.000532632
1774096071048,0.116699,-0.1875,0.992676,-0.000532632,-0.0015979,0
1774096071119,0.117188,-0.187012,0.992676,0,-0.00106526,0
1774096071200,0.118164,-0.186523,0.995117,0,-0.0015979,-0.000532632
1774096071270,0.118164,-0.187988,0.993652,0.000532632,-0.00106526,0
1774096071351,0.119629,-0.1875,0.992676,0,-0.00106526,0
1774096071432,0.115723,-0.186523,0.993164,0,-0.000532632,0.000532632
1774096071502,0.117188,-0.186035,0.992676,-0.000532632,-0.000532632,0
1774096071582,0.118164,-0.1875,0.991699,-0.000532632,-0.00106526,0.00106526
1774096071663,0.117676,-0.188965,0.992188,0.000532632,-0.000532632,-0.000532632
1774096071733,0.117676,-0.186035,0.993652,0.000532632,-0.0015979,0.000532632
1774096071814,0.120117,-0.187988,0.992676,-0.000532632,-0.000532632,0.0015979
1774096071894,0.118652,-0.185059,0.994629,0,-0.000532632,0.00106526
1774096071965,0.118652,-0.187988,0.995117,0,0,0
1774096072045,0.118164,-0.186523,0.992676,-0.000532632,0,0
1774096072126,0.117188,-0.188477,0.992676,0,-0.0015979,0.000532632
1774096072197,0.117676,-0.185547,0.993164,0,-0.0015979,0.000532632
1774096072277,0.116211,-0.186035,0.993652,0.000532632,0,0.00106526
1774096072358,0.116699,-0.185547,0.992188,0.000532632,-0.0015979,0.00106526
1774096072428,0.120117,-0.185547,0.994141,0,-0.00106526,0
1774096072509,0.116699,-0.186523,0.994141,0,-0.00106526,0.00106526
1774096072579,0.117188,-0.187988,0.992188,0.000532632,-0.00106526,0
1774096072661,0.116211,-0.185059,0.994141,0.000532632,-0.000532632,0.000532632
1774096072740,0.120605,-0.186035,0.993164,-0.000532632,-0.0015979,-0.000532632
1774096072811,0.117676,-0.1875,0.990723,-0.000532632,-0.000532632,0.000532632
1774096072891,0.116699,-0.186523,0.992676,0,-0.000532632,0.000532632
1774096072972,0.118652,-0.188477,0.991699,0.000532632,0.00106526,0.000532632
1774096073042,0.116699,-0.186035,0.990723,0,0,-0.000532632
1774096073123,0.117188,-0.186035,0.992676,0,-0.000532632,0
1774096073203,0.118164,-0.1875,0.993164,0.000532632,-0.00106526,0
1774096073274,0.119141,-0.186523,0.991211,0,-0.000532632,-0.000532632
1774096073354,0.118652,-0.1875,0.992188,0.000532632,-0.00106526,0
1774096073435,0.117188,-0.186035,0.992188,-0.000532632,-0.000532632,0.000532632
1774096073505,0.117188,-0.19043,0.992676,0,-0.00106526,0
1774096073586,0.116211,-0.187012,0.992188,0,-0.000532632,0.000532632
1774096073667,0.117676,-0.186523,0.992676,0,-0.00106526,0
1774096073737,0.117188,-0.187012,0.991211,-0.000532632,-0.00106526,0.000532632
1774096073818,0.117676,-0.187988,0.991699,0,0,-0.000532632
1774096073888,0.117188,-0.187988,0.991211,0,-0.00106526,0
1774096073969,0.119629,-0.188965,0.992676,0.000532632,-0.000532632,0.000532632
1774096074049,0.118164,-0.1875,0.993164,0.000532632,-0.00106526,0
1774096074120,0.117188,-0.188965,0.992188,0,-0.0015979,0
1774096074200,0.116211,-0.187988,0.992676,0.000532632,-0.00106526,-0.000532632
1774096074281,0.118652,-0.188965,0.992676,0.000532632,-0.000532632,-0.000532632
1774096074351,0.117188,-0.188965,0.993164,0,-0.000532632,-0.000532632
1774096074432,0.118652,-0.188477,0.993652,-0.000532632,0,-0.000532632
1774096074513,0.118652,-0.189941,0.993164,-0.000532632,-0.0015979,-0.000532632
1774096074583,0.117188,-0.187988,0.993164,-0.000532632,-0.00106526,0.000532632
1774096074664,0.116699,-0.187988,0.993164,-0.000532632,0,-0.000532632
1774096074745,0.115234,-0.187988,0.993164,0.00106526,-0.00106526,0.000532632
1774096074815,0.118164,-0.186035,0.992676,-0.000532632,-0.000532632,0
1774096074896,0.117676,-0.187012,0.992676,0,-0.000532632,-0.000532632
1774096074966,0.117188,-0.188965,0.992676,-0.000532632,0,-0.000532632
1774096075047,0.117676,-0.187012,0.992188,-0.000532632,-0.00106526,-0.000532632
1774096075127,0.116699,-0.188477,0.992188,0,-0.0015979,0
1774096075198,0.117188,-0.1875,0.993164,-0.000532632,-0.00106526,-0.0015979
1774096075278,0.117188,-0.185059,0.993652,0,-0.00106526,0
1774096075359,0.118164,-0.188965,0.993164,0.000532632,-0.000532632,0.000532632
1774096075429,0.115723,-0.187988,0.990234,0,-0.0015979,0.000532632
1774096075510,0.117676,-0.187988,0.992188,-0.000532632,-0.00106526,-0.000532632
1774096075590,0.117676,-0.188965,0.992188,0.0015979,0,-0.000532632
1774096075661,0.116699,-0.185547,0.992676,0,-0.00106526,-0.000532632
1774096075741,0.117188,-0.187012,0.991699,0.000532632,-0.00106526,0
1774096075822,0.116699,-0.187012,0.991699,-0.000532632,-0.000532632,0.000532632
1774096075893,0.117676,-0.187012,0.991699,0,-0.00106526,-0.00106526
1774096075973,0.119141,-0.1875,0.991699,0.000532632,-0.000532632,-0.00106526
1774096076054,0.116699,-0.187012,0.993164,0,-0.00106526,-0.000532632
1774096076124,0.118652,-0.1875,0.993164,0.000532632,-0.00106526,-0.000532632
1774096076205,0.118652,-0.189453,0.993164,0,0.000532632,-0.000532632
1774096076275,0.118164,-0.187012,0.991699,0.000532632,-0.000532632,-0.000532632
1774096076356,0.117188,-0.188477,0.993164,0.000532632,-0.00106526,0
1774096076436,0.115723,-0.187988,0.990723,0.000532632,-0.000532632,0.000532632
1774096076507,0.118164,-0.188477,0.993164,0,-0.00106526,0.000532632
1774096076587,0.117188,-0.188477,0.993652,0.000532632,0,0.000532632
1774096076668,0.116211,-0.187988,0.991699,0.00106526,0.000532632,0.00106526
1774096076738,0.116211,-0.187012,0.992676,-0.000532632,-0.00106526,-0.000532632
1774096076819,0.118164,-0.188477,0.992188,0.000532632,0,0.000532632
1774096076899,0.118652,-0.187988,0.993652,0,-0.00106526,0
1774096076970,0.119629,-0.186523,0.992188,-0.00106526,0,0
1774096077050,0.117188,-0.188477,0.994141,-0.00106526,0.000532632,0.00106526
1774096077131,0.118164,-0.1875,0.991699,0.000532632,-0.00106526,-0.0015979
1774096077201,0.117676,-0.1875,0.993164,0,-0.00106526,0
1774096077282,0.116699,-0.1875,0.992676,-0.000532632,-0.00106526,-0.000532632
1774096077362,0.117188,-0.188965,0.992188,0.00106526,-0.000532632,-0.000532632
1774096077433,0.118652,-0.187988,0.991699,-0.000532632,-0.000532632,0
1774096077513,0.117188,-0.186523,0.992676,0,-0.000532632,0
1774096077584,0.118164,-0.187988,0.992676,-0.000532632,-0.00106526,0
1774096077664,0.118652,-0.186523,0.994141,0.000532632,-0.000532632,0.000532632
1774096077745,0.116699,-0.187012,0.992188,0,-0.000532632,0.000532632
1774096077815,0.118164,-0.1875,0.991699,-0.000532632,-0.00106526,0
1774096077896,0.118652,-0.187988,0.992676,0,-0.000532632,-0.000532632
1774096077977,0.117676,-0.186035,0.992676,0.000532632,-0.0015979,-0.000532632
1774096078047,0.116211,-0.1875,0.992188,0,-0.000532632,0
1774096078128,0.117188,-0.187988,0.992676,0,0,0.00106526
1774096078208,0.118164,-0.1875,0.994141,0,-0.00106526,0.000532632
1774096078279,0.118652,-0.1875,0.992676,0,-0.00106526,-0.000532632
1774096078359,0.117676,-0.189941,0.991211,0.000532632,-0.000532632,0
1774096078440,0.118652,-0.187988,0.993164,0.00106526,0,0
1774096078510,0.118652,-0.188477,0.994629,0.000532632,-0.0015979,0
1774096078592,0.115723,-0.189453,0.991211,0,-0.00106526,0
1774096078663,0.118652,-0.185547,0.993164,-0.000532632,-0.00106526,-0.000532632
1774096078743,0.117188,-0.188965,0.993652,0.000532632,-0.000532632,0
1774096078824,0.117676,-0.188477,0.991699,0.000532632,-0.00213053,0.0015979
1774096078894,0.117188,-0.188477,0.991211,0.000532632,-0.00106526,-0.000532632
1774096078975,0.118652,-0.189453,0.992188,0,-0.000532632,0.000532632
1774096079055,0.118652,-0.185547,0.993164,0,-0.000532632,-0.000532632
1774096079126,0.116699,-0.1875,0.993652,0.000532632,-0.00106526,0.000532632
1774096079206,0.119629,-0.186523,0.993652,0,0,0
1774096079287,0.120605,-0.1875,0.994141,0,0,-0.00106526
1774096079358,0.117188,-0.188477,0.992188,-0.000532632,-0.00106526,0.000532632
1774096079438,0.119141,-0.186523,0.992188,-0.000532632,-0.000532632,0
1774096079509,0.117188,-0.188477,0.990723,-0.000532632,-0.000532632,0
1774096079589,0.117188,-0.187012,0.991211,0,-0.00106526,0.000532632
1774096079670,0.117676,-0.187988,0.993652,0,0,-0.000532632
1774096079741,0.119141,-0.188965,0.992676,0.000532632,-0.000532632,0.000532632
1774096079821,0.118652,-0.187988,0.991699,0,-0.000532632,-0.00106526
1774096079902,0.119629,-0.1875,0.994141,0,-0.000532632,0.000532632
1774096079972,0.117676,-0.1875,0.992188,-0.000532632,0,0.000532632
1774096080053,0.116699,-0.187988,0.994141,-0.000532632,-0.000532632,0.000532632
1774096080133,0.117676,-0.188965,0.992676,-0.00106526,-0.000532632,0.000532632
1774096080204,0.118164,-0.188965,0.992676,0.000532632,-0.0015979,0.000532632
1774096080284,0.116211,-0.187988,0.991211,0,-0.000532632,0.000532632
1774096080355,0.118164,-0.187988,0.993652,-0.000532632,0,-0.000532632
1774096080435,0.115723,-0.189453,0.990234,0,-0.000532632,-0.000532632
1774096080516,0.120605,-0.187012,0.992676,0.000532632,0,0
1774096080596,0.117188,-0.188477,0.993652,-0.000532632,-0.0015979,-0.000532632
1774096080667,0.115234,-0.1875,0.992188,0.000532632,-0.000532632,0.000532632
1774096080747,0.117188,-0.187988,0.993652,0.000532632,-0.00106526,-0.000532632
1774096080818,0.117676,-0.1875,0.992676,0,0,0
1774096080898,0.119141,-0.186035,0.992676,0,-0.000532632,0.000532632
1774096080979,0.117188,-0.187988,0.992676,0.000532632,-0.00106526,0
1774096081049,0.117676,-0.1875,0.992676,0.000532632,-0.000532632,0
1774096081132,0.117676,-0.187012,0.992188,0,-0.000532632,-0.00106526
1774096081210,0.115723,-0.187012,0.993652,-0.000532632,-0.00213053,-0.000532632
1774096081281,0.115234,-0.187988,0.991211,-0.000532632,-0.000532632,0
1774096081361,0.118652,-0.187012,0.992188,0,0,0
1774096081442,0.116699,-0.189453,0.992188,0.00106526,-0.000532632,-0.000532632
1774096081513,0.117188,-0.186523,0.993164,0,-0.000532632,0.000532632
1774096081593,0.116699,-0.1875,0.992676,0,-0.00106526,-0.00106526
1774096081674,0.118164,-0.187012,0.990723,0,0,0
1774096081744,0.116699,-0.187012,0.992188,-0.000532632,-0.0015979,0.00106526
1774096081825,0.118652,-0.188965,0.991699,0.000532632,-0.00106526,-0.000532632
1774096081895,0.117676,-0.186523,0.992188,0.000532632,-0.000532632,-0.000532632
1774096081976,0.116699,-0.187012,0.993652,0.000532632,0,0
1774096082056,0.116699,-0.1875,0.990723,0,0,0
1774096082127,0.117676,-0.185059,0.991699,0,-0.00106526,0
1774096082208,0.118652,-0.187012,0.992676,-0.000532632,-0.000532632,0
1774096082288,0.118164,-0.187988,0.991211,0,-0.00106526,0
1774096082359,0.118164,-0.187988,0.991211,-0.000532632,0.000532632,0.000532632
1774096082439,0.118164,-0.1875,0.991211,-0.00106526,0,0
1774096082520,0.116211,-0.188965,0.993164,0,-0.000532632,0.00106526
1774096082590,0.119141,-0.185547,0.994141,0.000532632,-0.00213053,0.000532632
1774096082671,0.116699,-0.188477,0.993164,-0.000532632,0.000532632,-0.00106526
1774096082751,0.116699,-0.19043,0.994629,0,0,-0.000532632
1774096082822,0.116699,-0.187988,0.993164,0,-0.000532632,-0.000532632
1774096082902,0.118164,-0.1875,0.994629,-0.00106526,-0.000532632,-0.000532632
1774096082983,0.119141,-0.188477,0.992676,0,-0.000532632,0
1774096083053,0.117188,-0.188477,0.992188,-0.000532632,-0.0015979,0.000532632
1774096083134,0.117676,-0.188477,0.992188,0,-0.000532632,0.000532632
1774096083204,0.116699,-0.186035,0.991211,-0.000532632,-0.0015979,0
1774096083285,0.117676,-0.187012,0.991699,-0.000532632,-0.000532632,0
1774096083366,0.116211,-0.187988,0.990723,0.000532632,-0.00106526,0.00106526
1774096083436,0.116211,-0.188965,0.993164,-0.00106526,-0.00106526,0
1774096083517,0.117676,-0.1875,0.991211,0.00106526,-0.00106526,0
1774096083597,0.117188,-0.187988,0.992188,-0.00106526,-0.000532632,0
1774096083668,0.118652,-0.186523,0.991211,0,-0.00106526,-0.000532632
1774096083748,0.118164,-0.187988,0.992676,-0.000532632,-0.00106526,0.000532632
1774096083829,0.119629,-0.1875,0.993652,0,-0.000532632,0.00106526
1774096083899,0.120117,-0.189941,0.993164,-0.000532632,-0.00106526,0.000532632
1774096083980,0.118652,-0.1875,0.991211,0,-0.00106526,-0.000532632
1774096084060,0.117188,-0.1875,0.992188,0.000532632,-0.0015979,0
1774096084131,0.116699,-0.188965,0.993652,0,-0.000532632,-0.000532632
1774096084211,0.118652,-0.188965,0.991699,-0.000532632,0,0
1774096084292,0.117676,-0.187988,0.992676,0,-0.00106526,0.000532632
1774096084362,0.118164,-0.187988,0.992676,0.000532632,-0.00106526,-0.00106526
1774096084443,0.117188,-0.185547,0.990723,0,-0.00106526,0
1774096084513,0.117676,-0.187988,0.993164,0.00106526,-0.000532632,-0.000532632
1774096084594,0.117676,-0.188477,0.992676,0.000532632,-0.000532632,-0.000532632
1774096084674,0.118652,-0.187012,0.991211,0,-0.000532632,-0.00106526
1774096084745,0.117676,-0.187988,0.994141,0.000532632,-0.00106526,0
1774096084825,0.118164,-0.186523,0.991699,0,-0.00106526,0.000532632
1774096084906,0.118652,-0.187988,0.993164,0.000532632,-0.000532632,-0.000532632
1774096084976,0.116211,-0.187012,0.991699,0,-0.000532632,0
1774096085057,0.117676,-0.186523,0.991699,-0.000532632,-0.00106526,-0.00106526
1774096085138,0.119141,-0.186523,0.992188,0,-0.00106526,0
1774096085208,0.116699,-0.186035,0.992188,-0.000532632,0,0.000532632
1774096085290,0.118164,-0.187988,0.993652,0.000532632,0,-0.000532632
1774096085370,0.119629,-0.186523,0.992676,0,-0.00213053,0
1774096085440,0.118164,-0.188477,0.992676,-0.00106526,-0.00106526,0.000532632
1774096085521,0.116699,-0.188965,0.994629,-0.000532632,-0.00106526,-0.0015979
1774096085601,0.117676,-0.190918,0.991699,-0.000532632,-0.000532632,0.00106526
1774096085672,0.120117,-0.188477,0.990723,-0.000532632,-0.00106526,-0.000532632
1774096085752,0.116699,-0.1875,0.992676,0.000532632,-0.000532632,0
1774096085823,0.118652,-0.1875,0.989746,0,-0.00106526,0
1774096085904,0.117188,-0.187012,0.992188,-0.00106526,-0.000532632,0
1774096085984,0.116699,-0.188477,0.993164,-0.00106526,-0.00106526,0.000532632
1774096086054,0.118164,-0.187988,0.993164,0,-0.000532632,-0.00106526
1774096086135,0.117676,-0.1875,0.993652,-0.000532632,-0.00106526,0
1774096086215,0.118652,-0.187012,0.991211,0,0.000532632,0
1774096086286,0.117676,-0.187988,0.993164,0.000532632,0.000532632,0
1774096086366,0.116211,-0.187988,0.991699,0,-0.000532632,-0.000532632
1774096086447,0.116699,-0.188965,0.991699,0.000532632,-0.000532632,0
1774096086517,0.115723,-0.187988,0.990234,-0.000532632,-0.000532632,0.000532632
1774096086598,0.117188,-0.1875,0.991211,0.000532632,-0.000532632,0
1774096086679,0.116699,-0.1875,0.992676,0,-0.00106526,0.000532632
1774096086749,0.118164,-0.1875,0.991211,0,-0.000532632,0.00106526
1774096086830,0.115234,-0.187988,0.991699,0.00106526,-0.0015979,-0.000532632
1774096086910,0.118652,-0.188477,0.992676,-0.000532632,0,0
1774096086981,0.119141,-0.187988,0.992188,0,-0.0015979,-0.000532632
1774096087061,0.115723,-0.187988,0.990723,0,-0.000532632,-0.000532632
1774096087132,0.117676,-0.188965,0.992188,0.0015979,-0.0015979,0
1774096087212,0.117676,-0.188477,0.992188,0.000532632,0,0.00106526
1774096087293,0.117676,-0.188477,0.990234,0.000532632,-0.000532632,0.000532632
1774096087364,0.117188,-0.188477,0.990723,-0.000532632,-0.000532632,0
1774096087444,0.119141,-0.187012,0.991699,0.00106526,-0.00106526,0.000532632
1774096087525,0.117188,-0.187012,0.992188,-0.000532632,0,-0.000532632
1774096087596,0.117676,-0.1875,0.992676,0,-0.000532632,0
1774096087676,0.117676,-0.1875,0.992676,0,-0.00106526,0
1774096087757,0.118164,-0.188477,0.993164,0,-0.00106526,-0.000532632
1774096087827,0.117188,-0.188477,0.991699,-0.000532632,-0.0015979,0.000532632
1774096087908,0.116699,-0.188965,0.992676,0,0,0
1774096087978,0.116699,-0.187012,0.991699,-0.000532632,-0.00106526,0
1774096088059,0.118164,-0.189453,0.993164,0,-0.000532632,0.00106526
1774096088139,0.117676,-0.1875,0.991211,0.000532632,-0.00266316,0.000532632
1774096088210,0.118652,-0.188477,0.992676,-0.000532632,0,-0.000532632
1774096088290,0.117188,-0.1875,0.991699,0,-0.000532632,0.000532632
1774096088371,0.117676,-0.186523,0.992676,0.000532632,-0.0015979,0
1774096088441,0.118652,-0.188965,0.991211,0.000532632,-0.000532632,0.000532632
1774096088522,0.118164,-0.187988,0.991699,0,-0.00106526,0.000532632
1774096088602,0.115723,-0.188477,0.992676,-0.000532632,0,0
1774096088673,0.117676,-0.1875,0.993164,0,-0.0015979,-0.000532632
1774096088753,0.118164,-0.187988,0.990234,0,-0.000532632,-0.000532632
1774096088834,0.119141,-0.188965,0.991699,0.00106526,-0.0015979,0
1774096088904,0.118164,-0.186035,0.990234,0,-0.0015979,0.000532632
1774096088985,0.117188,-0.187988,0.990723,0,-0.000532632,0.00106526
1774096089065,0.118652,-0.189453,0.991211,0,-0.000532632,0
1774096089136,0.117676,-0.186035,0.992188,0.000532632,-0.000532632,0
1774096089217,0.117188,-0.187988,0.993164,0,-0.00106526,0.000532632
1774096089288,0.118652,-0.188477,0.993164,-0.00106526,-0.00213053,0.000532632
1774096089368,0.118164,-0.1875,0.992188,0,-0.0015979,0
1774096089448,0.116699,-0.188965,0.990234,0,-0.00106526,-0.000532632
1774096089519,0.119141,-0.188965,0.991699,0,0.000532632,-0.00106526
1774096089601,0.117188,-0.187012,0.990723,-0.000532632,-0.0015979,-0.000532632
1774096089680,0.118652,-0.187988,0.990723,0,-0.00106526,0
1774096089750,0.118652,-0.187012,0.993164,-0.000532632,-0.00106526,-0.000532632
1774096089831,0.118164,-0.187012,0.994141,0.000532632,-0.000532632,-0.000532632
1774096089911,0.118164,-0.187988,0.990234,0,-0.00106526,-0.000532632
1774096089982,0.120117,-0.187988,0.993164,0.000532632,-0.000532632,-0.000532632
1774096090063,0.118652,-0.187988,0.992676,-0.000532632,-0.000532632,0
1774096090144,0.117676,-0.187988,0.993164,0,-0.0015979,0
1774096090214,0.117188,-0.188477,0.993164,-0.00106526,-0.000532632,0
1774096090294,0.116699,-0.188965,0.992676,-0.000532632,-0.00106526,0
1774096090365,0.116699,-0.1875,0.991699,0,0,0
1774096090446,0.117188,-0.188477,0.993652,0,-0.00106526,0.000532632
1774096090527,0.118164,-0.186523,0.992676,0,-0.00106526,-0.000532632
1774096090598,0.116699,-0.187012,0.993164,0.000532632,-0.00106526,0.000532632
1774096090678,0.117676,-0.186523,0.991699,-0.000532632,-0.000532632,0.00106526
1774096090759,0.117188,-0.187988,0.992676,0,-0.00106526,-0.000532632
1774096090829,0.118652,-0.188965,0.992188,0.000532632,-0.000532632,0
1774096090910,0.118652,-0.188477,0.992188,0,0,0.000532632
1774096090990,0.117676,-0.189453,0.993164,0.000532632,-0.00106526,0.000532632
1774096091061,0.116211,-0.1875,0.993164,0,-0.00106526,-0.000532632
1774096091141,0.117188,-0.187012,0.991699,0.000532632,-0.00106526,0.000532632
1774096091222,0.118652,-0.1875,0.992188,0.000532632,-0.000532632,0
1774096091292,0.116699,-0.187012,0.993164,0,0,-0.000532632
1774096091373,0.116699,-0.188965,0.992676,0.000532632,-0.00106526,0
1774096091443,0.116699,-0.187012,0.993164,0,-0.00106526,0
1774096091524,0.117188,-0.186035,0.995117,0,-0.000532632,0.000532632
1774096091604,0.119629,-0.187988,0.994141,0,-0.000532632,0
1774096091675,0.119629,-0.186523,0.992188,-0.000532632,-0.00106526,0
1774096091755,0.117188,-0.188477,0.991699,0,-0.00106526,-0.000532632
1774096091836,0.119141,-0.189941,0.993164,0,-0.000532632,-0.000532632
1774096091906,0.116699,-0.187988,0.993652,-0.000532632,-0.0015979,0
1774096091987,0.116699,-0.187012,0.991211,-0.000532632,-0.000532632,-0.000532632
1774096092067,0.116211,-0.187988,0.992676,0.000532632,-0.000532632,0
1774096092138,0.119141,-0.187988,0.992188,0.000532632,0,-0.000532632
1774096092219,0.117676,-0.187988,0.992676,0,-0.000532632,0
1774096092299,0.117188,-0.1875,0.993164,-0.00106526,0,0.00106526
1774096092370,0.116699,-0.188477,0.991699,0,-0.000532632,0.000532632
1774096092450,0.118652,-0.188477,0.992676,0.000532632,0,-0.000532632
1774096092531,0.118652,-0.188965,0.991211,0,-0.000532632,0.00106526
1774096092601,0.117676,-0.188477,0.992676,-0.000532632,-0.00106526,-0.000532632
1774096092682,0.118164,-0.185547,0.995117,0,-0.00213053,0
1774096092753,0.117188,-0.1875,0.992188,0.000532632,-0.000532632,-0.00106526
1774096092833,0.117676,-0.187012,0.992676,0,-0.0015979,0.000532632
1774096092914,0.118652,-0.1875,0.991211,-0.000532632,-0.0015979,0.000532632
1774096092985,0.115723,-0.189453,0.992676,0,-0.000532632,-0.000532632
1774096093065,0.118164,-0.187012,0.994141,-0.000532632,-0.00106526,0.00106526
1774096093146,0.116699,-0.185547,0.993164,0,-0.000532632,0
1774096093216,0.117188,-0.188477,0.992188,-0.000532632,-0.000532632,-0.000532632
1774096093297,0.118652,-0.186523,0.992188,0.000532632,-0.000532632,-0.0015979
1774096093378,0.116699,-0.186523,0.992188,0,-0.000532632,0.000532632
1774096093448,0.118164,-0.1875,0.992188,0,-0.00213053,0
1774096093529,0.116699,-0.187012,0.992188,-0.000532632,-0.000532632,0
1774096093600,0.120117,-0.188965,0.991699,0,-0.0015979,0
1774096093680,0.117188,-0.189453,0.995117,0.000532632,-0.000532632,0
1774096093761,0.118164,-0.187988,0.993164,0.000532632,-0.00106526,0
1774096093831,0.117188,-0.1875,0.993164,-0.000532632,-0.00106526,-0.000532632
1774096093912,0.118652,-0.187988,0.992676,0,-0.00106526,0
1774096093993,0.117676,-0.187012,0.990723,0.000532632,-0.000532632,0
1774096094063,0.118652,-0.19043,0.992676,-0.00106526,-0.00106526,-0.000532632
1774096094144,0.116699,-0.187012,0.994141,-0.000532632,-0.000532632,0
1774096094224,0.116699,-0.187988,0.991699,-0.000532632,-0.00106526,0.000532632
1774096094295,0.117188,-0.188477,0.991699,0,-0.00106526,0
1774096094375,0.117676,-0.185547,0.992676,0.000532632,0,0.000532632
1774096094456,0.116699,-0.189453,0.993164,0,0,0
1774096094526,0.117676,-0.1875,0.993652,0.00106526,-0.00106526,0.000532632
1774096094607,0.120117,-0.187988,0.992676,-0.000532632,-0.00106526,0.000532632
1774096094678,0.117676,-0.188965,0.992188,0,-0.00106526,0
1774096094758,0.117676,-0.187988,0.991699,0,-0.000532632,0
1774096094839,0.116699,-0.188477,0.992188,0,0,-0.000532632
1774096094909,0.118164,-0.186523,0.993652,-0.000532632,-0.00106526,0
1774096094990,0.118164,-0.188477,0.993652,-0.000532632,0,0
1774096095070,0.118164,-0.185547,0.991211,0,-0.00106526,0
1774096095141,0.116699,-0.188965,0.991699,0.000532632,-0.00106526,0
1774096095221,0.117188,-0.188965,0.992188,0,-0.00106526,0.000532632
1774096095302,0.117676,-0.186035,0.992676,0.000532632,-0.00106526,0.000532632
1774096095372,0.118164,-0.188477,0.991699,0.000532632,-0.000532632,0.00106526
1774096095453,0.115723,-0.189453,0.991699,0,-0.00106526,0.000532632
1774096095534,0.118164,-0.188965,0.992676,0,0,0
1774096095604,0.117676,-0.186523,0.993164,0,-0.000532632,0
1774096095685,0.116699,-0.189453,0.991699,0,-0.000532632,0
1774096095755,0.116211,-0.1875,0.991699,0.000532632,-0.000532632,-0.000532632
1774096095836,0.117676,-0.187988,0.993164,0,-0.00106526,-0.000532632
1774096095916,0.118652,-0.1875,0.992188,0,0,0.000532632
1774096095987,0.117188,-0.186523,0.992188,-0.00106526,0,-0.000532632
1774096096067,0.117676,-0.188965,0.991699,0.000532632,-0.00106526,0
1774096096148,0.118164,-0.186035,0.992188,0,-0.00213053,0
1774096096218,0.117188,-0.186523,0.992188,0.000532632,0,0.000532632
1774096096299,0.117676,-0.186523,0.993164,0,0.000532632,0
1774096096379,0.117188,-0.187012,0.992676,0,-0.0015979,0.000532632
1774096096450,0.117676,-0.186523,0.992188,0.000532632,-0.000532632,0.000532632
1774096096531,0.117676,-0.187988,0.991699,0.000532632,-0.00106526,-0.000532632
1774096096611,0.118164,-0.186523,0.994141,0.000532632,-0.000532632,0
1774096096681,0.117676,-0.1875,0.992676,0.000532632,-0.00106526,0
1774096096762,0.116699,-0.186523,0.990723,-0.000532632,0,0.000532632
1774096096842,0.116699,-0.188965,0.991699,-0.000532632,-0.00106526,-0.000532632
1774096096913,0.116699,-0.187988,0.992188,0,-0.00106526,-0.00106526
1774096096995,0.118164,-0.187988,0.990723,0.00106526,-0.000532632,0
1774096097064,0.119141,-0.186035,0.994629,-0.00106526,-0.00106526,0
1774096097144,0.116699,-0.187012,0.993164,0.000532632,-0.000532632,0.000532632
1774096097225,0.119141,-0.186035,0.991699,0,-0.00106526,0
1774096097296,0.117188,-0.1875,0.993164,-0.000532632,-0.00106526,-0.000532632
1774096097376,0.119629,-0.187012,0.992676,0.00106526,-0.00106526,-0.00106526
1774096097457,0.117676,-0.188965,0.991211,-0.000532632,-0.000532632,0
1774096097527,0.117676,-0.189453,0.992188,0,-0.00106526,0.00106526
1774096097608,0.116699,-0.188477,0.991699,-0.000532632,-0.000532632,0
1774096097688,0.118164,-0.1875,0.992188,0,0,0
1774096097759,0.116211,-0.186035,0.992676,-0.00106526,-0.000532632,0
1774096097839,0.118164,-0.189941,0.991699,0,-0.00106526,0.000532632
1774096097920,0.117188,-0.187988,0.992676,0.000532632,0,-0.000532632
1774096097990,0.116699,-0.187988,0.992676,-0.000532632,-0.000532632,0
1774096098071,0.120117,-0.189453,0.993164,0.00106526,-0.000532632,-0.000532632
1774096098151,0.117676,-0.187988,0.992676,0.000532632,-0.00106526,0.000532632
1774096098222,0.117676,-0.187988,0.992188,-0.000532632,-0.00106526,0
1774096098303,0.118652,-0.188477,0.992676,-0.000532632,-0.00106526,0.00106526
1774096098373,0.117188,-0.187988,0.990723,0.000532632,0,-0.000532632
1774096098454,0.118164,-0.186523,0.991211,0,-0.00106526,0.0015979
1774096098534,0.115723,-0.189941,0.993652,0,0,-0.000532632
1774096098605,0.116211,-0.188477,0.992676,-0.00106526,-0.00106526,-0.000532632
1774096098685,0.118164,-0.189941,0.991699,-0.000532632,-0.00106526,-0.000532632
1774096098766,0.116699,-0.1875,0.992676,0,-0.00106526,0.000532632
1774096098836,0.116699,-0.1875,0.992188,0,-0.0015979,0
1774096098917,0.119629,-0.1875,0.990723,0,-0.00106526,-0.000532632
1774096098997,0.119629,-0.1875,0.993652,0,-0.000532632,0
1774096099068,0.118652,-0.188477,0.991699,0,-0.000532632,0
1774096099148,0.118652,-0.1875,0.993652,-0.00106526,-0.000532632,0
1774096099229,0.116699,-0.189941,0.992188,-0.00106526,-0.0015979,0
1774096099299,0.118652,-0.188965,0.991211,0,-0.00106526,0
1774096099380,0.115723,-0.186523,0.994141,-0.000532632,-0.0015979,-0.000532632
1774096099460,0.118164,-0.1875,0.993164,0.000532632,0,-0.000532632
1774096099531,0.118652,-0.187988,0.991699,-0.000532632,-0.00106526,0.000532632
1774096099611,0.114746,-0.1875,0.993164,-0.000532632,0,-0.0015979
1774096099682,0.118652,-0.187988,0.992676,0.000532632,-0.000532632,0
1774096099762,0.117188,-0.187012,0.992188,-0.000532632,-0.00213053,0.00106526
1774096099843,0.118652,-0.187012,0.992188,-0.00106526,-0.00106526,0
1774096099913,0.118164,-0.188965,0.990723,-0.000532632,0,0
1774096099994,0.118164,-0.1875,0.992676,-0.000532632,-0.0015979,0.000532632
1774096100075,0.115234,-0.187988,0.991211,0,-0.00106526,-0.000532632
1774096100145,0.117676,-0.188965,0.994141,-0.000532632,-0.000532632,-0.000532632
1774096100226,0.119141,-0.1875,0.992188,0,-0.00106526,0.000532632
1774096100306,0.118164,-0.1875,0.991211,-0.000532632,-0.00106526,-0.000532632
1774096100377,0.115723,-0.188477,0.992676,0,-0.0015979,-0.00106526
1774096100458,0.118652,-0.188477,0.992676,0.000532632,0,0
1774096100538,0.119629,-0.188477,0.993164,0,-0.00106526,0.000532632
1774096100609,0.118652,-0.186523,0.992188,0,0,0
1774096100689,0.116211,-0.186035,0.992676,0.000532632,0,0
1774096100770,0.117188,-0.188477,0.992676,-0.000532632,-0.00106526,0.000532632
1774096100840,0.119141,-0.188965,0.993652,0,-0.000532632,0
1774096100921,0.115723,-0.187988,0.991699,-0.000532632,-0.00213053,0
1774096100991,0.118164,-0.186035,0.992188,0.000532632,-0.000532632,-0.00106526
1774096101072,0.118164,-0.187012,0.991699,0.000532632,-0.0015979,0
1774096101152,0.117676,-0.1875,0.992188,-0.000532632,-0.000532632,0.00106526
1774096101223,0.119141,-0.188477,0.992676,0,-0.00106526,-0.00106526
1774096101303,0.116211,-0.188965,0.991699,0.000532632,-0.00106526,-0.00106526
1774096101384,0.115723,-0.188965,0.990723,0.000532632,-0.000532632,0
1774096101455,0.115234,-0.1875,0.992188,0,-0.0015979,-0.000532632
1774096101535,0.119629,-0.188477,0.992676,0,-0.0015979,-0.000532632
1774096101616,0.117188,-0.187988,0.991699,0.000532632,-0.000532632,-0.00106526
1774096101686,0.117188,-0.188965,0.992676,-0.00106526,-0.00106526,0.000532632
1774096101767,0.118164,-0.186035,0.992188,0.000532632,-0.0015979,0
1774096101838,0.118652,-0.188477,0.992188,0,0.000532632,0.000532632
1774096101918,0.118164,-0.1875,0.993164,-0.000532632,-0.00106526,-0.000532632
1774096101999,0.117188,-0.188965,0.991699,-0.000532632,-0.00106526,0.000532632
1774096102069,0.119629,-0.1875,0.992676,-0.00213053,-0.000532632,0
1774096102150,0.120117,-0.185547,0.992676,0.000532632,-0.000532632,-0.000532632
1774096102230,0.119141,-0.187012,0.993652,0,-0.000532632,0
1774096102301,0.118164,-0.189453,0.991699,0.00106526,0,-0.000532632
1774096102381,0.117676,-0.188477,0.991699,-0.000532632,-0.00106526,0
1774096102462,0.116211,-0.1875,0.992188,-0.000532632,-0.00106526,0
1774096102532,0.117676,-0.188965,0.993652,0,-0.00213053,-0.000532632
1774096102613,0.117676,-0.1875,0.993164,0,-0.00106526,-0.00106526
1774096102693,0.116211,-0.1875,0.991211,0.000532632,0,0
1774096102764,0.116211,-0.187988,0.991211,0,-0.0015979,0
1774096102844,0.116699,-0.188965,0.993164,0,-0.00106526,0.000532632
1774096102925,0.115723,-0.1875,0.990723,0,-0.000532632,0.000532632
1774096102995,0.118164,-0.186523,0.991211,0,-0.00106526,-0.000532632
1774096103076,0.116699,-0.1875,0.992188,-0.0015979,-0.000532632,0
1774096103146,0.117188,-0.188965,0.990723,0,-0.00106526,0
1774096103227,0.119141,-0.187012,0.993164,0,-0.00106526,-0.000532632
1774096103308,0.118164,-0.186035,0.992676,0.000532632,-0.00106526,0.000532632
1774096103378,0.117676,-0.186035,0.993164,0.000532632,-0.00106526,0
1774096103459,0.117676,-0.184082,0.991211,0.00106526,-0.000532632,0
1774096103539,0.118164,-0.188477,0.992188,-0.000532632,-0.000532632,-0.000532632
1774096103610,0.116699,-0.187988,0.992188,-0.00106526,-0.00106526,0.000532632
1774096103690,0.117676,-0.187988,0.991699,-0.000532632,-0.00213053,0
1774096103771,0.117188,-0.187988,0.990723,0,-0.000532632,-0.000532632
1774096103841,0.118652,-0.186035,0.993164,0.000532632,-0.000532632,0.000532632
1774096103922,0.115234,-0.1875,0.991211,-0.000532632,-0.0015979,0
1774096104003,0.120117,-0.186523,0.994141,0.000532632,-0.00106526,0.00106526
1774096104073,0.118164,-0.186523,0.991211,0,-0.000532632,0
1774096104153,0.118164,-0.187988,0.991211,0.000532632,-0.0015979,0
1774096104234,0.116211,-0.188477,0.993164,0,-0.000532632,0.000532632
1774096104306,0.116211,-0.1875,0.992188,-0.000532632,-0.000532632,0
1774096104385,0.118164,-0.187012,0.993164,0,-0.000532632,-0.000532632
1774096104456,0.115723,-0.188965,0.993164,0.000532632,-0.000532632,0
1774096104536,0.116211,-0.1875,0.990723,0.000532632,0.000532632,-0.00106526
1774096104617,0.117676,-0.188477,0.992188,0,0,0
1774096104687,0.117188,-0.1875,0.993652,0.000532632,-0.00106526,0.000532632
1774096104768,0.118164,-0.187012,0.993164,-0.000532632,-0.000532632,0
1774096104848,0.118164,-0.187012,0.991699,-0.000532632,0,-0.000532632
1774096104919,0.116699,-0.189453,0.992188,-0.00106526,-0.000532632,0
1774096104999,0.116699,-0.188965,0.991211,0.000532632,-0.00106526,-0.000532632
1774096105080,0.118164,-0.186523,0.993164,0.000532632,-0.000532632,0
1774096105150,0.118652,-0.187988,0.992188,-0.000532632,0,0.000532632
1774096105231,0.118652,-0.190918,0.992188,0,-0.0015979,0
1774096105312,0.118652,-0.187988,0.994629,-0.0015979,-0.00106526,-0.000532632
1774096105382,0.116699,-0.187988,0.993164,-0.000532632,0,-0.000532632
1774096105463,0.117188,-0.189941,0.993652,0.000532632,-0.000532632,0
1774096105543,0.119141,-0.186523,0.992188,-0.00106526,-0.00106526,0
1774096105613,0.116699,-0.187988,0.992188,0,-0.0015979,-0.000532632
1774096105695,0.117676,-0.188477,0.990723,-0.00106526,-0.00106526,0
1774096105765,0.117188,-0.187988,0.991211,0,-0.00106526,-0.000532632
1774096105846,0.117676,-0.186523,0.993164,-0.000532632,-0.00106526,0
1774096105926,0.117188,-0.188477,0.993164,0,-0.000532632,0.00106526
1774096105997,0.117188,-0.1875,0.990234,0,-0.00106526,0
1774096106077,0.118652,-0.188965,0.993652,0,-0.000532632,0
1774096106158,0.116699,-0.189453,0.990723,0.000532632,-0.00106526,-0.00106526
1774096106228,0.118164,-0.186035,0.994141,-0.00106526,-0.0015979,0.000532632
1774096106309,0.119141,-0.1875,0.992676,-0.000532632,-0.0015979,-0.000532632
1774096106389,0.118164,-0.185547,0.992676,0.00106526,-0.00106526,-0.000532632
1774096106460,0.116699,-0.187988,0.992188,-0.00106526,-0.0015979,-0.000532632
1774096106540,0.117676,-0.1875,0.993164,-0.000532632,0.000532632,-0.000532632
1774096106621,0.118164,-0.187012,0.993164,0.000532632,-0.000532632,0
1774096106692,0.117188,-0.186035,0.991699,0,-0.000532632,-0.000532632
1774096106772,0.116699,-0.1875,0.991699,0,0,-0.000532632
1774096106843,0.115723,-0.1875,0.992188,0.00106526,-0.00106526,-0.000532632
1774096106923,0.118164,-0.1875,0.993164,0,-0.0015979,-0.000532632
1774096107004,0.118164,-0.186035,0.991211,-0.000532632,-0.00213053,0
1774096107074,0.118164,-0.188477,0.992676,0,0,-0.000532632
1774096107155,0.115723,-0.187988,0.992676,0.000532632,-0.000532632,-0.000532632
1774096107235,0.116211,-0.1875,0.993164,0,-0.00106526,0.00106526
1774096107306,0.119141,-0.186035,0.991699,0.00106526,-0.00213053,-0.000532632
1774096107386,0.117676,-0.187988,0.992188,0.00106526,-0.0015979,0.00106526
1774096107467,0.116699,-0.187012,0.990234,0.000532632,0,-0.00106526
1774096107537,0.118652,-0.187012,0.991211,0.000532632,-0.000532632,0.000532632
1774096107618,0.118164,-0.1875,0.992188,-0.000532632,-0.00106526,-0.000532632
1774096107699,0.117188,-0.1875,0.992676,0.00106526,-0.00106526,0.000532632
1774096107769,0.116699,-0.188477,0.993652,0.000532632,-0.00106526,0
1774096107850,0.117676,-0.187988,0.992676,0,0,0
1774096107930,0.116699,-0.189453,0.993164,0.000532632,0,0
1774096108001,0.117188,-0.1875,0.993164,-0.000532632,-0.000532632,-0.000532632
1774096108081,0.116699,-0.186523,0.991699,0.000532632,-0.00106526,0
1774096108152,0.118652,-0.189453,0.992676,-0.000532632,-0.00106526,-0.000532632
1774096108232,0.117676,-0.186035,0.995117,0,-0.0015979,-0.000532632
1774096108313,0.117676,-0.187988,0.992188,-0.0015979,-0.000532632,0.00106526
1774096108384,0.117188,-0.1875,0.992188,-0.00106526,-0.0015979,0
1774096108464,0.118164,-0.187012,0.991211,-0.000532632,0,0
1774096108545,0.116699,-0.186523,0.990234,0.000532632,-0.0015979,-0.000532632
1774096108615,0.117188,-0.186523,0.991699,0,-0.00106526,-0.000532632
1774096108696,0.118652,-0.189453,0.992676,0,-0.000532632,0
1774096108776,0.117188,-0.185547,0.990723,0,-0.00213053,0
1774096108847,0.119629,-0.1875,0.993652,0.000532632,-0.00106526,-0.000532632
1774096108927,0.116699,-0.188477,0.993652,0,-0.00106526,0.00106526
1774096109008,0.118652,-0.186035,0.993652,0.000532632,0,0.000532632
1774096109078,0.118652,-0.185547,0.991699,-0.000532632,-0.0015979,-0.000532632
1774096109159,0.118652,-0.187012,0.993652,0,-0.00106526,0.00106526
1774096109229,0.118164,-0.188477,0.993652,-0.000532632,0,0
1774096109310,0.118164,-0.186523,0.994141,0.00106526,-0.000532632,-0.000532632
1774096109390,0.119141,-0.189453,0.991699,-0.00106526,-0.0015979,-0.000532632
1774096109461,0.118164,-0.186523,0.993652,-0.000532632,-0.000532632,-0.00106526
1774096109541,0.117188,-0.188477,0.992188,0.000532632,-0.00106526,0
1774096109622,0.117188,-0.186523,0.992188,-0.000532632,-0.00106526,0
1774096109692,0.118164,-0.186523,0.992188,-0.000532632,-0.00106526,0.000532632
1774096109773,0.118652,-0.1875,0.992188,-0.000532632,-0.00106526,0.000532632
1774096109853,0.119141,-0.187012,0.993652,-0.000532632,0,0.000532632
1774096109924,0.118652,-0.187012,0.992188,0,-0.0015979,0
1774096110004,0.116211,-0.187988,0.992188,-0.00106526,-0.000532632,0
1774096110085,0.117188,-0.186523,0.992676,0,-0.0015979,-0.000532632
1774096110156,0.117676,-0.187012,0.993164,-0.00106526,-0.00106526,-0.000532632
1774096110236,0.119141,-0.186035,0.994141,-0.000532632,-0.00106526,0
1774096110317,0.117188,-0.189941,0.991699,0,-0.0015979,0.000532632
1774096110387,0.117188,-0.186035,0.993164,0.000532632,-0.00106526,-0.000532632
1774096110468,0.117188,-0.186523,0.994629,0.000532632,-0.00106526,-0.000532632
1774096110538,0.117188,-0.1875,0.992676,0.000532632,-0.00106526,0.000532632
1774096110619,0.118652,-0.186035,0.991699,-0.000532632,-0.00106526,0.00106526
1774096110699,0.117188,-0.188477,0.992676,0,-0.00106526,0
1774096110770,0.118164,-0.188965,0.991211,-0.000532632,-0.000532632,0
1774096110850,0.120117,-0.188965,0.994141,0,-0.0015979,-0.00106526
1774096110931,0.118164,-0.187012,0.993652,0,-0.000532632,0.000532632
1774096111001,0.118652,-0.188477,0.992676,0,-0.0015979,0.000532632
1774096111083,0.119629,-0.188477,0.992676,0.000532632,-0.0015979,0
1774096111163,0.118652,-0.185547,0.990723,0,-0.000532632,-0.000532632
1774096111233,0.118164,-0.1875,0.993164,0.000532632,0,-0.00106526
1774096111314,0.118164,-0.188965,0.992676,-0.000532632,-0.00106526,0.00106526
1774096111394,0.117676,-0.189941,0.992188,0,0,0.000532632
1774096111465,0.117676,-0.188477,0.991699,-0.00106526,-0.00106526,-0.00106526
1774096111545,0.119629,-0.187012,0.992676,0,-0.00106526,-0.000532632
1774096111626,0.115723,-0.188477,0.991699,-0.000532632,-0.00106526,0.000532632
1774096111696,0.117188,-0.186523,0.993652,0.000532632,-0.000532632,0
1774096111777,0.116211,-0.188477,0.990723,-0.000532632,-0.000532632,-0.00106526
1774096111847,0.117188,-0.188477,0.990723,0.000532632,-0.000532632,0
1774096111928,0.117676,-0.1875,0.989746,0,-0.00106526,0
1774096112009,0.119141,-0.186523,0.992676,0,-0.000532632,0.000532632
1774096112079,0.118652,-0.187012,0.993164,0.000532632,-0.000532632,0
1774096112160,0.117676,-0.187012,0.991699,-0.000532632,-0.000532632,0
1774096112240,0.118164,-0.188477,0.993652,-0.000532632,-0.00106526,-0.000532632
1774096112311,0.116699,-0.1875,0.991211,0.000532632,-0.000532632,0
1774096112391,0.117676,-0.188965,0.993164,0,-0.00106526,0.000532632
1774096112472,0.117188,-0.186523,0.993164,0.000532632,-0.000532632,0
1774096112542,0.119141,-0.187988,0.991699,-0.000532632,0,-0.000532632
1774096112623,0.117676,-0.189941,0.992188,-0.000532632,-0.00106526,0
1774096112704,0.118164,-0.187012,0.991211,0,-0.00106526,0.000532632
1774096112774,0.118164,-0.1875,0.991699,0.000532632,-0.00106526,0.000532632
1774096112854,0.117188,-0.187012,0.992188,0.00106526,0,-0.000532632
1774096112925,0.118164,-0.187012,0.993652,-0.000532632,-0.00106526,0.000532632
1774096113006,0.118164,-0.1875,0.992188,0,0,-0.000532632
1774096113086,0.116211,-0.186035,0.992676,-0.00106526,-0.00106526,0.00106526
1774096113157,0.118164,-0.188477,0.992676,0,-0.000532632,0
1774096113237,0.118652,-0.188965,0.992188,-0.000532632,-0.0015979,0.000532632
1774096113318,0.117676,-0.186035,0.992676,0,-0.00106526,0
1774096113388,0.116699,-0.187012,0.991699,0.00106526,-0.00106526,-0.000532632
1774096113469,0.118652,-0.1875,0.992188,0,-0.000532632,0
1774096113549,0.118652,-0.1875,0.992676,-0.000532632,-0.000532632,0
1774096113620,0.120117,-0.187988,0.993652,0,-0.00213053,0.00106526
1774096113700,0.119141,-0.18457,0.993652,-0.00106526,-0.000532632,0
1774096113781,0.117188,-0.186035,0.992676,0,0,0.000532632
1774096113851,0.118164,-0.1875,0.994141,-0.000532632,-0.0015979,-0.000532632
1774096113932,0.116699,-0.187988,0.993164,0,0,0.000532632
1774096114012,0.118164,-0.186523,0.990723,0,-0.00106526,-0.000532632
1774096114083,0.117188,-0.188965,0.993164,-0.000532632,-0.000532632,-0.000532632
1774096114164,0.119141,-0.187988,0.992676,0.000532632,-0.000532632,0
1774096114234,0.117188,-0.1875,0.993164,0,-0.000532632,0
1774096114315,0.120117,-0.187012,0.991699,0,-0.00106526,0
1774096114395,0.118164,-0.187012,0.993652,0.000532632,-0.0015979,0.000532632
1774096114466,0.119141,-0.1875,0.991211,0,-0.000532632,0
1774096114546,0.118164,-0.187988,0.994141,0.000532632,-0.000532632,0
1774096114627,0.117676,-0.185059,0.993164,0,-0.00106526,0.00106526
1774096114697,0.118652,-0.186523,0.993164,0.000532632,0,-0.00106526
1774096114778,0.118652,-0.187012,0.993652,-0.000532632,-0.0015979,0
1774096114859,0.117188,-0.187988,0.993652,0.000532632,-0.000532632,-0.0015979
1774096114929,0.118652,-0.1875,0.992188,0,0,-0.00106526
1774096115010,0.118652,-0.185547,0.991211,0.000532632,-0.000532632,0.000532632
1774096115090,0.118164,-0.186523,0.991699,-0.000532632,-0.00106526,-0.000532632
1774096115161,0.118652,-0.188477,0.990723,0,-0.0015979,-0.000532632
1774096115241,0.117188,-0.187012,0.993652,0,0,-0.00106526
1774096115312,0.117188,-0.187988,0.991699,-0.00106526,0.000532632,-0.000532632
1774096115392,0.117676,-0.186523,0.993164,0,-0.00106526,-0.000532632
1774096115473,0.117188,-0.187012,0.993652,-0.000532632,-0.00106526,-0.000532632
1774096115543,0.117676,-0.185547,0.993164,-0.00106526,0,0.00106526
1774096115624,0.116699,-0.188477,0.993652,0.000532632,-0.000532632,0
1774096115704,0.117188,-0.186523,0.990723,-0.000532632,-0.00106526,0
1774096115775,0.117188,-0.187988,0.994629,0,-0.0015979,0.000532632
1774096115856,0.117188,-0.187988,0.994141,0,-0.00106526,0.000532632
1774096115936,0.117188,-0.186035,0.991699,-0.000532632,-0.000532632,0
1774096116007,0.120117,-0.187988,0.995117,-0.000532632,-0.000532632,0.000532632
1774096116087,0.118652,-0.188477,0.992188,0.000532632,-0.000532632,-0.000532632
1774096116168,0.118652,-0.187012,0.994629,0.000532632,-0.00106526,0
1774096116238,0.117188,-0.189941,0.994141,0,-0.0015979,0
1774096116320,0.117676,-0.188965,0.992676,-0.000532632,0.000532632,-0.00106526
1774096116390,0.117188,-0.188965,0.990723,0.00106526,-0.000532632,0.00106526
1774096116470,0.116699,-0.1875,0.993164,-0.000532632,-0.000532632,0
1774096116551,0.117676,-0.188477,0.991699,-0.000532632,-0.0015979,-0.000532632
1774096116631,0.117676,-0.1875,0.992188,0,-0.000532632,0
1774096116702,0.116211,-0.19043,0.993164,0.000532632,-0.000532632,-0.000532632
1774096116783,0.117188,-0.187988,0.993652,0,-0.00213053,0
1774096116853,0.118164,-0.188965,0.992676,0.000532632,0,0.000532632
1774096116934,0.117188,-0.187012,0.994629,0,-0.00106526,0.000532632
1774096117014,0.115723,-0.1875,0.992188,-0.000532632,-0.000532632,0
1774096117085,0.115723,-0.188965,0.992676,-0.00106526,-0.00106526,0
1774096117165,0.117676,-0.189453,0.992676,0,-0.00106526,0.000532632
1774096117246,0.118164,-0.189453,0.991699,0.000532632,-0.00106526,0
1774096117317,0.118652,-0.1875,0.992188,0,-0.00106526,0.00106526
1774096117397,0.118652,-0.186523,0.991211,0.0015979,-0.000532632,-0.000532632
1774096117477,0.115234,-0.186523,0.990723,0,-0.00106526,0
1774096117548,0.116699,-0.187988,0.992676,0.000532632,-0.00106526,0
1774096117628,0.119629,-0.188477,0.993164,0,-0.000532632,-0.00106526
1774096117709,0.117676,-0.187012,0.993164,0.00106526,-0.00106526,0.000532632
1774096117780,0.118164,-0.187012,0.990723,0,-0.000532632,0
1774096117860,0.114746,-0.187988,0.993652,0.000532632,-0.000532632,-0.00106526
1774096117941,0.118652,-0.188477,0.990234,-0.000532632,-0.0015979,0
1774096118011,0.118652,-0.186523,0.991699,0,0,-0.000532632
1774096118092,0.119629,-0.1875,0.992188,0.000532632,-0.000532632,0.00106526
1774096118162,0.117188,-0.187988,0.994141,-0.000532632,-0.00106526,-0.00106526
1774096118243,0.120117,-0.187012,0.992188,0.000532632,-0.00106526,0.000532632
1774096118323,0.117676,-0.1875,0.992676,-0.000532632,-0.0015979,-0.000532632
1774096118394,0.117676,-0.185059,0.991211,-0.000532632,-0.0015979,0
1774096118474,0.119141,-0.1875,0.994141,0.000532632,-0.00106526,0
1774096118555,0.116699,-0.187012,0.993164,0,-0.000532632,-0.000532632
1774096118626,0.117188,-0.186523,0.993164,0.00106526,-0.00106526,0.000532632
1774096118706,0.118652,-0.186523,0.993164,0,-0.000532632,0
1774096118787,0.118164,-0.187012,0.992676,0,-0.000532632,0
1774096118857,0.118164,-0.1875,0.992188,0,-0.00106526,0.000532632
1774096118938,0.114258,-0.186523,0.994629,0,-0.000532632,-0.000532632
1774096119018,0.119141,-0.185059,0.993164,0.000532632,0.000532632,-0.000532632
1774096119089,0.117188,-0.185547,0.993164,0.000532632,0,0.000532632
1774096119169,0.118164,-0.188965,0.991211,-0.000532632,-0.00106526,-0.00106526
1774096119250,0.117676,-0.187988,0.993164,0.000532632,-0.000532632,-0.00106526
1774096119320,0.119141,-0.187988,0.992676,0.000532632,-0.000532632,0.000532632
1774096119401,0.117188,-0.188965,0.993164,-0.000532632,-0.00106526,-0.000532632
1774096119471,0.116699,-0.186523,0.993164,0.000532632,-0.00106526,-0.0015979
1774096119552,0.120605,-0.187012,0.990234,-0.000532632,0,0.000532632
1774096119632,0.120605,-0.188477,0.992188,0.000532632,-0.00106526,0
1774096119703,0.118164,-0.188965,0.992676,0.000532632,0.000532632,0
1774096119783,0.117676,-0.189453,0.992676,-0.00106526,0,-0.000532632
1774096119864,0.116211,-0.186523,0.992188,0,-0.00106526,0
1774096119934,0.117676,-0.186035,0.993652,0.000532632,-0.0015979,0
1774096120015,0.117676,-0.186035,0.993164,-0.000532632,-0.00106526,0.00106526
1774096120096,0.118164,-0.187012,0.994629,0.00106526,-0.000532632,-0.000532632
1774096120166,0.118652,-0.186523,0.992676,0,-0.00106526,0
1774096120247,0.117188,-0.185547,0.992676,0,0,-0.000532632
1774096120327,0.118164,-0.187012,0.994141,0,-0.000532632,0
1774096120398,0.119629,-0.187012,0.993164,-0.000532632,-0.0015979,0
1774096120478,0.117676,-0.187988,0.991699,0.000532632,-0.0015979,0
1774096120559,0.118652,-0.187012,0.993164,0.000532632,0,-0.00106526
1774096120629,0.118652,-0.189453,0.994141,0.00106526,-0.000532632,0.000532632
1774096120710,0.118652,-0.1875,0.991211,-0.000532632,-0.000532632,-0.000532632
1774096120780,0.117676,-0.186523,0.992188,-0.000532632,-0.00106526,-0.000532632
1774096120862,0.117676,-0.187012,0.993164,0,0,-0.000532632
1774096120941,0.117188,-0.187988,0.995117,0,-0.000532632,0.000532632
1774096121012,0.115723,-0.187988,0.992188,0.000532632,-0.000532632,-0.000532632
1774096121092,0.115723,-0.1875,0.993652,0,-0.000532632,0
1774096121173,0.118164,-0.187988,0.992676,0,-0.0015979,0.000532632
1774096121243,0.119141,-0.1875,0.994141,0.000532632,-0.0015979,0.000532632
1774096121324,0.118652,-0.187988,0.990723,0,-0.000532632,-0.0015979
1774096121404,0.116699,-0.187988,0.992188,-0.00106526,-0.000532632,0
1774096121475,0.116211,-0.1875,0.993164,0,-0.000532632,-0.000532632
1774096121555,0.118164,-0.186523,0.993652,0.000532632,-0.000532632,-0.000532632
1774096121636,0.118164,-0.187012,0.990723,-0.00106526,-0.00106526,0
1774096121707,0.118652,-0.187012,0.993652,0.000532632,-0.000532632,-0.000532632
1774096121787,0.119629,-0.186523,0.994141,-0.000532632,-0.000532632,0.000532632
1774096121868,0.117188,-0.187012,0.990723,0.000532632,-0.0015979,-0.000532632
1774096121938,0.117188,-0.186523,0.991699,-0.000532632,-0.000532632,-0.000532632
1774096122019,0.116211,-0.186523,0.994141,0,-0.000532632,0
1774096122089,0.118164,-0.186523,0.992188,0.000532632,-0.0015979,0.000532632
1774096122170,0.118164,-0.1875,0.992188,0.000532632,0.000532632,0.00106526
1774096122250,0.115234,-0.187988,0.992676,-0.000532632,-0.00106526,0
1774096122321,0.118652,-0.187988,0.992676,-0.000532632,-0.00106526,-0.000532632
1774096122401,0.118652,-0.188477,0.991211,0,-0.000532632,-0.000532632
1774096122482,0.116699,-0.188477,0.992676,0,-0.00106526,-0.000532632
1774096122552,0.119629,-0.18457,0.992188,-0.000532632,-0.000532632,0.000532632
1774096122633,0.118652,-0.1875,0.993164,-0.00106526,-0.00213053,-0.000532632
1774096122713,0.117676,-0.185547,0.994141,0.0015979,-0.000532632,-0.000532632
1774096122784,0.117676,-0.188477,0.992676,-0.000532632,-0.000532632,0.00106526
1774096122864,0.118164,-0.187012,0.991699,-0.000532632,-0.00106526,0
1774096122945,0.120117,-0.186035,0.993652,-0.000532632,-0.00106526,0.000532632
1774096123016,0.118164,-0.185547,0.994141,0.000532632,-0.000532632,0
1774096123096,0.118164,-0.1875,0.993164,-0.000532632,0,0.000532632
1774096123167,0.118164,-0.185059,0.993652,0,-0.00106526,-0.000532632
1774096123247,0.118164,-0.1875,0.992676,0.000532632,-0.000532632,-0.00106526
1774096123328,0.116211,-0.1875,0.992188,0.000532632,-0.00106526,0.000532632
1774096123398,0.117188,-0.188477,0.993164,-0.000532632,-0.0015979,0.000532632
1774096123479,0.118164,-0.188477,0.991699,0,-0.0015979,0
1774096123559,0.117676,-0.187012,0.991211,-0.000532632,-0.000532632,-0.00106526
1774096123630,0.119141,-0.1875,0.993164,0,0.000532632,0
1774096123711,0.118652,-0.187012,0.992676,0,-0.00106526,0
1774096123791,0.116699,-0.188477,0.993164,-0.000532632,-0.00106526,-0.0015979
1774096123862,0.118164,-0.1875,0.993164,0.000532632,0,0
1774096123942,0.118164,-0.187988,0.992676,0.00106526,-0.00106526,-0.00106526
1774096124023,0.117676,-0.187012,0.992188,0,-0.00106526,0.000532632
1774096124093,0.117676,-0.1875,0.992676,0,-0.000532632,0.000532632
1774096124174,0.118164,-0.185547,0.992188,0,-0.00106526,0.000532632
1774096124254,0.115234,-0.186035,0.992188,0,-0.00106526,0.00106526
1774096124325,0.117188,-0.187012,0.992676,0.0015979,-0.000532632,0.000532632
1774096124405,0.116211,-0.1875,0.992188,0,-0.000532632,0
1774096124486,0.116211,-0.188477,0.992676,-0.000532632,-0.0015979,0.00106526
1774096124556,0.116699,-0.187012,0.991699,0,-0.000532632,0.000532632
1774096124637,0.117676,-0.1875,0.991699,-0.00106526,0.000532632,0
1774096124707,0.117188,-0.186035,0.993164,0,-0.000532632,0
1774096124788,0.116211,-0.187012,0.992188,0.00106526,-0.000532632,0.000532632
1774096124868,0.118652,-0.186523,0.991699,0,-0.0015979,-0.00106526
1774096124939,0.119141,-0.1875,0.992676,-0.000532632,-0.00106526,-0.000532632
1774096125019,0.117676,-0.189453,0.993652,-0.000532632,0,0
1774096125100,0.118652,-0.187988,0.992676,0,-0.0015979,0
1774096125170,0.116699,-0.188477,0.991699,0,-0.00106526,0.00106526
1774096125251,0.116211,-0.187988,0.992676,-0.00106526,-0.00106526,0
1774096125331,0.117676,-0.188965,0.993652,-0.00106526,-0.00106526,-0.000532632
1774096125402,0.118652,-0.187988,0.991211,-0.00106526,-0.000532632,-0.000532632
1774096125483,0.116699,-0.188477,0.992676,-0.000532632,-0.00106526,-0.000532632
1774096125563,0.116211,-0.186523,0.991699,-0.000532632,-0.000532632,0
1774096125633,0.119629,-0.188477,0.993652,-0.00106526,-0.0015979,-0.000532632
1774096125714,0.118652,-0.186523,0.993652,0,-0.00106526,0
1774096125795,0.119141,-0.186523,0.994141,0,0,0.000532632
1774096125865,0.118164,-0.185059,0.995117,0,-0.000532632,0
1774096125946,0.118164,-0.187988,0.991211,-0.000532632,-0.000532632,-0.000532632
1774096126026,0.116699,-0.186035,0.993652,-0.000532632,-0.0015979,0
1774096126097,0.117676,-0.1875,0.991211,0,-0.00106526,0
1774096126177,0.118164,-0.188965,0.989746,-0.00106526,-0.0015979,0
1774096126248,0.117188,-0.187012,0.994141,0.000532632,-0.000532632,-0.000532632
1774096126328,0.116699,-0.186523,0.993652,0,-0.000532632,-0.00106526
1774096126409,0.115723,-0.1875,0.993652,0.000532632,-0.000532632,-0.000532632
1774096126479,0.118164,-0.187012,0.995117,-0.000532632,-0.00106526,0.000532632
1774096126560,0.115723,-0.188477,0.992676,0.000532632,-0.000532632,-0.00106526
1774096126640,0.118164,-0.186035,0.992676,-0.000532632,-0.00106526,-0.000532632
1774096126711,0.118164,-0.187012,0.993164,0,0,-0.00106526
1774096126791,0.118652,-0.187988,0.991699,-0.000532632,-0.00106526,-0.000532632
1774096126872,0.117676,-0.187012,0.992188,0,-0.000532632,0.000532632
1774096126942,0.119141,-0.189453,0.992188,0,-0.000532632,0
1774096127023,0.118164,-0.187012,0.992676,-0.00106526,-0.0015979,0.000532632
1774096127104,0.118652,-0.187012,0.992676,-0.000532632,0.000532632,-0.00106526
1774096127174,0.117188,-0.1875,0.990723,0.000532632,-0.00106526,0.000532632
1774096127255,0.119141,-0.187988,0.992676,0,-0.00106526,0.000532632
1774096127335,0.118164,-0.188477,0.994141,0.000532632,-0.000532632,-0.000532632
1774096127406,0.117676,-0.187988,0.991699,0,-0.00106526,-0.000532632
1774096127486,0.116699,-0.187988,0.991211,-0.000532632,-0.000532632,0
1774096127557,0.116211,-0.187012,0.993164,0.00106526,-0.00106526,-0.000532632
1774096127637,0.116699,-0.187012,0.993164,-0.000532632,-0.0015979,0
1774096127718,0.120117,-0.1875,0.992188,-0.000532632,0,0
1774096127788,0.118164,-0.186523,0.993652,0.00106526,-0.000532632,0
1774096127869,0.118164,-0.188477,0.992188,-0.00106526,-0.0015979,-0.00106526
1774096127949,0.117676,-0.187988,0.994141,-0.000532632,-0.00106526,-0.000532632
1774096128020,0.117676,-0.189453,0.991699,-0.00106526,-0.0015979,0
1774096128101,0.116699,-0.187988,0.993164,0,-0.000532632,0
1774096128181,0.115234,-0.187988,0.993652,0,-0.000532632,0.000532632
1774096128252,0.117188,-0.188965,0.992188,0,-0.00106526,0.000532632
1774096128332,0.118164,-0.1875,0.992188,0.00106526,-0.00106526,-0.000532632
1774096128403,0.116211,-0.185547,0.992188,0.000532632,0,0
1774096128483,0.117188,-0.1875,0.994141,0,-0.0015979,-0.00106526
1774096128564,0.118164,-0.189453,0.993164,0,-0.000532632,-0.000532632
1774096128634,0.117676,-0.188965,0.993164,0.000532632,-0.000532632,-0.000532632
1774096128715,0.117188,-0.189453,0.990234,-0.000532632,-0.000532632,0.000532632
1774096128795,0.117188,-0.186523,0.989746,-0.000532632,-0.00213053,0
1774096128866,0.116699,-0.187988,0.992676,0,-0.000532632,0.000532632
1774096128947,0.116699,-0.188965,0.991699,-0.000532632,-0.000532632,0.00106526
1774096129027,0.118652,-0.187988,0.991699,0,-0.0015979,-0.00106526
1774096129098,0.116699,-0.186035,0.993164,-0.000532632,-0.00106526,0
1774096129179,0.117676,-0.187012,0.990723,-0.000532632,-0.00106526,0
1774096129259,0.118164,-0.188477,0.993652,-0.000532632,-0.0015979,-0.000532632
1774096129329,0.118652,-0.187012,0.992188,0.000532632,-0.00106526,0.000532632
1774096129410,0.116699,-0.186035,0.992676,0,-0.000532632,0
1774096129490,0.119141,-0.1875,0.991211,-0.000532632,-0.00106526,0
1774096129561,0.116699,-0.187988,0.993164,-0.000532632,-0.00106526,0
1774096129641,0.118164,-0.186035,0.992188,0,-0.00106526,0.000532632
1774096129722,0.116699,-0.185547,0.991699,0,-0.00106526,0
1774096129792,0.116699,-0.188477,0.993164,-0.000532632,-0.00106526,-0.00106526
1774096129873,0.118652,-0.187988,0.992676,0,-0.00106526,0.00106526
1774096129943,0.117188,-0.187988,0.991699,0.000532632,-0.00106526,-0.000532632
1774096130024,0.116699,-0.187012,0.991699,0.000532632,-0.000532632,-0.00213053
1774096130105,0.117188,-0.1875,0.991699,0,-0.00106526,0
1774096130175,0.117676,-0.186523,0.993652,-0.00106526,-0.00106526,0.000532632
1774096130256,0.120117,-0.188477,0.993652,0,-0.00106526,0.00106526
1774096130336,0.117676,-0.186523,0.992676,0,-0.00106526,0.000532632
1774096130407,0.117676,-0.185547,0.992676,0,-0.000532632,0.000532632
1774096130488,0.118164,-0.188965,0.991699,0,-0.0015979,0
1774096130568,0.118652,-0.187988,0.991699,0,-0.0015979,0
1774096130639,0.117188,-0.188965,0.992188,0.000532632,-0.00106526,0
1774096130719,0.117188,-0.188477,0.991699,0,-0.00106526,0.000532632
1774096130800,0.119141,-0.187012,0.991699,0.000532632,-0.000532632,-0.00106526
1774096130870,0.117676,-0.187988,0.992188,-0.000532632,-0.00266316,-0.000532632
1774096130951,0.117676,-0.189453,0.993652,0.000532632,-0.000532632,0
1774096131021,0.117676,-0.186035,0.990723,0,-0.000532632,-0.000532632
1774096131102,0.119141,-0.188477,0.994141,0,-0.00106526,-0.00106526
1774096131182,0.116211,-0.186523,0.992188,0,-0.0015979,0.000532632
1774096131253,0.118652,-0.186523,0.991211,0.000532632,-0.000532632,-0.000532632
1774096131333,0.119141,-0.189941,0.991699,-0.000532632,-0.000532632,0
1774096131414,0.117188,-0.188477,0.992676,0.000532632,-0.000532632,0
1774096131485,0.119141,-0.186035,0.992676,0,-0.00106526,-0.000532632
1774096131565,0.118652,-0.188477,0.991211,0,-0.00106526,0
1774096131646,0.116699,-0.187012,0.992188,0.000532632,-0.00106526,-0.000532632
1774096131716,0.117188,-0.1875,0.991211,0.00106526,-0.000532632,-0.00106526
1774096131797,0.118164,-0.187988,0.995117,-0.000532632,-0.000532632,0.000532632
1774096131877,0.117676,-0.187988,0.993164,0,-0.000532632,0.000532632
1774096131948,0.117676,-0.187988,0.991699,-0.000532632,-0.000532632,0.000532632
1774096132028,0.118652,-0.188477,0.991211,0,0,0
1774096132109,0.119141,-0.187012,0.992188,-0.000532632,-0.00106526,-0.000532632
1774096132179,0.116699,-0.186523,0.994141,0,-0.00106526,0
1774096132260,0.117188,-0.188477,0.991699,-0.000532632,0,-0.00106526
1774096132330,0.118652,-0.187012,0.993164,0,-0.0015979,0
1774096132412,0.118652,-0.187012,0.993652,-0.000532632,-0.000532632,-0.000532632
1774096132491,0.119141,-0.187012,0.991699,0,-0.0015979,0.000532632
1774096132562,0.117188,-0.186035,0.993164,-0.0015979,-0.000532632,0
1774096132642,0.118164,-0.186035,0.991211,-0.000532632,-0.0015979,0.000532632
1774096132723,0.116699,-0.187012,0.993164,0.000532632,-0.00106526,0.000532632
1774096132793,0.116211,-0.1875,0.993652,-0.00106526,-0.000532632,-0.000532632
1774096132874,0.118164,-0.186523,0.991211,0,0.000532632,0.00106526
1774096132955,0.117188,-0.1875,0.991211,0.000532632,-0.000532632,-0.000532632
1774096133025,0.118164,-0.186523,0.992188,0,-0.00106526,0
1774096133106,0.119629,-0.184082,0.991699,0.000532632,-0.000532632,0
1774096133186,0.118164,-0.187012,0.992188,0,0.000532632,0.000532632
1774096133257,0.116699,-0.187988,0.991211,0,-0.000532632,0.000532632
1774096133337,0.116699,-0.186523,0.992188,0,-0.000532632,-0.000532632
1774096133418,0.117676,-0.188477,0.993164,-0.000532632,-0.00213053,0.00106526
1774096133488,0.116211,-0.1875,0.994141,0,-0.00106526,0
1774096133569,0.115723,-0.187012,0.993164,0.000532632,-0.000532632,-0.00106526
1774096133649,0.116211,-0.187012,0.994629,0.000532632,-0.000532632,-0.00106526
1774096133720,0.118652,-0.185547,0.992188,0,-0.00106526,0.000532632
1774096133800,0.118164,-0.188477,0.991211,0.000532632,-0.00213053,-0.0015979
1774096133871,0.116211,-0.187012,0.993652,-0.000532632,-0.000532632,0
1774096133951,0.118652,-0.1875,0.991211,0,-0.0015979,-0.000532632
1774096134032,0.116699,-0.187988,0.992676,0.000532632,0,-0.000532632
1774096134102,0.117188,-0.189941,0.993164,0,0,0
1774096134183,0.117676,-0.187012,0.995117,0.000532632,-0.000532632,-0.000532632
1774096134263,0.117676,-0.1875,0.993652,0,-0.0015979,-0.000532632
1774096134334,0.117676,-0.189453,0.990234,-0.000532632,-0.0015979,-0.00106526
1774096134415,0.116211,-0.187012,0.992188,0.000532632,-0.000532632,-0.00106526
1774096134495,0.118652,-0.187988,0.992188,0,-0.0015979,-0.000532632
1774096134566,0.117188,-0.1875,0.992676,0.000532632,-0.000532632,0.000532632
1774096134646,0.118164,-0.187012,0.993652,0,-0.00106526,0
1774096134727,0.117188,-0.189453,0.993164,0.000532632,-0.000532632,0.000532632
1774096134797,0.118164,-0.186523,0.992676,0.00106526,-0.00106526,0
1774096134878,0.118652,-0.187988,0.993164,0,-0.0015979,0
1774096134948,0.118652,-0.187988,0.992676,0.000532632,-0.000532632,0.0015979
1774096135029,0.118652,-0.188477,0.992188,0.000532632,-0.000532632,0
1774096135109,0.117676,-0.186523,0.991699,-0.000532632,-0.00106526,0.00106526
1774096135180,0.116699,-0.187988,0.993164,-0.000532632,-0.00106526,-0.000532632
1774096135260,0.116699,-0.187012,0.991699,0,-0.00106526,-0.00106526
1774096135341,0.117188,-0.1875,0.991211,0.000532632,-0.000532632,0
1774096135412,0.117676,-0.186523,0.991699,-0.000532632,-0.0015979,-0.00106526
1774096135492,0.116699,-0.1875,0.993164,0.000532632,-0.000532632,0.000532632
1774096135573,0.119629,-0.187988,0.992676,0.000532632,-0.0015979,0.00106526
1774096135643,0.116699,-0.1875,0.994629,0.000532632,-0.000532632,0
1774096135724,0.118652,-0.188477,0.991211,0.000532632,0,0.000532632
1774096135804,0.117188,-0.188965,0.990723,0,-0.00106526,-0.000532632
1774096135875,0.119141,-0.188477,0.992188,0.000532632,-0.00106526,0.000532632
1774096135955,0.116211,-0.189941,0.993164,0,0,0
1774096136036,0.118164,-0.1875,0.991211,-0.000532632,-0.00106526,-0.00106526
1774096136106,0.117676,-0.189453,0.991699,-0.000532632,0,-0.000532632
1774096136187,0.116699,-0.1875,0.993164,0.000532632,-0.00106526,0
1774096136258,0.118652,-0.187012,0.992188,-0.000532632,-0.00106526,0
1774096136338,0.119141,-0.1875,0.992676,0.000532632,-0.000532632,-0.000532632
1774096136419,0.118164,-0.187988,0.991699,0.000532632,-0.000532632,0
1774096136489,0.117676,-0.188477,0.993164,0,-0.000532632,0
1774096136570,0.117676,-0.188477,0.992188,0,-0.000532632,-0.000532632
1774096136651,0.118652,-0.187012,0.992188,0,0,0.0015979
1774096136721,0.118164,-0.186523,0.992188,0.000532632,-0.00106526,0
1774096136801,0.116211,-0.186523,0.992188,0,-0.000532632,-0.00106526
1774096136882,0.119629,-0.1875,0.991699,0.00106526,-0.000532632,-0.000532632
1774096136953,0.120605,-0.188477,0.992188,0,-0.000532632,0.00106526
1774096137033,0.118164,-0.187012,0.993652,0.00106526,-0.00106526,0
1774096137114,0.118652,-0.19043,0.993652,-0.00106526,-0.000532632,-0.000532632
1774096137184,0.118652,-0.187012,0.993652,-0.000532632,-0.00106526,0
1774096137265,0.118164,-0.188477,0.992188,0,-0.00106526,0.000532632
1774096137345,0.118652,-0.187988,0.991699,-0.000532632,-0.0015979,-0.000532632
1774096137416,0.119629,-0.1875,0.992676,0.000532632,0,-0.000532632
1774096137497,0.116699,-0.19043,0.991699,-0.000532632,-0.00106526,0.000532632
1774096137567,0.120117,-0.187012,0.992188,0.000532632,-0.000532632,-0.000532632
1774096137648,0.116211,-0.186035,0.989746,0.000532632,-0.000532632,0
1774096137728,0.116699,-0.1875,0.992676,0.000532632,-0.00106526,0
1774096137799,0.116211,-0.187988,0.992188,0.000532632,-0.00106526,0
1774096137879,0.118652,-0.1875,0.992676,-0.000532632,-0.00106526,0
1774096137960,0.115234,-0.188477,0.992188,0.000532632,-0.00106526,-0.000532632
1774096138030,0.119629,-0.1875,0.995117,0,0,-0.000532632
1774096138111,0.119141,-0.186523,0.991699,0.000532632,-0.00106526,0.0015979
1774096138191,0.120605,-0.186035,0.995605,0.000532632,-0.00106526,0
1774096138262,0.117188,-0.1875,0.992188,0,-0.00106526,0
1774096138342,0.115234,-0.1875,0.989746,0.00106526,-0.0015979,0
1774096138423,0.117188,-0.187012,0.992676,0,0,-0.000532632
1774096138493,0.116211,-0.187988,0.992676,0,0.000532632,-0.000532632
1774096138574,0.119141,-0.187012,0.991211,-0.000532632,-0.0015979,0
1774096138644,0.120117,-0.1875,0.992676,-0.000532632,-0.000532632,-0.000532632
1774096138725,0.116699,-0.1875,0.993164,0,-0.000532632,-0.000532632
1774096138806,0.117676,-0.1875,0.993652,0.000532632,0,0
1774096138876,0.116211,-0.1875,0.992676,-0.000532632,-0.000532632,0
1774096138957,0.117676,-0.186035,0.993164,0.000532632,-0.000532632,0
1774096139037,0.119629,-0.187988,0.993164,0.00106526,-0.0015979,0.000532632
1774096139108,0.118652,-0.1875,0.992676,0.000532632,-0.000532632,0.000532632
1774096139188,0.117188,-0.186523,0.994141,0.00106526,-0.000532632,-0.000532632
1774096139269,0.117188,-0.187012,0.994141,-0.00106526,-0.00106526,0
1774096139339,0.119141,-0.187012,0.992676,-0.00106526,-0.000532632,-0.000532632
1774096139420,0.118164,-0.1875,0.993164,0,-0.000532632,0.00106526
1774096139500,0.118164,-0.187988,0.994141,0,0,-0.00106526
1774096139571,0.120605,-0.1875,0.991211,0,-0.000532632,-0.000532632
1774096139651,0.118164,-0.187988,0.993652,-0.000532632,-0.000532632,-0.000532632
1774096139732,0.116211,-0.185547,0.992676,0.000532632,-0.00106526,0.000532632
1774096139802,0.118652,-0.188965,0.992188,0,-0.00106526,0.000532632
1774096139883,0.119629,-0.186035,0.993164,0.000532632,0,0
1774096139953,0.117188,-0.1875,0.993164,-0.000532632,-0.000532632,0
1774096140034,0.117188,-0.188965,0.992676,-0.000532632,-0.000532632,0
1774096140115,0.117188,-0.1875,0.994629,0.000532632,-0.00106526,0
1774096140185,0.118652,-0.1875,0.993652,0.000532632,-0.000532632,-0.000532632
1774096140265,0.117188,-0.187012,0.993652,-0.000532632,-0.00106526,0
1774096140346,0.116699,-0.187988,0.992188,0.000532632,-0.0015979,-0.000532632
1774096140417,0.118652,-0.187988,0.994141,0.00106526,-0.00106526,0.00106526
1774096140497,0.119141,-0.188965,0.992188,0,-0.0015979,-0.000532632
1774096140578,0.117676,-0.1875,0.991699,0.000532632,-0.00106526,0.000532632
1774096140648,0.116211,-0.188477,0.993164,0.000532632,-0.0015979,-0.000532632
1774096140729,0.116699,-0.187988,0.990234,0.000532632,-0.000532632,0
1774096140809,0.117188,-0.1875,0.992188,0,-0.000532632,0
1774096140880,0.119141,-0.189453,0.991699,0,-0.00213053,-0.000532632
1774096140960,0.118164,-0.185547,0.991211,0,0,0.0015979
1774096141031,0.118164,-0.188477,0.991699,0,-0.00106526,0.000532632
1774096141111,0.118652,-0.1875,0.993164,0.000532632,0,0
1774096141192,0.115234,-0.188477,0.989746,0,-0.00106526,0.00106526
1774096141262,0.118164,-0.1875,0.993164,0,-0.000532632,-0.000532632
1774096141343,0.116211,-0.187988,0.993164,0,-0.00213053,-0.00106526
1774096141423,0.116211,-0.186035,0.994141,-0.00106526,-0.00106526,0
1774096141494,0.118652,-0.187012,0.991699,0.000532632,0.000532632,-0.00106526
1774096141575,0.117188,-0.1875,0.991699,0.000532632,0,0.00106526
1774096141655,0.118164,-0.187988,0.990234,0,-0.000532632,-0.00106526
1774096141726,0.115723,-0.189453,0.993164,-0.00106526,-0.0015979,-0.000532632
1774096141806,0.115723,-0.187012,0.992188,0.000532632,-0.000532632,-0.00106526
1774096141887,0.118652,-0.185547,0.991699,0.000532632,-0.000532632,-0.0015979
1774096141957,0.117676,-0.187988,0.992188,-0.000532632,-0.00106526,-0.000532632
1774096142038,0.117676,-0.187012,0.993652,0.000532632,-0.00106526,0
1774096142118,0.118164,-0.188965,0.992188,0.000532632,0,0
1774096142189,0.119141,-0.187988,0.992188,-0.000532632,-0.00106526,0
1774096142269,0.119629,-0.186523,0.991699,0.00106526,-0.00106526,0
1774096142350,0.118164,-0.186035,0.993652,-0.000532632,-0.0015979,0
1774096142421,0.115723,-0.187012,0.994141,0,-0.00106526,-0.000532632
1774096142501,0.117676,-0.186523,0.991699,0,-0.0015979,-0.000532632
1774096142571,0.118164,-0.187012,0.991699,-0.00106526,0,-0.000532632
1774096142652,0.117676,-0.1875,0.992188,0,-0.00106526,0.000532632
1774096142732,0.116211,-0.187012,0.991699,0.000532632,-0.000532632,0
1774096142803,0.117676,-0.187012,0.994141,-0.000532632,-0.00106526,0
1774096142883,0.117676,-0.188477,0.990723,-0.000532632,-0.000532632,0.000532632
1774096142964,0.118652,-0.1875,0.992188,-0.000532632,-0.0015979,0
1774096143034,0.118652,-0.1875,0.994141,0.000532632,-0.00106526,0
1774096143115,0.120117,-0.187012,0.991699,0.000532632,-0.00106526,-0.000532632
1774096143196,0.116699,-0.186035,0.991211,0.000532632,-0.000532632,0.000532632
1774096143266,0.118164,-0.188965,0.990723,0.000532632,-0.0015979,-0.000532632
1774096143347,0.119629,-0.186035,0.993652,-0.000532632,-0.0015979,0.000532632
1774096143427,0.117676,-0.187012,0.991699,-0.00106526,-0.0015979,-0.000532632
1774096143498,0.117676,-0.186523,0.994141,-0.000532632,-0.000532632,0
1774096143578,0.117676,-0.187012,0.993652,-0.000532632,-0.00213053,0
1774096143659,0.116699,-0.187988,0.994629,-0.000532632,-0.000532632,0
1774096143729,0.118652,-0.1875,0.993652,-0.0015979,-0.000532632,-0.000532632
1774096143810,0.118652,-0.186035,0.990234,0.000532632,-0.000532632,-0.000532632
1774096143880,0.117676,-0.186523,0.992188,0.000532632,-0.00213053,-0.000532632
1774096143961,0.118164,-0.189453,0.991699,0.000532632,0,-0.000532632
1774096144041,0.116699,-0.187988,0.992676,0.000532632,-0.0015979,0.000532632
1774096144112,0.117188,-0.187012,0.991699,-0.000532632,-0.0015979,0
1774096144193,0.118652,-0.187012,0.992676,0.00106526,-0.000532632,-0.000532632
1774096144273,0.117676,-0.186035,0.993164,0,-0.00106526,0
1774096144344,0.117188,-0.187012,0.992676,0.000532632,-0.0015979,0
1774096144424,0.118164,-0.187012,0.992188,-0.000532632,-0.00106526,0
1774096144505,0.117676,-0.188477,0.992188,0,0,-0.000532632
1774096144575,0.117676,-0.188477,0.991699,0.00106526,-0.000532632,-0.00106526
1774096144656,0.117676,-0.188477,0.991211,0,-0.000532632,0
1774096144736,0.119141,-0.186035,0.992188,0.000532632,-0.0015979,0
1774096144807,0.117188,-0.188477,0.995117,0,-0.00106526,0
1774096144887,0.115723,-0.186035,0.990234,0.000532632,0,-0.000532632
1774096144968,0.119141,-0.187012,0.993164,0.000532632,-0.00106526,0
1774096145038,0.117676,-0.186035,0.991699,-0.000532632,-0.00106526,0.000532632
1774096145119,0.117676,-0.188965,0.992676,0.000532632,-0.000532632,0
1774096145190,0.117188,-0.187988,0.993164,0,-0.000532632,0
1774096145270,0.117188,-0.1875,0.993164,0,0,-0.000532632
1774096145351,0.119141,-0.185547,0.990723,-0.000532632,-0.00106526,0
1774096145421,0.118164,-0.1875,0.992676,0.000532632,-0.000532632,-0.00106526
1774096145502,0.117676,-0.186523,0.993652,0.000532632,-0.000532632,0
1774096145582,0.115723,-0.187988,0.993652,-0.000532632,-0.0015979,0.000532632
1774096145653,0.118164,-0.189453,0.994141,0,-0.0015979,0
1774096145734,0.119141,-0.187988,0.992676,-0.000532632,-0.000532632,-0.000532632
1774096145814,0.116699,-0.186523,0.992676,0.000532632,-0.000532632,0.000532632
1774096145885,0.117676,-0.187012,0.993164,0.000532632,-0.00106526,0.000532632
1774096145965,0.117188,-0.188477,0.991699,-0.00106526,0,0
1774096146046,0.118164,-0.186523,0.991211,0,0,0
1774096146116,0.119629,-0.187012,0.993164,0.00106526,-0.000532632,0
1774096146196,0.117676,-0.187012,0.994141,0.000532632,-0.000532632,0
1774096146277,0.115723,-0.188477,0.992676,0.000532632,-0.00106526,0
1774096146347,0.116699,-0.186523,0.994141,0,-0.000532632,0.000532632
1774096146428,0.118652,-0.188965,0.991211,0.000532632,0,0
1774096146498,0.118164,-0.187012,0.992676,-0.000532632,-0.000532632,0.000532632
1774096146579,0.117676,-0.187012,0.992188,0.00106526,-0.00106526,-0.00106526
1774096146659,0.118164,-0.188477,0.992188,0,-0.000532632,0
1774096146730,0.118164,-0.185547,0.994629,0,-0.0015979,-0.000532632
1774096146810,0.116699,-0.1875,0.992188,0,-0.00106526,0.000532632
1774096146891,0.117676,-0.188477,0.992676,0.000532632,-0.000532632,0
1774096146961,0.120117,-0.188965,0.992188,0,-0.00106526,-0.000532632
1774096147042,0.117188,-0.186523,0.992676,-0.000532632,-0.000532632,0.00106526
1774096147123,0.118164,-0.1875,0.990723,0.000532632,-0.00106526,0
1774096147193,0.118164,-0.187988,0.992188,0.000532632,-0.0015979,-0.000532632
1774096147274,0.118652,-0.187988,0.993164,-0.00106526,-0.00106526,-0.000532632
1774096147354,0.118652,-0.186523,0.994629,0.000532632,-0.000532632,-0.00106526
1774096147425,0.118164,-0.1875,0.991211,0,-0.000532632,0.000532632
1774096147505,0.118164,-0.187012,0.990723,0.000532632,-0.000532632,0
1774096147586,0.117676,-0.187012,0.994141,0.00106526,-0.000532632,0
1774096147656,0.117188,-0.189453,0.994629,0,0.000532632,-0.00106526
1774096147737,0.117188,-0.188477,0.992676,0.000532632,-0.000532632,0.000532632
1774096147807,0.116211,-0.187012,0.992188,0,-0.000532632,-0.000532632
1774096147888,0.117676,-0.187012,0.993652,0,-0.000532632,0
1774096147968,0.117676,-0.189941,0.991699,0.000532632,-0.00106526,-0.00106526
1774096148039,0.117188,-0.187988,0.991211,0.000532632,-0.00106526,-0.000532632
1774096148119,0.119629,-0.187012,0.991699,0.00106526,-0.000532632,0
1774096148200,0.118164,-0.187012,0.992188,-0.000532632,-0.00106526,0
1774096148270,0.117188,-0.184082,0.992676,0.000532632,-0.00106526,0.00106526
1774096148351,0.117676,-0.187012,0.990723,0.000532632,0,0.00106526
1774096148432,0.117676,-0.187012,0.992188,0,-0.00106526,0.000532632
1774096148502,0.118164,-0.188477,0.993164,0,-0.000532632,0
1774096148582,0.118164,-0.187988,0.991211,0.000532632,-0.0015979,0.00106526
1774096148663,0.117188,-0.185547,0.993164,0.000532632,-0.00106526,0
1774096148733,0.119629,-0.186035,0.993164,0.000532632,-0.0015979,-0.00106526
1774096148814,0.118652,-0.1875,0.993164,0.000532632,-0.00106526,-0.00106526
1774096148895,0.118164,-0.1875,0.993164,0,-0.0015979,0.000532632
1774096148965,0.120117,-0.1875,0.991699,0.00106526,-0.00106526,-0.000532632
1774096149046,0.118164,-0.1875,0.994141,0,-0.000532632,0
1774096149116,0.118164,-0.189453,0.992676,0.000532632,-0.00213053,0
1774096149197,0.118164,-0.1875,0.992676,-0.00106526,-0.00106526,0.000532632
1774096149277,0.119141,-0.187988,0.990723,0,-0.00106526,-0.000532632
1774096149348,0.116699,-0.185547,0.992676,0,-0.000532632,-0.00106526
1774096149428,0.118164,-0.187012,0.993652,0,-0.00106526,-0.000532632
1774096149509,0.116211,-0.186523,0.991699,-0.000532632,-0.00106526,0
1774096149580,0.118164,-0.188477,0.994141,0.000532632,-0.00106526,0.000532632
1774096149660,0.118164,-0.187988,0.992676,0,-0.000532632,0
1774096149740,0.117188,-0.186035,0.991211,0,-0.00106526,-0.000532632
1774096149811,0.118652,-0.187988,0.992676,0,-0.000532632,-0.000532632
1774096149891,0.117676,-0.1875,0.993652,0.000532632,-0.00106526,0
1774096149972,0.117188,-0.188477,0.993164,0,-0.00266316,0.00106526
1774096150043,0.117188,-0.186523,0.995117,-0.000532632,-0.000532632,0.000532632
1774096150123,0.117188,-0.187988,0.992676,0.000532632,-0.000532632,0
1774096150204,0.118164,-0.188477,0.991699,0.000532632,-0.0015979,0
1774096150274,0.119629,-0.1875,0.993164,0,0,0
1774096150355,0.118652,-0.187988,0.993164,0,-0.00106526,0.000532632
1774096150425,0.117188,-0.187988,0.993164,-0.000532632,-0.0015979,0
1774096150506,0.115723,-0.188965,0.990234,0,-0.000532632,0
1774096150586,0.120117,-0.1875,0.994141,-0.000532632,-0.00106526,0
1774096150657,0.117676,-0.188965,0.991699,0,-0.00106526,-0.000532632
1774096150737,0.119629,-0.189941,0.991211,0,-0.00106526,0.000532632
1774096150818,0.117188,-0.189941,0.992676,0.00106526,-0.000532632,0
1774096150889,0.116699,-0.187012,0.991699,0.000532632,-0.000532632,-0.000532632
1774096150969,0.119141,-0.19043,0.993652,-0.000532632,-0.000532632,0.000532632
1774096151049,0.119629,-0.186523,0.993164,0,-0.000532632,0.00106526
1774096151120,0.118652,-0.188965,0.992676,0,-0.0015979,0.000532632
1774096151200,0.119141,-0.187012,0.993652,0,-0.000532632,0
1774096151281,0.115723,-0.1875,0.992676,-0.000532632,-0.000532632,-0.000532632
1774096151351,0.116211,-0.1875,0.991211,0,-0.000532632,0
1774096151432,0.118164,-0.186523,0.994141,-0.000532632,-0.000532632,0
1774096151513,0.116211,-0.187988,0.991699,0,-0.00106526,0.00106526
1774096151583,0.120117,-0.187988,0.992676,0,-0.00106526,0.000532632
1774096151664,0.117188,-0.187012,0.991699,-0.000532632,-0.00106526,0.00106526
1774096151734,0.116699,-0.187988,0.991699,0,-0.00106526,0
1774096151815,0.119629,-0.186035,0.991211,0.000532632,-0.000532632,-0.00106526
1774096151895,0.116211,-0.1875,0.993652,0.000532632,-0.00106526,0
1774096151966,0.117676,-0.186523,0.993164,-0.00106526,-0.00106526,0
1774096152046,0.117676,-0.1875,0.993164,0,0,-0.00106526
1774096152127,0.116699,-0.187988,0.992188,0,-0.000532632,0.00106526
1774096152197,0.116699,-0.185547,0.991699,0.000532632,0,0
1774096152278,0.12207,-0.187988,0.993164,0,-0.000532632,0.000532632
1774096152358,0.118164,-0.188477,0.992676,-0.000532632,-0.000532632,-0.000532632
1774096152429,0.121094,-0.185547,0.993652,0,-0.0015979,0
1774096152509,0.117188,-0.186523,0.991211,0,0,0
1774096152590,0.118164,-0.186523,0.993164,0,-0.000532632,0.000532632
1774096152660,0.118164,-0.187988,0.990723,0.000532632,0,0
1774096152741,0.118164,-0.187012,0.992676,-0.000532632,-0.0015979,0
1774096152811,0.118164,-0.187988,0.992676,-0.000532632,-0.000532632,0
1774096152892,0.118164,-0.1875,0.990723,0.000532632,-0.00106526,-0.000532632
1774096152973,0.119141,-0.186523,0.993652,0.000532632,-0.00106526,0
1774096153043,0.117676,-0.1875,0.992676,0,-0.00106526,0
1774096153124,0.119141,-0.187012,0.991699,-0.000532632,-0.000532632,-0.000532632
1774096153204,0.116699,-0.188965,0.992676,-0.000532632,-0.000532632,0
1774096153275,0.120117,-0.186035,0.992188,0,-0.0015979,0
1774096153355,0.116211,-0.1875,0.991699,0,0,0.000532632
1774096153437,0.118652,-0.1875,0.991699,0,-0.00106526,0
1774096153507,0.117188,-0.188477,0.993164,0.000532632,-0.00106526,0
1774096153587,0.117676,-0.188477,0.993164,0,-0.00106526,0
1774096153668,0.119141,-0.187012,0.993164,-0.00106526,-0.00106526,-0.000532632
1774096153738,0.118652,-0.1875,0.993652,0.000532632,-0.000532632,0.000532632
1774096153819,0.119141,-0.187988,0.991211,0.000532632,-0.0015979,0
1774096153899,0.116211,-0.186523,0.991211,0.00106526,0,0
1774096153970,0.119141,-0.187012,0.990234,-0.000532632,0,-0.00106526
1774096154050,0.116211,-0.188477,0.992676,-0.00106526,-0.00106526,0
1774096154121,0.116211,-0.1875,0.992676,-0.000532632,-0.000532632,0
1774096154201,0.118652,-0.187988,0.991699,-0.000532632,-0.0015979,0.000532632
1774096154282,0.117188,-0.188965,0.991211,0.000532632,-0.00106526,0.000532632
1774096154352,0.117188,-0.186035,0.992676,0,-0.000532632,0
1774096154433,0.118652,-0.187988,0.993652,0,-0.0015979,-0.000532632
1774096154514,0.118164,-0.187012,0.993164,0,-0.000532632,-0.00106526
1774096154584,0.118164,-0.187012,0.992188,0,-0.00106526,0.00106526
1774096154665,0.117676,-0.187012,0.992676,0,-0.00106526,-0.000532632
1774096154745,0.117188,-0.1875,0.993652,0.00106526,-0.00106526,0
1774096154816,0.120117,-0.186523,0.992676,0.000532632,-0.000532632,-0.000532632
1774096154897,0.119141,-0.1875,0.992188,-0.000532632,-0.00106526,0.00106526
1774096154977,0.118652,-0.188965,0.991699,-0.000532632,-0.00106526,0.000532632
1774096155048,0.118164,-0.189453,0.993652,0.000532632,-0.00106526,0
1774096155128,0.118164,-0.188477,0.992676,0.00106526,-0.000532632,0
1774096155199,0.119141,-0.186523,0.992188,-0.000532632,-0.000532632,0
1774096155279,0.115723,-0.1875,0.993652,0,-0.000532632,0.000532632
1774096155360,0.117188,-0.186523,0.994141,0,-0.00106526,-0.000532632
1774096155430,0.115723,-0.187988,0.991211,0,-0.000532632,0.000532632
1774096155511,0.117676,-0.1875,0.992188,0,-0.000532632,0
1774096155591,0.116699,-0.186523,0.991699,0,-0.00106526,-0.000532632
1774096155662,0.117676,-0.1875,0.991699,0,-0.00106526,-0.000532632
1774096155742,0.116211,-0.1875,0.991699,0,-0.000532632,0
1774096155823,0.117676,-0.187988,0.991211,0.000532632,-0.000532632,-0.000532632
1774096155894,0.117188,-0.188477,0.990723,0,-0.00106526,0.000532632
1774096155974,0.118164,-0.1875,0.990723,0,-0.000532632,0
1774096156055,0.118164,-0.187988,0.991211,0,0.000532632,0.000532632
1774096156125,0.117676,-0.1875,0.992676,0.000532632,-0.00106526,0.00106526
1774096156205,0.116211,-0.188477,0.990723,0.000532632,0.000532632,0
1774096156286,0.116699,-0.186035,0.991699,-0.000532632,-0.000532632,-0.000532632
1774096156357,0.118652,-0.187012,0.991699,0,-0.00106526,0
1774096156437,0.117188,-0.187012,0.990723,-0.00106526,0,0.000532632
1774096156508,0.118164,-0.187988,0.992188,0,0,0.000532632
1774096156589,0.117676,-0.1875,0.992676,-0.000532632,-0.0015979,-0.000532632
1774096156669,0.117188,-0.187988,0.992676,-0.000532632,-0.0015979,-0.00106526
1774096156739,0.116699,-0.188477,0.993164,0,-0.00213053,0
1774096156820,0.118164,-0.187012,0.990234,0.0015979,-0.000532632,0.000532632
1774096156900,0.119141,-0.187988,0.993164,-0.000532632,-0.0015979,0
1774096156971,0.118164,-0.188477,0.992188,0,0,0.00106526
1774096157051,0.118164,-0.186523,0.990723,0,-0.00106526,0
1774096157132,0.116699,-0.1875,0.993164,0,-0.00106526,0
1774096157202,0.116699,-0.188477,0.993164,0.000532632,-0.000532632,-0.000532632
1774096157283,0.118652,-0.188477,0.990234,0,0,0
1774096157363,0.117676,-0.186035,0.992188,0,0,0
1774096157434,0.118164,-0.1875,0.992188,0.000532632,0,0.000532632
1774096157514,0.119141,-0.189453,0.992188,0,-0.000532632,0
1774096157595,0.119629,-0.186523,0.991699,-0.0015979,-0.00106526,0
1774096157666,0.119141,-0.188477,0.993652,0.000532632,-0.000532632,-0.000532632
1774096157746,0.118164,-0.187988,0.992188,0,-0.000532632,0.000532632
1774096157816,0.116699,-0.187988,0.993164,-0.00106526,-0.000532632,0
1774096157897,0.116699,-0.187988,0.990723,0,-0.000532632,0
1774096157978,0.118164,-0.1875,0.990723,0,-0.000532632,0.000532632
1774096158048,0.118164,-0.188965,0.991211,0.000532632,-0.00106526,0.00106526
1774096158129,0.117676,-0.186035,0.990234,0.000532632,-0.00106526,-0.000532632
1774096158210,0.118164,-0.187012,0.990723,0,-0.00106526,0.000532632
1774096158280,0.119141,-0.187988,0.992188,0,-0.00106526,-0.00106526
1774096158361,0.117188,-0.186523,0.992676,0.000532632,0,0.000532632
1774096158442,0.118652,-0.186523,0.992676,0.000532632,-0.000532632,0
1774096158512,0.119629,-0.1875,0.993164,0.000532632,0,0.000532632
1774096158592,0.117188,-0.188965,0.991211,0.000532632,0,-0.000532632
1774096158673,0.117188,-0.188477,0.992676,-0.000532632,-0.00106526,0.000532632
1774096158743,0.117188,-0.186035,0.992188,0,-0.000532632,0
1774096158824,0.115723,-0.1875,0.991699,0,-0.0015979,0
1774096158894,0.116211,-0.188965,0.991211,0.000532632,-0.000532632,0
1774096158975,0.117676,-0.187012,0.992676,0.000532632,-0.00106526,0
1774096159055,0.116699,-0.1875,0.992188,0.000532632,-0.000532632,0
1774096159126,0.117676,-0.187988,0.992188,0.00106526,-0.00106526,0.000532632
1774096159207,0.117188,-0.188477,0.993652,0,-0.00106526,0
1774096159287,0.118164,-0.187012,0.991211,0,0,0
1774096159358,0.117188,-0.187012,0.993164,-0.000532632,-0.00106526,0
1774096159438,0.117188,-0.187988,0.991211,0.000532632,-0.000532632,-0.000532632
1774096159519,0.117676,-0.187012,0.991211,-0.000532632,-0.000532632,-0.000532632
1774096159589,0.115234,-0.188477,0.991699,0,-0.000532632,0
1774096159670,0.117676,-0.188965,0.991699,0,-0.000532632,0.000532632
1774096159750,0.118164,-0.187988,0.992676,0.000532632,0,0
1774096159821,0.116699,-0.186523,0.992188,-0.000532632,-0.00106526,0
1774096159901,0.117188,-0.1875,0.992676,-0.000532632,-0.00106526,-0.00106526
1774096159982,0.117188,-0.188477,0.994141,0,-0.00106526,-0.00106526
1774096160052,0.118164,-0.188965,0.990723,0,-0.00106526,0
1774096160133,0.116211,-0.1875,0.993164,0.00106526,-0.000532632,0.00106526
1774096160203,0.118652,-0.187988,0.992188,0,-0.000532632,0
1774096160284,0.116211,-0.187988,0.991699,0.00106526,-0.00106526,0.000532632
1774096160365,0.116699,-0.187012,0.992188,-0.000532632,0,0.000532632
1774096160435,0.118164,-0.185547,0.993164,0.000532632,-0.000532632,0
1774096160516,0.116699,-0.187988,0.991699,0.000532632,-0.000532632,0.000532632
1774096160596,0.116699,-0.187012,0.992188,0.000532632,-0.00106526,-0.00106526
1774096160667,0.117188,-0.188477,0.993652,0,-0.0015979,0
1774096160747,0.116699,-0.188477,0.992188,0.000532632,-0.000532632,0
1774096160828,0.116699,-0.1875,0.991699,0.000532632,-0.000532632,0.0015979
1774096160899,0.115234,-0.188477,0.993652,0.000532632,-0.000532632,0
1774096160979,0.117676,-0.1875,0.991699,0.00106526,-0.00106526,-0.000532632
1774096161060,0.117188,-0.188965,0.992188,0.000532632,-0.00106526,0
1774096161130,0.116699,-0.188965,0.993164,-0.000532632,-0.00106526,-0.000532632
1774096161211,0.116699,-0.189453,0.992188,-0.000532632,0,-0.000532632
1774096161291,0.117676,-0.186523,0.994141,-0.000532632,-0.000532632,0
1774096161362,0.116211,-0.186035,0.990234,0.000532632,-0.00106526,0.00106526
1774096161442,0.119141,-0.188477,0.992676,0.000532632,-0.000532632,0.00106526
1774096161513,0.117188,-0.188965,0.993652,-0.000532632,-0.000532632,0.00106526
1774096161593,0.118164,-0.188965,0.991699,0.000532632,-0.0015979,-0.0015979
1774096161674,0.117676,-0.1875,0.992188,0.000532632,-0.00106526,-0.000532632
1774096161745,0.116211,-0.188477,0.993164,-0.000532632,-0.000532632,0.000532632
1774096161825,0.118652,-0.187988,0.991699,-0.00106526,-0.0015979,-0.000532632
1774096161905,0.117676,-0.186523,0.993164,-0.000532632,-0.00106526,-0.000532632
1774096161976,0.115723,-0.1875,0.992676,-0.000532632,-0.00106526,0.000532632
1774096162056,0.116211,-0.186523,0.991211,0,-0.00106526,-0.000532632
1774096162137,0.116699,-0.188965,0.990723,-0.00106526,-0.0015979,-0.000532632
1774096162208,0.118164,-0.186035,0.992188,0,-0.000532632,0.00106526
1774096162288,0.115723,-0.187988,0.990723,0.000532632,-0.000532632,0.000532632
1774096162369,0.118652,-0.18457,0.992676,0.000532632,0,-0.000532632
1774096162439,0.115723,-0.187012,0.992676,0,-0.000532632,0
1774096162520,0.120117,-0.189941,0.992188,0.00106526,0,-0.00106526
1774096162600,0.118652,-0.1875,0.992676,0.000532632,0,0
1774096162671,0.117676,-0.186035,0.992188,0.000532632,-0.000532632,0.000532632
1774096162751,0.117188,-0.187012,0.992188,0,-0.0015979,-0.0015979
1774096162822,0.117188,-0.187988,0.992188,-0.000532632,-0.00106526,0.000532632
1774096162902,0.119629,-0.187012,0.991699,0,-0.000532632,-0.000532632
1774096162983,0.118652,-0.187012,0.993164,-0.000532632,-0.00106526,-0.000532632
1774096163053,0.115234,-0.186523,0.992188,-0.000532632,0,0
1774096163134,0.117188,-0.187988,0.992676,0.0015979,-0.000532632,0.000532632
1774096163214,0.117676,-0.186035,0.992188,-0.000532632,0,-0.000532632
1774096163285,0.119141,-0.1875,0.993164,0.000532632,-0.000532632,-0.000532632
1774096163366,0.117188,-0.1875,0.993164,0,-0.00106526,0.000532632
1774096163446,0.118164,-0.188477,0.993164,0,0.000532632,0
1774096163517,0.117188,-0.187012,0.992188,0.0015979,-0.000532632,-0.000532632
1774096163597,0.118164,-0.188965,0.993164,0.000532632,0,-0.000532632
1774096163678,0.118652,-0.1875,0.992188,0.000532632,-0.000532632,0
1774096163748,0.120117,-0.187988,0.992676,0.000532632,-0.0015979,0.00106526
1774096163829,0.118652,-0.187988,0.993164,-0.000532632,-0.000532632,0.00106526
1774096163909,0.118652,-0.187988,0.991211,-0.000532632,-0.000532632,0.00106526
1774096163980,0.118164,-0.188965,0.990723,0.000532632,-0.000532632,0
1774096164060,0.117188,-0.188965,0.991699,0.000532632,0,0.000532632
1774096164131,0.117676,-0.186035,0.992188,0,-0.000532632,0.000532632
1774096164211,0.120117,-0.1875,0.992188,0,0,0.00106526
1774096164292,0.120117,-0.186035,0.991211,0,-0.000532632,-0.000532632
1774096164362,0.116211,-0.187988,0.992188,0.000532632,-0.0015979,0
1774096164443,0.117188,-0.186523,0.993652,-0.000532632,-0.000532632,0
1774096164523,0.119629,-0.186523,0.992676,-0.000532632,-0.00106526,-0.000532632
1774096164594,0.117188,-0.1875,0.994141,0,-0.0015979,0
1774096164674,0.115723,-0.186523,0.991211,0.000532632,0,-0.000532632
1774096164755,0.117676,-0.188965,0.992676,0.00106526,0,0
1774096164825,0.119629,-0.1875,0.992188,0.00106526,-0.00106526,-0.000532632
1774096164906,0.118164,-0.186523,0.992188,0.000532632,-0.00106526,-0.000532632
1774096164987,0.117676,-0.188965,0.991699,0,-0.0015979,0.000532632
1774096165058,0.118164,-0.1875,0.992676,-0.000532632,-0.000532632,0.000532632
1774096165138,0.117188,-0.186523,0.991699,0,-0.00106526,0
1774096165208,0.117676,-0.187988,0.993164,-0.000532632,-0.00106526,-0.000532632
1774096165289,0.117188,-0.186523,0.992676,0.000532632,-0.000532632,0.00106526
1774096165369,0.118164,-0.187012,0.992676,-0.00106526,-0.00106526,-0.000532632
1774096165440,0.116699,-0.188965,0.994141,-0.000532632,0,-0.000532632
1774096165520,0.117676,-0.187012,0.991699,0,0,0
1774096165601,0.117188,-0.187012,0.994141,0,-0.00106526,0.000532632
1774096165672,0.118164,-0.187012,0.993652,0.000532632,0,0
1774096165752,0.115723,-0.187988,0.991699,0.00106526,-0.000532632,0
1774096165832,0.119141,-0.187012,0.991699,-0.000532632,-0.0015979,0
1774096165903,0.116211,-0.188477,0.993164,0,0.000532632,-0.000532632
1774096165984,0.117676,-0.187012,0.992188,0.000532632,-0.000532632,-0.000532632
1774096166064,0.119141,-0.188965,0.992188,-0.000532632,-0.000532632,-0.000532632
1774096166135,0.117676,-0.186035,0.994629,0.000532632,0,-0.000532632
1774096166215,0.117188,-0.1875,0.993164,-0.000532632,0,0.00106526
1774096166296,0.116699,-0.187012,0.993652,0.00106526,-0.000532632,0.000532632
1774096166366,0.117188,-0.186523,0.991211,0.00106526,-0.000532632,0.0015979
1774096166447,0.114746,-0.186523,0.992676,0.000532632,-0.00106526,0
1774096166517,0.119629,-0.1875,0.991211,0.00106526,0,0
1774096166598,0.117188,-0.1875,0.991699,-0.000532632,-0.00106526,-0.000532632
1774096166678,0.117188,-0.187988,0.991699,0.00213053,0,-0.000532632
1774096166749,0.119141,-0.185059,0.992676,-0.000532632,0,0.00106526
1774096166829,0.118164,-0.1875,0.992188,0,0,0
1774096166910,0.119141,-0.1875,0.990723,0,-0.00106526,0.000532632
1774096166980,0.116211,-0.188477,0.991211,-0.000532632,-0.00106526,0
1774096167061,0.119629,-0.1875,0.992188,-0.000532632,-0.000532632,0.00106526
1774096167141,0.116699,-0.186523,0.992676,0.000532632,-0.0015979,0.000532632
1774096167212,0.120605,-0.186523,0.991699,0,-0.00106526,-0.00106526
1774096167293,0.119141,-0.187988,0.992188,0.000532632,-0.000532632,0
1774096167373,0.119141,-0.188965,0.992676,-0.000532632,-0.000532632,0
1774096167444,0.118164,-0.187988,0.991699,0.000532632,-0.000532632,-0.000532632
1774096167524,0.115723,-0.187012,0.992676,0.000532632,-0.00106526,0.000532632
1774096167605,0.117676,-0.1875,0.990723,0.000532632,-0.000532632,0
1774096167675,0.116211,-0.187012,0.991699,0.000532632,-0.000532632,0
1774096167756,0.117188,-0.188477,0.992188,0,-0.000532632,0.000532632
1774096167826,0.116699,-0.187012,0.994141,-0.000532632,0,0.00106526
1774096167907,0.117676,-0.187988,0.993164,0.000532632,-0.0015979,0
1774096167988,0.118652,-0.186035,0.993164,0.000532632,0,0.00106526
1774096168058,0.117676,-0.187012,0.992188,0,-0.0015979,0
1774096168139,0.119141,-0.186523,0.993164,-0.00106526,-0.00106526,0.00106526
1774096168219,0.118652,-0.1875,0.991699,0,0,0
1774096168290,0.118164,-0.186035,0.993652,-0.000532632,-0.00106526,0
1774096168370,0.118652,-0.188477,0.993164,0,-0.000532632,0.000532632
1774096168451,0.118652,-0.187988,0.991699,0.00106526,-0.000532632,0.00106526
1774096168521,0.116699,-0.1875,0.993164,0.00106526,0,-0.00106526
1774096168602,0.118164,-0.1875,0.989746,-0.000532632,-0.000532632,-0.0015979
1774096168683,0.117676,-0.187012,0.993164,0.000532632,0,-0.000532632
1774096168753,0.116699,-0.186523,0.993164,0.000532632,0.000532632,0.000532632
1774096168834,0.116699,-0.186523,0.993652,0.000532632,-0.0015979,0.000532632
1774096168904,0.117188,-0.1875,0.992676,0.000532632,-0.00106526,0.000532632
1774096168985,0.117676,-0.1875,0.990723,0.000532632,0.000532632,-0.000532632
1774096169065,0.119629,-0.186523,0.992676,0.000532632,-0.00266316,0.000532632
1774096169136,0.117676,-0.187988,0.992188,0.00106526,-0.000532632,0
1774096169216,0.118164,-0.188477,0.990723,0.00106526,-0.00106526,0
1774096169297,0.117676,-0.187012,0.992188,0.000532632,-0.000532632,0
1774096169367,0.117676,-0.188477,0.994629,0,-0.00106526,-0.000532632
1774096169448,0.120117,-0.187012,0.991211,0,-0.00106526,0.000532632
1774096169528,0.119629,-0.187988,0.992188,0,-0.00106526,0
1774096169599,0.119629,-0.187988,0.993652,-0.000532632,-0.00106526,-0.000532632
1774096169679,0.118652,-0.185547,0.992676,0,0,0
1774096169760,0.118164,-0.187988,0.991211,-0.000532632,-0.00106526,0.000532632
1774096169830,0.117188,-0.1875,0.992188,-0.000532632,-0.00106526,-0.000532632
1774096169911,0.118652,-0.187012,0.991699,0.000532632,-0.00106526,0
1774096169991,0.118164,-0.187988,0.991699,-0.000532632,-0.000532632,0.00106526
1774096170062,0.116211,-0.1875,0.993164,0,-0.000532632,-0.000532632
1774096170142,0.118164,-0.189453,0.993652,-0.000532632,-0.00106526,0.000532632
1774096170213,0.117676,-0.186035,0.992188,0.00106526,-0.00106526,-0.000532632
1774096170293,0.117676,-0.1875,0.993652,0,-0.00106526,0
1774096170374,0.116699,-0.188965,0.994629,0,-0.000532632,0
1774096170445,0.118164,-0.188965,0.993652,0.000532632,0,0.000532632
1774096170525,0.117188,-0.187012,0.992188,0.000532632,0.000532632,0.00106526
1774096170606,0.118652,-0.186035,0.992188,0,-0.0015979,0
1774096170676,0.118164,-0.187988,0.993652,0,-0.000532632,0
1774096170757,0.116211,-0.186523,0.991211,0.0015979,-0.000532632,0.000532632
1774096170837,0.117676,-0.187012,0.993164,0,0,0.00106526
1774096170908,0.117676,-0.189453,0.991211,0.00106526,-0.000532632,0.000532632
1774096170988,0.116699,-0.188477,0.991699,-0.00106526,-0.000532632,0
1774096171069,0.118652,-0.187988,0.992676,0.000532632,-0.000532632,-0.000532632
1774096171139,0.116699,-0.188965,0.992676,0.000532632,-0.00106526,0
1774096171220,0.117676,-0.1875,0.993164,0.000532632,-0.00106526,-0.000532632
1774096171300,0.116211,-0.186035,0.993652,0,-0.000532632,0
1774096171371,0.118164,-0.188477,0.992188,0,-0.00106526,-0.000532632
1774096171451,0.118164,-0.1875,0.991699,0.000532632,-0.000532632,-0.0015979
1774096171532,0.116699,-0.186035,0.991211,-0.00106526,-0.000532632,0
1774096171602,0.116699,-0.187988,0.991211,0.00106526,-0.00106526,-0.000532632
1774096171683,0.116699,-0.186523,0.992676,0.00106526,-0.0015979,-0.000532632
1774096171753,0.118164,-0.1875,0.992188,0,0,-0.000532632
1774096171834,0.116699,-0.189453,0.991699,0.000532632,0,0
1774096171915,0.118164,-0.188477,0.992676,0,-0.00106526,0.000532632
1774096171985,0.118164,-0.187988,0.992188,0,-0.00106526,0
1774096172066,0.116211,-0.188965,0.990723,-0.000532632,-0.000532632,-0.000532632
1774096172146,0.117676,-0.186035,0.992188,0.000532632,-0.0015979,-0.000532632
1774096172216,0.117676,-0.186523,0.992188,0,-0.00106526,-0.000532632
1774096172297,0.116699,-0.1875,0.993652,0,-0.0015979,0
1774096172378,0.119141,-0.189453,0.992188,-0.00106526,0,0
1774096172448,0.119141,-0.188477,0.991699,-0.000532632,-0.00106526,-0.00106526
1774096172529,0.117676,-0.187988,0.993652,-0.000532632,-0.000532632,-0.00106526
1774096172609,0.117676,-0.188477,0.992676,0.000532632,-0.000532632,0
1774096172681,0.119629,-0.1875,0.991211,0.000532632,-0.0015979,-0.000532632
1774096172761,0.118164,-0.187012,0.993652,0,-0.000532632,0.000532632
1774096172841,0.118164,-0.189941,0.992676,0.000532632,0.000532632,-0.000532632
1774096172911,0.117676,-0.185547,0.993652,0,0.000532632,0
1774096172992,0.117188,-0.187012,0.992676,-0.00106526,-0.0015979,-0.0015979
1774096173062,0.117188,-0.189453,0.990723,-0.000532632,-0.000532632,-0.00106526
1774096173143,0.118164,-0.188477,0.991699,0.000532632,0,0
1774096173223,0.117188,-0.189453,0.990723,0,-0.000532632,0.000532632
1774096173294,0.115723,-0.188965,0.989746,0,-0.0015979,-0.000532632
1774096173374,0.119141,-0.187012,0.991699,0.000532632,-0.00106526,-0.0015979
1774096173455,0.118652,-0.187988,0.992676,0.000532632,-0.000532632,0
1774096173525,0.118652,-0.187988,0.993164,0.000532632,-0.000532632,0
1774096173606,0.116211,-0.188477,0.993164,0,-0.000532632,-0.00106526
1774096173687,0.117188,-0.186523,0.993164,0.000532632,-0.000532632,-0.000532632
1774096173757,0.116699,-0.187988,0.992676,0.000532632,-0.000532632,0
1774096173838,0.118652,-0.1875,0.993164,-0.000532632,0,-0.000532632
1774096173918,0.117676,-0.187988,0.992676,0,-0.000532632,-0.000532632
1774096173989,0.121094,-0.187988,0.992676,0,-0.000532632,0.000532632
1774096174069,0.118652,-0.186523,0.991699,0,-0.000532632,0
1774096174150,0.117676,-0.188965,0.991699,0,-0.00106526,-0.000532632
1774096174220,0.116699,-0.188477,0.991211,0,-0.000532632,0
1774096174301,0.119629,-0.188477,0.993164,0,-0.000532632,0.000532632
1774096174371,0.116699,-0.189453,0.991699,0,-0.00106526,0
1774096174452,0.117676,-0.186523,0.992676,-0.000532632,-0.00106526,0
1774096174532,0.120117,-0.186035,0.993164,-0.000532632,-0.000532632,-0.000532632
1774096174603,0.117188,-0.187012,0.990723,-0.000532632,-0.000532632,0
1774096174683,0.118652,-0.186035,0.991699,-0.00106526,-0.000532632,0.000532632
1774096174764,0.117188,-0.187988,0.993652,0,-0.00106526,0
1774096174834,0.120117,-0.188477,0.991699,0,-0.000532632,0
1774096174915,0.115234,-0.1875,0.992676,-0.000532632,-0.0015979,-0.000532632
1774096174996,0.118164,-0.188477,0.993652,0.000532632,-0.0015979,0
1774096175066,0.118652,-0.189453,0.993164,-0.000532632,0,0
1774096175147,0.118164,-0.188477,0.991699,-0.000532632,-0.00106526,0
1774096175227,0.116699,-0.187012,0.992676,0,-0.00106526,-0.000532632
1774096175298,0.116699,-0.189453,0.992188,0,-0.000532632,0.000532632
1774096175378,0.118164,-0.1875,0.993164,-0.000532632,-0.0015979,0.000532632
1774096175449,0.116211,-0.188477,0.991211,0,-0.000532632,0
1774096175529,0.116699,-0.187012,0.991699,0.000532632,-0.000532632,0
1774096175610,0.118164,-0.186523,0.992188,0,-0.00106526,0
1774096175680,0.117188,-0.188477,0.992676,0.00106526,-0.000532632,0.00106526
1774096175761,0.117676,-0.188477,0.991699,0,-0.000532632,-0.000532632
1774096175842,0.115723,-0.189453,0.992676,0.000532632,-0.000532632,0.000532632
1774096175912,0.116699,-0.188965,0.991211,0.000532632,-0.00106526,0.000532632
1774096175993,0.117676,-0.1875,0.993164,0,-0.000532632,-0.000532632
1774096176073,0.118164,-0.187012,0.991211,0.000532632,-0.0015979,-0.000532632
1774096176144,0.116699,-0.188477,0.992188,0.000532632,-0.00106526,0.0015979
1774096176224,0.117188,-0.187012,0.992188,0,-0.000532632,0.000532632
1774096176305,0.117676,-0.188477,0.992676,0.00106526,-0.00106526,0.000532632
1774096176375,0.118164,-0.187988,0.991211,0,-0.00106526,0
1774096176456,0.117676,-0.187988,0.994141,0,-0.0015979,-0.000532632
1774096176536,0.115723,-0.187988,0.991211,0,-0.0015979,0
1774096176607,0.117676,-0.189453,0.992676,0.000532632,-0.00106526,0.000532632
1774096176687,0.115723,-0.188965,0.992188,0.00106526,-0.00106526,0
1774096176768,0.116211,-0.187012,0.990234,-0.000532632,-0.000532632,0
1774096176838,0.116211,-0.189941,0.991211,0,-0.000532632,0
1774096176919,0.118164,-0.187988,0.991699,-0.000532632,-0.0015979,0
1774096176989,0.117676,-0.1875,0.992188,0,0,-0.00106526
1774096177070,0.116699,-0.188965,0.990723,0,-0.000532632,0
1774096177151,0.116699,-0.187988,0.992188,0,-0.00106526,0
1774096177221,0.117676,-0.187988,0.992188,0.000532632,-0.00106526,-0.000532632
1774096177302,0.118164,-0.188965,0.989746,-0.000532632,-0.000532632,-0.000532632
1774096177383,0.117188,-0.186523,0.993164,0.00106526,-0.000532632,0
1774096177453,0.118164,-0.187012,0.992676,0.00106526,-0.00106526,0.000532632
1774096177534,0.116699,-0.1875,0.991699,0.00106526,-0.0015979,0
1774096177614,0.115723,-0.188965,0.990723,0,-0.000532632,0
1774096177685,0.116211,-0.187988,0.990723,0,-0.0015979,0
1774096177766,0.115723,-0.188477,0.991699,0.000532632,-0.00106526,0
1774096177836,0.115723,-0.188477,0.990723,0,-0.000532632,0.000532632
1774096177917,0.115723,-0.188477,0.991699,0.000532632,-0.00106526,-0.000532632
1774096177998,0.119629,-0.1875,0.993164,0,-0.00106526,0
1774096178068,0.117676,-0.186523,0.993164,0.000532632,0.000532632,0
1774096178149,0.116699,-0.187012,0.991211,0.000532632,-0.000532632,0.000532632
1774096178229,0.117676,-0.189453,0.991211,0,-0.00106526,-0.000532632
1774096178300,0.116699,-0.186523,0.989258,0.00106526,-0.000532632,0.000532632
1774096178380,0.115234,-0.188965,0.991211,0,-0.00106526,0
1774096178461,0.119141,-0.186523,0.992188,-0.000532632,-0.00106526,0
1774096178531,0.115234,-0.187012,0.992676,0,0,0
1774096178612,0.118652,-0.186523,0.991699,0,0,-0.000532632
1774096178692,0.116699,-0.187012,0.991211,-0.000532632,-0.000532632,-0.000532632
1774096178763,0.119141,-0.1875,0.993164,-0.00106526,-0.000532632,0.000532632
1774096178843,0.117676,-0.187988,0.990723,0,-0.00106526,0.000532632
1774096178914,0.117188,-0.186035,0.991211,0,-0.0015979,0
1774096178994,0.117676,-0.187988,0.990723,-0.000532632,-0.0015979,-0.000532632
1774096179075,0.118652,-0.186523,0.989258,0.000532632,-0.00213053,0.000532632
1774096179145,0.118164,-0.186035,0.993164,-0.000532632,-0.00106526,0
1774096179226,0.117676,-0.187012,0.993652,0,-0.000532632,0.000532632
1774096179307,0.115723,-0.187988,0.990723,0,-0.000532632,0.000532632
1774096179377,0.118164,-0.187012,0.992676,0,-0.00106526,0
1774096179458,0.118164,-0.188477,0.993164,-0.000532632,-0.0015979,0.000532632
1774096179538,0.117188,-0.1875,0.991699,-0.000532632,-0.00106526,0
1774096179609,0.117188,-0.189453,0.991211,0,-0.000532632,0
1774096179689,0.118652,-0.189453,0.992676,0,-0.000532632,0
1774096179770,0.119141,-0.188965,0.991699,0,0,0.00106526
1774096179840,0.115723,-0.1875,0.992188,-0.000532632,0,-0.00106526
1774096179921,0.116211,-0.188477,0.991699,-0.000532632,-0.0015979,0.000532632
1774096180001,0.118164,-0.19043,0.992676,0,-0.00106526,0.000532632
1774096180072,0.118652,-0.188965,0.991699,0,-0.00106526,0
1774096180152,0.117188,-0.187988,0.993164,0,-0.00106526,0.0015979
1774096180223,0.116699,-0.188965,0.992188,0,-0.00106526,0.000532632
1774096180303,0.117676,-0.187012,0.992188,0.000532632,-0.00106526,0.00106526
1774096180384,0.116699,-0.187012,0.994141,0.00106526,-0.000532632,0
1774096180454,0.119629,-0.1875,0.994141,-0.000532632,-0.00106526,0
1774096180535,0.118164,-0.186523,0.993164,0.00106526,-0.000532632,0.000532632
1774096180615,0.120605,-0.187988,0.990723,0,0,0
1774096180686,0.117676,-0.188965,0.993164,0,-0.00106526,0.000532632
1774096180766,0.116699,-0.187012,0.993164,0,-0.000532632,0.000532632
1774096180847,0.116699,-0.186035,0.992188,0,-0.00213053,-0.00106526
1774096180918,0.116211,-0.186035,0.994629,-0.000532632,-0.000532632,0.000532632
1774096180998,0.115234,-0.187012,0.993652,-0.000532632,-0.00213053,-0.000532632
1774096181079,0.117676,-0.187012,0.991211,0.000532632,0,-0.000532632
1774096181149,0.119629,-0.187988,0.993164,-0.00106526,-0.000532632,0
1774096181230,0.117676,-0.187988,0.991699,0,-0.00106526,-0.00106526
1774096181310,0.118164,-0.188477,0.992676,-0.000532632,-0.000532632,0
1774096181382,0.118164,-0.186523,0.991211,-0.000532632,-0.00106526,0.00106526
1774096181461,0.117188,-0.1875,0.992676,0,-0.0015979,0
1774096181532,0.118164,-0.189453,0.991211,0.000532632,-0.0015979,-0.000532632
1774096181612,0.116699,-0.1875,0.991699,0.000532632,-0.000532632,0
1774096181693,0.117676,-0.187012,0.991211,-0.000532632,-0.00106526,0
1774096181763,0.116699,-0.1875,0.994629,0,-0.00106526,0.00106526
1774096181844,0.116699,-0.189941,0.993652,0,-0.0015979,0
1774096181924,0.118164,-0.187012,0.993164,0,0,0
1774096181995,0.117188,-0.1875,0.992676,0,-0.00106526,-0.00106526
1774096182075,0.116211,-0.186523,0.991699,0.000532632,-0.000532632,0
1774096182156,0.119141,-0.1875,0.993164,0.00106526,-0.00106526,0
1774096182226,0.117188,-0.187012,0.990723,-0.000532632,-0.00213053,0
1774096182307,0.118652,-0.186523,0.991699,0.000532632,-0.00106526,0
1774096182388,0.116211,-0.187012,0.990723,0,-0.00106526,0.000532632
1774096182458,0.115234,-0.186035,0.991211,0,-0.00106526,-0.000532632
1774096182539,0.118652,-0.187988,0.991211,0.000532632,-0.0015979,0
1774096182619,0.119141,-0.1875,0.991211,0,0,-0.00106526
1774096182690,0.117676,-0.186523,0.991211,0.00106526,-0.00106526,-0.00106526
1774096182770,0.115234,-0.1875,0.992188,0,-0.000532632,0.000532632
1774096182841,0.118164,-0.1875,0.992676,-0.000532632,-0.00106526,0
1774096182922,0.117188,-0.187012,0.993164,0.000532632,-0.000532632,-0.000532632
1774096183002,0.117676,-0.188965,0.991211,-0.00106526,-0.00106526,0.000532632
1774096183073,0.118164,-0.1875,0.992676,0.000532632,-0.0015979,0
1774096183153,0.118652,-0.186035,0.992676,0,-0.00213053,-0.000532632
1774096183234,0.117188,-0.185059,0.991699,-0.000532632,-0.00106526,0
1774096183304,0.118652,-0.1875,0.992188,-0.000532632,-0.0015979,0
1774096183385,0.117676,-0.186035,0.990723,0,0,0.00106526
1774096183466,0.118164,-0.187012,0.993164,-0.000532632,-0.00106526,-0.000532632
1774096183536,0.116211,-0.187012,0.990723,-0.000532632,-0.00106526,0.000532632
1774096183616,0.115723,-0.187012,0.993164,-0.000532632,-0.000532632,0
1774096183697,0.117188,-0.189453,0.992676,0,-0.00106526,-0.000532632
1774096183768,0.116211,-0.187012,0.990723,0.000532632,-0.00106526,0
1774096183848,0.117188,-0.188965,0.993164,-0.00106526,-0.000532632,0.000532632
1774096183919,0.118164,-0.1875,0.991699,-0.00106526,-0.00106526,0.000532632
1774096183999,0.116211,-0.1875,0.991699,0.000532632,0.000532632,0.000532632
1774096184080,0.117676,-0.186035,0.990723,-0.00106526,-0.0015979,-0.000532632
1774096184150,0.115723,-0.187012,0.993652,0.000532632,-0.00106526,0
1774096184231,0.117188,-0.19043,0.992188,-0.000532632,-0.00106526,-0.00106526
1774096184311,0.117188,-0.186523,0.992188,0,-0.000532632,0
1774096184382,0.118164,-0.187988,0.991699,-0.000532632,-0.0015979,0
1774096184463,0.119141,-0.188477,0.991211,0,-0.00106526,0
1774096184543,0.119141,-0.1875,0.992676,-0.000532632,-0.000532632,0
1774096184614,0.118652,-0.186523,0.992188,-0.00106526,-0.00266316,0.00106526
1774096184694,0.117188,-0.1875,0.995117,-0.000532632,-0.00106526,0.000532632
1774096184775,0.117188,-0.187012,0.992676,0,-0.000532632,0
1774096184845,0.118164,-0.185547,0.990723,-0.000532632,-0.00106526,0.000532632
1774096184926,0.117188,-0.187988,0.993652,0,-0.00106526,0.000532632
1774096185006,0.117188,-0.188965,0.993164,0.000532632,-0.00106526,0.000532632
1774096185077,0.116699,-0.188477,0.991699,-0.000532632,-0.000532632,0
1774096185157,0.118164,-0.188965,0.992676,-0.000532632,-0.0015979,-0.000532632
1774096185228,0.117676,-0.187012,0.993164,0,-0.000532632,-0.000532632
1774096185308,0.118164,-0.188965,0.991211,-0.000532632,-0.0015979,-0.000532632
1774096185389,0.117188,-0.187012,0.992676,0,-0.0015979,-0.000532632
1774096185460,0.117188,-0.188477,0.994141,-0.000532632,-0.00106526,0
1774096185540,0.118164,-0.189453,0.992188,0,-0.00213053,0
1774096185621,0.116699,-0.186035,0.992188,0,-0.000532632,0
1774096185691,0.117676,-0.188965,0.991699,0,-0.00106526,-0.000532632
1774096185772,0.117188,-0.186523,0.993164,-0.000532632,-0.000532632,0
1774096185852,0.118164,-0.187988,0.992676,0,-0.00106526,0
1774096185923,0.115723,-0.188477,0.992188,0,0,-0.000532632
1774096186003,0.117676,-0.186035,0.993652,-0.000532632,-0.0015979,-0.00106526
1774096186084,0.118164,-0.188477,0.992188,0.000532632,-0.00106526,0.000532632
1774096186155,0.117188,-0.1875,0.992188,0.000532632,-0.00106526,0
1774096186235,0.116699,-0.1875,0.991211,0,-0.0015979,0.000532632
1774096186305,0.119141,-0.189453,0.992188,-0.00106526,0,-0.000532632
1774096186386,0.116211,-0.187988,0.993652,0,-0.0015979,0
1774096186467,0.117676,-0.187012,0.991211,0,-0.00106526,0.000532632
1774096186537,0.117676,-0.187988,0.993164,0,-0.000532632,0.000532632
1774096186618,0.115723,-0.187988,0.992188,0.000532632,-0.00106526,0.00106526
1774096186698,0.117676,-0.1875,0.992676,0,0,0.000532632
1774096186770,0.116699,-0.187988,0.992188,-0.000532632,-0.000532632,0.000532632
1774096186849,0.119141,-0.1875,0.991211,-0.000532632,0,-0.000532632
1774096186930,0.119141,-0.186035,0.993164,0.000532632,-0.00106526,-0.000532632
1774096187000,0.117188,-0.187012,0.992188,0.0015979,-0.000532632,-0.000532632
1774096187082,0.117188,-0.188477,0.993164,0.000532632,-0.00106526,-0.00106526
1774096187161,0.119629,-0.185547,0.992188,0.000532632,0,-0.000532632
1774096187232,0.116211,-0.187012,0.992188,-0.000532632,-0.00106526,0
1774096187313,0.117676,-0.1875,0.990234,0.000532632,-0.0015979,0
1774096187393,0.114746,-0.187988,0.992676,0,-0.000532632,-0.000532632
1774096187464,0.115723,-0.188477,0.992676,-0.000532632,-0.000532632,-0.000532632
1774096187545,0.118652,-0.189453,0.992188,-0.000532632,-0.00106526,0
1774096187615,0.117676,-0.187012,0.991699,-0.000532632,-0.0015979,-0.00106526
1774096187695,0.117188,-0.186523,0.992676,-0.000532632,-0.00106526,0.000532632
1774096187776,0.118164,-0.189453,0.992188,0.00106526,-0.0015979,0.000532632
1774096187846,0.117188,-0.187988,0.991699,-0.00106526,-0.000532632,0
1774096187927,0.116211,-0.185547,0.991699,0,-0.00106526,-0.000532632
1774096188008,0.120117,-0.187988,0.990723,0,-0.00106526,0.000532632
1774096188078,0.119141,-0.187988,0.991211,-0.0015979,-0.00106526,0
1774096188158,0.117188,-0.1875,0.991699,0.000532632,-0.000532632,0.000532632
1774096188239,0.118164,-0.189453,0.993652,0,-0.00106526,-0.00106526
1774096188309,0.120117,-0.188477,0.992676,0.000532632,-0.000532632,0.000532632
1774096188392,0.118164,-0.189453,0.990723,-0.000532632,-0.00106526,0
1774096188471,0.118652,-0.1875,0.992676,0.000532632,-0.000532632,0
1774096188541,0.117676,-0.186035,0.991211,0.000532632,-0.00106526,0
1774096188622,0.117676,-0.1875,0.993164,0,-0.000532632,0
1774096188702,0.115723,-0.188965,0.991699,0,-0.00106526,-0.000532632
1774096188773,0.119629,-0.187012,0.992188,0,-0.000532632,0
1774096188853,0.118164,-0.186035,0.993164,0,-0.0015979,0
1774096188924,0.116699,-0.187012,0.992188,0.000532632,-0.00106526,0
1774096189004,0.118164,-0.188477,0.991699,0,-0.0015979,0.00213053
1774096189085,0.118164,-0.1875,0.992676,-0.000532632,-0.0015979,0
1774096189155,0.115723,-0.1875,0.991699,0.000532632,-0.000532632,-0.00106526
1774096189236,0.118164,-0.1875,0.991699,0,-0.000532632,0
1774096189316,0.117676,-0.186523,0.992188,0,-0.000532632,0
1774096189388,0.116699,-0.1875,0.993164,0.000532632,-0.000532632,0.00106526
1774096189467,0.117676,-0.1875,0.992676,0,-0.00106526,-0.000532632
1774096189548,0.116699,-0.187988,0.992676,-0.000532632,-0.000532632,-0.000532632
1774096189619,0.119629,-0.188477,0.991699,-0.000532632,-0.00106526,0.00106526
1774096189699,0.118164,-0.188965,0.993652,0.000532632,-0.000532632,0.000532632
1774096189779,0.118652,-0.188965,0.990234,-0.000532632,-0.00106526,0
1774096189850,0.116211,-0.1875,0.992188,0.000532632,-0.00106526,0.000532632
1774096189931,0.116211,-0.189453,0.992188,0,-0.00106526,0
1774096190011,0.116699,-0.187988,0.992188,0.000532632,-0.000532632,0.00106526
1774096190082,0.117188,-0.188477,0.991699,0,-0.000532632,-0.000532632
1774096190162,0.118164,-0.187988,0.992188,-0.000532632,-0.000532632,0.0015979
1774096190233,0.115234,-0.187012,0.993164,0.000532632,-0.00106526,-0.000532632
1774096190313,0.117188,-0.186523,0.990234,0,-0.0015979,-0.00106526
1774096190394,0.116699,-0.186523,0.993164,0.00106526,-0.00106526,-0.00106526
1774096190464,0.116211,-0.187012,0.992676,0,-0.00213053,-0.00106526
1774096190545,0.118652,-0.186523,0.992188,-0.000532632,-0.0015979,-0.000532632
1774096190625,0.118652,-0.187012,0.993652,0.000532632,-0.00106526,-0.000532632
1774096190696,0.115723,-0.1875,0.992676,0.000532632,0,0.00106526
1774096190776,0.117188,-0.188965,0.993164,0,-0.000532632,0.00106526
1774096190857,0.116211,-0.188965,0.991211,-0.00106526,-0.0015979,0.000532632
1774096190927,0.118652,-0.189941,0.992676,0.000532632,-0.0015979,0
1774096191008,0.114258,-0.186523,0.991211,0.000532632,-0.000532632,0
1774096191089,0.116699,-0.189941,0.991699,-0.000532632,-0.000532632,0.000532632
1774096191159,0.116699,-0.1875,0.993652,0,-0.000532632,-0.000532632
1774096191240,0.116699,-0.190918,0.991211,0.000532632,-0.00106526,0
1774096191310,0.115723,-0.188965,0.990723,0,-0.00106526,0.000532632
1774096191391,0.118164,-0.187988,0.994629,-0.000532632,-0.00106526,0.000532632
1774096191471,0.117188,-0.188477,0.992676,-0.000532632,-0.00106526,0
1774096191542,0.115234,-0.1875,0.994141,0.000532632,-0.00106526,0
1774096191622,0.116699,-0.189453,0.992188,0.000532632,-0.00106526,-0.00106526
1774096191703,0.120117,-0.188477,0.993164,0.000532632,-0.000532632,0
1774096191773,0.117188,-0.187988,0.993652,-0.000532632,-0.000532632,-0.000532632
1774096191854,0.118164,-0.1875,0.990234,-0.000532632,-0.0015979,0
1774096191934,0.118164,-0.187012,0.991211,0.00106526,-0.0015979,-0.000532632
1774096192005,0.116699,-0.188477,0.993164,0,0,-0.00106526
1774096192085,0.118652,-0.189941,0.992188,0,-0.00106526,-0.000532632
1774096192166,0.118164,-0.188965,0.991699,0,-0.00106526,-0.000532632
1774096192236,0.114746,-0.187988,0.990234,0,-0.000532632,0.000532632
1774096192317,0.118652,-0.1875,0.992188,0,-0.0015979,-0.00106526
1774096192397,0.117676,-0.186523,0.991211,-0.00106526,-0.00106526,-0.000532632
1774096192468,0.117676,-0.186523,0.991211,0,-0.000532632,0.00106526
1774096192548,0.117676,-0.187012,0.993652,0,-0.00106526,0
1774096192629,0.116211,-0.187012,0.991699,0,0,0
1774096192699,0.117676,-0.1875,0.993652,-0.00106526,-0.00106526,-0.000532632
1774096192780,0.120117,-0.187012,0.991699,0,-0.00106526,0.000532632
1774096192850,0.117676,-0.1875,0.991211,0,-0.00106526,0
1774096192931,0.116699,-0.189453,0.992676,0,-0.000532632,0
1774096193012,0.116699,-0.187012,0.993164,0,-0.00106526,-0.000532632
1774096193082,0.117676,-0.186035,0.991211,-0.000532632,-0.00106526,-0.00106526
1774096193163,0.119629,-0.189453,0.991699,-0.00106526,0,0
1774096193243,0.117188,-0.1875,0.992188,0.00106526,-0.000532632,0
1774096193314,0.116211,-0.188965,0.992676,0.000532632,0,0
1774096193394,0.116699,-0.188477,0.992188,-0.00106526,-0.00106526,0
1774096193475,0.117188,-0.189453,0.993164,0,0,-0.000532632
1774096193545,0.118652,-0.186035,0.991699,0,-0.000532632,-0.000532632
1774096193626,0.118164,-0.188477,0.991211,0.000532632,-0.00106526,-0.00106526
1774096193707,0.114746,-0.188477,0.990723,0,-0.00106526,0
1774096193777,0.117676,-0.187988,0.991699,-0.000532632,-0.000532632,0
1774096193859,0.116699,-0.1875,0.991699,0,-0.000532632,-0.000532632
1774096193928,0.116699,-0.188477,0.991699,0,0,0.000532632
1774096194009,0.115723,-0.187988,0.991211,0,-0.000532632,0.00106526
1774096194089,0.118164,-0.188477,0.992676,0.000532632,-0.00106526,-0.000532632
1774096194161,0.117676,-0.186523,0.990723,0.000532632,-0.00106526,-0.000532632
1774096194240,0.116211,-0.186523,0.992676,-0.0015979,-0.000532632,-0.000532632
1774096194321,0.117676,-0.186523,0.995117,-0.000532632,-0.0015979,0.00106526
1774096194392,0.118164,-0.1875,0.991699,0,-0.000532632,-0.000532632
1774096194472,0.116699,-0.1875,0.992676,0.00106526,-0.000532632,-0.00106526
1774096194554,0.117676,-0.188965,0.989746,0.000532632,-0.00106526,-0.000532632
1774096194623,0.118164,-0.186523,0.993164,-0.00106526,-0.00106526,-0.000532632
1774096194704,0.117676,-0.187012,0.991699,0,-0.00106526,0
1774096194784,0.117676,-0.187988,0.991699,0.000532632,-0.00106526,0
1774096194855,0.116211,-0.188965,0.992188,-0.00106526,0,0.000532632
1774096194935,0.118164,-0.186523,0.992676,0.000532632,-0.000532632,0
1774096195016,0.119141,-0.187012,0.991699,0,-0.000532632,-0.000532632
1774096195086,0.118164,-0.187012,0.993164,-0.000532632,-0.000532632,0
1774096195167,0.115234,-0.187012,0.992188,0,-0.00106526,0.000532632
1774096195238,0.118652,-0.187012,0.990723,0,-0.00106526,0.000532632
1774096195318,0.115234,-0.187988,0.993652,-0.000532632,-0.00106526,0.000532632
1774096195399,0.118164,-0.186523,0.994141,-0.00106526,0,0
1774096195469,0.116699,-0.1875,0.990723,0,-0.0015979,-0.000532632
1774096195550,0.118164,-0.1875,0.993164,0.00106526,-0.000532632,0.00106526
1774096195631,0.119141,-0.188477,0.992676,0,-0.000532632,-0.00106526
1774096195701,0.117676,-0.187012,0.990234,0.000532632,-0.000532632,0
1774096195782,0.118652,-0.187012,0.993652,-0.00106526,-0.000532632,0
1774096195862,0.118164,-0.185547,0.992188,-0.00106526,-0.000532632,0.00106526
1774096195933,0.116699,-0.185547,0.992188,0.00106526,-0.000532632,-0.000532632
1774096196013,0.117188,-0.186035,0.991211,0.000532632,-0.00106526,0.000532632
1774096196094,0.117676,-0.187012,0.993164,0.000532632,0,0.00106526
1774096196164,0.118164,-0.189941,0.992676,0.00106526,-0.00106526,0.000532632
1774096196245,0.117188,-0.187988,0.990234,0,-0.000532632,0.000532632
1774096196315,0.118164,-0.187012,0.992676,0.000532632,-0.0015979,-0.00106526
1774096196396,0.118652,-0.187012,0.991699,-0.00106526,-0.00106526,-0.000532632
1774096196476,0.116699,-0.185547,0.992188,-0.000532632,-0.000532632,0
1774096196547,0.116699,-0.187988,0.993164,-0.000532632,-0.0015979,-0.000532632
1774096196627,0.117676,-0.185059,0.992188,-0.000532632,-0.0015979,0
1774096196708,0.118652,-0.185059,0.992676,-0.000532632,-0.000532632,0.00106526
1774096196778,0.117676,-0.188965,0.993164,-0.000532632,-0.00106526,0.000532632
1774096196859,0.116699,-0.188477,0.991699,-0.00106526,-0.000532632,0
1774096196940,0.118164,-0.187012,0.991699,0,-0.00106526,0
1774096197010,0.117188,-0.188965,0.994141,0,-0.000532632,0.000532632
1774096197090,0.117676,-0.187012,0.994629,-0.000532632,-0.00106526,0
1774096197171,0.119141,-0.1875,0.992676,0,-0.00106526,0
1774096197241,0.118652,-0.188477,0.993164,0.000532632,0,0
1774096197322,0.117676,-0.1875,0.991211,-0.000532632,-0.000532632,-0.00106526
1774096197403,0.117188,-0.188965,0.994629,0.000532632,-0.0015979,0
1774096197473,0.114258,-0.189453,0.990234,0.000532632,-0.000532632,0
1774096197554,0.117676,-0.187012,0.992676,-0.000532632,0,-0.00106526
1774096197624,0.119141,-0.186035,0.991699,-0.000532632,-0.0015979,0.000532632
1774096197705,0.115234,-0.188477,0.993164,-0.000532632,-0.000532632,-0.000532632
1774096197785,0.117676,-0.188965,0.991699,0,-0.0015979,0
1774096197856,0.119141,-0.1875,0.992188,-0.000532632,-0.00106526,-0.00106526
1774096197936,0.115723,-0.188965,0.993164,-0.000532632,-0.0015979,0.000532632
1774096198017,0.119629,-0.189453,0.992676,-0.000532632,-0.00106526,-0.0015979
1774096198087,0.119629,-0.187012,0.992188,-0.000532632,-0.000532632,0.000532632
1774096198168,0.118652,-0.186035,0.993652,0.000532632,-0.00106526,0
1774096198249,0.120117,-0.185547,0.992676,0.00106526,-0.00106526,-0.00106526
1774096198319,0.116211,-0.186523,0.994141,-0.000532632,-0.000532632,0.000532632
1774096198400,0.118652,-0.187012,0.993164,0.000532632,-0.000532632,0
1774096198480,0.118652,-0.187012,0.995605,0,-0.00106526,-0.000532632
1774096198551,0.116211,-0.186523,0.993164,-0.00106526,-0.000532632,-0.000532632
1774096198631,0.118164,-0.187988,0.991211,-0.000532632,-0.00106526,0
1774096198702,0.117676,-0.187012,0.993164,-0.000532632,-0.00106526,-0.00106526
1774096198782,0.117676,-0.186523,0.991699,0.000532632,-0.00106526,0
1774096198863,0.116699,-0.1875,0.992676,0,-0.000532632,0
1774096198933,0.118164,-0.19043,0.993652,0.000532632,-0.000532632,0
1774096199014,0.119629,-0.188477,0.992188,0.000532632,-0.0015979,0
1774096199094,0.115234,-0.187988,0.991699,-0.00106526,-0.000532632,-0.000532632
1774096199165,0.118164,-0.1875,0.992676,0.000532632,-0.00106526,-0.000532632
1774096199245,0.118652,-0.187988,0.993652,0.00106526,-0.00106526,0.000532632
1774096199326,0.116699,-0.1875,0.993164,0.000532632,-0.0015979,0
1774096199397,0.116699,-0.188477,0.991699,0,-0.000532632,-0.000532632
1774096199477,0.117676,-0.188965,0.993164,0.000532632,-0.00106526,0.000532632
1774096199558,0.119141,-0.1875,0.992188,0.000532632,-0.00106526,0
1774096199628,0.119629,-0.187012,0.990723,-0.000532632,-0.000532632,0.000532632
1774096199709,0.118652,-0.1875,0.991699,0.000532632,0,-0.00106526
1774096199789,0.119629,-0.189453,0.993164,0.000532632,0,-0.000532632
1774096199860,0.118652,-0.187012,0.991699,0,-0.000532632,0
1774096199940,0.117676,-0.187988,0.992676,-0.000532632,-0.000532632,-0.000532632
1774096200011,0.119629,-0.1875,0.991211,-0.00106526,-0.00106526,0
1774096200091,0.118164,-0.1875,0.989746,-0.000532632,-0.00106526,0.000532632
1774096200172,0.118164,-0.188477,0.992676,0,-0.0015979,-0.000532632
1774096200242,0.117188,-0.185547,0.993652,-0.000532632,-0.00106526,-0.000532632
1774096200323,0.118164,-0.186035,0.993164,0.000532632,-0.00106526,0
1774096200404,0.118164,-0.187012,0.990234,0,-0.00106526,0
1774096200474,0.116699,-0.188965,0.991699,0,-0.000532632,-0.000532632
1774096200555,0.117188,-0.186523,0.991211,0.000532632,-0.00106526,0.000532632
1774096200635,0.118164,-0.1875,0.990234,-0.000532632,-0.000532632,0.00106526
1774096200706,0.117676,-0.186523,0.992676,-0.000532632,-0.00106526,-0.000532632
1774096200786,0.117188,-0.1875,0.993652,0,-0.00106526,-0.000532632
1774096200867,0.117676,-0.188965,0.993652,-0.000532632,-0.000532632,0.000532632
1774096200937,0.118164,-0.189453,0.992188,0.000532632,-0.00106526,0.000532632
1774096201018,0.117676,-0.187988,0.993652,0.000532632,-0.0015979,0.000532632
1774096201098,0.116211,-0.187012,0.991211,0,-0.000532632,-0.000532632
1774096201169,0.116211,-0.188477,0.991211,-0.000532632,-0.00106526,0
1774096201249,0.117676,-0.188477,0.994141,0,-0.0015979,0
1774096201320,0.116211,-0.1875,0.991211,0,-0.000532632,0.000532632
1774096201400,0.118652,-0.187988,0.990723,0.00106526,-0.00106526,0.000532632
1774096201481,0.117188,-0.187012,0.992676,-0.000532632,-0.00106526,-0.000532632
1774096201551,0.118652,-0.187988,0.993164,0,-0.000532632,0
1774096201632,0.117676,-0.1875,0.991699,-0.000532632,-0.00106526,0
1774096201712,0.118652,-0.187012,0.990234,0,-0.000532632,0
1774096201783,0.116699,-0.186523,0.990723,0,-0.00106526,0.000532632
1774096201864,0.116699,-0.19043,0.992676,-0.0015979,-0.00106526,0
1774096201944,0.119141,-0.189453,0.992188,0,0.000532632,0.00106526
1774096202014,0.117676,-0.187012,0.991699,0,0,0
1774096202095,0.118652,-0.185547,0.992188,0.000532632,-0.000532632,0
1774096202176,0.116699,-0.187988,0.993164,0,-0.00106526,-0.000532632
1774096202246,0.117188,-0.187988,0.991211,-0.000532632,-0.0015979,0
1774096202327,0.118652,-0.186523,0.991211,0,-0.000532632,0
1774096202407,0.118652,-0.187012,0.993164,-0.000532632,-0.00213053,0
1774096202478,0.119141,-0.188477,0.990234,0.000532632,-0.000532632,-0.000532632
1774096202558,0.117676,-0.188477,0.990723,-0.000532632,-0.000532632,0
1774096202629,0.119141,-0.186523,0.992188,0.00106526,-0.00106526,0.000532632
1774096202709,0.117676,-0.187012,0.993164,-0.000532632,-0.00106526,0.000532632
1774096202790,0.118164,-0.187988,0.993652,-0.000532632,-0.00106526,0
1774096202860,0.118652,-0.186035,0.992676,-0.00106526,-0.00106526,0.000532632
1774096202941,0.118652,-0.186035,0.992188,0.000532632,-0.000532632,0.000532632
1774096203021,0.118652,-0.189453,0.990723,0,0,0.00106526
1774096203092,0.117188,-0.187012,0.992188,0,-0.0015979,-0.000532632
1774096203173,0.116699,-0.188477,0.991211,0.000532632,-0.000532632,0
1774096203243,0.117188,-0.188965,0.993652,-0.000532632,-0.000532632,0.00106526
1774096203324,0.117188,-0.187988,0.992188,0.000532632,-0.0015979,0
1774096203404,0.116211,-0.186523,0.992188,0.000532632,-0.00106526,0.00106526
1774096203485,0.116211,-0.1875,0.992188,-0.000532632,-0.00106526,-0.000532632
1774096203555,0.116699,-0.187988,0.993164,0.000532632,-0.000532632,-0.000532632
1774096203636,0.117188,-0.185547,0.991211,-0.000532632,-0.00106526,-0.000532632
1774096203706,0.116699,-0.187988,0.991699,0.000532632,-0.000532632,0.000532632
1774096203787,0.118164,-0.187012,0.993652,0,-0.00106526,0
1774096203868,0.116211,-0.187012,0.993164,-0.000532632,-0.0015979,0.00106526
1774096203938,0.119629,-0.186523,0.992676,0.000532632,0,-0.000532632
1774096204019,0.116699,-0.186523,0.990723,0,-0.00106526,-0.000532632
1774096204099,0.116699,-0.188965,0.991211,-0.000532632,-0.00106526,0
1774096204170,0.117676,-0.188477,0.993164,-0.000532632,-0.00106526,0
1774096204250,0.117188,-0.187012,0.992188,-0.000532632,-0.0015979,0
1774096204331,0.117676,-0.188477,0.992188,0,-0.00106526,-0.00106526
1774096204402,0.117188,-0.187988,0.992188,0.000532632,-0.000532632,0
1774096204482,0.117188,-0.1875,0.993652,-0.000532632,-0.000532632,0
1774096204563,0.119629,-0.186035,0.991699,0.000532632,-0.0015979,0.000532632
1774096204633,0.117188,-0.186035,0.992676,-0.000532632,-0.00106526,0.000532632
1774096204714,0.119141,-0.188965,0.991211,0.000532632,-0.0015979,-0.000532632
1774096204794,0.116699,-0.187988,0.991699,0.000532632,-0.000532632,0.000532632
1774096204865,0.118164,-0.186523,0.991211,0.00106526,-0.000532632,0.000532632
1774096204945,0.117188,-0.1875,0.994141,-0.000532632,-0.00106526,-0.000532632
1774096205016,0.117188,-0.187012,0.992188,0,-0.00106526,-0.000532632
1774096205097,0.117676,-0.186523,0.991699,0.000532632,-0.00106526,0.000532632
1774096205177,0.117188,-0.188477,0.994141,0.000532632,-0.000532632,0.000532632
1774096205248,0.118164,-0.188477,0.992188,-0.000532632,0,0.000532632
1774096205328,0.117188,-0.188477,0.993164,0,-0.00106526,0
1774096205409,0.117676,-0.188477,0.990723,-0.000532632,0,0.000532632
1774096205479,0.116699,-0.187988,0.993164,0,-0.000532632,-0.000532632
1774096205560,0.116211,-0.187988,0.992676,-0.000532632,-0.000532632,0
1774096205640,0.116699,-0.1875,0.992188,0.00106526,0,0
1774096205711,0.117188,-0.188477,0.992676,-0.000532632,0,0
1774096205792,0.119141,-0.187012,0.991211,0,-0.00213053,-0.000532632
1774096205872,0.116211,-0.1875,0.991699,-0.000532632,-0.000532632,-0.000532632
1774096205943,0.117188,-0.186523,0.990723,0.000532632,-0.00106526,-0.000532632
1774096206023,0.118164,-0.1875,0.992188,0,-0.00106526,-0.000532632
1774096206094,0.117676,-0.188477,0.992676,0,-0.00106526,-0.000532632
1774096206174,0.115723,-0.187012,0.993164,-0.00106526,-0.00106526,0
1774096206255,0.117676,-0.186523,0.991699,0,0,-0.000532632
1774096206325,0.116211,-0.188965,0.991699,-0.00106526,-0.000532632,0.00106526
1774096206406,0.117188,-0.188477,0.991211,0.000532632,-0.000532632,0
1774096206487,0.118164,-0.1875,0.993652,0.000532632,-0.00106526,-0.000532632
1774096206557,0.116699,-0.190918,0.990723,0.000532632,-0.0015979,0
1774096206637,0.116699,-0.1875,0.991699,0.000532632,-0.000532632,0
1774096206718,0.118652,-0.1875,0.991699,0.000532632,-0.00106526,0
1774096206788,0.118164,-0.188477,0.991211,0,-0.000532632,-0.000532632
1774096206869,0.120117,-0.187012,0.991211,0.00106526,-0.000532632,0
1774096206949,0.118652,-0.1875,0.992188,-0.00106526,-0.000532632,0.000532632
1774096207020,0.117188,-0.186035,0.995605,-0.000532632,-0.00106526,0.00106526
1774096207100,0.116699,-0.186523,0.993164,0.00106526,-0.00106526,0.000532632
1774096207181,0.118652,-0.1875,0.992676,0,0,0
1774096207251,0.117188,-0.187988,0.993652,-0.00106526,-0.00213053,0
1774096207332,0.117188,-0.188965,0.992676,-0.000532632,-0.00106526,-0.00106526
1774096207403,0.118164,-0.1875,0.993164,0.000532632,-0.0015979,0.00106526
1774096207483,0.118652,-0.188477,0.992188,0,-0.00106526,0
1774096207564,0.119141,-0.187988,0.991211,0.000532632,-0.0015979,0.000532632
1774096207634,0.117188,-0.188477,0.993164,0.000532632,-0.0015979,-0.000532632
1774096207715,0.117676,-0.188477,0.992188,0.000532632,-0.00106526,-0.000532632
1774096207795,0.116699,-0.187988,0.993164,-0.0015979,-0.00213053,0.000532632
1774096207866,0.117676,-0.188477,0.993652,-0.000532632,-0.00106526,0
1774096207946,0.116699,-0.185547,0.992188,0.000532632,0,0
1774096208027,0.118652,-0.186523,0.993164,-0.00106526,-0.0015979,-0.000532632
1774096208097,0.116699,-0.1875,0.992676,0,-0.00106526,-0.00106526
1774096208178,0.118164,-0.188965,0.992188,0.000532632,-0.00106526,0
1774096208258,0.119629,-0.187012,0.992676,-0.00106526,-0.00106526,0.000532632
1774096208329,0.118164,-0.1875,0.992188,0,-0.00106526,-0.000532632
1774096208409,0.117188,-0.187988,0.993164,-0.000532632,-0.00106526,0
1774096208490,0.117676,-0.187012,0.992676,-0.000532632,-0.000532632,-0.000532632
1774096208560,0.118652,-0.188477,0.993652,0.00106526,0,0
1774096208641,0.119629,-0.1875,0.990234,-0.000532632,-0.00106526,-0.00106526
1774096208711,0.115723,-0.187012,0.992188,0.000532632,-0.00106526,-0.000532632
1774096208792,0.119141,-0.185547,0.993164,0.0015979,0,-0.000532632
1774096208873,0.118652,-0.188477,0.992188,0,0,-0.000532632
1774096208943,0.118164,-0.187988,0.992188,-0.00106526,-0.00106526,0.00106526
1774096209024,0.116211,-0.186523,0.992188,0,-0.000532632,0
1774096209104,0.117676,-0.1875,0.991699,0.000532632,-0.000532632,-0.000532632
1774096209175,0.118652,-0.1875,0.993164,-0.000532632,-0.00106526,0.000532632
1774096209255,0.119629,-0.188477,0.989258,0.000532632,0,0
1774096209336,0.115723,-0.188965,0.992188,0.000532632,-0.0015979,0.000532632
1774096209406,0.119141,-0.187988,0.992188,0.000532632,-0.00106526,0.000532632
1774096209487,0.117188,-0.189453,0.991699,0,-0.00106526,0
1774096209567,0.117676,-0.1875,0.991699,0.000532632,-0.00106526,-0.000532632
1774096209638,0.116699,-0.187012,0.991699,0,0,0
1774096209719,0.117676,-0.187988,0.991699,0,-0.00106526,-0.000532632
1774096209799,0.119141,-0.1875,0.992188,0.000532632,-0.000532632,0
1774096209870,0.116699,-0.188477,0.993164,0,-0.00106526,-0.00106526
1774096209950,0.118652,-0.186523,0.993164,-0.000532632,-0.000532632,0.000532632
1774096210021,0.117188,-0.187988,0.991699,0.000532632,-0.00106526,-0.000532632
1774096210101,0.117188,-0.187988,0.990723,0,0,0.000532632
1774096210182,0.116699,-0.187012,0.992676,-0.000532632,-0.00106526,0
1774096210252,0.117188,-0.187012,0.994629,-0.000532632,-0.00106526,-0.00106526
1774096210333,0.117188,-0.187012,0.992188,0,-0.000532632,0
1774096210414,0.117188,-0.1875,0.992188,0.000532632,-0.000532632,0
1774096210484,0.117188,-0.187012,0.991699,0.00106526,-0.000532632,0.000532632
1774096210565,0.117676,-0.189453,0.992188,0,-0.000532632,0.00106526
1774096210645,0.117676,-0.186523,0.993652,-0.000532632,-0.00106526,0
1774096210716,0.117188,-0.187012,0.992676,-0.000532632,-0.00106526,0
1774096210796,0.116699,-0.1875,0.991699,0,-0.000532632,0
1774096210877,0.117676,-0.1875,0.992676,-0.000532632,-0.00106526,-0.0015979
1774096210947,0.117188,-0.188477,0.990723,-0.00106526,0,-0.000532632
1774096211028,0.118164,-0.1875,0.991211,-0.000532632,-0.000532632,-0.000532632
1774096211108,0.116211,-0.188965,0.991211,0,-0.000532632,-0.00106526
1774096211179,0.119141,-0.186523,0.993164,0,-0.000532632,0.000532632
1774096211259,0.116699,-0.188477,0.992188,0,0,-0.000532632
1774096211330,0.116699,-0.188477,0.994141,-0.000532632,0,0
1774096211410,0.117188,-0.188477,0.991699,-0.000532632,-0.00213053,0
1774096211491,0.117188,-0.187012,0.993164,0,-0.000532632,-0.000532632
1774096211561,0.118652,-0.187012,0.993164,0.000532632,-0.000532632,0
1774096211642,0.118164,-0.187012,0.992188,0,0,0.000532632
1774096211723,0.116699,-0.187988,0.993164,-0.00106526,0,0.000532632
1774096211793,0.116211,-0.188965,0.992676,-0.000532632,-0.00213053,0.000532632
1774096211873,0.115723,-0.187012,0.993164,0,-0.000532632,-0.000532632
1774096211954,0.117676,-0.1875,0.992188,0.000532632,-0.0015979,0.00106526
1774096212025,0.116211,-0.187012,0.992188,0,-0.000532632,0
1774096212105,0.116699,-0.1875,0.990723,0,-0.0015979,0
1774096212186,0.118164,-0.188477,0.993164,0,-0.0015979,0
1774096212256,0.117676,-0.186523,0.991211,0.00106526,-0.000532632,0
1774096212337,0.116699,-0.187012,0.991699,-0.00106526,-0.0015979,-0.000532632
1774096212408,0.117188,-0.187988,0.992188,-0.000532632,-0.000532632,0.000532632
1774096212488,0.116699,-0.188477,0.992188,0.000532632,-0.00106526,0.000532632
1774096212568,0.117676,-0.187988,0.991211,0,-0.00106526,0
1774096212639,0.116211,-0.187988,0.991699,0.000532632,-0.0015979,-0.000532632
1774096212719,0.117188,-0.189941,0.992188,0,-0.00106526,0.000532632
1774096212800,0.118164,-0.188477,0.991211,-0.000532632,-0.00106526,-0.00106526
1774096212870,0.118164,-0.187012,0.992188,0,-0.0015979,0
1774096212951,0.117188,-0.1875,0.992188,0,-0.000532632,0
1774096213031,0.118164,-0.187988,0.994141,-0.000532632,-0.0015979,0
1774096213102,0.117676,-0.187988,0.992676,-0.00106526,-0.00106526,-0.000532632
1774096213183,0.119141,-0.189453,0.990723,0,-0.00106526,0
1774096213263,0.117676,-0.186523,0.992188,0,-0.00106526,-0.000532632
1774096213334,0.119141,-0.186523,0.993164,0,-0.000532632,0
1774096213414,0.116699,-0.1875,0.992188,0,-0.00106526,0.000532632
1774096213495,0.119629,-0.187012,0.992676,0.000532632,-0.00106526,0.000532632
1774096213565,0.116699,-0.1875,0.993164,0,-0.000532632,0
1774096213646,0.117188,-0.188965,0.992188,0,-0.000532632,0
1774096213716,0.118164,-0.186523,0.993164,-0.000532632,-0.00106526,0
1774096213797,0.115723,-0.187012,0.993164,0,-0.0015979,0
1774096213877,0.118164,-0.187988,0.993164,-0.000532632,-0.0015979,-0.00106526
1774096213948,0.116699,-0.186523,0.992188,0,-0.00106526,0
1774096214028,0.117676,-0.187012,0.992676,-0.000532632,-0.00106526,-0.00106526
1774096214109,0.120117,-0.188477,0.991211,0,-0.0015979,0
1774096214179,0.118164,-0.187988,0.991699,0.0015979,-0.00106526,0
1774096214260,0.116699,-0.188477,0.992676,-0.00106526,-0.0015979,0
1774096214341,0.118164,-0.188965,0.993164,0,-0.000532632,0.00106526
1774096214412,0.118652,-0.186035,0.991211,0.000532632,-0.000532632,0.000532632
1774096214492,0.118164,-0.188477,0.991699,0,-0.0015979,0
1774096214573,0.117188,-0.187988,0.991211,0.00106526,-0.00106526,0.000532632
1774096214644,0.116211,-0.1875,0.991211,0,-0.00106526,0.000532632
1774096214724,0.117676,-0.189453,0.991699,0.000532632,0,-0.000532632
1774096214795,0.118164,-0.187012,0.990234,0.000532632,-0.00106526,0.00106526
1774096214875,0.117676,-0.188477,0.992188,0,0.000532632,0
1774096214956,0.117188,-0.186035,0.991699,0,-0.00106526,0
1774096215026,0.117188,-0.189453,0.992188,-0.000532632,-0.00106526,0.000532632
1774096215107,0.116699,-0.189453,0.991211,0.00106526,0,0
1774096215187,0.118164,-0.187988,0.992676,0,-0.0015979,-0.000532632
1774096215258,0.115723,-0.189453,0.993652,0,-0.0015979,0
1774096215338,0.119629,-0.188965,0.991699,0,-0.00106526,-0.000532632
1774096215419,0.119141,-0.186523,0.993652,0.000532632,-0.0015979,-0.000532632
1774096215489,0.118652,-0.187012,0.992676,0.000532632,-0.000532632,0
1774096215570,0.117188,-0.188477,0.991699,0.000532632,-0.00106526,0.000532632
1774096215650,0.119141,-0.187012,0.992676,-0.000532632,0,0.000532632
1774096215721,0.118164,-0.1875,0.992676,0.00106526,-0.00106526,0
1774096215802,0.116699,-0.187012,0.990723,0.000532632,-0.000532632,0
1774096215872,0.119141,-0.185547,0.991211,0.000532632,-0.00106526,0
1774096215953,0.118652,-0.186035,0.992188,0.00106526,-0.0015979,0.00106526
1774096216033,0.118164,-0.189453,0.992676,0,-0.00106526,-0.000532632
1774096216104,0.119141,-0.188965,0.993652,-0.000532632,-0.00106526,0.00106526
1774096216184,0.117676,-0.188965,0.992188,0,-0.0015979,0.000532632
1774096216265,0.117188,-0.186523,0.991211,-0.00106526,-0.000532632,-0.000532632
1774096216335,0.116211,-0.188477,0.991211,0,-0.0015979,0
1774096216416,0.117676,-0.187012,0.991211,0.00106526,-0.000532632,-0.000532632
1774096216496,0.119141,-0.187012,0.991211,-0.000532632,-0.000532632,0.000532632
1774096216567,0.116699,-0.189453,0.992188,0.000532632,-0.00106526,0
1774096216647,0.117676,-0.187988,0.991699,0,0,0.000532632
1774096216728,0.117676,-0.187012,0.991211,-0.000532632,-0.000532632,-0.000532632
1774096216798,0.117188,-0.187988,0.992188,0.000532632,-0.000532632,-0.000532632
1774096216879,0.117676,-0.185547,0.994629,-0.000532632,-0.0015979,0
1774096216960,0.118164,-0.187988,0.991699,0.000532632,-0.00106526,-0.000532632
1774096217030,0.117188,-0.187012,0.993164,0.000532632,-0.000532632,0.000532632
1774096217111,0.117188,-0.188477,0.994141,0.000532632,-0.0015979,0.000532632
1774096217182,0.119629,-0.1875,0.991699,0,-0.000532632,0
1774096217262,0.118164,-0.184082,0.992188,0.000532632,-0.0015979,-0.000532632
1774096217342,0.116699,-0.188477,0.991211,-0.00106526,-0.000532632,-0.000532632
1774096217413,0.117676,-0.1875,0.990723,-0.000532632,-0.0015979,0.000532632
1774096217493,0.118164,-0.187988,0.993164,-0.000532632,0,0
1774096217574,0.117188,-0.187012,0.992188,0.000532632,-0.00106526,-0.000532632
1774096217644,0.116699,-0.188965,0.994141,0.000532632,-0.0015979,0.000532632
1774096217725,0.118652,-0.187012,0.994141,-0.00106526,-0.00106526,0
1774096217805,0.117676,-0.187988,0.991699,-0.00106526,-0.0015979,0
1774096217876,0.117676,-0.187988,0.992676,-0.00106526,0,0
1774096217956,0.118164,-0.188965,0.992676,-0.000532632,-0.0015979,0
1774096218037,0.115234,-0.186035,0.991211,-0.000532632,0,-0.0015979
1774096218107,0.116211,-0.1875,0.991211,-0.00106526,-0.00106526,0.00106526
1774096218188,0.116699,-0.1875,0.990723,0.000532632,-0.00106526,-0.00106526
1774096218268,0.118652,-0.187012,0.989746,-0.000532632,0,0
1774096218339,0.116211,-0.188965,0.992188,0,0,0.000532632
1774096218420,0.117188,-0.188477,0.992188,0,-0.00106526,0
1774096218490,0.118652,-0.187012,0.991211,-0.000532632,0,0.000532632
1774096218571,0.116699,-0.187012,0.990723,0,0,0
1774096218651,0.116211,-0.1875,0.993164,0.000532632,-0.000532632,0.000532632
1774096218722,0.118164,-0.188477,0.994141,0.000532632,-0.000532632,0.00106526
1774096218802,0.115234,-0.189453,0.992676,0,0,-0.000532632
1774096218883,0.117188,-0.1875,0.991699,-0.000532632,-0.000532632,-0.000532632
1774096218953,0.118164,-0.187012,0.991699,0.000532632,-0.00106526,-0.000532632
1774096219034,0.116699,-0.186523,0.993652,-0.00106526,-0.00106526,0
1774096219115,0.115234,-0.187988,0.991699,-0.000532632,-0.000532632,0.000532632
1774096219185,0.117676,-0.187012,0.993652,0,-0.00106526,0
1774096219266,0.117676,-0.189453,0.993652,0.000532632,-0.0015979,-0.000532632
1774096219346,0.119141,-0.186035,0.992188,0,-0.0015979,0
1774096219417,0.117676,-0.1875,0.991699,0,-0.000532632,-0.0015979
1774096219497,0.117188,-0.1875,0.991699,0,-0.00106526,0
1774096219578,0.120117,-0.188477,0.993652,0,-0.00106526,0.000532632
1774096219649,0.116699,-0.186035,0.990234,-0.000532632,-0.000532632,0
1774096219729,0.118164,-0.1875,0.989746,0,-0.00106526,0.000532632
1774096219799,0.116699,-0.189453,0.992188,0.000532632,-0.00106526,0
1774096219880,0.116211,-0.187988,0.992676,-0.00106526,-0.00106526,0
1774096219960,0.115723,-0.187012,0.990723,0,-0.000532632,0.000532632
1774096220031,0.117188,-0.188477,0.992676,-0.000532632,-0.000532632,0.000532632
1774096220111,0.117676,-0.189453,0.993164,-0.000532632,-0.0015979,0.000532632
1774096220192,0.117188,-0.188477,0.991699,-0.000532632,-0.0015979,0
1774096220263,0.115234,-0.1875,0.992676,-0.00106526,0,0.000532632
1774096220343,0.117188,-0.187012,0.991211,0.00106526,-0.0015979,0
1774096220424,0.117676,-0.186523,0.991211,0,-0.00106526,0
1774096220494,0.116211,-0.1875,0.992676,-0.00106526,0,0.000532632
1774096220575,0.116211,-0.185059,0.993652,0.00106526,-0.00106526,0.00106526
1774096220655,0.119141,-0.186523,0.993164,0,-0.000532632,0.000532632
1774096220726,0.116211,-0.188965,0.991699,0,-0.00106526,-0.000532632
1774096220806,0.116699,-0.189453,0.990723,0.000532632,0,0
1774096220887,0.116699,-0.188477,0.993164,0.000532632,-0.000532632,-0.000532632
1774096220957,0.119629,-0.1875,0.991211,0.000532632,-0.00106526,0.000532632
1774096221038,0.117188,-0.188965,0.989746,0.000532632,-0.000532632,0.000532632
1774096221108,0.116699,-0.188965,0.991699,0,0,0.000532632
1774096221189,0.119629,-0.188477,0.992676,-0.000532632,-0.000532632,0
1774096221269,0.118164,-0.186523,0.991699,-0.00106526,-0.000532632,0
1774096221340,0.116211,-0.187012,0.992188,0.000532632,-0.000532632,0
1774096221421,0.118164,-0.187012,0.992676,-0.000532632,0,0.000532632
1774096221502,0.115723,-0.187988,0.989746,0.000532632,0,0
1774096221572,0.117676,-0.188477,0.992188,0.000532632,-0.000532632,-0.000532632
1774096221652,0.117676,-0.188965,0.993164,0.00106526,-0.00106526,0.00106526
1774096221733,0.116211,-0.187988,0.990723,0,-0.00106526,0
1774096221803,0.116699,-0.187012,0.989258,0,-0.00106526,0.000532632
1774096221884,0.116699,-0.1875,0.992188,-0.000532632,-0.0015979,0.000532632
1774096221954,0.117676,-0.1875,0.992676,0,-0.000532632,0
1774096222035,0.118164,-0.187988,0.992188,-0.000532632,-0.00106526,0
1774096222115,0.118164,-0.188965,0.992188,0.000532632,-0.00106526,-0.00106526
1774096222196,0.117676,-0.187988,0.991211,-0.000532632,0,0.000532632
1774096222266,0.116699,-0.188477,0.991699,0,-0.00106526,-0.000532632
1774096222347,0.116699,-0.187988,0.992676,-0.00106526,-0.0015979,-0.00106526
1774096222417,0.118164,-0.189453,0.992188,-0.000532632,-0.000532632,0.000532632
1774096222498,0.117676,-0.187988,0.993164,0,-0.0015979,0
1774096222579,0.117676,-0.187988,0.993164,0.000532632,-0.000532632,0.00106526
1774096222649,0.116699,-0.186523,0.991699,0,0,0
1774096222729,0.118164,-0.186523,0.993164,-0.00106526,-0.000532632,-0.000532632
1774096222810,0.118652,-0.189453,0.992188,-0.000532632,-0.00106526,0.000532632
1774096222881,0.118164,-0.186523,0.990723,-0.00106526,-0.00106526,0
1774096222961,0.119629,-0.187988,0.990723,-0.000532632,-0.000532632,0.000532632
1774096223042,0.118164,-0.187988,0.992188,0.00106526,-0.000532632,0.000532632
1774096223112,0.118652,-0.186523,0.992188,-0.000532632,-0.00106526,0.000532632
1774096223193,0.118164,-0.187988,0.994141,-0.000532632,-0.000532632,-0.000532632
1774096223273,0.118164,-0.188477,0.994141,-0.000532632,-0.0015979,-0.0015979
1774096223344,0.117676,-0.1875,0.991211,0,-0.00106526,0
1774096223424,0.118164,-0.186523,0.991699,0,-0.000532632,0
1774096223505,0.116699,-0.187012,0.991211,0.00106526,-0.00106526,0
1774096223575,0.117676,-0.188477,0.992188,0.000532632,-0.00106526,-0.000532632
1774096223656,0.118164,-0.188965,0.990234,0,-0.000532632,0.000532632
1774096223727,0.116699,-0.188477,0.992188,0,-0.0015979,0.000532632
1774096223807,0.117676,-0.187012,0.991699,-0.00106526,0,0.000532632
1774096223888,0.115723,-0.188477,0.990723,0,-0.00106526,-0.000532632
1774096223958,0.118652,-0.189941,0.991699,0,-0.0015979,0
1774096224038,0.119141,-0.187988,0.992188,-0.000532632,-0.000532632,0
1774096224119,0.116211,-0.1875,0.991211,0,-0.000532632,0.00106526
1774096224189,0.116211,-0.186523,0.991699,0,-0.00106526,-0.000532632
1774096224270,0.117676,-0.188965,0.990723,-0.000532632,-0.00106526,0
1774096224351,0.116699,-0.188965,0.990723,-0.000532632,0,-0.000532632
1774096224421,0.116699,-0.188965,0.991699,-0.000532632,-0.00106526,0
1774096224502,0.119141,-0.189453,0.990723,0,-0.00106526,-0.00106526
1774096224582,0.116699,-0.188477,0.992188,-0.00106526,-0.00106526,0.00106526
1774096224653,0.119141,-0.188477,0.991699,0,-0.000532632,0
1774096224733,0.117676,-0.187012,0.993164,0.000532632,-0.00106526,0.000532632
1774096224814,0.117676,-0.185547,0.991699,0,-0.00106526,-0.000532632
1774096224884,0.117188,-0.1875,0.992188,0,-0.0015979,0
1774096224965,0.114746,-0.187988,0.990723,0,-0.00106526,-0.000532632
1774096225045,0.117188,-0.187988,0.991699,0,0,0
1774096225116,0.117676,-0.188965,0.992676,0.00106526,-0.000532632,0.000532632
1774096225196,0.117188,-0.187988,0.990723,0.000532632,-0.000532632,-0.000532632
1774096225277,0.116211,-0.186523,0.991211,0,-0.000532632,0.00106526
1774096225347,0.118164,-0.188477,0.992676,-0.000532632,0.000532632,0.00106526
1774096225428,0.116211,-0.187988,0.993164,0.00106526,-0.000532632,0.000532632
1774096225498,0.117676,-0.189941,0.992676,0,-0.000532632,0
1774096225579,0.117188,-0.1875,0.994141,0.000532632,-0.00106526,0.000532632
1774096225659,0.116211,-0.187012,0.991699,0,-0.0015979,0.00106526
1774096225730,0.116699,-0.186035,0.991699,0.000532632,-0.000532632,0
1774096225810,0.117188,-0.188965,0.991699,0,-0.00106526,0.000532632
1774096225891,0.117676,-0.185059,0.990723,0.000532632,-0.00106526,0.000532632
1774096225962,0.116699,-0.1875,0.991211,0,-0.0015979,0
1774096226042,0.117188,-0.19043,0.993164,0.000532632,-0.000532632,0.000532632
1774096226123,0.117188,-0.187012,0.992676,-0.000532632,-0.000532632,0
1774096226193,0.116211,-0.187012,0.990234,0.000532632,-0.00106526,0.000532632
1774096226274,0.117188,-0.187012,0.989258,-0.000532632,0,0.00106526
1774096226354,0.116699,-0.1875,0.991699,-0.000532632,-0.000532632,0.000532632
1774096226425,0.118652,-0.188477,0.992188,-0.000532632,-0.00106526,0.000532632
1774096226506,0.119141,-0.188477,0.991211,-0.000532632,-0.000532632,0
1774096226586,0.117188,-0.186523,0.990723,0,-0.000532632,0.0015979
1774096226657,0.117676,-0.186035,0.993652,0.000532632,-0.0015979,0.00106526
1774096226737,0.118164,-0.185059,0.992676,0.000532632,-0.0015979,-0.00106526
1774096226808,0.117676,-0.18457,0.992676,0,0,-0.000532632
1774096226889,0.117188,-0.186523,0.992188,0.000532632,-0.00106526,-0.00106526
1774096226969,0.117188,-0.1875,0.994141,0,-0.000532632,0
1774096227040,0.116211,-0.186035,0.991211,-0.000532632,-0.000532632,0
1774096227121,0.118652,-0.1875,0.990723,-0.000532632,-0.000532632,0.00106526
1774096227201,0.116699,-0.188477,0.991211,0.000532632,0,0
1774096227271,0.117676,-0.186523,0.991211,0.000532632,-0.000532632,0.00106526
1774096227352,0.118164,-0.187012,0.992188,-0.000532632,-0.0015979,0
1774096227432,0.116699,-0.187988,0.991699,0,-0.0015979,0
1774096227503,0.118164,-0.187988,0.991211,0,-0.0015979,-0.000532632
1774096227583,0.119141,-0.187988,0.993164,-0.000532632,-0.0015979,0
1774096227664,0.117188,-0.187988,0.993164,0,-0.00106526,0
1774096227734,0.118652,-0.186523,0.993164,0,0,-0.0015979
1774096227815,0.115723,-0.188477,0.992676,-0.000532632,-0.000532632,0
1774096227885,0.117676,-0.1875,0.991699,-0.000532632,0,0.00106526
1774096227966,0.117676,-0.187012,0.991699,0.00106526,-0.000532632,-0.000532632
1774096228046,0.118164,-0.186523,0.993164,0.000532632,-0.0015979,0
1774096228117,0.117188,-0.187012,0.991699,0.000532632,-0.00106526,-0.00106526
1774096228198,0.117676,-0.188965,0.993164,-0.00106526,-0.0015979,0.000532632
1774096228278,0.119141,-0.186523,0.993164,0.000532632,-0.0015979,0
1774096228349,0.118164,-0.187988,0.991699,0.0015979,-0.0015979,0
1774096228429,0.118652,-0.1875,0.993164,-0.000532632,-0.00106526,-0.000532632
1774096228510,0.117188,-0.187012,0.992188,0.000532632,-0.000532632,0.000532632
1774096228580,0.118652,-0.1875,0.991211,-0.000532632,-0.00106526,0.000532632
1774096228661,0.118164,-0.189453,0.992188,0,0,0.00213053
1774096228742,0.114746,-0.186523,0.990234,0.00106526,-0.00106526,0
1774096228812,0.119141,-0.187988,0.992676,0.000532632,-0.00106526,0.00106526
1774096228892,0.118164,-0.187012,0.992676,-0.000532632,-0.00106526,0.000532632
1774096228973,0.116211,-0.187012,0.991699,-0.000532632,-0.00106526,0.000532632
1774096229043,0.116699,-0.187012,0.992188,0.000532632,-0.0015979,-0.000532632
1774096229124,0.118652,-0.188965,0.991699,-0.000532632,-0.000532632,0
1774096229194,0.116699,-0.1875,0.993164,-0.000532632,0,-0.000532632
1774096229275,0.115723,-0.186523,0.992676,0.000532632,-0.0015979,-0.000532632
1774096229355,0.119629,-0.187012,0.990723,0.000532632,-0.000532632,-0.000532632
1774096229426,0.116699,-0.1875,0.993164,0,0,0
1774096229506,0.116699,-0.187988,0.991699,0.000532632,-0.0015979,0.000532632
1774096229587,0.115723,-0.1875,0.991211,0,-0.00106526,0.000532632
1774096229657,0.119141,-0.1875,0.991211,0.000532632,-0.00106526,0
1774096229738,0.116699,-0.1875,0.992188,-0.000532632,-0.00106526,0
1774096229819,0.117676,-0.187012,0.991211,-0.00106526,0,-0.00106526
1774096229889,0.115234,-0.188477,0.992676,0,-0.0015979,0.00106526
1774096229970,0.119629,-0.1875,0.994141,0,0,0.000532632
1774096230050,0.117188,-0.187012,0.992188,0,-0.0015979,0
1774096230121,0.117188,-0.186035,0.990234,0,-0.00106526,0
1774096230201,0.119141,-0.186035,0.991699,-0.00106526,-0.00106526,0
1774096230282,0.117676,-0.187988,0.991699,-0.000532632,0.000532632,0.00106526
1774096230352,0.119141,-0.188477,0.993164,0,-0.0015979,0
1774096230433,0.117676,-0.185547,0.992676,-0.00106526,-0.000532632,0
1774096230503,0.117676,-0.1875,0.992188,0,-0.000532632,0
1774096230584,0.117188,-0.187988,0.993652,0,-0.00106526,-0.00106526
1774096230664,0.116211,-0.186523,0.992676,0,-0.00106526,0
1774096230735,0.118164,-0.186523,0.994141,-0.000532632,-0.00106526,-0.000532632
1774096230815,0.118164,-0.186523,0.993164,0.00106526,-0.00106526,0.000532632
1774096230896,0.119141,-0.187988,0.994629,0,-0.000532632,0
1774096230966,0.119629,-0.189941,0.993164,0.000532632,-0.00106526,0
1774096231047,0.116699,-0.187988,0.992188,0.000532632,-0.00106526,0.000532632
1774096231128,0.117188,-0.186035,0.994141,0.000532632,0,0.000532632
1774096231198,0.117676,-0.187988,0.992676,-0.000532632,-0.000532632,-0.000532632
1774096231279,0.117676,-0.186523,0.990723,0.000532632,-0.00106526,-0.00106526
1774096231359,0.116211,-0.187012,0.992188,0.000532632,0,0
1774096231430,0.114746,-0.186523,0.991211,-0.000532632,0.000532632,-0.000532632
1774096231510,0.115723,-0.189453,0.991211,-0.000532632,-0.0015979,0.000532632
1774096231591,0.117188,-0.187988,0.990723,0.000532632,-0.00106526,-0.00106526
1774096231661,0.119629,-0.1875,0.992188,0.00106526,-0.00106526,0.000532632
1774096231742,0.118164,-0.187012,0.992188,-0.000532632,-0.000532632,0
1774096231812,0.116211,-0.187988,0.991211,0.000532632,-0.00106526,-0.00106526
1774096231893,0.116699,-0.188965,0.992676,0,0,-0.000532632
1774096231973,0.116211,-0.1875,0.989746,-0.000532632,-0.00106526,0.000532632
1774096232044,0.116699,-0.187988,0.991699,0,-0.000532632,0
1774096232124,0.115723,-0.187988,0.989258,-0.000532632,-0.000532632,0.000532632
1774096232205,0.116699,-0.189941,0.992676,0.00106526,0,0.000532632
1774096232275,0.117188,-0.187988,0.991211,-0.000532632,-0.00106526,-0.000532632
1774096232356,0.119629,-0.189941,0.992188,0.00106526,-0.0015979,0.000532632
1774096232437,0.115234,-0.187012,0.990234,0.000532632,-0.00106526,0.000532632
1774096232507,0.118164,-0.1875,0.991211,0.000532632,-0.00106526,0.000532632
1774096232588,0.117188,-0.187988,0.990234,0,0,0.000532632
1774096232658,0.117676,-0.188477,0.993164,-0.000532632,-0.00106526,0.000532632
1774096232739,0.117188,-0.187988,0.991699,-0.000532632,-0.000532632,-0.000532632
1774096232819,0.117188,-0.189941,0.991211,-0.000532632,-0.000532632,0.000532632
1774096232900,0.118164,-0.186523,0.990723,-0.000532632,-0.000532632,0
1774096232970,0.117676,-0.189941,0.991699,0,-0.0015979,-0.000532632
1774096233051,0.117676,-0.187988,0.992676,0.000532632,-0.0015979,-0.000532632
1774096233121,0.117676,-0.187988,0.992188,0.000532632,-0.00213053,-0.00106526
1774096233202,0.118652,-0.188965,0.991699,0,-0.00106526,-0.00106526
1774096233282,0.116699,-0.187988,0.990234,0,-0.00106526,-0.000532632
1774096233353,0.118652,-0.187988,0.993164,-0.0015979,-0.00106526,0.00106526
1774096233433,0.117676,-0.188965,0.992188,0,-0.000532632,0.00106526
1774096233514,0.118164,-0.1875,0.991211,-0.000532632,-0.000532632,0
1774096233584,0.115723,-0.187988,0.992676,0.000532632,-0.00106526,0
1774096233665,0.119141,-0.1875,0.990723,0.000532632,-0.0015979,0.000532632
1774096233746,0.116699,-0.188477,0.992188,0.000532632,-0.00106526,0.000532632
1774096233816,0.117676,-0.187988,0.993164,-0.000532632,-0.000532632,0.000532632
1774096233897,0.116699,-0.187012,0.990234,-0.000532632,0,0
1774096233977,0.118164,-0.189941,0.991699,0.000532632,-0.000532632,0
1774096234048,0.118164,-0.187012,0.992188,-0.000532632,-0.00106526,0.00106526
1774096234128,0.117188,-0.188477,0.991699,0.000532632,-0.000532632,-0.000532632
1774096234209,0.117188,-0.187988,0.992188,-0.000532632,-0.0015979,-0.000532632
1774096234279,0.117188,-0.188477,0.989746,0,-0.0015979,0
1774096234360,0.117676,-0.187012,0.992676,0,-0.000532632,0.000532632
1774096234430,0.117188,-0.189941,0.992188,0,-0.000532632,0
1774096234511,0.116211,-0.1875,0.992188,-0.000532632,-0.000532632,-0.000532632
1774096234591,0.119141,-0.185547,0.993164,0,-0.00106526,0.00106526
1774096234662,0.117676,-0.185547,0.991699,0,-0.0015979,-0.000532632
1774096234742,0.118164,-0.188965,0.992676,0,-0.00106526,0
1774096234823,0.118652,-0.187012,0.991211,0.0015979,0,0.000532632
1774096234893,0.117676,-0.187012,0.991699,0,-0.000532632,-0.000532632
1774096234974,0.117676,-0.188965,0.991211,0.00106526,-0.00106526,0
1774096235055,0.118652,-0.186035,0.992188,0,-0.00106526,0.000532632
1774096235125,0.120605,-0.188477,0.992676,0,-0.00106526,0.00106526
1774096235206,0.117676,-0.187012,0.992676,0,-0.000532632,0
1774096235286,0.117188,-0.187012,0.991699,-0.000532632,-0.0015979,0.000532632
1774096235357,0.115723,-0.1875,0.98877,0.00106526,0,-0.000532632
1774096235437,0.115723,-0.187012,0.991699,0.000532632,0,0
1774096235508,0.119141,-0.1875,0.992676,0.000532632,-0.0015979,0.000532632
1774096235589,0.115234,-0.1875,0.992188,0,0,0.000532632
1774096235669,0.115234,-0.1875,0.993652,-0.000532632,0,0.00106526
1774096235740,0.117188,-0.187012,0.992676,0,-0.000532632,-0.00106526
1774096235820,0.116211,-0.1875,0.992676,0,-0.000532632,0
1774096235901,0.116211,-0.187012,0.991211,0.000532632,-0.00106526,0
1774096235971,0.116211,-0.188477,0.992188,0,-0.0015979,0.00106526
1774096236052,0.117188,-0.187012,0.993164,0,-0.00106526,0.000532632
1774096236132,0.116211,-0.187988,0.990234,-0.000532632,0,-0.000532632
1774096236203,0.118164,-0.188477,0.991699,0,-0.00106526,0
1774096236283,0.117188,-0.186035,0.990723,0.000532632,-0.0015979,0
1774096236364,0.118164,-0.188477,0.993164,0,-0.00213053,-0.000532632
1774096236434,0.118164,-0.187988,0.994629,-0.000532632,-0.000532632,0.000532632
1774096236515,0.118164,-0.187988,0.992676,0,-0.0015979,0
1774096236596,0.118164,-0.1875,0.992188,0.000532632,-0.00106526,0
1774096236666,0.117188,-0.188477,0.991699,0.000532632,-0.000532632,0
1774096236747,0.118652,-0.186035,0.992676,0,-0.00106526,0
1774096236827,0.116699,-0.1875,0.990234,-0.000532632,-0.00106526,-0.000532632
1774096236898,0.117188,-0.1875,0.992188,-0.000532632,-0.00106526,0
1774096236978,0.116699,-0.19043,0.991211,0.000532632,-0.000532632,0
1774096237049,0.118164,-0.188477,0.991699,-0.00106526,-0.0015979,-0.000532632
1774096237129,0.117188,-0.187988,0.992188,-0.000532632,-0.00106526,0
1774096237210,0.120117,-0.187988,0.993652,0,-0.000532632,0
1774096237280,0.119141,-0.1875,0.991699,-0.000532632,-0.000532632,0
1774096237361,0.116699,-0.186523,0.993652,-0.000532632,-0.00106526,0
1774096237442,0.119141,-0.1875,0.993164,0.000532632,-0.000532632,-0.000532632
1774096237512,0.118164,-0.1875,0.992188,0.000532632,-0.00106526,-0.000532632
1774096237592,0.116211,-0.187988,0.991699,0.000532632,-0.00106526,0
1774096237673,0.117188,-0.185059,0.993652,0,-0.000532632,0
1774096237743,0.117188,-0.187988,0.992188,0.000532632,-0.00106526,0
1774096237824,0.118652,-0.188477,0.992676,0.00106526,-0.0015979,0.000532632
1774096237904,0.117188,-0.188477,0.991699,0.000532632,-0.00106526,0.000532632
1774096237975,0.116699,-0.187012,0.991699,0,-0.00106526,0
1774096238056,0.116211,-0.187988,0.992676,0.000532632,-0.00106526,0.000532632
1774096238136,0.117188,-0.1875,0.992188,0,-0.000532632,0
1774096238207,0.119629,-0.188477,0.990723,0.000532632,-0.000532632,-0.000532632
1774096238287,0.118652,-0.187012,0.992188,0,-0.000532632,-0.000532632
1774096238368,0.119629,-0.188477,0.991211,-0.000532632,-0.00106526,0.000532632
1774096238438,0.118652,-0.188965,0.991699,0,-0.00106526,0
1774096238519,0.118164,-0.187988,0.992188,0,-0.00106526,-0.000532632
1774096238589,0.118164,-0.186035,0.991211,0,-0.00106526,-0.00106526
1774096238670,0.118164,-0.187988,0.992676,0.000532632,0,0.000532632
1774096238750,0.116699,-0.1875,0.991211,0,-0.000532632,0
1774096238821,0.117676,-0.187988,0.990723,-0.000532632,-0.00106526,-0.000532632
1774096238901,0.118652,-0.187012,0.992188,0.00106526,-0.0015979,0.000532632
1774096238982,0.117188,-0.187012,0.991211,-0.000532632,-0.000532632,0
1774096239052,0.118164,-0.186035,0.992676,-0.00106526,-0.00106526,0
1774096239133,0.118164,-0.186035,0.991699,0,-0.000532632,-0.0015979
1774096239214,0.118164,-0.188477,0.993164,-0.000532632,-0.00106526,0.000532632
1774096239284,0.117676,-0.188477,0.991699,0,0,-0.000532632
1774096239365,0.118652,-0.186523,0.990723,0,-0.0015979,-0.000532632
1774096239445,0.116699,-0.187012,0.990234,0.000532632,-0.0015979,0.00106526
1774096239516,0.117676,-0.1875,0.990234,0,-0.000532632,-0.000532632
1774096239596,0.116699,-0.187012,0.993652,0,-0.00106526,0.000532632
1774096239677,0.118164,-0.1875,0.991699,-0.00106526,-0.00106526,-0.000532632
1774096239747,0.118164,-0.187988,0.992188,-0.000532632,-0.000532632,0
1774096239828,0.118164,-0.1875,0.991699,-0.00106526,-0.0015979,0.000532632
1774096239898,0.117676,-0.187988,0.993652,0.000532632,-0.00106526,0
1774096239979,0.117676,-0.186523,0.992676,0,0,-0.000532632
1774096240059,0.118652,-0.189941,0.992676,0,-0.00106526,-0.00106526
1774096240130,0.117188,-0.187012,0.994141,0.000532632,-0.00106526,-0.000532632
1774096240210,0.117676,-0.187988,0.992188,0,-0.00213053,0.00106526
1774096240291,0.116211,-0.187988,0.992676,0,-0.00106526,0.000532632
1774096240361,0.118164,-0.187988,0.991699,0,-0.000532632,-0.000532632
1774096240442,0.116699,-0.186523,0.992188,0.000532632,0,0
1774096240522,0.116699,-0.188965,0.989746,0,0.000532632,0.000532632
1774096240593,0.116699,-0.187988,0.994629,0.000532632,-0.000532632,0.000532632
1774096240673,0.117188,-0.187988,0.993164,-0.000532632,-0.0015979,0
1774096240754,0.119141,-0.186523,0.990723,0,-0.00106526,-0.0015979
1774096240824,0.118164,-0.187012,0.993164,-0.000532632,-0.00106526,0
1774096240905,0.117188,-0.188477,0.991699,-0.000532632,-0.000532632,0
1774096240985,0.117676,-0.186523,0.991211,-0.000532632,0,0
1774096241056,0.118652,-0.188477,0.992188,0,-0.000532632,0
1774096241136,0.116211,-0.186035,0.992188,-0.000532632,-0.00106526,0.000532632
1774096241207,0.117676,-0.1875,0.994629,0.00106526,-0.000532632,0.00106526
1774096241287,0.118652,-0.186523,0.992188,-0.000532632,-0.0015979,0.000532632
1774096241368,0.119141,-0.187012,0.992188,-0.000532632,-0.000532632,0.00106526
1774096241439,0.117676,-0.187988,0.990723,0.000532632,-0.0015979,-0.000532632
1774096241519,0.120117,-0.1875,0.992676,0.000532632,0,-0.000532632
1774096241600,0.118164,-0.187988,0.992188,0.000532632,-0.0015979,0
1774096241670,0.118652,-0.188477,0.990723,0.000532632,-0.00106526,0.000532632
1774096241751,0.118164,-0.187988,0.993164,0,-0.00106526,0.000532632
1774096241831,0.117676,-0.1875,0.990723,-0.000532632,-0.00106526,0
1774096241903,0.116699,-0.185547,0.991699,-0.00106526,-0.00106526,-0.00106526
1774096241983,0.117188,-0.188477,0.990723,0.00106526,-0.00106526,0.000532632
1774096242063,0.115723,-0.189453,0.991699,0.000532632,-0.00106526,0.00106526
1774096242133,0.119141,-0.188477,0.992188,-0.000532632,-0.00106526,0
1774096242214,0.117188,-0.1875,0.992676,0,-0.00106526,0.000532632
1774096242294,0.117188,-0.186035,0.991699,0.000532632,-0.00106526,-0.000532632
1774096242365,0.117676,-0.188477,0.992188,-0.000532632,0,0
1774096242446,0.117188,-0.187988,0.992188,0,0,0
1774096242516,0.117188,-0.189941,0.993164,-0.000532632,-0.00106526,0
1774096242597,0.115234,-0.188477,0.993164,-0.000532632,0,-0.00106526
1774096242677,0.117676,-0.187988,0.992188,0,0,0
1774096242748,0.117676,-0.186035,0.992188,-0.000532632,-0.0015979,0
1774096242828,0.119629,-0.1875,0.992188,0.000532632,-0.000532632,-0.000532632
1774096242909,0.117676,-0.188477,0.992676,-0.00106526,-0.00106526,0.000532632
1774096242979,0.119629,-0.187988,0.991699,0.000532632,0.000532632,0
1774096243060,0.118164,-0.186035,0.992188,0,-0.00106526,0.000532632
1774096243130,0.118164,-0.187988,0.992676,0,-0.000532632,0.000532632
1774096243211,0.114258,-0.187988,0.991211,-0.000532632,-0.0015979,-0.000532632
1774096243292,0.115723,-0.186035,0.991699,-0.000532632,0,0
1774096243372,0.117188,-0.185059,0.992676,0.00106526,-0.000532632,0
1774096243443,0.118164,-0.188477,0.992676,0.0015979,-0.00106526,-0.000532632
1774096243524,0.116211,-0.1875,0.992188,0.00106526,0,0
1774096243594,0.118164,-0.188477,0.992676,0.00106526,0,-0.000532632
1774096243674,0.118652,-0.187988,0.991699,0.000532632,-0.00106526,-0.000532632
1774096243755,0.118164,-0.188965,0.991211,0,-0.00106526,0
1774096243826,0.117676,-0.1875,0.992188,-0.000532632,-0.000532632,0
1774096243906,0.117676,-0.187012,0.992188,0.000532632,-0.00106526,0
1774096243987,0.117188,-0.187012,0.991699,0.000532632,-0.000532632,0.000532632
1774096244057,0.118164,-0.186035,0.991211,-0.000532632,0,-0.000532632
1774096244138,0.118652,-0.189453,0.992188,0.000532632,-0.00106526,0
1774096244218,0.116699,-0.186523,0.992188,0,-0.000532632,0
1774096244289,0.117676,-0.188477,0.992188,0.000532632,-0.000532632,0.000532632
1774096244369,0.115723,-0.188477,0.992188,-0.000532632,-0.000532632,0
1774096244450,0.117188,-0.187012,0.992188,0,-0.0015979,0.00106526
1774096244520,0.118164,-0.188965,0.992188,0.000532632,-0.000532632,0
1774096244601,0.117676,-0.187988,0.991211,0.000532632,-0.000532632,0
1774096244681,0.117676,-0.187988,0.992676,0.000532632,-0.000532632,0
1774096244752,0.117188,-0.188477,0.992676,0.00106526,-0.0015979,-0.000532632
1774096244833,0.117676,-0.186035,0.991211,-0.000532632,0,-0.000532632
1774096244903,0.118652,-0.188965,0.991211,0.00106526,-0.000532632,0.00106526
1774096244984,0.115234,-0.186035,0.993652,0,-0.00106526,0
1774096245064,0.116211,-0.188477,0.991699,0,-0.0015979,-0.000532632
1774096245135,0.117188,-0.1875,0.992676,0.000532632,-0.00106526,-0.000532632
1774096245215,0.118652,-0.187012,0.991211,-0.000532632,-0.000532632,-0.0015979
1774096245296,0.118164,-0.187988,0.991699,0,0.000532632,0.000532632
1774096245366,0.118652,-0.189941,0.992188,0.000532632,0,0.000532632
1774096245447,0.116699,-0.188965,0.993164,-0.000532632,0,0
1774096245527,0.117676,-0.187012,0.990723,0.000532632,-0.00106526,-0.000532632
1774096245598,0.117188,-0.188965,0.992188,-0.000532632,-0.0015979,0.000532632
1774096245678,0.117188,-0.185547,0.992676,0,-0.000532632,-0.000532632
1774096245759,0.118164,-0.187988,0.992188,-0.000532632,-0.00106526,-0.000532632
1774096245829,0.118164,-0.187988,0.994141,0.000532632,0,0.000532632
1774096245910,0.117188,-0.186523,0.989746,0.00106526,-0.00106526,0
1774096245990,0.117676,-0.185059,0.992676,-0.000532632,-0.00106526,-0.000532632
1774096246061,0.118652,-0.187988,0.992188,0.000532632,-0.000532632,0.000532632
1774096246141,0.115723,-0.187988,0.991699,0.000532632,-0.00106526,-0.00106526
1774096246212,0.118164,-0.187988,0.993652,0,-0.0015979,0.000532632
1774096246292,0.116211,-0.1875,0.990723,0,0,0
1774096246373,0.117188,-0.188965,0.992676,0,-0.00213053,-0.000532632
1774096246443,0.117676,-0.185059,0.993652,0.000532632,-0.00106526,0.000532632
1774096246524,0.119141,-0.1875,0.991211,0,0,0
1774096246605,0.119141,-0.187012,0.993164,0,-0.00106526,0.000532632
1774096246675,0.119141,-0.186523,0.992676,0.000532632,-0.00106526,0
1774096246756,0.116211,-0.1875,0.991699,0,-0.000532632,0
1774096246836,0.118652,-0.1875,0.992676,0.000532632,-0.000532632,0.000532632
1774096246907,0.117676,-0.187012,0.992676,-0.000532632,-0.0015979,0.00106526
1774096246988,0.117188,-0.187012,0.991211,0,-0.00106526,-0.000532632
1774096247068,0.116699,-0.189453,0.992188,0,-0.000532632,-0.00106526
1774096247139,0.118652,-0.1875,0.990723,0,-0.000532632,0
1774096247219,0.117188,-0.185059,0.992676,0,-0.00106526,0
1774096247290,0.116699,-0.187012,0.993164,0,-0.0015979,0.000532632
1774096247371,0.116699,-0.189453,0.992676,0,-0.000532632,0.000532632
1774096247451,0.117676,-0.186035,0.992676,-0.000532632,-0.00106526,0
1774096247522,0.119141,-0.1875,0.991699,0.000532632,-0.00106526,0.000532632
1774096247602,0.118164,-0.188477,0.991211,0,-0.000532632,0.0015979
1774096247682,0.117676,-0.188477,0.991211,0.000532632,-0.000532632,0.000532632
1774096247753,0.118164,-0.187012,0.992188,0,-0.00106526,-0.0015979
1774096247833,0.117676,-0.186523,0.991211,0.000532632,-0.00106526,0
1774096247914,0.116699,-0.1875,0.992676,0,-0.0015979,0.000532632
1774096247984,0.115723,-0.188965,0.991211,0.000532632,-0.00106526,0.00106526
1774096248065,0.118164,-0.187012,0.991211,0,-0.00106526,0.000532632
1774096248146,0.116699,-0.188965,0.988281,0,-0.0015979,0
1774096248216,0.117676,-0.187012,0.991699,0,-0.00106526,-0.000532632
1774096248297,0.114746,-0.187012,0.990234,-0.000532632,0,-0.000532632
1774096248377,0.116699,-0.1875,0.993164,0.00106526,-0.000532632,-0.00106526
1774096248448,0.118652,-0.185547,0.991699,0,0,0.000532632
1774096248528,0.117188,-0.187012,0.991211,0,-0.00106526,0.00106526
1774096248599,0.116699,-0.187012,0.992676,0,-0.000532632,0.000532632
1774096248679,0.117188,-0.187988,0.993652,0,-0.00106526,0
1774096248760,0.117676,-0.1875,0.993164,0.000532632,-0.000532632,0.000532632
1774096248830,0.118164,-0.187012,0.992188,-0.000532632,-0.000532632,-0.000532632
1774096248911,0.118164,-0.186523,0.991211,0.000532632,-0.0015979,0.000532632
1774096248991,0.117676,-0.1875,0.994141,0,-0.00106526,0
1774096249062,0.117188,-0.185547,0.991211,0,0,0
1774096249142,0.118652,-0.187012,0.991699,0,-0.000532632,-0.000532632
1774096249223,0.116211,-0.1875,0.990723,-0.00106526,0,-0.000532632
1774096249293,0.118164,-0.186523,0.993164,0,-0.000532632,-0.000532632
1774096249375,0.116699,-0.1875,0.993652,0,-0.000532632,0.000532632
1774096249455,0.117676,-0.188965,0.991211,0,-0.0015979,0
1774096249525,0.117676,-0.1875,0.991211,-0.000532632,-0.00106526,0
1774096249606,0.117676,-0.187012,0.992188,-0.000532632,-0.00106526,-0.000532632
1774096249686,0.118164,-0.186035,0.992188,-0.000532632,-0.00106526,-0.00106526
1774096249757,0.115723,-0.187988,0.991211,0.00106526,-0.0015979,-0.000532632
1774096249837,0.117188,-0.188965,0.992676,-0.000532632,-0.000532632,-0.000532632
1774096249908,0.118164,-0.187012,0.989746,-0.000532632,-0.000532632,-0.000532632
1774096249988,0.119141,-0.1875,0.991211,0.00106526,-0.00106526,0.0015979
1774096250069,0.117188,-0.19043,0.991211,0,-0.00106526,0
1774096250141,0.118164,-0.1875,0.992676,0,-0.00106526,0.000532632
1774096250220,0.116699,-0.187012,0.992676,-0.000532632,-0.00106526,-0.000532632
1774096250300,0.117676,-0.186035,0.993164,0.000532632,-0.00106526,-0.00106526
1774096250371,0.116699,-0.188477,0.991699,0,-0.00106526,-0.000532632
1774096250451,0.117676,-0.1875,0.993164,0,-0.000532632,0
1774096250532,0.116211,-0.188965,0.992676,-0.000532632,-0.0015979,0
1774096250602,0.118164,-0.188965,0.991699,0.00106526,-0.0015979,0
1774096250683,0.117188,-0.188477,0.991699,-0.000532632,-0.000532632,0.000532632
1774096250764,0.117676,-0.1875,0.992676,-0.00106526,-0.00106526,0
1774096250834,0.117676,-0.187012,0.993164,0.000532632,-0.00213053,0.000532632
1774096250915,0.117676,-0.188477,0.991699,-0.0015979,-0.00106526,0
1774096250995,0.117188,-0.188477,0.990723,0.000532632,-0.00106526,0
1774096251065,0.116699,-0.188965,0.991211,-0.000532632,-0.0015979,0
1774096251146,0.118652,-0.187012,0.994141,-0.000532632,-0.000532632,-0.00106526
1774096251217,0.117188,-0.188965,0.993164,0.000532632,-0.00106526,0
1774096251297,0.117676,-0.185547,0.990234,0,-0.000532632,-0.000532632
1774096251378,0.116211,-0.187988,0.991699,0,-0.00106526,-0.00106526
1774096251448,0.118164,-0.187012,0.990234,-0.000532632,-0.0015979,-0.000532632
1774096251529,0.117676,-0.187988,0.991699,0,-0.0015979,-0.000532632
1774096251609,0.116699,-0.1875,0.991699,0,-0.0015979,-0.000532632
1774096251680,0.118164,-0.188477,0.990723,-0.00106526,-0.0015979,-0.000532632
1774096251760,0.117188,-0.189941,0.992188,0.000532632,-0.00106526,-0.000532632
1774096251841,0.115723,-0.188477,0.992676,0,-0.00106526,-0.000532632
1774096251911,0.117188,-0.188477,0.992188,0,-0.0015979,0
1774096251992,0.116699,-0.188965,0.991699,0,-0.0015979,0
1774096252072,0.117676,-0.1875,0.994141,-0.000532632,-0.00106526,-0.00106526
1774096252143,0.116699,-0.189453,0.993164,0.00106526,-0.00106526,-0.000532632
1774096252223,0.118164,-0.188965,0.990723,-0.000532632,-0.0015979,-0.000532632
1774096252304,0.117676,-0.185059,0.991699,-0.000532632,-0.000532632,-0.000532632
1774096252375,0.118164,-0.188477,0.990723,0,-0.0015979,-0.000532632
1774096252455,0.118652,-0.189453,0.991699,0,-0.00106526,0.00106526
1774096252526,0.117676,-0.187988,0.992676,-0.00106526,-0.000532632,-0.000532632
1774096252606,0.116699,-0.188965,0.989258,0,0,0.00106526
1774096252687,0.115723,-0.188477,0.990234,-0.000532632,-0.000532632,-0.000532632
1774096252758,0.117188,-0.1875,0.993164,-0.000532632,-0.000532632,0
1774096252839,0.116699,-0.187988,0.993164,0,-0.000532632,0
1774096252919,0.118652,-0.187988,0.991699,-0.000532632,0,0
1774096252990,0.114746,-0.1875,0.993652,-0.000532632,-0.00106526,0.000532632
1774096253070,0.118164,-0.185059,0.990234,0.000532632,-0.0015979,-0.00106526
1774096253151,0.117676,-0.186035,0.992188,-0.000532632,-0.00106526,0.000532632
1774096253221,0.116211,-0.189941,0.992188,0,-0.00106526,0.000532632
1774096253302,0.118164,-0.187012,0.991211,0,-0.000532632,0
1774096253372,0.116699,-0.186523,0.991699,0,0,0
1774096253453,0.116699,-0.186035,0.991699,-0.00106526,-0.0015979,-0.000532632
1774096253533,0.116699,-0.188477,0.991211,0,-0.00106526,-0.000532632
1774096253604,0.117188,-0.188477,0.993164,-0.000532632,-0.00106526,-0.000532632
1774096253685,0.117676,-0.188477,0.993652,-0.00106526,0,0.000532632
1774096253765,0.119141,-0.189941,0.992676,0,-0.000532632,0
1774096253835,0.117188,-0.187988,0.991211,0,-0.000532632,-0.0015979
1774096253916,0.118652,-0.187988,0.992676,0.00106526,-0.00106526,-0.000532632
1774096253996,0.118164,-0.186035,0.991211,0,0,0
1774096254067,0.116211,-0.1875,0.991211,0,0,-0.000532632
1774096254147,0.119141,-0.188965,0.992188,0,-0.0015979,0
1774096254228,0.116699,-0.188477,0.992188,-0.00106526,-0.0015979,-0.000532632
1774096254299,0.116699,-0.1875,0.994629,0,-0.000532632,-0.000532632
1774096254379,0.116699,-0.189453,0.991699,-0.00106526,0,-0.00106526
1774096254460,0.116211,-0.186523,0.993164,0,0.000532632,0
1774096254530,0.117676,-0.187988,0.993164,0.000532632,-0.000532632,-0.000532632
1774096254611,0.116699,-0.188477,0.992188,0,-0.000532632,0
1774096254691,0.118652,-0.187012,0.992188,0.000532632,-0.00106526,-0.000532632
1774096254762,0.117188,-0.189941,0.993164,0,-0.000532632,0
1774096254842,0.116211,-0.186035,0.992188,0.000532632,-0.00106526,0.000532632
1774096254913,0.117676,-0.185547,0.992676,0.00106526,-0.0015979,-0.000532632
1774096254993,0.116211,-0.185547,0.994141,0.000532632,-0.000532632,-0.00106526
1774096255074,0.116699,-0.187012,0.992188,0.000532632,-0.00106526,-0.000532632
1774096255144,0.117676,-0.186523,0.992676,0,0,0.000532632
1774096255225,0.118652,-0.188965,0.992676,0.000532632,-0.000532632,-0.00106526
1774096255306,0.118164,-0.187988,0.992188,0.000532632,-0.00213053,0
1774096255376,0.119141,-0.187988,0.994141,-0.000532632,-0.00106526,-0.00106526
1774096255457,0.117188,-0.188477,0.991211,0,-0.00106526,0
1774096255537,0.117188,-0.186523,0.991211,-0.000532632,-0.00106526,0.000532632
1774096255608,0.118164,-0.187012,0.991211,0.000532632,-0.00106526,-0.000532632
1774096255688,0.117676,-0.187988,0.991211,-0.000532632,-0.00106526,-0.000532632
1774096255769,0.117676,-0.1875,0.993164,0,-0.0015979,-0.00106526
1774096255839,0.119629,-0.187988,0.992676,-0.000532632,-0.000532632,-0.000532632
1774096255920,0.116699,-0.186523,0.991699,-0.00106526,-0.00106526,0
1774096255991,0.117188,-0.186523,0.994141,0.000532632,-0.000532632,0
1774096256071,0.119141,-0.186035,0.992676,0.000532632,-0.00213053,0
1774096256152,0.117188,-0.188477,0.992188,0,0,-0.000532632
1774096256222,0.116699,-0.188965,0.992676,-0.00106526,-0.00213053,0.000532632
1774096256302,0.118164,-0.188965,0.993164,0,-0.000532632,-0.00106526
1774096256383,0.118652,-0.187012,0.992188,0.000532632,-0.00106526,0.000532632
1774096256454,0.117676,-0.1875,0.992676,0,-0.00106526,0.000532632
1774096256534,0.119141,-0.1875,0.991699,-0.000532632,-0.00106526,0.000532632
1774096256615,0.117676,-0.187012,0.993652,0.000532632,-0.00213053,0
1774096256685,0.116699,-0.186523,0.990723,0,-0.000532632,-0.000532632
1774096256766,0.117188,-0.187988,0.993164,-0.00106526,-0.000532632,-0.000532632
1774096256847,0.117188,-0.185547,0.994141,0.000532632,0,0.000532632
1774096256918,0.117676,-0.189453,0.991699,-0.000532632,-0.00106526,-0.00106526
1774096256998,0.117676,-0.187988,0.992676,0,-0.00106526,-0.000532632
1774096257069,0.117676,-0.1875,0.993164,0,-0.00106526,-0.000532632
1774096257149,0.117188,-0.187988,0.992188,0,-0.0015979,-0.000532632
1774096257230,0.118652,-0.1875,0.990723,0.000532632,-0.0015979,-0.000532632
1774096257300,0.117188,-0.186035,0.992676,0,-0.000532632,0.00106526
1774096257381,0.115234,-0.188477,0.991211,0,-0.00106526,0
1774096257461,0.119141,-0.187012,0.993652,0,0,0
1774096257532,0.119141,-0.188965,0.991699,-0.000532632,-0.00106526,0
1774096257613,0.117188,-0.1875,0.992676,0,0,-0.0015979
1774096257693,0.117676,-0.188477,0.993164,-0.000532632,-0.00106526,-0.00106526
1774096257763,0.118164,-0.186523,0.993652,-0.000532632,-0.000532632,-0.000532632
1774096257844,0.120117,-0.18457,0.992188,-0.0015979,-0.000532632,-0.00106526
1774096257925,0.118652,-0.186035,0.992676,0.000532632,-0.00106526,-0.00106526
1774096257995,0.117676,-0.1875,0.990723,0,-0.000532632,0
1774096258076,0.116699,-0.1875,0.991699,0.000532632,0,0
1774096258146,0.119141,-0.187988,0.991211,0.000532632,-0.000532632,-0.00106526
1774096258227,0.117676,-0.188965,0.990723,0,-0.000532632,-0.000532632
1774096258307,0.118652,-0.187988,0.992676,0,-0.00106526,0
1774096258378,0.119141,-0.187988,0.990723,-0.000532632,-0.000532632,-0.000532632
1774096258458,0.119141,-0.188965,0.994141,0.000532632,-0.000532632,0.00106526
1774096258539,0.115723,-0.187988,0.993652,0.000532632,-0.00106526,0.000532632
1774096258609,0.117188,-0.186523,0.992188,0,-0.000532632,0.000532632
1774096258690,0.119141,-0.186523,0.991699,-0.00213053,-0.00106526,-0.000532632
1774096258771,0.118652,-0.187988,0.993164,0.000532632,-0.0015979,0
1774096258841,0.118652,-0.187988,0.991699,-0.000532632,-0.000532632,0.000532632
1774096258922,0.116699,-0.188477,0.991699,0.000532632,-0.000532632,0.000532632
1774096259002,0.115234,-0.187012,0.992188,-0.0015979,0,0.00106526
1774096259073,0.118652,-0.188477,0.992676,0,-0.00106526,-0.000532632
1774096259153,0.118164,-0.187012,0.993164,0.000532632,-0.0015979,0.000532632
1774096259234,0.119629,-0.1875,0.991699,0,-0.00106526,0
1774096259304,0.119141,-0.187012,0.991211,0,-0.00106526,-0.000532632
1774096259385,0.116699,-0.1875,0.993164,0,-0.00106526,-0.000532632
1774096259455,0.120605,-0.188965,0.991699,0.00106526,-0.000532632,-0.000532632
1774096259536,0.118652,-0.186035,0.993164,-0.00106526,-0.00106526,0
1774096259616,0.117676,-0.187012,0.991699,0,-0.000532632,-0.000532632
1774096259687,0.118164,-0.188965,0.994141,0.000532632,-0.00106526,-0.000532632
1774096259768,0.115723,-0.188965,0.992676,0,-0.0015979,-0.000532632
1774096259848,0.120117,-0.187988,0.994141,0.000532632,-0.000532632,0
1774096259919,0.118652,-0.187012,0.992676,-0.000532632,-0.0015979,-0.00106526
1774096260000,0.117188,-0.1875,0.993652,-0.000532632,-0.0015979,-0.00106526
1774096260080,0.119141,-0.186523,0.992676,0,-0.00106526,-0.000532632
1774096260150,0.118164,-0.186035,0.995117,0.000532632,-0.00106526,-0.00106526
1774096260231,0.119629,-0.187012,0.991699,0,0,0
1774096260311,0.116699,-0.187988,0.993652,-0.000532632,0,-0.000532632
1774096260382,0.116699,-0.188477,0.991699,0,-0.000532632,0.000532632
1774096260463,0.119141,-0.187988,0.993164,0,-0.00213053,-0.000532632
1774096260533,0.118164,-0.1875,0.993164,-0.000532632,-0.0015979,-0.000532632
1774096260614,0.117188,-0.187012,0.992676,0.00106526,-0.000532632,0.000532632
1774096260694,0.121582,-0.187988,0.990723,0.000532632,-0.00106526,-0.000532632
1774096260765,0.118652,-0.188477,0.990234,-0.000532632,-0.00106526,-0.00106526
1774096260845,0.118164,-0.186035,0.990723,0,-0.000532632,0
1774096260926,0.116211,-0.187988,0.994141,-0.000532632,0,0.000532632
1774096260996,0.117676,-0.188477,0.991211,-0.000532632,-0.00106526,-0.000532632
1774096261077,0.117188,-0.187988,0.992188,0,-0.00106526,0.000532632
1774096261157,0.119629,-0.187012,0.992188,-0.00106526,-0.00106526,0.000532632
1774096261228,0.116699,-0.188477,0.992676,0,-0.00106526,-0.000532632
1774096261308,0.119629,-0.186523,0.992676,-0.000532632,-0.00106526,0
1774096261389,0.116211,-0.189941,0.994141,0,-0.0015979,-0.000532632
1774096261459,0.117188,-0.1875,0.991211,-0.0015979,-0.000532632,-0.000532632
1774096261540,0.117676,-0.1875,0.992676,-0.00106526,-0.00106526,-0.000532632
1774096261621,0.116211,-0.1875,0.992676,0,-0.00106526,-0.00106526
1774096261691,0.118164,-0.188477,0.991211,-0.000532632,-0.000532632,-0.000532632
1774096261772,0.118164,-0.186523,0.991211,-0.0015979,-0.0015979,0.000532632
1774096261852,0.118164,-0.187012,0.991211,0,0,-0.000532632
1774096261923,0.118652,-0.186523,0.993652,0,-0.000532632,0
1774096262003,0.116699,-0.187012,0.993652,-0.000532632,-0.000532632,0
1774096262074,0.118652,-0.1875,0.991699,0,-0.0015979,0
1774096262154,0.116211,-0.188477,0.993164,0,-0.00106526,0.000532632
1774096262235,0.117676,-0.187012,0.993652,0.000532632,-0.000532632,-0.000532632
1774096262305,0.116699,-0.188477,0.994141,-0.00106526,-0.000532632,0
1774096262386,0.119629,-0.188477,0.991211,0.000532632,-0.0015979,-0.000532632
1774096262467,0.119629,-0.188965,0.992676,0,-0.0015979,0
1774096262537,0.117188,-0.185059,0.992188,0,-0.0015979,-0.00106526
1774096262618,0.118164,-0.18457,0.991699,0.00106526,-0.00106526,0
1774096262698,0.117188,-0.188965,0.992676,-0.000532632,-0.0015979,-0.00106526
1774096262769,0.119141,-0.1875,0.991211,0,0,0
1774096262849,0.117676,-0.187012,0.991211,0.000532632,-0.000532632,0
1774096262930,0.116211,-0.187012,0.992676,0,0,0.000532632
1774096263000,0.118164,-0.187012,0.992676,0.000532632,-0.000532632,-0.000532632
1774096263081,0.117188,-0.186523,0.993652,-0.000532632,-0.000532632,0
1774096263151,0.116699,-0.188477,0.993652,0,-0.00106526,0
1774096263232,0.118164,-0.190918,0.991699,0,-0.000532632,-0.00106526
1774096263312,0.117188,-0.187012,0.992676,-0.000532632,-0.00106526,0
1774096263383,0.120117,-0.189453,0.994141,0,0,0
1774096263463,0.120605,-0.189453,0.992676,0,-0.00106526,0
1774096263544,0.117188,-0.188477,0.991211,0.000532632,-0.00106526,-0.00106526
1774096263614,0.119629,-0.189941,0.994141,-0.000532632,0,-0.00106526
1774096263695,0.116699,-0.188965,0.990234,-0.000532632,-0.00106526,0
1774096263775,0.118164,-0.188477,0.992676,-0.000532632,-0.0015979,0.000532632
1774096263846,0.119629,-0.187988,0.991699,0,-0.00106526,0
1774096263926,0.117188,-0.189453,0.991211,0,-0.00106526,-0.000532632
1774096264007,0.116699,-0.188965,0.990723,0.000532632,-0.000532632,-0.000532632
1774096264077,0.117676,-0.187012,0.992188,0,-0.000532632,0.000532632
1774096264158,0.118164,-0.186523,0.992188,0,-0.0015979,-0.000532632
1774096264239,0.118164,-0.186523,0.994141,-0.00106526,-0.00106526,0.000532632
1774096264309,0.117676,-0.189453,0.991211,-0.000532632,-0.00106526,-0.000532632
1774096264390,0.119629,-0.1875,0.993652,0,-0.0015979,-0.000532632
1774096264460,0.119141,-0.186035,0.992676,-0.000532632,-0.000532632,-0.000532632
1774096264541,0.116211,-0.186035,0.992188,-0.000532632,0,0.000532632
1774096264622,0.116699,-0.188477,0.994141,0,-0.00106526,0
1774096264692,0.119629,-0.187988,0.993164,0,-0.00106526,0.000532632
1774096264772,0.119141,-0.186523,0.992188,0,-0.000532632,0.000532632
1774096264853,0.118652,-0.186035,0.991699,-0.000532632,-0.0015979,0.000532632
1774096264924,0.117676,-0.1875,0.993652,0,-0.0015979,0
1774096265004,0.117188,-0.187988,0.992188,0,0,-0.000532632
1774096265085,0.118652,-0.187988,0.991699,-0.000532632,-0.000532632,-0.000532632
1774096265155,0.118164,-0.188965,0.991699,-0.000532632,-0.00106526,-0.000532632
1774096265236,0.118652,-0.1875,0.992188,-0.00106526,-0.00106526,0.000532632
1774096265316,0.116699,-0.187012,0.992188,0,-0.00106526,0.000532632
1774096265387,0.116211,-0.1875,0.993164,0.000532632,-0.00106526,-0.000532632
1774096265467,0.115723,-0.186035,0.992676,0,-0.000532632,-0.000532632
1774096265548,0.116699,-0.187988,0.993652,0,-0.0015979,0
1774096265618,0.117188,-0.186035,0.990234,0,-0.000532632,0.000532632
1774096265699,0.119141,-0.187988,0.992676,-0.000532632,-0.00106526,-0.000532632
1774096265779,0.118164,-0.188477,0.991699,0.000532632,-0.0015979,0
1774096265850,0.118164,-0.186523,0.993164,0.00106526,-0.0015979,0.000532632
1774096265931,0.116699,-0.187012,0.993164,-0.000532632,-0.000532632,-0.000532632
1774096266001,0.117188,-0.187988,0.993164,-0.000532632,-0.00106526,0
1774096266082,0.118164,-0.188477,0.993164,0.000532632,0,0.000532632
1774096266162,0.117676,-0.187988,0.992188,0,0,-0.000532632
1774096266233,0.118652,-0.186035,0.991699,0,-0.000532632,0
1774096266313,0.119141,-0.186035,0.992188,0,-0.000532632,0
1774096266394,0.120117,-0.188477,0.993652,0,-0.000532632,-0.000532632
1774096266464,0.117188,-0.185547,0.992676,-0.000532632,-0.00106526,-0.0015979
1774096266545,0.116699,-0.188477,0.992188,0.000532632,-0.000532632,0.000532632
1774096266625,0.117188,-0.187012,0.992188,0.000532632,-0.000532632,-0.000532632
1774096266696,0.117676,-0.185547,0.992676,0,-0.00106526,-0.000532632
1774096266776,0.116211,-0.188965,0.991211,-0.000532632,0.000532632,0
1774096266857,0.117676,-0.186035,0.993652,0.000532632,-0.000532632,0
1774096266928,0.114746,-0.188477,0.991211,-0.000532632,-0.000532632,0
1774096267009,0.118652,-0.188477,0.991211,-0.000532632,-0.0015979,-0.000532632
1774096267079,0.116699,-0.187012,0.991699,0.000532632,-0.000532632,0.000532632
1774096267159,0.118652,-0.187988,0.991699,-0.00106526,-0.00106526,0
1774096267240,0.116699,-0.188477,0.993164,-0.000532632,0,-0.000532632
1774096267310,0.118164,-0.187012,0.992188,-0.00106526,-0.00106526,0
1774096267391,0.116699,-0.187988,0.993164,-0.000532632,0,0.000532632
1774096267471,0.117676,-0.187012,0.993164,0,-0.00106526,0
1774096267542,0.117188,-0.187988,0.991699,-0.000532632,-0.000532632,0.00106526
1774096267622,0.118652,-0.187012,0.990723,-0.000532632,-0.00106526,-0.000532632
1774096267703,0.118164,-0.187012,0.992188,-0.000532632,-0.00106526,0.000532632
1774096267773,0.117676,-0.187988,0.993164,0,-0.00106526,0
1774096267854,0.118164,-0.188477,0.993652,0.000532632,-0.000532632,0
1774096267935,0.118164,-0.186523,0.990723,0,-0.00213053,-0.000532632
1774096268005,0.118652,-0.188965,0.991699,0.000532632,-0.00106526,0.000532632
1774096268085,0.116211,-0.187988,0.991211,0.000532632,-0.00106526,-0.000532632
1774096268166,0.117676,-0.187988,0.991699,-0.000532632,-0.00106526,0.00106526
1774096268237,0.115723,-0.187988,0.993652,0,-0.000532632,0
1774096268317,0.117676,-0.185547,0.992676,-0.000532632,0,0
1774096268388,0.116211,-0.186035,0.992188,0,-0.00106526,0
1774096268468,0.117676,-0.187988,0.991699,-0.00106526,0,-0.000532632
1774096268550,0.117188,-0.186035,0.990723,-0.000532632,-0.00106526,-0.000532632
1774096268620,0.117676,-0.188965,0.991699,0.000532632,-0.00106526,0
1774096268700,0.115723,-0.189941,0.989258,0.00106526,-0.000532632,-0.000532632
1774096268781,0.116699,-0.187988,0.992676,0.00106526,-0.00106526,0.000532632
1774096268851,0.118164,-0.188477,0.993652,0.000532632,-0.000532632,0.000532632
1774096268932,0.118652,-0.188477,0.992676,0,0.000532632,0.000532632
1774096269012,0.117676,-0.189941,0.992188,-0.000532632,-0.00106526,0.00106526
1774096269083,0.118652,-0.187988,0.990723,0.000532632,-0.00213053,0.000532632
1774096269163,0.116699,-0.188477,0.991211,0,-0.000532632,0.000532632
1774096269244,0.117676,-0.188477,0.992676,0,-0.0015979,-0.0015979
1774096269314,0.117188,-0.1875,0.992188,0.000532632,-0.0015979,0.000532632
1774096269395,0.116211,-0.187988,0.992676,0.000532632,-0.0015979,0.000532632
1774096269475,0.116211,-0.186523,0.992676,0,0,0.000532632
1774096269546,0.119141,-0.185547,0.992676,0,0,0
1774096269626,0.117188,-0.187988,0.992188,0,-0.000532632,-0.000532632
1774096269697,0.117188,-0.188477,0.993164,0.00106526,-0.00106526,0.000532632
1774096269777,0.119141,-0.186523,0.992188,0,-0.00106526,0
1774096269858,0.116699,-0.187988,0.990723,-0.000532632,-0.000532632,0.000532632
1774096269928,0.116699,-0.189941,0.991699,-0.000532632,-0.00106526,0
1774096270009,0.117188,-0.186523,0.994141,0,0,0
1774096270089,0.116699,-0.187988,0.991211,0,-0.000532632,0
1774096270160,0.117188,-0.187012,0.990723,-0.00213053,-0.000532632,0
1774096270240,0.116211,-0.1875,0.991699,0.000532632,-0.00106526,0.00106526
1774096270321,0.117188,-0.188477,0.990723,-0.000532632,-0.00106526,-0.00106526
1774096270392,0.115234,-0.186035,0.992676,0,-0.0015979,-0.000532632
1774096270472,0.118164,-0.1875,0.993164,0,-0.00106526,0
1774096270553,0.116211,-0.189453,0.992676,0,-0.0015979,0
1774096270623,0.115723,-0.188477,0.991211,-0.000532632,-0.000532632,0
1774096270704,0.118164,-0.1875,0.991699,0.000532632,-0.000532632,0
1774096270784,0.116699,-0.189941,0.990234,0,-0.00106526,-0.000532632
1774096270855,0.118652,-0.187988,0.993164,-0.000532632,-0.000532632,0.00106526
1774096270935,0.116699,-0.188965,0.993164,0.000532632,-0.000532632,0
1774096271006,0.118164,-0.188477,0.991699,0,-0.00106526,0
1774096271086,0.117188,-0.188477,0.991699,0,0,0.000532632
1774096271167,0.117676,-0.187012,0.992676,-0.000532632,-0.00106526,0
1774096271237,0.117188,-0.186523,0.992188,0,-0.000532632,0
1774096271318,0.117188,-0.188477,0.990234,0,-0.000532632,0.00106526
1774096271398,0.118164,-0.186523,0.992188,-0.000532632,0,-0.00106526
1774096271469,0.117676,-0.187988,0.994629,0,0,-0.000532632
1774096271550,0.119141,-0.187988,0.992676,-0.000532632,0,0
1774096271630,0.117676,-0.188965,0.992676,0.00106526,-0.00106526,0
1774096271700,0.119629,-0.186523,0.994141,0,-0.00106526,0
1774096271781,0.118652,-0.189941,0.993164,0,-0.0015979,0.000532632
1774096271862,0.117188,-0.1875,0.992676,0,-0.00106526,0
1774096271932,0.116699,-0.186035,0.991211,0.000532632,-0.000532632,0
1774096272013,0.117188,-0.185547,0.991211,0.00106526,-0.000532632,0.000532632
1774096272093,0.116211,-0.186523,0.990723,0,0,-0.000532632
1774096272164,0.116699,-0.187012,0.992676,0,-0.0015979,0.000532632
1774096272244,0.116699,-0.187988,0.991699,0.000532632,-0.00106526,0
1774096272315,0.117676,-0.187988,0.991699,0,0,0.000532632
1774096272395,0.116699,-0.187988,0.991211,0.000532632,0,0.000532632
1774096272476,0.117188,-0.1875,0.991699,0,-0.000532632,-0.000532632
1774096272546,0.118164,-0.187012,0.993652,0,-0.000532632,0
1774096272627,0.118652,-0.188965,0.990234,0.000532632,-0.0015979,0.00106526
1774096272707,0.117676,-0.185547,0.993164,0,-0.0015979,-0.000532632
1774096272778,0.118164,-0.1875,0.991211,0,-0.000532632,0
1774096272858,0.118652,-0.186523,0.992188,0,-0.000532632,-0.000532632
1774096272939,0.116699,-0.188965,0.991211,0.000532632,-0.00106526,-0.000532632
1774096273009,0.117188,-0.186523,0.991211,0,-0.000532632,0
1774096273090,0.117188,-0.188477,0.991211,-0.000532632,-0.000532632,0
1774096273171,0.119629,-0.188477,0.991211,-0.00106526,-0.000532632,-0.000532632
1774096273241,0.118652,-0.187988,0.991699,0,0,-0.000532632
1774096273322,0.117676,-0.188965,0.991699,-0.000532632,-0.00106526,-0.000532632
1774096273393,0.117676,-0.1875,0.992676,0,-0.00106526,0
1774096273474,0.115723,-0.1875,0.990234,0,-0.00213053,0.000532632
1774096273555,0.118164,-0.188477,0.992676,0.000532632,-0.000532632,-0.000532632
1774096273625,0.118164,-0.1875,0.992676,0,-0.0015979,0.00106526
1774096273706,0.118652,-0.187988,0.992188,0,-0.0015979,-0.00106526
1774096273786,0.117676,-0.188477,0.992188,0.000532632,-0.0015979,0
1774096273857,0.117676,-0.186523,0.992188,0.000532632,-0.00106526,0.000532632
1774096273937,0.116699,-0.187012,0.992188,0,0,-0.000532632
1774096274018,0.116211,-0.186523,0.991699,0.000532632,-0.000532632,-0.000532632
1774096274088,0.117188,-0.188965,0.992188,0,0,0
1774096274169,0.117676,-0.187012,0.991211,0,-0.000532632,0
1774096274249,0.116699,-0.189453,0.991699,0,-0.00106526,0.000532632
1774096274320,0.117188,-0.187012,0.991699,0,-0.00213053,0.000532632
1774096274400,0.118164,-0.188477,0.992188,0,-0.00106526,-0.000532632
1774096274471,0.118652,-0.186523,0.993164,-0.000532632,0,-0.00106526
1774096274551,0.117188,-0.186523,0.992676,-0.000532632,-0.000532632,0.000532632
1774096274632,0.116699,-0.185547,0.993652,0,-0.00106526,0.000532632
1774096274702,0.118164,-0.1875,0.992188,-0.0015979,-0.0015979,-0.000532632
1774096274783,0.117676,-0.188477,0.993652,-0.00106526,-0.000532632,0
1774096274864,0.117188,-0.187012,0.993164,-0.000532632,0.00106526,0
1774096274934,0.115723,-0.186035,0.991211,-0.000532632,0,-0.000532632
1774096275015,0.117676,-0.187988,0.991699,0.00106526,-0.00106526,0
1774096275095,0.118652,-0.188477,0.991211,-0.000532632,-0.000532632,-0.000532632
1774096275166,0.117676,-0.1875,0.992676,-0.00106526,-0.00106526,0
1774096275246,0.118164,-0.187012,0.994141,-0.000532632,-0.0015979,0
1774096275327,0.117188,-0.189453,0.992188,0.00106526,-0.00106526,0
1774096275398,0.119141,-0.188965,0.989746,0,0.000532632,0.00106526
1774096275478,0.118164,-0.188477,0.995117,-0.000532632,-0.00106526,-0.00106526
1774096275549,0.116211,-0.186035,0.991211,0.00106526,0,0.000532632
1774096275629,0.118652,-0.186523,0.993164,-0.00106526,-0.00106526,-0.000532632
1774096275710,0.116211,-0.187988,0.991211,0,-0.00106526,0
1774096275780,0.118164,-0.187988,0.993652,0,-0.00213053,-0.000532632
1774096275861,0.114746,-0.186035,0.991699,0,-0.00106526,-0.000532632
1774096275941,0.119141,-0.1875,0.992188,0,-0.00106526,-0.000532632
1774096276012,0.118652,-0.1875,0.992676,0.000532632,-0.000532632,-0.000532632
1774096276092,0.116699,-0.186523,0.992676,0.000532632,-0.000532632,0.000532632
1774096276173,0.117188,-0.1875,0.991211,0,-0.000532632,0.000532632
1774096276244,0.118164,-0.187012,0.992188,0,-0.000532632,0
1774096276324,0.118652,-0.187012,0.992676,-0.000532632,-0.00106526,-0.000532632
1774096276405,0.117188,-0.187012,0.994141,0,-0.0015979,0
1774096276475,0.116699,-0.187988,0.991211,0,-0.00213053,-0.000532632
1774096276556,0.116699,-0.188965,0.993164,-0.000532632,-0.00106526,-0.000532632
1774096276627,0.118652,-0.1875,0.994141,0,-0.000532632,0.000532632
1774096276707,0.116211,-0.1875,0.992188,0.000532632,-0.00106526,0
1774096276787,0.118652,-0.186523,0.992676,0,-0.000532632,0
1774096276858,0.119141,-0.187012,0.992188,0,-0.00106526,0
1774096276938,0.116699,-0.189941,0.992676,0,-0.00106526,0.00106526
1774096277019,0.116211,-0.187012,0.992676,0.0015979,-0.000532632,0
1774096277089,0.116699,-0.187988,0.993164,0,0,0
1774096277170,0.116699,-0.187012,0.991699,0.000532632,-0.000532632,0.000532632
1774096277251,0.116211,-0.187988,0.993164,0.000532632,0,0.000532632
1774096277321,0.118164,-0.1875,0.992188,0,-0.0015979,-0.000532632
1774096277402,0.119141,-0.187988,0.992188,-0.000532632,-0.00106526,0.000532632
1774096277482,0.118652,-0.185059,0.992188,0.000532632,-0.000532632,0.00106526
1774096277553,0.116699,-0.1875,0.992676,0.000532632,0,0
1774096277634,0.116699,-0.188477,0.991699,0,-0.00106526,-0.000532632
1774096277704,0.116211,-0.187988,0.992676,0.000532632,0,0.000532632
1774096277785,0.116699,-0.186523,0.991211,0,0,0.00106526
1774096277865,0.117188,-0.185547,0.990723,0.000532632,-0.00106526,-0.00106526
1774096277936,0.117676,-0.188477,0.993164,0,0,0.000532632
1774096278016,0.116699,-0.188965,0.993652,0,-0.00106526,0
1774096278097,0.118164,-0.188965,0.990723,-0.000532632,-0.000532632,0.000532632
1774096278167,0.118652,-0.187988,0.990723,0,-0.000532632,0.00106526
1774096278248,0.117188,-0.187012,0.992676,0.000532632,-0.000532632,0
1774096278328,0.116211,-0.188965,0.992188,0.000532632,-0.000532632,-0.000532632
1774096278399,0.118652,-0.187012,0.991699,-0.000532632,-0.000532632,-0.000532632
1774096278480,0.119141,-0.188477,0.990723,0,-0.00106526,0.000532632
1774096278560,0.117676,-0.187988,0.993652,0.000532632,-0.00106526,0
1774096278630,0.116211,-0.187988,0.992676,-0.000532632,-0.000532632,0.000532632
1774096278711,0.117188,-0.187012,0.991699,0,-0.000532632,-0.0015979
1774096278792,0.118652,-0.189453,0.992188,-0.000532632,-0.00106526,-0.000532632
1774096278862,0.118164,-0.186523,0.992188,0,-0.00106526,0.000532632
1774096278943,0.121094,-0.187988,0.993652,-0.000532632,-0.00106526,0
1774096279013,0.118652,-0.187012,0.992188,0,-0.00106526,-0.000532632
1774096279094,0.117676,-0.1875,0.992676,0,-0.00106526,-0.000532632
1774096279174,0.117676,-0.187012,0.993164,0,0,-0.00106526
1774096279245,0.118652,-0.186035,0.993164,-0.000532632,-0.000532632,0.00106526
1774096279325,0.121582,-0.187012,0.992676,0.000532632,-0.00106526,0.00106526
1774096279406,0.116211,-0.188477,0.994141,0,-0.00106526,0.000532632
1774096279476,0.116211,-0.1875,0.992188,0.000532632,-0.00106526,0.000532632
1774096279557,0.117188,-0.1875,0.993164,0.0015979,-0.000532632,0.000532632
1774096279637,0.118652,-0.187988,0.990723,-0.000532632,-0.000532632,-0.000532632
1774096279708,0.115723,-0.1875,0.990723,0,0,0.00106526
1774096279789,0.117676,-0.1875,0.992676,-0.000532632,-0.00106526,0.000532632
1774096279869,0.116699,-0.187988,0.992676,-0.000532632,-0.000532632,-0.00106526
1774096279939,0.117676,-0.188965,0.992188,0.000532632,-0.0015979,0
1774096280020,0.120605,-0.185547,0.992676,-0.000532632,0,0
1774096280100,0.117188,-0.188965,0.992188,0,-0.00106526,0
1774096280171,0.118164,-0.1875,0.992676,0.000532632,-0.0015979,0
1774096280251,0.118164,-0.187012,0.990234,0,-0.000532632,0.00106526
1774096280332,0.116699,-0.186523,0.993652,0.00106526,0,-0.000532632
1774096280403,0.118164,-0.1875,0.992676,0.000532632,-0.00106526,0.000532632
1774096280483,0.118652,-0.187012,0.992188,0.000532632,-0.0015979,0
1774096280554,0.117188,-0.188477,0.992188,0,-0.00106526,0
1774096280634,0.117188,-0.188965,0.994629,0,-0.000532632,-0.00106526
1774096280715,0.117188,-0.188477,0.991699,-0.000532632,-0.0015979,0.000532632
1774096280785,0.118164,-0.186035,0.990723,0.00106526,-0.000532632,0
1774096280866,0.118652,-0.187988,0.991699,-0.000532632,-0.000532632,0.00106526
1774096280947,0.116211,-0.187988,0.992188,-0.000532632,-0.000532632,-0.000532632
1774096281017,0.116211,-0.187988,0.993164,0.00106526,-0.000532632,-0.000532632
1774096281098,0.117188,-0.188477,0.992188,-0.000532632,-0.00106526,0
1774096281178,0.117676,-0.187012,0.990234,0,-0.00106526,0
1774096281249,0.118164,-0.187988,0.992676,0.000532632,-0.0015979,0.000532632
1774096281329,0.116699,-0.188965,0.993164,0,-0.00106526,0
1774096281410,0.118164,-0.187012,0.993164,0.000532632,0,-0.000532632
1774096281480,0.119141,-0.188477,0.992676,0,-0.00106526,0
1774096281561,0.116211,-0.188477,0.991211,-0.000532632,-0.00106526,-0.000532632
1774096281632,0.116211,-0.185059,0.990723,0.000532632,-0.00106526,0.00106526
1774096281712,0.119629,-0.186523,0.991699,0,-0.000532632,0
1774096281793,0.117188,-0.187988,0.992676,0.000532632,-0.00106526,0.000532632
1774096281863,0.118652,-0.187012,0.992188,-0.000532632,-0.00106526,0.00106526
1774096281944,0.116699,-0.186523,0.990723,0,-0.00106526,0.000532632
1774096282024,0.116699,-0.186523,0.992188,-0.000532632,-0.000532632,-0.000532632
1774096282095,0.116699,-0.187988,0.991699,0.000532632,-0.000532632,0.000532632
1774096282175,0.116699,-0.1875,0.990234,0,-0.00106526,-0.000532632
1774096282256,0.116211,-0.186523,0.991211,0.000532632,-0.000532632,0.00106526
1774096282326,0.117188,-0.186035,0.990723,0,0,-0.000532632
1774096282407,0.117188,-0.187012,0.991699,0.000532632,-0.000532632,-0.00106526
1774096282487,0.116211,-0.189941,0.992188,-0.000532632,-0.000532632,0
1774096282558,0.119629,-0.187988,0.991211,0.00106526,-0.00106526,0
1774096282639,0.118164,-0.187988,0.991699,0,-0.00106526,-0.000532632
1774096282709,0.118652,-0.188965,0.992676,-0.000532632,-0.000532632,-0.000532632
1774096282790,0.118164,-0.188477,0.994141,0,0,0
1774096282870,0.118652,-0.189941,0.992676,0.00106526,-0.00106526,0
1774096282941,0.118164,-0.188965,0.993164,0,0,-0.000532632
1774096283021,0.117676,-0.188477,0.993652,0,0,0
1774096283102,0.117676,-0.187988,0.991699,0.00106526,-0.000532632,0.000532632
1774096283172,0.118164,-0.187988,0.992188,0,-0.000532632,0.00106526
1774096283253,0.115723,-0.188477,0.991699,0.000532632,-0.000532632,0
1774096283333,0.116699,-0.186523,0.991699,0,-0.00106526,-0.000532632
1774096283405,0.118652,-0.188477,0.992676,-0.00106526,-0.000532632,-0.00106526
1774096283485,0.117188,-0.187012,0.993652,-0.000532632,-0.0015979,-0.00106526
1774096283565,0.119629,-0.187988,0.993164,0.00106526,-0.000532632,0.000532632
1774096283636,0.116699,-0.1875,0.991211,0,-0.000532632,-0.000532632
1774096283717,0.116211,-0.186035,0.992188,0.00106526,-0.00106526,-0.0015979
1774096283787,0.117188,-0.187012,0.991211,0,-0.000532632,0.000532632
1774096283868,0.117188,-0.1875,0.992188,0.000532632,-0.000532632,-0.00213053
1774096283948,0.118652,-0.1875,0.992676,0,-0.00106526,0
1774096284019,0.116699,-0.188477,0.993652,0.00106526,-0.00106526,0.00106526
1774096284099,0.117188,-0.188477,0.992188,-0.000532632,-0.000532632,0
1774096284180,0.116699,-0.1875,0.991699,0.00106526,-0.000532632,0
1774096284250,0.116699,-0.187988,0.992188,0,-0.00213053,-0.000532632
1774096284331,0.118164,-0.187012,0.992188,0.00106526,-0.000532632,0.000532632
1774096284411,0.120117,-0.185547,0.991699,-0.000532632,-0.000532632,0.000532632
1774096284482,0.117188,-0.186523,0.993164,-0.000532632,-0.000532632,-0.000532632
1774096284563,0.118652,-0.187012,0.992188,0.000532632,-0.000532632,-0.000532632
1774096284643,0.118164,-0.1875,0.990723,0.000532632,-0.000532632,0.000532632
1774096284713,0.117188,-0.186035,0.992676,0.000532632,-0.000532632,0
1774096284794,0.117676,-0.188477,0.994141,-0.000532632,-0.00106526,-0.00106526
1774096284874,0.118652,-0.189453,0.992676,0.000532632,-0.00106526,-0.000532632
1774096284945,0.118164,-0.186523,0.993652,-0.000532632,-0.000532632,0
1774096285025,0.118164,-0.1875,0.992676,-0.000532632,-0.00106526,-0.000532632
1774096285096,0.118164,-0.187988,0.992188,-0.000532632,-0.0015979,-0.000532632
1774096285176,0.117676,-0.188477,0.993164,0.000532632,-0.0015979,0.000532632
1774096285257,0.118652,-0.187988,0.992676,0,-0.00106526,-0.000532632
1774096285328,0.116699,-0.187012,0.995605,0,-0.00106526,-0.000532632
1774096285408,0.118164,-0.188477,0.992188,0.000532632,-0.000532632,0.00106526
1774096285489,0.116699,-0.1875,0.991699,0.000532632,-0.00106526,0
1774096285559,0.118164,-0.187988,0.991211,-0.000532632,0,-0.000532632
1774096285640,0.117188,-0.187988,0.992676,-0.000532632,-0.0015979,-0.00106526
1774096285720,0.117188,-0.189453,0.992188,0.000532632,-0.000532632,0.000532632
1774096285791,0.118652,-0.1875,0.992676,-0.000532632,0,0.000532632
1774096285871,0.119141,-0.186523,0.994629,0.000532632,-0.000532632,0.000532632
1774096285952,0.117188,-0.1875,0.990723,0.00106526,0,-0.000532632
1774096286022,0.116699,-0.1875,0.992676,-0.000532632,-0.0015979,0.000532632
1774096286103,0.117188,-0.188477,0.993164,-0.000532632,-0.00106526,0
1774096286183,0.118652,-0.188477,0.991699,-0.000532632,-0.0015979,-0.000532632
1774096286254,0.116699,-0.187988,0.991699,0.000532632,-0.000532632,0
1774096286334,0.117676,-0.185547,0.991699,0,0,0
1774096286405,0.119141,-0.186523,0.994141,0.000532632,-0.00106526,0
1774096286485,0.117188,-0.187012,0.992676,0.000532632,-0.00106526,0
1774096286566,0.116211,-0.187012,0.992188,0.000532632,-0.000532632,0
1774096286636,0.119629,-0.185547,0.992188,0.000532632,-0.000532632,0
1774096286717,0.119629,-0.187012,0.992676,0,0,0
1774096286798,0.117188,-0.187012,0.993652,0,-0.0015979,-0.000532632
1774096286868,0.118164,-0.186523,0.992188,0.000532632,-0.000532632,0
1774096286949,0.115723,-0.188965,0.993652,0,0,0.000532632
1774096287029,0.118164,-0.1875,0.993652,-0.000532632,-0.00106526,-0.000532632
1774096287100,0.118652,-0.188477,0.993164,0.000532632,-0.00106526,0
1774096287181,0.117188,-0.188477,0.992188,0,-0.0015979,0
1774096287261,0.118164,-0.186035,0.992676,0,-0.000532632,-0.00106526
1774096287331,0.116211,-0.187012,0.992188,0,0,0
1774096287412,0.118164,-0.187012,0.990723,-0.000532632,-0.000532632,0
1774096287492,0.117676,-0.188477,0.993652,-0.000532632,-0.0015979,0.000532632
1774096287563,0.117676,-0.187988,0.990723,0,0,0.000532632
1774096287643,0.116699,-0.188477,0.992676,-0.000532632,-0.00106526,0
1774096287714,0.119141,-0.1875,0.992676,0,-0.00106526,0.000532632
1774096287794,0.117676,-0.187012,0.992188,0.00106526,-0.00213053,0.000532632
1774096287875,0.117676,-0.187988,0.991211,-0.000532632,-0.000532632,0.00106526
1774096287945,0.118652,-0.187988,0.992188,-0.00106526,-0.00106526,-0.000532632
1774096288026,0.117676,-0.189941,0.992676,0.00106526,-0.00106526,0
1774096288106,0.117676,-0.1875,0.992676,0.00106526,-0.00106526,0.000532632
1774096288177,0.118164,-0.188965,0.993652,0.000532632,0,-0.000532632
1774096288257,0.119629,-0.189453,0.993164,0,0,0.000532632
1774096288338,0.118652,-0.188477,0.991211,0.000532632,-0.000532632,-0.000532632
1774096288409,0.116699,-0.18457,0.991699,0,-0.00106526,0.000532632
1774096288489,0.118652,-0.189941,0.993164,0,-0.00106526,0.00106526
1774096288570,0.117676,-0.186035,0.993164,-0.000532632,-0.0015979,0
1774096288640,0.119629,-0.188965,0.994629,-0.000532632,-0.000532632,-0.00106526
1774096288721,0.116699,-0.1875,0.990234,0,0,0.000532632
1774096288802,0.120117,-0.187988,0.993164,0,0.000532632,0.000532632
1774096288872,0.117188,-0.188965,0.992676,0.00106526,-0.00106526,0
1774096288953,0.115723,-0.187012,0.989746,0.000532632,-0.0015979,0
1774096289023,0.116699,-0.1875,0.990723,0.000532632,-0.0015979,-0.000532632
1774096289104,0.117676,-0.187012,0.991699,0,-0.000532632,0
1774096289184,0.116699,-0.187988,0.991699,0,0,-0.000532632
1774096289255,0.118164,-0.186035,0.991699,0,-0.0015979,-0.000532632
1774096289335,0.117188,-0.1875,0.991211,0.000532632,-0.00213053,0.000532632
1774096289416,0.120605,-0.1875,0.994141,0.000532632,-0.000532632,0.000532632
1774096289486,0.116211,-0.186523,0.991211,-0.00106526,0,0
1774096289567,0.119629,-0.189453,0.993164,0,-0.000532632,0
1774096289647,0.118164,-0.186523,0.993652,0,-0.000532632,0
1774096289718,0.118652,-0.1875,0.995605,0,-0.0015979,0
1774096289799,0.117676,-0.187012,0.993652,0.000532632,-0.0015979,0
1774096289879,0.118164,-0.187988,0.992188,-0.00106526,-0.00106526,0.0015979
1774096289950,0.119141,-0.187012,0.992676,-0.000532632,-0.0015979,0.00106526
1774096290030,0.117676,-0.186523,0.991211,0.00106526,-0.00106526,0
1774096290110,0.116699,-0.187012,0.993164,0,-0.000532632,0.000532632
1774096290181,0.118652,-0.1875,0.989258,0,-0.00106526,0.00106526
1774096290262,0.118164,-0.19043,0.992188,-0.000532632,-0.000532632,0
1774096290332,0.117188,-0.189453,0.991211,-0.00106526,0,0
1774096290413,0.116211,-0.189453,0.991211,0,-0.00106526,0.0015979
1774096290493,0.117676,-0.186523,0.991211,-0.000532632,-0.00106526,-0.000532632
1774096290564,0.116211,-0.187988,0.992188,0.00106526,-0.0015979,-0.000532632
1774096290644,0.117188,-0.187012,0.993164,0.000532632,-0.000532632,0.000532632
1774096290725,0.119141,-0.186523,0.991699,-0.000532632,-0.00106526,0
1774096290795,0.118164,-0.185547,0.992188,0.00106526,-0.0015979,0.000532632
1774096290876,0.117676,-0.188965,0.992676,0.000532632,0,-0.000532632
1774096290956,0.120117,-0.188965,0.990723,0,-0.000532632,-0.000532632
1774096291027,0.115723,-0.1875,0.993164,0.000532632,-0.00106526,0.00106526
1774096291107,0.117188,-0.187988,0.993652,0.000532632,-0.000532632,0.000532632
1774096291188,0.117188,-0.187988,0.993652,-0.000532632,0,-0.000532632
1774096291258,0.117188,-0.1875,0.992676,-0.000532632,-0.000532632,-0.000532632
1774096291339,0.117188,-0.188965,0.991211,0.000532632,-0.0015979,0
1774096291410,0.118164,-0.187012,0.992188,0.000532632,-0.00213053,-0.000532632
1774096291490,0.118164,-0.187988,0.990234,0.000532632,-0.00106526,0.000532632
1774096291571,0.119629,-0.186035,0.989746,0.000532632,-0.00106526,-0.000532632
1774096291641,0.118164,-0.187988,0.992676,-0.000532632,-0.0015979,-0.0015979
1774096291722,0.117188,-0.189453,0.992676,0.000532632,-0.00106526,0
1774096291802,0.119141,-0.188965,0.990234,0.000532632,-0.000532632,0.000532632
1774096291873,0.117676,-0.187012,0.992188,-0.000532632,-0.000532632,-0.000532632
1774096291953,0.119141,-0.187012,0.992188,0,-0.000532632,-0.000532632
1774096292034,0.119141,-0.188965,0.993164,-0.000532632,-0.00106526,0.000532632
1774096292104,0.116699,-0.189453,0.991699,-0.000532632,-0.000532632,-0.000532632
1774096292185,0.116699,-0.186523,0.992188,-0.000532632,-0.000532632,0
1774096292265,0.119629,-0.187012,0.989746,0.000532632,-0.00106526,0
1774096292336,0.117188,-0.188965,0.993164,0,0,0
1774096292416,0.116211,-0.1875,0.994141,0,-0.0015979,0.000532632
1774096292497,0.116699,-0.187012,0.991699,-0.00106526,-0.000532632,0
1774096292567,0.118164,-0.186523,0.991211,0,-0.00106526,-0.00106526
1774096292648,0.116699,-0.187988,0.990723,-0.00106526,-0.00106526,0
1774096292719,0.117676,-0.187012,0.991211,0,-0.000532632,-0.000532632
1774096292799,0.115723,-0.188477,0.992676,0.000532632,-0.0015979,0
1774096292880,0.119141,-0.187988,0.991699,0.00106526,-0.000532632,0.00106526
1774096292950,0.116699,-0.187988,0.992676,0.000532632,-0.00106526,-0.00106526
1774096293031,0.115723,-0.189453,0.992188,0,-0.000532632,0
1774096293111,0.117676,-0.187012,0.992676,0,-0.000532632,-0.00106526
1774096293182,0.118652,-0.186523,0.991211,0,-0.00106526,0
1774096293262,0.118652,-0.188965,0.990234,0.000532632,-0.00106526,-0.000532632
1774096293343,0.116699,-0.186523,0.994141,0,0,-0.000532632
1774096293414,0.116699,-0.186523,0.991211,0,-0.000532632,-0.000532632
1774096293494,0.116699,-0.187988,0.994141,0.000532632,-0.0015979,0.000532632
1774096293575,0.117676,-0.188477,0.992676,-0.000532632,-0.00106526,-0.000532632
1774096293645,0.118164,-0.188965,0.990723,-0.000532632,-0.00106526,0
1774096293726,0.116211,-0.187012,0.992676,-0.00106526,-0.00106526,-0.00106526
1774096293796,0.117676,-0.187988,0.992676,0.000532632,-0.00106526,0
1774096293877,0.118164,-0.186035,0.991211,0,-0.000532632,0
1774096293958,0.118164,-0.188477,0.992188,0.000532632,-0.000532632,0.000532632
1774096294028,0.115723,-0.1875,0.991699,0.000532632,-0.00106526,0
1774096294109,0.118164,-0.186035,0.993164,0.00106526,-0.000532632,-0.000532632
1774096294189,0.118652,-0.1875,0.991211,0.000532632,0,0.000532632
1774096294260,0.118164,-0.186523,0.992188,-0.000532632,-0.00213053,0
1774096294341,0.118164,-0.189453,0.992676,0,0.000532632,0
1774096294421,0.117188,-0.1875,0.993652,0,-0.000532632,0
1774096294491,0.116699,-0.187988,0.991699,0,0.000532632,0.000532632
1774096294573,0.116699,-0.186523,0.991699,-0.000532632,-0.000532632,0
1774096294653,0.118164,-0.1875,0.992676,0,-0.00106526,-0.000532632
1774096294723,0.117188,-0.186523,0.990723,0,0,-0.000532632
1774096294804,0.119629,-0.186035,0.991699,-0.000532632,-0.00106526,-0.000532632
1774096294884,0.118164,-0.1875,0.990723,0.000532632,-0.000532632,-0.000532632
1774096294955,0.117676,-0.185059,0.993652,-0.000532632,-0.0015979,0.000532632
1774096295035,0.115723,-0.189941,0.992188,0.00106526,-0.000532632,-0.000532632
1774096295106,0.118652,-0.188477,0.991699,0.000532632,-0.00106526,0
1774096295186,0.116699,-0.188965,0.991699,0,-0.00106526,0
1774096295267,0.118164,-0.187988,0.992676,-0.000532632,-0.00106526,0.000532632
1774096295337,0.117676,-0.1875,0.993164,0,-0.00106526,0
1774096295419,0.119141,-0.188477,0.993652,0.000532632,-0.000532632,0.000532632
1774096295498,0.117676,-0.1875,0.992676,0,-0.0015979,0.000532632
1774096295570,0.118164,-0.188477,0.994141,0.000532632,-0.00213053,0
1774096295649,0.117188,-0.187012,0.992676,0,0,0
1774096295730,0.116699,-0.188477,0.991699,-0.000532632,-0.000532632,0.000532632
1774096295800,0.119629,-0.186035,0.992188,0,-0.00106526,-0.000532632
1774096295881,0.116699,-0.187988,0.992676,0,-0.00106526,-0.000532632
1774096295961,0.117188,-0.186523,0.991211,0,-0.00106526,0.000532632
1774096296032,0.117188,-0.1875,0.993652,0.0015979,-0.00106526,0
1774096296112,0.117676,-0.1875,0.992676,0.000532632,-0.000532632,-0.000532632
1774096296193,0.118164,-0.186035,0.991699,0.000532632,-0.00106526,-0.000532632
1774096296263,0.118652,-0.187988,0.991699,-0.000532632,-0.00106526,0
1774096296344,0.118164,-0.1875,0.993164,0.000532632,0,0.000532632
1774096296415,0.116699,-0.187988,0.992676,0,-0.00106526,0
1774096296495,0.118164,-0.1875,0.992188,0,-0.00106526,0.000532632
1774096296576,0.118164,-0.185547,0.993164,-0.000532632,-0.00106526,-0.000532632
1774096296646,0.117676,-0.186035,0.992676,0.000532632,-0.00106526,-0.000532632
1774096296727,0.117188,-0.187012,0.992676,0,-0.00106526,0
1774096296807,0.116699,-0.185059,0.993652,0,-0.00106526,-0.000532632
1774096296878,0.117188,-0.1875,0.992676,0,-0.0015979,0
1774096296958,0.118652,-0.187988,0.991699,0.000532632,-0.000532632,-0.00106526
1774096297039,0.118652,-0.188477,0.991211,-0.000532632,-0.00106526,0.000532632
1774096297109,0.117188,-0.187988,0.992188,0.0015979,-0.00106526,0.000532632
1774096297190,0.118652,-0.187012,0.992188,-0.00106526,-0.000532632,-0.00106526
1774096297270,0.116211,-0.1875,0.994141,-0.000532632,0,-0.00106526
1774096297341,0.117676,-0.1875,0.990723,-0.00106526,-0.00106526,0
1774096297422,0.118164,-0.183105,0.993652,-0.000532632,-0.00106526,0
1774096297502,0.117676,-0.187012,0.993164,0.000532632,-0.00106526,-0.000532632
1774096297573,0.117676,-0.187988,0.992188,0,-0.00106526,0
1774096297653,0.116699,-0.1875,0.991211,0,-0.00106526,0
1774096297734,0.117676,-0.188477,0.991699,0.000532632,0.000532632,0
1774096297804,0.117188,-0.188477,0.992188,0,-0.00106526,0.000532632
1774096297885,0.117676,-0.186523,0.990723,0,0,0
1774096297955,0.116699,-0.186035,0.994141,0,-0.000532632,0.000532632
1774096298036,0.118652,-0.188965,0.991699,-0.000532632,-0.000532632,-0.000532632
1774096298116,0.118652,-0.188477,0.993652,0.000532632,-0.00106526,0.000532632
1774096298187,0.118652,-0.188477,0.993164,0,-0.000532632,-0.00106526
1774096298267,0.117676,-0.189453,0.990723,0,-0.00106526,0
1774096298348,0.118164,-0.1875,0.992188,0,-0.00106526,0
1774096298418,0.117188,-0.187012,0.992676,0.000532632,0,-0.00106526
1774096298499,0.117676,-0.187988,0.991211,0.000532632,-0.000532632,-0.000532632
1774096298580,0.118164,-0.187012,0.991211,-0.000532632,-0.0015979,0.0015979
1774096298650,0.120117,-0.187012,0.993652,0,-0.00106526,0
1774096298730,0.117676,-0.187988,0.991211,0.000532632,-0.00106526,0
1774096298811,0.115234,-0.187012,0.992676,0,-0.00106526,0.000532632
1774096298881,0.115723,-0.1875,0.992188,0,-0.00106526,0
1774096298962,0.118652,-0.188965,0.991211,0,-0.00106526,-0.00106526
1774096299032,0.116699,-0.188477,0.992676,0.00106526,-0.00106526,-0.000532632
1774096299113,0.119629,-0.187988,0.993164,0.000532632,-0.000532632,0
1774096299194,0.118164,-0.187012,0.991211,0,-0.00106526,0
1774096299264,0.119629,-0.187012,0.992676,-0.000532632,-0.00106526,0
1774096299345,0.116699,-0.186035,0.992188,0,0,-0.000532632
1774096299426,0.117676,-0.186523,0.993164,0.000532632,-0.00106526,0.00106526
1774096299496,0.117676,-0.186035,0.991699,-0.000532632,-0.00106526,-0.000532632
1774096299577,0.117188,-0.186035,0.992188,0,-0.00106526,0.000532632
1774096299657,0.118652,-0.1875,0.990723,0,-0.00106526,0
1774096299728,0.117676,-0.187012,0.993652,0.000532632,-0.000532632,0.00106526
1774096299808,0.119141,-0.1875,0.991211,-0.000532632,-0.000532632,0.000532632
1774096299889,0.119629,-0.187012,0.993164,-0.000532632,0,0
1774096299959,0.118652,-0.189453,0.993164,0,-0.000532632,0
1774096300040,0.118652,-0.187988,0.993652,0,-0.00106526,0
1774096300120,0.117676,-0.187012,0.991211,-0.000532632,0,0.000532632
1774096300191,0.118164,-0.187012,0.991699,-0.000532632,-0.00106526,-0.000532632
1774096300271,0.118164,-0.188965,0.993164,-0.000532632,0,0.000532632
1774096300343,0.117676,-0.186035,0.994141,-0.000532632,0,0
1774096300423,0.117188,-0.1875,0.993652,-0.000532632,-0.000532632,0.000532632
1774096300504,0.118652,-0.1875,0.993164,-0.000532632,-0.00106526,-0.000532632
1774096300574,0.116211,-0.188965,0.992676,-0.00106526,0,0.000532632
1774096300655,0.118652,-0.188965,0.991211,0.000532632,-0.00106526,-0.00106526
1774096300735,0.118164,-0.1875,0.991211,0.000532632,-0.00106526,-0.00106526
1774096300806,0.117188,-0.1875,0.991699,-0.000532632,-0.00106526,-0.00106526
1774096300886,0.119141,-0.186523,0.992188,0,-0.000532632,0
1774096300967,0.117676,-0.188477,0.992676,-0.000532632,0,-0.000532632
1774096301037,0.118164,-0.187988,0.991699,-0.0015979,-0.00106526,-0.000532632
1774096301118,0.118164,-0.186523,0.991699,0,-0.0015979,0.000532632
1774096301198,0.118164,-0.187012,0.993652,-0.000532632,-0.000532632,0
1774096301269,0.117676,-0.187988,0.993652,0,-0.000532632,0
1774096301350,0.118164,-0.186523,0.992676,-0.00106526,-0.00106526,-0.000532632
1774096301420,0.118652,-0.187012,0.993164,0,-0.000532632,-0.000532632
1774096301501,0.117188,-0.186035,0.993164,0.000532632,-0.00213053,-0.000532632
1774096301581,0.118164,-0.187012,0.991699,-0.000532632,-0.00106526,-0.000532632
1774096301652,0.116211,-0.186523,0.990234,0.00106526,-0.000532632,-0.000532632
1774096301732,0.116211,-0.187988,0.991699,0,-0.0015979,-0.000532632
1774096301813,0.117188,-0.186523,0.991699,-0.00106526,0,-0.00106526
1774096301883,0.114746,-0.1875,0.992676,0.000532632,-0.00106526,0
1774096301964,0.118164,-0.187012,0.992188,-0.000532632,-0.00106526,0
1774096302044,0.118164,-0.1875,0.992188,0,-0.00106526,0
1774096302115,0.119141,-0.187988,0.991699,-0.00106526,-0.00106526,-0.000532632
1774096302195,0.115723,-0.187988,0.992676,-0.000532632,-0.000532632,-0.000532632
1774096302276,0.117676,-0.1875,0.990723,-0.000532632,-0.00213053,-0.000532632
1774096302346,0.119141,-0.186035,0.993164,0.000532632,-0.000532632,-0.000532632
1774096302427,0.117676,-0.188477,0.990723,0,-0.0015979,-0.00106526
1774096302507,0.118652,-0.186035,0.992676,0.00106526,-0.00106526,0.000532632
1774096302578,0.117188,-0.187988,0.990234,-0.000532632,-0.000532632,-0.000532632
1774096302659,0.115723,-0.186523,0.992676,-0.00106526,-0.0015979,-0.000532632
1774096302729,0.117188,-0.186523,0.992676,0.00106526,-0.00213053,-0.0015979
1774096302810,0.117676,-0.188965,0.992188,0.000532632,-0.0015979,0
1774096302890,0.118652,-0.186035,0.990723,0,-0.000532632,-0.00106526
1774096302961,0.119629,-0.1875,0.992676,0.00106526,-0.000532632,-0.000532632
1774096303041,0.117188,-0.1875,0.990723,0.000532632,-0.00106526,0.00106526
1774096303122,0.117676,-0.187012,0.991211,0,-0.0015979,0
1774096303192,0.117188,-0.187012,0.991699,-0.000532632,-0.00106526,0.00106526
1774096303273,0.119141,-0.189941,0.991699,-0.00106526,-0.00106526,0
1774096303353,0.116211,-0.187988,0.990723,0.00106526,-0.00106526,0
1774096303424,0.116699,-0.187988,0.992676,0.00106526,-0.00106526,-0.000532632
1774096303504,0.117676,-0.189453,0.991699,0,-0.00106526,-0.00106526
1774096303585,0.117188,-0.1875,0.991699,0,0,0.000532632
1774096303655,0.118164,-0.186035,0.992676,0.000532632,-0.00106526,0
1774096303736,0.116699,-0.1875,0.990234,0.000532632,-0.00106526,-0.000532632
1774096303807,0.116699,-0.187988,0.993164,0.00106526,-0.000532632,-0.000532632
1774096303888,0.118164,-0.1875,0.991699,0.000532632,-0.0015979,0
1774096303968,0.118652,-0.189453,0.992676,0,0.000532632,0
1774096304038,0.118164,-0.187012,0.991211,-0.000532632,-0.00106526,-0.00106526
1774096304119,0.118164,-0.187988,0.994141,0.0015979,0,-0.000532632
1774096304199,0.117676,-0.186035,0.993164,0.00106526,-0.00213053,0
1774096304270,0.118164,-0.1875,0.992188,0,0,0.000532632
1774096304350,0.117676,-0.1875,0.992188,0.000532632,-0.00106526,-0.000532632
1774096304431,0.116699,-0.186035,0.992188,0,0,0
1774096304501,0.118164,-0.1875,0.990234,0.0015979,-0.0015979,0
1774096304582,0.117676,-0.187988,0.993164,0,-0.000532632,-0.000532632
1774096304662,0.117188,-0.188965,0.993164,-0.000532632,-0.000532632,0
1774096304733,0.116699,-0.187988,0.992676,0.000532632,-0.00106526,-0.000532632
1774096304813,0.118164,-0.185059,0.990234,0,-0.00213053,0
1774096304894,0.116211,-0.1875,0.990234,-0.000532632,0,0
1774096304964,0.117676,-0.185059,0.990234,0,-0.0015979,-0.000532632
1774096305045,0.115234,-0.189453,0.991699,-0.000532632,0,0
1774096305115,0.117188,-0.1875,0.991211,0.000532632,-0.000532632,0
1774096305196,0.118164,-0.187988,0.993164,-0.000532632,-0.00106526,-0.000532632
1774096305276,0.118164,-0.187988,0.990723,-0.000532632,-0.000532632,-0.00106526
1774096305347,0.117188,-0.188477,0.990234,0,-0.00106526,-0.000532632
1774096305427,0.117188,-0.1875,0.990234,0.000532632,-0.00106526,-0.000532632
1774096305508,0.116699,-0.187012,0.991211,0,-0.000532632,-0.00106526
1774096305578,0.116699,-0.187988,0.991699,0,-0.000532632,0.00106526
1774096305659,0.117188,-0.1875,0.992188,0,-0.000532632,0.000532632
1774096305740,0.117188,-0.189941,0.993164,0,-0.000532632,0
1774096305810,0.118164,-0.187988,0.991699,-0.000532632,-0.0015979,-0.000532632
1774096305890,0.117676,-0.189453,0.991699,-0.000532632,-0.000532632,0
1774096305971,0.115234,-0.189453,0.991211,0.000532632,-0.000532632,-0.000532632
1774096306042,0.117188,-0.189453,0.98877,0.000532632,-0.000532632,-0.000532632
1774096306122,0.118164,-0.187988,0.992188,-0.000532632,-0.00106526,0
1774096306203,0.119141,-0.186523,0.990234,0,-0.000532632,0
1774096306273,0.116699,-0.186035,0.990723,0.000532632,-0.00106526,0
1774096306354,0.117676,-0.1875,0.991211,0,-0.000532632,-0.000532632
1774096306424,0.117676,-0.187012,0.990723,0,-0.00106526,0
1774096306505,0.118164,-0.189453,0.992188,0,-0.000532632,-0.000532632
1774096306585,0.117676,-0.187012,0.992188,0.000532632,-0.000532632,0.000532632
1774096306656,0.117188,-0.186523,0.992188,-0.000532632,-0.000532632,0.000532632
1774096306736,0.118164,-0.187988,0.991699,0,0,0
1774096306817,0.116699,-0.1875,0.990723,0,-0.00106526,0.000532632
1774096306887,0.116699,-0.1875,0.991211,-0.000532632,-0.00106526,0.000532632
1774096306968,0.116211,-0.187012,0.992188,-0.00106526,-0.00106526,-0.000532632
1774096307048,0.117676,-0.188965,0.994141,-0.000532632,-0.00106526,0
1774096307119,0.118652,-0.187988,0.990723,0,-0.0015979,0
1774096307199,0.117676,-0.189453,0.993164,0,-0.000532632,0.000532632
1774096307280,0.118164,-0.187988,0.992676,0.00106526,-0.000532632,0.000532632
1774096307351,0.117676,-0.187012,0.991211,0,-0.00106526,-0.000532632
1774096307431,0.116211,-0.187012,0.992188,-0.000532632,-0.00106526,0
1774096307512,0.116699,-0.187012,0.991211,0,-0.000532632,0.00106526
1774096307582,0.118652,-0.188477,0.992676,0.000532632,-0.000532632,0
1774096307663,0.118164,-0.1875,0.993164,-0.00106526,-0.00106526,0.000532632
1774096307733,0.117676,-0.188477,0.992188,0,-0.0015979,0
1774096307814,0.118164,-0.187988,0.991211,0,-0.000532632,0.000532632
1774096307894,0.117676,-0.186035,0.991211,0.000532632,0,-0.000532632
1774096307965,0.117676,-0.188477,0.991699,0.000532632,-0.0015979,0
1774096308045,0.118652,-0.187988,0.990723,-0.00106526,-0.00106526,0.000532632
1774096308126,0.117188,-0.189941,0.991699,-0.000532632,0.000532632,-0.000532632
1774096308196,0.118652,-0.187012,0.995117,0,-0.00106526,0
1774096308277,0.118652,-0.188477,0.992676,-0.000532632,-0.00106526,-0.000532632
1774096308357,0.117188,-0.186035,0.992188,0.000532632,0,0
1774096308428,0.117188,-0.1875,0.992188,0,-0.00106526,0
1774096308508,0.116211,-0.187988,0.990234,0,-0.00106526,0.000532632
1774096308589,0.117676,-0.188965,0.992188,0,-0.000532632,0
1774096308659,0.116211,-0.187012,0.990723,0.000532632,0,0.000532632
1774096308740,0.117188,-0.1875,0.991699,0.000532632,-0.000532632,0.000532632
1774096308821,0.115234,-0.189941,0.990723,0,-0.00106526,-0.000532632
1774096308891,0.116699,-0.187988,0.992188,0,-0.000532632,-0.000532632
1774096308972,0.117676,-0.1875,0.991699,0,0,-0.000532632
1774096309052,0.116699,-0.188477,0.992188,0.000532632,-0.00106526,-0.000532632
1774096309123,0.117188,-0.1875,0.993164,0,-0.000532632,0
1774096309203,0.119141,-0.186035,0.992676,0,-0.00106526,0.000532632
1774096309274,0.118652,-0.1875,0.992188,0.0015979,-0.000532632,-0.000532632
1774096309354,0.118652,-0.187988,0.993652,0.000532632,0,0
1774096309435,0.118164,-0.186523,0.992188,0.000532632,-0.000532632,0.000532632
1774096309506,0.117188,-0.188965,0.993164,-0.000532632,-0.0015979,-0.000532632
1774096309586,0.118164,-0.187012,0.990723,0,-0.00106526,-0.000532632
1774096309667,0.116211,-0.187012,0.991699,-0.000532632,-0.00213053,-0.000532632
1774096309737,0.117676,-0.187988,0.994141,0,-0.0015979,0.00106526
1774096309818,0.118164,-0.186035,0.992676,0,-0.00213053,0.000532632
1774096309899,0.117676,-0.185547,0.993652,0,-0.00266316,0
1774096309969,0.116699,-0.189453,0.993164,0,-0.00106526,0.000532632
1774096310049,0.117188,-0.186523,0.992676,0.00106526,-0.00106526,-0.00106526
1774096310130,0.116699,-0.1875,0.991699,0.000532632,-0.0015979,0.00106526
1774096310200,0.116699,-0.187012,0.993652,0.000532632,-0.0015979,0.000532632
1774096310281,0.117676,-0.188477,0.992188,0,-0.000532632,0
1774096310361,0.119141,-0.188477,0.991699,0,-0.00106526,-0.00106526
1774096310432,0.118652,-0.185059,0.994141,-0.000532632,-0.00106526,-0.000532632
1774096310512,0.116699,-0.187012,0.992188,0.000532632,-0.000532632,0.000532632
1774096310583,0.119141,-0.185547,0.992676,0,-0.000532632,-0.000532632
1774096310665,0.116699,-0.186035,0.991211,0,-0.000532632,0.000532632
1774096310744,0.116699,-0.187988,0.991699,-0.00106526,-0.0015979,0.000532632
1774096310814,0.117188,-0.187988,0.993164,-0.000532632,-0.00106526,-0.000532632
1774096310895,0.118164,-0.1875,0.993164,-0.000532632,-0.0015979,0
1774096310976,0.119141,-0.1875,0.992676,0.000532632,-0.00106526,-0.00106526
1774096311046,0.117188,-0.1875,0.992676,0.000532632,-0.000532632,0.000532632
1774096311127,0.116211,-0.187988,0.990234,0,-0.000532632,0.000532632
1774096311207,0.118164,-0.187988,0.993164,0,-0.00106526,-0.000532632
1774096311278,0.116699,-0.188965,0.991211,0,-0.00106526,-0.000532632
1774096311358,0.118164,-0.187988,0.991699,-0.000532632,-0.000532632,0.000532632
1774096311439,0.118164,-0.189453,0.991699,-0.000532632,-0.000532632,0
1774096311509,0.115234,-0.188965,0.992188,0,0,0
1774096311590,0.117676,-0.1875,0.991699,0,-0.0015979,0
1774096311671,0.117676,-0.186523,0.991699,-0.00106526,-0.00213053,-0.000532632
1774096311741,0.118164,-0.187988,0.992188,-0.000532632,-0.00106526,-0.000532632
1774096311822,0.116699,-0.187988,0.991211,0,-0.0015979,0
1774096311892,0.116699,-0.187988,0.991699,0,-0.00106526,0
1774096311973,0.116699,-0.186035,0.991699,-0.000532632,-0.00106526,0
1774096312053,0.115723,-0.187012,0.992188,0,-0.000532632,0.000532632
1774096312124,0.119141,-0.188965,0.991699,-0.000532632,-0.00106526,-0.000532632
1774096312204,0.116699,-0.188477,0.993164,0.000532632,0,0
1774096312285,0.117188,-0.187012,0.991699,-0.000532632,-0.00106526,-0.000532632
1774096312355,0.117676,-0.187988,0.993164,0,0,0
1774096312436,0.117188,-0.19043,0.992676,0.000532632,-0.00106526,-0.000532632
1774096312517,0.118652,-0.188965,0.991699,-0.000532632,-0.00106526,0.000532632
1774096312587,0.118164,-0.189453,0.991699,-0.000532632,-0.00106526,-0.00106526
1774096312668,0.118164,-0.187988,0.991699,0,-0.000532632,0.000532632
1774096312748,0.116699,-0.188477,0.995117,0,-0.000532632,0.000532632
1774096312819,0.117676,-0.188477,0.993652,0.000532632,-0.000532632,0.0015979
1774096312899,0.117676,-0.187012,0.992676,0,0.000532632,-0.00106526
1774096312970,0.117188,-0.188477,0.991699,0,-0.000532632,-0.000532632
1774096313050,0.117676,-0.188477,0.993164,-0.000532632,-0.00106526,-0.000532632
1774096313131,0.115723,-0.188965,0.992188,0.000532632,-0.000532632,0
1774096313201,0.118164,-0.189453,0.992188,0,-0.00106526,0
1774096313282,0.116211,-0.188477,0.992188,0,-0.00106526,0.000532632
1774096313362,0.118164,-0.186523,0.992676,0,0,0
1774096313433,0.119141,-0.1875,0.993652,-0.000532632,-0.000532632,0
1774096313513,0.118164,-0.187988,0.991699,0.000532632,0,0.000532632
1774096313594,0.118164,-0.187012,0.994141,-0.000532632,-0.0015979,0
1774096313664,0.118652,-0.189453,0.991699,-0.000532632,-0.00106526,-0.00106526
1774096313745,0.119141,-0.189453,0.991699,-0.00106526,0,-0.000532632
1774096313825,0.117188,-0.187988,0.991699,0,-0.00106526,-0.000532632
1774096313896,0.118164,-0.188477,0.991211,-0.000532632,-0.00106526,0.000532632
1774096313976,0.118164,-0.187012,0.992676,0.000532632,-0.00106526,-0.000532632
1774096314057,0.117188,-0.188477,0.991699,0,-0.00106526,0
1774096314127,0.118164,-0.186523,0.992676,-0.000532632,-0.00106526,-0.000532632
1774096314208,0.117188,-0.188965,0.993652,-0.000532632,-0.00106526,0.000532632
1774096314288,0.117188,-0.188965,0.991699,0,-0.000532632,0
1774096314359,0.119141,-0.1875,0.991699,0.000532632,-0.000532632,0.000532632
1774096314439,0.117188,-0.187012,0.994629,-0.000532632,0.000532632,0
1774096314510,0.117188,-0.186523,0.990234,0.000532632,-0.00106526,-0.000532632
1774096314591,0.117676,-0.186035,0.993652,-0.000532632,-0.00106526,0
1774096314671,0.117188,-0.188965,0.992188,0.000532632,-0.000532632,0
1774096314742,0.118164,-0.1875,0.991699,0.000532632,0,-0.000532632
1774096314822,0.118652,-0.187988,0.990723,0,-0.000532632,0.000532632
1774096314903,0.118164,-0.186035,0.991699,-0.00106526,-0.00106526,-0.000532632
1774096314973,0.119141,-0.189453,0.991699,-0.000532632,-0.000532632,0
1774096315054,0.119141,-0.1875,0.992676,0,0,0.000532632
1774096315134,0.117676,-0.188477,0.992188,-0.000532632,-0.000532632,-0.0015979
1774096315205,0.119141,-0.1875,0.992676,0,-0.0015979,-0.0015979
1774096315285,0.116699,-0.1875,0.993652,0.000532632,-0.00106526,-0.000532632
1774096315366,0.116211,-0.188477,0.992676,-0.000532632,-0.00213053,-0.000532632
1774096315436,0.118652,-0.1875,0.992188,-0.000532632,0,-0.00106526
1774096315517,0.117676,-0.1875,0.991211,-0.000532632,-0.00106526,-0.000532632
1774096315597,0.119141,-0.187988,0.991211,0.000532632,-0.00106526,0.000532632
1774096315668,0.115234,-0.189453,0.990723,0,-0.000532632,-0.000532632
1774096315748,0.117676,-0.1875,0.990723,0.000532632,-0.000532632,0.00106526
1774096315819,0.115723,-0.186523,0.991211,0.000532632,0,-0.000532632
1774096315899,0.119141,-0.187012,0.991699,-0.0015979,-0.00213053,0
1774096315980,0.117676,-0.186523,0.992188,0.000532632,-0.00213053,-0.000532632
1774096316050,0.117188,-0.188477,0.991211,0.000532632,-0.000532632,0
1774096316131,0.119141,-0.186035,0.991699,0,-0.0015979,0.000532632
1774096316211,0.115723,-0.188477,0.993164,0,-0.000532632,0.000532632
1774096316282,0.117188,-0.187012,0.993652,0,-0.00106526,0.00106526
1774096316363,0.119141,-0.189453,0.993164,0,-0.000532632,0.000532632
1774096316443,0.118652,-0.187988,0.992676,-0.000532632,-0.00106526,-0.000532632
1774096316514,0.116699,-0.186035,0.993652,-0.00106526,-0.0015979,-0.000532632
1774096316594,0.117676,-0.188965,0.992188,-0.00106526,-0.00106526,0
1774096316675,0.115723,-0.189453,0.992188,-0.00106526,-0.000532632,-0.000532632
1774096316745,0.118652,-0.186035,0.989258,-0.000532632,-0.00106526,0.000532632
1774096316826,0.119629,-0.187988,0.992676,0.00106526,-0.000532632,-0.00106526
1774096316906,0.116699,-0.187988,0.990723,0,-0.000532632,0
1774096316977,0.116211,-0.187988,0.990723,0,-0.00106526,0.00106526
1774096317057,0.116699,-0.188477,0.991211,-0.000532632,-0.00106526,-0.000532632
1774096317128,0.116699,-0.187988,0.993164,-0.000532632,-0.000532632,0.000532632
1774096317208,0.118652,-0.189941,0.991211,0.000532632,-0.00106526,0
1774096317289,0.119629,-0.185547,0.990723,0.000532632,0,0
1774096317359,0.119141,-0.187012,0.991211,0,-0.000532632,-0.000532632
1774096317440,0.117676,-0.189453,0.990723,0,-0.00106526,0.000532632
1774096317520,0.117188,-0.186523,0.992676,-0.000532632,-0.00106526,0
1774096317591,0.118164,-0.186523,0.991211,0.000532632,0,-0.000532632
1774096317671,0.118164,-0.187988,0.992676,0.000532632,0,0.000532632
1774096317752,0.117188,-0.1875,0.992188,0.000532632,-0.000532632,0.000532632
1774096317822,0.117676,-0.188477,0.991699,-0.000532632,-0.000532632,-0.000532632
1774096317903,0.116211,-0.187012,0.992188,0.000532632,-0.00106526,0
1774096317983,0.118164,-0.19043,0.991699,0.000532632,-0.000532632,0
1774096318054,0.119141,-0.1875,0.992676,-0.000532632,-0.0015979,-0.000532632
1774096318134,0.118164,-0.187012,0.993164,0.00106526,-0.00106526,0
1774096318215,0.119141,-0.1875,0.992676,-0.000532632,-0.0015979,-0.000532632
1774096318285,0.118652,-0.188477,0.993652,0,-0.00106526,-0.000532632
1774096318366,0.117188,-0.1875,0.991699,0.000532632,-0.00106526,0
1774096318437,0.117188,-0.188965,0.992188,0.000532632,-0.000532632,0
1774096318517,0.115723,-0.1875,0.991699,-0.000532632,-0.0015979,-0.000532632
1774096318598,0.116211,-0.188477,0.991699,0,-0.00106526,-0.00106526
1774096318668,0.115723,-0.187012,0.991211,0.000532632,-0.00213053,0
1774096318749,0.117676,-0.189453,0.992188,0,-0.000532632,0
1774096318829,0.118164,-0.187988,0.990234,0.000532632,0.00106526,0
1774096318900,0.118164,-0.186523,0.990234,0.000532632,0,0.000532632
1774096318980,0.115234,-0.187988,0.992188,0.000532632,-0.0015979,0
1774096319061,0.117188,-0.1875,0.993164,0,-0.000532632,-0.000532632
1774096319131,0.116211,-0.187012,0.992676,0.000532632,0,0.00106526
1774096319212,0.118652,-0.188477,0.990234,0,0,0
1774096319292,0.117676,-0.188477,0.992676,-0.000532632,-0.00106526,0.000532632
1774096319363,0.116699,-0.188965,0.989258,0.000532632,-0.00106526,0.000532632
1774096319443,0.116211,-0.187988,0.992676,0.000532632,-0.000532632,0
1774096319524,0.118164,-0.189453,0.992676,0,-0.000532632,0.000532632
1774096319594,0.117676,-0.187012,0.991699,0.00106526,-0.000532632,-0.000532632
1774096319675,0.118164,-0.188477,0.992188,0,0,0
1774096319745,0.116699,-0.186523,0.992676,0,-0.000532632,0
1774096319826,0.120605,-0.188965,0.993164,0,-0.00106526,0.000532632
1774096319907,0.118164,-0.189453,0.991211,-0.000532632,-0.000532632,0.000532632
1774096319977,0.116699,-0.187012,0.991211,-0.00106526,-0.00106526,0.00106526
1774096320058,0.115234,-0.187988,0.991211,0.000532632,-0.0015979,0.000532632
1774096320138,0.116699,-0.187012,0.992188,0.000532632,-0.00106526,-0.000532632
1774096320209,0.116699,-0.1875,0.991699,0.00106526,-0.00106526,0.000532632
1774096320289,0.116699,-0.187988,0.991699,0.00106526,-0.0015979,0
1774096320370,0.118164,-0.186523,0.991699,-0.000532632,-0.000532632,0
1774096320442,0.118164,-0.1875,0.993164,0.000532632,-0.00106526,0
1774096320522,0.116211,-0.187988,0.992188,0.0015979,-0.000532632,-0.000532632
1774096320593,0.116211,-0.187988,0.990234,0.000532632,-0.0015979,0
1774096320673,0.118652,-0.186523,0.992188,0.000532632,-0.00106526,0.000532632
1774096320754,0.115723,-0.1875,0.990723,0,-0.000532632,0.000532632
1774096320824,0.116699,-0.188477,0.991699,0,-0.000532632,0
1774096320905,0.116211,-0.1875,0.991699,0.000532632,-0.000532632,0.000532632
1774096320985,0.115723,-0.1875,0.991699,-0.000532632,0.000532632,0.000532632
1774096321056,0.117676,-0.1875,0.992676,0.000532632,-0.00213053,-0.000532632
1774096321136,0.118652,-0.187988,0.993652,-0.000532632,-0.00213053,0.00106526
1774096321217,0.118164,-0.187988,0.993652,0,-0.00106526,0.00106526
1774096321287,0.117188,-0.186523,0.992676,0.000532632,-0.0015979,0
1774096321368,0.116699,-0.186035,0.993164,-0.000532632,0,-0.000532632
1774096321448,0.118652,-0.188477,0.992676,0.000532632,-0.00106526,0
1774096321519,0.119141,-0.186523,0.992188,0,-0.0015979,0.000532632
1774096321600,0.117188,-0.19043,0.991211,0.000532632,-0.000532632,0
1774096321670,0.119141,-0.188477,0.992676,0,-0.00106526,0.000532632
1774096321751,0.117188,-0.185059,0.993164,0,-0.00106526,-0.000532632
1774096321831,0.117676,-0.1875,0.992188,0,-0.0015979,-0.00106526
1774096321902,0.121094,-0.186523,0.993164,-0.00106526,-0.0015979,-0.000532632
1774096321982,0.118164,-0.1875,0.992676,0.000532632,0,0.000532632
1774096322063,0.117188,-0.188477,0.991699,-0.000532632,0,0.000532632
1774096322133,0.116211,-0.1875,0.991211,0,-0.0015979,0
1774096322214,0.118652,-0.188477,0.994141,-0.000532632,-0.000532632,-0.000532632
1774096322294,0.118652,-0.187988,0.994629,0.000532632,-0.00106526,-0.000532632
1774096322365,0.116211,-0.187988,0.993164,0.000532632,-0.00106526,0.00106526
1774096322445,0.119141,-0.188965,0.993652,0,0,0
1774096322526,0.117676,-0.186523,0.993164,0,-0.00106526,0
1774096322596,0.118164,-0.187012,0.992676,-0.000532632,-0.00106526,0.000532632
1774096322677,0.116699,-0.186035,0.993652,0,0,0
1774096322758,0.116699,-0.1875,0.993164,0,-0.00106526,0.000532632
1774096322828,0.119141,-0.185059,0.989746,0,-0.00106526,0
1774096322909,0.118164,-0.188477,0.992188,0,0,-0.000532632
1774096322979,0.119141,-0.1875,0.993164,0.000532632,-0.000532632,0
1774096323060,0.117676,-0.1875,0.991699,0,-0.00106526,0.000532632
1774096323140,0.117676,-0.188965,0.992188,0,-0.00106526,-0.00106526
1774096323211,0.117676,-0.188477,0.992676,0,-0.000532632,-0.000532632
1774096323291,0.116211,-0.187012,0.992676,0,0,-0.000532632
1774096323372,0.118652,-0.188965,0.993652,0,-0.000532632,-0.000532632
1774096323442,0.115723,-0.187012,0.990723,0.000532632,0,0
1774096323523,0.117188,-0.186523,0.993164,0.000532632,-0.00106526,-0.000532632
1774096323603,0.117188,-0.188477,0.993164,0.000532632,-0.000532632,0
1774096323674,0.117676,-0.189453,0.991211,0.000532632,-0.0015979,0
1774096323754,0.117188,-0.186523,0.991211,0.000532632,-0.0015979,0.000532632
1774096323835,0.119141,-0.187012,0.991699,0.000532632,-0.000532632,0.000532632
1774096323905,0.117188,-0.187012,0.992676,0,-0.00106526,-0.000532632
1774096323986,0.118652,-0.187988,0.990723,0,-0.0015979,-0.000532632
1774096324067,0.118652,-0.187012,0.991211,-0.00106526,-0.000532632,0.00106526
1774096324137,0.116699,-0.186035,0.991699,-0.000532632,-0.000532632,0
1774096324218,0.120117,-0.188477,0.991699,-0.00106526,0.000532632,-0.000532632
1774096324288,0.118164,-0.187988,0.991211,0,-0.000532632,-0.000532632
1774096324369,0.118652,-0.1875,0.993164,-0.00106526,-0.00106526,0
1774096324449,0.118652,-0.188965,0.993164,-0.000532632,-0.00106526,0.00106526
1774096324520,0.118164,-0.1875,0.993164,0.000532632,-0.000532632,0
1774096324600,0.117676,-0.189453,0.993652,0.000532632,-0.00106526,-0.000532632
1774096324681,0.119141,-0.186523,0.991699,0,-0.00106526,0
1774096324751,0.117676,-0.186035,0.993164,0.000532632,-0.000532632,0.000532632
1774096324832,0.116699,-0.187988,0.991211,-0.000532632,-0.0015979,-0.00106526
1774096324912,0.116699,-0.187012,0.991699,-0.00106526,-0.00106526,-0.00106526
1774096324983,0.118164,-0.189453,0.993164,0.000532632,-0.00213053,0
1774096325063,0.118652,-0.189453,0.992676,0.00106526,-0.000532632,0
1774096325144,0.117188,-0.186523,0.990723,-0.000532632,-0.00106526,0.00106526
1774096325214,0.117188,-0.188965,0.992188,-0.000532632,-0.00106526,-0.000532632
1774096325295,0.116211,-0.1875,0.992188,0,-0.00106526,0.000532632
1774096325375,0.116211,-0.188477,0.991211,0,-0.0015979,0
1774096325446,0.117676,-0.1875,0.994141,-0.000532632,-0.00106526,-0.000532632
1774096325526,0.117188,-0.1875,0.991211,-0.000532632,-0.00106526,0.000532632
1774096325597,0.118652,-0.188965,0.993164,-0.000532632,-0.00106526,0.000532632
1774096325678,0.116699,-0.189453,0.991699,0,-0.000532632,0
1774096325758,0.119141,-0.188965,0.991211,-0.000532632,-0.000532632,-0.000532632
1774096325829,0.119141,-0.186523,0.991699,-0.000532632,-0.00106526,0.000532632
1774096325909,0.115723,-0.190918,0.990723,0.000532632,-0.00106526,0
1774096325990,0.118164,-0.187012,0.992188,0,0,0.000532632
1774096326060,0.118164,-0.1875,0.991699,0.000532632,-0.00106526,0
1774096326141,0.116699,-0.187988,0.991211,0,-0.0015979,0
1774096326221,0.116699,-0.187012,0.992676,0,-0.00106526,0.000532632
1774096326292,0.116211,-0.187988,0.991699,0.00106526,-0.00106526,0.000532632
1774096326373,0.118164,-0.189453,0.991699,0.000532632,-0.00106526,-0.00106526
1774096326453,0.118652,-0.188477,0.991211,0,-0.000532632,0
1774096326524,0.118164,-0.188965,0.990723,-0.000532632,-0.00106526,0
1774096326604,0.117676,-0.189453,0.993164,0.00106526,-0.000532632,0
1774096326675,0.117188,-0.187988,0.993164,-0.000532632,-0.00213053,0
1774096326755,0.117188,-0.187012,0.990723,-0.000532632,-0.000532632,-0.00106526
1774096326836,0.117188,-0.188477,0.990723,0,-0.000532632,-0.000532632
1774096326906,0.118164,-0.189941,0.990723,0,-0.000532632,0.00106526
1774096326987,0.116211,-0.187988,0.991699,-0.000532632,-0.000532632,0
1774096327067,0.116699,-0.187988,0.991699,0.000532632,-0.00106526,0.000532632
1774096327138,0.117676,-0.1875,0.990723,0,-0.00106526,-0.000532632
1774096327218,0.118164,-0.186523,0.990723,-0.00106526,-0.000532632,0.000532632
1774096327299,0.118164,-0.188477,0.991211,-0.000532632,-0.00213053,-0.000532632
1774096327369,0.115723,-0.187988,0.990723,-0.000532632,-0.00106526,0.000532632
1774096327450,0.117188,-0.1875,0.991211,-0.000532632,-0.0015979,0.000532632
1774096327531,0.116699,-0.187988,0.993652,0,-0.0015979,0
1774096327601,0.117676,-0.186523,0.992676,0,-0.000532632,0
1774096327682,0.116699,-0.188477,0.991699,-0.000532632,-0.00106526,0
1774096327762,0.118164,-0.187012,0.991211,-0.000532632,-0.000532632,0
1774096327833,0.118164,-0.187988,0.992676,0,-0.0015979,-0.00106526
1774096327913,0.117676,-0.1875,0.992676,0,0,-0.00106526
1774096327984,0.117188,-0.187988,0.992676,0.00106526,-0.000532632,-0.000532632
1774096328064,0.116699,-0.187012,0.991699,0,-0.0015979,0
1774096328145,0.117188,-0.188477,0.993652,0.00106526,-0.0015979,-0.00106526
1774096328215,0.115234,-0.188477,0.991699,-0.00106526,-0.0015979,0.00106526
1774096328296,0.118652,-0.188477,0.995117,0.000532632,-0.00106526,0
1774096328376,0.117188,-0.189941,0.992188,0,-0.00106526,-0.000532632
1774096328448,0.117188,-0.1875,0.992188,0.000532632,-0.00106526,0
1774096328528,0.115723,-0.188965,0.991699,0,0,0
1774096328609,0.117676,-0.186035,0.991699,0,-0.0015979,0.000532632
1774096328679,0.118652,-0.186035,0.993164,0,-0.00106526,-0.000532632
1774096328760,0.116211,-0.187988,0.992676,0.00106526,-0.0015979,0.000532632
1774096328840,0.116211,-0.188965,0.992676,0,-0.000532632,0.000532632
1774096328911,0.118652,-0.1875,0.990234,-0.000532632,-0.000532632,0.000532632
1774096328991,0.118164,-0.186523,0.991699,0.000532632,-0.00106526,-0.00106526
1774096329062,0.116211,-0.1875,0.991699,-0.000532632,0,0.000532632
1774096329142,0.117188,-0.186523,0.992676,0,-0.00106526,0
1774096329223,0.119141,-0.188965,0.993652,0,-0.00106526,0.000532632
1774096329293,0.115234,-0.189453,0.992676,-0.000532632,-0.0015979,0
1774096329374,0.118164,-0.186523,0.992188,0,-0.000532632,0
1774096329454,0.118652,-0.187012,0.993652,0.000532632,-0.000532632,0.000532632
1774096329525,0.117676,-0.186035,0.993652,0,-0.0015979,-0.000532632
1774096329605,0.120117,-0.187012,0.992676,0.00106526,-0.000532632,-0.000532632
1774096329686,0.116211,-0.187012,0.991211,0,-0.000532632,-0.000532632
1774096329756,0.118164,-0.187988,0.992188,-0.000532632,-0.000532632,0.00106526
1774096329837,0.117676,-0.187012,0.991699,-0.00106526,0,0.000532632
1774096329917,0.117676,-0.189941,0.992676,-0.000532632,-0.000532632,-0.000532632
1774096329988,0.117676,-0.188965,0.991699,-0.000532632,-0.000532632,-0.00106526
1774096330068,0.118652,-0.187988,0.992188,0,-0.000532632,0.000532632
1774096330140,0.118164,-0.186035,0.991211,0.000532632,-0.00106526,0
1774096330220,0.117188,-0.188477,0.991211,0.000532632,-0.0015979,-0.00106526
1774096330301,0.117676,-0.187988,0.992676,-0.000532632,-0.000532632,0.00106526
1774096330372,0.118164,-0.188477,0.993652,0,-0.0015979,-0.000532632
1774096330452,0.118164,-0.188965,0.991699,0.000532632,-0.00106526,0
1774096330532,0.117188,-0.188965,0.990234,0.000532632,-0.00106526,-0.000532632
1774096330603,0.118164,-0.188477,0.992676,0,-0.00106526,0.000532632
1774096330683,0.119141,-0.189453,0.991699,0.00106526,-0.000532632,-0.00106526
1774096330764,0.117676,-0.186523,0.992676,0,-0.000532632,0
1774096330834,0.118164,-0.187012,0.992676,0,0,-0.000532632
1774096330915,0.117188,-0.1875,0.991211,0.000532632,-0.00106526,0.000532632
1774096330995,0.118164,-0.1875,0.990723,0,-0.000532632,0.000532632
1774096331066,0.120117,-0.187988,0.993164,0,-0.000532632,0
1774096331147,0.116699,-0.186523,0.992676,0,-0.00213053,0.000532632
1774096331227,0.118164,-0.186035,0.994629,-0.000532632,0,0
1774096331298,0.118652,-0.1875,0.992676,0,-0.00106526,0.00106526
1774096331378,0.119629,-0.186035,0.992188,0,-0.00106526,-0.000532632
1774096331449,0.116699,-0.186035,0.994141,0,-0.0015979,0
1774096331529,0.117676,-0.187988,0.993164,-0.000532632,0,-0.000532632
1774096331610,0.117188,-0.187988,0.991699,0,-0.00106526,-0.000532632
1774096331680,0.118652,-0.1875,0.993652,0.000532632,-0.00106526,0
1774096331761,0.118164,-0.186035,0.992188,0.00106526,0,0
1774096331841,0.119629,-0.187988,0.992188,-0.000532632,-0.00106526,0
1774096331912,0.116211,-0.188477,0.992188,0,0,-0.00106526
1774096331992,0.118164,-0.187012,0.990723,0.000532632,-0.0015979,-0.000532632
1774096332073,0.116211,-0.187988,0.993164,0,-0.00106526,0
1774096332143,0.118652,-0.187012,0.990723,-0.000532632,-0.000532632,0
1774096332224,0.118652,-0.186523,0.991211,0.000532632,-0.0015979,-0.000532632
1774096332304,0.116699,-0.188965,0.992676,0.000532632,-0.000532632,-0.00106526
1774096332375,0.116699,-0.187988,0.991699,0,-0.00106526,0.000532632
1774096332455,0.117188,-0.188477,0.991699,0,-0.0015979,0
1774096332536,0.117676,-0.1875,0.990234,0,-0.00106526,0
1774096332607,0.118652,-0.189453,0.992188,0,-0.000532632,-0.00106526
1774096332687,0.117188,-0.18457,0.992188,0,0,0.000532632
1774096332768,0.117676,-0.187012,0.993652,-0.00106526,-0.00106526,0.000532632
1774096332838,0.115234,-0.188965,0.993652,0.000532632,-0.00106526,-0.00106526
1774096332919,0.117676,-0.1875,0.990234,0,-0.000532632,0.000532632
1774096332989,0.117188,-0.187012,0.994141,0,-0.00106526,0.000532632
1774096333070,0.116699,-0.187012,0.991211,0.000532632,-0.00106526,0
1774096333150,0.117676,-0.187988,0.993164,0.000532632,-0.00106526,0.00106526
1774096333221,0.118164,-0.188965,0.991211,0.000532632,0,0
1774096333301,0.116699,-0.187012,0.992188,-0.000532632,-0.000532632,0.000532632
1774096333382,0.117188,-0.188477,0.992188,0,-0.000532632,-0.000532632
1774096333452,0.117188,-0.188477,0.992188,-0.00106526,-0.000532632,0.000532632
1774096333533,0.118652,-0.1875,0.992676,0.000532632,-0.00106526,-0.00106526
1774096333614,0.118652,-0.1875,0.992188,0.000532632,-0.00106526,-0.000532632
1774096333684,0.115234,-0.187012,0.989258,0,-0.000532632,-0.000532632
1774096333765,0.117676,-0.187012,0.994141,0.000532632,-0.000532632,0.000532632
1774096333845,0.118164,-0.189941,0.993652,0.000532632,-0.00106526,0.000532632
1774096333916,0.117188,-0.187988,0.992188,0,0,0
1774096333996,0.118652,-0.187012,0.992676,-0.000532632,-0.000532632,-0.00106526
1774096334067,0.119141,-0.1875,0.992188,0.000532632,-0.000532632,-0.000532632
1774096334147,0.118164,-0.1875,0.992188,0.000532632,-0.00106526,0
1774096334228,0.117676,-0.186523,0.991699,-0.000532632,-0.0015979,0.000532632
1774096334298,0.119141,-0.188965,0.994141,0.00106526,-0.000532632,0
1774096334379,0.116211,-0.189453,0.992676,0,0,0
1774096334460,0.117676,-0.1875,0.993164,0.000532632,-0.000532632,0.000532632
1774096334530,0.116699,-0.1875,0.991211,0.000532632,-0.000532632,0
1774096334611,0.117188,-0.187012,0.992676,-0.000532632,0,0.000532632
1774096334691,0.117188,-0.188965,0.992188,0,-0.00106526,-0.000532632
1774096334762,0.117676,-0.187012,0.992188,0,-0.000532632,0
1774096334842,0.117676,-0.188965,0.991699,0,-0.000532632,-0.000532632
1774096334923,0.117676,-0.188477,0.991211,0,-0.0015979,-0.00106526
1774096334993,0.118164,-0.19043,0.992676,0.00106526,-0.00106526,0
1774096335074,0.117676,-0.188477,0.992676,0,-0.00106526,0
1774096335154,0.117188,-0.189941,0.991211,0.000532632,-0.00106526,0
1774096335225,0.118164,-0.188965,0.994141,0,0,0
1774096335306,0.117676,-0.187988,0.990723,0,-0.000532632,0
1774096335376,0.119629,-0.188965,0.990234,-0.000532632,-0.00106526,0
1774096335457,0.117188,-0.1875,0.991699,0,-0.00106526,-0.00106526
1774096335537,0.120117,-0.188965,0.993164,-0.000532632,0,0.000532632
1774096335608,0.117188,-0.187012,0.992188,0.000532632,-0.00106526,0.000532632
1774096335688,0.116699,-0.187988,0.991211,0.000532632,-0.00106526,-0.000532632
1774096335769,0.119141,-0.186523,0.989746,-0.000532632,0,0
1774096335839,0.118164,-0.188477,0.991211,0,-0.00106526,0.00106526
1774096335920,0.116699,-0.188965,0.992676,0.000532632,-0.00106526,0.0015979
1774096336000,0.117676,-0.187988,0.992676,0,-0.000532632,0.000532632
1774096336071,0.118164,-0.187988,0.993164,0,-0.0015979,-0.00106526
1774096336152,0.117676,-0.187012,0.993164,0,-0.000532632,-0.000532632
1774096336232,0.118652,-0.187012,0.993164,0,0,-0.000532632
1774096336302,0.116699,-0.187988,0.992188,0,-0.00106526,0
1774096336383,0.116699,-0.186523,0.991699,-0.000532632,-0.0015979,0.000532632
1774096336464,0.117188,-0.188477,0.990234,-0.000532632,-0.00213053,0
1774096336534,0.118164,-0.187988,0.990234,0.000532632,-0.000532632,0.000532632
1774096336615,0.117188,-0.189453,0.992188,0.000532632,-0.000532632,0
1774096336685,0.118164,-0.187988,0.993164,0.00106526,-0.00106526,0
1774096336766,0.119141,-0.186035,0.991211,0.000532632,-0.000532632,0
1774096336846,0.117188,-0.1875,0.989746,0,-0.00106526,0.0015979
1774096336917,0.115723,-0.1875,0.992676,0.00106526,0,0
1774096336997,0.115723,-0.187012,0.992676,-0.000532632,-0.000532632,-0.000532632
1774096337078,0.116699,-0.188477,0.991699,0,-0.000532632,0.000532632
1774096337148,0.118164,-0.188477,0.991699,-0.00106526,-0.000532632,0.000532632
1774096337230,0.118164,-0.189453,0.991699,0,-0.000532632,0.000532632
1774096337310,0.117676,-0.188477,0.993164,-0.000532632,-0.0015979,0.000532632
1774096337380,0.117676,-0.1875,0.992188,-0.000532632,-0.000532632,0
1774096337460,0.116699,-0.186523,0.992188,-0.000532632,-0.00106526,0
1774096337541,0.118164,-0.186035,0.993164,-0.000532632,0,-0.000532632
1774096337612,0.117676,-0.188477,0.990723,-0.000532632,-0.000532632,0
1774096337692,0.117188,-0.187012,0.990723,0,0,-0.00106526
1774096337763,0.116699,-0.187988,0.991211,-0.000532632,-0.000532632,0
1774096337843,0.115234,-0.189941,0.990723,0.000532632,-0.0015979,-0.000532632
1774096337924,0.117676,-0.186523,0.991211,0,-0.00106526,-0.000532632
1774096337994,0.117676,-0.187012,0.991699,0.000532632,0,-0.000532632
1774096338075,0.118652,-0.186523,0.992188,-0.000532632,-0.00106526,0
1774096338155,0.117188,-0.187012,0.993652,0,-0.000532632,0
1774096338226,0.117676,-0.187012,0.992676,0,-0.00106526,0.000532632
1774096338307,0.117676,-0.1875,0.991699,0.000532632,0,-0.000532632
1774096338387,0.116211,-0.187988,0.991211,-0.00106526,-0.00106526,0.000532632
1774096338458,0.116699,-0.186035,0.992188,-0.000532632,-0.000532632,-0.00106526
1774096338539,0.117188,-0.187988,0.993652,0.00106526,-0.000532632,0
1774096338619,0.118164,-0.1875,0.991211,0,0,-0.000532632
1774096338689,0.116699,-0.186523,0.994141,0,-0.000532632,0
1774096338770,0.118652,-0.187012,0.992676,0.000532632,0,-0.000532632
1774096338850,0.119141,-0.188477,0.993164,0,0,-0.000532632
1774096338921,0.118652,-0.185547,0.992676,0,-0.000532632,0
1774096339002,0.117188,-0.188477,0.993652,-0.000532632,0,-0.000532632
1774096339072,0.119141,-0.187012,0.992188,0,-0.00106526,0.000532632
1774096339153,0.117676,-0.187012,0.992188,0,-0.00213053,-0.000532632
1774096339233,0.118652,-0.1875,0.990723,0.000532632,-0.00106526,-0.000532632
1774096339304,0.118652,-0.189941,0.992188,-0.000532632,-0.00106526,-0.000532632
1774096339384,0.117188,-0.187012,0.992676,-0.000532632,-0.00106526,-0.000532632
1774096339466,0.120117,-0.187012,0.993164,-0.000532632,0,-0.000532632
1774096339535,0.121094,-0.188477,0.990723,0,0,-0.000532632
1774096339616,0.116211,-0.1875,0.992676,0.000532632,-0.00106526,-0.000532632
1774096339696,0.119141,-0.188477,0.994141,0.00106526,-0.0015979,0
1774096339767,0.118164,-0.187988,0.993652,0,-0.00106526,0.000532632
1774096339847,0.118164,-0.188477,0.993164,0,0,-0.000532632
1774096339928,0.119141,-0.188965,0.992676,-0.000532632,-0.00213053,0.000532632
1774096339998,0.118164,-0.185547,0.991211,0.000532632,-0.00106526,0
1774096340079,0.118164,-0.1875,0.992188,0,-0.000532632,0.000532632
1774096340149,0.118652,-0.187988,0.992676,0,-0.000532632,-0.000532632
1774096340230,0.117676,-0.187012,0.993652,-0.000532632,-0.00106526,0.000532632
1774096340310,0.116699,-0.186523,0.991699,0.000532632,0,0.000532632
1774096340381,0.119629,-0.187012,0.992676,0,-0.000532632,0.000532632
1774096340461,0.118164,-0.186035,0.993164,0,-0.000532632,0
1774096340542,0.117188,-0.187988,0.993164,0.000532632,-0.00106526,0
1774096340612,0.118652,-0.1875,0.994141,0.000532632,-0.00106526,0
1774096340693,0.117676,-0.185547,0.992188,-0.00106526,0,0.000532632
1774096340774,0.118652,-0.188965,0.992188,-0.000532632,-0.000532632,0.00106526
1774096340844,0.117188,-0.188965,0.993164,0.000532632,-0.00106526,-0.000532632
1774096340925,0.118164,-0.186035,0.992676,0.000532632,-0.00106526,-0.00106526
1774096341005,0.118652,-0.186523,0.992188,0,0.000532632,0.000532632
1774096341076,0.118164,-0.188477,0.992188,0,-0.000532632,-0.00106526
1774096341156,0.117676,-0.187012,0.993164,0,-0.00106526,0.000532632
1774096341237,0.116699,-0.1875,0.993164,0,0,0.000532632
1774096341307,0.117676,-0.189453,0.991211,0.000532632,0,0.00106526
1774096341388,0.118652,-0.188965,0.991699,-0.000532632,0,-0.000532632
1774096341468,0.116211,-0.1875,0.992188,0,-0.00106526,0.000532632
1774096341539,0.119141,-0.187988,0.991211,0,-0.00106526,0.000532632
1774096341619,0.119141,-0.1875,0.994141,0.000532632,-0.0015979,0
1774096341690,0.115723,-0.188965,0.993652,0.000532632,-0.0015979,0
1774096341770,0.118164,-0.1875,0.991699,0,-0.00106526,-0.000532632
1774096341851,0.117188,-0.187988,0.993164,-0.000532632,-0.0015979,-0.0015979
1774096341921,0.119141,-0.187988,0.994629,0,-0.000532632,0.00106526
1774096342002,0.117188,-0.188477,0.993652,0.000532632,-0.00106526,0
1774096342083,0.118652,-0.187012,0.990723,-0.000532632,-0.000532632,-0.000532632
1774096342153,0.117676,-0.187012,0.992676,0.00106526,-0.000532632,0
1774096342234,0.118652,-0.187012,0.993652,0,-0.00106526,-0.000532632
1774096342315,0.117676,-0.186523,0.992188,0,-0.00106526,0
1774096342386,0.119629,-0.189453,0.991211,-0.000532632,-0.00106526,-0.00106526
1774096342466,0.118652,-0.187988,0.990723,-0.000532632,-0.00106526,-0.00106526
1774096342546,0.118652,-0.187988,0.993164,0.000532632,-0.0015979,-0.000532632
1774096342617,0.119629,-0.187988,0.993164,0.000532632,-0.000532632,-0.00106526
1774096342697,0.117188,-0.188965,0.993164,0,-0.00106526,0
1774096342768,0.117188,-0.188477,0.992676,0.000532632,-0.000532632,-0.00106526
1774096342848,0.118652,-0.1875,0.990723,-0.000532632,-0.00106526,-0.000532632
1774096342929,0.119629,-0.187012,0.993164,0,-0.000532632,0
1774096342999,0.116699,-0.1875,0.992188,-0.000532632,-0.000532632,-0.00106526
1774096343080,0.117188,-0.186523,0.991211,0.000532632,-0.00106526,0
1774096343160,0.118164,-0.188477,0.993164,0.000532632,0,-0.000532632
1774096343231,0.118164,-0.186035,0.992676,0.000532632,-0.0015979,-0.00106526
1774096343312,0.116211,-0.185059,0.991211,0,-0.00106526,0.000532632
1774096343392,0.115234,-0.185547,0.993164,0,-0.000532632,-0.000532632
1774096343463,0.119629,-0.189453,0.990723,0,-0.00106526,0.000532632
1774096343543,0.117676,-0.188477,0.993652,0.000532632,-0.000532632,-0.00106526
1774096343624,0.117676,-0.187988,0.992188,0.000532632,-0.00106526,0
1774096343694,0.118164,-0.186523,0.992676,-0.00106526,-0.0015979,0.000532632
1774096343775,0.117676,-0.187988,0.992188,0,-0.0015979,-0.000532632
1774096343845,0.117188,-0.185547,0.991699,0,-0.000532632,0.000532632
1774096343926,0.117188,-0.186035,0.993164,0.00106526,0,0
1774096344006,0.120117,-0.187012,0.994629,0,-0.00106526,-0.000532632
1774096344077,0.117676,-0.188477,0.992676,0.000532632,-0.000532632,0
1774096344157,0.119141,-0.187012,0.992676,-0.000532632,-0.00106526,0.000532632
1774096344238,0.115723,-0.187988,0.993164,0.000532632,-0.000532632,0
1774096344308,0.119141,-0.186035,0.992676,0,-0.000532632,0.000532632
1774096344390,0.118652,-0.186035,0.992676,0.000532632,-0.00106526,0
1774096344470,0.117188,-0.188477,0.991699,0,-0.00106526,-0.000532632
1774096344540,0.116211,-0.1875,0.994629,0,-0.00106526,-0.000532632
1774096344621,0.116699,-0.187012,0.993652,0,-0.000532632,-0.000532632
1774096344702,0.118652,-0.187988,0.993164,0,-0.0015979,-0.000532632
1774096344772,0.118652,-0.187012,0.993164,0,-0.0015979,-0.000532632
1774096344853,0.117676,-0.186035,0.992188,0.000532632,-0.000532632,-0.000532632
1774096344933,0.117188,-0.187012,0.991699,0,-0.000532632,0.000532632
1774096345004,0.118652,-0.188477,0.993164,0.000532632,0,-0.000532632
1774096345084,0.119629,-0.188965,0.992676,0.000532632,-0.0015979,0.000532632
1774096345155,0.119629,-0.187988,0.994141,0.000532632,-0.0015979,-0.000532632
1774096345235,0.118164,-0.187988,0.992188,0.00106526,-0.00106526,0
1774096345316,0.116699,-0.187988,0.993164,0.000532632,-0.00266316,0.000532632
1774096345386,0.118652,-0.187012,0.993164,-0.000532632,-0.00106526,0
1774096345467,0.118652,-0.187012,0.992676,-0.000532632,-0.00106526,0
1774096345547,0.118164,-0.186035,0.992676,0,-0.00106526,0.0015979
1774096345618,0.118164,-0.188477,0.993652,0,0,-0.000532632
1774096345698,0.120117,-0.187988,0.992676,0.000532632,-0.00106526,-0.000532632
1774096345779,0.117676,-0.1875,0.993652,0.000532632,-0.000532632,0.000532632
1774096345849,0.117188,-0.186523,0.991211,-0.000532632,-0.000532632,-0.000532632
1774096345930,0.119629,-0.189453,0.995605,0,-0.00106526,0.000532632
1774096346010,0.119629,-0.1875,0.993164,0.00106526,-0.000532632,0
1774096346081,0.119629,-0.185059,0.994141,0,-0.00106526,0.00106526
1774096346161,0.119141,-0.187012,0.993652,0.000532632,-0.000532632,0.000532632
1774096346242,0.117188,-0.187012,0.992188,0.000532632,-0.000532632,0
1774096346313,0.118652,-0.186035,0.993652,0,-0.00106526,0.00106526
1774096346393,0.119141,-0.186035,0.995117,0,0,0
1774096346463,0.119141,-0.186035,0.994141,-0.000532632,-0.000532632,0.00106526
1774096346544,0.118652,-0.187012,0.992188,0,-0.000532632,-0.000532632
1774096346625,0.120117,-0.1875,0.993652,0,-0.00106526,0
1774096346695,0.118652,-0.1875,0.993164,0,-0.0015979,-0.000532632
1774096346776,0.118652,-0.189453,0.992676,0,-0.00106526,0
1774096346856,0.116211,-0.187012,0.992188,0,-0.000532632,0.000532632
1774096346927,0.117188,-0.1875,0.992188,0,-0.0015979,0.00106526
1774096347007,0.119629,-0.186035,0.992188,0,-0.0015979,0
1774096347088,0.119141,-0.1875,0.994629,0,-0.00266316,0
1774096347158,0.118652,-0.188965,0.992676,-0.00106526,-0.00106526,-0.0015979
1774096347239,0.118652,-0.1875,0.993164,0.000532632,-0.00106526,0.000532632
1774096347319,0.117188,-0.186523,0.993164,-0.000532632,-0.00106526,0.000532632
1774096347390,0.115723,-0.1875,0.991699,0,-0.000532632,-0.000532632
1774096347470,0.117676,-0.187988,0.992676,-0.000532632,-0.00106526,-0.000532632
1774096347551,0.118164,-0.186523,0.993652,-0.00106526,-0.00106526,0
1774096347621,0.118652,-0.187988,0.994141,0,-0.000532632,0
1774096347702,0.118652,-0.186523,0.993164,0,-0.00106526,0
1774096347772,0.115723,-0.187988,0.992188,-0.00106526,0,0.000532632
1774096347853,0.117676,-0.187012,0.993164,-0.000532632,-0.000532632,0
1774096347934,0.118652,-0.1875,0.994629,0.000532632,-0.00106526,0
1774096348004,0.115723,-0.189453,0.993164,0,0,-0.000532632
1774096348085,0.119629,-0.186035,0.991211,0,-0.000532632,0
1774096348165,0.117676,-0.186035,0.992676,0.00106526,-0.00213053,0.00106526
1774096348237,0.119141,-0.187012,0.993652,0,0,0
1774096348316,0.119141,-0.186523,0.991699,0.000532632,-0.0015979,-0.000532632
1774096348397,0.117676,-0.185547,0.992676,0,-0.00106526,0.000532632
1774096348467,0.118164,-0.186035,0.991699,0,-0.0015979,0
1774096348548,0.118164,-0.1875,0.992676,0,0,-0.00106526
1774096348628,0.118164,-0.1875,0.993164,0,0,0
1774096348699,0.118164,-0.188477,0.993652,0,-0.0015979,-0.000532632
1774096348779,0.118164,-0.1875,0.993164,-0.000532632,-0.0015979,0
1774096348860,0.119629,-0.187988,0.993652,0.000532632,-0.00213053,-0.000532632
1774096348930,0.117188,-0.187988,0.994141,0,-0.000532632,0
1774096349011,0.116699,-0.18457,0.993652,0,-0.00106526,0.000532632
1774096349082,0.116699,-0.1875,0.992676,0,-0.00106526,-0.00106526
1774096349162,0.118652,-0.185547,0.994629,0,-0.000532632,-0.00106526
1774096349242,0.118164,-0.1875,0.992188,0.000532632,0,0.000532632
1774096349313,0.118652,-0.186035,0.992676,-0.000532632,-0.000532632,0
1774096349394,0.118164,-0.187988,0.992676,-0.000532632,-0.00106526,0
1774096349474,0.117188,-0.187012,0.991211,0.00106526,-0.00106526,0
1774096349545,0.117188,-0.1875,0.993164,0,-0.000532632,-0.000532632
1774096349626,0.117188,-0.186035,0.993652,-0.000532632,-0.00106526,0.000532632
1774096349706,0.115723,-0.186035,0.992188,0.000532632,-0.000532632,0
1774096349776,0.116699,-0.1875,0.990723,0,-0.00106526,0
1774096349857,0.118164,-0.186035,0.993164,0,-0.000532632,0
1774096349937,0.116699,-0.188477,0.993652,0,-0.00106526,0.000532632
1774096350008,0.117188,-0.188477,0.993164,-0.000532632,-0.0015979,-0.00106526
1774096350088,0.116699,-0.186523,0.991211,0,-0.00106526,0.00106526
1774096350169,0.117676,-0.187988,0.993652,0,-0.00106526,0.000532632
1774096350239,0.118164,-0.187988,0.992676,0.00106526,-0.00213053,0
1774096350320,0.118652,-0.1875,0.992676,-0.00106526,-0.0015979,0
1774096350391,0.118164,-0.18457,0.993164,0.000532632,-0.000532632,0.00106526
1774096350471,0.118164,-0.186523,0.992188,0.000532632,-0.00106526,0
1774096350551,0.117676,-0.186523,0.992676,0.000532632,-0.000532632,0
1774096350622,0.116211,-0.187988,0.993652,0,-0.00106526,-0.000532632
1774096350703,0.119141,-0.1875,0.991211,-0.00106526,-0.000532632,0
1774096350783,0.118652,-0.187012,0.993652,0,-0.000532632,0.000532632
1774096350854,0.118652,-0.186523,0.993164,0,-0.000532632,-0.000532632
1774096350934,0.117188,-0.187988,0.991699,0,-0.0015979,-0.00106526
1774096351015,0.117188,-0.186523,0.993164,0,0,0.000532632
1774096351085,0.117188,-0.186523,0.991211,0,-0.000532632,0
1774096351166,0.119141,-0.1875,0.993164,0.000532632,-0.000532632,0
1774096351246,0.117188,-0.1875,0.994141,0.000532632,-0.000532632,0
1774096351317,0.118652,-0.189453,0.991211,0,-0.0015979,0
1774096351397,0.120117,-0.187988,0.991211,0.000532632,-0.00106526,0.000532632
1774096351478,0.118164,-0.186523,0.991699,0,-0.00106526,0
1774096351548,0.117188,-0.188477,0.992188,0.000532632,-0.000532632,0
1774096351629,0.118652,-0.187012,0.993652,-0.000532632,0.000532632,0.000532632
1774096351699,0.116699,-0.189941,0.993164,0,-0.000532632,0
1774096351780,0.119141,-0.188965,0.991211,0,-0.000532632,0
1774096351860,0.119629,-0.186523,0.993652,-0.00106526,-0.000532632,0.000532632
1774096351931,0.118652,-0.1875,0.993164,0,-0.00106526,0.000532632
1774096352011,0.117676,-0.189453,0.990723,-0.000532632,-0.00106526,0.00106526
1774096352092,0.117676,-0.18457,0.993652,0,-0.00106526,0.000532632
1774096352163,0.117188,-0.187012,0.990723,0,-0.00106526,0
1774096352243,0.119629,-0.1875,0.991211,0.000532632,-0.000532632,0.000532632
1774096352324,0.118164,-0.187988,0.993164,0,-0.000532632,-0.000532632
1774096352394,0.117188,-0.187988,0.992188,0.000532632,-0.000532632,0.00106526
1774096352475,0.118652,-0.187988,0.992188,0.000532632,0,-0.000532632
1774096352555,0.116211,-0.187988,0.992676,0,-0.000532632,0
1774096352626,0.117676,-0.186035,0.992188,0,0,0
1774096352706,0.119141,-0.188965,0.991211,0,-0.00106526,0
1774096352787,0.116211,-0.188965,0.991699,0,-0.000532632,0
1774096352858,0.117676,-0.188477,0.991211,-0.000532632,-0.000532632,-0.000532632
1774096352938,0.117188,-0.187988,0.993652,-0.00106526,-0.000532632,0.000532632
1774096353009,0.117188,-0.187988,0.992676,0,-0.00106526,0
1774096353090,0.117676,-0.186523,0.991211,0.00106526,-0.000532632,0.00106526
1774096353170,0.117676,-0.186523,0.992676,0,-0.00106526,0.00106526
1774096353240,0.117188,-0.187988,0.993164,-0.00106526,-0.000532632,0.000532632
1774096353321,0.115723,-0.188477,0.991699,-0.00106526,-0.000532632,-0.000532632
1774096353402,0.117676,-0.186523,0.991699,0.00106526,-0.00106526,-0.000532632
1774096353472,0.119141,-0.187988,0.991211,0,-0.00106526,0
1774096353552,0.117676,-0.19043,0.994141,0,-0.0015979,-0.000532632
1774096353633,0.119141,-0.187988,0.991211,-0.000532632,-0.00213053,-0.000532632
1774096353703,0.118164,-0.1875,0.993652,0,-0.00106526,-0.000532632
1774096353784,0.116699,-0.188477,0.992676,0,-0.00106526,0
1774096353864,0.118164,-0.187988,0.993164,0.00106526,-0.000532632,0
1774096353935,0.119629,-0.187012,0.994141,0,-0.00106526,-0.000532632
1774096354016,0.120117,-0.187012,0.993164,0,-0.00106526,0.000532632
1774096354086,0.117188,-0.187988,0.992676,0,-0.00106526,0
1774096354167,0.118164,-0.187012,0.993164,-0.000532632,-0.0015979,0
1774096354247,0.116699,-0.188477,0.993652,0.000532632,-0.00106526,-0.000532632
1774096354318,0.117188,-0.187012,0.991211,0,-0.00106526,-0.000532632
1774096354398,0.117676,-0.188965,0.992188,0.000532632,0,-0.0015979
1774096354479,0.117676,-0.189453,0.992188,0,-0.000532632,0
1774096354549,0.119629,-0.186523,0.993164,0,-0.0015979,0
1774096354630,0.117676,-0.186035,0.994141,-0.000532632,-0.00106526,-0.000532632
1774096354710,0.116699,-0.1875,0.992188,-0.000532632,-0.00106526,0.000532632
1774096354781,0.118652,-0.1875,0.992188,0,-0.000532632,0
1774096354861,0.118164,-0.187012,0.991699,0.000532632,-0.00106526,0.000532632
1774096354942,0.119141,-0.1875,0.993164,0,-0.00106526,-0.00106526
1774096355012,0.118164,-0.187012,0.992676,0,-0.0015979,-0.000532632
1774096355095,0.120117,-0.1875,0.991211,0.000532632,-0.00106526,0.000532632
1774096355174,0.117188,-0.186523,0.991699,0.000532632,-0.00106526,0
1774096355244,0.119141,-0.187988,0.994141,0.00106526,-0.00106526,-0.0015979
1774096355325,0.118652,-0.1875,0.991211,-0.000532632,-0.0015979,0
1774096355395,0.119629,-0.188965,0.991699,-0.000532632,-0.00106526,0
1774096355476,0.118652,-0.185547,0.991699,-0.0015979,-0.00106526,-0.00106526
1774096355556,0.117676,-0.1875,0.993652,0.00106526,-0.00106526,0.000532632
1774096355627,0.118652,-0.188477,0.995605,0.00106526,-0.00106526,0.000532632
1774096355707,0.119141,-0.185059,0.992676,0.000532632,0,-0.00106526
1774096355788,0.117188,-0.185547,0.993164,0.000532632,0.00106526,-0.00106526
1774096355858,0.117188,-0.186523,0.993164,0.000532632,-0.00106526,0.00106526
1774096355939,0.117188,-0.187012,0.992676,-0.000532632,-0.0015979,0.000532632
1774096356019,0.117188,-0.187012,0.992188,0.000532632,-0.000532632,0.000532632
1774096356090,0.117188,-0.187988,0.994141,0,-0.000532632,-0.00106526
1774096356170,0.119629,-0.187012,0.991211,0,-0.000532632,0.000532632
1774096356251,0.119141,-0.187988,0.993164,-0.000532632,-0.0015979,0
1774096356321,0.118164,-0.187988,0.993164,0,0,-0.000532632
1774096356402,0.118164,-0.187012,0.992188,0.000532632,-0.00106526,-0.00106526
1774096356482,0.119141,-0.188965,0.994141,0,-0.000532632,0
1774096356553,0.118652,-0.187988,0.991211,0,-0.00106526,-0.000532632
1774096356633,0.116699,-0.187988,0.991211,0.00106526,0,0.000532632
1774096356714,0.117676,-0.188477,0.993164,0.000532632,-0.00106526,0.000532632
1774096356784,0.117676,-0.188477,0.992188,-0.00106526,-0.0015979,0.000532632
1774096356865,0.117676,-0.187988,0.991211,-0.00106526,-0.00106526,0
1774096356935,0.119141,-0.1875,0.995605,0,0,0
1774096357016,0.118652,-0.187012,0.993652,0.000532632,-0.000532632,0.000532632
1774096357097,0.115723,-0.187012,0.991211,0.000532632,-0.000532632,-0.000532632
1774096357167,0.120117,-0.187012,0.992676,0.00106526,0,0
1774096357248,0.115723,-0.186035,0.991699,0.000532632,-0.00106526,-0.000532632
1774096357328,0.118164,-0.186523,0.993164,-0.000532632,-0.00213053,-0.000532632
1774096357399,0.118164,-0.186523,0.992188,0.000532632,0,-0.000532632
1774096357479,0.119141,-0.1875,0.992676,0.00106526,-0.000532632,0.000532632
1774096357560,0.115723,-0.1875,0.992188,-0.000532632,-0.00106526,0
1774096357630,0.118652,-0.187988,0.994629,-0.000532632,-0.0015979,0
1774096357711,0.117188,-0.187988,0.992676,0.000532632,-0.00106526,-0.000532632
1774096357791,0.117676,-0.187988,0.993652,0,-0.00106526,0
1774096357862,0.117188,-0.1875,0.990723,0,-0.000532632,0
1774096357942,0.117676,-0.188477,0.991699,-0.00106526,-0.00106526,0
1774096358023,0.117188,-0.187988,0.993164,0,-0.00106526,-0.000532632
1774096358093,0.118164,-0.188477,0.992676,0.000532632,-0.000532632,0.000532632
1774096358174,0.118652,-0.188477,0.991211,-0.000532632,-0.00106526,0.000532632
1774096358244,0.116211,-0.187012,0.992188,-0.000532632,-0.000532632,0
1774096358325,0.120117,-0.186523,0.991211,0.000532632,-0.0015979,0
1774096358405,0.117676,-0.188965,0.993164,0.000532632,-0.00106526,0
1774096358476,0.117188,-0.186523,0.992188,0,-0.000532632,0
1774096358557,0.117676,-0.187012,0.994141,0.000532632,-0.00213053,-0.000532632
1774096358637,0.117676,-0.1875,0.991699,0.000532632,-0.000532632,0
1774096358708,0.117188,-0.187988,0.994141,-0.00106526,-0.00106526,0
1774096358788,0.116211,-0.188965,0.992188,-0.000532632,-0.0015979,0
1774096358869,0.119141,-0.1875,0.993164,0.000532632,-0.00106526,0
1774096358939,0.116211,-0.188965,0.991699,-0.000532632,-0.000532632,-0.000532632
1774096359020,0.118164,-0.188477,0.993164,0.00106526,-0.00106526,0.00106526
1774096359101,0.118652,-0.1875,0.991699,0,-0.00106526,0
1774096359171,0.117188,-0.187988,0.991211,0,-0.0015979,0
1774096359252,0.116699,-0.187988,0.992676,0,0,-0.000532632
1774096359332,0.118164,-0.188477,0.991211,-0.000532632,-0.00106526,0.0015979
1774096359403,0.116699,-0.1875,0.993164,-0.000532632,-0.000532632,0
1774096359483,0.117188,-0.189453,0.992188,0.00106526,0,-0.00106526
1774096359554,0.117676,-0.187988,0.993164,-0.000532632,-0.00106526,0
1774096359634,0.117676,-0.187988,0.992676,0.00106526,-0.00106526,0.000532632
1774096359715,0.118164,-0.188477,0.992188,-0.000532632,-0.00106526,0
1774096359785,0.119629,-0.189453,0.991699,0,0,0
1774096359866,0.118164,-0.188965,0.992676,-0.000532632,-0.000532632,0.000532632
1774096359946,0.117188,-0.1875,0.991211,0,-0.0015979,-0.00106526
1774096360017,0.119141,-0.187988,0.993652,0,-0.00106526,0.000532632
1774096360097,0.119141,-0.187012,0.992676,-0.000532632,0.000532632,-0.000532632
1774096360178,0.118164,-0.189453,0.991699,-0.00106526,-0.00106526,0.000532632
1774096360248,0.117188,-0.187988,0.993164,-0.000532632,0,0
1774096360329,0.116699,-0.188965,0.992676,-0.000532632,-0.00106526,0.000532632
1774096360410,0.117676,-0.186523,0.992676,0.000532632,0.000532632,-0.000532632
1774096360480,0.119629,-0.188477,0.993652,0,-0.00106526,-0.00106526
1774096360561,0.119141,-0.187012,0.992188,0.00106526,-0.000532632,-0.000532632
1774096360641,0.115723,-0.187988,0.991211,-0.00106526,-0.0015979,0
1774096360712,0.119141,-0.187988,0.992676,0,-0.0015979,-0.000532632
1774096360792,0.119141,-0.187012,0.992188,0,-0.000532632,0
1774096360863,0.116699,-0.1875,0.991699,0.000532632,-0.0015979,-0.00106526
1774096360943,0.118652,-0.185547,0.991699,0.000532632,-0.000532632,0.000532632
1774096361024,0.117188,-0.188965,0.993164,0,-0.00106526,0.000532632
1774096361094,0.117676,-0.1875,0.992676,-0.000532632,0,0.000532632
1774096361175,0.119141,-0.1875,0.993164,0.000532632,-0.000532632,-0.000532632
1774096361255,0.118652,-0.188965,0.993652,0,-0.0015979,0
1774096361326,0.120117,-0.187988,0.991699,-0.000532632,-0.0015979,0
1774096361406,0.120117,-0.1875,0.994141,0,-0.00106526,0
1774096361487,0.119629,-0.186523,0.993164,-0.000532632,-0.00106526,0.000532632
1774096361557,0.119141,-0.187988,0.993164,0,-0.000532632,0.0015979
1774096361638,0.118164,-0.186523,0.994141,0.000532632,0,0.000532632
1774096361718,0.118164,-0.187988,0.992676,0.000532632,-0.00106526,0
1774096361789,0.116211,-0.1875,0.991699,0.000532632,-0.00106526,0
1774096361869,0.116211,-0.187988,0.991699,0.000532632,-0.0015979,0.000532632
1774096361950,0.117676,-0.187988,0.992676,0.000532632,-0.000532632,-0.000532632
1774096362020,0.116211,-0.186523,0.992188,0,-0.00106526,0
1774096362101,0.117188,-0.185059,0.992676,0.000532632,0,0
1774096362182,0.119629,-0.186035,0.992188,0.000532632,0,-0.00106526
1774096362252,0.118164,-0.186523,0.994141,0.000532632,-0.000532632,0
1774096362333,0.117188,-0.187012,0.992676,0,-0.00106526,0.00106526
1774096362403,0.119141,-0.187988,0.993164,0,-0.00106526,0
1774096362484,0.117676,-0.187012,0.992188,0,-0.0015979,-0.000532632
1774096362564,0.117676,-0.186523,0.991699,0.000532632,0,0
1774096362635,0.118164,-0.187012,0.993164,-0.00106526,-0.000532632,0.000532632
1774096362715,0.116699,-0.188477,0.992188,0.000532632,-0.000532632,-0.00106526
1774096362796,0.119629,-0.1875,0.992676,0.000532632,-0.000532632,0
1774096362866,0.118164,-0.187012,0.992676,-0.000532632,-0.0015979,0.000532632
1774096362947,0.119141,-0.1875,0.991699,-0.000532632,-0.00106526,0
1774096363027,0.116699,-0.188477,0.994141,0,-0.000532632,0
1774096363098,0.117676,-0.188477,0.991699,0,-0.00106526,-0.000532632
1774096363178,0.116699,-0.186035,0.992188,-0.000532632,-0.000532632,0.000532632
1774096363259,0.119629,-0.187012,0.993164,0,-0.0015979,-0.00106526
1774096363329,0.117188,-0.187988,0.992676,0,0,0
1774096363410,0.117188,-0.187988,0.993164,0.000532632,-0.000532632,0.00106526
1774096363490,0.117676,-0.187988,0.990723,0,-0.0015979,0
1774096363561,0.116699,-0.185547,0.991211,-0.000532632,-0.00106526,0.000532632
1774096363642,0.117188,-0.184082,0.994141,-0.000532632,0,-0.00106526
1774096363712,0.116699,-0.187988,0.992188,0.00106526,-0.000532632,0
1774096363793,0.117188,-0.187988,0.994141,-0.000532632,0.00106526,-0.00213053
1774096363873,0.119141,-0.187988,0.992188,0.000532632,-0.000532632,-0.000532632
1774096363944,0.119141,-0.1875,0.992676,0.000532632,-0.000532632,0.000532632
1774096364024,0.118164,-0.187012,0.992676,0.000532632,-0.0015979,0
1774096364105,0.114746,-0.185547,0.990234,0.0015979,-0.000532632,0.000532632
1774096364175,0.118164,-0.188965,0.993164,0,-0.00106526,0
1774096364256,0.118652,-0.189453,0.992188,-0.00106526,-0.000532632,0
1774096364337,0.119141,-0.185059,0.994141,0.000532632,-0.000532632,0
1774096364407,0.119141,-0.187988,0.992188,0,-0.000532632,0.000532632
1774096364488,0.118164,-0.18457,0.993164,0.000532632,-0.000532632,0.000532632
1774096364568,0.118652,-0.187012,0.992676,0,-0.000532632,-0.000532632
1774096364639,0.119141,-0.1875,0.991699,0,0,0
1774096364719,0.116699,-0.1875,0.990723,-0.000532632,-0.000532632,0.000532632
1774096364790,0.116211,-0.189941,0.989258,0.000532632,-0.00106526,0.000532632
1774096364870,0.116699,-0.187012,0.994629,0,-0.000532632,-0.000532632
1774096364951,0.117676,-0.187988,0.993652,0,0,-0.000532632
1774096365021,0.118652,-0.1875,0.990234,0,0,-0.000532632
1774096365102,0.116699,-0.187012,0.994141,0,-0.00106526,0.000532632
1774096365182,0.118164,-0.187012,0.992188,0,-0.00106526,-0.000532632
1774096365253,0.118164,-0.1875,0.992188,0,0,-0.00106526
1774096365333,0.118652,-0.187988,0.992676,0.00106526,-0.0015979,0.000532632
1774096365414,0.116699,-0.1875,0.993652,0,0,0.00106526
1774096365484,0.119141,-0.188965,0.992188,0.000532632,-0.000532632,0.000532632
1774096365565,0.118164,-0.187988,0.991699,0.000532632,-0.000532632,0.0015979
1774096365646,0.118164,-0.1875,0.991699,-0.000532632,0,-0.000532632
1774096365716,0.119141,-0.1875,0.990723,0.000532632,-0.00106526,0
1774096365797,0.118164,-0.187988,0.992676,-0.00106526,-0.000532632,0
1774096365877,0.118164,-0.188477,0.992188,0,-0.0015979,0.000532632
1774096365948,0.116211,-0.189453,0.992188,0,-0.00106526,0.00106526
1774096366028,0.117188,-0.187988,0.992676,0,-0.0015979,0
1774096366099,0.118164,-0.187988,0.994629,0,-0.000532632,0
1774096366179,0.120117,-0.186523,0.992188,0.000532632,-0.0015979,0.000532632
1774096366260,0.119141,-0.188477,0.993652,0,-0.0015979,-0.000532632
1774096366330,0.117676,-0.1875,0.992188,-0.000532632,-0.0015979,-0.000532632
1774096366411,0.117676,-0.186523,0.992676,0,-0.000532632,-0.0015979
1774096366491,0.117676,-0.188477,0.991699,0,-0.000532632,-0.0015979
1774096366562,0.117188,-0.187988,0.992188,-0.00106526,-0.00106526,-0.000532632
1774096366642,0.117188,-0.187012,0.990723,0.000532632,-0.00106526,0.000532632
1774096366723,0.118164,-0.1875,0.991699,0.000532632,-0.000532632,0
1774096366794,0.117188,-0.186523,0.990234,-0.00106526,-0.00106526,0.00106526
1774096366874,0.117676,-0.189941,0.993164,-0.00106526,0,0
1774096366954,0.115723,-0.188965,0.991699,0,-0.00106526,-0.00106526
1774096367025,0.116211,-0.187988,0.992188,0.000532632,-0.000532632,-0.00106526
1774096367106,0.116699,-0.187012,0.991699,0,-0.000532632,-0.000532632
1774096367186,0.116699,-0.188965,0.992676,0,-0.0015979,0
1774096367257,0.116699,-0.188477,0.992188,0.000532632,-0.000532632,-0.00106526
1774096367337,0.117676,-0.186523,0.992676,0.000532632,-0.00106526,-0.000532632
1774096367408,0.119629,-0.187012,0.994629,0,0,0
1774096367489,0.116211,-0.187988,0.993164,-0.000532632,-0.0015979,-0.000532632
1774096367569,0.116699,-0.187012,0.993652,0.00106526,-0.00106526,0
1774096367640,0.118652,-0.1875,0.992676,0,-0.000532632,0.000532632
1774096367721,0.118164,-0.187988,0.992676,-0.000532632,-0.000532632,0
1774096367801,0.117188,-0.186523,0.990723,0.000532632,-0.00106526,-0.0015979
1774096367872,0.116211,-0.188477,0.993164,0,-0.0015979,0.000532632
1774096367952,0.117188,-0.187988,0.991211,-0.000532632,-0.00106526,-0.00106526
1774096368033,0.119141,-0.188477,0.991211,0,-0.00106526,0.000532632
1774096368103,0.117188,-0.1875,0.994629,0,-0.00106526,0.000532632
1774096368184,0.119141,-0.1875,0.991699,0,-0.00106526,0
1774096368264,0.116699,-0.188477,0.995117,0,-0.000532632,0
1774096368335,0.116211,-0.187012,0.992188,-0.000532632,-0.00106526,0.000532632
1774096368415,0.117676,-0.187012,0.993652,0,-0.00106526,-0.00106526
1774096368486,0.117676,-0.186523,0.991699,0,-0.000532632,0.000532632
1774096368566,0.117188,-0.187012,0.993164,0,-0.0015979,0.000532632
1774096368648,0.119629,-0.1875,0.993652,0.000532632,-0.00106526,0.000532632
1774096368718,0.119629,-0.187012,0.991699,0,-0.00106526,0
1774096368798,0.118652,-0.188477,0.993652,0.000532632,-0.0015979,-0.000532632
1774096368878,0.117188,-0.189453,0.993164,0.000532632,0,0.000532632
1774096368949,0.117676,-0.1875,0.994141,0.000532632,-0.00106526,0
1774096369029,0.118164,-0.186523,0.992676,0.00106526,-0.000532632,-0.00106526
1774096369110,0.118652,-0.189941,0.993164,-0.000532632,-0.00106526,0
1774096369180,0.118652,-0.186035,0.992188,-0.0015979,-0.0015979,-0.000532632
1774096369261,0.118164,-0.1875,0.993164,0,-0.00106526,0.000532632
1774096369341,0.118652,-0.186523,0.993164,0,-0.0015979,0
1774096369412,0.117188,-0.185547,0.993652,-0.000532632,0.000532632,0.000532632
1774096369494,0.118652,-0.188477,0.991699,0,0,-0.000532632
1774096369573,0.117676,-0.1875,0.991211,-0.000532632,-0.00213053,0.000532632
1774096369644,0.118164,-0.186523,0.992676,0,-0.00106526,0.00106526
1774096369724,0.116211,-0.186523,0.994141,0.000532632,-0.00106526,0
1774096369795,0.118164,-0.188965,0.992188,-0.000532632,-0.00106526,0.000532632
1774096369875,0.118652,-0.187012,0.993164,0,0,0.000532632
1774096369956,0.117188,-0.186035,0.993652,0.000532632,-0.0015979,0
1774096370026,0.117188,-0.187988,0.992676,0.000532632,-0.000532632,0
1774096370107,0.117676,-0.187988,0.994141,-0.000532632,-0.00106526,0.000532632
1774096370187,0.116699,-0.187012,0.994141,0.000532632,-0.0015979,0
1774096370258,0.117188,-0.186035,0.992676,0,-0.000532632,-0.000532632
1774096370338,0.116699,-0.186523,0.993652,0,-0.00213053,0
1774096370419,0.121094,-0.187988,0.993164,0.000532632,-0.00106526,-0.000532632
1774096370490,0.117188,-0.187988,0.994629,-0.000532632,-0.00106526,0
1774096370570,0.118164,-0.186035,0.992676,0.000532632,-0.00106526,-0.000532632
1774096370651,0.119629,-0.187988,0.993164,0,-0.0015979,0
1774096370721,0.118652,-0.185059,0.994141,0.000532632,-0.00106526,-0.000532632
1774096370802,0.118652,-0.1875,0.991211,0,-0.0015979,-0.000532632
1774096370872,0.116211,-0.1875,0.992676,0,-0.0015979,0
1774096370953,0.119141,-0.188965,0.992188,0.00106526,-0.00106526,0.000532632
1774096371033,0.117676,-0.187012,0.992676,0.000532632,-0.00213053,0
1774096371104,0.116211,-0.186523,0.993652,0,-0.000532632,-0.0015979
1774096371184,0.119141,-0.185059,0.994629,0.00106526,-0.00106526,0
1774096371265,0.119629,-0.187012,0.992188,-0.000532632,-0.000532632,0
1774096371335,0.118164,-0.1875,0.992676,0.000532632,0,0
1774096371416,0.119629,-0.1875,0.991211,0,-0.000532632,0.000532632
1774096371496,0.115723,-0.187012,0.991211,0.000532632,-0.000532632,0
1774096371567,0.117188,-0.188965,0.992676,0,0,-0.000532632
1774096371648,0.119629,-0.187012,0.993652,-0.000532632,-0.000532632,0
1774096371728,0.118164,-0.188477,0.990723,0,-0.000532632,-0.000532632
1774096371799,0.119141,-0.187012,0.992676,-0.000532632,-0.000532632,-0.000532632
1774096371879,0.119629,-0.187012,0.993164,-0.000532632,-0.0015979,0
1774096371960,0.117188,-0.188477,0.991699,0.000532632,-0.00106526,0.000532632
1774096372030,0.118164,-0.188965,0.991211,0,-0.000532632,-0.000532632
1774096372111,0.118164,-0.186523,0.993652,-0.000532632,-0.000532632,0
1774096372181,0.116699,-0.186523,0.991211,0.00106526,-0.000532632,0
1774096372262,0.118652,-0.188477,0.992676,0.000532632,-0.0015979,0
1774096372343,0.117676,-0.188965,0.993652,-0.000532632,-0.000532632,0
1774096372413,0.118164,-0.1875,0.994629,0,-0.00106526,-0.000532632
1774096372494,0.118652,-0.188477,0.992676,0.000532632,-0.000532632,0.000532632
1774096372575,0.119629,-0.187012,0.990723,0,-0.000532632,0
1774096372645,0.118164,-0.188965,0.991699,-0.00106526,-0.0015979,0
1774096372726,0.119141,-0.187012,0.992188,-0.000532632,-0.0015979,0
1774096372806,0.119141,-0.186523,0.992188,0,-0.00106526,0.000532632
1774096372877,0.116211,-0.1875,0.993164,0,-0.00106526,-0.000532632
1774096372957,0.117676,-0.186523,0.992676,0.000532632,-0.00106526,0
1774096373038,0.116699,-0.188965,0.990723,0,-0.000532632,0.000532632
1774096373108,0.117676,-0.187012,0.994629,0.000532632,0,0
1774096373189,0.117676,-0.187988,0.990723,0,-0.000532632,-0.000532632
1774096373259,0.117676,-0.187988,0.992676,0,-0.000532632,-0.00106526
1774096373340,0.119629,-0.186523,0.992188,0,0,-0.000532632
1774096373421,0.117676,-0.1875,0.993652,0,0,-0.000532632
1774096373491,0.117188,-0.185059,0.992188,0,-0.000532632,0
1774096373572,0.117676,-0.186035,0.991211,-0.00106526,-0.00106526,0.000532632
1774096373652,0.117676,-0.1875,0.993652,-0.00106526,0,0.000532632
1774096373723,0.117676,-0.1875,0.991699,-0.000532632,-0.00106526,-0.000532632
1774096373803,0.119141,-0.189453,0.992676,-0.000532632,-0.000532632,-0.0015979
1774096373884,0.118652,-0.1875,0.992676,0,0,0
1774096373954,0.118164,-0.187012,0.993164,0.000532632,0,-0.000532632
1774096374035,0.116699,-0.186523,0.992676,0.000532632,-0.00106526,0.000532632
1774096374116,0.116699,-0.1875,0.993652,0,-0.000532632,-0.000532632
1774096374186,0.118164,-0.187012,0.992676,0.000532632,0,0
1774096374267,0.118164,-0.185059,0.993164,0.00106526,0,-0.000532632
1774096374337,0.117188,-0.187988,0.991211,-0.0015979,-0.00106526,0
1774096374418,0.117188,-0.186035,0.991699,0,-0.000532632,0
1774096374499,0.118164,-0.186523,0.993652,-0.0015979,-0.000532632,0.000532632
1774096374569,0.118164,-0.187012,0.992676,-0.000532632,-0.000532632,-0.00106526
1774096374649,0.118652,-0.188965,0.993164,-0.00106526,-0.00106526,0.000532632
1774096374730,0.119141,-0.186035,0.992188,-0.00106526,-0.00106526,0
1774096374800,0.117188,-0.187012,0.991699,0,0,-0.000532632
1774096374881,0.116699,-0.188965,0.992188,0,0.000532632,-0.000532632
1774096374962,0.119629,-0.185547,0.992676,0.000532632,-0.00106526,0
1774096375032,0.119629,-0.186035,0.990234,0.000532632,-0.000532632,0.00106526
1774096375113,0.117676,-0.186035,0.992676,0,0,0
1774096375193,0.117188,-0.1875,0.992188,0.000532632,-0.00106526,0.000532632
1774096375264,0.118164,-0.188965,0.991211,-0.000532632,-0.00106526,0.000532632
1774096375345,0.118652,-0.1875,0.993164,-0.000532632,-0.0015979,0
1774096375415,0.119629,-0.186523,0.993164,-0.000532632,-0.000532632,0
1774096375496,0.119141,-0.188965,0.991211,0,-0.000532632,0.000532632
1774096375577,0.119629,-0.188477,0.995117,0.000532632,-0.00106526,0.000532632
1774096375648,0.118164,-0.187012,0.992188,0,-0.0015979,-0.000532632
1774096375728,0.116211,-0.187988,0.993164,0.000532632,-0.00106526,-0.000532632
1774096375809,0.117188,-0.187012,0.993652,-0.000532632,-0.0015979,0
1774096375880,0.121094,-0.186523,0.992676,0.000532632,-0.0015979,0
1774096375960,0.121094,-0.187012,0.993164,0,-0.000532632,0
1774096376041,0.119141,-0.186523,0.992188,0.000532632,-0.00106526,0
1774096376111,0.117676,-0.188477,0.991211,0,-0.00106526,0.000532632
1774096376192,0.118652,-0.1875,0.992188,0.000532632,-0.0015979,-0.00106526
1774096376263,0.115234,-0.190918,0.991699,0,-0.000532632,0
1774096376343,0.115723,-0.187988,0.992676,-0.000532632,-0.00106526,0
1774096376423,0.119141,-0.186523,0.992676,-0.000532632,0,0.000532632
1774096376494,0.118652,-0.187988,0.992676,0.000532632,0,-0.00106526
1774096376575,0.116699,-0.188965,0.992188,0.0015979,-0.000532632,0.000532632
1774096376655,0.117188,-0.187988,0.993652,0.00106526,-0.000532632,0
1774096376726,0.117676,-0.187988,0.992188,-0.000532632,0,-0.000532632
1774096376806,0.118164,-0.188477,0.992676,-0.000532632,-0.00106526,-0.000532632
1774096376887,0.117676,-0.1875,0.992676,0.00106526,-0.000532632,0.000532632
1774096376957,0.119141,-0.19043,0.992676,0,-0.00106526,0.000532632
1774096377038,0.118164,-0.187012,0.989746,0,-0.00106526,-0.000532632
1774096377118,0.119141,-0.187988,0.993164,0.0015979,-0.00106526,0.000532632
1774096377189,0.117188,-0.187012,0.994141,0.000532632,-0.000532632,0
1774096377269,0.119629,-0.187012,0.992188,0,-0.00106526,0
1774096377350,0.118164,-0.1875,0.994141,0,-0.000532632,-0.000532632
1774096377421,0.116699,-0.187012,0.994629,0,-0.000532632,0.00106526
1774096377501,0.117676,-0.187988,0.994141,-0.000532632,-0.0015979,0
1774096377571,0.118164,-0.1875,0.991699,0,-0.000532632,0.000532632
1774096377652,0.118164,-0.186523,0.993652,0.00106526,-0.00106526,0.000532632
1774096377733,0.117676,-0.185547,0.991211,0,-0.000532632,-0.00106526
1774096377803,0.117188,-0.187988,0.993164,0.000532632,-0.000532632,-0.000532632
1774096377884,0.118652,-0.187988,0.994141,-0.00106526,0,-0.00106526
1774096377964,0.114746,-0.1875,0.992188,0.000532632,0,0
1774096378035,0.118652,-0.189453,0.991699,0.0015979,-0.000532632,0
1774096378115,0.119629,-0.186035,0.990723,0.000532632,-0.000532632,-0.000532632
1774096378196,0.117188,-0.187988,0.991699,0.0015979,0,0.000532632
1774096378266,0.116211,-0.1875,0.991699,0,-0.0015979,-0.000532632
1774096378347,0.118164,-0.1875,0.991211,-0.000532632,-0.00106526,0.00106526
1774096378427,0.118652,-0.1875,0.992188,0,-0.00106526,-0.000532632
1774096378498,0.117188,-0.188477,0.992676,0,-0.0015979,-0.000532632
1774096378578,0.116211,-0.188477,0.992188,0,-0.00106526,0.000532632
1774096378649,0.117188,-0.186523,0.993164,-0.000532632,-0.00106526,0
1774096378730,0.118164,-0.1875,0.993164,0.000532632,0.000532632,0
1774096378810,0.119141,-0.188965,0.992188,0,-0.00106526,0.00106526
1774096378881,0.117676,-0.1875,0.993652,0.000532632,-0.00106526,0.000532632
1774096378961,0.116699,-0.187988,0.990234,0,-0.000532632,-0.00106526
1774096379042,0.117676,-0.186523,0.992676,0.000532632,-0.000532632,-0.000532632
1774096379112,0.119629,-0.186035,0.993164,-0.000532632,-0.000532632,-0.000532632
1774096379193,0.115723,-0.185547,0.992188,0.000532632,-0.00106526,0
1774096379273,0.118164,-0.188965,0.991211,-0.00106526,-0.00213053,0.000532632
1774096379344,0.117676,-0.187988,0.993164,0.00106526,-0.00106526,0
1774096379424,0.118164,-0.186523,0.993652,0,-0.0015979,-0.000532632
1774096379505,0.117676,-0.188477,0.990723,-0.000532632,-0.000532632,0
1774096379575,0.116699,-0.1875,0.993652,0,-0.000532632,0
1774096379656,0.118164,-0.188477,0.992676,0,-0.000532632,0.000532632
1774096379736,0.117188,-0.1875,0.991699,-0.000532632,-0.000532632,-0.00106526
1774096379807,0.118652,-0.189941,0.992188,0,-0.00106526,-0.000532632
1774096379888,0.115723,-0.1875,0.994141,0,-0.000532632,0
1774096379958,0.117676,-0.187988,0.991211,0.00106526,-0.00106526,0
1774096380038,0.118164,-0.188477,0.991699,0,-0.0015979,-0.000532632
1774096380119,0.118164,-0.1875,0.992676,0,-0.0015979,0.000532632
1774096380189,0.118652,-0.187012,0.993164,0,0,0
1774096380270,0.116211,-0.187988,0.991211,0,-0.00106526,-0.0015979
1774096380351,0.117676,-0.186523,0.990234,-0.00106526,-0.0015979,0
1774096380421,0.121094,-0.187988,0.991699,0.000532632,-0.000532632,-0.00106526
1774096380502,0.114746,-0.185547,0.992676,0,-0.000532632,-0.00106526
1774096380582,0.117676,-0.187988,0.992676,0,-0.00106526,0.0015979
1774096380653,0.117188,-0.1875,0.990723,0.000532632,-0.000532632,-0.000532632
1774096380733,0.118652,-0.1875,0.992188,0,0.000532632,0.000532632
1774096380814,0.121582,-0.188965,0.993164,0.000532632,-0.0015979,0
1774096380885,0.116211,-0.1875,0.990723,0.00106526,0,-0.000532632
1774096380965,0.118164,-0.188477,0.992676,-0.000532632,-0.000532632,0.00106526
1774096381046,0.116699,-0.187988,0.992676,0.000532632,-0.000532632,0.000532632
1774096381116,0.117676,-0.187988,0.990723,0.000532632,-0.00106526,-0.000532632
1774096381197,0.117676,-0.188965,0.992676,-0.000532632,-0.0015979,0.000532632
1774096381277,0.116211,-0.187012,0.993652,0.000532632,-0.00106526,0
1774096381348,0.119629,-0.188477,0.992188,0.00106526,-0.00106526,0.000532632
1774096381428,0.118652,-0.186523,0.993164,0.000532632,-0.00106526,-0.00106526
1774096381499,0.119141,-0.186035,0.991211,-0.000532632,0,0.000532632
1774096381579,0.119629,-0.187012,0.992188,0,-0.000532632,-0.000532632
1774096381660,0.116699,-0.187988,0.990723,0.000532632,-0.000532632,-0.000532632
1774096381730,0.118164,-0.189453,0.992188,-0.000532632,-0.000532632,-0.000532632
1774096381811,0.118652,-0.189453,0.991211,-0.000532632,-0.00106526,-0.000532632
1774096381891,0.118164,-0.189453,0.991211,0.00106526,-0.0015979,0.000532632
1774096381962,0.120605,-0.186523,0.991211,-0.000532632,-0.000532632,-0.000532632
1774096382042,0.117676,-0.189453,0.995117,0.000532632,-0.000532632,0
1774096382123,0.116211,-0.1875,0.991699,-0.000532632,-0.000532632,-0.000532632
1774096382193,0.119629,-0.1875,0.993164,-0.000532632,-0.000532632,-0.000532632
1774096382274,0.116699,-0.186523,0.991211,0,-0.00106526,0
1774096382355,0.116699,-0.187988,0.991211,0.000532632,-0.00106526,0.000532632
1774096382425,0.119141,-0.187988,0.991699,-0.00106526,-0.00213053,0.000532632
1774096382506,0.119141,-0.1875,0.993164,-0.00106526,-0.0015979,0
1774096382577,0.118164,-0.186523,0.992188,0.000532632,-0.00106526,0
1774096382657,0.116699,-0.186035,0.993652,-0.000532632,-0.000532632,-0.000532632
1774096382738,0.117188,-0.187988,0.993164,0.000532632,-0.00106526,-0.00106526
1774096382808,0.116699,-0.188477,0.990723,0.000532632,-0.00106526,0.000532632
1774096382889,0.118652,-0.188477,0.991699,-0.000532632,-0.000532632,-0.000532632
1774096382969,0.116699,-0.187988,0.992676,-0.00106526,-0.00106526,-0.0015979
1774096383040,0.117188,-0.189453,0.990723,0.000532632,-0.00106526,0.000532632
1774096383120,0.118164,-0.187988,0.993652,-0.00106526,-0.00106526,0.000532632
1774096383201,0.118164,-0.187012,0.991699,0.000532632,-0.00106526,0
1774096383271,0.117676,-0.1875,0.993164,-0.000532632,-0.00213053,-0.00106526
1774096383352,0.118652,-0.187012,0.992188,0,0,-0.00106526
1774096383432,0.118652,-0.187012,0.994141,0,-0.0015979,0
1774096383503,0.119629,-0.187988,0.993652,0.000532632,-0.000532632,0.000532632
1774096383583,0.116211,-0.1875,0.993164,-0.000532632,-0.00106526,-0.00106526
1774096383664,0.117188,-0.187988,0.991211,0.000532632,-0.0015979,-0.00106526
1774096383734,0.120605,-0.1875,0.992188,-0.000532632,-0.0015979,0.000532632
1774096383815,0.116699,-0.187988,0.991699,-0.000532632,-0.000532632,-0.000532632
1774096383895,0.117676,-0.187012,0.989746,-0.000532632,-0.00106526,0
1774096383966,0.118164,-0.188477,0.992188,0.000532632,-0.00106526,0.000532632
1774096384047,0.115723,-0.187012,0.991211,0,-0.0015979,0
1774096384117,0.117676,-0.187988,0.991699,0,-0.000532632,0
1774096384198,0.118652,-0.1875,0.991211,0.000532632,0,-0.0015979
1774096384278,0.116211,-0.187012,0.992676,-0.000532632,-0.000532632,0.000532632
1774096384349,0.116699,-0.188477,0.991699,0,0,0
1774096384429,0.117188,-0.187988,0.991699,0,-0.00106526,0.000532632
1774096384510,0.118164,-0.188477,0.993164,0.000532632,-0.000532632,0
1774096384580,0.118652,-0.1875,0.995117,0,-0.0015979,0
1774096384661,0.116211,-0.187012,0.991211,-0.000532632,-0.000532632,0
1774096384741,0.118652,-0.187988,0.994141,0,-0.000532632,0
1774096384812,0.119629,-0.186523,0.990723,0,-0.00106526,0.000532632
1774096384892,0.118164,-0.188477,0.994141,0.00106526,-0.000532632,0.000532632
1774096384973,0.118652,-0.188965,0.993164,0,-0.00106526,0
1774096385044,0.120117,-0.187988,0.991699,-0.000532632,-0.00106526,0.000532632
1774096385124,0.117188,-0.187012,0.992676,0.000532632,-0.000532632,0.00106526
1774096385195,0.115723,-0.186523,0.991211,0,-0.00213053,-0.0015979
1774096385275,0.115723,-0.188477,0.994141,-0.000532632,-0.00106526,0.000532632
1774096385356,0.119629,-0.187012,0.991699,0,-0.000532632,0.00106526
1774096385427,0.118652,-0.187012,0.995117,0,-0.00106526,0
1774096385507,0.118164,-0.1875,0.993652,0.000532632,-0.000532632,-0.000532632
1774096385588,0.118652,-0.187012,0.992676,0,-0.00106526,-0.000532632
1774096385658,0.116699,-0.188477,0.992676,-0.000532632,-0.0015979,0
1774096385739,0.116699,-0.187988,0.992188,-0.0015979,0,0.000532632
1774096385819,0.117676,-0.189453,0.991699,-0.00106526,-0.000532632,0
1774096385890,0.117188,-0.1875,0.990723,0.000532632,-0.0015979,0.000532632
1774096385971,0.117188,-0.185059,0.992188,-0.000532632,-0.00106526,-0.00106526
1774096386051,0.117676,-0.188965,0.992676,0.000532632,0,-0.000532632
1774096386122,0.116699,-0.186523,0.989746,-0.000532632,-0.000532632,-0.000532632
1774096386202,0.118164,-0.186523,0.991699,0,-0.00106526,0
1774096386273,0.119629,-0.185547,0.993164,0.000532632,-0.000532632,0.000532632
1774096386353,0.119629,-0.188477,0.991699,0,-0.000532632,0
1774096386434,0.117188,-0.189941,0.991699,-0.000532632,-0.00106526,0
1774096386504,0.118164,-0.188477,0.991211,-0.00106526,-0.0015979,0
1774096386585,0.117676,-0.1875,0.994141,0.000532632,-0.000532632,0
1774096386665,0.117676,-0.187988,0.991699,0.000532632,-0.000532632,0
1774096386736,0.117188,-0.1875,0.990723,0,-0.0015979,0
1774096386816,0.119629,-0.187012,0.992188,0.00106526,-0.00106526,0
1774096386897,0.116699,-0.188477,0.991211,0.00106526,-0.0015979,-0.000532632
1774096386967,0.116699,-0.187988,0.989746,0,-0.000532632,-0.000532632
1774096387048,0.118164,-0.187988,0.992676,0,-0.0015979,-0.000532632
1774096387129,0.117676,-0.186035,0.992188,0,-0.000532632,0
1774096387199,0.116699,-0.188477,0.990723,0.000532632,-0.00106526,0.000532632
1774096387280,0.119141,-0.187012,0.991211,0.000532632,-0.00106526,-0.000532632
1774096387360,0.115723,-0.186035,0.991211,0.000532632,-0.00106526,-0.000532632
1774096387431,0.117188,-0.188965,0.993164,0.00106526,-0.00106526,0.000532632
1774096387511,0.118164,-0.188477,0.992188,-0.00106526,-0.0015979,0
1774096387582,0.119629,-0.187988,0.992188,0.000532632,-0.000532632,0
1774096387662,0.116211,-0.187988,0.992676,0,0.000532632,0.00106526
1774096387743,0.115723,-0.188965,0.993652,0.000532632,-0.0015979,0.000532632
1774096387813,0.118652,-0.1875,0.992676,0.000532632,-0.00213053,-0.000532632
1774096387894,0.117676,-0.185059,0.992676,-0.000532632,-0.000532632,-0.000532632
1774096387974,0.117188,-0.187988,0.991699,0,0,0.000532632
1774096388045,0.115234,-0.187012,0.993164,0,-0.000532632,-0.000532632
1774096388125,0.119141,-0.189453,0.990723,-0.000532632,-0.000532632,0.000532632
1774096388206,0.119141,-0.187988,0.993652,0,-0.000532632,-0.000532632
1774096388277,0.117676,-0.187988,0.992188,0,0,0
1774096388357,0.117676,-0.188477,0.993652,0,-0.000532632,0.000532632
1774096388428,0.118164,-0.1875,0.992676,-0.000532632,-0.00106526,-0.000532632
1774096388509,0.118164,-0.1875,0.992676,-0.000532632,-0.00106526,-0.000532632
1774096388589,0.118652,-0.1875,0.992676,-0.000532632,-0.00106526,-0.000532632
1774096388660,0.116699,-0.186523,0.993652,0,-0.00106526,-0.000532632
1774096388740,0.118652,-0.187988,0.992676,0,-0.0015979,0
1774096388821,0.116211,-0.187988,0.992188,0,-0.000532632,0
1774096388891,0.118164,-0.186523,0.991211,0,-0.000532632,0.000532632
1774096388972,0.120117,-0.187988,0.992676,0,-0.00106526,0
1774096389052,0.117188,-0.187012,0.993164,-0.000532632,0,0.00106526
1774096389123,0.118652,-0.188965,0.994141,0,-0.00106526,0.000532632
1774096389203,0.116211,-0.188965,0.992188,0.000532632,-0.00106526,0
1774096389284,0.118164,-0.187988,0.993652,0.000532632,-0.00213053,0.000532632
1774096389355,0.117676,-0.188477,0.991699,-0.000532632,-0.00106526,0.000532632
1774096389435,0.115723,-0.187988,0.991211,0.000532632,-0.00106526,-0.000532632
1774096389516,0.117188,-0.188477,0.994141,0.000532632,-0.0015979,-0.00106526
1774096389586,0.119141,-0.187988,0.991211,0.000532632,-0.000532632,-0.000532632
1774096389667,0.118652,-0.186523,0.992188,0,-0.00106526,0
1774096389737,0.116699,-0.188965,0.992188,-0.000532632,-0.0015979,0.000532632
1774096389818,0.116211,-0.1875,0.993164,0,-0.000532632,-0.000532632
1774096389898,0.117188,-0.187988,0.990723,0.00106526,-0.0015979,-0.000532632
1774096389969,0.117676,-0.187988,0.991699,-0.000532632,0,0.000532632
1774096390049,0.118164,-0.187988,0.992188,0.000532632,0,-0.000532632
1774096390130,0.119141,-0.186035,0.992676,0,-0.00106526,-0.0015979
1774096390200,0.118164,-0.187988,0.992188,0,-0.000532632,0
1774096390281,0.117676,-0.188477,0.992188,0.000532632,-0.000532632,0.000532632
1774096390361,0.117188,-0.187012,0.992188,-0.000532632,-0.000532632,0
1774096390432,0.116699,-0.188965,0.993652,0.000532632,-0.000532632,0
1774096390512,0.119141,-0.187988,0.991211,0,-0.000532632,0
1774096390593,0.120605,-0.187988,0.990723,0.000532632,-0.00106526,-0.000532632
1774096390663,0.118164,-0.1875,0.992188,0,-0.000532632,0
1774096390744,0.118164,-0.186523,0.990723,0.000532632,0,0
1774096390824,0.117188,-0.187988,0.992188,0.00106526,0,-0.000532632
1774096390895,0.117188,-0.1875,0.992188,0,-0.000532632,0.000532632
1774096390975,0.117676,-0.187012,0.993164,0.00106526,-0.0015979,0
1774096391046,0.117188,-0.188965,0.993652,0.000532632,0,0
1774096391126,0.117676,-0.188477,0.992676,0,-0.000532632,0.000532632
1774096391207,0.117676,-0.1875,0.992676,0,-0.000532632,-0.000532632
1774096391278,0.117676,-0.189941,0.990723,-0.000532632,0,-0.000532632
1774096391358,0.117676,-0.189453,0.991699,0.00106526,0,0.000532632
1774096391439,0.116699,-0.189941,0.993164,0,-0.00106526,0
1774096391509,0.118164,-0.188477,0.992676,0,-0.000532632,0.0015979
1774096391590,0.117188,-0.186035,0.992188,-0.000532632,0,0
1774096391670,0.117188,-0.1875,0.991699,0.000532632,-0.000532632,0
1774096391741,0.117188,-0.187988,0.992676,-0.000532632,-0.000532632,-0.000532632
1774096391821,0.117676,-0.187988,0.991211,0,-0.000532632,0.000532632
1774096391902,0.118164,-0.188477,0.991699,-0.000532632,-0.00106526,0.000532632
1774096391972,0.116211,-0.188965,0.994141,-0.000532632,-0.000532632,0
1774096392053,0.117188,-0.188477,0.991699,0,-0.000532632,0.00106526
1774096392134,0.118164,-0.186523,0.991699,0.000532632,0,0
1774096392205,0.117676,-0.186523,0.993652,0.000532632,-0.0015979,0
1774096392285,0.117676,-0.188965,0.993652,0,0,0
1774096392356,0.118164,-0.187012,0.992676,-0.000532632,-0.0015979,0
1774096392436,0.116211,-0.187012,0.991699,-0.000532632,-0.00106526,0.000532632
1774096392517,0.116699,-0.188477,0.992676,0,-0.00106526,0.00106526
1774096392587,0.116699,-0.186523,0.992188,-0.000532632,-0.00106526,0
1774096392669,0.117676,-0.1875,0.993652,0.000532632,-0.00213053,-0.000532632
1774096392749,0.116211,-0.187988,0.992676,0.000532632,-0.00106526,0
1774096392819,0.119141,-0.187012,0.991699,0.000532632,-0.0015979,-0.000532632
1774096392900,0.116211,-0.187988,0.992676,0,0,-0.00106526
1774096392970,0.118652,-0.186523,0.992188,0.000532632,-0.00106526,0
1774096393051,0.116699,-0.187012,0.991211,0.000532632,0,0.000532632
1774096393131,0.117188,-0.187012,0.992676,0,-0.00106526,-0.000532632
1774096393202,0.119629,-0.185059,0.992188,0,-0.000532632,0.00106526
1774096393282,0.116699,-0.188477,0.992676,0,-0.00106526,0
1774096393363,0.118164,-0.188477,0.993164,0,-0.00106526,0.000532632
1774096393434,0.118652,-0.1875,0.991211,0,0,-0.000532632
1774096393514,0.119141,-0.186523,0.991211,0,-0.000532632,-0.000532632
1774096393595,0.118652,-0.187988,0.993164,0.000532632,-0.00213053,-0.0015979
1774096393665,0.119141,-0.187012,0.994629,0.00106526,-0.000532632,0.00106526
1774096393746,0.118652,-0.1875,0.992188,0.000532632,-0.00106526,0.000532632
1774096393826,0.119141,-0.187988,0.991699,-0.000532632,-0.000532632,0.000532632
1774096393897,0.119629,-0.187988,0.993652,0,-0.000532632,0
1774096393977,0.118652,-0.187012,0.992188,0.000532632,-0.00106526,-0.000532632
1774096394058,0.118164,-0.186523,0.991699,-0.000532632,-0.000532632,-0.000532632
1774096394128,0.118164,-0.188477,0.992676,0.0015979,-0.000532632,-0.00106526
1774096394209,0.120605,-0.187012,0.992188,0.000532632,-0.000532632,-0.000532632
1774096394289,0.118164,-0.19043,0.992188,0.00106526,-0.00106526,0
1774096394360,0.117188,-0.185059,0.992676,0.000532632,-0.000532632,0.000532632
1774096394440,0.117188,-0.187988,0.993164,0.000532632,-0.000532632,0.000532632
1774096394511,0.116699,-0.189941,0.992676,0,-0.00106526,0.000532632
1774096394592,0.117188,-0.188965,0.993652,0,-0.000532632,0.00106526
1774096394672,0.117676,-0.1875,0.990723,0,-0.000532632,0.000532632
1774096394743,0.118652,-0.186523,0.994141,0.000532632,-0.00106526,-0.000532632
1774096394823,0.116699,-0.1875,0.990234,0,-0.000532632,0
1774096394904,0.119141,-0.188965,0.992188,-0.000532632,-0.000532632,-0.00106526
1774096394974,0.118164,-0.186523,0.992676,0,-0.000532632,0.000532632
1774096395055,0.118652,-0.186523,0.992188,0.00106526,-0.000532632,-0.00106526
1774096395135,0.116211,-0.188477,0.994141,0.000532632,-0.000532632,-0.000532632
1774096395206,0.118164,-0.187988,0.992188,0.000532632,-0.00106526,0
1774096395286,0.117188,-0.1875,0.992676,0.000532632,0,-0.000532632
1774096395367,0.118164,-0.187988,0.993652,0,-0.000532632,0.00106526
1774096395437,0.118164,-0.188477,0.993164,0.000532632,0,0.000532632
1774096395518,0.116211,-0.189453,0.992676,0,-0.000532632,0
1774096395599,0.116211,-0.185547,0.992188,0.000532632,-0.000532632,0.00106526
1774096395669,0.115234,-0.188477,0.990723,-0.000532632,-0.0015979,0
1774096395750,0.116699,-0.187988,0.990723,0,0,-0.000532632
1774096395820,0.118652,-0.186523,0.993164,0,-0.00213053,0
1774096395901,0.116699,-0.189453,0.991211,0.000532632,0,0
1774096395981,0.119141,-0.189453,0.990723,-0.000532632,-0.00106526,0.00106526
1774096396052,0.118164,-0.189453,0.991211,-0.000532632,-0.00106526,0.00106526
1774096396132,0.117188,-0.189941,0.990723,0,0,-0.000532632
1774096396213,0.116699,-0.187012,0.990723,0,-0.000532632,-0.000532632
1774096396283,0.116699,-0.187012,0.991211,0.000532632,0,-0.00106526
1774096396364,0.118164,-0.187012,0.991699,0.000532632,-0.00106526,0.000532632
1774096396444,0.119629,-0.189941,0.992188,0,-0.000532632,0
1774096396515,0.117188,-0.187012,0.991211,0.00106526,-0.00106526,-0.000532632
1774096396595,0.117676,-0.187012,0.991699,0.000532632,-0.00106526,0
1774096396676,0.118652,-0.187012,0.991699,-0.00106526,-0.0015979,0
1774096396746,0.119629,-0.1875,0.991699,-0.00106526,-0.00106526,0
1774096396827,0.116211,-0.187988,0.991699,-0.000532632,-0.000532632,0
1774096396907,0.118164,-0.187012,0.991699,-0.000532632,-0.000532632,0
1774096396978,0.117676,-0.187988,0.990723,0,-0.000532632,0
1774096397059,0.117188,-0.188477,0.990723,-0.000532632,-0.000532632,-0.000532632
1774096397139,0.118652,-0.188965,0.992188,-0.00106526,-0.00106526,-0.00106526
1774096397210,0.116211,-0.188965,0.992188,0,-0.0015979,0
1774096397290,0.119141,-0.187988,0.991211,0,-0.00106526,-0.000532632
1774096397361,0.117188,-0.187988,0.992676,0.000532632,-0.00106526,0.000532632
1774096397441,0.117188,-0.186523,0.992188,-0.000532632,0,0
1774096397522,0.118652,-0.1875,0.991211,0.000532632,-0.000532632,0
1774096397592,0.117188,-0.186523,0.990723,-0.000532632,-0.000532632,0.000532632
1774096397673,0.118164,-0.187012,0.993652,0,-0.00106526,-0.000532632
1774096397753,0.119629,-0.187988,0.992676,-0.000532632,0,-0.000532632
1774096397824,0.119629,-0.1875,0.992676,0.00106526,-0.000532632,0
1774096397904,0.117188,-0.188965,0.992676,0,-0.000532632,-0.000532632
1774096397985,0.116699,-0.187988,0.991211,0.000532632,-0.00106526,0
1774096398055,0.118164,-0.1875,0.991699,-0.000532632,0,0.00106526
1774096398136,0.119629,-0.187988,0.991699,0,-0.00106526,0.000532632
1774096398216,0.118164,-0.187012,0.992188,0,0,0
1774096398287,0.116699,-0.188477,0.992188,0.00106526,-0.00106526,0.000532632
